  0
SECTION
  2
HEADER
  9
$ACADVER
  1
AC1032
  9
$ACADMAINTVER
 90
      174
  9
$DWGCODEPAGE
  3
ANSI_1252
  9
$LASTSAVEDBY
  1
abdot
  9
$REQUIREDVERSIONS
160
                 0
  9
$INSBASE
 10
0.0
 20
0.0
 30
0.0
  9
$EXTMIN
 10
31421.93569942936
 20
4908.884400456528
 30
-0.0015258207003583
  9
$EXTMAX
 10
31955.86202638513
 20
5286.535092175576
 30
0.0000000349246037
  9
$LIMMIN
 10
0.0
 20
0.0
  9
$LIMMAX
 10
12.0
 20
9.0
  9
$ORTHOMODE
 70
     0
  9
$REGENMODE
 70
     1
  9
$FILLMODE
 70
     1
  9
$QTEXTMODE
 70
     0
  9
$MIRRTEXT
 70
     0
  9
$LTSCALE
 40
40.0
  9
$ATTMODE
 70
     1
  9
$TEXTSIZE
 40
20.0
  9
$TRACEWID
 40
0.05
  9
$TEXTSTYLE
  7
Standard
  9
$CLAYER
  8
0
  9
$CELTYPE
  6
ByLayer
  9
$CECOLOR
 62
   256
  9
$CELTSCALE
 40
1.0
  9
$DISPSILH
 70
     0
  9
$DIMSCALE
 40
0.0
  9
$DIMASZ
 40
10.0
  9
$DIMEXO
 40
10.0
  9
$DIMDLI
 40
10.0
  9
$DIMRND
 40
0.0
  9
$DIMDLE
 40
0.0
  9
$DIMEXE
 40
10.0
  9
$DIMTP
 40
0.0
  9
$DIMTM
 40
0.0
  9
$DIMTXT
 40
20.0
  9
$DIMCEN
 40
0.0
  9
$DIMTSZ
 40
0.0
  9
$DIMTOL
 70
     0
  9
$DIMLIM
 70
     0
  9
$DIMTIH
 70
     1
  9
$DIMTOH
 70
     1
  9
$DIMSE1
 70
     0
  9
$DIMSE2
 70
     0
  9
$DIMTAD
 70
     0
  9
$DIMZIN
 70
     0
  9
$DIMBLK
  1

  9
$DIMASO
 70
     1
  9
$DIMSHO
 70
     1
  9
$DIMPOST
  1

  9
$DIMAPOST
  1

  9
$DIMALT
 70
     0
  9
$DIMALTD
 70
     2
  9
$DIMALTF
 40
25.4
  9
$DIMLFAC
 40
0.1
  9
$DIMTOFL
 70
     0
  9
$DIMTVP
 40
0.0
  9
$DIMTIX
 70
     0
  9
$DIMSOXD
 70
     0
  9
$DIMSAH
 70
     0
  9
$DIMBLK1
  1

  9
$DIMBLK2
  1

  9
$DIMSTYLE
  2
Dims
  9
$DIMCLRD
 70
   139
  9
$DIMCLRE
 70
   139
  9
$DIMCLRT
 70
   139
  9
$DIMTFAC
 40
1.0
  9
$DIMGAP
 40
5.0
  9
$DIMJUST
 70
     0
  9
$DIMSD1
 70
     0
  9
$DIMSD2
 70
     0
  9
$DIMTOLJ
 70
     1
  9
$DIMTZIN
 70
     0
  9
$DIMALTZ
 70
     0
  9
$DIMALTTZ
 70
     0
  9
$DIMUPT
 70
     0
  9
$DIMDEC
 70
     2
  9
$DIMTDEC
 70
     2
  9
$DIMALTU
 70
     2
  9
$DIMALTTD
 70
     2
  9
$DIMTXSTY
  7
Standard
  9
$DIMAUNIT
 70
     0
  9
$DIMADEC
 70
     1
  9
$DIMALTRND
 40
0.0
  9
$DIMAZIN
 70
     0
  9
$DIMDSEP
 70
    46
  9
$DIMATFIT
 70
     3
  9
$DIMFRAC
 70
     0
  9
$DIMLDRBLK
  1

  9
$DIMLUNIT
 70
     2
  9
$DIMLWD
 70
    18
  9
$DIMLWE
 70
    -2
  9
$DIMTMOVE
 70
     0
  9
$DIMFXL
 40
1.0
  9
$DIMFXLON
 70
     0
  9
$DIMJOGANG
 40
0.7853981633974483
  9
$DIMTFILL
 70
     0
  9
$DIMTFILLCLR
 70
     0
  9
$DIMARCSYM
 70
     0
  9
$DIMLTYPE
  6
Continuous
  9
$DIMLTEX1
  6

  9
$DIMLTEX2
  6

  9
$DIMTXTDIRECTION
 70
     0
  9
$LUNITS
 70
     2
  9
$LUPREC
 70
     2
  9
$SKETCHINC
 40
0.1
  9
$FILLETRAD
 40
0.0
  9
$AUNITS
 70
     0
  9
$AUPREC
 70
     1
  9
$MENU
  1
.
  9
$ELEVATION
 40
0.0
  9
$PELEVATION
 40
0.0
  9
$THICKNESS
 40
0.0
  9
$LIMCHECK
 70
     0
  9
$CHAMFERA
 40
0.0
  9
$CHAMFERB
 40
0.0
  9
$CHAMFERC
 40
0.0
  9
$CHAMFERD
 40
0.0
  9
$SKPOLY
 70
     0
  9
$TDCREATE
 40
2461254.629155092
  9
$TDUCREATE
 40
2461254.504155093
  9
$TDUPDATE
 40
2461254.642442129
  9
$TDUUPDATE
 40
2461254.517442130
  9
$TDINDWG
 40
0.0132870370
  9
$TDUSRTIMER
 40
0.0132870370
  9
$USRTIMER
 70
     1
  9
$ANGBASE
 50
0.0
  9
$ANGDIR
 70
     0
  9
$PDMODE
 70
     0
  9
$PDSIZE
 40
0.0
  9
$PLINEWID
 40
0.0
  9
$SPLFRAME
 70
     0
  9
$SPLINETYPE
 70
     6
  9
$SPLINESEGS
 70
     8
  9
$HANDSEED
  5
D992
  9
$SURFTAB1
 70
     6
  9
$SURFTAB2
 70
     6
  9
$SURFTYPE
 70
     6
  9
$SURFU
 70
     6
  9
$SURFV
 70
     6
  9
$UCSBASE
  2

  9
$UCSNAME
  2

  9
$UCSORG
 10
23243.89463871223
 20
-32.750740817517
 30
0.0
  9
$UCSXDIR
 10
1.0
 20
0.0
 30
0.0
  9
$UCSYDIR
 10
0.0
 20
1.0
 30
0.0
  9
$UCSORTHOREF
  2

  9
$UCSORTHOVIEW
 70
     0
  9
$UCSORGTOP
 10
0.0
 20
0.0
 30
0.0
  9
$UCSORGBOTTOM
 10
0.0
 20
0.0
 30
0.0
  9
$UCSORGLEFT
 10
0.0
 20
0.0
 30
0.0
  9
$UCSORGRIGHT
 10
0.0
 20
0.0
 30
0.0
  9
$UCSORGFRONT
 10
0.0
 20
0.0
 30
0.0
  9
$UCSORGBACK
 10
0.0
 20
0.0
 30
0.0
  9
$PUCSBASE
  2

  9
$PUCSNAME
  2

  9
$PUCSORG
 10
0.0
 20
0.0
 30
0.0
  9
$PUCSXDIR
 10
1.0
 20
0.0
 30
0.0
  9
$PUCSYDIR
 10
0.0
 20
1.0
 30
0.0
  9
$PUCSORTHOREF
  2

  9
$PUCSORTHOVIEW
 70
     0
  9
$PUCSORGTOP
 10
0.0
 20
0.0
 30
0.0
  9
$PUCSORGBOTTOM
 10
0.0
 20
0.0
 30
0.0
  9
$PUCSORGLEFT
 10
0.0
 20
0.0
 30
0.0
  9
$PUCSORGRIGHT
 10
0.0
 20
0.0
 30
0.0
  9
$PUCSORGFRONT
 10
0.0
 20
0.0
 30
0.0
  9
$PUCSORGBACK
 10
0.0
 20
0.0
 30
0.0
  9
$USERI1
 70
     0
  9
$USERI2
 70
     0
  9
$USERI3
 70
     0
  9
$USERI4
 70
     0
  9
$USERI5
 70
     0
  9
$USERR1
 40
0.0
  9
$USERR2
 40
0.0
  9
$USERR3
 40
0.0
  9
$USERR4
 40
0.0
  9
$USERR5
 40
0.0
  9
$WORLDVIEW
 70
     1
  9
$SHADEDGE
 70
     3
  9
$SHADEDIF
 70
    70
  9
$TILEMODE
 70
     1
  9
$MAXACTVP
 70
    64
  9
$PINSBASE
 10
0.0
 20
0.0
 30
0.0
  9
$PLIMCHECK
 70
     0
  9
$PEXTMIN
 10
0.0
 20
0.0
 30
0.0
  9
$PEXTMAX
 10
0.0
 20
0.0
 30
0.0
  9
$PLIMMIN
 10
0.0
 20
0.0
  9
$PLIMMAX
 10
12.0
 20
9.0
  9
$UNITMODE
 70
     0
  9
$VISRETAIN
 70
     1
  9
$PLINEGEN
 70
     0
  9
$PSLTSCALE
 70
     1
  9
$TREEDEPTH
 70
  3020
  9
$CMLSTYLE
  2
Standard
  9
$CMLJUST
 70
     0
  9
$CMLSCALE
 40
1.0
  9
$PROXYGRAPHICS
 70
     1
  9
$MEASUREMENT
 70
     0
  9
$CELWEIGHT
370
    -1
  9
$ENDCAPS
280
     0
  9
$JOINSTYLE
280
     0
  9
$LWDISPLAY
290
     1
  9
$INSUNITS
 70
     4
  9
$HYPERLINKBASE
  1

  9
$STYLESHEET
  1
acad.ctb
  9
$XEDIT
290
     1
  9
$CEPSNTYPE
380
     0
  9
$PSTYLEMODE
290
     1
  9
$FINGERPRINTGUID
  2
{F8BBE31B-78F5-2A4E-BFA6-A8FC8B7B33F7}
  9
$VERSIONGUID
  2
{1ED1BDD8-4790-2B4D-9557-9741F5D023FE}
  9
$EXTNAMES
290
     1
  9
$PSVPSCALE
 40
0.0
  9
$OLESTARTUP
290
     0
  9
$SORTENTS
280
   127
  9
$INDEXCTL
280
     0
  9
$HIDETEXT
280
     1
  9
$XCLIPFRAME
280
     2
  9
$HALOGAP
280
     0
  9
$OBSCOLOR
 70
   257
  9
$OBSLTYPE
280
     0
  9
$INTERSECTIONDISPLAY
280
     0
  9
$INTERSECTIONCOLOR
 70
   257
  9
$DIMASSOC
280
     2
  9
$PROJECTNAME
  1

  9
$CAMERADISPLAY
290
     0
  9
$LENSLENGTH
 40
50.0
  9
$CAMERAHEIGHT
 40
0.0
  9
$STEPSPERSEC
 40
2.0
  9
$STEPSIZE
 40
6.0
  9
$3DDWFPREC
 40
2.0
  9
$PSOLWIDTH
 40
0.25
  9
$PSOLHEIGHT
 40
4.0
  9
$LOFTANG1
 40
1.570796326794896
  9
$LOFTANG2
 40
1.570796326794896
  9
$LOFTMAG1
 40
0.0
  9
$LOFTMAG2
 40
0.0
  9
$LOFTPARAM
 70
     7
  9
$LOFTNORMALS
280
     1
  9
$LATITUDE
 40
37.795
  9
$LONGITUDE
 40
-122.394
  9
$NORTHDIRECTION
 40
0.0
  9
$TIMEZONE
 70
 -8000
  9
$LIGHTGLYPHDISPLAY
280
     1
  9
$TILEMODELIGHTSYNCH
280
     1
  9
$CMATERIAL
347
96
  9
$SOLIDHIST
280
     0
  9
$SHOWHIST
280
     1
  9
$DWFFRAME
280
     2
  9
$DGNFRAME
280
     0
  9
$REALWORLDSCALE
290
     1
  9
$INTERFERECOLOR
 62
     1
  9
$INTERFEREOBJVS
345
A3
  9
$INTERFEREVPVS
346
A0
  9
$CSHADOW
280
     0
  9
$SHADOWPLANELOCATION
 40
0.0
  0
ENDSEC
  0
SECTION
  2
CLASSES
  0
CLASS
  1
ACDBDICTIONARYWDFLT
  2
AcDbDictionaryWithDefault
  3
ObjectDBX Classes
 90
        0
 91
        1
280
     0
281
     0
  0
CLASS
  1
DICTIONARYVAR
  2
AcDbDictionaryVar
  3
ObjectDBX Classes
 90
        0
 91
       12
280
     0
281
     0
  0
CLASS
  1
TABLESTYLE
  2
AcDbTableStyle
  3
ObjectDBX Classes
 90
     4095
 91
        1
280
     0
281
     0
  0
CLASS
  1
MATERIAL
  2
AcDbMaterial
  3
ObjectDBX Classes
 90
     1153
 91
        3
280
     0
281
     0
  0
CLASS
  1
VISUALSTYLE
  2
AcDbVisualStyle
  3
ObjectDBX Classes
 90
     4095
 91
       26
280
     0
281
     0
  0
CLASS
  1
SCALE
  2
AcDbScale
  3
ObjectDBX Classes
 90
     1153
 91
       33
280
     0
281
     0
  0
CLASS
  1
MLEADERSTYLE
  2
AcDbMLeaderStyle
  3
ACDB_MLEADERSTYLE_CLASS
 90
     4095
 91
        2
280
     0
281
     0
  0
CLASS
  1
CELLSTYLEMAP
  2
AcDbCellStyleMap
  3
ObjectDBX Classes
 90
     1152
 91
        1
280
     0
281
     0
  0
CLASS
  1
EXACXREFPANELOBJECT
  2
ExAcXREFPanelObject
  3
EXAC_ESW
 90
     1025
 91
        0
280
     0
281
     0
  0
CLASS
  1
NPOCOLLECTION
  2
AcDbImpNonPersistentObjectsCollection
  3
ObjectDBX Classes
 90
     1153
 91
        0
280
     0
281
     0
  0
CLASS
  1
LAYER_INDEX
  2
AcDbLayerIndex
  3
ObjectDBX Classes
 90
        0
 91
        0
280
     0
281
     0
  0
CLASS
  1
SPATIAL_INDEX
  2
AcDbSpatialIndex
  3
ObjectDBX Classes
 90
        0
 91
        0
280
     0
281
     0
  0
CLASS
  1
IDBUFFER
  2
AcDbIdBuffer
  3
ObjectDBX Classes
 90
        0
 91
        0
280
     0
281
     0
  0
CLASS
  1
ACDBSECTIONVIEWSTYLE
  2
AcDbSectionViewStyle
  3
ObjectDBX Classes
 90
     1025
 91
        2
280
     0
281
     0
  0
CLASS
  1
ACDBDETAILVIEWSTYLE
  2
AcDbDetailViewStyle
  3
ObjectDBX Classes
 90
     1025
 91
        2
280
     0
281
     0
  0
CLASS
  1
DIMASSOC
  2
AcDbDimAssoc
  3
"AcDbDimAssoc|Product Desc:     AcDim ARX App For Dimension|Company:          Autodesk, Inc.|WEB Address:      www.autodesk.com"
 90
        0
 91
       19
280
     0
281
     0
  0
CLASS
  1
ARC_DIMENSION
  2
AcDbArcDimension
  3
ObjectDBX Classes
 90
     1025
 91
        0
280
     0
281
     1
  0
CLASS
  1
SORTENTSTABLE
  2
AcDbSortentsTable
  3
ObjectDBX Classes
 90
        0
 91
       10
280
     0
281
     0
  0
CLASS
  1
MULTILEADER
  2
AcDbMLeader
  3
ACDB_MLEADER_CLASS
 90
     1025
 91
        0
280
     0
281
     1
  0
CLASS
  1
ACDBASSOCACTION
  2
AcDbAssocAction
  3
ObjectDBX Classes
 90
     1025
 91
        0
280
     0
281
     0
  0
CLASS
  1
ACDBASSOCARRAYACTIONBODY
  2
AcDbAssocArrayActionBody
  3
ObjectDBX Classes
 90
     1025
 91
        0
280
     0
281
     0
  0
CLASS
  1
ACDBASSOCDEPENDENCY
  2
AcDbAssocDependency
  3
ObjectDBX Classes
 90
     1025
 91
        0
280
     0
281
     0
  0
CLASS
  1
ACDBASSOCVERTEXACTIONPARAM
  2
AcDbAssocVertexActionParam
  3
ObjectDBX Classes
 90
     1025
 91
        0
280
     0
281
     0
  0
CLASS
  1
ACDBASSOCARRAYPOLARPARAMETERS
  2
AcDbAssocArrayPolarParameters
  3
ObjectDBX Classes
 90
     1025
 91
        0
280
     0
281
     0
  0
CLASS
  1
ACDBASSOCNETWORK
  2
AcDbAssocNetwork
  3
ObjectDBX Classes
 90
     1025
 91
        0
280
     0
281
     0
  0
CLASS
  1
ACDBASSOCEDGEACTIONPARAM
  2
AcDbAssocEdgeActionParam
  3
ObjectDBX Classes
 90
     1025
 91
        0
280
     0
281
     0
  0
CLASS
  1
ACDBASSOCARRAYPATHPARAMETERS
  2
AcDbAssocArrayPathParameters
  3
ObjectDBX Classes
 90
     1025
 91
        0
280
     0
281
     0
  0
CLASS
  1
ACAD_TABLE
  2
AcDbTable
  3
ObjectDBX Classes
 90
     1025
 91
        1
280
     0
281
     1
  0
CLASS
  1
TABLECONTENT
  2
AcDbTableContent
  3
ObjectDBX Classes
 90
     1152
 91
        1
280
     0
281
     0
  0
CLASS
  1
TABLEGEOMETRY
  2
AcDbTableGeometry
  3
ObjectDBX Classes
 90
     1152
 91
        1
280
     0
281
     0
  0
CLASS
  1
ACDBASSOCPERSSUBENTMANAGER
  2
AcDbAssocPersSubentManager
  3
ObjectDBX Classes
 90
     1024
 91
        1
280
     0
281
     0
  0
CLASS
  1
ACDBPERSSUBENTMANAGER
  2
AcDbPersSubentManager
  3
AcDbPersSubentManager
 90
     1024
 91
        1
280
     0
281
     0
  0
CLASS
  1
ACARRAYJIGENTITY
  2
AcArrayJigEntity
  3
ACAD_ARRAY
 90
      129
 91
        0
280
     0
281
     1
  0
CLASS
  1
SOLID_BACKGROUND
  2
AcDbSolidBackground
  3
SCENEOE
 90
     4095
 91
        0
280
     0
281
     0
  0
CLASS
  1
AcDbCenterMarkActionBody
  2
AcDbCenterMarkActionBody
  3
AcDbSmartCenter
 90
     1153
 91
        0
280
     0
281
     0
  0
CLASS
  1
ACDBASSOCGEOMDEPENDENCY
  2
AcDbAssocGeomDependency
  3
ObjectDBX Classes
 90
     1025
 91
        0
280
     0
281
     0
  0
CLASS
  1
RAPIDRTRENDERSETTINGS
  2
AcDbRapidRTRenderSettings
  3
ObjectDBX Classes
 90
     1024
 91
        6
280
     0
281
     0
  0
CLASS
  1
ACDB_MLEADEROBJECTCONTEXTDATA_CLASS
  2
AcDbMLeaderObjectContextData
  3
ObjectDBX Classes
 90
     1153
 91
        0
280
     0
281
     0
  0
CLASS
  1
ACDB_ALDIMOBJECTCONTEXTDATA_CLASS
  2
AcDbAlignedDimensionObjectContextData
  3
ObjectDBX Classes
 90
     1153
 91
        0
280
     0
281
     0
  0
CLASS
  1
ACDB_MTEXTOBJECTCONTEXTDATA_CLASS
  2
AcDbMTextObjectContextData
  3
ObjectDBX Classes
 90
     1153
 91
        0
280
     0
281
     0
  0
ENDSEC
  0
SECTION
  2
TABLES
  0
TABLE
  2
VPORT
  5
8
330
0
100
AcDbSymbolTable
 70
     1
  0
VPORT
  5
94
330
8
100
AcDbSymbolTableRecord
100
AcDbViewportTableRecord
  2
*Active
 70
     0
 10
0.0
 20
0.0
 11
1.0
 21
1.0
 12
9116.09439209098
 22
-771.3939503171516
 13
0.0
 23
0.0
 14
0.5
 24
0.5
 15
0.5
 25
0.5
 16
-0.0000000000327418
 26
0.0
 36
142092.2738126928
 17
22611.36279296875
 27
5866.993770122528
 37
5.999999999999999
 40
441.0868599822861
 41
1.977025392986698
 42
50.0
 43
0.0
 44
0.0
 50
0.0
 51
0.0
 71
     0
 72
  1000
 73
     1
 74
     3
 75
     0
 76
     1
 77
     0
 78
     0
281
     0
 65
     1
110
23243.89463871223
120
-32.750740817517
130
0.0
111
1.0
121
0.0
131
0.0
112
0.0
122
1.0
132
0.0
 79
     0
146
0.0
348
9F
 60
     3
 61
     5
292
     1
282
     1
141
0.0
142
0.0
 63
   250
421
  3355443
1001
ACAD_NAV_VCDISPLAY
1070
     3
  0
ENDTAB
  0
TABLE
  2
LTYPE
  5
5
330
0
100
AcDbSymbolTable
 70
     8
  0
LTYPE
  5
14
330
5
100
AcDbSymbolTableRecord
100
AcDbLinetypeTableRecord
  2
ByBlock
 70
     0
  3

 72
    65
 73
     0
 40
0.0
  0
LTYPE
  5
15
330
5
100
AcDbSymbolTableRecord
100
AcDbLinetypeTableRecord
  2
ByLayer
 70
     0
  3

 72
    65
 73
     0
 40
0.0
  0
LTYPE
  5
16
330
5
100
AcDbSymbolTableRecord
100
AcDbLinetypeTableRecord
  2
Continuous
 70
     0
  3
Solid line
 72
    65
 73
     0
 40
0.0
  0
LTYPE
  5
AAA
330
5
100
AcDbSymbolTableRecord
100
AcDbLinetypeTableRecord
  2
ACAD_ISO03W100
 70
     0
  3
ISO dash space __    __    __    __    __    __
 72
    65
 73
     2
 40
30.0
 49
12.0
 74
     0
 49
-18.0
 74
     0
  0
LTYPE
  5
AAB
330
5
100
AcDbSymbolTableRecord
100
AcDbLinetypeTableRecord
  2
CENTER
 70
     0
  3
Center ____ _ ____ _ ____ _ ____ _ ____ _ ____
 72
    65
 73
     4
 40
50.8
 49
31.75
 74
     0
 49
-6.349999999999999
 74
     0
 49
6.349999999999999
 74
     0
 49
-6.349999999999999
 74
     0
  0
LTYPE
  5
AAC
330
5
100
AcDbSymbolTableRecord
100
AcDbLinetypeTableRecord
  2
DOT
 70
     0
  3
Dot . . . . . . . . . . . . . . . . . . . . . .
 72
    65
 73
     2
 40
0.25
 49
0.0
 74
     0
 49
-0.25
 74
     0
  0
LTYPE
  5
AAD
330
5
100
AcDbSymbolTableRecord
100
AcDbLinetypeTableRecord
  2
ACAD_ISO02W100
 70
     0
  3
ISO dash __ __ __ __ __ __ __ __ __ __ __ __ __
 72
    65
 73
     2
 40
15.0
 49
12.0
 74
     0
 49
-3.0
 74
     0
  0
LTYPE
  5
27B1
330
5
100
AcDbSymbolTableRecord
100
AcDbLinetypeTableRecord
  2
CENTER2
 70
     0
  3
Center (.5x) ___ _ ___ _ ___ _ ___ _ ___ _ ___
 72
    65
 73
     4
 40
1.125
 49
0.75
 74
     0
 49
-0.125
 74
     0
 49
0.125
 74
     0
 49
-0.125
 74
     0
  0
ENDTAB
  0
TABLE
  2
LAYER
  5
2
102
{ACAD_XDICTIONARY
360
18E
102
}
330
0
100
AcDbSymbolTable
 70
     4
  0
LAYER
  5
10
102
{ACAD_XDICTIONARY
360
E6
102
}
330
2
100
AcDbSymbolTableRecord
100
AcDbLayerTableRecord
  2
0
 70
     0
 62
     7
  6
Continuous
370
    -3
390
F
347
98
348
0
  0
LAYER
  5
AAE
330
2
100
AcDbSymbolTableRecord
100
AcDbLayerTableRecord
  2
Defpoints
 70
     0
 62
     7
  6
Continuous
290
     0
370
    -3
390
F
347
98
348
0
  0
LAYER
  5
AAF
102
{ACAD_XDICTIONARY
360
AB0
102
}
330
2
100
AcDbSymbolTableRecord
100
AcDbLayerTableRecord
  2
fitting
 70
     0
 62
     7
  6
CENTER2
370
     0
390
F
347
98
348
0
  0
LAYER
  5
AB1
102
{ACAD_XDICTIONARY
360
AB2
102
}
330
2
100
AcDbSymbolTableRecord
100
AcDbLayerTableRecord
  2
nozzle
 70
     0
 62
     7
  6
Continuous
370
    -3
390
F
347
98
348
0
  0
ENDTAB
  0
TABLE
  2
STYLE
  5
3
330
0
100
AcDbSymbolTable
 70
    11
  0
STYLE
  5
11
330
3
100
AcDbSymbolTableRecord
100
AcDbTextStyleTableRecord
  2
Standard
 70
     0
 40
20.0
 41
1.0
 50
0.0
 71
     0
 42
20.0
  3
isocp.shx
  4
@extfont2.shx
  0
STYLE
  5
DC
330
3
100
AcDbSymbolTableRecord
100
AcDbTextStyleTableRecord
  2
Annotative
 70
     0
 40
0.0
 41
1.0
 50
0.0
 71
     0
 42
0.2
  3
arial.ttf
  4

1001
AcadAnnotative
1000
AnnotativeData
1002
{
1070
     1
1070
     1
1002
}
1001
ACAD
1000
Arial
1071
       34
  0
ENDTAB
  0
TABLE
  2
VIEW
  5
6
330
0
100
AcDbSymbolTable
 70
     7
  0
ENDTAB
  0
TABLE
  2
UCS
  5
7
330
0
100
AcDbSymbolTable
 70
     0
  0
ENDTAB
  0
TABLE
  2
APPID
  5
9
330
0
100
AcDbSymbolTable
 70
    15
  0
APPID
  5
12
330
9
100
AcDbSymbolTableRecord
100
AcDbRegAppTableRecord
  2
ACAD
 70
     0
  0
APPID
  5
DD
330
9
100
AcDbSymbolTableRecord
100
AcDbRegAppTableRecord
  2
AcadAnnoPO
 70
     0
  0
APPID
  5
DE
330
9
100
AcDbSymbolTableRecord
100
AcDbRegAppTableRecord
  2
AcadAnnotative
 70
     0
  0
APPID
  5
DF
330
9
100
AcDbSymbolTableRecord
100
AcDbRegAppTableRecord
  2
ACAD_DSTYLE_DIMJAG
 70
     0
  0
APPID
  5
E0
330
9
100
AcDbSymbolTableRecord
100
AcDbRegAppTableRecord
  2
ACAD_DSTYLE_DIMTALN
 70
     0
  0
APPID
  5
107
330
9
100
AcDbSymbolTableRecord
100
AcDbRegAppTableRecord
  2
ACAD_MLEADERVER
 70
     0
  0
APPID
  5
1A6
330
9
100
AcDbSymbolTableRecord
100
AcDbRegAppTableRecord
  2
ACAD_NAV_VCDISPLAY
 70
     0
  0
APPID
  5
AB4
330
9
100
AcDbSymbolTableRecord
100
AcDbRegAppTableRecord
  2
ACAD_PSEXT
 70
     0
  0
APPID
  5
27B4
330
9
100
AcDbSymbolTableRecord
100
AcDbRegAppTableRecord
  2
ACAD_DSTYLE_DIMBREAK
 70
     0
  0
APPID
  5
27B5
330
9
100
AcDbSymbolTableRecord
100
AcDbRegAppTableRecord
  2
GradientColor1ACI
 70
     0
  0
APPID
  5
27B6
330
9
100
AcDbSymbolTableRecord
100
AcDbRegAppTableRecord
  2
GradientColor2ACI
 70
     0
  0
APPID
  5
2B80
330
9
100
AcDbSymbolTableRecord
100
AcDbRegAppTableRecord
  2
ACAD_EXEMPT_FROM_CAD_STANDARDS
 70
     0
  0
APPID
  5
2B89
330
9
100
AcDbSymbolTableRecord
100
AcDbRegAppTableRecord
  2
ACAD_DSTYLE_DIMRADIAL_EXTENSION
 70
     0
  0
APPID
  5
B150
330
9
100
AcDbSymbolTableRecord
100
AcDbRegAppTableRecord
  2
AcadAnnoMonitorAlertIconDisabled
 70
     0
  0
APPID
  5
B86E
330
9
100
AcDbSymbolTableRecord
100
AcDbRegAppTableRecord
  2
RevcloudProps
 70
     0
  0
ENDTAB
  0
TABLE
  2
DIMSTYLE
  5
A
330
0
100
AcDbSymbolTable
 70
    15
100
AcDbDimStyleTable
 71
     5
340
27B2
340
27B3
340
AB3
340
27
340
E1
  0
DIMSTYLE
105
27
330
A
100
AcDbSymbolTableRecord
100
AcDbDimStyleTableRecord
  2
Standard
 70
     0
340
11
  0
DIMSTYLE
105
E1
330
A
100
AcDbSymbolTableRecord
100
AcDbDimStyleTableRecord
  2
Annotative
 70
     0
 40
0.0
340
11
1001
AcadAnnotative
1000
AnnotativeData
1002
{
1070
     1
1070
     1
1002
}
1001
ACAD_DSTYLE_DIMJAG
1070
   388
1040
1.5
1001
ACAD_DSTYLE_DIMTALN
1070
   392
1070
     0
  0
DIMSTYLE
105
AB3
330
A
100
AcDbSymbolTableRecord
100
AcDbDimStyleTableRecord
  2
ISO-25
 70
     0
 41
50.0
 42
75.0
 43
5.0
 44
1.25
 70
     1
 73
     0
 74
     0
 77
     1
 78
     8
140
120.0
141
0.0
143
0.03937007874016
147
0.625
171
     3
172
     1
176
     1
177
     1
178
     1
179
     2
271
     0
272
     0
274
     3
278
    44
283
     0
284
     8
340
11
1001
ACAD_DSTYLE_DIMJAG
1070
   388
1040
1.5
1001
ACAD_DSTYLE_DIMTALN
1070
   392
1070
     0
  0
DIMSTYLE
105
27B2
102
{ACAD_REACTORS
330
D7DA
330
D826
330
D842
330
D854
330
D878
102
}
330
A
100
AcDbSymbolTableRecord
100
AcDbDimStyleTableRecord
  2
Dims
 70
     0
 40
0.0
 41
10.0
 42
10.0
 43
10.0
 44
10.0
140
20.0
141
0.0
144
0.1
147
5.0
176
   139
177
   139
178
   139
179
     1
271
     2
272
     2
340
11
345
16
371
    18
1001
ACAD_DSTYLE_DIMBREAK
1070
   391
1040
5.0
1001
ACAD_DSTYLE_DIMJAG
1070
   388
1040
2.0
1001
ACAD_DSTYLE_DIMTALN
1070
   392
1070
     0
  0
DIMSTYLE
105
27B3
330
A
100
AcDbSymbolTableRecord
100
AcDbDimStyleTableRecord
  2
Dim-Inches
 70
     0
 41
20.0
 44
1.0
140
30.0
144
0.0393700787401575
147
2.0
179
     1
271
     2
272
     2
340
11
1001
ACAD_DSTYLE_DIMBREAK
1070
   391
1040
0.125
1001
ACAD_DSTYLE_DIMJAG
1070
   388
1040
1.5
1001
ACAD_DSTYLE_DIMTALN
1070
   392
1070
     0
  0
ENDTAB
  0
TABLE
  2
BLOCK_RECORD
  5
1
330
0
100
AcDbSymbolTable
 70
   269
  0
BLOCK_RECORD
  5
1F
102
{ACAD_XDICTIONARY
360
15D
102
}
330
1
100
AcDbSymbolTableRecord
100
AcDbBlockTableRecord
  2
*Model_Space
340
22
 70
     0
280
     1
281
     0
  0
BLOCK_RECORD
  5
58
330
1
100
AcDbSymbolTableRecord
100
AcDbBlockTableRecord
  2
*Paper_Space
340
59
 70
     0
280
     1
281
     0
  0
BLOCK_RECORD
  5
5D
330
1
100
AcDbSymbolTableRecord
100
AcDbBlockTableRecord
  2
*Paper_Space0
340
5E
 70
     0
280
     1
281
     0
  0
BLOCK_RECORD
  5
2A2D
330
1
100
AcDbSymbolTableRecord
100
AcDbBlockTableRecord
  2
*U1
340
0
102
{BLKREFS
102
}
 70
     0
280
     1
281
     0
  0
BLOCK_RECORD
  5
2A38
330
1
100
AcDbSymbolTableRecord
100
AcDbBlockTableRecord
  2
*U3
340
0
102
{BLKREFS
102
}
 70
     0
280
     1
281
     0
  0
BLOCK_RECORD
  5
2AAB
330
1
100
AcDbSymbolTableRecord
100
AcDbBlockTableRecord
  2
*U5
340
0
102
{BLKREFS
102
}
 70
     0
280
     1
281
     0
  0
BLOCK_RECORD
  5
2AB6
330
1
100
AcDbSymbolTableRecord
100
AcDbBlockTableRecord
  2
*U7
340
0
102
{BLKREFS
102
}
 70
     0
280
     1
281
     0
  0
BLOCK_RECORD
  5
2AC1
330
1
100
AcDbSymbolTableRecord
100
AcDbBlockTableRecord
  2
*U9
340
0
102
{BLKREFS
102
}
 70
     0
280
     1
281
     0
  0
BLOCK_RECORD
  5
2ACC
330
1
100
AcDbSymbolTableRecord
100
AcDbBlockTableRecord
  2
*U11
340
0
102
{BLKREFS
102
}
 70
     0
280
     1
281
     0
  0
BLOCK_RECORD
  5
2AD7
330
1
100
AcDbSymbolTableRecord
100
AcDbBlockTableRecord
  2
*U13
340
0
102
{BLKREFS
102
}
 70
     0
280
     1
281
     0
  0
BLOCK_RECORD
  5
2AE2
330
1
100
AcDbSymbolTableRecord
100
AcDbBlockTableRecord
  2
*U15
340
0
102
{BLKREFS
102
}
 70
     0
280
     1
281
     0
  0
BLOCK_RECORD
  5
2AED
330
1
100
AcDbSymbolTableRecord
100
AcDbBlockTableRecord
  2
*U17
340
0
102
{BLKREFS
102
}
 70
     0
280
     1
281
     0
  0
BLOCK_RECORD
  5
2AF8
330
1
100
AcDbSymbolTableRecord
100
AcDbBlockTableRecord
  2
*U19
340
0
102
{BLKREFS
102
}
 70
     0
280
     1
281
     0
  0
BLOCK_RECORD
  5
2B03
330
1
100
AcDbSymbolTableRecord
100
AcDbBlockTableRecord
  2
*U21
340
0
102
{BLKREFS
102
}
 70
     0
280
     1
281
     0
  0
BLOCK_RECORD
  5
2B0E
330
1
100
AcDbSymbolTableRecord
100
AcDbBlockTableRecord
  2
*U23
340
0
102
{BLKREFS
102
}
 70
     0
280
     1
281
     0
  0
BLOCK_RECORD
  5
2B19
330
1
100
AcDbSymbolTableRecord
100
AcDbBlockTableRecord
  2
*U25
340
0
102
{BLKREFS
102
}
 70
     0
280
     1
281
     0
  0
BLOCK_RECORD
  5
2B24
330
1
100
AcDbSymbolTableRecord
100
AcDbBlockTableRecord
  2
*U27
340
0
102
{BLKREFS
102
}
 70
     0
280
     1
281
     0
  0
BLOCK_RECORD
  5
2B2F
330
1
100
AcDbSymbolTableRecord
100
AcDbBlockTableRecord
  2
*U29
340
0
102
{BLKREFS
102
}
 70
     0
280
     1
281
     0
  0
BLOCK_RECORD
  5
2B3A
330
1
100
AcDbSymbolTableRecord
100
AcDbBlockTableRecord
  2
*U31
340
0
102
{BLKREFS
102
}
 70
     0
280
     1
281
     0
  0
BLOCK_RECORD
  5
2B45
330
1
100
AcDbSymbolTableRecord
100
AcDbBlockTableRecord
  2
*U33
340
0
102
{BLKREFS
102
}
 70
     0
280
     1
281
     0
  0
BLOCK_RECORD
  5
2B50
330
1
100
AcDbSymbolTableRecord
100
AcDbBlockTableRecord
  2
*U35
340
0
102
{BLKREFS
102
}
 70
     0
280
     1
281
     0
  0
BLOCK_RECORD
  5
2B5B
330
1
100
AcDbSymbolTableRecord
100
AcDbBlockTableRecord
  2
*U37
340
0
102
{BLKREFS
102
}
 70
     0
280
     1
281
     0
  0
BLOCK_RECORD
  5
2B66
330
1
100
AcDbSymbolTableRecord
100
AcDbBlockTableRecord
  2
*U39
340
0
102
{BLKREFS
102
}
 70
     0
280
     1
281
     0
  0
BLOCK_RECORD
  5
2B71
330
1
100
AcDbSymbolTableRecord
100
AcDbBlockTableRecord
  2
*U41
340
0
102
{BLKREFS
102
}
 70
     0
280
     1
281
     0
  0
BLOCK_RECORD
  5
5074
330
1
100
AcDbSymbolTableRecord
100
AcDbBlockTableRecord
  2
*U43
340
0
102
{BLKREFS
102
}
 70
     0
280
     1
281
     0
  0
BLOCK_RECORD
  5
5087
330
1
100
AcDbSymbolTableRecord
100
AcDbBlockTableRecord
  2
*U45
340
0
102
{BLKREFS
102
}
 70
     0
280
     1
281
     0
  0
BLOCK_RECORD
  5
5098
330
1
100
AcDbSymbolTableRecord
100
AcDbBlockTableRecord
  2
*U47
340
0
102
{BLKREFS
102
}
 70
     0
280
     1
281
     0
  0
BLOCK_RECORD
  5
50A7
330
1
100
AcDbSymbolTableRecord
100
AcDbBlockTableRecord
  2
*U49
340
0
102
{BLKREFS
102
}
 70
     0
280
     1
281
     0
  0
BLOCK_RECORD
  5
50B6
330
1
100
AcDbSymbolTableRecord
100
AcDbBlockTableRecord
  2
*U51
340
0
102
{BLKREFS
102
}
 70
     0
280
     1
281
     0
  0
BLOCK_RECORD
  5
50C7
330
1
100
AcDbSymbolTableRecord
100
AcDbBlockTableRecord
  2
*U53
340
0
102
{BLKREFS
102
}
 70
     0
280
     1
281
     0
  0
BLOCK_RECORD
  5
50D8
330
1
100
AcDbSymbolTableRecord
100
AcDbBlockTableRecord
  2
*U55
340
0
102
{BLKREFS
102
}
 70
     0
280
     1
281
     0
  0
BLOCK_RECORD
  5
50E7
330
1
100
AcDbSymbolTableRecord
100
AcDbBlockTableRecord
  2
*U57
340
0
102
{BLKREFS
102
}
 70
     0
280
     1
281
     0
  0
BLOCK_RECORD
  5
5C1B
330
1
100
AcDbSymbolTableRecord
100
AcDbBlockTableRecord
  2
*U59
340
0
102
{BLKREFS
102
}
 70
     0
280
     1
281
     0
  0
BLOCK_RECORD
  5
5C56
330
1
100
AcDbSymbolTableRecord
100
AcDbBlockTableRecord
  2
*U61
340
0
102
{BLKREFS
102
}
 70
     0
280
     1
281
     0
  0
BLOCK_RECORD
  5
5C89
330
1
100
AcDbSymbolTableRecord
100
AcDbBlockTableRecord
  2
*U63
340
0
102
{BLKREFS
102
}
 70
     0
280
     1
281
     0
  0
BLOCK_RECORD
  5
734B
330
1
100
AcDbSymbolTableRecord
100
AcDbBlockTableRecord
  2
*U95
340
0
102
{BLKREFS
102
}
 70
     0
280
     1
281
     0
  0
BLOCK_RECORD
  5
8B38
102
{ACAD_XDICTIONARY
360
8B3B
102
}
330
1
100
AcDbSymbolTableRecord
100
AcDbBlockTableRecord
  2
A$Cfaf79766
340
0
 70
     1
280
     1
281
     0
  0
BLOCK_RECORD
  5
8B51
102
{ACAD_XDICTIONARY
360
8B53
102
}
330
1
100
AcDbSymbolTableRecord
100
AcDbBlockTableRecord
  2
A$Cead1254b
340
0
 70
     1
280
     1
281
     0
  0
BLOCK_RECORD
  5
8BC1
102
{ACAD_XDICTIONARY
360
8BC4
102
}
330
1
100
AcDbSymbolTableRecord
100
AcDbBlockTableRecord
  2
A$C404728c0
340
0
 70
     1
280
     1
281
     0
  0
BLOCK_RECORD
  5
8C9F
102
{ACAD_XDICTIONARY
360
8CA2
102
}
330
1
100
AcDbSymbolTableRecord
100
AcDbBlockTableRecord
  2
A$C8a689be3
340
0
 70
     1
280
     1
281
     0
  0
BLOCK_RECORD
  5
9765
102
{ACAD_XDICTIONARY
360
9768
102
}
330
1
100
AcDbSymbolTableRecord
100
AcDbBlockTableRecord
  2
A$C9f20272c
340
0
 70
     1
280
     1
281
     0
  0
BLOCK_RECORD
  5
9BCE
102
{ACAD_XDICTIONARY
360
9BD1
102
}
330
1
100
AcDbSymbolTableRecord
100
AcDbBlockTableRecord
  2
A$Cd1d0f359
340
0
 70
     1
280
     1
281
     0
  0
BLOCK_RECORD
  5
A8E9
330
1
100
AcDbSymbolTableRecord
100
AcDbBlockTableRecord
  2
*T166
340
0
102
{BLKREFS
331
A8F3
102
}
 70
     0
280
     1
281
     0
  0
BLOCK_RECORD
  5
A8F2
102
{ACAD_XDICTIONARY
360
A8F4
102
}
330
1
100
AcDbSymbolTableRecord
100
AcDbBlockTableRecord
  2
A$6633
340
0
 70
     1
280
     1
281
     0
  0
BLOCK_RECORD
  5
B0D2
102
{ACAD_XDICTIONARY
360
B0D5
102
}
330
1
100
AcDbSymbolTableRecord
100
AcDbBlockTableRecord
  2
A$C712070e8
340
0
 70
     1
280
     1
281
     0
  0
BLOCK_RECORD
  5
B874
330
1
100
AcDbSymbolTableRecord
100
AcDbBlockTableRecord
  2
BRKLINE
340
0
 70
     0
280
     1
281
     0
  0
BLOCK_RECORD
  5
D622
330
1
100
AcDbSymbolTableRecord
100
AcDbBlockTableRecord
  2
*D240
340
0
 70
     0
280
     1
281
     0
  0
BLOCK_RECORD
  5
D644
330
1
100
AcDbSymbolTableRecord
100
AcDbBlockTableRecord
  2
*D242
340
0
 70
     0
280
     1
281
     0
  0
BLOCK_RECORD
  5
D65C
330
1
100
AcDbSymbolTableRecord
100
AcDbBlockTableRecord
  2
*D243
340
0
 70
     0
280
     1
281
     0
  0
BLOCK_RECORD
  5
D678
330
1
100
AcDbSymbolTableRecord
100
AcDbBlockTableRecord
  2
*D244
340
0
 70
     0
280
     1
281
     0
  0
BLOCK_RECORD
  5
D68E
330
1
100
AcDbSymbolTableRecord
100
AcDbBlockTableRecord
  2
*D245
340
0
 70
     0
280
     1
281
     0
  0
BLOCK_RECORD
  5
D6BC
330
1
100
AcDbSymbolTableRecord
100
AcDbBlockTableRecord
  2
*D246
340
0
 70
     0
280
     1
281
     0
  0
BLOCK_RECORD
  5
D6D6
330
1
100
AcDbSymbolTableRecord
100
AcDbBlockTableRecord
  2
*D247
340
0
 70
     0
280
     1
281
     0
  0
BLOCK_RECORD
  5
D6F1
330
1
100
AcDbSymbolTableRecord
100
AcDbBlockTableRecord
  2
*D248
340
0
 70
     0
280
     1
281
     0
  0
BLOCK_RECORD
  5
D70B
330
1
100
AcDbSymbolTableRecord
100
AcDbBlockTableRecord
  2
*D249
340
0
 70
     0
280
     1
281
     0
  0
BLOCK_RECORD
  5
D727
330
1
100
AcDbSymbolTableRecord
100
AcDbBlockTableRecord
  2
*D250
340
0
 70
     0
280
     1
281
     0
  0
BLOCK_RECORD
  5
D73D
330
1
100
AcDbSymbolTableRecord
100
AcDbBlockTableRecord
  2
*D251
340
0
 70
     0
280
     1
281
     0
  0
BLOCK_RECORD
  5
D757
330
1
100
AcDbSymbolTableRecord
100
AcDbBlockTableRecord
  2
*D252
340
0
 70
     0
280
     1
281
     0
  0
BLOCK_RECORD
  5
D7A5
330
1
100
AcDbSymbolTableRecord
100
AcDbBlockTableRecord
  2
*D253
340
0
 70
     0
280
     1
281
     0
  0
BLOCK_RECORD
  5
D7BF
330
1
100
AcDbSymbolTableRecord
100
AcDbBlockTableRecord
  2
*D254
340
0
 70
     0
280
     1
281
     0
  0
BLOCK_RECORD
  5
D7DB
330
1
100
AcDbSymbolTableRecord
100
AcDbBlockTableRecord
  2
*D255
340
0
 70
     0
280
     1
281
     0
  0
BLOCK_RECORD
  5
D827
330
1
100
AcDbSymbolTableRecord
100
AcDbBlockTableRecord
  2
*D256
340
0
 70
     0
280
     1
281
     0
  0
BLOCK_RECORD
  5
D843
330
1
100
AcDbSymbolTableRecord
100
AcDbBlockTableRecord
  2
*D257
340
0
 70
     0
280
     1
281
     0
  0
BLOCK_RECORD
  5
D855
330
1
100
AcDbSymbolTableRecord
100
AcDbBlockTableRecord
  2
*D258
340
0
 70
     0
280
     1
281
     0
  0
BLOCK_RECORD
  5
D879
330
1
100
AcDbSymbolTableRecord
100
AcDbBlockTableRecord
  2
*D259
340
0
 70
     0
280
     1
281
     0
  0
ENDTAB
  0
ENDSEC
  0
SECTION
  2
BLOCKS
  0
BLOCK
  5
20
330
1F
100
AcDbEntity
  8
0
100
AcDbBlockBegin
  2
*Model_Space
 70
     0
 10
0.0
 20
0.0
 30
0.0
  3
*Model_Space
  1

  0
ENDBLK
  5
21
330
1F
100
AcDbEntity
  8
0
100
AcDbBlockEnd
  0
BLOCK
  5
5A
330
58
100
AcDbEntity
 67
     1
  8
0
100
AcDbBlockBegin
  2
*Paper_Space
 70
     0
 10
0.0
 20
0.0
 30
0.0
  3
*Paper_Space
  1

  0
ENDBLK
  5
5B
330
58
100
AcDbEntity
 67
     1
  8
0
100
AcDbBlockEnd
  0
BLOCK
  5
5F
330
5D
100
AcDbEntity
 67
     1
  8
0
100
AcDbBlockBegin
  2
*Paper_Space0
 70
     0
 10
0.0
 20
0.0
 30
0.0
  3
*Paper_Space0
  1

  0
ENDBLK
  5
60
330
5D
100
AcDbEntity
 67
     1
  8
0
100
AcDbBlockEnd
  0
BLOCK
  5
2A2E
330
2A2D
100
AcDbEntity
  8
0
100
AcDbBlockBegin
  2
*U1
 70
     1
 10
0.0
 20
0.0
 30
0.0
  3
*U1
  1

  0
CIRCLE
  5
2A2F
330
2A2D
100
AcDbEntity
  8
0
100
AcDbCircle
 10
0.0
 20
0.0
 30
0.0
 40
9.525
  0
ENDBLK
  5
2A30
330
2A2D
100
AcDbEntity
  8
0
100
AcDbBlockEnd
  0
BLOCK
  5
2A39
330
2A38
100
AcDbEntity
  8
0
100
AcDbBlockBegin
  2
*U3
 70
     1
 10
0.0
 20
0.0
 30
0.0
  3
*U3
  1

  0
CIRCLE
  5
2A3A
330
2A38
100
AcDbEntity
  8
0
100
AcDbCircle
 10
0.0
 20
0.0
 30
0.0
 40
9.525
  0
ENDBLK
  5
2A3B
330
2A38
100
AcDbEntity
  8
0
100
AcDbBlockEnd
  0
BLOCK
  5
2AAC
330
2AAB
100
AcDbEntity
  8
0
100
AcDbBlockBegin
  2
*U5
 70
     1
 10
0.0
 20
0.0
 30
0.0
  3
*U5
  1

  0
CIRCLE
  5
2AAD
330
2AAB
100
AcDbEntity
  8
0
100
AcDbCircle
 10
0.0
 20
0.0
 30
0.0
 40
7.874000000000001
  0
ENDBLK
  5
2AAE
330
2AAB
100
AcDbEntity
  8
0
100
AcDbBlockEnd
  0
BLOCK
  5
2AB7
330
2AB6
100
AcDbEntity
  8
0
100
AcDbBlockBegin
  2
*U7
 70
     1
 10
0.0
 20
0.0
 30
0.0
  3
*U7
  1

  0
CIRCLE
  5
2AB8
330
2AB6
100
AcDbEntity
  8
0
100
AcDbCircle
 10
0.0
 20
0.0
 30
0.0
 40
7.874000000000001
  0
ENDBLK
  5
2AB9
330
2AB6
100
AcDbEntity
  8
0
100
AcDbBlockEnd
  0
BLOCK
  5
2AC2
330
2AC1
100
AcDbEntity
  8
0
100
AcDbBlockBegin
  2
*U9
 70
     1
 10
0.0
 20
0.0
 30
0.0
  3
*U9
  1

  0
CIRCLE
  5
2AC3
330
2AC1
100
AcDbEntity
  8
0
100
AcDbCircle
 10
0.0
 20
0.0
 30
0.0
 40
9.525
  0
ENDBLK
  5
2AC4
330
2AC1
100
AcDbEntity
  8
0
100
AcDbBlockEnd
  0
BLOCK
  5
2ACD
330
2ACC
100
AcDbEntity
  8
0
100
AcDbBlockBegin
  2
*U11
 70
     1
 10
0.0
 20
0.0
 30
0.0
  3
*U11
  1

  0
CIRCLE
  5
2ACE
330
2ACC
100
AcDbEntity
  8
0
100
AcDbCircle
 10
0.0
 20
0.0
 30
0.0
 40
9.525
  0
ENDBLK
  5
2ACF
330
2ACC
100
AcDbEntity
  8
0
100
AcDbBlockEnd
  0
BLOCK
  5
2AD8
330
2AD7
100
AcDbEntity
  8
0
100
AcDbBlockBegin
  2
*U13
 70
     1
 10
0.0
 20
0.0
 30
0.0
  3
*U13
  1

  0
CIRCLE
  5
2AD9
330
2AD7
100
AcDbEntity
  8
0
100
AcDbCircle
 10
0.0
 20
0.0
 30
0.0
 40
7.874000000000001
  0
ENDBLK
  5
2ADA
330
2AD7
100
AcDbEntity
  8
0
100
AcDbBlockEnd
  0
BLOCK
  5
2AE3
330
2AE2
100
AcDbEntity
  8
0
100
AcDbBlockBegin
  2
*U15
 70
     1
 10
0.0
 20
0.0
 30
0.0
  3
*U15
  1

  0
CIRCLE
  5
2AE4
330
2AE2
100
AcDbEntity
  8
0
100
AcDbCircle
 10
0.0
 20
0.0
 30
0.0
 40
7.874000000000001
  0
ENDBLK
  5
2AE5
330
2AE2
100
AcDbEntity
  8
0
100
AcDbBlockEnd
  0
BLOCK
  5
2AEE
330
2AED
100
AcDbEntity
  8
0
100
AcDbBlockBegin
  2
*U17
 70
     1
 10
0.0
 20
0.0
 30
0.0
  3
*U17
  1

  0
CIRCLE
  5
2AEF
330
2AED
100
AcDbEntity
  8
0
100
AcDbCircle
 10
0.0
 20
0.0
 30
0.0
 40
7.874000000000001
  0
ENDBLK
  5
2AF0
330
2AED
100
AcDbEntity
  8
0
100
AcDbBlockEnd
  0
BLOCK
  5
2AF9
330
2AF8
100
AcDbEntity
  8
0
100
AcDbBlockBegin
  2
*U19
 70
     1
 10
0.0
 20
0.0
 30
0.0
  3
*U19
  1

  0
CIRCLE
  5
2AFA
330
2AF8
100
AcDbEntity
  8
0
100
AcDbCircle
 10
0.0
 20
0.0
 30
0.0
 40
7.874000000000001
  0
ENDBLK
  5
2AFB
330
2AF8
100
AcDbEntity
  8
0
100
AcDbBlockEnd
  0
BLOCK
  5
2B04
330
2B03
100
AcDbEntity
  8
0
100
AcDbBlockBegin
  2
*U21
 70
     1
 10
0.0
 20
0.0
 30
0.0
  3
*U21
  1

  0
CIRCLE
  5
2B05
330
2B03
100
AcDbEntity
  8
0
100
AcDbCircle
 10
0.0
 20
0.0
 30
0.0
 40
7.874000000000001
  0
ENDBLK
  5
2B06
330
2B03
100
AcDbEntity
  8
0
100
AcDbBlockEnd
  0
BLOCK
  5
2B0F
330
2B0E
100
AcDbEntity
  8
0
100
AcDbBlockBegin
  2
*U23
 70
     1
 10
0.0
 20
0.0
 30
0.0
  3
*U23
  1

  0
CIRCLE
  5
2B10
330
2B0E
100
AcDbEntity
  8
0
100
AcDbCircle
 10
0.0
 20
0.0
 30
0.0
 40
9.55
  0
ENDBLK
  5
2B11
330
2B0E
100
AcDbEntity
  8
0
100
AcDbBlockEnd
  0
BLOCK
  5
2B1A
330
2B19
100
AcDbEntity
  8
0
100
AcDbBlockBegin
  2
*U25
 70
     1
 10
0.0
 20
0.0
 30
0.0
  3
*U25
  1

  0
CIRCLE
  5
2B1B
330
2B19
100
AcDbEntity
  8
0
100
AcDbCircle
 10
0.0
 20
0.0
 30
0.0
 40
9.55
  0
ENDBLK
  5
2B1C
330
2B19
100
AcDbEntity
  8
0
100
AcDbBlockEnd
  0
BLOCK
  5
2B25
330
2B24
100
AcDbEntity
  8
0
100
AcDbBlockBegin
  2
*U27
 70
     1
 10
0.0
 20
0.0
 30
0.0
  3
*U27
  1

  0
CIRCLE
  5
2B26
330
2B24
100
AcDbEntity
  8
0
100
AcDbCircle
 10
0.0
 20
0.0
 30
0.0
 40
9.55
  0
ENDBLK
  5
2B27
330
2B24
100
AcDbEntity
  8
0
100
AcDbBlockEnd
  0
BLOCK
  5
2B30
330
2B2F
100
AcDbEntity
  8
0
100
AcDbBlockBegin
  2
*U29
 70
     1
 10
0.0
 20
0.0
 30
0.0
  3
*U29
  1

  0
CIRCLE
  5
2B31
330
2B2F
100
AcDbEntity
  8
0
100
AcDbCircle
 10
0.0
 20
0.0
 30
0.0
 40
9.55
  0
ENDBLK
  5
2B32
330
2B2F
100
AcDbEntity
  8
0
100
AcDbBlockEnd
  0
BLOCK
  5
2B3B
330
2B3A
100
AcDbEntity
  8
0
100
AcDbBlockBegin
  2
*U31
 70
     1
 10
0.0
 20
0.0
 30
0.0
  3
*U31
  1

  0
CIRCLE
  5
2B3C
330
2B3A
100
AcDbEntity
  8
0
100
AcDbCircle
 10
0.0
 20
0.0
 30
0.0
 40
9.55
  0
ENDBLK
  5
2B3D
330
2B3A
100
AcDbEntity
  8
0
100
AcDbBlockEnd
  0
BLOCK
  5
2B46
330
2B45
100
AcDbEntity
  8
0
100
AcDbBlockBegin
  2
*U33
 70
     1
 10
0.0
 20
0.0
 30
0.0
  3
*U33
  1

  0
CIRCLE
  5
2B47
330
2B45
100
AcDbEntity
  8
0
100
AcDbCircle
 10
0.0
 20
0.0
 30
0.0
 40
9.55
  0
ENDBLK
  5
2B48
330
2B45
100
AcDbEntity
  8
0
100
AcDbBlockEnd
  0
BLOCK
  5
2B51
330
2B50
100
AcDbEntity
  8
0
100
AcDbBlockBegin
  2
*U35
 70
     1
 10
0.0
 20
0.0
 30
0.0
  3
*U35
  1

  0
CIRCLE
  5
2B52
330
2B50
100
AcDbEntity
  8
0
100
AcDbCircle
 10
0.0
 20
0.0
 30
0.0
 40
9.55
  0
ENDBLK
  5
2B53
330
2B50
100
AcDbEntity
  8
0
100
AcDbBlockEnd
  0
BLOCK
  5
2B5C
330
2B5B
100
AcDbEntity
  8
0
100
AcDbBlockBegin
  2
*U37
 70
     1
 10
0.0
 20
0.0
 30
0.0
  3
*U37
  1

  0
CIRCLE
  5
2B5D
330
2B5B
100
AcDbEntity
  8
0
100
AcDbCircle
 10
0.0
 20
0.0
 30
0.0
 40
9.55
  0
ENDBLK
  5
2B5E
330
2B5B
100
AcDbEntity
  8
0
100
AcDbBlockEnd
  0
BLOCK
  5
2B67
330
2B66
100
AcDbEntity
  8
0
100
AcDbBlockBegin
  2
*U39
 70
     1
 10
0.0
 20
0.0
 30
0.0
  3
*U39
  1

  0
CIRCLE
  5
2B68
330
2B66
100
AcDbEntity
  8
0
100
AcDbCircle
 10
0.0
 20
0.0
 30
0.0
 40
9.55
  0
ENDBLK
  5
2B69
330
2B66
100
AcDbEntity
  8
0
100
AcDbBlockEnd
  0
BLOCK
  5
2B72
330
2B71
100
AcDbEntity
  8
0
100
AcDbBlockBegin
  2
*U41
 70
     1
 10
0.0
 20
0.0
 30
0.0
  3
*U41
  1

  0
CIRCLE
  5
2B73
330
2B71
100
AcDbEntity
  8
0
100
AcDbCircle
 10
0.0
 20
0.0
 30
0.0
 40
9.55
  0
ENDBLK
  5
2B74
330
2B71
100
AcDbEntity
  8
0
100
AcDbBlockEnd
  0
BLOCK
  5
5075
330
5074
100
AcDbEntity
  8
0
100
AcDbBlockBegin
  2
*U43
 70
     1
 10
0.0
 20
0.0
 30
0.0
  3
*U43
  1

  0
CIRCLE
  5
5076
330
5074
100
AcDbEntity
  8
0
100
AcDbCircle
 10
0.0
 20
0.0
 30
0.0
 40
11.5
  0
ENDBLK
  5
5077
330
5074
100
AcDbEntity
  8
0
100
AcDbBlockEnd
  0
BLOCK
  5
5088
330
5087
100
AcDbEntity
  8
0
100
AcDbBlockBegin
  2
*U45
 70
     1
 10
0.0
 20
0.0
 30
0.0
  3
*U45
  1

  0
CIRCLE
  5
5089
330
5087
100
AcDbEntity
  8
0
100
AcDbCircle
 10
0.0
 20
0.0
 30
0.0
 40
11.5
  0
ENDBLK
  5
508A
330
5087
100
AcDbEntity
  8
0
100
AcDbBlockEnd
  0
BLOCK
  5
5099
330
5098
100
AcDbEntity
  8
0
100
AcDbBlockBegin
  2
*U47
 70
     1
 10
0.0
 20
0.0
 30
0.0
  3
*U47
  1

  0
CIRCLE
  5
509A
330
5098
100
AcDbEntity
  8
0
100
AcDbCircle
 10
0.0
 20
0.0
 30
0.0
 40
11.5
  0
ENDBLK
  5
509B
330
5098
100
AcDbEntity
  8
0
100
AcDbBlockEnd
  0
BLOCK
  5
50A8
330
50A7
100
AcDbEntity
  8
0
100
AcDbBlockBegin
  2
*U49
 70
     1
 10
0.0
 20
0.0
 30
0.0
  3
*U49
  1

  0
CIRCLE
  5
50A9
330
50A7
100
AcDbEntity
  8
0
100
AcDbCircle
 10
0.0
 20
0.0
 30
0.0
 40
11.5
  0
ENDBLK
  5
50AA
330
50A7
100
AcDbEntity
  8
0
100
AcDbBlockEnd
  0
BLOCK
  5
50B7
330
50B6
100
AcDbEntity
  8
0
100
AcDbBlockBegin
  2
*U51
 70
     1
 10
0.0
 20
0.0
 30
0.0
  3
*U51
  1

  0
CIRCLE
  5
50B8
330
50B6
100
AcDbEntity
  8
0
100
AcDbCircle
 10
0.0
 20
0.0
 30
0.0
 40
11.5
  0
ENDBLK
  5
50B9
330
50B6
100
AcDbEntity
  8
0
100
AcDbBlockEnd
  0
BLOCK
  5
50C8
330
50C7
100
AcDbEntity
  8
0
100
AcDbBlockBegin
  2
*U53
 70
     1
 10
0.0
 20
0.0
 30
0.0
  3
*U53
  1

  0
CIRCLE
  5
50C9
330
50C7
100
AcDbEntity
  8
0
100
AcDbCircle
 10
0.0
 20
0.0
 30
0.0
 40
11.5
  0
ENDBLK
  5
50CA
330
50C7
100
AcDbEntity
  8
0
100
AcDbBlockEnd
  0
BLOCK
  5
50D9
330
50D8
100
AcDbEntity
  8
0
100
AcDbBlockBegin
  2
*U55
 70
     1
 10
0.0
 20
0.0
 30
0.0
  3
*U55
  1

  0
CIRCLE
  5
50DA
330
50D8
100
AcDbEntity
  8
0
100
AcDbCircle
 10
0.0
 20
0.0
 30
0.0
 40
11.5
  0
ENDBLK
  5
50DB
330
50D8
100
AcDbEntity
  8
0
100
AcDbBlockEnd
  0
BLOCK
  5
50E8
330
50E7
100
AcDbEntity
  8
0
100
AcDbBlockBegin
  2
*U57
 70
     1
 10
0.0
 20
0.0
 30
0.0
  3
*U57
  1

  0
CIRCLE
  5
50E9
330
50E7
100
AcDbEntity
  8
0
100
AcDbCircle
 10
0.0
 20
0.0
 30
0.0
 40
11.5
  0
ENDBLK
  5
50EA
330
50E7
100
AcDbEntity
  8
0
100
AcDbBlockEnd
  0
BLOCK
  5
5C1C
330
5C1B
100
AcDbEntity
  8
0
100
AcDbBlockBegin
  2
*U59
 70
     1
 10
0.0
 20
0.0
 30
0.0
  3
*U59
  1

  0
CIRCLE
  5
5C1D
330
5C1B
100
AcDbEntity
  8
0
100
AcDbCircle
 10
0.0
 20
0.0
 30
0.0
 40
9.525
  0
ENDBLK
  5
5C1E
330
5C1B
100
AcDbEntity
  8
0
100
AcDbBlockEnd
  0
BLOCK
  5
5C57
330
5C56
100
AcDbEntity
  8
0
100
AcDbBlockBegin
  2
*U61
 70
     1
 10
0.0
 20
0.0
 30
0.0
  3
*U61
  1

  0
CIRCLE
  5
5C58
330
5C56
100
AcDbEntity
  8
0
100
AcDbCircle
 10
0.0
 20
0.0
 30
0.0
 40
9.55
  0
ENDBLK
  5
5C59
330
5C56
100
AcDbEntity
  8
0
100
AcDbBlockEnd
  0
BLOCK
  5
5C8A
330
5C89
100
AcDbEntity
  8
0
100
AcDbBlockBegin
  2
*U63
 70
     1
 10
0.0
 20
0.0
 30
0.0
  3
*U63
  1

  0
CIRCLE
  5
5C90
330
5C89
100
AcDbEntity
  8
0
100
AcDbCircle
 10
0.0
 20
0.0
 30
0.0
 40
9.55
  0
ENDBLK
  5
5C8B
330
5C89
100
AcDbEntity
  8
0
100
AcDbBlockEnd
  0
BLOCK
  5
734C
330
734B
100
AcDbEntity
  8
0
100
AcDbBlockBegin
  2
*U95
 70
     1
 10
0.0
 20
0.0
 30
0.0
  3
*U95
  1

  0
CIRCLE
  5
7352
330
734B
100
AcDbEntity
  8
0
 48
0.25
100
AcDbCircle
 10
0.0
 20
0.0
 30
0.0
 40
15.875
  0
ENDBLK
  5
734D
330
734B
100
AcDbEntity
  8
0
100
AcDbBlockEnd
  0
BLOCK
  5
8B3D
330
8B38
100
AcDbEntity
  8
0
100
AcDbBlockBegin
  2
A$Cfaf79766
 70
     0
 10
0.0
 20
0.0
 30
0.0
  3
A$Cfaf79766
  1

  0
TEXT
  5
8B39
330
8B38
100
AcDbEntity
  8
fitting
100
AcDbText
 10
34.08067078056047
 20
47.47338488561945
 30
0.0
 40
75.0
  1
N1
100
AcDbText
  0
CIRCLE
  5
8B3A
330
8B38
100
AcDbEntity
  8
0
100
AcDbCircle
 10
84.87773300700064
 20
84.87773300700064
 30
0.0
 40
84.87773300700064
  0
ENDBLK
  5
8B3E
330
8B38
100
AcDbEntity
  8
0
100
AcDbBlockEnd
  0
BLOCK
  5
8B55
330
8B51
100
AcDbEntity
  8
0
100
AcDbBlockBegin
  2
A$Cead1254b
 70
     0
 10
0.0
 20
0.0
 30
0.0
  3
A$Cead1254b
  1

  0
LWPOLYLINE
  5
8B52
330
8B51
100
AcDbEntity
  8
0
100
AcDbPolyline
 90
        4
 70
     1
 43
0.0
 38
12.0
 10
0.0
 20
0.0
 10
114.3000000000029
 20
0.0
 10
114.3000000000029
 20
49.66713185645858
 10
0.0
 20
49.66713185645858
  0
ENDBLK
  5
8B56
330
8B51
100
AcDbEntity
  8
0
100
AcDbBlockEnd
  0
BLOCK
  5
8BC6
330
8BC1
100
AcDbEntity
  8
0
100
AcDbBlockBegin
  2
A$C404728c0
 70
     0
 10
0.0
 20
0.0
 30
0.0
  3
A$C404728c0
  1

  0
TEXT
  5
8BC2
330
8BC1
100
AcDbEntity
  8
fitting
100
AcDbText
 10
19.32572650829388
 20
50.95190201103832
 30
0.0
 40
75.0
  1
N15
100
AcDbText
  0
CIRCLE
  5
8BC3
330
8BC1
100
AcDbEntity
  8
0
100
AcDbCircle
 10
88.35625013241951
 20
88.35625013241951
 30
0.0
 40
88.35625013241951
  0
ENDBLK
  5
8BC7
330
8BC1
100
AcDbEntity
  8
0
100
AcDbBlockEnd
  0
BLOCK
  5
8CA4
330
8C9F
100
AcDbEntity
  8
0
100
AcDbBlockBegin
  2
A$C8a689be3
 70
     0
 10
0.0
 20
0.0
 30
0.0
  3
A$C8a689be3
  1

  0
TEXT
  5
8CA0
330
8C9F
100
AcDbEntity
  8
fitting
100
AcDbText
 10
16.3085773279854
 20
57.14050629291705
 30
0.0
 40
75.0
  1
N22
100
AcDbText
  0
CIRCLE
  5
8CA1
330
8C9F
100
AcDbEntity
  8
0
100
AcDbCircle
 10
94.54485441429643
 20
94.54485441429824
 30
0.0
 40
94.54485441429742
  0
ENDBLK
  5
8CA5
330
8C9F
100
AcDbEntity
  8
0
100
AcDbBlockEnd
  0
BLOCK
  5
976A
330
9765
100
AcDbEntity
  8
0
100
AcDbBlockBegin
  2
A$C9f20272c
 70
     0
 10
0.0
 20
0.0
 30
0.0
  3
A$C9f20272c
  1

  0
HATCH
  5
9766
330
9765
100
AcDbEntity
  8
Defpoints
100
AcDbHatch
 10
0.0
 20
0.0
 30
0.0
210
0.0
220
0.0
230
1.0
  2
ANSI31
 70
     0
 71
     0
 91
        1
 92
        1
 93
        4
 72
     1
 10
120.0
 20
3000.000000000001
 11
0.0
 21
3000.000000000001
 72
     1
 10
0.0
 20
3000.000000000001
 11
0.0
 21
0.0
 72
     1
 10
0.0
 20
0.0
 11
120.0
 21
0.0
 72
     1
 10
120.0
 20
0.0
 11
120.0
 21
3000.000000000001
 97
        0
 75
     1
 76
     1
 52
0.0
 41
200.0
 77
     0
 78
     1
 53
45.0
 43
-36758.95831173944
 44
-4081.918939402592
 45
-17.67766952966369
 46
17.67766952966369
 79
     0
 98
        1
 10
61.03235472287633
 20
2070.899737045758
1001
GradientColor1ACI
1070
     5
1001
GradientColor2ACI
1070
     2
1001
ACAD
1010
0.0
1020
0.0
1030
0.0
  0
LWPOLYLINE
  5
9767
330
9765
100
AcDbEntity
  8
0
100
AcDbPolyline
 90
        4
 70
     1
 43
0.0
 10
0.0
 20
0.0
 10
120.0
 20
0.0
 10
120.0
 20
3000.000000000001
 10
0.0
 20
3000.000000000001
  0
ENDBLK
  5
976B
330
9765
100
AcDbEntity
  8
0
100
AcDbBlockEnd
  0
BLOCK
  5
9BD3
330
9BCE
100
AcDbEntity
  8
0
100
AcDbBlockBegin
  2
A$Cd1d0f359
 70
     0
 10
0.0
 20
0.0
 30
0.0
  3
A$Cd1d0f359
  1

  0
LWPOLYLINE
  5
9BCF
330
9BCE
100
AcDbEntity
  8
0
100
AcDbPolyline
 90
        4
 70
     0
 43
0.0
 10
120.0
 20
0.0
 10
120.0
 20
120.0
 10
0.0
 20
120.0
 10
0.0
 20
0.0
  0
LWPOLYLINE
  5
9BD0
330
9BCE
100
AcDbEntity
  8
0
100
AcDbPolyline
 90
        4
 70
     0
 43
0.0
 10
110.0
 20
0.0
 10
110.0
 20
110.0
 10
10.0
 20
110.0
 10
10.0
 20
0.0
  0
ENDBLK
  5
9BD4
330
9BCE
100
AcDbEntity
  8
0
100
AcDbBlockEnd
  0
BLOCK
  5
A8EA
330
A8E9
100
AcDbEntity
  8
0
100
AcDbBlockBegin
  2
*T166
 70
     1
 10
0.0
 20
0.0
 30
0.0
  3
*T166
  1

  0
MTEXT
  5
A8EB
330
A8E9
100
AcDbEntity
  8
0
 62
     0
440
 16777216
100
AcDbMText
 10
2186.087344381588
 20
-416.0670031865787
 30
0.0
 40
100.0
 41
4366.174688763176
 46
0.0
 71
     5
 72
     5
  1
{\H3x;PETROTEC}\PINDUSTRIAL ENGINEERING COMPANY
  7
Annotative
 73
     1
 44
1.0
  0
LINE
  5
A8EC
330
A8E9
100
AcDbEntity
  8
0
  6
ByBlock
 62
     0
440
 16777216
370
    -2
100
AcDbLine
 10
0.0
 20
0.0
 30
0.0
 11
4372.174688763176
 21
0.0
 31
0.0
  0
LINE
  5
A8ED
330
A8E9
100
AcDbEntity
  8
0
  6
ByBlock
 62
     0
440
 16777216
370
    -2
100
AcDbLine
 10
0.0
 20
-832.1340063731575
 30
0.0
 11
4372.174688763176
 21
-832.1340063731575
 31
0.0
  0
LINE
  5
A8EE
330
A8E9
100
AcDbEntity
  8
0
  6
ByBlock
 62
     0
440
 16777216
370
    -2
100
AcDbLine
 10
0.0
 20
0.0
 30
0.0
 11
0.0
 21
-832.1340063731575
 31
0.0
  0
LINE
  5
A8EF
330
A8E9
100
AcDbEntity
  8
0
  6
ByBlock
 62
     0
440
 16777216
370
    -2
100
AcDbLine
 10
4372.174688763176
 20
0.0
 30
0.0
 11
4372.174688763176
 21
-832.1340063731575
 31
0.0
  0
LINE
  5
A8F0
330
A8E9
100
AcDbEntity
  8
Defpoints
 62
     8
440
 16777216
 60
     1
370
     0
100
AcDbLine
 10
0.0
 20
0.0
 30
0.0
 11
0.0
 21
0.0
 31
0.0
  0
ENDBLK
  5
A8F1
330
A8E9
100
AcDbEntity
  8
0
100
AcDbBlockEnd
  0
BLOCK
  5
A8F6
330
A8F2
100
AcDbEntity
  8
0
100
AcDbBlockBegin
  2
A$6633
 70
     0
 10
0.0
 20
0.0
 30
0.0
  3
A$6633
  1

  0
ACAD_TABLE
  5
A8F3
102
{ACAD_XDICTIONARY
360
D98F
102
}
330
A8F2
100
AcDbEntity
  8
0
160
              1224
310
C80400001B000000880000001D000000000000000000F03F0000000000000000000000000000000000000000000000000000000000000000000000000000F03F0000000000000000000000000000000000000000000000000000000000000000000000000000F03F0000000000000000000000000000000000000000000000
310
000000000000000000000000000000F03F0C00000016000000070000C30C00000017000000FDFFFFFF0C0000001200000000000000C400000026000000AE6DB5E3FC3490405346B9AC23257CC0000000000000000000000000000000000000000000000000000000000000F03F000000000000F03F00000000000000000000
310
00000000000050004500540052004F005400450043000000340008000000010000000000000000C07240000000000000F03F0000000000000000000000000000F03F00000000000000000000000000000000000000000000000000000000010000002200000041007200690061006C0000000000000000000000F000000026
310
0000007BE529C9B09E8B401F0B52B36C6B85C0000000000000000000000000000000000000000000000000000000000000F03F000000000000F03F0000000000000000000000000000000049004E0044005500530054005200490041004C00200045004E00470049004E0045004500520049004E004700200043004F004D00
310
500041004E005900000000001E000000010000000000000000005940000000000000F03F0000000000000000000000000000F03F00000000000000000000000000000000000000000000000000000000010000002200000041007200690061006C00000000000000000000000C00000016000000070000C30C000000170000
310
00FDFFFFFF0C0000001200000000000000540000002000000002000000000000000000000000000000000000000000000000000000D21C67B82C14B1400000000000000000000000000000000000000000000000000000000000000000000000000000F03F0C00000016000000070000C30C00000017000000FDFFFFFF0C00
310
00001200000000000000540000002000000002000000000000000000000057F1EE7112018AC00000000000000000D21C67B82C14B14057F1EE7112018AC0000000000000000000000000000000000000000000000000000000000000F03F0C00000016000000070000C30C00000017000000FDFFFFFF0C0000001200000000
310
000000540000002000000002000000000000000000000000000000000000000000000000000000000000000000000057F1EE7112018AC0000000000000000000000000000000000000000000000000000000000000F03F0C00000016000000070000C30C00000017000000FDFFFFFF0C000000120000000000000054000000
310
2000000002000000D21C67B82C14B14000000000000000000000000000000000D21C67B82C14B14057F1EE7112018AC0000000000000000000000000000000000000000000000000000000000000F03F0C00000016000000080000C30C00000017000000000000000C00000012000000000000005400000020000000020000
310
0000000000000000000000000000000000000000000000000000000000000000000000000000000000000000000000000000000000000000000000000000000000000000000000F03F080000001F000000
100
AcDbBlockReference
  2
*T166
 10
0.0
 20
0.0
 30
0.0
100
AcDbTable
280
     0
342
87
343
A8E9
 11
1.0
 21
0.0
 31
0.0
 90
       22
 91
        1
 92
        5
 93
        3
 94
        0
 95
        0
 96
        0
280
     1
281
     1
141
832.1340063731575
142
708.6026947048042
142
400.0
142
400.0
142
1643.209424490054
142
1220.362569568318
171
     1
172
     0
173
     0
174
     0
175
     5
176
     1
 91
   262160
178
     0
145
0.0
  7
Annotative
 92
        0
301
CELL_VALUE
 93
        6
 90
        4
  1
{\H3x;PETROTEC}\PINDUSTRIAL ENGINEERING COMPANY
 94
        0
300

302
{\H3x;PETROTEC}\PINDUSTRIAL ENGINEERING COMPANY
304
ACVALUE_END
171
     1
172
     0
173
     1
174
     0
175
     1
176
     1
 91
        0
178
     0
145
0.0
 92
        0
301
CELL_VALUE
 93
        3
 90
        0
 94
        0
300

302

304
ACVALUE_END
171
     1
172
     0
173
     1
174
     0
175
     1
176
     1
 91
        0
178
     0
145
0.0
 92
        0
301
CELL_VALUE
 93
        3
 90
        0
 94
        0
300

302

304
ACVALUE_END
171
     1
172
     0
173
     1
174
     0
175
     1
176
     1
 91
        0
178
     0
145
0.0
 92
        0
301
CELL_VALUE
 93
        3
 90
        0
 94
        0
300

302

304
ACVALUE_END
171
     1
172
     0
173
     1
174
     0
175
     1
176
     1
 91
        0
178
     0
145
0.0
 92
        0
301
CELL_VALUE
 93
        3
 90
        0
 94
        0
300

302

304
ACVALUE_END
  0
ENDBLK
  5
A8F7
330
A8F2
100
AcDbEntity
  8
0
100
AcDbBlockEnd
  0
BLOCK
  5
B0D7
330
B0D2
100
AcDbEntity
  8
0
100
AcDbBlockBegin
  2
A$C712070e8
 70
     0
 10
0.0
 20
0.0
 30
0.0
  3
A$C712070e8
  1

  0
TEXT
  5
B0D3
330
B0D2
100
AcDbEntity
  8
fitting
100
AcDbText
 10
-103.5457854361884
 20
-56.10652218207178
 30
0.0
 40
112.5
  1
N16
100
AcDbText
  0
CIRCLE
  5
B0D4
330
B0D2
100
AcDbEntity
  8
0
100
AcDbCircle
 10
0.0
 20
0.0
 30
0.0
 40
132.5343751986292
  0
ENDBLK
  5
B0D8
330
B0D2
100
AcDbEntity
  8
0
100
AcDbBlockEnd
  0
BLOCK
  5
B878
330
B874
100
AcDbEntity
  8
0
100
AcDbBlockBegin
  2
BRKLINE
 70
     0
 10
0.0
 20
0.0
 30
0.0
  3
BRKLINE
  1

  0
LWPOLYLINE
  5
B875
330
B874
100
AcDbEntity
  8
0
100
AcDbPolyline
 90
        4
 70
     0
 43
0.0
 10
6.808656731150684
 20
3.512459941779828
 10
6.558656731150684
 20
4.199329296643485
 10
6.058656731150684
 20
2.825590586916172
 10
5.808656731150684
 20
3.512459941779828
  0
POINT
  5
B876
330
B874
100
AcDbEntity
  8
Defpoints
100
AcDbPoint
 10
6.808656731150684
 20
3.512459941779828
 30
0.0
  0
POINT
  5
B877
330
B874
100
AcDbEntity
  8
Defpoints
100
AcDbPoint
 10
5.808656731150684
 20
3.512459941779828
 30
0.0
  0
ENDBLK
  5
B879
330
B874
100
AcDbEntity
  8
0
100
AcDbBlockEnd
  0
BLOCK
  5
D623
330
D622
100
AcDbEntity
  8
0
100
AcDbBlockBegin
  2
*D240
 70
     1
 10
0.0
 20
0.0
 30
0.0
  3
*D240
  1

  0
LINE
  5
D631
330
D622
100
AcDbEntity
  8
0
 62
     1
440
 16777216
370
    -2
100
AcDbLine
 10
31535.69244794361
 20
4953.392857417871
 30
0.0
 11
31535.69244794361
 21
4987.189135232359
 31
0.0
  0
LINE
  5
D632
330
D622
100
AcDbEntity
  8
0
 62
     1
440
 16777216
370
    -2
100
AcDbLine
 10
31547.69244794362
 20
4953.392857417871
 30
0.0
 11
31547.69244794362
 21
4987.189135232359
 31
0.0
  0
LINE
  5
D633
330
D622
100
AcDbEntity
  8
0
 62
     1
440
 16777216
370
    -2
100
AcDbLine
 10
31485.69244794361
 20
4988.439135232358
 30
0.0
 11
31435.69244794361
 21
4988.439135232358
 31
0.0
  0
LINE
  5
D634
330
D622
100
AcDbEntity
  8
0
 62
     1
440
 16777216
370
    -2
100
AcDbLine
 10
31597.69244794361
 20
4988.439135232358
 30
0.0
 11
31764.14953455779
 21
4988.439135232358
 31
0.0
  0
LINE
  5
D635
330
D622
100
AcDbEntity
  8
0
 62
     1
440
 16777216
370
    -2
100
AcDbLine
 10
31535.69244794361
 20
4988.439135232358
 30
0.0
 11
31547.69244794362
 21
4988.439135232358
 31
0.0
  0
SOLID
  5
D636
330
D622
100
AcDbEntity
  8
0
 62
     1
440
 16777216
100
AcDbTrace
 10
31485.69244794361
 20
4996.772468565691
 30
0.0
 11
31485.69244794361
 21
4980.105801899025
 31
0.0
 12
31535.69244794361
 22
4988.439135232358
 32
0.0
 13
31535.69244794361
 23
4988.439135232358
 33
0.0
  0
SOLID
  5
D637
330
D622
100
AcDbEntity
  8
0
 62
     1
440
 16777216
100
AcDbTrace
 10
31597.69244794361
 20
4996.772468565691
 30
0.0
 11
31597.69244794361
 21
4980.105801899025
 31
0.0
 12
31547.69244794362
 22
4988.439135232358
 32
0.0
 13
31547.69244794362
 23
4988.439135232358
 33
0.0
  0
MTEXT
  5
D638
330
D622
100
AcDbEntity
  8
0
 62
     1
440
 16777216
100
AcDbMText
 10
31705.9209912507
 20
5049.07594625598
 30
0.0
 40
120.0
 41
0.0
 46
0.0
 71
     5
 72
     1
  1
12
 73
     1
 44
1.0
  0
POINT
  5
D639
330
D622
100
AcDbEntity
  8
Defpoints
 62
     0
440
 16777216
100
AcDbPoint
 10
31535.69244794361
 20
5028.392857417872
 30
0.0
  0
POINT
  5
D63A
330
D622
100
AcDbEntity
  8
Defpoints
 62
     0
440
 16777216
100
AcDbPoint
 10
31547.69244794362
 20
5028.392857417872
 30
0.0
  0
POINT
  5
D63B
330
D622
100
AcDbEntity
  8
Defpoints
 62
     0
440
 16777216
100
AcDbPoint
 10
31547.69244794362
 20
4988.439135232358
 30
0.0
  0
ENDBLK
  5
D624
330
D622
100
AcDbEntity
  8
0
100
AcDbBlockEnd
  0
BLOCK
  5
D645
330
D644
100
AcDbEntity
  8
0
100
AcDbBlockBegin
  2
*D242
 70
     1
 10
0.0
 20
0.0
 30
0.0
  3
*D242
  1

  0
LINE
  5
D651
330
D644
100
AcDbEntity
  8
0
 62
     1
440
 16777216
370
    -2
100
AcDbLine
 10
31535.69244794361
 20
4953.392857417871
 30
0.0
 11
31535.69244794361
 21
4811.946807854518
 31
0.0
  0
LINE
  5
D652
330
D644
100
AcDbEntity
  8
0
 62
     1
440
 16777216
370
    -2
100
AcDbLine
 10
31840.49244794366
 20
4953.392857417871
 30
0.0
 11
31840.49244794366
 21
4811.946807854518
 31
0.0
  0
LINE
  5
D653
330
D644
100
AcDbEntity
  8
0
 62
     1
440
 16777216
370
    -2
100
AcDbLine
 10
31585.69244794362
 20
4813.196807854517
 30
0.0
 11
31790.49244794366
 21
4813.196807854517
 31
0.0
  0
SOLID
  5
D654
330
D644
100
AcDbEntity
  8
0
 62
     1
440
 16777216
100
AcDbTrace
 10
31585.69244794362
 20
4821.53014118785
 30
0.0
 11
31585.69244794362
 21
4804.863474521185
 31
0.0
 12
31535.69244794361
 22
4813.196807854517
 32
0.0
 13
31535.69244794361
 23
4813.196807854517
 33
0.0
  0
SOLID
  5
D655
330
D644
100
AcDbEntity
  8
0
 62
     1
440
 16777216
100
AcDbTrace
 10
31790.49244794366
 20
4821.53014118785
 30
0.0
 11
31790.49244794366
 21
4804.863474521185
 31
0.0
 12
31840.49244794366
 22
4813.196807854517
 32
0.0
 13
31840.49244794366
 23
4813.196807854517
 33
0.0
  0
MTEXT
  5
D656
330
D644
100
AcDbEntity
  8
0
 62
     1
440
 16777216
100
AcDbMText
 10
31688.09244794364
 20
4873.821807854518
 30
0.0
 40
120.0
 41
0.0
 46
0.0
 71
     5
 72
     1
  1
305
 73
     1
 44
1.0
  0
POINT
  5
D657
330
D644
100
AcDbEntity
  8
Defpoints
 62
     0
440
 16777216
100
AcDbPoint
 10
31535.69244794361
 20
5028.392857417872
 30
0.0
  0
POINT
  5
D658
330
D644
100
AcDbEntity
  8
Defpoints
 62
     0
440
 16777216
100
AcDbPoint
 10
31840.49244794366
 20
5028.392857417872
 30
0.0
  0
POINT
  5
D659
330
D644
100
AcDbEntity
  8
Defpoints
 62
     0
440
 16777216
100
AcDbPoint
 10
31840.49244794366
 20
4813.196807854517
 30
0.0
  0
ENDBLK
  5
D646
330
D644
100
AcDbEntity
  8
0
100
AcDbBlockEnd
  0
BLOCK
  5
D65D
330
D65C
100
AcDbEntity
  8
0
100
AcDbBlockBegin
  2
*D243
 70
     1
 10
0.0
 20
0.0
 30
0.0
  3
*D243
  1

  0
LINE
  5
D66B
330
D65C
100
AcDbEntity
  8
0
 62
     1
440
 16777216
370
    -2
100
AcDbLine
 10
31915.49244794368
 20
5053.792857417867
 30
0.0
 11
32069.80766531945
 21
5053.792857417867
 31
0.0
  0
LINE
  5
D66C
330
D65C
100
AcDbEntity
  8
0
 62
     1
440
 16777216
370
    -2
100
AcDbLine
 10
31915.49244794368
 20
5028.392857417873
 30
0.0
 11
32069.80766531945
 21
5028.392857417873
 31
0.0
  0
LINE
  5
D66D
330
D65C
100
AcDbEntity
  8
0
 62
     1
440
 16777216
370
    -2
100
AcDbLine
 10
32068.55766531945
 20
5103.792857417868
 30
0.0
 11
32068.55766531945
 21
5153.792857417868
 31
0.0
  0
LINE
  5
D66E
330
D65C
100
AcDbEntity
  8
0
 62
     1
440
 16777216
370
    -2
100
AcDbLine
 10
32068.55766531945
 20
4978.392857417873
 30
0.0
 11
32068.55766531945
 21
4787.125050574909
 31
0.0
  0
LINE
  5
D66F
330
D65C
100
AcDbEntity
  8
0
 62
     1
440
 16777216
370
    -2
100
AcDbLine
 10
32068.55766531945
 20
5053.792857417867
 30
0.0
 11
32068.55766531945
 21
5028.392857417873
 31
0.0
  0
SOLID
  5
D670
330
D65C
100
AcDbEntity
  8
0
 62
     1
440
 16777216
100
AcDbTrace
 10
32060.22433198611
 20
5103.792857417868
 30
0.0
 11
32076.89099865278
 21
5103.792857417868
 31
0.0
 12
32068.55766531945
 22
5053.792857417867
 32
0.0
 13
32068.55766531945
 23
5053.792857417867
 33
0.0
  0
SOLID
  5
D671
330
D65C
100
AcDbEntity
  8
0
 62
     1
440
 16777216
100
AcDbTrace
 10
32060.22433198611
 20
4978.392857417873
 30
0.0
 11
32076.89099865278
 21
4978.392857417873
 31
0.0
 12
32068.55766531945
 22
5028.392857417873
 32
0.0
 13
32068.55766531945
 23
5028.392857417873
 33
0.0
  0
MTEXT
  5
D672
330
D65C
100
AcDbEntity
  8
0
 62
     1
440
 16777216
100
AcDbMText
 10
32007.92085429581
 20
4857.758953996381
 30
0.0
 40
120.0
 41
0.0
 46
0.0
 71
     5
 72
     1
  1
25
 11
0.0000000000000001
 21
1.0
 31
0.0
 73
     1
 44
1.0
  0
POINT
  5
D673
330
D65C
100
AcDbEntity
  8
Defpoints
 62
     0
440
 16777216
100
AcDbPoint
 10
31840.49244794367
 20
5053.792857417867
 30
0.0
  0
POINT
  5
D674
330
D65C
100
AcDbEntity
  8
Defpoints
 62
     0
440
 16777216
100
AcDbPoint
 10
31840.49244794367
 20
5028.392857417873
 30
0.0
  0
POINT
  5
D675
330
D65C
100
AcDbEntity
  8
Defpoints
 62
     0
440
 16777216
100
AcDbPoint
 10
32068.55766531945
 20
5028.392857417873
 30
0.0
  0
ENDBLK
  5
D65E
330
D65C
100
AcDbEntity
  8
0
100
AcDbBlockEnd
  0
BLOCK
  5
D679
330
D678
100
AcDbEntity
  8
0
100
AcDbBlockBegin
  2
*D244
 70
     1
 10
0.0
 20
0.0
 30
0.0
  3
*D244
  1

  0
LINE
  5
D6B3
330
D678
100
AcDbEntity
  8
0
 62
     1
440
 16777216
370
    -2
100
AcDbLine
 10
31369.7011171074
 20
5287.772914988114
 30
0.0
 11
31623.81359364921
 21
5171.98253643361
 31
0.0
  0
LINE
  5
D6B4
330
D678
100
AcDbEntity
  8
0
 62
     1
440
 16777216
370
    -2
100
AcDbLine
 10
31752.37130223808
 20
5113.403178402144
 30
0.0
 11
31797.87040278271
 21
5092.670791910739
 31
0.0
  0
MTEXT
  5
D6B5
330
D678
100
AcDbEntity
  8
0
 62
     1
440
 16777216
100
AcDbMText
 10
31499.14582372682
 20
5295.411578366941
 30
0.0
 40
120.0
 41
0.0
 46
0.0
 71
     5
 72
     1
  1
∅41
 11
0.9099820108927385
 21
-0.4146477298281132
 31
0.0
 73
     1
 44
1.0
  0
LINE
  5
D6B6
330
D678
100
AcDbEntity
  8
0
 62
     1
440
 16777216
370
    -2
100
AcDbLine
 10
31706.87220169345
 20
5134.13556489355
 30
0.0
 11
31669.31269419385
 21
5151.250149942205
 31
0.0
  0
SOLID
  5
D6B7
330
D678
100
AcDbEntity
  8
0
 62
     1
440
 16777216
100
AcDbTrace
 10
31755.82669998665
 20
5120.98636182625
 30
0.0
 11
31748.91590448952
 21
5105.819994978039
 31
0.0
 12
31706.87220169345
 22
5134.13556489355
 32
0.0
 13
31706.87220169345
 23
5134.13556489355
 33
0.0
  0
SOLID
  5
D6B8
330
D678
100
AcDbEntity
  8
0
 62
     1
440
 16777216
100
AcDbTrace
 10
31627.26899139778
 20
5179.565719857715
 30
0.0
 11
31620.35819590065
 21
5164.399353009505
 31
0.0
 12
31669.31269419385
 22
5151.250149942205
 32
0.0
 13
31669.31269419385
 23
5151.250149942205
 33
0.0
  0
POINT
  5
D6B9
330
D678
100
AcDbEntity
  8
Defpoints
 62
     0
440
 16777216
100
AcDbPoint
 10
31669.31269419385
 20
5151.250149942205
 30
0.0
  0
POINT
  5
D6BA
330
D678
100
AcDbEntity
  8
Defpoints
 62
     0
440
 16777216
100
AcDbPoint
 10
31706.87220169345
 20
5134.13556489355
 30
0.0
  0
ENDBLK
  5
D67A
330
D678
100
AcDbEntity
  8
0
100
AcDbBlockEnd
  0
BLOCK
  5
D68F
330
D68E
100
AcDbEntity
  8
0
100
AcDbBlockBegin
  2
*D245
 70
     1
 10
0.0
 20
0.0
 30
0.0
  3
*D245
  1

  0
LINE
  5
D6A7
330
D68E
100
AcDbEntity
  8
0
 62
     1
440
 16777216
370
    -2
100
AcDbLine
 10
31613.09244794365
 20
5206.192857417876
 30
0.0
 11
31305.06284811853
 21
5206.192857417876
 31
0.0
  0
LINE
  5
D6A8
330
D68E
100
AcDbEntity
  8
0
 62
     1
440
 16777216
370
    -2
100
AcDbLine
 10
31460.69244794363
 20
5028.392857417873
 30
0.0
 11
31305.06284811853
 21
5028.392857417873
 31
0.0
  0
LINE
  5
D6A9
330
D68E
100
AcDbEntity
  8
0
 62
     1
440
 16777216
370
    -2
100
AcDbLine
 10
31306.31284811853
 20
5156.192857417877
 30
0.0
 11
31306.31284811853
 21
5078.392857417874
 31
0.0
  0
LINE
  5
D6AA
330
D68E
100
AcDbEntity
  8
0
 62
     1
440
 16777216
370
    -2
100
AcDbLine
 10
31306.31284811853
 20
5028.392857417873
 30
0.0
 11
31306.31284811853
 21
4785.142857417873
 31
0.0
  0
SOLID
  5
D6AB
330
D68E
100
AcDbEntity
  8
0
 62
     1
440
 16777216
100
AcDbTrace
 10
31297.97951478519
 20
5156.192857417877
 30
0.0
 11
31314.64618145186
 21
5156.192857417877
 31
0.0
 12
31306.31284811853
 22
5206.192857417876
 32
0.0
 13
31306.31284811853
 23
5206.192857417876
 33
0.0
  0
SOLID
  5
D6AC
330
D68E
100
AcDbEntity
  8
0
 62
     1
440
 16777216
100
AcDbTrace
 10
31297.97951478519
 20
5078.392857417874
 30
0.0
 11
31314.64618145186
 21
5078.392857417874
 31
0.0
 12
31306.31284811853
 22
5028.392857417873
 32
0.0
 13
31306.31284811853
 23
5028.392857417873
 33
0.0
  0
MTEXT
  5
D6AD
330
D68E
100
AcDbEntity
  8
0
 62
     1
440
 16777216
100
AcDbMText
 10
31245.68784811852
 20
4881.767857417863
 30
0.0
 40
120.0
 41
0.0
 46
0.0
 71
     5
 72
     1
  1
178
 11
0.0000000000000001
 21
1.0
 31
0.0
 73
     1
 44
1.0
  0
POINT
  5
D6AE
330
D68E
100
AcDbEntity
  8
Defpoints
 62
     0
440
 16777216
100
AcDbPoint
 10
31688.09244794365
 20
5206.192857417876
 30
0.0
  0
POINT
  5
D6AF
330
D68E
100
AcDbEntity
  8
Defpoints
 62
     0
440
 16777216
100
AcDbPoint
 10
31535.69244794363
 20
5028.392857417873
 30
0.0
  0
POINT
  5
D6B0
330
D68E
100
AcDbEntity
  8
Defpoints
 62
     0
440
 16777216
100
AcDbPoint
 10
31306.31284811853
 20
5028.392857417873
 30
0.0
  0
ENDBLK
  5
D690
330
D68E
100
AcDbEntity
  8
0
100
AcDbBlockEnd
  0
BLOCK
  5
D6BD
330
D6BC
100
AcDbEntity
  8
0
100
AcDbBlockBegin
  2
*D246
 70
     1
 10
0.0
 20
0.0
 30
0.0
  3
*D246
  1

  0
LINE
  5
D6CA
330
D6BC
100
AcDbEntity
  8
0
 62
     0
440
 16777216
370
    -2
100
AcDbLine
 10
31535.69244794361
 20
5028.330357417871
 30
0.0
 11
31535.69244794361
 21
4903.198718180123
 31
0.0
  0
LINE
  5
D6CB
330
D6BC
100
AcDbEntity
  8
0
 62
     0
440
 16777216
370
    -2
100
AcDbLine
 10
31840.49244794366
 20
5028.330357417871
 30
0.0
 11
31840.49244794366
 21
4903.198718180123
 31
0.0
  0
LINE
  5
D6CC
330
D6BC
100
AcDbEntity
  8
0
 62
     0
440
 16777216
370
    -2
100
AcDbLine
 10
31555.69244794361
 20
4904.198718180123
 30
0.0
 11
31820.49244794366
 21
4904.198718180123
 31
0.0
  0
LINE
  5
D6CD
330
D6BC
100
AcDbEntity
  8
0
 62
     0
440
 16777216
370
    -2
100
AcDbLine
 10
31840.49244794366
 20
4904.198718180123
 30
0.0
 11
31860.49244794366
 21
4904.198718180123
 31
0.0
  0
SOLID
  5
D6CE
330
D6BC
100
AcDbEntity
  8
0
 62
     0
440
 16777216
100
AcDbTrace
 10
31555.69244794361
 20
4907.532051513456
 30
0.0
 11
31555.69244794361
 21
4900.86538484679
 31
0.0
 12
31535.69244794361
 22
4904.198718180123
 32
0.0
 13
31535.69244794361
 23
4904.198718180123
 33
0.0
  0
SOLID
  5
D6CF
330
D6BC
100
AcDbEntity
  8
0
 62
     0
440
 16777216
100
AcDbTrace
 10
31820.49244794366
 20
4907.532051513456
 30
0.0
 11
31820.49244794366
 21
4900.86538484679
 31
0.0
 12
31840.49244794366
 22
4904.198718180123
 32
0.0
 13
31840.49244794366
 23
4904.198718180123
 33
0.0
  0
MTEXT
  5
D6D0
330
D6BC
100
AcDbEntity
  8
0
 62
     0
440
 16777216
100
AcDbMText
 10
32018.53969203815
 20
4904.198718180123
 30
0.0
 40
120.0
 41
0.0
 46
0.0
 71
     5
 72
     1
  1
\A1;12.00
 73
     1
 44
1.0
  0
POINT
  5
D6D1
330
D6BC
100
AcDbEntity
  8
Defpoints
 62
     0
440
 16777216
100
AcDbPoint
 10
31535.69244794361
 20
5028.392857417872
 30
0.0
  0
POINT
  5
D6D2
330
D6BC
100
AcDbEntity
  8
Defpoints
 62
     0
440
 16777216
100
AcDbPoint
 10
31840.49244794366
 20
5028.392857417872
 30
0.0
  0
POINT
  5
D6D3
330
D6BC
100
AcDbEntity
  8
Defpoints
 62
     0
440
 16777216
100
AcDbPoint
 10
31840.49244794366
 20
4904.198718180123
 30
0.0
  0
ENDBLK
  5
D6BE
330
D6BC
100
AcDbEntity
  8
0
100
AcDbBlockEnd
  0
BLOCK
  5
D6D7
330
D6D6
100
AcDbEntity
  8
0
100
AcDbBlockBegin
  2
*D247
 70
     1
 10
0.0
 20
0.0
 30
0.0
  3
*D247
  1

  0
LINE
  5
D6E4
330
D6D6
100
AcDbEntity
  8
0
 62
     0
440
 16777216
370
    -2
100
AcDbLine
 10
31708.72994794364
 20
5142.755357417875
 30
0.0
 11
31708.72994794364
 21
5327.373068299319
 31
0.0
  0
LINE
  5
D6E5
330
D6D6
100
AcDbEntity
  8
0
 62
     0
440
 16777216
370
    -2
100
AcDbLine
 10
31667.45494794364
 20
5142.755357417875
 30
0.0
 11
31667.45494794364
 21
5327.373068299319
 31
0.0
  0
LINE
  5
D6E6
330
D6D6
100
AcDbEntity
  8
0
 62
     0
440
 16777216
370
    -2
100
AcDbLine
 10
31728.72994794364
 20
5326.373068299319
 30
0.0
 11
31748.72994794364
 21
5326.373068299319
 31
0.0
  0
LINE
  5
D6E7
330
D6D6
100
AcDbEntity
  8
0
 62
     0
440
 16777216
370
    -2
100
AcDbLine
 10
31647.45494794364
 20
5326.373068299319
 30
0.0
 11
31627.45494794364
 21
5326.373068299319
 31
0.0
  0
SOLID
  5
D6E8
330
D6D6
100
AcDbEntity
  8
0
 62
     0
440
 16777216
100
AcDbTrace
 10
31728.72994794364
 20
5329.706401632652
 30
0.0
 11
31728.72994794364
 21
5323.039734965986
 31
0.0
 12
31708.72994794364
 22
5326.373068299319
 32
0.0
 13
31708.72994794364
 23
5326.373068299319
 33
0.0
  0
SOLID
  5
D6E9
330
D6D6
100
AcDbEntity
  8
0
 62
     0
440
 16777216
100
AcDbTrace
 10
31647.45494794364
 20
5329.706401632652
 30
0.0
 11
31647.45494794364
 21
5323.039734965986
 31
0.0
 12
31667.45494794364
 22
5326.373068299319
 32
0.0
 13
31667.45494794364
 23
5326.373068299319
 33
0.0
  0
MTEXT
  5
D6EA
330
D6D6
100
AcDbEntity
  8
0
 62
     0
440
 16777216
100
AcDbMText
 10
31508.9696665694
 20
5326.373068299319
 30
0.0
 40
120.0
 41
0.0
 46
0.0
 71
     5
 72
     1
  1
\A1;1.63
 73
     1
 44
1.0
  0
POINT
  5
D6EB
330
D6D6
100
AcDbEntity
  8
Defpoints
 62
     0
440
 16777216
100
AcDbPoint
 10
31708.72994794364
 20
5142.692857417874
 30
0.0
  0
POINT
  5
D6EC
330
D6D6
100
AcDbEntity
  8
Defpoints
 62
     0
440
 16777216
100
AcDbPoint
 10
31667.45494794364
 20
5142.692857417874
 30
0.0
  0
POINT
  5
D6ED
330
D6D6
100
AcDbEntity
  8
Defpoints
 62
     0
440
 16777216
100
AcDbPoint
 10
31667.45494794364
 20
5326.373068299319
 30
0.0
  0
ENDBLK
  5
D6D8
330
D6D6
100
AcDbEntity
  8
0
100
AcDbBlockEnd
  0
BLOCK
  5
D6F2
330
D6F1
100
AcDbEntity
  8
0
100
AcDbBlockBegin
  2
*D248
 70
     1
 10
0.0
 20
0.0
 30
0.0
  3
*D248
  1

  0
LINE
  5
D772
330
D6F1
100
AcDbEntity
  8
0
 62
     0
440
 16777216
370
    -2
100
AcDbLine
 10
31535.69244794361
 20
5027.392857417872
 30
0.0
 11
31535.69244794361
 21
4918.925467341789
 31
0.0
  0
LINE
  5
D773
330
D6F1
100
AcDbEntity
  8
0
 62
     0
440
 16777216
370
    -2
100
AcDbLine
 10
31840.49244794366
 20
5027.392857417872
 30
0.0
 11
31840.49244794366
 21
4918.925467341789
 31
0.0
  0
LINE
  5
D774
330
D6F1
100
AcDbEntity
  8
0
  6
CENTER2
 62
   127
420
  4161391
440
 16777216
370
    25
100
AcDbLine
 10
31495.69244794361
 20
4920.925467341788
 30
0.0
 11
31455.69244794361
 21
4920.925467341788
 31
0.0
  0
LINE
  5
D775
330
D6F1
100
AcDbEntity
  8
0
  6
CENTER2
 62
   127
420
  4161391
440
 16777216
370
    25
100
AcDbLine
 10
31880.49244794366
 20
4920.925467341788
 30
0.0
 11
31920.49244794366
 21
4920.925467341788
 31
0.0
  0
SOLID
  5
D776
330
D6F1
100
AcDbEntity
  8
0
 62
   127
420
  4161391
440
 16777216
100
AcDbTrace
 10
31495.69244794361
 20
4927.592134008456
 30
0.0
 11
31495.69244794361
 21
4914.258800675122
 31
0.0
 12
31535.69244794361
 22
4920.925467341788
 32
0.0
 13
31535.69244794361
 23
4920.925467341788
 33
0.0
  0
SOLID
  5
D777
330
D6F1
100
AcDbEntity
  8
0
 62
   127
420
  4161391
440
 16777216
100
AcDbTrace
 10
31880.49244794366
 20
4927.592134008456
 30
0.0
 11
31880.49244794366
 21
4914.258800675122
 31
0.0
 12
31840.49244794366
 22
4920.925467341788
 32
0.0
 13
31840.49244794366
 23
4920.925467341788
 33
0.0
  0
MTEXT
  5
D778
330
D6F1
100
AcDbEntity
  8
0
 62
   127
420
  4161391
440
 16777216
100
AcDbMText
 10
31688.09244794364
 20
4920.925467341788
 30
0.0
 40
80.0
 41
0.0
 46
0.0
 71
     5
 72
     1
  1
\A1;30.48
  7
Annotative
 73
     1
 44
1.0
  0
POINT
  5
D779
330
D6F1
100
AcDbEntity
  8
Defpoints
 62
     0
440
 16777216
100
AcDbPoint
 10
31535.69244794361
 20
5028.392857417872
 30
0.0
  0
POINT
  5
D77A
330
D6F1
100
AcDbEntity
  8
Defpoints
 62
     0
440
 16777216
100
AcDbPoint
 10
31840.49244794366
 20
5028.392857417872
 30
0.0
  0
POINT
  5
D77B
330
D6F1
100
AcDbEntity
  8
Defpoints
 62
     0
440
 16777216
100
AcDbPoint
 10
31840.49244794366
 20
4920.925467341788
 30
0.0
  0
ENDBLK
  5
D6F3
330
D6F1
100
AcDbEntity
  8
0
100
AcDbBlockEnd
  0
BLOCK
  5
D70C
330
D70B
100
AcDbEntity
  8
0
100
AcDbBlockBegin
  2
*D249
 70
     1
 10
0.0
 20
0.0
 30
0.0
  3
*D249
  1

  0
LINE
  5
D77C
330
D70B
100
AcDbEntity
  8
0
 62
     0
440
 16777216
370
    -2
100
AcDbLine
 10
31841.49244794368
 20
5053.792857417867
 30
0.0
 11
32245.46990764495
 21
5053.792857417867
 31
0.0
  0
LINE
  5
D77D
330
D70B
100
AcDbEntity
  8
0
 62
     0
440
 16777216
370
    -2
100
AcDbLine
 10
31841.49244794368
 20
5028.392857417873
 30
0.0
 11
32245.46990764495
 21
5028.392857417873
 31
0.0
  0
LINE
  5
D77E
330
D70B
100
AcDbEntity
  8
0
  6
CENTER2
 62
   127
420
  4161391
440
 16777216
370
    25
100
AcDbLine
 10
32243.46990764495
 20
5093.792857417867
 30
0.0
 11
32243.46990764495
 21
5133.792857417867
 31
0.0
  0
LINE
  5
D77F
330
D70B
100
AcDbEntity
  8
0
  6
CENTER2
 62
   127
420
  4161391
440
 16777216
370
    25
100
AcDbLine
 10
32243.46990764495
 20
4988.392857417874
 30
0.0
 11
32243.46990764495
 21
4948.392857417873
 31
0.0
  0
LINE
  5
D780
330
D70B
100
AcDbEntity
  8
0
  6
CENTER2
 62
   127
420
  4161391
440
 16777216
370
    25
100
AcDbLine
 10
32243.46990764495
 20
4948.392857417873
 30
0.0
 11
32203.46990764495
 21
4948.392857417873
 31
0.0
  0
SOLID
  5
D781
330
D70B
100
AcDbEntity
  8
0
 62
   127
420
  4161391
440
 16777216
100
AcDbTrace
 10
32236.80324097828
 20
5093.792857417867
 30
0.0
 11
32250.13657431162
 21
5093.792857417867
 31
0.0
 12
32243.46990764495
 22
5053.792857417867
 32
0.0
 13
32243.46990764495
 23
5053.792857417867
 33
0.0
  0
SOLID
  5
D782
330
D70B
100
AcDbEntity
  8
0
 62
   127
420
  4161391
440
 16777216
100
AcDbTrace
 10
32236.80324097828
 20
4988.392857417874
 30
0.0
 11
32250.13657431162
 21
4988.392857417874
 31
0.0
 12
32243.46990764495
 22
5028.392857417873
 32
0.0
 13
32243.46990764495
 23
5028.392857417873
 33
0.0
  0
MTEXT
  5
D783
330
D70B
100
AcDbEntity
  8
0
 62
   127
420
  4161391
440
 16777216
100
AcDbMText
 10
32094.04971664903
 20
4948.392857417863
 30
0.0
 40
80.0
 41
0.0
 46
0.0
 71
     5
 72
     1
  1
\A1;2.54
  7
Annotative
 73
     1
 44
1.0
  0
POINT
  5
D784
330
D70B
100
AcDbEntity
  8
Defpoints
 62
     0
440
 16777216
100
AcDbPoint
 10
31840.49244794367
 20
5053.792857417867
 30
0.0
  0
POINT
  5
D785
330
D70B
100
AcDbEntity
  8
Defpoints
 62
     0
440
 16777216
100
AcDbPoint
 10
31840.49244794367
 20
5028.392857417873
 30
0.0
  0
POINT
  5
D786
330
D70B
100
AcDbEntity
  8
Defpoints
 62
     0
440
 16777216
100
AcDbPoint
 10
32243.46990764495
 20
5028.392857417873
 30
0.0
  0
ENDBLK
  5
D70D
330
D70B
100
AcDbEntity
  8
0
100
AcDbBlockEnd
  0
BLOCK
  5
D728
330
D727
100
AcDbEntity
  8
0
100
AcDbBlockBegin
  2
*D250
 70
     1
 10
0.0
 20
0.0
 30
0.0
  3
*D250
  1

  0
LINE
  5
D787
330
D727
100
AcDbEntity
  8
0
  6
CENTER2
 62
   127
420
  4161391
440
 16777216
370
    25
100
AcDbLine
 10
31848.95464583789
 20
5232.988221857525
 30
0.0
 11
31808.95464583789
 21
5232.988221857525
 31
0.0
  0
LINE
  5
D788
330
D727
100
AcDbEntity
  8
0
  6
CENTER2
 62
   127
420
  4161391
440
 16777216
370
    25
100
AcDbLine
 10
31808.95464583789
 20
5232.988221857525
 30
0.0
 11
31736.67013510072
 21
5178.984932540664
 31
0.0
  0
MTEXT
  5
D789
330
D727
100
AcDbEntity
  8
0
 62
   127
420
  4161391
440
 16777216
100
AcDbMText
 10
32001.37620109028
 20
5232.988221857528
 30
0.0
 40
80.0
 41
0.0
 46
0.0
 71
     5
 72
     1
  1
\A1;∅4.13
  7
Annotative
 73
     1
 44
1.0
  0
SOLID
  5
D78A
330
D727
100
AcDbEntity
  8
0
 62
   127
420
  4161391
440
 16777216
100
AcDbTrace
 10
31732.68007668002
 20
5184.325707600881
 30
0.0
 11
31740.66019352142
 21
5173.644157480449
 31
0.0
 12
31704.62548473942
 22
5155.044582016457
 32
0.0
 13
31704.62548473942
 23
5155.044582016457
 33
0.0
  0
LINE
  5
D78B
330
D727
100
AcDbEntity
  8
0
 62
     0
440
 16777216
370
    -2
100
AcDbLine
 10
31678.09244794364
 20
5142.692857417873
 30
0.0
 11
31698.09244794364
 21
5142.692857417871
 31
0.0
  0
LINE
  5
D78C
330
D727
100
AcDbEntity
  8
0
 62
     0
440
 16777216
370
    -2
100
AcDbLine
 10
31688.09244794364
 20
5132.692857417873
 30
0.0
 11
31688.09244794364
 21
5152.692857417877
 31
0.0
  0
POINT
  5
D78D
330
D727
100
AcDbEntity
  8
Defpoints
 62
     0
440
 16777216
100
AcDbPoint
 10
31704.62548473942
 20
5155.044582016457
 30
0.0
  0
POINT
  5
D78E
330
D727
100
AcDbEntity
  8
Defpoints
 62
     0
440
 16777216
100
AcDbPoint
 10
31671.55941114785
 20
5130.341132819287
 30
0.0
  0
ENDBLK
  5
D729
330
D727
100
AcDbEntity
  8
0
100
AcDbBlockEnd
  0
BLOCK
  5
D73E
330
D73D
100
AcDbEntity
  8
0
100
AcDbBlockBegin
  2
*D251
 70
     1
 10
0.0
 20
0.0
 30
0.0
  3
*D251
  1

  0
LINE
  5
D78F
330
D73D
100
AcDbEntity
  8
0
 62
     0
440
 16777216
370
    -2
100
AcDbLine
 10
31687.09244794365
 20
5206.192857417876
 30
0.0
 11
31338.58085556426
 21
5206.192857417876
 31
0.0
  0
LINE
  5
D790
330
D73D
100
AcDbEntity
  8
0
 62
     0
440
 16777216
370
    -2
100
AcDbLine
 10
31687.09244794365
 20
5028.392857417873
 30
0.0
 11
31338.58085556426
 21
5028.392857417873
 31
0.0
  0
LINE
  5
D791
330
D73D
100
AcDbEntity
  8
0
  6
CENTER2
 62
   127
420
  4161391
440
 16777216
370
    25
100
AcDbLine
 10
31340.58085556426
 20
5246.192857417876
 30
0.0
 11
31340.58085556426
 21
5286.192857417876
 31
0.0
  0
LINE
  5
D792
330
D73D
100
AcDbEntity
  8
0
  6
CENTER2
 62
   127
420
  4161391
440
 16777216
370
    25
100
AcDbLine
 10
31340.58085556426
 20
4988.392857417874
 30
0.0
 11
31340.58085556426
 21
4948.392857417873
 31
0.0
  0
SOLID
  5
D793
330
D73D
100
AcDbEntity
  8
0
 62
   127
420
  4161391
440
 16777216
100
AcDbTrace
 10
31333.91418889759
 20
5246.192857417876
 30
0.0
 11
31347.24752223092
 21
5246.192857417876
 31
0.0
 12
31340.58085556426
 22
5206.192857417876
 32
0.0
 13
31340.58085556426
 23
5206.192857417876
 33
0.0
  0
SOLID
  5
D794
330
D73D
100
AcDbEntity
  8
0
 62
   127
420
  4161391
440
 16777216
100
AcDbTrace
 10
31333.91418889759
 20
4988.392857417874
 30
0.0
 11
31347.24752223092
 21
4988.392857417874
 31
0.0
 12
31340.58085556426
 22
5028.392857417873
 32
0.0
 13
31340.58085556426
 23
5028.392857417873
 33
0.0
  0
MTEXT
  5
D795
330
D73D
100
AcDbEntity
  8
0
 62
   127
420
  4161391
440
 16777216
100
AcDbMText
 10
31340.58085556425
 20
5117.292857417865
 30
0.0
 40
80.0
 41
0.0
 46
0.0
 71
     5
 72
     1
  1
\A1;17.78
  7
Annotative
 73
     1
 44
1.0
  0
POINT
  5
D796
330
D73D
100
AcDbEntity
  8
Defpoints
 62
     0
440
 16777216
100
AcDbPoint
 10
31688.09244794365
 20
5206.192857417876
 30
0.0
  0
POINT
  5
D797
330
D73D
100
AcDbEntity
  8
Defpoints
 62
     0
440
 16777216
100
AcDbPoint
 10
31688.09244794365
 20
5028.392857417873
 30
0.0
  0
POINT
  5
D798
330
D73D
100
AcDbEntity
  8
Defpoints
 62
     0
440
 16777216
100
AcDbPoint
 10
31340.58085556426
 20
5028.392857417873
 30
0.0
  0
ENDBLK
  5
D73F
330
D73D
100
AcDbEntity
  8
0
100
AcDbBlockEnd
  0
BLOCK
  5
D758
330
D757
100
AcDbEntity
  8
0
100
AcDbBlockBegin
  2
*D252
 70
     1
 10
0.0
 20
0.0
 30
0.0
  3
*D252
  1

  0
LINE
  5
D799
330
D757
100
AcDbEntity
  8
0
 62
     0
440
 16777216
370
    -2
100
AcDbLine
 10
31687.09244794365
 20
5142.692857417877
 30
0.0
 11
31527.62344930791
 21
5142.692857417877
 31
0.0
  0
LINE
  5
D79A
330
D757
100
AcDbEntity
  8
0
 62
     0
440
 16777216
370
    -2
100
AcDbLine
 10
31687.09244794365
 20
5206.192857417876
 30
0.0
 11
31527.62344930791
 21
5206.192857417876
 31
0.0
  0
LINE
  5
D79B
330
D757
100
AcDbEntity
  8
0
  6
CENTER2
 62
   127
420
  4161391
440
 16777216
370
    25
100
AcDbLine
 10
31529.62344930791
 20
5102.692857417877
 30
0.0
 11
31529.62344930791
 21
5062.692857417876
 31
0.0
  0
LINE
  5
D79C
330
D757
100
AcDbEntity
  8
0
  6
CENTER2
 62
   127
420
  4161391
440
 16777216
370
    25
100
AcDbLine
 10
31529.62344930791
 20
5246.192857417876
 30
0.0
 11
31529.62344930791
 21
5286.192857417876
 31
0.0
  0
LINE
  5
D79D
330
D757
100
AcDbEntity
  8
0
  6
CENTER2
 62
   127
420
  4161391
440
 16777216
370
    25
100
AcDbLine
 10
31529.62344930791
 20
5286.192857417876
 30
0.0
 11
31569.62344930791
 21
5286.192857417876
 31
0.0
  0
SOLID
  5
D79E
330
D757
100
AcDbEntity
  8
0
 62
   127
420
  4161391
440
 16777216
100
AcDbTrace
 10
31522.95678264124
 20
5102.692857417877
 30
0.0
 11
31536.29011597458
 21
5102.692857417877
 31
0.0
 12
31529.62344930791
 22
5142.692857417877
 32
0.0
 13
31529.62344930791
 23
5142.692857417877
 33
0.0
  0
SOLID
  5
D79F
330
D757
100
AcDbEntity
  8
0
 62
   127
420
  4161391
440
 16777216
100
AcDbTrace
 10
31522.95678264124
 20
5246.192857417876
 30
0.0
 11
31536.29011597458
 21
5246.192857417876
 31
0.0
 12
31529.62344930791
 22
5206.192857417876
 32
0.0
 13
31529.62344930791
 23
5206.192857417876
 33
0.0
  0
MTEXT
  5
D7A0
330
D757
100
AcDbEntity
  8
0
 62
   127
420
  4161391
440
 16777216
100
AcDbMText
 10
31679.04364030381
 20
5286.192857417866
 30
0.0
 40
80.0
 41
0.0
 46
0.0
 71
     5
 72
     1
  1
\A1;6.35
  7
Annotative
 73
     1
 44
1.0
  0
POINT
  5
D7A1
330
D757
100
AcDbEntity
  8
Defpoints
 62
     0
440
 16777216
100
AcDbPoint
 10
31688.09244794365
 20
5142.692857417877
 30
0.0
  0
POINT
  5
D7A2
330
D757
100
AcDbEntity
  8
Defpoints
 62
     0
440
 16777216
100
AcDbPoint
 10
31688.09244794365
 20
5206.192857417876
 30
0.0
  0
POINT
  5
D7A3
330
D757
100
AcDbEntity
  8
Defpoints
 62
     0
440
 16777216
100
AcDbPoint
 10
31529.62344930791
 20
5206.192857417876
 30
0.0
  0
ENDBLK
  5
D759
330
D757
100
AcDbEntity
  8
0
100
AcDbBlockEnd
  0
BLOCK
  5
D7A6
330
D7A5
100
AcDbEntity
  8
0
100
AcDbBlockBegin
  2
*D253
 70
     1
 10
0.0
 20
0.0
 30
0.0
  3
*D253
  1

  0
LINE
  5
D7B3
330
D7A5
100
AcDbEntity
  8
0
 62
     0
440
 16777216
370
    -2
100
AcDbLine
 10
31535.69244794361
 20
5027.392857417872
 30
0.0
 11
31535.69244794361
 21
4913.241480937344
 31
0.0
  0
LINE
  5
D7B4
330
D7A5
100
AcDbEntity
  8
0
 62
     0
440
 16777216
370
    -2
100
AcDbLine
 10
31840.49244794366
 20
5027.392857417872
 30
0.0
 11
31840.49244794366
 21
4913.241480937344
 31
0.0
  0
LINE
  5
D7B5
330
D7A5
100
AcDbEntity
  8
0
  6
CENTER2
 62
   127
420
  4161391
440
 16777216
370
    25
100
AcDbLine
 10
31495.69244794361
 20
4915.241480937344
 30
0.0
 11
31455.69244794361
 21
4915.241480937344
 31
0.0
  0
LINE
  5
D7B6
330
D7A5
100
AcDbEntity
  8
0
  6
CENTER2
 62
   127
420
  4161391
440
 16777216
370
    25
100
AcDbLine
 10
31880.49244794366
 20
4915.241480937344
 30
0.0
 11
31920.49244794366
 21
4915.241480937344
 31
0.0
  0
SOLID
  5
D7B7
330
D7A5
100
AcDbEntity
  8
0
 62
   127
420
  4161391
440
 16777216
100
AcDbTrace
 10
31495.69244794361
 20
4921.90814760401
 30
0.0
 11
31495.69244794361
 21
4908.574814270677
 31
0.0
 12
31535.69244794361
 22
4915.241480937344
 32
0.0
 13
31535.69244794361
 23
4915.241480937344
 33
0.0
  0
SOLID
  5
D7B8
330
D7A5
100
AcDbEntity
  8
0
 62
   127
420
  4161391
440
 16777216
100
AcDbTrace
 10
31880.49244794366
 20
4921.90814760401
 30
0.0
 11
31880.49244794366
 21
4908.574814270677
 31
0.0
 12
31840.49244794366
 22
4915.241480937344
 32
0.0
 13
31840.49244794366
 23
4915.241480937344
 33
0.0
  0
MTEXT
  5
D7B9
330
D7A5
100
AcDbEntity
  8
0
 62
   127
420
  4161391
440
 16777216
100
AcDbMText
 10
31688.09244794364
 20
4915.241480937344
 30
0.0
 40
80.0
 41
0.0
 46
0.0
 71
     5
 72
     1
  1
\A1;30.48
  7
Annotative
 73
     1
 44
1.0
  0
POINT
  5
D7BA
330
D7A5
100
AcDbEntity
  8
Defpoints
 62
     0
440
 16777216
100
AcDbPoint
 10
31535.69244794361
 20
5028.392857417872
 30
0.0
  0
POINT
  5
D7BB
330
D7A5
100
AcDbEntity
  8
Defpoints
 62
     0
440
 16777216
100
AcDbPoint
 10
31840.49244794366
 20
5028.392857417872
 30
0.0
  0
POINT
  5
D7BC
330
D7A5
100
AcDbEntity
  8
Defpoints
 62
     0
440
 16777216
100
AcDbPoint
 10
31840.49244794366
 20
4915.241480937344
 30
0.0
  0
ENDBLK
  5
D7A7
330
D7A5
100
AcDbEntity
  8
0
100
AcDbBlockEnd
  0
BLOCK
  5
D7C0
330
D7BF
100
AcDbEntity
  8
0
100
AcDbBlockBegin
  2
*D254
 70
     1
 10
0.0
 20
0.0
 30
0.0
  3
*D254
  1

  0
LINE
  5
D7CE
330
D7BF
100
AcDbEntity
  8
0
 62
     0
440
 16777216
370
    -2
100
AcDbLine
 10
31841.49244794368
 20
5053.792857417867
 30
0.0
 11
32112.86404149843
 21
5053.792857417867
 31
0.0
  0
LINE
  5
D7CF
330
D7BF
100
AcDbEntity
  8
0
 62
     0
440
 16777216
370
    -2
100
AcDbLine
 10
31841.49244794368
 20
5028.392857417873
 30
0.0
 11
32112.86404149843
 21
5028.392857417873
 31
0.0
  0
LINE
  5
D7D0
330
D7BF
100
AcDbEntity
  8
0
  6
CENTER2
 62
   127
420
  4161391
440
 16777216
370
    25
100
AcDbLine
 10
32110.86404149843
 20
5093.792857417867
 30
0.0
 11
32110.86404149843
 21
5133.792857417867
 31
0.0
  0
LINE
  5
D7D1
330
D7BF
100
AcDbEntity
  8
0
  6
CENTER2
 62
   127
420
  4161391
440
 16777216
370
    25
100
AcDbLine
 10
32110.86404149843
 20
4988.392857417874
 30
0.0
 11
32110.86404149843
 21
4948.392857417873
 31
0.0
  0
LINE
  5
D7D2
330
D7BF
100
AcDbEntity
  8
0
  6
CENTER2
 62
   127
420
  4161391
440
 16777216
370
    25
100
AcDbLine
 10
32110.86404149843
 20
4948.392857417873
 30
0.0
 11
32070.86404149843
 21
4948.392857417873
 31
0.0
  0
SOLID
  5
D7D3
330
D7BF
100
AcDbEntity
  8
0
 62
   127
420
  4161391
440
 16777216
100
AcDbTrace
 10
32104.19737483176
 20
5093.792857417867
 30
0.0
 11
32117.53070816509
 21
5093.792857417867
 31
0.0
 12
32110.86404149843
 22
5053.792857417867
 32
0.0
 13
32110.86404149843
 23
5053.792857417867
 33
0.0
  0
SOLID
  5
D7D4
330
D7BF
100
AcDbEntity
  8
0
 62
   127
420
  4161391
440
 16777216
100
AcDbTrace
 10
32104.19737483176
 20
4988.392857417874
 30
0.0
 11
32117.53070816509
 21
4988.392857417874
 31
0.0
 12
32110.86404149843
 22
5028.392857417873
 32
0.0
 13
32110.86404149843
 23
5028.392857417873
 33
0.0
  0
MTEXT
  5
D7D5
330
D7BF
100
AcDbEntity
  8
0
 62
   127
420
  4161391
440
 16777216
100
AcDbMText
 10
31961.44385050251
 20
4948.392857417863
 30
0.0
 40
80.0
 41
0.0
 46
0.0
 71
     5
 72
     1
  1
\A1;2.54
  7
Annotative
 73
     1
 44
1.0
  0
POINT
  5
D7D6
330
D7BF
100
AcDbEntity
  8
Defpoints
 62
     0
440
 16777216
100
AcDbPoint
 10
31840.49244794367
 20
5053.792857417867
 30
0.0
  0
POINT
  5
D7D7
330
D7BF
100
AcDbEntity
  8
Defpoints
 62
     0
440
 16777216
100
AcDbPoint
 10
31840.49244794367
 20
5028.392857417873
 30
0.0
  0
POINT
  5
D7D8
330
D7BF
100
AcDbEntity
  8
Defpoints
 62
     0
440
 16777216
100
AcDbPoint
 10
32110.86404149843
 20
5028.392857417873
 30
0.0
  0
ENDBLK
  5
D7C1
330
D7BF
100
AcDbEntity
  8
0
100
AcDbBlockEnd
  0
BLOCK
  5
D7DC
330
D7DB
100
AcDbEntity
  8
0
100
AcDbBlockBegin
  2
*D255
 70
     1
 10
0.0
 20
0.0
 30
0.0
  3
*D255
  1

  0
LINE
  5
D90C
330
D7DB
100
AcDbEntity
  8
0
 62
   139
420
  2642760
440
 16777216
370
    -2
100
AcDbLine
 10
31535.69244794361
 20
5018.392857417872
 30
0.0
 11
31535.69244794361
 21
4971.004300803395
 31
0.0
  0
LINE
  5
D90D
330
D7DB
100
AcDbEntity
  8
0
 62
   139
420
  2642760
440
 16777216
370
    -2
100
AcDbLine
 10
31840.49244794366
 20
5018.392857417872
 30
0.0
 11
31840.49244794366
 21
4971.004300803395
 31
0.0
  0
LINE
  5
D90E
330
D7DB
100
AcDbEntity
  8
0
  6
Continuous
 62
   139
420
  2642760
440
 16777216
370
    18
100
AcDbLine
 10
31545.69244794362
 20
4981.004300803395
 30
0.0
 11
31654.09244794364
 21
4981.004300803395
 31
0.0
  0
LINE
  5
D90F
330
D7DB
100
AcDbEntity
  8
0
  6
Continuous
 62
   139
420
  2642760
440
 16777216
370
    18
100
AcDbLine
 10
31830.49244794366
 20
4981.004300803395
 30
0.0
 11
31722.09244794364
 21
4981.004300803395
 31
0.0
  0
SOLID
  5
D910
330
D7DB
100
AcDbEntity
  8
0
 62
   139
420
  2642760
440
 16777216
100
AcDbTrace
 10
31545.69244794362
 20
4982.670967470061
 30
0.0
 11
31545.69244794362
 21
4979.337634136728
 31
0.0
 12
31535.69244794361
 22
4981.004300803395
 32
0.0
 13
31535.69244794361
 23
4981.004300803395
 33
0.0
  0
SOLID
  5
D911
330
D7DB
100
AcDbEntity
  8
0
 62
   139
420
  2642760
440
 16777216
100
AcDbTrace
 10
31830.49244794366
 20
4982.670967470061
 30
0.0
 11
31830.49244794366
 21
4979.337634136728
 31
0.0
 12
31840.49244794366
 22
4981.004300803395
 32
0.0
 13
31840.49244794366
 23
4981.004300803395
 33
0.0
  0
MTEXT
  5
D912
330
D7DB
100
AcDbEntity
  8
0
 62
   139
420
  2642760
440
 16777216
100
AcDbMText
 10
31688.09244794364
 20
4981.004300803395
 30
0.0
 40
20.0
 41
0.0
 46
0.0
 71
     5
 72
     1
  1
\A1;30.48
 73
     1
 44
1.0
  0
POINT
  5
D913
330
D7DB
100
AcDbEntity
  8
Defpoints
 62
     0
440
 16777216
100
AcDbPoint
 10
31535.69244794361
 20
5028.392857417872
 30
0.0
  0
POINT
  5
D914
330
D7DB
100
AcDbEntity
  8
Defpoints
 62
     0
440
 16777216
100
AcDbPoint
 10
31840.49244794366
 20
5028.392857417872
 30
0.0
  0
POINT
  5
D915
330
D7DB
100
AcDbEntity
  8
Defpoints
 62
     0
440
 16777216
100
AcDbPoint
 10
31840.49244794366
 20
4981.004300803395
 30
0.0
  0
ENDBLK
  5
D7DD
330
D7DB
100
AcDbEntity
  8
0
100
AcDbBlockEnd
  0
BLOCK
  5
D828
330
D827
100
AcDbEntity
  8
0
100
AcDbBlockBegin
  2
*D256
 70
     1
 10
0.0
 20
0.0
 30
0.0
  3
*D256
  1

  0
LINE
  5
D916
330
D827
100
AcDbEntity
  8
0
 62
   139
420
  2642760
440
 16777216
370
    -2
100
AcDbLine
 10
31850.49244794368
 20
5053.792857417867
 30
0.0
 11
31955.61538211146
 21
5053.792857417867
 31
0.0
  0
LINE
  5
D917
330
D827
100
AcDbEntity
  8
0
 62
   139
420
  2642760
440
 16777216
370
    -2
100
AcDbLine
 10
31850.49244794368
 20
5028.392857417873
 30
0.0
 11
31955.61538211146
 21
5028.392857417873
 31
0.0
  0
LINE
  5
D918
330
D827
100
AcDbEntity
  8
0
  6
Continuous
 62
   139
420
  2642760
440
 16777216
370
    18
100
AcDbLine
 10
31945.61538211146
 20
5063.792857417868
 30
0.0
 11
31945.61538211146
 21
5073.792857417868
 31
0.0
  0
LINE
  5
D919
330
D827
100
AcDbEntity
  8
0
  6
Continuous
 62
   139
420
  2642760
440
 16777216
370
    18
100
AcDbLine
 10
31945.61538211146
 20
5018.392857417873
 30
0.0
 11
31945.61538211146
 21
5008.392857417874
 31
0.0
  0
LINE
  5
D91A
330
D827
100
AcDbEntity
  8
0
  6
Continuous
 62
   139
420
  2642760
440
 16777216
370
    18
100
AcDbLine
 10
31945.61538211146
 20
5008.392857417874
 30
0.0
 11
31935.61538211146
 21
5008.392857417874
 31
0.0
  0
SOLID
  5
D91B
330
D827
100
AcDbEntity
  8
0
 62
   139
420
  2642760
440
 16777216
100
AcDbTrace
 10
31943.94871544479
 20
5063.792857417868
 30
0.0
 11
31947.28204877812
 21
5063.792857417868
 31
0.0
 12
31945.61538211146
 22
5053.792857417867
 32
0.0
 13
31945.61538211146
 23
5053.792857417867
 33
0.0
  0
SOLID
  5
D91C
330
D827
100
AcDbEntity
  8
0
 62
   139
420
  2642760
440
 16777216
100
AcDbTrace
 10
31943.94871544479
 20
5018.392857417873
 30
0.0
 11
31947.28204877812
 21
5018.392857417873
 31
0.0
 12
31945.61538211146
 22
5028.392857417873
 32
0.0
 13
31945.61538211146
 23
5028.392857417873
 33
0.0
  0
MTEXT
  5
D91D
330
D827
100
AcDbEntity
  8
0
 62
   139
420
  2642760
440
 16777216
100
AcDbMText
 10
31908.36144510358
 20
5008.392857417863
 30
0.0
 40
20.0
 41
0.0
 46
0.0
 71
     5
 72
     1
  1
\A1;2.54
 73
     1
 44
1.0
  0
POINT
  5
D91E
330
D827
100
AcDbEntity
  8
Defpoints
 62
     0
440
 16777216
100
AcDbPoint
 10
31840.49244794367
 20
5053.792857417867
 30
0.0
  0
POINT
  5
D91F
330
D827
100
AcDbEntity
  8
Defpoints
 62
     0
440
 16777216
100
AcDbPoint
 10
31840.49244794367
 20
5028.392857417873
 30
0.0
  0
POINT
  5
D920
330
D827
100
AcDbEntity
  8
Defpoints
 62
     0
440
 16777216
100
AcDbPoint
 10
31945.61538211146
 20
5028.392857417873
 30
0.0
  0
ENDBLK
  5
D829
330
D827
100
AcDbEntity
  8
0
100
AcDbBlockEnd
  0
BLOCK
  5
D844
330
D843
100
AcDbEntity
  8
0
100
AcDbBlockBegin
  2
*D257
 70
     1
 10
0.0
 20
0.0
 30
0.0
  3
*D257
  1

  0
LINE
  5
D921
330
D843
100
AcDbEntity
  8
0
  6
Continuous
 62
   139
420
  2642760
440
 16777216
370
    18
100
AcDbLine
 10
31722.91134993096
 20
5092.517977301844
 30
0.0
 11
31705.47017468022
 21
5092.517977301844
 31
0.0
  0
LINE
  5
D922
330
D843
100
AcDbEntity
  8
0
  6
Continuous
 62
   139
420
  2642760
440
 16777216
370
    18
100
AcDbLine
 10
31705.47017468022
 20
5092.517977301844
 30
0.0
 11
31698.11919206084
 21
5113.742541207891
 31
0.0
  0
MTEXT
  5
D923
330
D843
100
AcDbEntity
  8
0
 62
   139
420
  2642760
440
 16777216
100
AcDbMText
 10
31757.32556349333
 20
5092.517977301846
 30
0.0
 40
20.0
 41
0.0
 46
0.0
 71
     5
 72
     1
  1
\A1;∅4.13
 73
     1
 44
1.0
  0
SOLID
  5
D924
330
D843
100
AcDbEntity
  8
0
 62
   139
420
  2642760
440
 16777216
100
AcDbTrace
 10
31699.69407666358
 20
5114.287991724262
 30
0.0
 11
31696.54430745809
 21
5113.197090691517
 31
0.0
 12
31694.8464889626
 22
5123.191848824367
 32
0.0
 13
31694.8464889626
 23
5123.191848824367
 33
0.0
  0
POINT
  5
D925
330
D843
100
AcDbEntity
  8
Defpoints
 62
     0
440
 16777216
100
AcDbPoint
 10
31694.8464889626
 20
5123.191848824367
 30
0.0
  0
POINT
  5
D926
330
D843
100
AcDbEntity
  8
Defpoints
 62
     0
440
 16777216
100
AcDbPoint
 10
31681.33840692465
 20
5162.193866011379
 30
0.0
  0
ENDBLK
  5
D845
330
D843
100
AcDbEntity
  8
0
100
AcDbBlockEnd
  0
BLOCK
  5
D856
330
D855
100
AcDbEntity
  8
0
100
AcDbBlockBegin
  2
*D258
 70
     1
 10
0.0
 20
0.0
 30
0.0
  3
*D258
  1

  0
LINE
  5
D927
330
D855
100
AcDbEntity
  8
0
 62
   139
420
  2642760
440
 16777216
370
    -2
100
AcDbLine
 10
31678.09244794365
 20
5206.192857417876
 30
0.0
 11
31439.9093236144
 21
5206.192857417876
 31
0.0
  0
LINE
  5
D928
330
D855
100
AcDbEntity
  8
0
 62
   139
420
  2642760
440
 16777216
370
    -2
100
AcDbLine
 10
31525.69244794363
 20
5028.392857417875
 30
0.0
 11
31439.9093236144
 21
5028.392857417875
 31
0.0
  0
LINE
  5
D929
330
D855
100
AcDbEntity
  8
0
  6
Continuous
 62
   139
420
  2642760
440
 16777216
370
    18
100
AcDbLine
 10
31449.9093236144
 20
5196.192857417877
 30
0.0
 11
31449.9093236144
 21
5132.292857417876
 31
0.0
  0
LINE
  5
D92A
330
D855
100
AcDbEntity
  8
0
  6
Continuous
 62
   139
420
  2642760
440
 16777216
370
    18
100
AcDbLine
 10
31449.9093236144
 20
5038.392857417875
 30
0.0
 11
31449.9093236144
 21
5102.292857417876
 31
0.0
  0
SOLID
  5
D92B
330
D855
100
AcDbEntity
  8
0
 62
   139
420
  2642760
440
 16777216
100
AcDbTrace
 10
31448.24265694773
 20
5196.192857417877
 30
0.0
 11
31451.57599028106
 21
5196.192857417877
 31
0.0
 12
31449.9093236144
 22
5206.192857417876
 32
0.0
 13
31449.9093236144
 23
5206.192857417876
 33
0.0
  0
SOLID
  5
D92C
330
D855
100
AcDbEntity
  8
0
 62
   139
420
  2642760
440
 16777216
100
AcDbTrace
 10
31448.24265694773
 20
5038.392857417875
 30
0.0
 11
31451.57599028106
 21
5038.392857417875
 31
0.0
 12
31449.9093236144
 22
5028.392857417875
 32
0.0
 13
31449.9093236144
 23
5028.392857417875
 33
0.0
  0
MTEXT
  5
D92D
330
D855
100
AcDbEntity
  8
0
 62
   139
420
  2642760
440
 16777216
100
AcDbMText
 10
31449.90932361439
 20
5117.292857417866
 30
0.0
 40
20.0
 41
0.0
 46
0.0
 71
     5
 72
     1
  1
\A1;17.78
 73
     1
 44
1.0
  0
POINT
  5
D92E
330
D855
100
AcDbEntity
  8
Defpoints
 62
     0
440
 16777216
100
AcDbPoint
 10
31688.09244794365
 20
5206.192857417876
 30
0.0
  0
POINT
  5
D92F
330
D855
100
AcDbEntity
  8
Defpoints
 62
     0
440
 16777216
100
AcDbPoint
 10
31535.69244794363
 20
5028.392857417875
 30
0.0
  0
POINT
  5
D930
330
D855
100
AcDbEntity
  8
Defpoints
 62
     0
440
 16777216
100
AcDbPoint
 10
31449.9093236144
 20
5028.392857417875
 30
0.0
  0
ENDBLK
  5
D857
330
D855
100
AcDbEntity
  8
0
100
AcDbBlockEnd
  0
BLOCK
  5
D87A
330
D879
100
AcDbEntity
  8
0
100
AcDbBlockBegin
  2
*D259
 70
     1
 10
0.0
 20
0.0
 30
0.0
  3
*D259
  1

  0
LINE
  5
D931
330
D879
100
AcDbEntity
  8
0
 62
   139
420
  2642760
440
 16777216
370
    -2
100
AcDbLine
 10
31678.09244794365
 20
5142.692857417877
 30
0.0
 11
31531.81648732856
 21
5142.692857417877
 31
0.0
  0
LINE
  5
D932
330
D879
100
AcDbEntity
  8
0
 62
   139
420
  2642760
440
 16777216
370
    -2
100
AcDbLine
 10
31678.09244794365
 20
5206.192857417876
 30
0.0
 11
31531.81648732856
 21
5206.192857417876
 31
0.0
  0
LINE
  5
D933
330
D879
100
AcDbEntity
  8
0
  6
Continuous
 62
   139
420
  2642760
440
 16777216
370
    18
100
AcDbLine
 10
31541.81648732856
 20
5152.692857417877
 30
0.0
 11
31541.81648732856
 21
5159.442857417876
 31
0.0
  0
LINE
  5
D934
330
D879
100
AcDbEntity
  8
0
  6
Continuous
 62
   139
420
  2642760
440
 16777216
370
    18
100
AcDbLine
 10
31541.81648732856
 20
5196.192857417877
 30
0.0
 11
31541.81648732856
 21
5189.442857417876
 31
0.0
  0
SOLID
  5
D935
330
D879
100
AcDbEntity
  8
0
 62
   139
420
  2642760
440
 16777216
100
AcDbTrace
 10
31540.14982066189
 20
5152.692857417877
 30
0.0
 11
31543.48315399523
 21
5152.692857417877
 31
0.0
 12
31541.81648732856
 22
5142.692857417877
 32
0.0
 13
31541.81648732856
 23
5142.692857417877
 33
0.0
  0
SOLID
  5
D936
330
D879
100
AcDbEntity
  8
0
 62
   139
420
  2642760
440
 16777216
100
AcDbTrace
 10
31540.14982066189
 20
5196.192857417877
 30
0.0
 11
31543.48315399523
 21
5196.192857417877
 31
0.0
 12
31541.81648732856
 22
5206.192857417876
 32
0.0
 13
31541.81648732856
 23
5206.192857417876
 33
0.0
  0
MTEXT
  5
D937
330
D879
100
AcDbEntity
  8
0
 62
   139
420
  2642760
440
 16777216
100
AcDbMText
 10
31541.81648732855
 20
5174.442857417866
 30
0.0
 40
20.0
 41
0.0
 46
0.0
 71
     5
 72
     1
  1
\A1;6.35
 73
     1
 44
1.0
  0
POINT
  5
D938
330
D879
100
AcDbEntity
  8
Defpoints
 62
     0
440
 16777216
100
AcDbPoint
 10
31688.09244794365
 20
5142.692857417877
 30
0.0
  0
POINT
  5
D939
330
D879
100
AcDbEntity
  8
Defpoints
 62
     0
440
 16777216
100
AcDbPoint
 10
31688.09244794365
 20
5206.192857417876
 30
0.0
  0
POINT
  5
D93A
330
D879
100
AcDbEntity
  8
Defpoints
 62
     0
440
 16777216
100
AcDbPoint
 10
31541.81648732856
 20
5206.192857417876
 30
0.0
  0
ENDBLK
  5
D87B
330
D879
100
AcDbEntity
  8
0
100
AcDbBlockEnd
  0
ENDSEC
  0
SECTION
  2
ENTITIES
  0
LINE
  5
D61A
102
{ACAD_REACTORS
330
D7F3
102
}
330
1F
100
AcDbEntity
  8
0
100
AcDbLine
 10
31535.69244794361
 20
5028.392857417872
 30
0.0
 11
31840.49244794366
 21
5028.392857417872
 31
0.0
  0
LINE
  5
D61B
102
{ACAD_REACTORS
330
D841
102
}
330
1F
100
AcDbEntity
  8
0
100
AcDbLine
 10
31840.49244794366
 20
5028.392857417872
 30
0.0
 11
31840.49244794366
 21
5053.792857417866
 31
0.0
  0
LINE
  5
D61C
330
1F
100
AcDbEntity
  8
0
100
AcDbLine
 10
31535.69244794361
 20
5028.392857417872
 30
0.0
 11
31535.69244794361
 21
5053.792857417866
 31
0.0
  0
CIRCLE
  5
D61D
102
{ACAD_REACTORS
330
D853
330
D891
102
}
330
1F
100
AcDbEntity
  8
0
100
AcDbCircle
 10
31688.09244794364
 20
5142.692857417874
 30
0.0
 40
20.6375
  0
ARC
  5
D61E
102
{ACAD_REACTORS
330
D86D
330
D891
102
}
330
1F
100
AcDbEntity
  8
0
100
AcDbCircle
 10
31688.09244794364
 20
5142.692857417874
 30
0.0
 40
63.5
100
AcDbArc
 50
38.64902439184228
 51
141.3509756081577
  0
LINE
  5
D61F
330
1F
100
AcDbEntity
  8
0
100
AcDbLine
 10
31535.69244794361
 20
5053.792857417866
 30
0.0
 11
31638.49981332768
 21
5182.351659616703
 31
0.0
  0
LINE
  5
D620
102
{ACAD_REACTORS
330
D841
102
}
330
1F
100
AcDbEntity
  8
0
100
AcDbLine
 10
31840.49244794366
 20
5053.792857417866
 30
0.0
 11
31737.68508255959
 21
5182.351659616703
 31
0.0
  0
DIMENSION
  5
D7DA
102
{ACAD_XDICTIONARY
360
D7E8
102
}
102
{ACAD_REACTORS
330
D7F3
102
}
330
1F
100
AcDbEntity
  8
0
100
AcDbDimension
280
     0
  2
*D255
 10
31840.49244794366
 20
4981.004300803395
 30
0.0
 11
31688.09244794364
 21
4981.004300803395
 31
0.0
 70
   160
 71
     5
 42
30.48000000000466
 73
     0
 74
     0
 75
     0
  3
Dims
100
AcDbAlignedDimension
 13
31535.69244794361
 23
5028.392857417872
 33
0.0
 14
31840.49244794366
 24
5028.392857417872
 34
0.0
100
AcDbRotatedDimension
1001
ACAD
1000
DSTYLE
1002
{
1070
    40
1040
1.0
1002
}
  0
DIMENSION
  5
D826
102
{ACAD_XDICTIONARY
360
D835
102
}
102
{ACAD_REACTORS
330
D841
102
}
330
1F
100
AcDbEntity
  8
0
100
AcDbDimension
280
     0
  2
*D256
 10
31945.61538211146
 20
5028.392857417873
 30
0.0
 11
31908.36144510358
 21
5008.392857417863
 31
0.0
 70
    32
 71
     5
 42
2.539999999999418
 73
     0
 74
     0
 75
     0
  3
Dims
100
AcDbAlignedDimension
 13
31840.49244794366
 23
5053.792857417866
 33
0.0
 14
31840.49244794366
 24
5028.392857417872
 34
0.0
 50
90.0
100
AcDbRotatedDimension
1001
ACAD
1000
DSTYLE
1002
{
1070
    40
1040
1.0
1002
}
  0
DIMENSION
  5
D842
102
{ACAD_XDICTIONARY
360
D84C
102
}
102
{ACAD_REACTORS
330
D853
102
}
330
1F
100
AcDbEntity
  8
0
100
AcDbDimension
280
     0
  2
*D257
 10
31681.33840692465
 20
5162.193866011379
 30
0.0
 11
31757.32556349333
 21
5092.517977301846
 31
0.0
 70
   163
 71
     5
 42
4.127500000000146
 73
     0
 74
     0
 75
     0
  3
Dims
100
AcDbDiametricDimension
 15
31694.8464889626
 25
5123.191848824367
 35
0.0
 40
0.0
1001
ACAD
1000
DSTYLE
1002
{
1070
    40
1040
1.0
1002
}
1001
ACAD_DSTYLE_DIMRADIAL_EXTENSION
1070
   387
1070
     1
1070
   388
1040
0.0
1070
   390
1040
0.0
  0
DIMENSION
  5
D854
102
{ACAD_XDICTIONARY
360
D862
102
}
102
{ACAD_REACTORS
330
D86D
102
}
330
1F
100
AcDbEntity
  8
0
100
AcDbDimension
280
     0
  2
*D258
 10
31449.9093236144
 20
5028.392857417875
 30
0.0
 11
31449.90932361439
 21
5117.292857417866
 31
0.0
 70
    32
 71
     5
 42
17.78000000000011
 73
     0
 74
     0
 75
     0
  3
Dims
100
AcDbAlignedDimension
 13
31688.09244794364
 23
5206.192857417875
 33
0.0
 14
31535.69244794361
 24
5028.392857417873
 34
0.0
 50
90.0
100
AcDbRotatedDimension
1001
ACAD
1000
DSTYLE
1002
{
1070
    40
1040
1.0
1002
}
  0
DIMENSION
  5
D878
102
{ACAD_XDICTIONARY
360
D886
102
}
102
{ACAD_REACTORS
330
D891
102
}
330
1F
100
AcDbEntity
  8
0
100
AcDbDimension
280
     0
  2
*D259
 10
31541.81648732856
 20
5206.192857417876
 30
0.0
 11
31541.81648732855
 21
5174.442857417866
 31
0.0
 70
    32
 71
     5
 42
6.35
 73
     0
 74
     0
 75
     0
  3
Dims
100
AcDbAlignedDimension
 13
31688.09244794364
 23
5142.692857417874
 33
0.0
 14
31688.09244794364
 24
5206.192857417875
 34
0.0
 50
90.0
100
AcDbRotatedDimension
1001
ACAD
1000
DSTYLE
1002
{
1070
    40
1040
1.0
1002
}
  0
MTEXT
  5
D8B0
330
1F
100
AcDbEntity
  8
0
100
AcDbMText
 10
31552.44539543964
 20
4928.161788015342
 30
0.0
 40
20.0
 41
275.4963050221777
 46
0.0
 71
     1
 72
     5
  1
THICKNESS = 3.175 CM 
 73
     1
 44
1.0
101
Embedded Object
 70
     1
 10
1.0
 20
0.0
 30
0.0
 11
31552.44539543964
 21
4928.161788015342
 31
0.0
 40
275.4963050221777
 41
0.0
 42
252.1000000000001
 43
20.0
 71
     2
 72
     1
 44
275.4963050221777
 45
100.0
 73
     0
 74
     0
 46
0.0
  0
MTEXT
  5
D94D
330
1F
100
AcDbEntity
  8
0
100
AcDbMText
 10
31440.24776422321
 20
5287.594075966759
 30
0.0
 40
20.0
 41
133.4966671401853
 46
0.0
 71
     1
 72
     5
  1
DIMS IN CM
 73
     1
 44
1.0
101
Embedded Object
 70
     1
 10
1.0
 20
0.0
 30
0.0
 11
31440.24776422321
 21
5287.594075966759
 31
0.0
 40
133.4966671401853
 41
0.0
 42
120.0
 43
20.27817459305202
 71
     2
 72
     1
 44
133.4966671401853
 45
100.0
 73
     0
 74
     0
 46
0.0
  0
ENDSEC
  0
SECTION
  2
OBJECTS
  0
DICTIONARY
  5
C
330
0
100
AcDbDictionary
281
     1
  3
ACAD_ASSOCPERSSUBENTMANAGER
350
56F4
  3
ACAD_BACKGROUND
350
5CA7
  3
ACAD_CIP_PREVIOUS_PRODUCT_INFO
350
1A5
  3
ACAD_COLOR
350
73
  3
ACAD_DETAILVIEWSTYLE
350
1AB
  3
ACAD_GROUP
350
D
  3
ACAD_LAYOUT
350
1A
  3
ACAD_MATERIAL
350
72
  3
ACAD_MLEADERSTYLE
350
D7
  3
ACAD_MLINESTYLE
350
17
  3
ACAD_PERSUBENTMGR
350
56F5
  3
ACAD_PLOTSETTINGS
350
19
  3
ACAD_PLOTSTYLENAME
350
E
  3
ACAD_RENDER_RAPIDRT_SETTINGS
350
7340
  3
ACAD_SCALELIST
350
B6
  3
ACAD_SECTIONVIEWSTYLE
350
1A8
  3
ACAD_TABLESTYLE
350
86
  3
ACAD_VISUALSTYLE
350
99
  3
AcadDim_CRX
350
8B6B
  3
ACDB_RECOMPOSE_DATA
350
D991
  3
AcDbVariableDictionary
350
66
  0
DICTIONARY
  5
18E
330
2
100
AcDbDictionary
280
     1
281
     1
  3
ACAD_LAYERSTATES
360
18F
  0
DICTIONARY
  5
E6
330
10
100
AcDbDictionary
280
     1
281
     1
  0
DICTIONARY
  5
AB0
330
AAF
100
AcDbDictionary
280
     1
281
     1
  0
DICTIONARY
  5
AB2
330
AB1
100
AcDbDictionary
280
     1
281
     1
  0
DICTIONARY
  5
15D
330
1F
100
AcDbDictionary
280
     1
281
     1
  3
ACAD_SORTENTS
360
7196
  0
DICTIONARY
  5
8B3B
330
8B38
100
AcDbDictionary
280
     1
281
     1
  3
ACAD_SORTENTS
360
8B3C
  0
DICTIONARY
  5
8B53
330
8B51
100
AcDbDictionary
280
     1
281
     1
  3
ACAD_SORTENTS
360
8B54
  0
DICTIONARY
  5
8BC4
330
8BC1
100
AcDbDictionary
280
     1
281
     1
  3
ACAD_SORTENTS
360
8BC5
  0
DICTIONARY
  5
8CA2
330
8C9F
100
AcDbDictionary
280
     1
281
     1
  3
ACAD_SORTENTS
360
8CA3
  0
DICTIONARY
  5
9768
330
9765
100
AcDbDictionary
280
     1
281
     1
  3
ACAD_SORTENTS
360
9769
  0
DICTIONARY
  5
9BD1
330
9BCE
100
AcDbDictionary
280
     1
281
     1
  3
ACAD_SORTENTS
360
9BD2
  0
DICTIONARY
  5
A8F4
330
A8F2
100
AcDbDictionary
280
     1
281
     1
  3
ACAD_SORTENTS
360
A8F5
  0
DICTIONARY
  5
B0D5
330
B0D2
100
AcDbDictionary
280
     1
281
     1
  3
ACAD_SORTENTS
360
B0D6
  0
DICTIONARY
  5
D98F
330
A8F3
100
AcDbDictionary
280
     1
281
     1
  3
ACAD_XREC_ROUNDTRIP
360
D990
  0
DICTIONARY
  5
D7E8
330
D7DA
100
AcDbDictionary
280
     1
281
     1
  3
ACAD_DIMASSOC
360
D7F3
  0
DICTIONARY
  5
D835
330
D826
100
AcDbDictionary
280
     1
281
     1
  3
ACAD_DIMASSOC
360
D841
  0
DICTIONARY
  5
D84C
330
D842
100
AcDbDictionary
280
     1
281
     1
  3
ACAD_DIMASSOC
360
D853
  0
DICTIONARY
  5
D862
330
D854
100
AcDbDictionary
280
     1
281
     1
  3
ACAD_DIMASSOC
360
D86D
  0
DICTIONARY
  5
D886
330
D878
100
AcDbDictionary
280
     1
281
     1
  3
ACAD_DIMASSOC
360
D891
  0
ACDBASSOCPERSSUBENTMANAGER
  5
56F4
102
{ACAD_REACTORS
330
C
102
}
330
C
100
AcDbAssocPersSubentManager
 90
        2
 90
        3
 90
        0
 90
        2
 90
       11
 90
        1
 90
        7
 90
        0
 90
        1
 90
       11
 90
        6
 90
        0
 90
        0
 90
        0
 90
        0
 90
        0
 90
        0
 90
        0
 90
       11
 90
        1
 90
        2
 90
        3
 90
        4
 90
        5
 90
        6
 90
        7
 90
        8
 90
        9
 90
       10
 90
       11
 90
       11
 90
        1
 90
        2
 90
        3
 90
        4
 90
        5
 90
        6
 90
        7
 90
        8
 90
        9
 90
       10
 90
       11
 90
        0
290
     0
  0
DICTIONARY
  5
5CA7
102
{ACAD_REACTORS
330
C
102
}
330
C
100
AcDbDictionary
281
     1
  0
XRECORD
  5
1A5
102
{ACAD_REACTORS
330
C
102
}
330
C
100
AcDbXrecord
280
     1
300
ACD
300
2021
300

  0
DICTIONARY
  5
73
102
{ACAD_REACTORS
330
C
102
}
330
C
100
AcDbDictionary
281
     1
  0
DICTIONARY
  5
1AB
102
{ACAD_REACTORS
330
C
102
}
330
C
100
AcDbDictionary
281
     1
  3
Imperial24
350
1AC
  3
Metric50
350
AB7
  0
DICTIONARY
  5
D
102
{ACAD_REACTORS
330
C
102
}
330
C
100
AcDbDictionary
281
     1
  0
DICTIONARY
  5
1A
102
{ACAD_REACTORS
330
C
102
}
330
C
100
AcDbDictionary
281
     1
  3
Layout1
350
59
  3
Layout2
350
5E
  3
Model
350
22
  0
DICTIONARY
  5
72
102
{ACAD_REACTORS
330
C
102
}
330
C
100
AcDbDictionary
281
     1
  3
ByBlock
350
97
  3
ByLayer
350
96
  3
Global
350
98
  0
DICTIONARY
  5
D7
102
{ACAD_REACTORS
330
C
102
}
330
C
100
AcDbDictionary
281
     1
  3
Annotative
350
E5
  3
Standard
350
D8
  0
DICTIONARY
  5
17
102
{ACAD_REACTORS
330
C
102
}
330
C
100
AcDbDictionary
281
     1
  3
Standard
350
18
  0
ACDBPERSSUBENTMANAGER
  5
56F5
102
{ACAD_REACTORS
330
C
102
}
330
C
100
AcDbPersSubentManager
 90
        2
 90
        0
 90
        2
 90
        0
 90
        0
 90
        0
  0
DICTIONARY
  5
19
102
{ACAD_REACTORS
330
C
102
}
330
C
100
AcDbDictionary
281
     1
  0
ACDBDICTIONARYWDFLT
  5
E
102
{ACAD_REACTORS
330
C
102
}
330
C
100
AcDbDictionary
281
     1
  3
Normal
350
F
100
AcDbDictionaryWithDefault
340
F
  0
DICTIONARY
  5
7340
102
{ACAD_REACTORS
330
C
102
}
330
C
100
AcDbDictionary
281
     1
  3
Coffee-Break Quality
350
7344
  3
High
350
7343
  3
Low
350
7341
  3
Lunch Quality
350
7345
  3
Medium
350
7342
  3
Overnight Quality
350
7346
  0
DICTIONARY
  5
B6
102
{ACAD_REACTORS
330
C
102
}
330
C
100
AcDbDictionary
281
     1
  3
A0
350
B7
  3
A1
350
124
  3
A2
350
125
  3
A3
350
126
  3
A4
350
127
  3
A5
350
128
  3
A6
350
129
  3
A7
350
12A
  3
A8
350
12B
  3
A9
350
12C
  3
B0
350
12D
  3
B1
350
12E
  3
B2
350
12F
  3
B3
350
130
  3
B4
350
131
  3
B5
350
132
  3
B6
350
133
  3
B7
350
134
  3
B8
350
135
  3
B9
350
136
  3
C0
350
137
  3
C1
350
138
  3
C2
350
139
  3
C3
350
13A
  3
C4
350
13B
  3
C5
350
13C
  3
C6
350
13D
  3
C7
350
13E
  3
C8
350
13F
  3
C9
350
140
  3
D0
350
141
  3
D1
350
142
  3
D2
350
143
  0
DICTIONARY
  5
1A8
102
{ACAD_REACTORS
330
C
102
}
330
C
100
AcDbDictionary
281
     1
  3
Imperial24
350
1AA
  3
Metric50
350
AB6
  0
DICTIONARY
  5
86
102
{ACAD_REACTORS
330
C
102
}
330
C
100
AcDbDictionary
281
     1
  3
Standard
350
87
  0
DICTIONARY
  5
99
102
{ACAD_REACTORS
330
C
102
}
330
C
100
AcDbDictionary
281
     1
  3
2dWireframe
350
9F
  3
3D Hidden
350
B873
  3
3dWireframe
350
AB5
  3
Basic
350
9E
  3
Brighten
350
A5
  3
ColorChange
350
A9
  3
Conceptual
350
A2
  3
Dim
350
A4
  3
EdgeColorOff
350
175
  3
Facepattern
350
A8
  3
Flat
350
9A
  3
FlatWithEdges
350
9B
  3
Gouraud
350
9C
  3
GouraudWithEdges
350
9D
  3
Hidden
350
A1
  3
JitterOff
350
173
  3
Linepattern
350
A7
  3
OverhangOff
350
174
  3
Realistic
350
A3
  3
Shaded
350
182
  3
Shaded with edges
350
181
  3
Shades of Gray
350
17E
  3
Sketchy
350
17F
  3
Thicken
350
A6
  3
Wireframe
350
A0
  3
X-Ray
350
180
  0
XRECORD
  5
8B6B
102
{ACAD_REACTORS
330
C
102
}
330
C
100
AcDbXrecord
280
     1
 90
   990106
  3

 60
     0
 61
     0
 62
     1
 63
     3
 64
     0
 65
     0
 66
     0
 67
     3
 68
     1
 69
     0
 70
     0
 71
     0
 72
     0
 40
0.0
170
     2
  0
XRECORD
  5
D991
102
{ACAD_REACTORS
330
C
102
}
330
C
100
AcDbXrecord
280
     1
 90
        1
330
87
330
A8F3
  0
DICTIONARY
  5
66
102
{ACAD_REACTORS
330
C
102
}
330
C
100
AcDbDictionary
281
     1
  3
#REVCLOUDAPPROXARCLEN
350
B86F
  3
CANNOSCALE
350
F0
  3
CMLEADERSTYLE
350
EF
  3
CTABLESTYLE
350
89
  3
CVIEWDETAILSTYLE
350
1B7
  3
CVIEWSECTIONSTYLE
350
1B8
  3
DIMASSOC
350
67
  3
HIDETEXT
350
6B
  3
HPCOLOR
350
7323
  3
HPTRANSPARENCY
350
7322
  3
LAYEREVAL
350
14D
  3
LAYERNOTIFY
350
14E
  0
DICTIONARY
  5
18F
102
{ACAD_REACTORS
330
18E
102
}
330
18E
100
AcDbDictionary
281
     1
  0
SORTENTSTABLE
  5
7196
102
{ACAD_REACTORS
330
15D
102
}
330
15D
100
AcDbSortentsTable
330
1F
  0
SORTENTSTABLE
  5
8B3C
102
{ACAD_REACTORS
330
8B3B
102
}
330
8B3B
100
AcDbSortentsTable
330
8B38
  0
SORTENTSTABLE
  5
8B54
102
{ACAD_REACTORS
330
8B53
102
}
330
8B53
100
AcDbSortentsTable
330
8B51
  0
SORTENTSTABLE
  5
8BC5
102
{ACAD_REACTORS
330
8BC4
102
}
330
8BC4
100
AcDbSortentsTable
330
8BC1
  0
SORTENTSTABLE
  5
8CA3
102
{ACAD_REACTORS
330
8CA2
102
}
330
8CA2
100
AcDbSortentsTable
330
8C9F
  0
SORTENTSTABLE
  5
9769
102
{ACAD_REACTORS
330
9768
102
}
330
9768
100
AcDbSortentsTable
330
9765
  0
SORTENTSTABLE
  5
9BD2
102
{ACAD_REACTORS
330
9BD1
102
}
330
9BD1
100
AcDbSortentsTable
330
9BCE
  0
SORTENTSTABLE
  5
A8F5
102
{ACAD_REACTORS
330
A8F4
102
}
330
A8F4
100
AcDbSortentsTable
330
A8F2
  0
SORTENTSTABLE
  5
B0D6
102
{ACAD_REACTORS
330
B0D5
102
}
330
B0D5
100
AcDbSortentsTable
330
B0D2
  0
XRECORD
  5
D990
102
{ACAD_REACTORS
330
D98F
102
}
330
D98F
100
AcDbXrecord
280
     1
102
ACAD_ROUNDTRIP_2008_TABLE_ENTITY
360
AE1C
 70
     2
 90
        1
 10
0.0
 20
0.0
 30
0.0
 90
        0
 90
        0
361
AE1D
  0
DIMASSOC
  5
D7F3
102
{ACAD_REACTORS
330
D7E8
102
}
330
D7E8
100
AcDbDimAssoc
330
D7DA
 90
        3
 70
     0
 71
     0
  1
AcDbOsnapPointRef
 72
    13
331
D61A
 73
     2
 91
        0
 40
0.0
 10
31535.69244794361
 20
5028.392857417872
 30
0.0
 75
     0
  1
AcDbOsnapPointRef
 72
     1
331
D61A
 73
     2
 91
        0
 40
1.0
 10
31840.49244794366
 20
5028.392857417872
 30
0.0
 75
     0
  0
DIMASSOC
  5
D841
102
{ACAD_REACTORS
330
D835
102
}
330
D835
100
AcDbDimAssoc
330
D826
 90
        3
 70
     0
 71
     0
  1
AcDbOsnapPointRef
 72
    13
331
D620
 73
     2
 91
        0
 40
0.0
 10
31840.49244794366
 20
5053.792857417866
 30
0.0
 75
     0
  1
AcDbOsnapPointRef
 72
    13
331
D61B
 73
     2
 91
        0
 40
0.0
 10
31840.49244794366
 20
5028.392857417872
 30
0.0
 75
     0
  0
DIMASSOC
  5
D853
102
{ACAD_REACTORS
330
D84C
102
}
330
D84C
100
AcDbDimAssoc
330
D842
 90
        2
 70
     0
 71
     0
  1
AcDbOsnapPointRef
 72
     3
331
D61D
 73
     2
 91
        0
 40
0.0
 10
31688.09244794364
 20
5142.692857417874
 30
0.0
 75
     0
  0
DIMASSOC
  5
D86D
102
{ACAD_REACTORS
330
D862
102
}
330
D862
100
AcDbDimAssoc
330
D854
 90
        1
 70
     0
 71
     0
  1
AcDbOsnapPointRef
 72
     2
331
D61E
 73
     2
 91
        0
 40
1.570796326794896
 10
31688.09244794364
 20
5206.192857417875
 30
0.0
 75
     0
  0
DIMASSOC
  5
D891
102
{ACAD_REACTORS
330
D886
102
}
330
D886
100
AcDbDimAssoc
330
D878
 90
        3
 70
     0
 71
     0
  1
AcDbOsnapPointRef
 72
     3
331
D61D
 73
     2
 91
        0
 40
0.0
 10
31688.09244794364
 20
5142.692857417874
 30
0.0
 75
     0
  1
AcDbOsnapPointRef
 72
     2
331
D61E
 73
     2
 91
        0
 40
1.570796326794896
 10
31688.09244794364
 20
5206.192857417875
 30
0.0
 75
     0
  0
ACDBDETAILVIEWSTYLE
  5
1AC
102
{ACAD_REACTORS
330
1AB
102
}
330
1AB
100
AcDbModelDocViewStyle
 70
     0
  3
Imperial24
290
     0
300
Imperial24
 90
        0
100
AcDbDetailViewStyle
 70
     0
 71
     0
 90
        3
 71
     1
340
11
 62
   256
 40
0.24
340
0
 62
   256
 40
0.24
300

 40
0.36
280
     3
 71
     2
340
16
 90
       25
 62
   256
 71
     3
340
11
 62
   256
 40
0.24
 90
        1
 40
0.75
 90
        1
300
%<\AcVar ViewType \f "%tc1">% %<\AcVar ViewDetailId>%\PSCALE %<\AcVar ViewScale \f "%sn">%
 71
     4
340
16
 90
       25
 62
   256
340
16
 90
       25
 62
   256
280
     0
  0
ACDBDETAILVIEWSTYLE
  5
AB7
102
{ACAD_REACTORS
330
1AB
102
}
330
1AB
100
AcDbModelDocViewStyle
 70
     0
  3
Metric50
290
     0
300
Metric50
 90
        0
100
AcDbDetailViewStyle
 70
     0
 71
     0
 90
        3
 71
     1
340
11
 62
   256
 40
5.0
340
0
 62
   256
 40
5.0
300

 40
0.0
280
     1
 71
     2
340
16
 90
       25
 62
   256
 71
     3
340
11
 62
   256
 40
5.0
 90
        0
 40
15.0
 90
        1
300
%<\AcVar ViewDetailId>% (%<\AcVar ViewScale \f "%sn">%)
 71
     4
340
16
 90
       25
 62
   256
340
16
 90
       25
 62
   256
280
     0
  0
LAYOUT
  5
59
102
{ACAD_REACTORS
330
1A
102
}
330
1A
100
AcDbPlotSettings
  1

  2
None
  4

  6

 40
0.0
 41
0.0
 42
0.0
 43
0.0
 44
0.0
 45
0.0
 46
0.0
 47
0.0
 48
0.0
 49
0.0
140
0.0
141
0.0
142
1.0
143
1.0
 70
   688
 72
     0
 73
     0
 74
     5
  7
acad.ctb
 75
    16
147
1.0
 76
     0
 77
     2
 78
   300
148
0.0
149
0.0
100
AcDbLayout
  1
Layout1
 70
     1
 71
     1
 10
0.0
 20
0.0
 11
12.0
 21
9.0
 12
0.0
 22
0.0
 32
0.0
 14
0.0
 24
0.0
 34
0.0
 15
0.0
 25
0.0
 35
0.0
146
0.0
 13
0.0
 23
0.0
 33
0.0
 16
1.0
 26
0.0
 36
0.0
 17
0.0
 27
1.0
 37
0.0
 76
     0
330
58
  0
LAYOUT
  5
5E
102
{ACAD_REACTORS
330
1A
102
}
330
1A
100
AcDbPlotSettings
  1

  2
None
  4

  6

 40
0.0
 41
0.0
 42
0.0
 43
0.0
 44
0.0
 45
0.0
 46
0.0
 47
0.0
 48
0.0
 49
0.0
140
0.0
141
0.0
142
1.0
143
1.0
 70
   688
 72
     0
 73
     0
 74
     5
  7
acad.ctb
 75
    16
147
1.0
 76
     0
 77
     2
 78
   300
148
0.0
149
0.0
100
AcDbLayout
  1
Layout2
 70
     1
 71
     2
 10
0.0
 20
0.0
 11
12.0
 21
9.0
 12
0.0
 22
0.0
 32
0.0
 14
0.0
 24
0.0
 34
0.0
 15
0.0
 25
0.0
 35
0.0
146
0.0
 13
0.0
 23
0.0
 33
0.0
 16
1.0
 26
0.0
 36
0.0
 17
0.0
 27
1.0
 37
0.0
 76
     0
330
5D
  0
LAYOUT
  5
22
102
{ACAD_XDICTIONARY
360
194
102
}
102
{ACAD_REACTORS
330
1A
102
}
330
1A
100
AcDbPlotSettings
  1

  2
AutoCAD PDF (High Quality Print).pc3
  4
ANSI_expand_B_(17.00_x_11.00_Inches)
  6

 40
5.0
 41
10.0
 42
5.0
 43
10.0
 44
431.7999877929687
 45
279.3999938964844
 46
0.0
 47
11.09808007182967
 48
632.5318457434768
 49
-5899.744510940045
140
22647.50924825368
141
5747.911870969167
142
1.0
143
63.73778668410182
 70
 11956
 72
     0
 73
     0
 74
     1
  7
acad.ctb
 75
     0
147
0.0156892802844915
 76
     0
 77
     4
 78
   300
148
-217940.2564008038
149
27479.01318269823
100
AcDbLayout
  1
Model
 70
     1
 71
     0
 10
0.0
 20
0.0
 11
12.0
 21
9.0
 12
0.0
 22
0.0
 32
0.0
 14
0.0
 24
0.0
 34
0.0
 15
0.0
 25
0.0
 35
0.0
146
0.0
 13
0.0
 23
0.0
 33
0.0
 16
1.0
 26
0.0
 36
0.0
 17
0.0
 27
1.0
 37
0.0
 76
     0
330
1F
331
94
1001
ACAD_PSEXT
1000
AutoCAD PDF (High Quality Print).pc3
1000
DWG To PDF
1000
File
1000

1070
     0
  0
MATERIAL
  5
97
102
{ACAD_XDICTIONARY
360
188
102
}
102
{ACAD_REACTORS
330
72
102
}
330
72
100
AcDbMaterial
  1
ByBlock
 94
       63
  0
MATERIAL
  5
96
102
{ACAD_XDICTIONARY
360
186
102
}
102
{ACAD_REACTORS
330
72
102
}
330
72
100
AcDbMaterial
  1
ByLayer
 94
       63
  0
MATERIAL
  5
98
102
{ACAD_XDICTIONARY
360
110
102
}
102
{ACAD_REACTORS
330
72
102
}
330
72
100
AcDbMaterial
  1
Global
 43
0.0208000000566244
 43
0.0
 43
0.0
 43
0.0
 43
0.0
 43
0.0208000000566244
 43
0.0
 43
0.0
 43
0.0
 43
0.0
 43
1.0
 43
0.0
 43
0.0
 43
0.0
 43
0.0
 43
1.0
 49
0.0208000000566244
 49
0.0
 49
0.0
 49
0.0
 49
0.0
 49
0.0208000000566244
 49
0.0
 49
0.0
 49
0.0
 49
0.0
 49
1.0
 49
0.0
 49
0.0
 49
0.0
 49
0.0
 49
1.0
142
0.0208000000566244
142
0.0
142
0.0
142
0.0
142
0.0
142
0.0208000000566244
142
0.0
142
0.0
142
0.0
142
0.0
142
1.0
142
0.0
142
0.0
142
0.0
142
0.0
142
1.0
144
0.0208000000566244
144
0.0
144
0.0
144
0.0
144
0.0
144
0.0208000000566244
144
0.0
144
0.0
144
0.0
144
0.0
144
1.0
144
0.0
144
0.0
144
0.0
144
0.0
144
1.0
 94
       63
1001
ACAD
1070
    -1
1070
     3
1070
     0
1000

1071
        0
1070
     0
  0
MLEADERSTYLE
  5
E5
102
{ACAD_REACTORS
330
D7
102
}
330
D7
100
AcDbMLeaderStyle
179
     2
170
     2
171
     1
172
     0
 90
        2
 40
0.0
 41
0.0
173
     1
 91
-1056964608
340
14
 92
       -2
290
     1
 42
0.09
291
     1
 43
0.36
  3
Standard
 44
0.18
300

342
11
174
     1
178
     1
175
     1
176
     0
 93
-1056964608
 45
0.18
292
     0
297
     0
 46
0.18
 94
-1056964608
 47
1.0
 49
1.0
140
1.0
293
     1
141
0.0
294
     1
177
     0
142
1.0
295
     0
296
     1
143
0.125
271
     0
272
     9
273
     9
298
     0
  0
MLEADERSTYLE
  5
D8
102
{ACAD_REACTORS
330
D7
102
}
330
D7
100
AcDbMLeaderStyle
179
     2
170
     2
171
     1
172
     0
 90
        2
 40
0.0
 41
0.0
173
     1
 91
-1056964608
340
14
 92
       -2
290
     1
 42
0.09
291
     1
 43
0.36
  3
Standard
 44
0.18
300

342
11
174
     1
178
     1
175
     1
176
     0
 93
-1056964608
 45
0.18
292
     0
297
     0
 46
0.18
 94
-1056964608
 47
1.0
 49
1.0
140
1.0
293
     1
141
0.0
294
     1
177
     0
142
1.0
295
     0
296
     0
143
0.125
271
     0
272
     9
273
     9
298
     0
  0
MLINESTYLE
  5
18
102
{ACAD_REACTORS
330
17
102
}
330
17
100
AcDbMlineStyle
  2
STANDARD
 70
     0
  3

 62
   256
 51
90.0
 52
90.0
 71
     2
 49
0.5
 62
   256
  6
BYLAYER
 49
-0.5
 62
   256
  6
BYLAYER
  0
ACDBPLACEHOLDER
  5
F
102
{ACAD_REACTORS
330
E
102
}
330
E
  0
RAPIDRTRENDERSETTINGS
  5
7344
102
{ACAD_REACTORS
330
7340
102
}
330
7340
100
AcDbRenderSettings
 90
        2
  1
Coffee-Break Quality
290
     1
290
     0
290
     1
290
     1
  1

  1
Renders for 10 minutes
 90
        3
100
AcDbRapidRTRenderSettings
 90
        3
 70
     1
 90
        1
 90
       10
 70
     1
 70
     2
 40
3.0
 40
3.0
290
     1
  0
RAPIDRTRENDERSETTINGS
  5
7343
102
{ACAD_REACTORS
330
7340
102
}
330
7340
100
AcDbRenderSettings
 90
        2
  1
High
290
     1
290
     0
290
     1
290
     1
  1

  1
Applies 10 rendering levels
 90
        2
100
AcDbRapidRTRenderSettings
 90
        3
 70
     0
 90
       10
 90
        1
 70
     2
 70
     2
 40
3.0
 40
3.0
290
     1
  0
RAPIDRTRENDERSETTINGS
  5
7341
102
{ACAD_REACTORS
330
7340
102
}
330
7340
100
AcDbRenderSettings
 90
        2
  1
Low
290
     1
290
     0
290
     1
290
     1
  1

  1
Applies 1 rendering level
 90
        0
100
AcDbRapidRTRenderSettings
 90
        3
 70
     0
 90
        1
 90
        1
 70
     0
 70
     2
 40
3.0
 40
3.0
290
     1
  0
RAPIDRTRENDERSETTINGS
  5
7345
102
{ACAD_REACTORS
330
7340
102
}
330
7340
100
AcDbRenderSettings
 90
        2
  1
Lunch Quality
290
     1
290
     0
290
     1
290
     1
  1

  1
Renders for 60 minutes
 90
        4
100
AcDbRapidRTRenderSettings
 90
        3
 70
     1
 90
        1
 90
       60
 70
     2
 70
     2
 40
3.0
 40
3.0
290
     1
  0
RAPIDRTRENDERSETTINGS
  5
7342
102
{ACAD_REACTORS
330
7340
102
}
330
7340
100
AcDbRenderSettings
 90
        2
  1
Medium
290
     1
290
     0
290
     1
290
     1
  1

  1
Applies 5 rendering levels
 90
        1
100
AcDbRapidRTRenderSettings
 90
        3
 70
     0
 90
        5
 90
        1
 70
     1
 70
     2
 40
3.0
 40
3.0
290
     1
  0
RAPIDRTRENDERSETTINGS
  5
7346
102
{ACAD_REACTORS
330
7340
102
}
330
7340
100
AcDbRenderSettings
 90
        2
  1
Overnight Quality
290
     1
290
     0
290
     1
290
     1
  1

  1
Renders for 12 hours
 90
        5
100
AcDbRapidRTRenderSettings
 90
        3
 70
     1
 90
        1
 90
      720
 70
     2
 70
     2
 40
3.0
 40
3.0
290
     1
  0
SCALE
  5
B7
102
{ACAD_REACTORS
330
B6
102
}
330
B6
100
AcDbScale
 70
     0
300
1:1
140
1.0
141
1.0
290
     1
  0
SCALE
  5
124
102
{ACAD_REACTORS
330
B6
102
}
330
B6
100
AcDbScale
 70
     0
300
1:2
140
1.0
141
2.0
290
     0
  0
SCALE
  5
125
102
{ACAD_REACTORS
330
B6
102
}
330
B6
100
AcDbScale
 70
     0
300
1:4
140
1.0
141
4.0
290
     0
  0
SCALE
  5
126
102
{ACAD_REACTORS
330
B6
102
}
330
B6
100
AcDbScale
 70
     0
300
1:5
140
1.0
141
5.0
290
     0
  0
SCALE
  5
127
102
{ACAD_REACTORS
330
B6
102
}
330
B6
100
AcDbScale
 70
     0
300
1:8
140
1.0
141
8.0
290
     0
  0
SCALE
  5
128
102
{ACAD_REACTORS
330
B6
102
}
330
B6
100
AcDbScale
 70
     0
300
1:10
140
1.0
141
10.0
290
     0
  0
SCALE
  5
129
102
{ACAD_REACTORS
330
B6
102
}
330
B6
100
AcDbScale
 70
     0
300
1:16
140
1.0
141
16.0
290
     0
  0
SCALE
  5
12A
102
{ACAD_REACTORS
330
B6
102
}
330
B6
100
AcDbScale
 70
     0
300
1:20
140
1.0
141
20.0
290
     0
  0
SCALE
  5
12B
102
{ACAD_REACTORS
330
B6
102
}
330
B6
100
AcDbScale
 70
     0
300
1:30
140
1.0
141
30.0
290
     0
  0
SCALE
  5
12C
102
{ACAD_REACTORS
330
B6
102
}
330
B6
100
AcDbScale
 70
     0
300
1:40
140
1.0
141
40.0
290
     0
  0
SCALE
  5
12D
102
{ACAD_REACTORS
330
B6
102
}
330
B6
100
AcDbScale
 70
     0
300
1:50
140
1.0
141
50.0
290
     0
  0
SCALE
  5
12E
102
{ACAD_REACTORS
330
B6
102
}
330
B6
100
AcDbScale
 70
     0
300
1:100
140
1.0
141
100.0
290
     0
  0
SCALE
  5
12F
102
{ACAD_REACTORS
330
B6
102
}
330
B6
100
AcDbScale
 70
     0
300
2:1
140
2.0
141
1.0
290
     0
  0
SCALE
  5
130
102
{ACAD_REACTORS
330
B6
102
}
330
B6
100
AcDbScale
 70
     0
300
4:1
140
4.0
141
1.0
290
     0
  0
SCALE
  5
131
102
{ACAD_REACTORS
330
B6
102
}
330
B6
100
AcDbScale
 70
     0
300
8:1
140
8.0
141
1.0
290
     0
  0
SCALE
  5
132
102
{ACAD_REACTORS
330
B6
102
}
330
B6
100
AcDbScale
 70
     0
300
10:1
140
10.0
141
1.0
290
     0
  0
SCALE
  5
133
102
{ACAD_REACTORS
330
B6
102
}
330
B6
100
AcDbScale
 70
     0
300
100:1
140
100.0
141
1.0
290
     0
  0
SCALE
  5
134
102
{ACAD_REACTORS
330
B6
102
}
330
B6
100
AcDbScale
 70
     0
300
1/128" = 1'-0"
140
0.0078125
141
12.0
290
     0
  0
SCALE
  5
135
102
{ACAD_REACTORS
330
B6
102
}
330
B6
100
AcDbScale
 70
     0
300
1/64" = 1'-0"
140
0.015625
141
12.0
290
     0
  0
SCALE
  5
136
102
{ACAD_REACTORS
330
B6
102
}
330
B6
100
AcDbScale
 70
     0
300
1/32" = 1'-0"
140
0.03125
141
12.0
290
     0
  0
SCALE
  5
137
102
{ACAD_REACTORS
330
B6
102
}
330
B6
100
AcDbScale
 70
     0
300
1/16" = 1'-0"
140
0.0625
141
12.0
290
     0
  0
SCALE
  5
138
102
{ACAD_REACTORS
330
B6
102
}
330
B6
100
AcDbScale
 70
     0
300
3/32" = 1'-0"
140
0.09375
141
12.0
290
     0
  0
SCALE
  5
139
102
{ACAD_REACTORS
330
B6
102
}
330
B6
100
AcDbScale
 70
     0
300
1/8" = 1'-0"
140
0.125
141
12.0
290
     0
  0
SCALE
  5
13A
102
{ACAD_REACTORS
330
B6
102
}
330
B6
100
AcDbScale
 70
     0
300
3/16" = 1'-0"
140
0.1875
141
12.0
290
     0
  0
SCALE
  5
13B
102
{ACAD_REACTORS
330
B6
102
}
330
B6
100
AcDbScale
 70
     0
300
1/4" = 1'-0"
140
0.25
141
12.0
290
     0
  0
SCALE
  5
13C
102
{ACAD_REACTORS
330
B6
102
}
330
B6
100
AcDbScale
 70
     0
300
3/8" = 1'-0"
140
0.375
141
12.0
290
     0
  0
SCALE
  5
13D
102
{ACAD_REACTORS
330
B6
102
}
330
B6
100
AcDbScale
 70
     0
300
1/2" = 1'-0"
140
0.5
141
12.0
290
     0
  0
SCALE
  5
13E
102
{ACAD_REACTORS
330
B6
102
}
330
B6
100
AcDbScale
 70
     0
300
3/4" = 1'-0"
140
0.75
141
12.0
290
     0
  0
SCALE
  5
13F
102
{ACAD_REACTORS
330
B6
102
}
330
B6
100
AcDbScale
 70
     0
300
1" = 1'-0"
140
1.0
141
12.0
290
     0
  0
SCALE
  5
140
102
{ACAD_REACTORS
330
B6
102
}
330
B6
100
AcDbScale
 70
     0
300
1-1/2" = 1'-0"
140
1.5
141
12.0
290
     0
  0
SCALE
  5
141
102
{ACAD_REACTORS
330
B6
102
}
330
B6
100
AcDbScale
 70
     0
300
3" = 1'-0"
140
3.0
141
12.0
290
     0
  0
SCALE
  5
142
102
{ACAD_REACTORS
330
B6
102
}
330
B6
100
AcDbScale
 70
     0
300
6" = 1'-0"
140
6.0
141
12.0
290
     0
  0
SCALE
  5
143
102
{ACAD_REACTORS
330
B6
102
}
330
B6
100
AcDbScale
 70
     0
300
1'-0" = 1'-0"
140
12.0
141
12.0
290
     0
  0
ACDBSECTIONVIEWSTYLE
  5
1AA
102
{ACAD_REACTORS
330
1A8
102
}
330
1A8
100
AcDbModelDocViewStyle
 70
     0
  3
Imperial24
290
     0
300
Imperial24
 90
        0
100
AcDbSectionViewStyle
 70
     0
 71
     0
 90
       78
 71
     1
340
11
 62
   256
 40
0.24
340
0
340
0
 62
   256
 40
0.24
300
I, O, Q, S, X, Z
 40
0.48
 90
        3
 40
0.18
 90
        1
 71
     2
340
16
 90
       25
 62
   256
340
16
 90
       50
 62
   256
 40
0.24
 40
0.0
 40
0.24
 71
     3
340
11
 62
   256
 40
0.24
 90
        1
 40
0.75
 90
        1
300
%<\AcVar ViewType \f "%tc1">% %<\AcVar ViewSectionStartId>%-%<\AcVar ViewSectionEndId>%\PSCALE %<\AcVar ViewScale \f "%sn">%
 71
     4
 62
   256
 62
   257
300
ANSI31
 40
1.0
 90
        0
290
     0
290
     0
 90
        6
 40
0.0
 40
1.570796326794896
 40
0.2617993877991494
 40
1.308996938995747
 40
-0.2617993877991494
 40
1.832595714594046
  0
ACDBSECTIONVIEWSTYLE
  5
AB6
102
{ACAD_REACTORS
330
1A8
102
}
330
1A8
100
AcDbModelDocViewStyle
 70
     0
  3
Metric50
290
     0
300
Metric50
 90
        0
100
AcDbSectionViewStyle
 70
     0
 71
     0
 90
      102
 71
     1
340
11
 62
   256
 40
5.0
340
0
340
0
 62
   256
 40
5.0
300
I, O, Q, S, X, Z
 40
10.0
 90
        0
 40
2.5
 90
        0
 71
     2
340
16
 90
       25
 62
   256
340
16
 90
       50
 62
   256
 40
5.0
 40
2.5
 40
5.0
 71
     3
340
11
 62
   256
 40
5.0
 90
        0
 40
15.0
 90
        1
300
%<\AcVar ViewSectionStartId>%-%<\AcVar ViewSectionEndId>% (%<\AcVar ViewScale \f "%sn">%)
 71
     4
 62
   256
 62
   257
300
ANSI31
 40
1.0
 90
        0
290
     0
290
     0
 90
        6
 40
0.0
 40
1.570796326794896
 40
0.2617993877991494
 40
1.308996938995747
 40
-0.2617993877991494
 40
1.832595714594046
  0
TABLESTYLE
  5
87
102
{ACAD_XDICTIONARY
360
104
102
}
102
{ACAD_REACTORS
330
86
102
}
330
86
100
AcDbTableStyle
280
     0
  3
Standard
 70
     0
 71
     0
 40
3.0
 41
3.0
280
     0
281
     0
  7
Standard
140
10.0
170
     5
 62
     0
 63
     7
283
     0
 90
      512
 91
        0
  1

274
    -2
284
     1
 64
     0
275
    -2
285
     1
 65
     0
276
    -2
286
     1
 66
     0
277
    -2
287
     1
 67
     0
278
    -2
288
     1
 68
     0
279
    -2
289
     1
 69
     0
  7
Standard
140
0.25
170
     5
 62
     0
 63
     7
283
     0
 90
      512
 91
        0
  1

274
    -2
284
     1
 64
     0
275
    -2
285
     1
 65
     0
276
    -2
286
     1
 66
     0
277
    -2
287
     1
 67
     0
278
    -2
288
     1
 68
     0
279
    -2
289
     1
 69
     0
  7
Standard
140
0.18
170
     5
 62
     0
 63
     7
283
     0
 90
      512
 91
        0
  1

274
    -2
284
     1
 64
     0
275
    -2
285
     1
 65
     0
276
    -2
286
     1
 66
     0
277
    -2
287
     1
 67
     0
278
    -2
288
     1
 68
     0
279
    -2
289
     1
 69
     0
  0
VISUALSTYLE
  5
9F
102
{ACAD_REACTORS
330
99
102
}
330
99
100
AcDbVisualStyle
  2
2dWireframe
 70
     4
177
     3
291
     0
 70
    58
 90
        0
176
     1
 90
        2
176
     1
 90
        1
176
     1
 90
        0
176
     1
 40
0.6
176
     1
 40
30.0
176
     1
 62
     7
420
 16777215
176
     1
 90
        1
176
     1
 90
        4
176
     1
 62
     7
176
     1
 62
   257
176
     1
 90
        1
176
     1
 90
        1
176
     1
 40
1.0
176
     1
 90
        0
176
     1
 62
   257
176
     1
 40
1.0
176
     1
 90
        1
176
     1
 90
        6
176
     1
 90
        2
176
     1
 62
     7
176
     1
 90
        5
176
     1
 90
        0
176
     1
 90
        0
176
     1
290
     0
176
     1
 90
        1
176
     1
 40
0.0
176
     1
 90
        0
176
     1
290
     1
176
     1
290
     1
176
     1
290
     0
176
     1
290
     0
176
     1
290
     0
176
     1
290
     0
176
     1
290
     0
176
     1
290
     0
176
     1
290
     0
176
     1
 90
       50
176
     1
 40
0.0
176
     1
 40
1.0
176
     1
 90
        0
176
     1
 62
    18
420
        0
176
     1
 90
       50
176
     1
 90
        3
176
     1
 62
     5
420
      255
176
     1
290
     0
176
     1
 90
       50
176
     1
 90
       50
176
     1
 90
       50
176
     1
290
     0
176
     1
 90
       50
176
     1
 62
   256
176
     0
 40
1.0
176
     0
 90
        2
176
     1
  1
strokes_ogs.tif
176
     1
290
     0
176
     1
 40
1.0
176
     1
 40
1.0
176
     1
  0
VISUALSTYLE
  5
B873
102
{ACAD_REACTORS
330
99
102
}
330
99
100
AcDbVisualStyle
  2
3D Hidden
 70
     6
177
     3
291
     0
 70
    58
 90
        1
176
     1
 90
        2
176
     1
 90
        2
176
     1
 90
        0
176
     1
 40
0.6
176
     1
 40
30.0
176
     1
 62
     7
420
 16777215
176
     1
 90
        2
176
     1
 90
        2
176
     1
 62
     7
176
     1
 62
   257
176
     1
 90
        2
176
     1
 90
        1
176
     1
 40
40.0
176
     1
 90
        0
176
     1
 62
   257
176
     1
 40
1.0
176
     1
 90
        1
176
     1
 90
        6
176
     1
 90
        2
176
     1
 62
     7
176
     1
 90
        3
176
     1
 90
        0
176
     1
 90
        0
176
     1
290
     0
176
     1
 90
        1
176
     1
 40
0.0
176
     1
 90
        0
176
     1
290
     0
176
     1
290
     1
176
     1
290
     1
176
     1
290
     0
176
     1
290
     0
176
     1
290
     0
176
     1
290
     0
176
     1
290
     0
176
     1
290
     0
176
     1
 90
       50
176
     1
 40
0.0
176
     1
 40
1.0
176
     1
 90
        0
176
     1
 62
    18
420
        0
176
     1
 90
       50
176
     1
 90
        3
176
     1
 62
     5
420
      255
176
     1
290
     0
176
     1
 90
       50
176
     1
 90
       50
176
     1
 90
       50
176
     1
290
     0
176
     1
 90
       50
176
     1
 62
   256
176
     0
 40
1.0
176
     0
 90
        2
176
     1
  1
strokes_ogs.tif
176
     1
290
     0
176
     1
 40
1.0
176
     1
 40
1.0
176
     1
  0
VISUALSTYLE
  5
AB5
102
{ACAD_REACTORS
330
99
102
}
330
99
100
AcDbVisualStyle
  2
3dWireframe
 70
     5
177
     3
291
     0
 70
    58
 90
        0
176
     1
 90
        2
176
     1
 90
        1
176
     1
 90
        0
176
     1
 40
0.6
176
     1
 40
30.0
176
     1
 62
     7
420
 16777215
176
     1
 90
        1
176
     1
 90
        4
176
     1
 62
     7
176
     1
 62
   257
176
     1
 90
        1
176
     1
 90
        1
176
     1
 40
1.0
176
     1
 90
        0
176
     1
 62
   257
176
     1
 40
1.0
176
     1
 90
        1
176
     1
 90
        6
176
     1
 90
        2
176
     1
 62
     7
176
     1
 90
        5
176
     1
 90
        0
176
     1
 90
        0
176
     1
290
     0
176
     1
 90
        1
176
     1
 40
0.0
176
     1
 90
        0
176
     1
290
     0
176
     1
290
     1
176
     1
290
     1
176
     1
290
     0
176
     1
290
     0
176
     1
290
     0
176
     1
290
     0
176
     1
290
     0
176
     1
290
     0
176
     1
 90
       50
176
     1
 40
0.0
176
     1
 40
1.0
176
     1
 90
        0
176
     1
 62
    18
420
        0
176
     1
 90
       50
176
     1
 90
        3
176
     1
 62
     5
420
      255
176
     1
290
     0
176
     1
 90
       50
176
     1
 90
       50
176
     1
 90
       50
176
     1
290
     0
176
     1
 90
       50
176
     1
 62
   256
176
     0
 40
1.0
176
     0
 90
        2
176
     1
  1
strokes_ogs.tif
176
     1
290
     0
176
     1
 40
1.0
176
     1
 40
1.0
176
     1
  0
VISUALSTYLE
  5
9E
102
{ACAD_REACTORS
330
99
102
}
330
99
100
AcDbVisualStyle
  2
Basic
 70
     7
177
     3
291
     1
 70
    58
 90
        1
176
     1
 90
        0
176
     1
 90
        1
176
     1
 90
        0
176
     1
 40
0.6
176
     1
 40
30.0
176
     1
 62
     7
420
 16777215
176
     1
 90
        0
176
     1
 90
        4
176
     1
 62
     7
176
     1
 62
   257
176
     1
 90
        1
176
     1
 90
        1
176
     1
 40
1.0
176
     1
 90
        8
176
     1
 62
     7
176
     1
 40
1.0
176
     1
 90
        1
176
     1
 90
        6
176
     1
 90
        2
176
     1
 62
     7
176
     1
 90
        5
176
     1
 90
        0
176
     1
 90
        0
176
     1
290
     0
176
     1
 90
        1
176
     1
 40
0.0
176
     1
 90
        0
176
     1
290
     0
176
     1
290
     1
176
     1
290
     1
176
     1
290
     0
176
     1
290
     0
176
     1
290
     0
176
     1
290
     0
176
     1
290
     0
176
     1
290
     0
176
     1
 90
       50
176
     1
 40
0.0
176
     1
 40
1.0
176
     1
 90
        0
176
     1
 62
    18
420
        0
176
     1
 90
       50
176
     1
 90
        3
176
     1
 62
     5
420
      255
176
     1
290
     0
176
     1
 90
       50
176
     1
 90
       50
176
     1
 90
       50
176
     1
290
     0
176
     1
 90
       50
176
     1
 62
   256
176
     0
 40
1.0
176
     0
 90
        2
176
     1
  1
strokes_ogs.tif
176
     1
290
     0
176
     1
 40
1.0
176
     1
 40
1.0
176
     1
  0
VISUALSTYLE
  5
A5
102
{ACAD_REACTORS
330
99
102
}
330
99
100
AcDbVisualStyle
  2
Brighten
 70
    12
177
     3
291
     1
 70
    58
 90
        2
176
     1
 90
        2
176
     1
 90
        1
176
     1
 90
        0
176
     1
 40
0.6
176
     1
 40
30.0
176
     1
 62
     7
420
 16777215
176
     1
 90
        1
176
     1
 90
        4
176
     1
 62
     7
176
     1
 62
   257
176
     1
 90
        1
176
     1
 90
        1
176
     1
 40
1.0
176
     1
 90
        8
176
     1
 62
     7
176
     1
 40
1.0
176
     1
 90
        1
176
     1
 90
        6
176
     1
 90
        2
176
     1
 62
     7
176
     1
 90
        5
176
     1
 90
        0
176
     1
 90
        0
176
     1
290
     0
176
     1
 90
        1
176
     1
 40
50.0
176
     1
 90
        0
176
     1
290
     0
176
     1
290
     1
176
     1
290
     1
176
     1
290
     0
176
     1
290
     0
176
     1
290
     0
176
     1
290
     0
176
     1
290
     0
176
     1
290
     0
176
     1
 90
       50
176
     1
 40
0.0
176
     1
 40
1.0
176
     1
 90
        0
176
     1
 62
    18
420
        0
176
     1
 90
       50
176
     1
 90
        3
176
     1
 62
     5
420
      255
176
     1
290
     0
176
     1
 90
       50
176
     1
 90
       50
176
     1
 90
       50
176
     1
290
     0
176
     1
 90
       50
176
     1
 62
   256
176
     0
 40
1.0
176
     0
 90
        2
176
     1
  1
strokes_ogs.tif
176
     1
290
     0
176
     1
 40
1.0
176
     1
 40
1.0
176
     1
  0
VISUALSTYLE
  5
A9
102
{ACAD_REACTORS
330
99
102
}
330
99
100
AcDbVisualStyle
  2
ColorChange
 70
    16
177
     3
291
     1
 70
    58
 90
        2
176
     1
 90
        2
176
     1
 90
        3
176
     1
 90
        0
176
     1
 40
0.6
176
     1
 40
30.0
176
     1
 62
     8
420
  8421504
176
     1
 90
        1
176
     1
 90
        4
176
     1
 62
     7
176
     1
 62
   257
176
     1
 90
        1
176
     1
 90
        1
176
     1
 40
1.0
176
     1
 90
        8
176
     1
 62
     8
420
  8421504
176
     1
 40
1.0
176
     1
 90
        1
176
     1
 90
        6
176
     1
 90
        2
176
     1
 62
     7
176
     1
 90
        5
176
     1
 90
        0
176
     1
 90
        0
176
     1
290
     0
176
     1
 90
        1
176
     1
 40
0.0
176
     1
 90
        0
176
     1
290
     0
176
     1
290
     1
176
     1
290
     1
176
     1
290
     0
176
     1
290
     0
176
     1
290
     0
176
     1
290
     0
176
     1
290
     0
176
     1
290
     0
176
     1
 90
       50
176
     1
 40
0.0
176
     1
 40
1.0
176
     1
 90
        0
176
     1
 62
    18
420
        0
176
     1
 90
       50
176
     1
 90
        3
176
     1
 62
     5
420
      255
176
     1
290
     0
176
     1
 90
       50
176
     1
 90
       50
176
     1
 90
       50
176
     1
290
     0
176
     1
 90
       50
176
     1
 62
   256
176
     0
 40
1.0
176
     0
 90
        2
176
     1
  1
strokes_ogs.tif
176
     1
290
     0
176
     1
 40
1.0
176
     1
 40
1.0
176
     1
  0
VISUALSTYLE
  5
A2
102
{ACAD_REACTORS
330
99
102
}
330
99
100
AcDbVisualStyle
  2
Conceptual
 70
     9
177
     3
291
     0
 70
    58
 90
        3
176
     1
 90
        2
176
     1
 90
        1
176
     1
 90
        0
176
     1
 40
0.6
176
     1
 40
30.0
176
     1
 62
     7
420
 16777215
176
     1
 90
        2
176
     1
 90
        2
176
     1
 62
     7
176
     1
 62
   257
176
     1
 90
        1
176
     1
 90
        1
176
     1
 40
40.0
176
     1
 90
        8
176
     1
 62
     7
176
     1
 40
1.0
176
     1
 90
        1
176
     1
 90
        6
176
     1
 90
        2
176
     1
 62
     7
176
     1
 90
        3
176
     1
 90
        0
176
     1
 90
        0
176
     1
290
     0
176
     1
 90
        1
176
     1
 40
0.0
176
     1
 90
        0
176
     1
290
     0
176
     1
290
     1
176
     1
290
     1
176
     1
290
     0
176
     1
290
     0
176
     1
290
     0
176
     1
290
     0
176
     1
290
     0
176
     1
290
     0
176
     1
 90
       50
176
     1
 40
0.0
176
     1
 40
1.0
176
     1
 90
        0
176
     1
 62
    18
420
        0
176
     1
 90
       50
176
     1
 90
        3
176
     1
 62
     5
420
      255
176
     1
290
     0
176
     1
 90
       50
176
     1
 90
       50
176
     1
 90
       50
176
     1
290
     0
176
     1
 90
       50
176
     1
 62
   256
176
     0
 40
1.0
176
     0
 90
        2
176
     1
  1
strokes_ogs.tif
176
     1
290
     0
176
     1
 40
1.0
176
     1
 40
1.0
176
     1
  0
VISUALSTYLE
  5
A4
102
{ACAD_REACTORS
330
99
102
}
330
99
100
AcDbVisualStyle
  2
Dim
 70
    11
177
     3
291
     1
 70
    58
 90
        2
176
     1
 90
        2
176
     1
 90
        1
176
     1
 90
        0
176
     1
 40
0.6
176
     1
 40
30.0
176
     1
 62
     7
420
 16777215
176
     1
 90
        1
176
     1
 90
        4
176
     1
 62
     7
176
     1
 62
   257
176
     1
 90
        1
176
     1
 90
        1
176
     1
 40
1.0
176
     1
 90
        8
176
     1
 62
     7
176
     1
 40
1.0
176
     1
 90
        1
176
     1
 90
        6
176
     1
 90
        2
176
     1
 62
     7
176
     1
 90
        5
176
     1
 90
        0
176
     1
 90
        0
176
     1
290
     0
176
     1
 90
        1
176
     1
 40
-50.0
176
     1
 90
        0
176
     1
290
     0
176
     1
290
     1
176
     1
290
     1
176
     1
290
     0
176
     1
290
     0
176
     1
290
     0
176
     1
290
     0
176
     1
290
     0
176
     1
290
     0
176
     1
 90
       50
176
     1
 40
0.0
176
     1
 40
1.0
176
     1
 90
        0
176
     1
 62
    18
420
        0
176
     1
 90
       50
176
     1
 90
        3
176
     1
 62
     5
420
      255
176
     1
290
     0
176
     1
 90
       50
176
     1
 90
       50
176
     1
 90
       50
176
     1
290
     0
176
     1
 90
       50
176
     1
 62
   256
176
     0
 40
1.0
176
     0
 90
        2
176
     1
  1
strokes_ogs.tif
176
     1
290
     0
176
     1
 40
1.0
176
     1
 40
1.0
176
     1
  0
VISUALSTYLE
  5
175
102
{ACAD_REACTORS
330
99
102
}
330
99
100
AcDbVisualStyle
  2
EdgeColorOff
 70
    22
177
     3
291
     1
 70
    58
 90
        2
176
     0
 90
        2
176
     0
 90
        0
176
     0
 90
        0
176
     0
 40
0.6
176
     0
 40
30.0
176
     0
 62
     7
420
 16777215
176
     0
 90
        1
176
     0
 90
        4
176
     0
 62
     7
176
     0
 62
   257
176
     0
 90
        1
176
     0
 90
        1
176
     0
 40
1.0
176
     0
 90
        8
176
     2
 62
     7
176
     0
 40
1.0
176
     0
 90
        1
176
     0
 90
        6
176
     0
 90
        2
176
     0
 62
     7
176
     0
 90
        5
176
     0
 90
        0
176
     0
 90
        0
176
     0
290
     0
176
     0
 90
        1
176
     0
 40
0.0
176
     0
 90
        0
176
     0
290
     0
176
     1
290
     1
176
     1
290
     1
176
     1
290
     0
176
     1
290
     0
176
     1
290
     0
176
     1
290
     0
176
     1
290
     0
176
     1
290
     0
176
     1
 90
       50
176
     1
 40
0.0
176
     1
 40
1.0
176
     1
 90
        0
176
     1
 62
    18
420
        0
176
     1
 90
       50
176
     1
 90
        3
176
     1
 62
     5
420
      255
176
     1
290
     0
176
     1
 90
       50
176
     1
 90
       50
176
     1
 90
       50
176
     1
290
     0
176
     1
 90
       50
176
     1
 62
   256
176
     0
 40
1.0
176
     0
 90
        2
176
     1
  1
strokes_ogs.tif
176
     1
290
     0
176
     1
 40
1.0
176
     1
 40
1.0
176
     1
  0
VISUALSTYLE
  5
A8
102
{ACAD_REACTORS
330
99
102
}
330
99
100
AcDbVisualStyle
  2
Facepattern
 70
    15
177
     3
291
     1
 70
    58
 90
        2
176
     1
 90
        2
176
     1
 90
        1
176
     1
 90
        0
176
     1
 40
0.6
176
     1
 40
30.0
176
     1
 62
     7
420
 16777215
176
     1
 90
        1
176
     1
 90
        4
176
     1
 62
     7
176
     1
 62
   257
176
     1
 90
        1
176
     1
 90
        1
176
     1
 40
1.0
176
     1
 90
        8
176
     1
 62
     7
176
     1
 40
1.0
176
     1
 90
        1
176
     1
 90
        6
176
     1
 90
        2
176
     1
 62
     7
176
     1
 90
        5
176
     1
 90
        0
176
     1
 90
        0
176
     1
290
     0
176
     1
 90
        1
176
     1
 40
0.0
176
     1
 90
        0
176
     1
290
     0
176
     1
290
     1
176
     1
290
     1
176
     1
290
     0
176
     1
290
     0
176
     1
290
     0
176
     1
290
     0
176
     1
290
     0
176
     1
290
     0
176
     1
 90
       50
176
     1
 40
0.0
176
     1
 40
1.0
176
     1
 90
        0
176
     1
 62
    18
420
        0
176
     1
 90
       50
176
     1
 90
        3
176
     1
 62
     5
420
      255
176
     1
290
     0
176
     1
 90
       50
176
     1
 90
       50
176
     1
 90
       50
176
     1
290
     0
176
     1
 90
       50
176
     1
 62
   256
176
     0
 40
1.0
176
     0
 90
        2
176
     1
  1
strokes_ogs.tif
176
     1
290
     0
176
     1
 40
1.0
176
     1
 40
1.0
176
     1
  0
VISUALSTYLE
  5
9A
102
{ACAD_REACTORS
330
99
102
}
330
99
100
AcDbVisualStyle
  2
Flat
 70
     0
177
     3
291
     1
 70
    58
 90
        2
176
     1
 90
        1
176
     1
 90
        1
176
     1
 90
        2
176
     1
 40
0.6
176
     1
 40
30.0
176
     1
 62
     7
420
 16777215
176
     1
 90
        0
176
     1
 90
        0
176
     1
 62
     7
176
     1
 62
   257
176
     1
 90
        1
176
     1
 90
        1
176
     1
 40
1.0
176
     1
 90
        8
176
     1
 62
     7
176
     1
 40
1.0
176
     1
 90
        1
176
     1
 90
        6
176
     1
 90
        2
176
     1
 62
     7
176
     1
 90
        5
176
     1
 90
        0
176
     1
 90
        0
176
     1
290
     0
176
     1
 90
       13
176
     1
 40
0.0
176
     1
 90
        0
176
     1
290
     0
176
     1
290
     1
176
     1
290
     1
176
     1
290
     0
176
     1
290
     0
176
     1
290
     0
176
     1
290
     0
176
     1
290
     0
176
     1
290
     0
176
     1
 90
       50
176
     1
 40
0.0
176
     1
 40
1.0
176
     1
 90
        0
176
     1
 62
    18
420
        0
176
     1
 90
       50
176
     1
 90
        3
176
     1
 62
     5
420
      255
176
     1
290
     0
176
     1
 90
       50
176
     1
 90
       50
176
     1
 90
       50
176
     1
290
     0
176
     1
 90
       50
176
     1
 62
   256
176
     0
 40
1.0
176
     0
 90
        2
176
     1
  1
strokes_ogs.tif
176
     1
290
     0
176
     1
 40
1.0
176
     1
 40
1.0
176
     1
  0
VISUALSTYLE
  5
9B
102
{ACAD_REACTORS
330
99
102
}
330
99
100
AcDbVisualStyle
  2
FlatWithEdges
 70
     1
177
     3
291
     1
 70
    58
 90
        2
176
     1
 90
        1
176
     1
 90
        1
176
     1
 90
        2
176
     1
 40
0.6
176
     1
 40
30.0
176
     1
 62
     7
420
 16777215
176
     1
 90
        1
176
     1
 90
        0
176
     1
 62
     7
176
     1
 62
   257
176
     1
 90
        1
176
     1
 90
        1
176
     1
 40
1.0
176
     1
 90
        0
176
     1
 62
   257
176
     1
 40
1.0
176
     1
 90
        1
176
     1
 90
        6
176
     1
 90
        2
176
     1
 62
     7
176
     1
 90
        5
176
     1
 90
        0
176
     1
 90
        0
176
     1
290
     0
176
     1
 90
       13
176
     1
 40
0.0
176
     1
 90
        0
176
     1
290
     0
176
     1
290
     1
176
     1
290
     1
176
     1
290
     0
176
     1
290
     0
176
     1
290
     0
176
     1
290
     0
176
     1
290
     0
176
     1
290
     0
176
     1
 90
       50
176
     1
 40
0.0
176
     1
 40
1.0
176
     1
 90
        0
176
     1
 62
    18
420
        0
176
     1
 90
       50
176
     1
 90
        3
176
     1
 62
     5
420
      255
176
     1
290
     0
176
     1
 90
       50
176
     1
 90
       50
176
     1
 90
       50
176
     1
290
     0
176
     1
 90
       50
176
     1
 62
   256
176
     0
 40
1.0
176
     0
 90
        2
176
     1
  1
strokes_ogs.tif
176
     1
290
     0
176
     1
 40
1.0
176
     1
 40
1.0
176
     1
  0
VISUALSTYLE
  5
9C
102
{ACAD_REACTORS
330
99
102
}
330
99
100
AcDbVisualStyle
  2
Gouraud
 70
     2
177
     3
291
     1
 70
    58
 90
        2
176
     1
 90
        2
176
     1
 90
        1
176
     1
 90
        2
176
     1
 40
0.6
176
     1
 40
30.0
176
     1
 62
     7
420
 16777215
176
     1
 90
        0
176
     1
 90
        0
176
     1
 62
     7
176
     1
 62
   257
176
     1
 90
        1
176
     1
 90
        1
176
     1
 40
1.0
176
     1
 90
        0
176
     1
 62
     7
176
     1
 40
1.0
176
     1
 90
        1
176
     1
 90
        6
176
     1
 90
        2
176
     1
 62
     7
176
     1
 90
        5
176
     1
 90
        0
176
     1
 90
        0
176
     1
290
     0
176
     1
 90
       13
176
     1
 40
0.0
176
     1
 90
        0
176
     1
290
     0
176
     1
290
     1
176
     1
290
     1
176
     1
290
     0
176
     1
290
     0
176
     1
290
     0
176
     1
290
     0
176
     1
290
     0
176
     1
290
     0
176
     1
 90
       50
176
     1
 40
0.0
176
     1
 40
1.0
176
     1
 90
        0
176
     1
 62
    18
420
        0
176
     1
 90
       50
176
     1
 90
        3
176
     1
 62
     5
420
      255
176
     1
290
     0
176
     1
 90
       50
176
     1
 90
       50
176
     1
 90
       50
176
     1
290
     0
176
     1
 90
       50
176
     1
 62
   256
176
     0
 40
1.0
176
     0
 90
        2
176
     1
  1
strokes_ogs.tif
176
     1
290
     0
176
     1
 40
1.0
176
     1
 40
1.0
176
     1
  0
VISUALSTYLE
  5
9D
102
{ACAD_REACTORS
330
99
102
}
330
99
100
AcDbVisualStyle
  2
GouraudWithEdges
 70
     3
177
     3
291
     1
 70
    58
 90
        2
176
     1
 90
        2
176
     1
 90
        1
176
     1
 90
        2
176
     1
 40
0.6
176
     1
 40
30.0
176
     1
 62
     7
420
 16777215
176
     1
 90
        1
176
     1
 90
        0
176
     1
 62
     7
176
     1
 62
   257
176
     1
 90
        1
176
     1
 90
        1
176
     1
 40
1.0
176
     1
 90
        0
176
     1
 62
   257
176
     1
 40
1.0
176
     1
 90
        1
176
     1
 90
        6
176
     1
 90
        2
176
     1
 62
     7
176
     1
 90
        5
176
     1
 90
        0
176
     1
 90
        0
176
     1
290
     0
176
     1
 90
       13
176
     1
 40
0.0
176
     1
 90
        0
176
     1
290
     0
176
     1
290
     1
176
     1
290
     1
176
     1
290
     0
176
     1
290
     0
176
     1
290
     0
176
     1
290
     0
176
     1
290
     0
176
     1
290
     0
176
     1
 90
       50
176
     1
 40
0.0
176
     1
 40
1.0
176
     1
 90
        0
176
     1
 62
    18
420
        0
176
     1
 90
       50
176
     1
 90
        3
176
     1
 62
     5
420
      255
176
     1
290
     0
176
     1
 90
       50
176
     1
 90
       50
176
     1
 90
       50
176
     1
290
     0
176
     1
 90
       50
176
     1
 62
   256
176
     0
 40
1.0
176
     0
 90
        2
176
     1
  1
strokes_ogs.tif
176
     1
290
     0
176
     1
 40
1.0
176
     1
 40
1.0
176
     1
  0
VISUALSTYLE
  5
A1
102
{ACAD_REACTORS
330
99
102
}
330
99
100
AcDbVisualStyle
  2
Hidden
 70
     6
177
     3
291
     0
 70
    58
 90
        1
176
     1
 90
        2
176
     1
 90
        2
176
     1
 90
        0
176
     1
 40
0.6
176
     1
 40
30.0
176
     1
 62
     7
420
 16777215
176
     1
 90
        2
176
     1
 90
        2
176
     1
 62
     7
176
     1
 62
   257
176
     1
 90
        2
176
     1
 90
        1
176
     1
 40
40.0
176
     1
 90
        0
176
     1
 62
   257
176
     1
 40
1.0
176
     1
 90
        1
176
     1
 90
        6
176
     1
 90
        2
176
     1
 62
     7
176
     1
 90
        3
176
     1
 90
        0
176
     1
 90
        0
176
     1
290
     0
176
     1
 90
        1
176
     1
 40
0.0
176
     1
 90
        0
176
     1
290
     0
176
     1
290
     1
176
     1
290
     1
176
     1
290
     0
176
     1
290
     0
176
     1
290
     0
176
     1
290
     0
176
     1
290
     0
176
     1
290
     0
176
     1
 90
       50
176
     1
 40
0.0
176
     1
 40
1.0
176
     1
 90
        0
176
     1
 62
    18
420
        0
176
     1
 90
       50
176
     1
 90
        3
176
     1
 62
     5
420
      255
176
     1
290
     0
176
     1
 90
       50
176
     1
 90
       50
176
     1
 90
       50
176
     1
290
     0
176
     1
 90
       50
176
     1
 62
   256
176
     0
 40
1.0
176
     0
 90
        2
176
     1
  1
strokes_ogs.tif
176
     1
290
     0
176
     1
 40
1.0
176
     1
 40
1.0
176
     1
  0
VISUALSTYLE
  5
173
102
{ACAD_REACTORS
330
99
102
}
330
99
100
AcDbVisualStyle
  2
JitterOff
 70
    20
177
     3
291
     1
 70
    58
 90
        2
176
     0
 90
        2
176
     0
 90
        0
176
     0
 90
        0
176
     0
 40
0.6
176
     0
 40
30.0
176
     0
 62
     7
420
 16777215
176
     0
 90
        1
176
     0
 90
        4
176
     0
 62
     7
176
     0
 62
   257
176
     0
 90
        1
176
     0
 90
        1
176
     0
 40
1.0
176
     0
 90
       10
176
     2
 62
     7
176
     0
 40
1.0
176
     0
 90
        1
176
     0
 90
        6
176
     0
 90
        2
176
     0
 62
     7
176
     0
 90
        5
176
     0
 90
        0
176
     0
 90
        0
176
     0
290
     0
176
     0
 90
        1
176
     0
 40
0.0
176
     0
 90
        0
176
     0
290
     0
176
     1
290
     1
176
     1
290
     1
176
     1
290
     0
176
     1
290
     0
176
     1
290
     0
176
     1
290
     0
176
     1
290
     0
176
     1
290
     0
176
     1
 90
       50
176
     1
 40
0.0
176
     1
 40
1.0
176
     1
 90
        0
176
     1
 62
    18
420
        0
176
     1
 90
       50
176
     1
 90
        3
176
     1
 62
     5
420
      255
176
     1
290
     0
176
     1
 90
       50
176
     1
 90
       50
176
     1
 90
       50
176
     1
290
     0
176
     1
 90
       50
176
     1
 62
   256
176
     0
 40
1.0
176
     0
 90
        2
176
     1
  1
strokes_ogs.tif
176
     1
290
     0
176
     1
 40
1.0
176
     1
 40
1.0
176
     1
  0
VISUALSTYLE
  5
A7
102
{ACAD_REACTORS
330
99
102
}
330
99
100
AcDbVisualStyle
  2
Linepattern
 70
    14
177
     3
291
     1
 70
    58
 90
        2
176
     1
 90
        2
176
     1
 90
        1
176
     1
 90
        0
176
     1
 40
0.6
176
     1
 40
30.0
176
     1
 62
     7
420
 16777215
176
     1
 90
        1
176
     1
 90
        4
176
     1
 62
     7
176
     1
 62
   257
176
     1
 90
        7
176
     1
 90
        7
176
     1
 40
1.0
176
     1
 90
        8
176
     1
 62
     7
176
     1
 40
1.0
176
     1
 90
        1
176
     1
 90
        6
176
     1
 90
        2
176
     1
 62
     7
176
     1
 90
        5
176
     1
 90
        0
176
     1
 90
        0
176
     1
290
     0
176
     1
 90
        1
176
     1
 40
0.0
176
     1
 90
        0
176
     1
290
     0
176
     1
290
     1
176
     1
290
     1
176
     1
290
     0
176
     1
290
     0
176
     1
290
     0
176
     1
290
     0
176
     1
290
     0
176
     1
290
     0
176
     1
 90
       50
176
     1
 40
0.0
176
     1
 40
1.0
176
     1
 90
        0
176
     1
 62
    18
420
        0
176
     1
 90
       50
176
     1
 90
        3
176
     1
 62
     5
420
      255
176
     1
290
     0
176
     1
 90
       50
176
     1
 90
       50
176
     1
 90
       50
176
     1
290
     0
176
     1
 90
       50
176
     1
 62
   256
176
     0
 40
1.0
176
     0
 90
        2
176
     1
  1
strokes_ogs.tif
176
     1
290
     0
176
     1
 40
1.0
176
     1
 40
1.0
176
     1
  0
VISUALSTYLE
  5
174
102
{ACAD_REACTORS
330
99
102
}
330
99
100
AcDbVisualStyle
  2
OverhangOff
 70
    21
177
     3
291
     1
 70
    58
 90
        2
176
     0
 90
        2
176
     0
 90
        0
176
     0
 90
        0
176
     0
 40
0.6
176
     0
 40
30.0
176
     0
 62
     7
420
 16777215
176
     0
 90
        1
176
     0
 90
        4
176
     0
 62
     7
176
     0
 62
   257
176
     0
 90
        1
176
     0
 90
        1
176
     0
 40
1.0
176
     0
 90
        9
176
     2
 62
     7
176
     0
 40
1.0
176
     0
 90
        1
176
     0
 90
        6
176
     0
 90
        2
176
     0
 62
     7
176
     0
 90
        5
176
     0
 90
        0
176
     0
 90
        0
176
     0
290
     0
176
     0
 90
        1
176
     0
 40
0.0
176
     0
 90
        0
176
     0
290
     0
176
     1
290
     1
176
     1
290
     1
176
     1
290
     0
176
     1
290
     0
176
     1
290
     0
176
     1
290
     0
176
     1
290
     0
176
     1
290
     0
176
     1
 90
       50
176
     1
 40
0.0
176
     1
 40
1.0
176
     1
 90
        0
176
     1
 62
    18
420
        0
176
     1
 90
       50
176
     1
 90
        3
176
     1
 62
     5
420
      255
176
     1
290
     0
176
     1
 90
       50
176
     1
 90
       50
176
     1
 90
       50
176
     1
290
     0
176
     1
 90
       50
176
     1
 62
   256
176
     0
 40
1.0
176
     0
 90
        2
176
     1
  1
strokes_ogs.tif
176
     1
290
     0
176
     1
 40
1.0
176
     1
 40
1.0
176
     1
  0
VISUALSTYLE
  5
A3
102
{ACAD_REACTORS
330
99
102
}
330
99
100
AcDbVisualStyle
  2
Realistic
 70
     8
177
     3
291
     0
 70
    58
 90
        2
176
     1
 90
        3
176
     1
 90
        0
176
     1
 90
        2
176
     1
 40
0.6
176
     1
 40
30.0
176
     1
 62
     7
420
 16777215
176
     1
 90
        0
176
     1
 90
        0
176
     1
 62
     7
176
     1
 62
   257
176
     1
 90
        1
176
     1
 90
        1
176
     1
 40
1.0
176
     1
 90
        8
176
     1
 62
   257
176
     1
 40
1.0
176
     1
 90
        1
176
     1
 90
        6
176
     1
 90
        2
176
     1
 62
     7
176
     1
 90
        3
176
     1
 90
        0
176
     1
 90
        0
176
     1
290
     0
176
     1
 90
       13
176
     1
 40
0.0
176
     1
 90
        0
176
     1
290
     0
176
     1
290
     1
176
     1
290
     1
176
     1
290
     0
176
     1
290
     0
176
     1
290
     0
176
     1
290
     0
176
     1
290
     0
176
     1
290
     0
176
     1
 90
       50
176
     1
 40
0.0
176
     1
 40
1.0
176
     1
 90
        0
176
     1
 62
    18
420
        0
176
     1
 90
       50
176
     1
 90
        3
176
     1
 62
     5
420
      255
176
     1
290
     0
176
     1
 90
       50
176
     1
 90
       50
176
     1
 90
       50
176
     1
290
     0
176
     1
 90
       50
176
     1
 62
   256
176
     0
 40
1.0
176
     0
 90
        2
176
     1
  1
strokes_ogs.tif
176
     1
290
     0
176
     1
 40
1.0
176
     1
 40
1.0
176
     1
  0
VISUALSTYLE
  5
182
102
{ACAD_REACTORS
330
99
102
}
330
99
100
AcDbVisualStyle
  2
Shaded
 70
    27
177
     3
291
     0
 70
    58
 90
        2
176
     1
 90
        2
176
     1
 90
        1
176
     1
 90
        2
176
     1
 40
0.6
176
     1
 40
30.0
176
     1
 62
     7
420
 16777215
176
     1
 90
        0
176
     1
 90
        4
176
     1
 62
     7
176
     1
 62
   257
176
     1
 90
        1
176
     1
 90
        1
176
     1
 40
1.0
176
     1
 90
        8
176
     1
 62
   257
176
     1
 40
1.0
176
     1
 90
        1
176
     1
 90
        6
176
     1
 90
        2
176
     1
 62
     8
420
  7895160
176
     1
 90
        3
176
     1
 90
        0
176
     1
 90
        0
176
     1
290
     0
176
     1
 90
        5
176
     1
 40
0.0
176
     1
 90
        0
176
     1
290
     0
176
     1
290
     1
176
     1
290
     1
176
     1
290
     0
176
     1
290
     0
176
     1
290
     0
176
     1
290
     0
176
     1
290
     0
176
     1
290
     0
176
     1
 90
       50
176
     1
 40
0.0
176
     1
 40
1.0
176
     1
 90
        0
176
     1
 62
    18
420
        0
176
     1
 90
       50
176
     1
 90
        3
176
     1
 62
     5
420
      255
176
     1
290
     0
176
     1
 90
       50
176
     1
 90
       50
176
     1
 90
       50
176
     1
290
     0
176
     1
 90
       50
176
     1
 62
   256
176
     0
 40
1.0
176
     0
 90
        2
176
     1
  1
strokes_ogs.tif
176
     1
290
     0
176
     1
 40
1.0
176
     1
 40
1.0
176
     1
  0
VISUALSTYLE
  5
181
102
{ACAD_REACTORS
330
99
102
}
330
99
100
AcDbVisualStyle
  2
Shaded with edges
 70
    26
177
     3
291
     0
 70
    58
 90
        2
176
     1
 90
        2
176
     1
 90
        1
176
     1
 90
        2
176
     1
 40
0.6
176
     1
 40
30.0
176
     1
 62
     7
420
 16777215
176
     1
 90
        1
176
     1
 90
        2
176
     1
 62
     7
176
     1
 62
   257
176
     1
 90
        2
176
     1
 90
        1
176
     1
 40
1.0
176
     1
 90
        8
176
     1
 62
   257
176
     1
 40
1.0
176
     1
 90
        1
176
     1
 90
        6
176
     1
 90
        2
176
     1
 62
     7
176
     1
 90
        3
176
     1
 90
        0
176
     1
 90
        0
176
     1
290
     0
176
     1
 90
        5
176
     1
 40
0.0
176
     1
 90
        0
176
     1
290
     0
176
     1
290
     1
176
     1
290
     1
176
     1
290
     0
176
     1
290
     0
176
     1
290
     0
176
     1
290
     0
176
     1
290
     0
176
     1
290
     0
176
     1
 90
       50
176
     1
 40
0.0
176
     1
 40
1.0
176
     1
 90
        0
176
     1
 62
    18
420
        0
176
     1
 90
       50
176
     1
 90
        3
176
     1
 62
     5
420
      255
176
     1
290
     0
176
     1
 90
       50
176
     1
 90
       50
176
     1
 90
       50
176
     1
290
     0
176
     1
 90
       50
176
     1
 62
   256
176
     0
 40
1.0
176
     0
 90
        2
176
     1
  1
strokes_ogs.tif
176
     1
290
     0
176
     1
 40
1.0
176
     1
 40
1.0
176
     1
  0
VISUALSTYLE
  5
17E
102
{ACAD_REACTORS
330
99
102
}
330
99
100
AcDbVisualStyle
  2
Shades of Gray
 70
    23
177
     3
291
     0
 70
    58
 90
        2
176
     1
 90
        2
176
     1
 90
        3
176
     1
 90
        0
176
     1
 40
0.6
176
     1
 40
30.0
176
     1
 62
     7
420
 16777215
176
     1
 90
        2
176
     1
 90
        2
176
     1
 62
     7
176
     1
 62
     7
176
     1
 90
        1
176
     1
 90
        1
176
     1
 40
40.0
176
     1
 90
        8
176
     1
 62
     7
176
     1
 40
1.0
176
     1
 90
        1
176
     1
 90
        6
176
     1
 90
        2
176
     1
 62
     7
176
     1
 90
        3
176
     1
 90
        0
176
     1
 90
        0
176
     1
290
     0
176
     1
 90
        1
176
     1
 40
0.0
176
     1
 90
        0
176
     1
290
     0
176
     1
290
     1
176
     1
290
     1
176
     1
290
     0
176
     1
290
     0
176
     1
290
     0
176
     1
290
     0
176
     1
290
     0
176
     1
290
     0
176
     1
 90
       50
176
     1
 40
0.0
176
     1
 40
1.0
176
     1
 90
        0
176
     1
 62
    18
420
        0
176
     1
 90
       50
176
     1
 90
        3
176
     1
 62
     5
420
      255
176
     1
290
     0
176
     1
 90
       50
176
     1
 90
       50
176
     1
 90
       50
176
     1
290
     0
176
     1
 90
       50
176
     1
 62
   256
176
     0
 40
1.0
176
     0
 90
        2
176
     1
  1
strokes_ogs.tif
176
     1
290
     0
176
     1
 40
1.0
176
     1
 40
1.0
176
     1
  0
VISUALSTYLE
  5
17F
102
{ACAD_REACTORS
330
99
102
}
330
99
100
AcDbVisualStyle
  2
Sketchy
 70
    24
177
     3
291
     0
 70
    58
 90
        1
176
     1
 90
        2
176
     1
 90
        2
176
     1
 90
        0
176
     1
 40
0.6
176
     1
 40
30.0
176
     1
 62
     7
420
 16777215
176
     1
 90
        2
176
     1
 90
        2
176
     1
 62
     7
176
     1
 62
     7
176
     1
 90
        1
176
     1
 90
        1
176
     1
 40
40.0
176
     1
 90
       11
176
     1
 62
     7
176
     1
 40
1.0
176
     1
 90
        1
176
     1
 90
        6
176
     1
 90
        2
176
     1
 62
     7
176
     1
 90
        6
176
     1
 90
        0
176
     1
 90
        0
176
     1
290
     0
176
     1
 90
        1
176
     1
 40
0.0
176
     1
 90
        0
176
     1
290
     0
176
     1
290
     1
176
     1
290
     1
176
     1
290
     0
176
     1
290
     0
176
     1
290
     0
176
     1
290
     0
176
     1
290
     0
176
     1
290
     0
176
     1
 90
       50
176
     1
 40
0.0
176
     1
 40
1.0
176
     1
 90
        0
176
     1
 62
    18
420
        0
176
     1
 90
       50
176
     1
 90
        3
176
     1
 62
     5
420
      255
176
     1
290
     0
176
     1
 90
       50
176
     1
 90
       50
176
     1
 90
       50
176
     1
290
     0
176
     1
 90
       50
176
     1
 62
   256
176
     0
 40
1.0
176
     0
 90
        2
176
     1
  1
strokes_ogs.tif
176
     1
290
     0
176
     1
 40
1.0
176
     1
 40
1.0
176
     1
  0
VISUALSTYLE
  5
A6
102
{ACAD_REACTORS
330
99
102
}
330
99
100
AcDbVisualStyle
  2
Thicken
 70
    13
177
     3
291
     1
 70
    58
 90
        2
176
     1
 90
        2
176
     1
 90
        1
176
     1
 90
        0
176
     1
 40
0.6
176
     1
 40
30.0
176
     1
 62
     7
420
 16777215
176
     1
 90
        1
176
     1
 90
        4
176
     1
 62
     7
176
     1
 62
   257
176
     1
 90
        1
176
     1
 90
        1
176
     1
 40
1.0
176
     1
 90
       12
176
     1
 62
     7
176
     1
 40
1.0
176
     1
 90
        1
176
     1
 90
        6
176
     1
 90
        2
176
     1
 62
     7
176
     1
 90
        5
176
     1
 90
        0
176
     1
 90
        0
176
     1
290
     0
176
     1
 90
        1
176
     1
 40
0.0
176
     1
 90
        0
176
     1
290
     0
176
     1
290
     1
176
     1
290
     1
176
     1
290
     0
176
     1
290
     0
176
     1
290
     0
176
     1
290
     0
176
     1
290
     0
176
     1
290
     0
176
     1
 90
       50
176
     1
 40
0.0
176
     1
 40
1.0
176
     1
 90
        0
176
     1
 62
    18
420
        0
176
     1
 90
       50
176
     1
 90
        3
176
     1
 62
     5
420
      255
176
     1
290
     0
176
     1
 90
       50
176
     1
 90
       50
176
     1
 90
       50
176
     1
290
     0
176
     1
 90
       50
176
     1
 62
   256
176
     0
 40
1.0
176
     0
 90
        2
176
     1
  1
strokes_ogs.tif
176
     1
290
     0
176
     1
 40
1.0
176
     1
 40
1.0
176
     1
  0
VISUALSTYLE
  5
A0
102
{ACAD_REACTORS
330
99
102
}
330
99
100
AcDbVisualStyle
  2
Wireframe
 70
     5
177
     3
291
     0
 70
    58
 90
        0
176
     1
 90
        2
176
     1
 90
        0
176
     1
 90
        0
176
     1
 40
0.6
176
     1
 40
30.0
176
     1
 62
     7
420
 16777215
176
     1
 90
        1
176
     1
 90
        4
176
     1
 62
     7
176
     1
 62
   257
176
     1
 90
        1
176
     1
 90
        1
176
     1
 40
1.0
176
     1
 90
        0
176
     1
 62
   257
176
     1
 40
1.0
176
     1
 90
        1
176
     1
 90
        6
176
     1
 90
        2
176
     1
 62
     7
176
     1
 90
        3
176
     1
 90
        0
176
     1
 90
        0
176
     1
290
     0
176
     1
 90
        1
176
     1
 40
0.0
176
     1
 90
        0
176
     1
290
     0
176
     1
290
     1
176
     1
290
     1
176
     1
290
     0
176
     1
290
     0
176
     1
290
     0
176
     1
290
     0
176
     1
290
     0
176
     1
290
     0
176
     1
 90
       50
176
     1
 40
0.0
176
     1
 40
1.0
176
     1
 90
        0
176
     1
 62
    18
420
        0
176
     1
 90
       50
176
     1
 90
        3
176
     1
 62
     5
420
      255
176
     1
290
     0
176
     1
 90
       50
176
     1
 90
       50
176
     1
 90
       50
176
     1
290
     0
176
     1
 90
       50
176
     1
 62
   256
176
     0
 40
1.0
176
     0
 90
        2
176
     1
  1
strokes_ogs.tif
176
     1
290
     0
176
     1
 40
1.0
176
     1
 40
1.0
176
     1
  0
VISUALSTYLE
  5
180
102
{ACAD_REACTORS
330
99
102
}
330
99
100
AcDbVisualStyle
  2
X-Ray
 70
    25
177
     3
291
     0
 70
    58
 90
        2
176
     1
 90
        2
176
     1
 90
        1
176
     1
 90
        1
176
     1
 40
0.5
176
     1
 40
30.0
176
     1
 62
     7
420
 16777215
176
     1
 90
        1
176
     1
 90
        0
176
     1
 62
     7
176
     1
 62
   257
176
     1
 90
        1
176
     1
 90
        1
176
     1
 40
1.0
176
     1
 90
        8
176
     1
 62
     7
176
     1
 40
1.0
176
     1
 90
        1
176
     1
 90
        6
176
     1
 90
        2
176
     1
 62
     7
176
     1
 90
        3
176
     1
 90
        0
176
     1
 90
        0
176
     1
290
     0
176
     1
 90
       13
176
     1
 40
0.0
176
     1
 90
        0
176
     1
290
     0
176
     1
290
     1
176
     1
290
     1
176
     1
290
     0
176
     1
290
     0
176
     1
290
     0
176
     1
290
     0
176
     1
290
     0
176
     1
290
     0
176
     1
 90
       50
176
     1
 40
0.0
176
     1
 40
1.0
176
     1
 90
        0
176
     1
 62
    18
420
        0
176
     1
 90
       50
176
     1
 90
        3
176
     1
 62
     5
420
      255
176
     1
290
     0
176
     1
 90
       50
176
     1
 90
       50
176
     1
 90
       50
176
     1
290
     0
176
     1
 90
       50
176
     1
 62
   256
176
     0
 40
1.0
176
     0
 90
        2
176
     1
  1
strokes_ogs.tif
176
     1
290
     0
176
     1
 40
1.0
176
     1
 40
1.0
176
     1
  0
DICTIONARYVAR
  5
B86F
102
{ACAD_REACTORS
330
66
102
}
330
66
100
DictionaryVariables
280
     0
  1
1191.692904
  0
DICTIONARYVAR
  5
F0
102
{ACAD_REACTORS
330
66
102
}
330
66
100
DictionaryVariables
280
     0
  1
1:1
  0
DICTIONARYVAR
  5
EF
102
{ACAD_REACTORS
330
66
102
}
330
66
100
DictionaryVariables
280
     0
  1
STANDARD
  0
DICTIONARYVAR
  5
89
102
{ACAD_REACTORS
330
66
102
}
330
66
100
DictionaryVariables
280
     0
  1
STANDARD
  0
DICTIONARYVAR
  5
1B7
102
{ACAD_REACTORS
330
66
102
}
330
66
100
DictionaryVariables
280
     0
  1
Imperial24
  0
DICTIONARYVAR
  5
1B8
102
{ACAD_REACTORS
330
66
102
}
330
66
100
DictionaryVariables
280
     0
  1
Imperial24
  0
DICTIONARYVAR
  5
67
102
{ACAD_REACTORS
330
66
102
}
330
66
100
DictionaryVariables
280
     0
  1
2
  0
DICTIONARYVAR
  5
6B
102
{ACAD_REACTORS
330
66
102
}
330
66
100
DictionaryVariables
280
     0
  1
1
  0
DICTIONARYVAR
  5
7323
102
{ACAD_REACTORS
330
66
102
}
330
66
100
DictionaryVariables
280
     0
  1
BYLAYER
  0
DICTIONARYVAR
  5
7322
102
{ACAD_REACTORS
330
66
102
}
330
66
100
DictionaryVariables
280
     0
  1
ByLayer
  0
DICTIONARYVAR
  5
14D
102
{ACAD_REACTORS
330
66
102
}
330
66
100
DictionaryVariables
280
     0
  1
0
  0
DICTIONARYVAR
  5
14E
102
{ACAD_REACTORS
330
66
102
}
330
66
100
DictionaryVariables
280
     0
  1
0
  0
TABLECONTENT
  5
AE1C
330
D990
100
AcDbLinkedData
  1

300

100
AcDbLinkedTableData
 90
        5
300
COLUMN
  1
LINKEDTABLEDATACOLUMN_BEGIN
300

 91
        0
301
CUSTOMDATA
  1
DATAMAP_BEGIN
 90
        0
309
DATAMAP_END
309
LINKEDTABLEDATACOLUMN_END
  1
FORMATTEDTABLEDATACOLUMN_BEGIN
300
COLUMNTABLEFORMAT
  1
TABLEFORMAT_BEGIN
 90
        3
170
     0
309
TABLEFORMAT_END
309
FORMATTEDTABLEDATACOLUMN_END
  1
TABLECOLUMN_BEGIN
 90
        0
 40
708.6026947048042
309
TABLECOLUMN_END
300
COLUMN
  1
LINKEDTABLEDATACOLUMN_BEGIN
300

 91
        0
301
CUSTOMDATA
  1
DATAMAP_BEGIN
 90
        0
309
DATAMAP_END
309
LINKEDTABLEDATACOLUMN_END
  1
FORMATTEDTABLEDATACOLUMN_BEGIN
300
COLUMNTABLEFORMAT
  1
TABLEFORMAT_BEGIN
 90
        3
170
     0
309
TABLEFORMAT_END
309
FORMATTEDTABLEDATACOLUMN_END
  1
TABLECOLUMN_BEGIN
 90
        0
 40
400.0
309
TABLECOLUMN_END
300
COLUMN
  1
LINKEDTABLEDATACOLUMN_BEGIN
300

 91
        0
301
CUSTOMDATA
  1
DATAMAP_BEGIN
 90
        0
309
DATAMAP_END
309
LINKEDTABLEDATACOLUMN_END
  1
FORMATTEDTABLEDATACOLUMN_BEGIN
300
COLUMNTABLEFORMAT
  1
TABLEFORMAT_BEGIN
 90
        3
170
     0
309
TABLEFORMAT_END
309
FORMATTEDTABLEDATACOLUMN_END
  1
TABLECOLUMN_BEGIN
 90
        0
 40
400.0
309
TABLECOLUMN_END
300
COLUMN
  1
LINKEDTABLEDATACOLUMN_BEGIN
300

 91
        0
301
CUSTOMDATA
  1
DATAMAP_BEGIN
 90
        0
309
DATAMAP_END
309
LINKEDTABLEDATACOLUMN_END
  1
FORMATTEDTABLEDATACOLUMN_BEGIN
300
COLUMNTABLEFORMAT
  1
TABLEFORMAT_BEGIN
 90
        3
170
     0
309
TABLEFORMAT_END
309
FORMATTEDTABLEDATACOLUMN_END
  1
TABLECOLUMN_BEGIN
 90
        0
 40
1643.209424490054
309
TABLECOLUMN_END
300
COLUMN
  1
LINKEDTABLEDATACOLUMN_BEGIN
300

 91
        0
301
CUSTOMDATA
  1
DATAMAP_BEGIN
 90
        0
309
DATAMAP_END
309
LINKEDTABLEDATACOLUMN_END
  1
FORMATTEDTABLEDATACOLUMN_BEGIN
300
COLUMNTABLEFORMAT
  1
TABLEFORMAT_BEGIN
 90
        3
170
     0
309
TABLEFORMAT_END
309
FORMATTEDTABLEDATACOLUMN_END
  1
TABLECOLUMN_BEGIN
 90
        0
 40
1220.362569568318
309
TABLECOLUMN_END
 91
        1
301
ROW
  1
LINKEDTABLEDATAROW_BEGIN
 90
        5
300
CELL
  1
LINKEDTABLEDATACELL_BEGIN
 90
        0
300

 91
        0
301
CUSTOMDATA
  1
DATAMAP_BEGIN
 90
        1
300
ACAD_ROUNDTRIP_2008_CELL_CHECKSUM
301
DATAMAP_VALUE
 93
        2
 90
        2
140
83389.0
 94
        0
300

302

304
ACVALUE_END
309
DATAMAP_END
 92
        0
 95
        1
302
CONTENT
  1
CELLCONTENT_BEGIN
 90
        1
300
VALUE
 93
        6
 90
        4
  1
{\H3x;PETROTEC}\PINDUSTRIAL ENGINEERING COMPANY
 94
        0
300

302
{\H3x;PETROTEC}\PINDUSTRIAL ENGINEERING COMPANY
304
ACVALUE_END
 91
        0
309
CELLCONTENT_END
  1
FORMATTEDCELLCONTENT_BEGIN
170
     1
300
CONTENTFORMAT
  1
CONTENTFORMAT_BEGIN
 90
       67
 91
        0
 92
        4
 93
        0
300

 40
0.0
140
1.0
 94
        1
 62
     0
340
DC
144
100.0
309
CONTENTFORMAT_END
309
FORMATTEDCELLCONTENT_END
309
LINKEDTABLEDATACELL_END
  1
FORMATTEDTABLEDATACELL_BEGIN
300
CELLTABLEFORMAT
  1
TABLEFORMAT_BEGIN
 90
        1
170
     1
 91
        0
 92
        0
 62
   257
 93
        1
300
CONTENTFORMAT
  1
CONTENTFORMAT_BEGIN
 90
        0
 91
        0
 92
      512
 93
        0
300

 40
0.0
140
1.0
 94
        5
 62
     0
340
0
144
0.18
309
CONTENTFORMAT_END
171
     0
 94
        0
309
TABLEFORMAT_END
309
FORMATTEDTABLEDATACELL_END
  1
TABLECELL_BEGIN
 90
        0
 91
        0
309
TABLECELL_END
300
CELL
  1
LINKEDTABLEDATACELL_BEGIN
 90
        0
300

 91
        0
301
CUSTOMDATA
  1
DATAMAP_BEGIN
 90
        1
300
ACAD_ROUNDTRIP_2008_CELL_CHECKSUM
301
DATAMAP_VALUE
 93
        2
 90
        2
140
0.0
 94
        0
300

302

304
ACVALUE_END
309
DATAMAP_END
 92
        0
 95
        0
309
LINKEDTABLEDATACELL_END
  1
FORMATTEDTABLEDATACELL_BEGIN
300
CELLTABLEFORMAT
  1
TABLEFORMAT_BEGIN
 90
        1
170
     1
 91
        0
 92
        0
 62
   257
 93
        1
300
CONTENTFORMAT
  1
CONTENTFORMAT_BEGIN
 90
        0
 91
        0
 92
      512
 93
        0
300

 40
0.0
140
1.0
 94
        5
 62
     0
340
0
144
0.18
309
CONTENTFORMAT_END
171
     0
 94
        0
309
TABLEFORMAT_END
309
FORMATTEDTABLEDATACELL_END
  1
TABLECELL_BEGIN
 90
        0
 91
        0
309
TABLECELL_END
300
CELL
  1
LINKEDTABLEDATACELL_BEGIN
 90
        0
300

 91
        0
301
CUSTOMDATA
  1
DATAMAP_BEGIN
 90
        1
300
ACAD_ROUNDTRIP_2008_CELL_CHECKSUM
301
DATAMAP_VALUE
 93
        2
 90
        2
140
0.0
 94
        0
300

302

304
ACVALUE_END
309
DATAMAP_END
 92
        0
 95
        0
309
LINKEDTABLEDATACELL_END
  1
FORMATTEDTABLEDATACELL_BEGIN
300
CELLTABLEFORMAT
  1
TABLEFORMAT_BEGIN
 90
        1
170
     1
 91
        0
 92
        0
 62
   257
 93
        1
300
CONTENTFORMAT
  1
CONTENTFORMAT_BEGIN
 90
        0
 91
        0
 92
      512
 93
        0
300

 40
0.0
140
1.0
 94
        5
 62
     0
340
0
144
0.18
309
CONTENTFORMAT_END
171
     0
 94
        0
309
TABLEFORMAT_END
309
FORMATTEDTABLEDATACELL_END
  1
TABLECELL_BEGIN
 90
        0
 91
        0
309
TABLECELL_END
300
CELL
  1
LINKEDTABLEDATACELL_BEGIN
 90
        0
300

 91
        0
301
CUSTOMDATA
  1
DATAMAP_BEGIN
 90
        1
300
ACAD_ROUNDTRIP_2008_CELL_CHECKSUM
301
DATAMAP_VALUE
 93
        2
 90
        2
140
0.0
 94
        0
300

302

304
ACVALUE_END
309
DATAMAP_END
 92
        0
 95
        0
309
LINKEDTABLEDATACELL_END
  1
FORMATTEDTABLEDATACELL_BEGIN
300
CELLTABLEFORMAT
  1
TABLEFORMAT_BEGIN
 90
        1
170
     1
 91
        0
 92
        0
 62
   257
 93
        1
300
CONTENTFORMAT
  1
CONTENTFORMAT_BEGIN
 90
        0
 91
        0
 92
      512
 93
        0
300

 40
0.0
140
1.0
 94
        5
 62
     0
340
0
144
0.18
309
CONTENTFORMAT_END
171
     0
 94
        0
309
TABLEFORMAT_END
309
FORMATTEDTABLEDATACELL_END
  1
TABLECELL_BEGIN
 90
        0
 91
        0
309
TABLECELL_END
300
CELL
  1
LINKEDTABLEDATACELL_BEGIN
 90
        0
300

 91
        0
301
CUSTOMDATA
  1
DATAMAP_BEGIN
 90
        1
300
ACAD_ROUNDTRIP_2008_CELL_CHECKSUM
301
DATAMAP_VALUE
 93
        2
 90
        2
140
0.0
 94
        0
300

302

304
ACVALUE_END
309
DATAMAP_END
 92
        0
 95
        0
309
LINKEDTABLEDATACELL_END
  1
FORMATTEDTABLEDATACELL_BEGIN
300
CELLTABLEFORMAT
  1
TABLEFORMAT_BEGIN
 90
        1
170
     1
 91
        0
 92
        0
 62
   257
 93
        1
300
CONTENTFORMAT
  1
CONTENTFORMAT_BEGIN
 90
        0
 91
        0
 92
      512
 93
        0
300

 40
0.0
140
1.0
 94
        5
 62
     0
340
0
144
0.18
309
CONTENTFORMAT_END
171
     0
 94
        0
309
TABLEFORMAT_END
309
FORMATTEDTABLEDATACELL_END
  1
TABLECELL_BEGIN
 90
        0
 91
        0
309
TABLECELL_END
 91
        0
301
CUSTOMDATA
  1
DATAMAP_BEGIN
 90
        0
309
DATAMAP_END
309
LINKEDTABLEDATAROW_END
  1
FORMATTEDTABLEDATAROW_BEGIN
300
ROWTABLEFORMAT
  1
TABLEFORMAT_BEGIN
 90
        2
170
     1
 91
        0
 92
        0
 62
   257
 93
        1
300
CONTENTFORMAT
  1
CONTENTFORMAT_BEGIN
 90
        0
 91
        0
 92
      512
 93
        0
300

 40
0.0
140
1.0
 94
        1
 62
     0
340
0
144
100.0
309
CONTENTFORMAT_END
171
     0
 94
        0
309
TABLEFORMAT_END
309
FORMATTEDTABLEDATAROW_END
  1
TABLEROW_BEGIN
 90
        3
 40
832.1340063731575
309
TABLEROW_END
 92
        0
100
AcDbFormattedTableData
300
TABLEFORMAT
  1
TABLEFORMAT_BEGIN
 90
        4
170
     1
 91
        0
 92
        0
 62
   257
 93
        1
300
CONTENTFORMAT
  1
CONTENTFORMAT_BEGIN
 90
        0
 91
        0
 92
      512
 93
        0
300

 40
0.0
140
1.0
 94
        1
 62
     0
340
0
144
0.18
309
CONTENTFORMAT_END
171
     0
 94
        0
309
TABLEFORMAT_END
 90
        1
 91
        0
 92
        0
 93
        0
 94
        4
100
AcDbTableContent
340
87
  0
TABLEGEOMETRY
  5
AE1D
330
D990
100
AcDbTableGeometry
 90
        1
 91
        5
 92
        5
 93
        3
 40
2584.544747612552
 41
548.1327876307412
330
0
 94
        1
 10
896.8149705753123
 20
-145.0006093712081
 30
0.0
 11
2186.087344381588
 21
-416.0670031865787
 31
0.0
 43
2578.544747612552
 44
542.1327876307413
 45
2578.544747612552
 46
542.1327876307413
 95
        0
 93
        3
 40
6.0
 41
6.0
330
0
 94
        0
 93
        3
 40
6.0
 41
6.0
330
0
 94
        0
 93
        3
 40
6.0
 41
6.0
330
0
 94
        0
 93
        3
 40
6.0
 41
6.0
330
0
 94
        0
  0
DICTIONARY
  5
194
330
22
100
AcDbDictionary
280
     1
281
     1
  0
DICTIONARY
  5
188
330
97
100
AcDbDictionary
280
     1
281
     1
  3
FBXASSET
360
189
  0
DICTIONARY
  5
186
330
96
100
AcDbDictionary
280
     1
281
     1
  3
FBXASSET
360
187
  0
DICTIONARY
  5
110
330
98
100
AcDbDictionary
280
     1
281
     1
  3
BUMPTILE
360
112
  3
DIFFUSETILE
360
111
  3
FBXASSET
360
18A
  3
OPACITYTILE
360
113
  3
REFLECTIONTILE
360
114
  0
DICTIONARY
  5
104
330
87
100
AcDbDictionary
280
     1
281
     1
  3
ACAD_ROUNDTRIP_2008_TABLESTYLE_CELLSTYLEMAP
360
D98E
  0
XRECORD
  5
189
102
{ACAD_REACTORS
330
188
102
}
330
188
100
AcDbXrecord
280
     1
 70
     1
 90
429727718
  1
508B35C9-AEE7-456F-BE74-D52651303AC6
310
504B03040A0000080000B670623B3DEE336E79000000790000001B0000006175746F6465736B2D64657369676E2D7061636B6167652E786D6C3C3F786D6C2076657273696F6E3D22312E302220656E636F64696E673D227574662D3822203F3E3C666F726D6174733E3C666F726D61743E687474703A2F2F736368656D612E
310
6175746F6465736B2E636F6D2F64657369676E2D7061636B6167652F323030393C2F666F726D61743E3C2F666F726D6174733E504B0304140006080800B670623BD486FD9CA0000000F4000000130000005B436F6E74656E745F54797065735D2E786D6C7D8EC10E82300C865F65E91D8A1E8C310C0EEA1BF002731658846E
310
D98AC1B77784ABF1D8FE5FBFBF75BBCE937A534CCEB38643598122B6FEE978D0B0485F9C41B54DDD7D022595594E1A469170414C76A4D9A4D207E29CF43ECE46F218070CC6BECC4078ACAA135ACF422C856C0E68EA1BF5669944DDD7BCDE7B1F8E415D77AECB980613C2E4AC91FC167A2B244592486606FC29C8FD7F045B9A
310
EF7053A7E60B504B0304140006080800B670623B28ED286BEB0000007C01000008000000636F72652E786D6C8D90416EC3201045AF82665B6183218D6D61A254764FD00B204C5C94182C03558F5F9C3852BBEB6A467FFE9B197D71FA9E6FE8CBACC17AD7012D0820E3B41FAD9B3A48F1826B40272956EFE32F1B20A766D3C1
310
268314D3EAD3B24BDABB685CCCAAF3A3D94515828980F42D371D04FD696655A814B3235C8B45E9AB9A4C419F5D8653B2237A1CB163DE672FD6AC209BF3C08E0D1B30EB19C3FC9D72FCC6EB231EFA33EDE96BDD341517E5064B11EDFCBCAF57A3A2194156843498524CAA0FCA5B7268F9E185D42D21A2DCEC7FA0B48CFF8492
310
759155FBBB0F2C80A4F991FB408A72CB22977B50B96EB9C91F504B0304140006080800B670623B55019EA25F0000007C00000007000000636E782E786D6C4DCB3B0E80201045D1AD90E915ED2CF8AC45050C11660C8261F98AB1B07AC9C97D42D718D865D3E909258CFD00CCE24AC6E326A164D74DC0B4128928FF32603847
310
2BA13128B1252AC747C6BAB984FC68F0B87FE8960A5C09FE86CFB69FBA01504B0304140006080800B670623B7BC41AC871010000D40300000C0000006662782F636F72652E786D6CC553ED6E8320147D15C2DF4501B56B6D90A64BBB27D80B50A5CE54C120983EFEAE1F4DD7A56BBA5FF3879273EEE59E7310BE393735EA95
310
ED2AA333CC428A91D2B9292A5D66D8BB63B0C26823B835C67D2BC348CB46657880B1E0A535BE9DA1DC68A7B403549B42CDA0EC3AE530CA6B5864B8CB3F552343E91D5474A7B095F949962A6421D0502778E72C0840D390E18DC5F170E664C205F7BE2A66B62A605A75AC94C522DDEEE3651AEF837817C741F2CE92E02D592D
310
83FD6ECB76EC7595A651C2C9D02CB8AB9A8BBADC2AE954814544691A3016D0E883256BBA58278B17BA5A53CAC9507ED3E4DBE2C9265F691747B3DCA9ADC382819091F8E1162272A8933DE82182932144F88C09DF060D8140C84E1EEA8B8F1340BDCA9DB1093085F157AA97B557309586747CD0EF0B4EA64E983A6E0EAEEFCE
310
889E9EF17847386AA94B30211D2C0FDE0D3AF9A4610EAD5536E8DD1969631B593F67E381C33F5157F17725E5A636F6BF1491F980C8FC7B90E13E8A2F504B0304140006080800B670623B70102A487D0000009D0000000B0000006662782F636E782E786D6C4DCCD10A83201886E15B91FFDC95A5C30335ACCDFB886521330D
310
A76397BF1A1DECE883878F57749FD5A3B74D2F17830472A901D9F088930B8B849267CC01754AA418F3DF0D5018572BE160506249B16C274D761E8BCFBB7A179E27F65CB39A0F14D396184C9921B81F34C3ACA1B4B99ABB6E6F062A25AA5F69DF23ACBE504B0304140006080800B670623B3610CA3329010000120200003100
310
00006662782F42384135303843342D343331462D343546312D424341352D3532343432364645413344462F636F72652E786D6C8D515B6EC32010BC0AE22B55850D0E446E848992B43E412FE000495162B07854397EA176A4F62F3F2C9A9D991D58BEBB8F37F0AD7D30CE76905418026DA553C65E3A98E219B510EC04F7CEC5
310
3F3408EC30EA0E16180A7EF12E4D0B249D8DDAC68C5AA7F4020E21E80881BCE54B0783FCD2E3500D296646B856D320AFC34557A4CAEDCC133C449F0380794839A138B47B86DB2345744D7A44594FD0E1B867883594369BFE63BF7EEF793D0B054FC9A8456E548E63CE46FB674D8A58F068C6477CE9F510B582A2C1F80D1182
310
70F349E816B32D65AFB8DD62CCEB42FF274A937A52948C8DEB66893BCB021484D7734370E5D2E9F608A3EF93F3119479ABA0E50B14B8C298119A43CCC4FCFCECB8A18B6388CEE7EF5D5D4F994BD86CBBA182D76543B9FCAE2FD7B24DF103504B0304140006080800B670623B1B8617914E0100003303000030000000666278
310
2F42384135303843342D343331462D343546312D424341352D3532343432364645413344462F636E782E786D6CD593C16EC32010447F0571AD6CE3D489D20813A9877E410FBD62D82434182CC055F3F75D1292E692438FBD206B7698593D61BEFD1E2DF982108D773D6D6B460938E5B571FB9ECE6957AD29D90A1EBC4F7736
310
4A9C1CA1A759A682EF839FA72269D8C9D92654AD71C72206887E0E0A22CAF926B15E498B01E0AA19451807D01A34B919F16B070157417138917400F2F6FA41FCF0092A45DEE414C19BDC21783E4BD39D891265658C3D8DEA00A3ACE59CBC8678ACB54CB26EEB6BD7839D7E9348BE70AD9C8321B9BCA7F9A4A26C542347DEE0
310
50F09802D22BA6749A800A394DD62899107273365E3C82CFC6A55557BC06C10774B7ABE7AEC3B0F34CF06446280E154026D0542C187BA9DAB6628BF7B6DBB0E5A65B3EB1F58631DE64BBE083F7B65CC218087E22CABB042E51D1F2268F1FE12B3EA24D40D63E9CFE00120194D60B9D5BC67FE6D39CDF37E20AF817881F504B
310
0304140006080800B670623BBFEF2E3B690500003C100000340000006662782F42384135303843342D343331462D343546312D424341352D3532343432364645413344462F6F626A656374732E786D6CAD575D739B3814FD2B0CFB0C98D84E931D4227B6938EA793B6534F3BFB90198F0099B001899144EAECAFDF231018B0
310
D37A3FFC609090EEE7B94757C1FB7D915B2F54C88CB31BDB7727B64559CC938CA53776A576CE956DBD0F03C1B9EA2DB32D460A7A63EB693B0C52C1ABD24C257447AA5C8D66EF177F5832A68CDA569C13296F6C193FD182B8A4523CA1F2D94D88226EBADBBBBEDB2C1C8A4D05299F46424B222853B014F30C52ACC6287F389C
310
D85E1878FA7B18E87FB36AFAF62AAFF667A83F635211161F291B8999FAB3D5DDC5FCDA99CF6653677679E13B8BFBC5CAF1DF4D27CBCBE5F2FAF6EE1A8AA51290642C117467871F101B91C581D77CEA2C36869F3229E68CD1B8F61F1ED6361B89092D294B90C78C4A68EB793D190E7D1D9BDEE7A91E1B95FDE9F3BCEAEFE809
310
6A6D6F9F7D4B79F4275C90E7A04248AA51D5C4C738DAE06F72885AC4796EBE65D22A88A22223B995679120E2D50EB1542F098381188D4EA111AE3DB043FF20AF6F2B4AE3D7D83D65E5AECA730D4D3BAC91BD05FEA992B565D95F549CD6069B90AB2A63EACA38A45E4B6A87D781574F86817E4C2FCCC72690D62E2729520E37
310
9BAF234797BAF6D62B3BFC781FED37BA1E4F2B2F052FA9501A3E80569BB8F6A9A364D4FA67654E6F803383981F82F21591FF84F23D9882BC896C3FDBCF8C162508933B2E0AE4C69DD43F6BD2BE38DDDBF10BF86CB4FA784D37F3AF16075E67EC9030DECA1FC0A55373F5DFF3378C591FA9BDF485C10B0A8C8BA909E5262639
310
A8E72163488806A595734C81CB77D1DE0ED7604A303B76913CEC0272F412782FF88EFF4636D8AA56DF7B322474C4B767303F625997056C7B032C473C592B36CEBD15F3F9FF5233B7ABCDC74D257624A60F8658567497B14CE1EC3C80B76FD02011038F9EE9EB0F2E12387A9C844D3F09855125116D1D731DF8B43D2CF4E0A0
310
79A020C6BE946BCE0B7EA1E1219331CD73C228AF5A2DDD31A4B1DA918CE91350854D40A71723140BFA92E94E62B0626016CEFA5864A50E5977E8753CEDBEE1CBB7F52780D20E17AF0BA0F5F9B02A3AD07DCC732EB6D1EBB661421BE0C39E21BABF0FE16D22EA6929407C8DE596724C88B749B6DB5512BC7B228ADFD7CB7EA6
310
3A22397E690BA8D5D8D4E40CEC8CDA23C2C0B7D5898640101CEC9C6D331CE328CB93CAFBBAC70A642DF70DF95155945B52F08AA973C23469FD69ADEF84F7BB18F983A8F8C90E37F5D35980B2139A1C523540813E824EF83448CF7C72B598CE97D7CEEDDDDD3B6736BFBC771677EF66CE6A7E7139F7A793E9EDF2B2B3A8B624
310
0CDA13AA5F8388264EC4A0129909F3B7F5A16CEDF08128E97D680ACA4B9BE7B7B58BB638F0B00700EF36AE8B32A705658A68F83EE897FC2B41573190D1CCAF0B92D233A47CFEB019D9809933F67DD1A5467F8CF69AD9A5AE859342D45355448C64F968A371DC2D596ADC6E43D93D1B466F877A64E2893E54F23C4B40388995
310
525E5005DA3983ED45412510D3EFCA13737B3863F74BD30F2A12E5B4B5E489A025CE25500DB855B11ACE5BBFA185D35DD48D8DC3CE7DC69F2944DB42AA6F6CF09BCA622ADD08C7A36E7C6AE18000BAB08E040135C2D21C9D75B3A91B77BB746C403F38018DFE6EC939DD92F16B40BC05294B9CDA035AAD6D330AE27FE4786B
310
8E45145EA34A75BE1C263A676A35A8ACC6297337400BF16C54EF515F3F77CB77EB3583889C754FFA29081AA98E2222ADEF05DA3E63D2EDEA8B8756C05A7FB6CABC4A91CBF325398202CC952E70A008A830324BA200D5E5EF8F5F04C75DB4B0EE3340E071C98B823333B83577596BF3849B69F2085AA0FAFA212F26BEFF5877
310
FDE622B28D88A42E49E43326DA82D31E8CB006401E1DA726059ECEC168F97A6599036306A135688F9AD2E61A6EA178F4CD51974A9F2CCB9F36FE5EBD14601068D9C3BF01504B0304140006080000B670623B000000000000000000000000350000006662782F42384135303843342D343331462D343546312D424341352D35
310
32343432364645413344462F76657274696365732E62696E504B0304140006080800B670623BF270F1330600000004000000360000006662782F42384135303843342D343331462D343546312D424341352D3532343432364645413344462F747269616E676C65732E62696E636660600000504B0304140006080000B67062
310
3B000000000000000000000000370000006662782F42384135303843342D343331462D343546312D424341352D3532343432364645413344462F617474726962757465732E62696E504B0304140006080800B670623B08DA0BD19000000041010000360000006662782F42384135303843342D343331462D343546312D4243
310
41352D3532343432364645413344462F6469726563746F72792E786D6C858F410AC3201045AF22B36F53E9A60B35CBEEBAE80D244E44489C6234F4F835464A48035D0DF398FF9F8AF63D0E6CC63039F212F8F9020C7D47C6792B21C5FE7403D62A1188E2E60C98D7234A5830286103A55745067B9D86B8A3CF9C7F90C11DE6
310
07FB144396D7B6A82D282E9A152AD114D5EF2CB866EEE831B8EEA07A7BB5A8D7D61A2BAAEB7FD5F70921FF497D00504B0304140006080800B670623B3B4606F3FE000000A00100003B0000006662782F42384135303843342D343331462D343546312D424341352D3532343432364645413344462F7265736F75726365732F
310
636F72652E786D6C8D504B6E833010BD0A9A6D65B08134808CA354A427E8052C332156828DFCA97AFC9A40A576D7CDCCE87D344F8F9FBEE647F689CE6B6B7A6039850C8DB2A336530F315C4903D94970676DF82583CCC8197B5861107C72362E3BA4AC096842428D1D7107A5F71820538F74F4E0D50D6799CB1892C2DFF345
310
AABB9C306779A2934E701F5C0A906D4FD609C2A1B7D129F4BCD858C163D4E3AED163FAA9AF1A1D88F67CA98E6D35906AA82A52BFB39ABCD5CD915C86331BD86BD3B665CD8BD52C78D0F34F46E550061C419494B6843142CB0F5677F4D0D58717DA7494F26295FF31C565FCA7296A13AA728FBBD93C0896823C09C18BB5AFB4
310
9E65A6BD762BBE01504B010214000A0000080000B670623B3DEE336E79000000790000001B00000000000000000000000000000000006175746F6465736B2D64657369676E2D7061636B6167652E786D6C504B01021400140006080800B670623BD486FD9CA0000000F40000001300000000000000000000000000B2000000
310
5B436F6E74656E745F54797065735D2E786D6C504B01021400140006080800B670623B28ED286BEB0000007C010000080000000000000000000000000083010000636F72652E786D6C504B01021400140006080800B670623B55019EA25F0000007C000000070000000000000000000000000094020000636E782E786D6C50
310
4B01021400140006080800B670623B7BC41AC871010000D40300000C00000000000000000000000000180300006662782F636F72652E786D6C504B01021400140006080800B670623B70102A487D0000009D0000000B00000000000000000000000000B30400006662782F636E782E786D6C504B01021400140006080800B6
310
70623B3610CA3329010000120200003100000000000000000000000000590500006662782F42384135303843342D343331462D343546312D424341352D3532343432364645413344462F636F72652E786D6C504B01021400140006080800B670623B1B8617914E010000330300003000000000000000000000000000D10600
310
006662782F42384135303843342D343331462D343546312D424341352D3532343432364645413344462F636E782E786D6C504B01021400140006080800B670623BBFEF2E3B690500003C10000034000000000000000000000000006D0800006662782F42384135303843342D343331462D343546312D424341352D35323434
310
32364645413344462F6F626A656374732E786D6C504B01021400140006080000B670623B0000000000000000000000003500000000000000000000000000280E00006662782F42384135303843342D343331462D343546312D424341352D3532343432364645413344462F76657274696365732E62696E504B010214001400
310
06080800B670623BF270F133060000000400000036000000000000000000000000007B0E00006662782F42384135303843342D343331462D343546312D424341352D3532343432364645413344462F747269616E676C65732E62696E504B01021400140006080000B670623B00000000000000000000000037000000000000
310
00000000000000D50E00006662782F42384135303843342D343331462D343546312D424341352D3532343432364645413344462F617474726962757465732E62696E504B01021400140006080800B670623B08DA0BD1900000004101000036000000000000000000000000002A0F00006662782F42384135303843342D3433
310
31462D343546312D424341352D3532343432364645413344462F6469726563746F72792E786D6C504B01021400140006080800B670623B3B4606F3FE000000A00100003B000000000000000000000000000E1000006662782F42384135303843342D343331462D343546312D424341352D3532343432364645413344462F72
310
65736F75726365732F636F72652E786D6C504B0506000000000E000E0080040000651100000000
  0
XRECORD
  5
187
102
{ACAD_REACTORS
330
186
102
}
330
186
100
AcDbXrecord
280
     1
 70
     1
 90
429727718
  1
887D55A9-D0DD-414E-B741-A7DCD4DA2B4C
310
504B03040A0000080000B670623B3DEE336E79000000790000001B0000006175746F6465736B2D64657369676E2D7061636B6167652E786D6C3C3F786D6C2076657273696F6E3D22312E302220656E636F64696E673D227574662D3822203F3E3C666F726D6174733E3C666F726D61743E687474703A2F2F736368656D612E
310
6175746F6465736B2E636F6D2F64657369676E2D7061636B6167652F323030393C2F666F726D61743E3C2F666F726D6174733E504B0304140006080800B670623BD486FD9CA0000000F4000000130000005B436F6E74656E745F54797065735D2E786D6C7D8EC10E82300C865F65E91D8A1E8C310C0EEA1BF002731658846E
310
D98AC1B77784ABF1D8FE5FBFBF75BBCE937A534CCEB38643598122B6FEE978D0B0485F9C41B54DDD7D022595594E1A469170414C76A4D9A4D207E29CF43ECE46F218070CC6BECC4078ACAA135ACF422C856C0E68EA1BF5669944DDD7BCDE7B1F8E415D77AECB980613C2E4AC91FC167A2B244592486606FC29C8FD7F045B9A
310
EF7053A7E60B504B0304140006080800B670623BBC1638F5EC0000007C01000008000000636F72652E786D6C8D90416EC3201045AF82665B61836BE2D8C24471DB9CA01740401C94182C03558F5F9C3852BBEB6A467FFE9B197D7EF89E6EE8CB2CC17AD7032D0820E394D7D68D3DA478C67B4007C117EFE32F1B202727D3C3
310
2A83E0E3E2D3BC49CABB685CCCAAF3DA6CA20CC14440EA969B1E82BA98491632C5EC08D76296EA2A4753D06797E194AC468F2356E77DF66CCD02825543D50CACC62D39ED70FDC68EB8FD68F6F8787A6784342D1DDA1D2F5758F068A7E77DB518198D065111D2624A31A93E69DD11D6D5EC85EC3B4278B9DAFF4069D6FF8492
310
75F1B5DADE7D600104CD8FDC0782976B16B9DC83CA75CD4DFC00504B0304140006080800B670623B55019EA25F0000007C00000007000000636E782E786D6C4DCB3B0E80201045D1AD90E915ED2CF8AC45050C11660C8261F98AB1B07AC9C97D42D718D865D3E909258CFD00CCE24AC6E326A164D74DC0B4128928FF326038
310
472BA13128B1252AC747C6BAB984FC68F0B87FE8960A5C09FE86CFB69FBA01504B0304140006080800B670623B3586FFB671010000D40300000C0000006662782F636F72652E786D6CC553ED6E8320147D15C2DF4541A76D6D90A6DDD627D80B50A4CE54C120983EFEAE1F4DD7A55BBA5FF3879273EEE59E7310B6393735EA
310
95ED2AA3731C851423A5A5292A5DE6D8BB63B0C268C39935C67D29C3488B46E578803167A535BE9D2169B453DA01AA4DA16650749D7218C91A1639EEE4876A4428BC838AEE14B6429E44A9C228041AEA38EB9C0501681A32BC313F1ECE8C4C3867DE57C5CC56054CAB8E95B298A7F12E5EEED224C8E87E11242FE936C8DE96
310
AB60BB7F4D295D66D12E5B30323473E6AAE6A24E5A259C2A308F29CD82280A68FC1E256B9AAE93F489AED694323294DF34F9B678B0C957DA3DC7B3DCA9ADC33C022123F1CD2D44E450277AD04338234388F01913BE0D1A0281909D38D4171F27807A259DB1093085F157AA17B557309586747CD0CF0B46A64E983A6E0EAEEF
310
CE881F9EF1FB8E70D44297604238581EBC1B74B249C31C5AAB6CD0BB33D2C636A27ECCC62F0EFF445DC5DF95244D6DEC7F2922F30191F9F720C37DE49F504B0304140006080800B670623B4220A0FF7D0000009D0000000B0000006662782F636E782E786D6C4DCCD10A83201886E15B91FFDCE542CB0335D0EC3E6259C84A
310
C3E9D8E5AF46073BFAE0E1E315DD675BD1DBA5978F41C2FD4600B9F088930F8B849267CC01754AA418F3DF0D50183727E164506249B1EC174D6E1ECB9A0F5D7D785E68DB8151CD286E5A5363CA6B8A39E90D36D40E96B086F55A43A544F52B1D7B86D517504B0304140006080800B670623B2FA3FEDE290100001202000031
310
0000006662782F45374635344235342D363743322D343832342D383044432D4334454645303536354442422F636F72652E786D6C8D515B6EC32010BC0AE22B55850D2E386E848994D7097A0117488A1283C5A3CAF10BB523B57FF961D1ECCCECC0F2ED7DBC816FED8371B687A4C210682B9D32F6D2C314CFA883602BB8772E
310
FEA141608751F7B0C050F08B77695A20E96CD43666D43AA5177008414708E42D5F7A18E4971E876A483133C2B59A06791D2EBA22556E679EE021FA1C00CC43CA09C5717D6274C7286AD7FB06D1AEA1A8C3873DDAD3E3E98859CB0EBB1DAF67A1E02919B5C88DCA71CCD968FFAC49110B1ECDF8882FBD1EA256503418BF2342
310
106E3E08DD60B6A1EC15771B8C795DE8FF4469524F8A92B1F1AD59E2CEB20005E1F5DC105CB9F4797B84D1F7C9F908CABC55D0F2050A5C61CC1AD2F27A26E6E767C7962E8E213A9FBF7775FDCC5CC266DB960A5E970DE5F2BBBE5CCB36C50F504B0304140006080800B670623B1B8617914E01000033030000300000006662
310
782F45374635344235342D363743322D343832342D383044432D4334454645303536354442422F636E782E786D6CD593C16EC32010447F0571AD6CE3D489D20813A9877E410FBD62D82434182CC055F3F75D1292E692438FBD206B7698593D61BEFD1E2DF982108D773D6D6B460938E5B571FB9ECE6957AD29D90A1EBC4F77
310
364A9C1CA1A759A682EF839FA72269D8C9D92654AD71C72206887E0E0A22CAF926B15E498B01E0AA19451807D01A34B919F16B070157417138917400F2F6FA41FCF0092A45DEE414C19BDC21783E4BD39D891265658C3D8DEA00A3ACE59CBC8678ACB54CB26EEB6BD7839D7E9348BE70AD9C8321B9BCA7F9A4A26C542347DE
310
E050F09802D22BA6749A800A394DD62899107273365E3C82CFC6A55557BC06C10774B7ABE7AEC3B0F34CF06446280E154026D0542C187BA9DAB6628BF7B6DBB0E5A65B3EB1F58631DE64BBE083F7B65CC218087E22CABB042E51D1F2268F1FE12B3EA24D40D63E9CFE00120194D60B9D5BC67FE6D39CDF37E20AF817881F50
310
4B0304140006080800B670623B29652116630500003C100000340000006662782F45374635344235342D363743322D343832342D383044432D4334454645303536354442422F6F626A656374732E786D6CAD575D739B3814FD2B0CFB0C989834C90EA1639B24E3E9A6EDD4D3CE3E64C623834CD8006224913AFDF57B040203
310
B65BEF871F0C12D2FD3CF7E8CA7FBFCB33E3957291B2E2D674ED8969D02262715A24B76625B7D6B569BC0F7CCE98EC2D338D82E4F4D654D366E0279C55A59E8AE99654991CCDDECFFF3444440B6A1A514684B83545F44C7362934AB2988A173B2692D8C97667BB76B3702836E1A47C1E092D09A78584A5982F20C5688C7287
310
C389E904BEA3BE07BEFAD7ABA6A75739B53F43FD69212429A20365233153D70BEF2E2E6FAC4BCF9B5ADEBB0BD79ADFCF43CBBD9A4E16EF168B9BD9DD0D140BC921495BC2E9D60C1E101B9E46BED37CEA2CD6861F3329624541A3DA7F7858DBAC25C6B4A4458C3CA654405BCFEBC970E8AAD8F43E4FD558ABEC4F9FE7557F47
310
4F506B7BFBEC5BCA367FC105710E2AB8A00A554D7CB4A30DFE26FBA86D18CBF4B75418399194A72433B274C3097F33032C554B027F2046A1932B842B0FCCC0DDCBEBDB8AD2F835768F59B9ADB24C41D30C6A64AF817F2A456D59FA83F2E3DA60137255A585BCD60EC9B7929AC18DEFD49381AF1ED30BFDB109A4B1CD488294
310
C3CDE6EBC8D185AABD6568061FEE37BB95AAC7E3CA4BCE4ACAA5820FA0D526AE7DAA2869B5EE5999531BE0CC20E6FBA07C41E43FA27CF7A6206F3CDD793B4F6B919C1462CB788EDCD893FA674CDA17AB7B3B7C019F8D561FAEE966FED562DFE98C1D12C6A9FC015C2A35D7FF3D7FC398F591DA4B5FE0BFA2C0189FEA50AE22
310
92817A1ED3020951A03432862970F976B33383259812CC8E5D240BBA801CBCF8CE2BBEE3BF910DB6AAD5F79E05123AE2DB33981FB1ACCB02B69D00CB014FD68AB573A7627EF9BFD4CC2C5C7D58557C4B22FAA88925A4DBB44825CECE3D78FB060D1231F0E885BE7D673C86A3874958F593906B5502D1563157814FDAC3420D
310
F69A070A22EC4B98E23CFF171A1E5311D12C23056555ABA53B8614563B92D17D02AAB009E8F46284624E5F53D5490C560CCCC2591FF1B45421EB0EBD8EA7ED13BE7C5D7E0428CD60FEF60779EB13E6664FF711CB185F6FDED60D139A001FF60CD1FD6D086F1D51474901E26B2CB794A343BC8ED3EDB612E0DD2351FCB65CF4
310
33D511C9E14B5B40ADC6A6263DB0336A8F700DDF56271A024E70B0B3629DE21847591E55DED73D56206AB927E46FAABC5C939C55853C274C93D69FD6FA4E78BF8B11DF898C9ECD60553FAD39283BA6F18984AA23E8884F83F45C5F5F859797B31B2B9C84A1E5B9DE9D35BFF25C6B76152E422F9C5DCC3D847F5801ED09D5AF
310
41441327A25FF15487F9EB725FB666F048A4701E9A827292E6F97569A32DF61DEC01C0BB8DCBBCCC684E0B49147C1FD54BF685A0AB18C868E6973949E819523E3DAC463660E68C7D9F55A9D1EFA3BD7A76A16AE1A810F95CE59B82A4D968A376DC2E8B44BBDD86B27B368CDE0ED548C7137DA860591A83706223A12CA712B4
310
7306DBF39C0A20A6DF95C7FAF670C6EED7A61F946493D1D6926782963813403548A78AE470DEF80D2D9CEAA26E4D1C76F60BFE74219A06527D6B82DF641A51616F703CAAC6A7160E08A00BEB4810A0274592A1B36E3675E36E978A0DE80727A0D6DF2D39A75BD27E0D8837276589537B40ABB56D5A41F48F1C6FCD3188C4EB
310
A6929D2FFB89CE995A4D00AE813BDD032DC48B56BD437DFDDC2DD7AED70C2272D63DE9A72068A45A92F0A4BE17A8A06B9366E16707AD80B1FC649459952097E74BB23805982B55E0401150A165964402AA8BDF9F3E7386BB686EDCA780C0D382E5392BF460A6EFB2C6EA1937D3F809B440D5F5435C4C5CF7A9EEFAF54564BD
310
2182DA24162F98680B4E7930C21A0079709CEAEB99A372305ABE0C0D7D6078105A83F6A0296DAEE1068A47DD1C55A9F4C9B2FC69E3EFD44B81028E963DF81B504B0304140006080000B670623B000000000000000000000000350000006662782F45374635344235342D363743322D343832342D383044432D433445464530
310
3536354442422F76657274696365732E62696E504B0304140006080800B670623BF270F1330600000004000000360000006662782F45374635344235342D363743322D343832342D383044432D4334454645303536354442422F747269616E676C65732E62696E636660600000504B0304140006080000B670623B00000000
310
0000000000000000370000006662782F45374635344235342D363743322D343832342D383044432D4334454645303536354442422F617474726962757465732E62696E504B0304140006080800B670623B08DA0BD19000000041010000360000006662782F45374635344235342D363743322D343832342D383044432D4334
310
454645303536354442422F6469726563746F72792E786D6C858F410AC3201045AF22B36F53E9A60B35CBEEBAE80D244E44489C6234F4F835464A48035D0DF398FF9F8AF63D0E6CC63039F212F8F9020C7D47C6792B21C5FE7403D62A1188E2E60C98D7234A5830286103A55745067B9D86B8A3CF9C7F90C11DE607FB144396
310
D7B6A82D282E9A152AD114D5EF2CB866EEE831B8EEA07A7BB5A8D7D61A2BAAEB7FD5F70921FF497D00504B0304140006080800B670623B6378F24DFF000000A00100003B0000006662782F45374635344235342D363743322D343832342D383044432D4334454645303536354442422F7265736F75726365732F636F72652E
310
786D6C8D504B6E833010BD0A9A6D65B0094E42641C85B639412F6099496225D8C89FAAC7AF09546A77DDCC8CDE47F3F4C4F16B7C149FE88371B603565228D06A37187BED20C50BD9437194C23B177FC9A0B06AC40E6618A4B87A97A615D2CE46B431A3D60DB8822A048C50E8473E3A08FA86A32A558A5911EEE5A4F45D5DB1
310
6465A6B34E8A107D0E502C4FE609D26370C96B0CA25A58295232C3AA3143FE692E063D485EF7F5AEE71BD2D2F39634AFFC44DAF7DD9E9CCE6F9CD25DCBFA762BAAD92C4534E34F46ED51451C40D694B6843142EB0FD61C283F34FC85EE0F948A6A96FF31A569F8A729191B37F51A77B105902C0779125254735F793DCBCC7B
310
EE567E03504B010214000A0000080000B670623B3DEE336E79000000790000001B00000000000000000000000000000000006175746F6465736B2D64657369676E2D7061636B6167652E786D6C504B01021400140006080800B670623BD486FD9CA0000000F40000001300000000000000000000000000B20000005B436F6E
310
74656E745F54797065735D2E786D6C504B01021400140006080800B670623BBC1638F5EC0000007C010000080000000000000000000000000083010000636F72652E786D6C504B01021400140006080800B670623B55019EA25F0000007C000000070000000000000000000000000095020000636E782E786D6C504B010214
310
00140006080800B670623B3586FFB671010000D40300000C00000000000000000000000000190300006662782F636F72652E786D6C504B01021400140006080800B670623B4220A0FF7D0000009D0000000B00000000000000000000000000B40400006662782F636E782E786D6C504B01021400140006080800B670623B2F
310
A3FEDE290100001202000031000000000000000000000000005A0500006662782F45374635344235342D363743322D343832342D383044432D4334454645303536354442422F636F72652E786D6C504B01021400140006080800B670623B1B8617914E010000330300003000000000000000000000000000D2060000666278
310
2F45374635344235342D363743322D343832342D383044432D4334454645303536354442422F636E782E786D6C504B01021400140006080800B670623B29652116630500003C10000034000000000000000000000000006E0800006662782F45374635344235342D363743322D343832342D383044432D4334454645303536
310
354442422F6F626A656374732E786D6C504B01021400140006080000B670623B0000000000000000000000003500000000000000000000000000230E00006662782F45374635344235342D363743322D343832342D383044432D4334454645303536354442422F76657274696365732E62696E504B01021400140006080800
310
B670623BF270F13306000000040000003600000000000000000000000000760E00006662782F45374635344235342D363743322D343832342D383044432D4334454645303536354442422F747269616E676C65732E62696E504B01021400140006080000B670623B0000000000000000000000003700000000000000000000
310
000000D00E00006662782F45374635344235342D363743322D343832342D383044432D4334454645303536354442422F617474726962757465732E62696E504B01021400140006080800B670623B08DA0BD190000000410100003600000000000000000000000000250F00006662782F45374635344235342D363743322D34
310
3832342D383044432D4334454645303536354442422F6469726563746F72792E786D6C504B01021400140006080800B670623B6378F24DFF000000A00100003B00000000000000000000000000091000006662782F45374635344235342D363743322D343832342D383044432D4334454645303536354442422F7265736F75
310
726365732F636F72652E786D6C504B0506000000000E000E0080040000611100000000
  0
XRECORD
  5
112
102
{ACAD_REACTORS
330
110
102
}
330
110
100
AcDbXrecord
280
     1
270
     1
271
     1
  0
XRECORD
  5
111
102
{ACAD_REACTORS
330
110
102
}
330
110
100
AcDbXrecord
280
     1
270
     1
271
     1
  0
XRECORD
  5
18A
102
{ACAD_REACTORS
330
110
102
}
330
110
100
AcDbXrecord
280
     1
 70
     0
 90
1778669749
  1
9BF507EE-FAF7-4A99-A33D-4EE51894BC40
310
504B03040A0000080000B670623B3DEE336E79000000790000001B0000006175746F6465736B2D64657369676E2D7061636B6167652E786D6C3C3F786D6C2076657273696F6E3D22312E302220656E636F64696E673D227574662D3822203F3E3C666F726D6174733E3C666F726D61743E687474703A2F2F736368656D612E
310
6175746F6465736B2E636F6D2F64657369676E2D7061636B6167652F323030393C2F666F726D61743E3C2F666F726D6174733E504B0304140006080800B670623BD486FD9CA0000000F4000000130000005B436F6E74656E745F54797065735D2E786D6C7D8EC10E82300C865F65E91D8A1E8C310C0EEA1BF002731658846E
310
D98AC1B77784ABF1D8FE5FBFBF75BBCE937A534CCEB38643598122B6FEE978D0B0485F9C41B54DDD7D022595594E1A469170414C76A4D9A4D207E29CF43ECE46F218070CC6BECC4078ACAA135ACF422C856C0E68EA1BF5669944DDD7BCDE7B1F8E415D77AECB980613C2E4AC91FC167A2B244592486606FC29C8FD7F045B9A
310
EF7053A7E60B504B0304140006080800B670623BCA089DFFEC0000007C01000008000000636F72652E786D6C8D90416E83301045AF62CDB632D8402020E32882F604BD80653BC44AB011B6AB1EBF262152BBEB6A467FFE9B197D76FA9EEFE84BAFDE38DB03CD08206DA553C64E3DC470C1474027CE56E7C22F1B202B66DDC3
310
260367D3EAE2B24BD2D9A06D48AA754AEFA2F05E0740F29E9A1EBCBCEA59642286E4F0B76C11F226269DD15797E0188D42CF2346A57DE662F40ABCAEC77628C6120F654571D50C04B7F5B9C1E3997CD4F550BE3745C3F20DE62C98F9755FAE5A04AD801784B498524C8A4F5A75E4D055873772EC0861F966FF03C545FD138A
310
C686B2D8DF7D621E384D8F3C069CE55B16A93C824A75CB8DFF00504B0304140006080800B670623B55019EA25F0000007C00000007000000636E782E786D6C4DCB3B0E80201045D1AD90E915ED2CF8AC45050C11660C8261F98AB1B07AC9C97D42D718D865D3E909258CFD00CCE24AC6E326A164D74DC0B4128928FF326038
310
472BA13128B1252AC747C6BAB984FC68F0B87FE8960A5C09FE86CFB69FBA01504B0304140006080800B670623B68FC0B7272010000D40300000C0000006662782F636F72652E786D6CC5535B6E833010BC8AE5DF0A6C1E8124328E22D29EA01770C0A128602363A31CBFCB234A53A555FA553EC09AD9F5CE8C31DB5DDA060D
310
D2F4B556190E7C8A9154852E6B5565D8D993B7C668C799D1DA7E29C3488956667884316795D1AE5BA0422B2B950554E9522EA0E87B69312A1A5864B82F3E642B7CE12C54F467BF13C55954D20F7CA0A18EB3DE1A1080E621E31BF3D3F1C2C88C73E65C5D2E6C5DC2B4FA544B8379921C36797888BC3C8A032F4E73EA6D927D
310
EA1DF6F42D49F2E8350D5346C666CE6CDD5ED515460A2B4BCC434A375E1078347C0FE22D5D6DE3D50B5D6F2965642CBF6B725DF96493AB958DC245EEDCD6631E809089F8E61622B2A81703E8219C913144F84C09DF070D8140C8561C9BAB8F3340832CAC363130A576376A108D933095FA747AD0CF0B46E64E983A6D0EAE1F
310
CE089F9EF1FB8E70D44255604258581E9D1D75B259C3125A278D37D80B52DAB4A279CEC62F0EFF44DDC43F9454E8469BFF5244960322CBEF41C6FBC83F01504B0304140006080800B670623B0F71DDB67E0000009D0000000B0000006662782F636E782E786D6C4DCCD10A83201886E15B91FFDCA54DB73F502386BB8F5816
310
32D3703976F9ABD1C18E3E78F87855FB990379BBFCF2296AE02706C4C5471A7C9C349475A408A4352AA7B4FEDD80C47E761A7606A3A69CCA72D0E0C6BE8475D3E0E3F3409428EA6B27A84079A782899AA2EC1A7AE3ECCC2FD858CB2D544655BFD2B67BD87C01504B0304140006080800B670623BE134B4FB28010000120200
310
00310000006662782F38353834323741342D343835462D343034322D383541392D4331303331363839454531452F636F72652E786D6C8D515B6EC32010BC0AE22B55850D0EA424C24451959EA0172086A42831583CAA1CBF503B52FB971F16CDCECC0EACD8DFC71BF836215AEF7A481A0C817183D7D65D7A98D3197108F652
310
04EFD31F1A044E8DA6871586525C82CFD3020DDE25E352419DD76601558C264130DCCAA58771F832A36A544E8511AFCDA486ABBA988634A55D7852C4144A00300FA927949C71DABD1D28A29C7D208A6987383B6CD13BC16BB2E1DBE3911C453B0BA5C8D9EA456E758963CFD684674DAA588A64C747FC2118958C86B2C3788B
310
0841B8FB247487D98EB257CC77188BB6D2FF89F2A49F1465EBD2BA5BE2CEB2082511EDDC9042FB7CBA3DC298FBE4430275DE2A9AE1054ADC60CC08E3A29D89E5F9C5714317C7987C28DFBBBA9E0A97B0D97643A568EB864AF95D5FA9759BF207504B0304140006080800B670623B1B8617914E010000330300003000000066
310
62782F38353834323741342D343835462D343034322D383541392D4331303331363839454531452F636E782E786D6CD593C16EC32010447F0571AD6CE3D489D20813A9877E410FBD62D82434182CC055F3F75D1292E692438FBD206B7698593D61BEFD1E2DF982108D773D6D6B460938E5B571FB9ECE6957AD29D90A1EBC4F
310
77364A9C1CA1A759A682EF839FA72269D8C9D92654AD71C72206887E0E0A22CAF926B15E498B01E0AA19451807D01A34B919F16B070157417138917400F2F6FA41FCF0092A45DEE414C19BDC21783E4BD39D891265658C3D8DEA00A3ACE59CBC8678ACB54CB26EEB6BD7839D7E9348BE70AD9C8321B9BCA7F9A4A26C542347
310
DEE050F09802D22BA6749A800A394DD62899107273365E3C82CFC6A55557BC06C10774B7ABE7AEC3B0F34CF06446280E154026D0542C187BA9DAB6628BF7B6DBB0E5A65B3EB1F58631DE64BBE083F7B65CC218087E22CABB042E51D1F2268F1FE12B3EA24D40D63E9CFE00120194D60B9D5BC67FE6D39CDF37E20AF817881F
310
504B0304140006080800B670623B5933D422630500003B100000340000006662782F38353834323741342D343835462D343034322D383541392D4331303331363839454531452F6F626A656374732E786D6CAD575B6FA33814FE2B887D0642934E9B156594264D158D3A534DD4D13E548A0C38942D60649B4EBABF7E3F8321
310
40924EF6928780CDF1B97EE762EFF32E4B8D37CA45C2F21BD3B547A641F39045491EDF98A5DC5AD7A6F1D9F73863B243661A39C9E88DA9B64DDF8B392B0BBD15D12D295339D85DDEFE618890E6D434C2940871638AF08566C426A5641115AF764424B1E3EDCE76ED9AB0CF36E6A47819302D08A7B984A6D8CFC1C5A89572FB
310
CB91E9F89EA3BEFB9EFAD754E3D3544E654F5F7E920B49F2F040D880CDD89D2CEE2E2EA7D6E56432B6269F2E5CEB7679BBB0DCABF168FE693E9FCEEEA6102C240727AD09A75BD3BF876F78127A4EFDA9D5582B7E4CA590E5390D2BFB6161A5B3E618D182E611E2985001691DAB47FDA5AB7CD3F93C566B2DB2BB7D9E55DD13
310
1D468DEECDB3AB290BFE8409E21C54704115AA6AFF68436BFC8DF65E0B184BF5B74418199194272435D224E084BF9B3E481589EFF5D828747285706581E9BB7B7E5D5D911ABFC6EE312DB7659A2A689A7E85EC0DF04FA5A8344BFEA2FCB834E8845895492EAFB541F2BDA0A63FF59C6AD3F7D4637CA13FD68E34B629891172
310
98597F1D183A57B9B75A98FE9765B05BAB7C3C2EBCE0ACA05C2AF8005A4DE09AA7F29216EB9E15397500C6F47CBE77CA7778FE2BD277AF0AE2C693DD6437D1522427B9D8329E2136F6A8FA19A3E6C56ADF0E5F50CF06D48734EDCEBF22F69C56D97EC138153F804B85E6FABFC7AFEFB32E523BE1F3BD372418E363EDCA7548
310
52949E8724474014288D94610BB57C1BEC4C7F854A89CA8E5324F55B871CBC78CE1BBEE3BFE68D6A5589EF3C730474506FCFA8FCF0659516D0ED04580EEA6425581B77CAE797FF4BCECC16EB2FEB926F49481F746159D06D922712BD730FDEAE42BD40F42C7AA5EF3F198F60E86110D6DD20645A9480B795CF95E3E3A659A8
310
C55E724F408873315335CFFB8584874484344D494E59D94869DB90C26A5B64F49C802CAC1D3ABE18A098D3B7444D123D8A9E5AE8F5214F0AE5B2B6E9B575DA3E61CBD3EA2B4009FA940524DD1305FB6A1FB294F14DF0BEA90BA109ECE1481FDC3FFAE8D60E75141700BE82725371B4873751B2DD960265F788137FACE6DD40
310
B575E4F0A5C99F46629D92131467A41EE11ABD8D4CCC039CA0AFB37C93A08B232B8F0AEFCA1E0A1015DF13FC83322B362463652ECF71D3A8B1A7D1BE65DE1D62C44F22C317D35F574FEB16153BA2D13E543D10A80E74C4A65E78A6B7CBCBD1D5DD9DB59C2DAFACC96C3AB566E3F1C29ADCDD5DBAD7D3C9ED7C822ED74F80A6
310
41755310DE4443F44A9E68373FADF6596BFA0F440AE7BECE2727AE9F4F2B1B53B1E7E00CF0DD1E5C65454A339A4BA2D0FBA05ED2EF0443458F47BDBFCA484CCFE0F2ED7E3DD0013B679C7B5499467F0ECEEADDB9CA85A34CE44B99053949D2C1416DB85DE4B136BB7165FBAC0B7AB3542BED4F8CA182A549847A1319316519
310
95A83A67147B9E5101C47487F2485F1ECE38FD568F839204296D3479219888530154036E6528FBFBC66F98E0D4107563A2D7D9AFF8D389681A08F58D89F22693900A3B407754734FC51C10C010D6D640809EE4718AC1BA3ED4AEDB53CA37283F68805A7E4B72CEB0A4EDEAD5DD8C14059A76AFAA56BA6901E13F32BC51C720
310
12AF41295B5BF61BAD3195181FB506E6B40F4C10AF5AF40EF9F5B159AE5DD1F43C72D635E94310D45C2D49785C5D0B94D3B54AB3C5A38349C0587D338AB48C11CBF339599C02CCA54A70A008A8D03C0B2201D5F9EFCF8F9CE12A9A19CB0410789EB32C63B95ECCF455D658BFE0621A3DA32C5075FB101723D77DAE867E7D0F
310
D90444509B44E2151B4DC2290B065803200FBAA9BE9D392A0603F2D5C2D00D6302A615680F66D2FA166E2079D4C551A54AB758161FCEFD4E450A14704CECFEDF504B0304140006080000B670623B000000000000000000000000350000006662782F38353834323741342D343835462D343034322D383541392D4331303331
310
363839454531452F76657274696365732E62696E504B0304140006080800B670623BF270F1330600000004000000360000006662782F38353834323741342D343835462D343034322D383541392D4331303331363839454531452F747269616E676C65732E62696E636660600000504B0304140006080000B670623B000000
310
000000000000000000370000006662782F38353834323741342D343835462D343034322D383541392D4331303331363839454531452F617474726962757465732E62696E504B0304140006080800B670623B08DA0BD19000000041010000360000006662782F38353834323741342D343835462D343034322D383541392D43
310
31303331363839454531452F6469726563746F72792E786D6C858F410AC3201045AF22B36F53E9A60B35CBEEBAE80D244E44489C6234F4F835464A48035D0DF398FF9F8AF63D0E6CC63039F212F8F9020C7D47C6792B21C5FE7403D62A1188E2E60C98D7234A5830286103A55745067B9D86B8A3CF9C7F90C11DE607FB1443
310
96D7B6A82D282E9A152AD114D5EF2CB866EEE831B8EEA07A7BB5A8D7D61A2BAAEB7FD5F70921FF497D00504B0304140006080800B670623BD9A3B367FE000000A00100003B0000006662782F38353834323741342D343835462D343034322D383541392D4331303331363839454531452F7265736F75726365732F636F7265
310
2E786D6C8D504B6E833010BD0A9A6D65B01D0201194711694FD00B586642AD043BF2A7EAF16B122AB5BB6E6646EFA3797AE2F8B5DC8A4FF4C1383B002B291468B59B8C9D0748F1420E501CA5F0CEC55F3228AC5A708015062966EFD27D83B4B3116DCCA875136EA00A012314FA968F0182FEC045952AC5AC08D7F2AEF455CD
310
58B232D3592745883E07289E4FD609D26370C96B0CA27AB252A464A64D63A6FCD35C0C7A904D73EE467EE664DCD58CD4ED4849D79C5A723ED1B7A61977AF2D6F45B59AA58866F9C9A83DAA8813484E6947182394BFB3BAA7FBBEDEBFD0434FA9A856F91F53BA4FFF342563E38E6F719FB60092E5200F428A6AED2BAF479979
310
AFDDCA6F504B010214000A0000080000B670623B3DEE336E79000000790000001B00000000000000000000000000000000006175746F6465736B2D64657369676E2D7061636B6167652E786D6C504B01021400140006080800B670623BD486FD9CA0000000F40000001300000000000000000000000000B20000005B436F6E
310
74656E745F54797065735D2E786D6C504B01021400140006080800B670623BCA089DFFEC0000007C010000080000000000000000000000000083010000636F72652E786D6C504B01021400140006080800B670623B55019EA25F0000007C000000070000000000000000000000000095020000636E782E786D6C504B010214
310
00140006080800B670623B68FC0B7272010000D40300000C00000000000000000000000000190300006662782F636F72652E786D6C504B01021400140006080800B670623B0F71DDB67E0000009D0000000B00000000000000000000000000B50400006662782F636E782E786D6C504B01021400140006080800B670623BE1
310
34B4FB280100001202000031000000000000000000000000005C0500006662782F38353834323741342D343835462D343034322D383541392D4331303331363839454531452F636F72652E786D6C504B01021400140006080800B670623B1B8617914E010000330300003000000000000000000000000000D3060000666278
310
2F38353834323741342D343835462D343034322D383541392D4331303331363839454531452F636E782E786D6C504B01021400140006080800B670623B5933D422630500003B10000034000000000000000000000000006F0800006662782F38353834323741342D343835462D343034322D383541392D4331303331363839
310
454531452F6F626A656374732E786D6C504B01021400140006080000B670623B0000000000000000000000003500000000000000000000000000240E00006662782F38353834323741342D343835462D343034322D383541392D4331303331363839454531452F76657274696365732E62696E504B01021400140006080800
310
B670623BF270F13306000000040000003600000000000000000000000000770E00006662782F38353834323741342D343835462D343034322D383541392D4331303331363839454531452F747269616E676C65732E62696E504B01021400140006080000B670623B0000000000000000000000003700000000000000000000
310
000000D10E00006662782F38353834323741342D343835462D343034322D383541392D4331303331363839454531452F617474726962757465732E62696E504B01021400140006080800B670623B08DA0BD190000000410100003600000000000000000000000000260F00006662782F38353834323741342D343835462D34
310
3034322D383541392D4331303331363839454531452F6469726563746F72792E786D6C504B01021400140006080800B670623BD9A3B367FE000000A00100003B000000000000000000000000000A1000006662782F38353834323741342D343835462D343034322D383541392D4331303331363839454531452F7265736F75
310
726365732F636F72652E786D6C504B0506000000000E000E0080040000611100000000
  0
XRECORD
  5
113
102
{ACAD_REACTORS
330
110
102
}
330
110
100
AcDbXrecord
280
     1
270
     1
271
     1
  0
XRECORD
  5
114
102
{ACAD_REACTORS
330
110
102
}
330
110
100
AcDbXrecord
280
     1
270
     1
271
     1
  0
CELLSTYLEMAP
  5
D98E
102
{ACAD_REACTORS
330
104
102
}
330
104
100
AcDbCellStyleMap
 90
        3
300
CELLSTYLE
  1
TABLEFORMAT_BEGIN
 90
        5
170
     1
 91
        0
 92
    32768
 62
   257
 93
        1
300
CONTENTFORMAT
  1
CONTENTFORMAT_BEGIN
 90
        0
 91
        0
 92
      512
 93
        0
300

 40
0.0
140
1.0
 94
        5
 62
     0
340
11
144
0.25
309
CONTENTFORMAT_END
171
     1
301
MARGIN
  1
CELLMARGIN_BEGIN
 40
0.06
 40
0.06
 40
0.06
 40
0.06
 40
0.18
 40
0.18
309
CELLMARGIN_END
 94
        6
 95
        1
302
GRIDFORMAT
  1
GRIDFORMAT_BEGIN
 90
        0
 91
        1
 62
     0
 92
       -2
340
0
 93
        0
 40
0.045
309
GRIDFORMAT_END
 95
        2
302
GRIDFORMAT
  1
GRIDFORMAT_BEGIN
 90
        0
 91
        1
 62
     0
 92
       -2
340
0
 93
        0
 40
0.045
309
GRIDFORMAT_END
 95
        4
302
GRIDFORMAT
  1
GRIDFORMAT_BEGIN
 90
        0
 91
        1
 62
     0
 92
       -2
340
0
 93
        0
 40
0.045
309
GRIDFORMAT_END
 95
        8
302
GRIDFORMAT
  1
GRIDFORMAT_BEGIN
 90
        0
 91
        1
 62
     0
 92
       -2
340
0
 93
        0
 40
0.045
309
GRIDFORMAT_END
 95
       16
302
GRIDFORMAT
  1
GRIDFORMAT_BEGIN
 90
        0
 91
        1
 62
     0
 92
       -2
340
0
 93
        0
 40
0.045
309
GRIDFORMAT_END
 95
       32
302
GRIDFORMAT
  1
GRIDFORMAT_BEGIN
 90
        0
 91
        1
 62
     0
 92
       -2
340
0
 93
        0
 40
0.045
309
GRIDFORMAT_END
309
TABLEFORMAT_END
  1
CELLSTYLE_BEGIN
 90
        1
 91
        1
300
_TITLE
309
CELLSTYLE_END
300
CELLSTYLE
  1
TABLEFORMAT_BEGIN
 90
        5
170
     1
 91
        0
 92
        0
 62
   257
 93
        1
300
CONTENTFORMAT
  1
CONTENTFORMAT_BEGIN
 90
        0
 91
        0
 92
      512
 93
        0
300

 40
0.0
140
1.0
 94
        5
 62
     0
340
11
144
0.18
309
CONTENTFORMAT_END
171
     1
301
MARGIN
  1
CELLMARGIN_BEGIN
 40
0.06
 40
0.06
 40
0.06
 40
0.06
 40
0.18
 40
0.18
309
CELLMARGIN_END
 94
        6
 95
        1
302
GRIDFORMAT
  1
GRIDFORMAT_BEGIN
 90
        0
 91
        1
 62
     0
 92
       -2
340
0
 93
        0
 40
0.045
309
GRIDFORMAT_END
 95
        2
302
GRIDFORMAT
  1
GRIDFORMAT_BEGIN
 90
        0
 91
        1
 62
     0
 92
       -2
340
0
 93
        0
 40
0.045
309
GRIDFORMAT_END
 95
        4
302
GRIDFORMAT
  1
GRIDFORMAT_BEGIN
 90
        0
 91
        1
 62
     0
 92
       -2
340
0
 93
        0
 40
0.045
309
GRIDFORMAT_END
 95
        8
302
GRIDFORMAT
  1
GRIDFORMAT_BEGIN
 90
        0
 91
        1
 62
     0
 92
       -2
340
0
 93
        0
 40
0.045
309
GRIDFORMAT_END
 95
       16
302
GRIDFORMAT
  1
GRIDFORMAT_BEGIN
 90
        0
 91
        1
 62
     0
 92
       -2
340
0
 93
        0
 40
0.045
309
GRIDFORMAT_END
 95
       32
302
GRIDFORMAT
  1
GRIDFORMAT_BEGIN
 90
        0
 91
        1
 62
     0
 92
       -2
340
0
 93
        0
 40
0.045
309
GRIDFORMAT_END
309
TABLEFORMAT_END
  1
CELLSTYLE_BEGIN
 90
        2
 91
        1
300
_HEADER
309
CELLSTYLE_END
300
CELLSTYLE
  1
TABLEFORMAT_BEGIN
 90
        5
170
     1
 91
        0
 92
        0
 62
   257
 93
        1
300
CONTENTFORMAT
  1
CONTENTFORMAT_BEGIN
 90
        0
 91
        0
 92
      512
 93
        0
300

 40
0.0
140
1.0
 94
        5
 62
     0
340
11
144
10.0
309
CONTENTFORMAT_END
171
     1
301
MARGIN
  1
CELLMARGIN_BEGIN
 40
3.0
 40
3.0
 40
0.06
 40
0.06
 40
0.18
 40
0.18
309
CELLMARGIN_END
 94
        6
 95
        1
302
GRIDFORMAT
  1
GRIDFORMAT_BEGIN
 90
        0
 91
        1
 62
     0
 92
       -2
340
0
 93
        0
 40
0.045
309
GRIDFORMAT_END
 95
        2
302
GRIDFORMAT
  1
GRIDFORMAT_BEGIN
 90
        0
 91
        1
 62
     0
 92
       -2
340
0
 93
        0
 40
0.045
309
GRIDFORMAT_END
 95
        4
302
GRIDFORMAT
  1
GRIDFORMAT_BEGIN
 90
        0
 91
        1
 62
     0
 92
       -2
340
0
 93
        0
 40
0.045
309
GRIDFORMAT_END
 95
        8
302
GRIDFORMAT
  1
GRIDFORMAT_BEGIN
 90
        0
 91
        1
 62
     0
 92
       -2
340
0
 93
        0
 40
0.045
309
GRIDFORMAT_END
 95
       16
302
GRIDFORMAT
  1
GRIDFORMAT_BEGIN
 90
        0
 91
        1
 62
     0
 92
       -2
340
0
 93
        0
 40
0.045
309
GRIDFORMAT_END
 95
       32
302
GRIDFORMAT
  1
GRIDFORMAT_BEGIN
 90
        0
 91
        1
 62
     0
 92
       -2
340
0
 93
        0
 40
0.045
309
GRIDFORMAT_END
309
TABLEFORMAT_END
  1
CELLSTYLE_BEGIN
 90
        3
 91
        2
300
_DATA
309
CELLSTYLE_END
  0
ENDSEC
  0
SECTION
  2
ACDSDATA
 70
     2
 71
     8
  0
ACDSSCHEMA
 90
        0
  1
AcDb_Thumbnail_Schema
  2
AcDbDs::ID
280
    10
 91
        8
  2
Thumbnail_Data
280
    15
 91
        0
101
ACDSRECORD
 95
        0
 90
        1
  2
AcDbDs::TreatedAsObjectData
280
     1
291
     1
101
ACDSRECORD
 95
        0
 90
        2
  2
AcDbDs::Legacy
280
     1
291
     1
101
ACDSRECORD
  1
AcDbDs::ID
 90
        3
  2
AcDs:Indexable
280
     1
291
     1
101
ACDSRECORD
  1
AcDbDs::ID
 90
        4
  2
AcDbDs::HandleAttribute
280
     7
282
     1
  0
ACDSSCHEMA
 90
        1
  1
AcDbDs::TreatedAsObjectDataSchema
  2
AcDbDs::TreatedAsObjectData
280
     1
 91
        0
  0
ACDSSCHEMA
 90
        2
  1
AcDbDs::LegacySchema
  2
AcDbDs::Legacy
280
     1
 91
        0
  0
ACDSSCHEMA
 90
        3
  1
AcDbDs::IndexedPropertySchema
  2
AcDs:Indexable
280
     1
 91
        0
  0
ACDSSCHEMA
 90
        4
  1
AcDbDs::HandleAttributeSchema
  2
AcDbDs::HandleAttribute
280
     7
 91
        1
284
     1
  0
ACDSRECORD
 90
        0
  2
AcDbDs::ID
280
    10
320
22
  2
Thumbnail_Data
280
    15
 94
     2992
310
89504E470D0A1A0A0000000D49484452000001000000008108030000001837949D00000300504C5445212830FFFFFF2128300000000000000000000000000000000000000000000000000000330000660000990000CC0000FF0033000033330033660033990033CC0033FF0066000066330066660066990066CC0066FF0099
310
000099330099660099990099CC0099FF00CC0000CC3300CC6600CC9900CCCC00CCFF00FF0000FF3300FF6600FF9900FFCC00FFFF3300003300333300663300993300CC3300FF3333003333333333663333993333CC3333FF3366003366333366663366993366CC3366FF3399003399333399663399993399CC3399FF33CC00
310
33CC3333CC6633CC9933CCCC33CCFF33FF0033FF3333FF6633FF9933FFCC33FFFF6600006600336600666600996600CC6600FF6633006633336633666633996633CC6633FF6666006666336666666666996666CC6666FF6699006699336699666699996699CC6699FF66CC0066CC3366CC6666CC9966CCCC66CCFF66FF0066
310
FF3366FF6666FF9966FFCC66FFFF9900009900339900669900999900CC9900FF9933009933339933669933999933CC9933FF9966009966339966669966999966CC9966FF9999009999339999669999999999CC9999FF99CC0099CC3399CC6699CC9999CCCC99CCFF99FF0099FF3399FF6699FF9999FFCC99FFFFCC0000CC00
310
33CC0066CC0099CC00CCCC00FFCC3300CC3333CC3366CC3399CC33CCCC33FFCC6600CC6633CC6666CC6699CC66CCCC66FFCC9900CC9933CC9966CC9999CC99CCCC99FFCCCC00CCCC33CCCC66CCCC99CCCCCCCCCCFFCCFF00CCFF33CCFF66CCFF99CCFFCCCCFFFFFF0000FF0033FF0066FF0099FF00CCFF00FFFF3300FF3333
310
FF3366FF3399FF33CCFF33FFFF6600FF6633FF6666FF6699FF66CCFF66FFFF9900FF9933FF9966FF9999FF99CCFF99FFFFCC00FFCC33FFCC66FFCC99FFCCCCFFCCFFFFFF00FFFF33FFFF66FFFF99FFFFCCFFFFFF0000000D0D0D1A1A1A2828283535354343435050505D5D5D6B6B6B787878868686939393A1A1A1AEAEAEBB
310
BBBBC9C9C9D6D6D6E4E4E4F1F1F1FFFFFF0000000000000000000000000000000000000000000000000000000000002E4550F1000002BA4944415478DAED9C5972C320104475AFBEFF91FA3F71342C8E36D0560CF42B277190ADD23C1824D0324DB5E0D4A2047FF97EE30CE0CCA214FEDEBFDD0B5889D79F820B29C08AD21E
310
05B0B2DCA1007C7E501D277B10003380F2F4776A007BA59B02782E3BDC08B086FF6901AB29701820BD0BB0626C7CE0383EFA6F0108BDE0A9E89C0BB056703E7E4706EA8F03B83D1EF068A05A0057C28FBF1D1A40ED30613B4E9F066A05702A16E0C340650AEC06C99E046015AE9684505D3601D47C98FB652E7705B818FF5E
310
1FE0C2C06501B1B48FF991533320DC1B1FB3E1BA874D79A06C027467111D4E8FFC8D7730CD2F1CA7C2E92900B69CFDC8DBC2A5C1CDCE0AD8AE00A4370F0A68D54095004E1704346A00F9EB20055896511DCC8F5CD87EF81480BBE2CFD6B4D2BD724C01482AE858002B5785BC05C4DE916E05146FF93C3EB6E34B6B02D9EE81
310
4E05546F7776803D2743DB067077FCE9B4DA7C889D76B02E05DCBAD11C5D409306F0EA16F37A4EBE2AE0FE1AA32B014FB4583A12F048C65E1B567620E0D2C4C2BB029EEAB2E924059EDB6571E3B453A27B012E8E03246014019000A5C0B802562F79B01D119F63773748BC7D28E46B7C3E8000745F13908045BC3693DC540A
310
BC25203B8D32A48030758E707BC27002B29B53DADA01BC2FA0B10380D73AC174FA64CC16D0C11119C61590CE06FF3B0F3A500B4088BAE85A3357020A98BBB0783188951CE1E65E9AA206FD25A0A072810E53C0EABDB71428ED04CBAF36D4885F082184104208E184BF73B9FC9CD1A63D2924FCFB295FDC326B779086C58CAB
310
707CDB14A714B145CFF9AF157DDF351B9D303C53C0BEE15A4056DD51C0EC23B68058DDD1C2946ADEBD80399C296BFFD92323962DC0BE13445802759202D61B84D86268F1C9A20B014C227C0B5876823123BE3A41C6EFF4D1090A21841042082184104208218410420821841042082184104208D1043FFEB30D1C9EA2C52800
310
00000049454E44AE426082701D00B00A062C1B40452438110AF7252085C214E2C4231C2C56E12A00C81E08640210F500B32052BDFD0480F74920BD999945BCB94823FB89AB99BE657367A8009618C1500E4D0911821353A1F665318130B568764BAE35820100422288C316E4DE475941B90A00BC9A71E906CB6988051250E8
310
39A7E2F0B501610200342A1C6567C8908D36009E03C01A00FBF9D742008D2A7E0A850B23380DA0E7066D00D1145C0F00236D13549574150E3800B825015CA900AB72A1280ED0AE1ED96223986A1D8336C03819DB442F95806E9664BAC1915C80C905C00300AEBE7E72018C44826E1CC02300E29BCC1416D71AC26100239160
310
C30DA2E505B8A8093A00EE92005F05C692A17A6ED4A80912B7005C4CA039CAB12E12CC3CC4A071910E8F00D8EF051C091045C1BE0A107231897460AFEB012E80B3F58EBE069003A06104CB7258D91AB31B23A2F259BBC183020D11E07504D468CFE94870B83122AADE3580E6CAEA335B3B502E250013912084F118EC0C25CB
310
8FB164882CAB996BA38B46C9442BBE1281B58D11D11C2C6D401F80321BD175AC04602A01E46C90DA10634D88F525204E3FC4E423CF02F4016083177024207748E5A82EEAEBF5BAC3EF21B93C2172BC8B3307164D214705E2DA03A9936ABB31C0EA2F560FDB1531CAED9E6E3D0018910042325E1940E4200134CE449A010AED
310
24A65613113012F1F2AD6E9CED5484CEA9C05B04A448C7B9989E045857C8C7C821FB5D646B134C27C6B8CE08CADE37284EC8833066038AE61F843B040D18CFA22F3D5068952AD00A847A1521A71D170685B91E151E3CE4AFB9646767D100A5B049C1A9095A46B05AB95703806340CDB03F57190EEF4CCDDFD0F851F7BD5D09
310
50A3B2E33541DD82E3A0B7EC07F53C11F8F3C48B93A1C39A1199043335FD6420FB6C002BA7F1738DF08B00D4D920D5368084CA7B2A209D42666007B40F04D00B84486C278BAD96A13D43E6EEF1670130D2E11680A13D4306902A5CF8FF6C40530206768FDF290169691BA1F0B017E89D8357E4B859027432F4C97E81090998
310
B89BC01615A887A56D00D698DC9972E64CD1EB6A003A1224DC2101E7E5E38946F04CDDCA741527C4E34C280C38F50035257497044C88C72781109D1D935BD8D2F8B81CFE51283C6203066EA000BEF338A3027E3688D938E09B8E5F7F33B5DEAC70152DA6FDB517CF346C05607881E60D14F0BFA9804E87E1DE4162D0067CD5
310
1D0F1B3B463E718318AAC7DFA2E53D15A0CF374F57B72BE0871338B37798C418B907806597E4B100566B98B87EDC7EDBBC81D1AB767BBCB1BC3D2F508AD4ADD72FDA3923E93052563CBB6FD016B7BB8DE0D15AEB9C8979A7241700C93B9E916E683F0B40E8CAB30F203B026D04E58C0BF2DC545B02DEC5EFF1B6F42602A12F
310
81A55E0062D3AF96003C0C40B6C73BBC00D3E324407A642C9380D6135C927E04803CA960FB24E42D4BD59DA42837894601D03900DBF20236264555A6A7EF2445E6C64922651F9700B870FDE3F90611300188617F55136C03582D01DB00540324E53D92AB4D539D04EFF900580278CFEC5DE705E45D0150CDA8034F9080D20E
310
4E7EB423012801E8BD7A6E69E2427F5100A8960143B2205731A50DC545A9378AFAD910809D05222EE63A2701786C8C72FABDB180B8B59FBC4D05F38700E4307507C0CD974F3AA071017C6C0350E024BD5FF7861E02B37DE27C8917802CA4C002B0BB40C44D00AD173EAAB709007CCCC742851DD87E577D891B432FAC0310F3
310
2FAE046F67892C4D9B73B1A9B32D01AAEE93ED9C2A019400FE0159D7DC7618351F940000000049454E44AE42608207A170147D90C63EF0C33800718DC7AB0078798D094085426DA7ABB9C8B3948055008FCD95F50040456F1802D035E5B4B3F03C807B542046661C01E8371ED1B4B6CCB5D7BC51D84B00B002602F9C64B784
310
88FEDD166B01D31EA2EF00C0BC1ABA9A29FA0303C8BC6E2D7655C90000000049454E44AE4260823972E4C89123478EFC11F22FAC3AF8C36573A3D20000000049454E44AE426082
  0
ENDSEC
  0
EOF
