ISO-10303-21;
HEADER;
FILE_DESCRIPTION(('3D STEP'),'2;1');

FILE_NAME('Y:\\parts\\TexasFlange\\Export\\B16_5-C150\\RFWN\\Neutral-Files\\20-150-WELD-NECK-RF-40-FLANGE.stp','2013-01-26T05:59:53+00:00',('Texas Flange'),('sales@texasflange.comv'),'CATIA Version 5 Release 20 SP 6 (IN-10)','CATIA V5 STEP AP214','800-826-3801');

FILE_SCHEMA(('AUTOMOTIVE_DESIGN { 1 0 10303 214 1 1 1 1 }'));

ENDSEC;
/* file written by CATIA V5R20 */
DATA;
#5=PRODUCT('20-150-WELD-NECK-RF-40-FLANGE','150-WELD-NECK-RF','',(#2)) ;
#2=PRODUCT_CONTEXT(' ',#1,'mechanical') ;
#1=APPLICATION_CONTEXT('automotive design') ;
#10=PRODUCT_DEFINITION('NOM PIPE SIZE 20 X SCH 40',' ',#6,#3) ;
#3=PRODUCT_DEFINITION_CONTEXT('part definition',#1,' ') ;
#11=PRODUCT_DEFINITION_SHAPE(' ',' ',#10) ;
#17=DIMENSIONAL_EXPONENTS(1.,0.,0.,0.,0.,0.,0.) ;
#16545=MECHANICAL_DESIGN_GEOMETRIC_PRESENTATION_REPRESENTATION(' ',(#5872,#5901,#5925,#5949,#5973,#5997,#6021,#6045,#6069,#6093,#6117,#6141,#6165,#6189,#6213,#6237,#6261,#6285,#6309,#6333,#6357,#6381,#6405,#6429,#6453,#6477,#6496,#6520,#6544,#6568,#6592,#6616,#6640,#6664,#6688,#6712,#6736,#6760,#6784,#6808,#6832,#6856,#6880,#6904,#6928,#6952,#6976,#7000,#7019,#7043,#7067,#7091,#7115,#7139,#7163,#7187,#7211,#7235,#7259,#7283,#7307,#7331,#7355,#7379,#7403,#7427,#7451,#7475,#7499,#7523,#7547,#7571,#7595,#7619,#7643,#7667,#7691,#7715,#7739,#7763,#7787,#7811,#7835,#7859,#7883,#7907,#7931,#7955,#7979,#8003,#8027,#8051,#8075,#8099,#8123,#8142,#8161,#8185,#8209,#8233,#8257,#8281,#8305,#8329,#8353,#8377,#8401,#8425,#8449,#8473,#8497,#8521,#8545,#8569,#8593,#8617,#8641,#8665,#8689,#8713,#8737,#8761,#8785,#8809,#8833,#8857,#8881,#8905,#8929,#8953,#8977,#9001,#9025,#9049,#9073,#9097,#9121,#9145,#9164,#10118,#10147,#10171,#10195,#10219,#10243,#10267,#10291,#10315,#10339,#10363,#10387,#10411,#10435,#10459,#10483,#10507,#10531,#10555,#10579,#10603,#10627,#10651,#10675,#10699,#10723,#10747,#10771,#10795,#10819,#10843,#10867,#10891,#10915,#10939,#10963,#10987,#11011,#11035,#11059,#11083,#11107,#11131,#11155,#11179,#11203,#11227,#11251,#11275,#11299,#11323,#11347,#11371,#11395,#11419,#11443,#11467,#11491,#11515,#11539,#11563,#11587,#11611,#11635,#11659,#11683,#11707,#11731,#11755,#11779,#11803,#11827,#11851,#11875,#11899,#11923,#11947,#11971,#11995,#12019,#12043,#12067,#12091,#12115,#12139,#12163,#12187,#12211,#12235,#12259,#12283,#12307,#12331,#12355,#12379,#12403,#12427,#12451,#12475,#12499,#12523,#12547,#12571,#12595,#12619,#12643,#12667,#12691,#12715,#12739,#12763,#12787,#12811,#12835,#12859,#12883,#12907,#12931,#12950,#12992,#13021,#13045,#13069,#13088,#13274,#13303,#13327,#13351,#13375,#13399,#13423,#13447,#13471,#13495,#13519,#13543,#13567,#13591,#13615,#13639,#13663,#13687,#13711,#13735,#13759,#13783,#13802,#13988,#14017,#14041,#14065,#14089,#14113,#14137,#14161,#14185,#14209,#14233,#14257,#14281,#14305,#14329,#14353,#14377,#14401,#14425,#14449,#14473,#14497,#14516,#14798,#14827,#14851,#14875,#14899,#14923,#14947,#14971,#14995,#15019,#15043,#15067,#15091,#15115,#15139,#15163,#15187,#15211,#15235,#15259,#15283,#15307,#15331,#15355,#15379,#15403,#15427,#15451,#15475,#15499,#15523,#15547,#15571,#15595,#15614,#15704,#15733,#15757,#15776,#15800,#15819,#15843,#15862,#15886,#15905,#15924,#16112,#16141,#16155,#16184,#16198,#16227,#16241,#16270,#16284,#16313,#16327,#16356,#16370,#16399,#16413,#16442,#16456,#16485,#16499,#16528,#16542,#33),#20) ;
#23=SHAPE_REPRESENTATION(' ',(#22),#20) ;
#22=AXIS2_PLACEMENT_3D(' ',#21,$,$) ;
#38=AXIS2_PLACEMENT_3D('Cylinder Axis2P3D',#35,#36,#37) ;
#51=AXIS2_PLACEMENT_3D('Circle Axis2P3D',#49,#50,$) ;
#65=AXIS2_PLACEMENT_3D('Circle Axis2P3D',#63,#64,$) ;
#77=AXIS2_PLACEMENT_3D('Circle Axis2P3D',#75,#76,$) ;
#82=AXIS2_PLACEMENT_3D('Circle Axis2P3D',#80,#81,$) ;
#95=AXIS2_PLACEMENT_3D('Cylinder Axis2P3D',#92,#93,#94) ;
#99=AXIS2_PLACEMENT_3D('Circle Axis2P3D',#97,#98,$) ;
#115=AXIS2_PLACEMENT_3D('Circle Axis2P3D',#113,#114,$) ;
#134=AXIS2_PLACEMENT_3D('Circle Axis2P3D',#132,#133,$) ;
#139=AXIS2_PLACEMENT_3D('Circle Axis2P3D',#137,#138,$) ;
#152=AXIS2_PLACEMENT_3D('Torus Axis2P3D',#149,#150,#151) ;
#156=AXIS2_PLACEMENT_3D('Circle Axis2P3D',#154,#155,$) ;
#165=AXIS2_PLACEMENT_3D('Circle Axis2P3D',#163,#164,$) ;
#172=AXIS2_PLACEMENT_3D('Circle Axis2P3D',#170,#171,$) ;
#179=AXIS2_PLACEMENT_3D('Circle Axis2P3D',#177,#178,$) ;
#191=AXIS2_PLACEMENT_3D('Circle Axis2P3D',#189,#190,$) ;
#196=AXIS2_PLACEMENT_3D('Circle Axis2P3D',#194,#195,$) ;
#209=AXIS2_PLACEMENT_3D('Cone Axis2P3D',#206,#207,#208) ;
#220=AXIS2_PLACEMENT_3D('Circle Axis2P3D',#218,#219,$) ;
#239=AXIS2_PLACEMENT_3D('Circle Axis2P3D',#237,#238,$) ;
#252=AXIS2_PLACEMENT_3D('Cylinder Axis2P3D',#249,#250,#251) ;
#270=AXIS2_PLACEMENT_3D('Circle Axis2P3D',#268,#269,$) ;
#277=AXIS2_PLACEMENT_3D('Circle Axis2P3D',#275,#276,$) ;
#290=AXIS2_PLACEMENT_3D('Circle Axis2P3D',#288,#289,$) ;
#297=AXIS2_PLACEMENT_3D('Circle Axis2P3D',#295,#296,$) ;
#311=AXIS2_PLACEMENT_3D('Cone Axis2P3D',#308,#309,#310) ;
#322=AXIS2_PLACEMENT_3D('Circle Axis2P3D',#320,#321,$) ;
#343=AXIS2_PLACEMENT_3D('Cylinder Axis2P3D',#340,#341,#342) ;
#347=AXIS2_PLACEMENT_3D('Circle Axis2P3D',#345,#346,$) ;
#363=AXIS2_PLACEMENT_3D('Circle Axis2P3D',#361,#362,$) ;
#382=AXIS2_PLACEMENT_3D('Circle Axis2P3D',#380,#381,$) ;
#387=AXIS2_PLACEMENT_3D('Circle Axis2P3D',#385,#386,$) ;
#400=AXIS2_PLACEMENT_3D('Plane Axis2P3D',#397,#398,#399) ;
#404=AXIS2_PLACEMENT_3D('Circle Axis2P3D',#402,#403,$) ;
#413=AXIS2_PLACEMENT_3D('Circle Axis2P3D',#411,#412,$) ;
#428=AXIS2_PLACEMENT_3D('Plane Axis2P3D',#425,#426,#427) ;
#432=AXIS2_PLACEMENT_3D('Circle Axis2P3D',#430,#431,$) ;
#455=AXIS2_PLACEMENT_3D('Cylinder Axis2P3D',#452,#453,#454) ;
#466=AXIS2_PLACEMENT_3D('Circle Axis2P3D',#464,#465,$) ;
#485=AXIS2_PLACEMENT_3D('Circle Axis2P3D',#483,#484,$) ;
#498=AXIS2_PLACEMENT_3D('Plane Axis2P3D',#495,#496,#497) ;
#514=AXIS2_PLACEMENT_3D('Circle Axis2P3D',#512,#513,$) ;
#523=AXIS2_PLACEMENT_3D('Circle Axis2P3D',#521,#522,$) ;
#532=AXIS2_PLACEMENT_3D('Circle Axis2P3D',#530,#531,$) ;
#541=AXIS2_PLACEMENT_3D('Circle Axis2P3D',#539,#540,$) ;
#550=AXIS2_PLACEMENT_3D('Circle Axis2P3D',#548,#549,$) ;
#559=AXIS2_PLACEMENT_3D('Circle Axis2P3D',#557,#558,$) ;
#568=AXIS2_PLACEMENT_3D('Circle Axis2P3D',#566,#567,$) ;
#577=AXIS2_PLACEMENT_3D('Circle Axis2P3D',#575,#576,$) ;
#586=AXIS2_PLACEMENT_3D('Circle Axis2P3D',#584,#585,$) ;
#595=AXIS2_PLACEMENT_3D('Circle Axis2P3D',#593,#594,$) ;
#604=AXIS2_PLACEMENT_3D('Circle Axis2P3D',#602,#603,$) ;
#613=AXIS2_PLACEMENT_3D('Circle Axis2P3D',#611,#612,$) ;
#622=AXIS2_PLACEMENT_3D('Circle Axis2P3D',#620,#621,$) ;
#631=AXIS2_PLACEMENT_3D('Circle Axis2P3D',#629,#630,$) ;
#640=AXIS2_PLACEMENT_3D('Circle Axis2P3D',#638,#639,$) ;
#649=AXIS2_PLACEMENT_3D('Circle Axis2P3D',#647,#648,$) ;
#658=AXIS2_PLACEMENT_3D('Circle Axis2P3D',#656,#657,$) ;
#667=AXIS2_PLACEMENT_3D('Circle Axis2P3D',#665,#666,$) ;
#676=AXIS2_PLACEMENT_3D('Circle Axis2P3D',#674,#675,$) ;
#685=AXIS2_PLACEMENT_3D('Circle Axis2P3D',#683,#684,$) ;
#694=AXIS2_PLACEMENT_3D('Circle Axis2P3D',#692,#693,$) ;
#703=AXIS2_PLACEMENT_3D('Circle Axis2P3D',#701,#702,$) ;
#712=AXIS2_PLACEMENT_3D('Circle Axis2P3D',#710,#711,$) ;
#721=AXIS2_PLACEMENT_3D('Circle Axis2P3D',#719,#720,$) ;
#730=AXIS2_PLACEMENT_3D('Circle Axis2P3D',#728,#729,$) ;
#739=AXIS2_PLACEMENT_3D('Circle Axis2P3D',#737,#738,$) ;
#748=AXIS2_PLACEMENT_3D('Circle Axis2P3D',#746,#747,$) ;
#757=AXIS2_PLACEMENT_3D('Circle Axis2P3D',#755,#756,$) ;
#766=AXIS2_PLACEMENT_3D('Circle Axis2P3D',#764,#765,$) ;
#775=AXIS2_PLACEMENT_3D('Circle Axis2P3D',#773,#774,$) ;
#784=AXIS2_PLACEMENT_3D('Circle Axis2P3D',#782,#783,$) ;
#793=AXIS2_PLACEMENT_3D('Circle Axis2P3D',#791,#792,$) ;
#802=AXIS2_PLACEMENT_3D('Circle Axis2P3D',#800,#801,$) ;
#811=AXIS2_PLACEMENT_3D('Circle Axis2P3D',#809,#810,$) ;
#820=AXIS2_PLACEMENT_3D('Circle Axis2P3D',#818,#819,$) ;
#829=AXIS2_PLACEMENT_3D('Circle Axis2P3D',#827,#828,$) ;
#838=AXIS2_PLACEMENT_3D('Circle Axis2P3D',#836,#837,$) ;
#847=AXIS2_PLACEMENT_3D('Circle Axis2P3D',#845,#846,$) ;
#858=AXIS2_PLACEMENT_3D('Cylinder Axis2P3D',#855,#856,#857) ;
#876=AXIS2_PLACEMENT_3D('Circle Axis2P3D',#874,#875,$) ;
#888=AXIS2_PLACEMENT_3D('Circle Axis2P3D',#886,#887,$) ;
#901=AXIS2_PLACEMENT_3D('Cylinder Axis2P3D',#898,#899,#900) ;
#919=AXIS2_PLACEMENT_3D('Circle Axis2P3D',#917,#918,$) ;
#931=AXIS2_PLACEMENT_3D('Circle Axis2P3D',#929,#930,$) ;
#944=AXIS2_PLACEMENT_3D('Cylinder Axis2P3D',#941,#942,#943) ;
#962=AXIS2_PLACEMENT_3D('Circle Axis2P3D',#960,#961,$) ;
#974=AXIS2_PLACEMENT_3D('Circle Axis2P3D',#972,#973,$) ;
#987=AXIS2_PLACEMENT_3D('Cylinder Axis2P3D',#984,#985,#986) ;
#1005=AXIS2_PLACEMENT_3D('Circle Axis2P3D',#1003,#1004,$) ;
#1017=AXIS2_PLACEMENT_3D('Circle Axis2P3D',#1015,#1016,$) ;
#1030=AXIS2_PLACEMENT_3D('Cylinder Axis2P3D',#1027,#1028,#1029) ;
#1048=AXIS2_PLACEMENT_3D('Circle Axis2P3D',#1046,#1047,$) ;
#1060=AXIS2_PLACEMENT_3D('Circle Axis2P3D',#1058,#1059,$) ;
#1073=AXIS2_PLACEMENT_3D('Cylinder Axis2P3D',#1070,#1071,#1072) ;
#1091=AXIS2_PLACEMENT_3D('Circle Axis2P3D',#1089,#1090,$) ;
#1103=AXIS2_PLACEMENT_3D('Circle Axis2P3D',#1101,#1102,$) ;
#1116=AXIS2_PLACEMENT_3D('Cylinder Axis2P3D',#1113,#1114,#1115) ;
#1134=AXIS2_PLACEMENT_3D('Circle Axis2P3D',#1132,#1133,$) ;
#1146=AXIS2_PLACEMENT_3D('Circle Axis2P3D',#1144,#1145,$) ;
#1159=AXIS2_PLACEMENT_3D('Cylinder Axis2P3D',#1156,#1157,#1158) ;
#1177=AXIS2_PLACEMENT_3D('Circle Axis2P3D',#1175,#1176,$) ;
#1189=AXIS2_PLACEMENT_3D('Circle Axis2P3D',#1187,#1188,$) ;
#1202=AXIS2_PLACEMENT_3D('Cylinder Axis2P3D',#1199,#1200,#1201) ;
#1220=AXIS2_PLACEMENT_3D('Circle Axis2P3D',#1218,#1219,$) ;
#1232=AXIS2_PLACEMENT_3D('Circle Axis2P3D',#1230,#1231,$) ;
#1245=AXIS2_PLACEMENT_3D('Cylinder Axis2P3D',#1242,#1243,#1244) ;
#1263=AXIS2_PLACEMENT_3D('Circle Axis2P3D',#1261,#1262,$) ;
#1275=AXIS2_PLACEMENT_3D('Circle Axis2P3D',#1273,#1274,$) ;
#1288=AXIS2_PLACEMENT_3D('Cylinder Axis2P3D',#1285,#1286,#1287) ;
#1306=AXIS2_PLACEMENT_3D('Circle Axis2P3D',#1304,#1305,$) ;
#1318=AXIS2_PLACEMENT_3D('Circle Axis2P3D',#1316,#1317,$) ;
#1331=AXIS2_PLACEMENT_3D('Cylinder Axis2P3D',#1328,#1329,#1330) ;
#1349=AXIS2_PLACEMENT_3D('Circle Axis2P3D',#1347,#1348,$) ;
#1361=AXIS2_PLACEMENT_3D('Circle Axis2P3D',#1359,#1360,$) ;
#1374=AXIS2_PLACEMENT_3D('Cylinder Axis2P3D',#1371,#1372,#1373) ;
#1392=AXIS2_PLACEMENT_3D('Circle Axis2P3D',#1390,#1391,$) ;
#1404=AXIS2_PLACEMENT_3D('Circle Axis2P3D',#1402,#1403,$) ;
#1417=AXIS2_PLACEMENT_3D('Cylinder Axis2P3D',#1414,#1415,#1416) ;
#1435=AXIS2_PLACEMENT_3D('Circle Axis2P3D',#1433,#1434,$) ;
#1447=AXIS2_PLACEMENT_3D('Circle Axis2P3D',#1445,#1446,$) ;
#1460=AXIS2_PLACEMENT_3D('Cylinder Axis2P3D',#1457,#1458,#1459) ;
#1478=AXIS2_PLACEMENT_3D('Circle Axis2P3D',#1476,#1477,$) ;
#1490=AXIS2_PLACEMENT_3D('Circle Axis2P3D',#1488,#1489,$) ;
#1503=AXIS2_PLACEMENT_3D('Cylinder Axis2P3D',#1500,#1501,#1502) ;
#1521=AXIS2_PLACEMENT_3D('Circle Axis2P3D',#1519,#1520,$) ;
#1533=AXIS2_PLACEMENT_3D('Circle Axis2P3D',#1531,#1532,$) ;
#1546=AXIS2_PLACEMENT_3D('Cylinder Axis2P3D',#1543,#1544,#1545) ;
#1564=AXIS2_PLACEMENT_3D('Circle Axis2P3D',#1562,#1563,$) ;
#1576=AXIS2_PLACEMENT_3D('Circle Axis2P3D',#1574,#1575,$) ;
#1589=AXIS2_PLACEMENT_3D('Cylinder Axis2P3D',#1586,#1587,#1588) ;
#1607=AXIS2_PLACEMENT_3D('Circle Axis2P3D',#1605,#1606,$) ;
#1619=AXIS2_PLACEMENT_3D('Circle Axis2P3D',#1617,#1618,$) ;
#1632=AXIS2_PLACEMENT_3D('Cylinder Axis2P3D',#1629,#1630,#1631) ;
#1650=AXIS2_PLACEMENT_3D('Circle Axis2P3D',#1648,#1649,$) ;
#1662=AXIS2_PLACEMENT_3D('Circle Axis2P3D',#1660,#1661,$) ;
#1675=AXIS2_PLACEMENT_3D('Plane Axis2P3D',#1672,#1673,#1674) ;
#1767=AXIS2_PLACEMENT_3D('Circle Axis2P3D',#1765,#1766,$) ;
#1776=AXIS2_PLACEMENT_3D('Circle Axis2P3D',#1774,#1775,$) ;
#1786=AXIS2_PLACEMENT_3D('Circle Axis2P3D',#1784,#1785,$) ;
#1795=AXIS2_PLACEMENT_3D('Circle Axis2P3D',#1793,#1794,$) ;
#4603=AXIS2_PLACEMENT_3D('Circle Axis2P3D',#4601,#4602,$) ;
#4612=AXIS2_PLACEMENT_3D('Circle Axis2P3D',#4610,#4611,$) ;
#4622=AXIS2_PLACEMENT_3D('Circle Axis2P3D',#4620,#4621,$) ;
#4631=AXIS2_PLACEMENT_3D('Circle Axis2P3D',#4629,#4630,$) ;
#4641=AXIS2_PLACEMENT_3D('Circle Axis2P3D',#4639,#4640,$) ;
#4650=AXIS2_PLACEMENT_3D('Circle Axis2P3D',#4648,#4649,$) ;
#4660=AXIS2_PLACEMENT_3D('Circle Axis2P3D',#4658,#4659,$) ;
#4669=AXIS2_PLACEMENT_3D('Circle Axis2P3D',#4667,#4668,$) ;
#4679=AXIS2_PLACEMENT_3D('Circle Axis2P3D',#4677,#4678,$) ;
#4688=AXIS2_PLACEMENT_3D('Circle Axis2P3D',#4686,#4687,$) ;
#4698=AXIS2_PLACEMENT_3D('Circle Axis2P3D',#4696,#4697,$) ;
#4707=AXIS2_PLACEMENT_3D('Circle Axis2P3D',#4705,#4706,$) ;
#4717=AXIS2_PLACEMENT_3D('Circle Axis2P3D',#4715,#4716,$) ;
#4726=AXIS2_PLACEMENT_3D('Circle Axis2P3D',#4724,#4725,$) ;
#4736=AXIS2_PLACEMENT_3D('Circle Axis2P3D',#4734,#4735,$) ;
#4745=AXIS2_PLACEMENT_3D('Circle Axis2P3D',#4743,#4744,$) ;
#4756=AXIS2_PLACEMENT_3D('Plane Axis2P3D',#4753,#4754,#4755) ;
#5876=AXIS2_PLACEMENT_3D('Plane Axis2P3D',#5873,#5874,#5875) ;
#5905=AXIS2_PLACEMENT_3D('Plane Axis2P3D',#5902,#5903,#5904) ;
#5929=AXIS2_PLACEMENT_3D('Plane Axis2P3D',#5926,#5927,#5928) ;
#5953=AXIS2_PLACEMENT_3D('Plane Axis2P3D',#5950,#5951,#5952) ;
#5977=AXIS2_PLACEMENT_3D('Plane Axis2P3D',#5974,#5975,#5976) ;
#6001=AXIS2_PLACEMENT_3D('Plane Axis2P3D',#5998,#5999,#6000) ;
#6025=AXIS2_PLACEMENT_3D('Plane Axis2P3D',#6022,#6023,#6024) ;
#6049=AXIS2_PLACEMENT_3D('Plane Axis2P3D',#6046,#6047,#6048) ;
#6073=AXIS2_PLACEMENT_3D('Plane Axis2P3D',#6070,#6071,#6072) ;
#6097=AXIS2_PLACEMENT_3D('Plane Axis2P3D',#6094,#6095,#6096) ;
#6121=AXIS2_PLACEMENT_3D('Plane Axis2P3D',#6118,#6119,#6120) ;
#6145=AXIS2_PLACEMENT_3D('Plane Axis2P3D',#6142,#6143,#6144) ;
#6169=AXIS2_PLACEMENT_3D('Plane Axis2P3D',#6166,#6167,#6168) ;
#6193=AXIS2_PLACEMENT_3D('Plane Axis2P3D',#6190,#6191,#6192) ;
#6217=AXIS2_PLACEMENT_3D('Plane Axis2P3D',#6214,#6215,#6216) ;
#6241=AXIS2_PLACEMENT_3D('Plane Axis2P3D',#6238,#6239,#6240) ;
#6265=AXIS2_PLACEMENT_3D('Plane Axis2P3D',#6262,#6263,#6264) ;
#6289=AXIS2_PLACEMENT_3D('Plane Axis2P3D',#6286,#6287,#6288) ;
#6313=AXIS2_PLACEMENT_3D('Plane Axis2P3D',#6310,#6311,#6312) ;
#6337=AXIS2_PLACEMENT_3D('Plane Axis2P3D',#6334,#6335,#6336) ;
#6361=AXIS2_PLACEMENT_3D('Plane Axis2P3D',#6358,#6359,#6360) ;
#6385=AXIS2_PLACEMENT_3D('Plane Axis2P3D',#6382,#6383,#6384) ;
#6409=AXIS2_PLACEMENT_3D('Plane Axis2P3D',#6406,#6407,#6408) ;
#6433=AXIS2_PLACEMENT_3D('Plane Axis2P3D',#6430,#6431,#6432) ;
#6457=AXIS2_PLACEMENT_3D('Plane Axis2P3D',#6454,#6455,#6456) ;
#6500=AXIS2_PLACEMENT_3D('Plane Axis2P3D',#6497,#6498,#6499) ;
#6524=AXIS2_PLACEMENT_3D('Plane Axis2P3D',#6521,#6522,#6523) ;
#6548=AXIS2_PLACEMENT_3D('Plane Axis2P3D',#6545,#6546,#6547) ;
#6572=AXIS2_PLACEMENT_3D('Plane Axis2P3D',#6569,#6570,#6571) ;
#6596=AXIS2_PLACEMENT_3D('Plane Axis2P3D',#6593,#6594,#6595) ;
#6620=AXIS2_PLACEMENT_3D('Plane Axis2P3D',#6617,#6618,#6619) ;
#6644=AXIS2_PLACEMENT_3D('Plane Axis2P3D',#6641,#6642,#6643) ;
#6668=AXIS2_PLACEMENT_3D('Plane Axis2P3D',#6665,#6666,#6667) ;
#6692=AXIS2_PLACEMENT_3D('Plane Axis2P3D',#6689,#6690,#6691) ;
#6716=AXIS2_PLACEMENT_3D('Plane Axis2P3D',#6713,#6714,#6715) ;
#6740=AXIS2_PLACEMENT_3D('Plane Axis2P3D',#6737,#6738,#6739) ;
#6764=AXIS2_PLACEMENT_3D('Plane Axis2P3D',#6761,#6762,#6763) ;
#6788=AXIS2_PLACEMENT_3D('Plane Axis2P3D',#6785,#6786,#6787) ;
#6812=AXIS2_PLACEMENT_3D('Plane Axis2P3D',#6809,#6810,#6811) ;
#6836=AXIS2_PLACEMENT_3D('Plane Axis2P3D',#6833,#6834,#6835) ;
#6860=AXIS2_PLACEMENT_3D('Plane Axis2P3D',#6857,#6858,#6859) ;
#6884=AXIS2_PLACEMENT_3D('Plane Axis2P3D',#6881,#6882,#6883) ;
#6908=AXIS2_PLACEMENT_3D('Plane Axis2P3D',#6905,#6906,#6907) ;
#6932=AXIS2_PLACEMENT_3D('Plane Axis2P3D',#6929,#6930,#6931) ;
#6956=AXIS2_PLACEMENT_3D('Plane Axis2P3D',#6953,#6954,#6955) ;
#6980=AXIS2_PLACEMENT_3D('Plane Axis2P3D',#6977,#6978,#6979) ;
#7023=AXIS2_PLACEMENT_3D('Plane Axis2P3D',#7020,#7021,#7022) ;
#7047=AXIS2_PLACEMENT_3D('Plane Axis2P3D',#7044,#7045,#7046) ;
#7071=AXIS2_PLACEMENT_3D('Plane Axis2P3D',#7068,#7069,#7070) ;
#7095=AXIS2_PLACEMENT_3D('Plane Axis2P3D',#7092,#7093,#7094) ;
#7119=AXIS2_PLACEMENT_3D('Plane Axis2P3D',#7116,#7117,#7118) ;
#7143=AXIS2_PLACEMENT_3D('Plane Axis2P3D',#7140,#7141,#7142) ;
#7167=AXIS2_PLACEMENT_3D('Plane Axis2P3D',#7164,#7165,#7166) ;
#7191=AXIS2_PLACEMENT_3D('Plane Axis2P3D',#7188,#7189,#7190) ;
#7215=AXIS2_PLACEMENT_3D('Plane Axis2P3D',#7212,#7213,#7214) ;
#7239=AXIS2_PLACEMENT_3D('Plane Axis2P3D',#7236,#7237,#7238) ;
#7263=AXIS2_PLACEMENT_3D('Plane Axis2P3D',#7260,#7261,#7262) ;
#7287=AXIS2_PLACEMENT_3D('Plane Axis2P3D',#7284,#7285,#7286) ;
#7311=AXIS2_PLACEMENT_3D('Plane Axis2P3D',#7308,#7309,#7310) ;
#7335=AXIS2_PLACEMENT_3D('Plane Axis2P3D',#7332,#7333,#7334) ;
#7359=AXIS2_PLACEMENT_3D('Plane Axis2P3D',#7356,#7357,#7358) ;
#7383=AXIS2_PLACEMENT_3D('Plane Axis2P3D',#7380,#7381,#7382) ;
#7407=AXIS2_PLACEMENT_3D('Plane Axis2P3D',#7404,#7405,#7406) ;
#7431=AXIS2_PLACEMENT_3D('Plane Axis2P3D',#7428,#7429,#7430) ;
#7455=AXIS2_PLACEMENT_3D('Plane Axis2P3D',#7452,#7453,#7454) ;
#7479=AXIS2_PLACEMENT_3D('Plane Axis2P3D',#7476,#7477,#7478) ;
#7503=AXIS2_PLACEMENT_3D('Plane Axis2P3D',#7500,#7501,#7502) ;
#7527=AXIS2_PLACEMENT_3D('Plane Axis2P3D',#7524,#7525,#7526) ;
#7551=AXIS2_PLACEMENT_3D('Plane Axis2P3D',#7548,#7549,#7550) ;
#7575=AXIS2_PLACEMENT_3D('Plane Axis2P3D',#7572,#7573,#7574) ;
#7599=AXIS2_PLACEMENT_3D('Plane Axis2P3D',#7596,#7597,#7598) ;
#7623=AXIS2_PLACEMENT_3D('Plane Axis2P3D',#7620,#7621,#7622) ;
#7647=AXIS2_PLACEMENT_3D('Plane Axis2P3D',#7644,#7645,#7646) ;
#7671=AXIS2_PLACEMENT_3D('Plane Axis2P3D',#7668,#7669,#7670) ;
#7695=AXIS2_PLACEMENT_3D('Plane Axis2P3D',#7692,#7693,#7694) ;
#7719=AXIS2_PLACEMENT_3D('Plane Axis2P3D',#7716,#7717,#7718) ;
#7743=AXIS2_PLACEMENT_3D('Plane Axis2P3D',#7740,#7741,#7742) ;
#7767=AXIS2_PLACEMENT_3D('Plane Axis2P3D',#7764,#7765,#7766) ;
#7791=AXIS2_PLACEMENT_3D('Plane Axis2P3D',#7788,#7789,#7790) ;
#7815=AXIS2_PLACEMENT_3D('Plane Axis2P3D',#7812,#7813,#7814) ;
#7839=AXIS2_PLACEMENT_3D('Plane Axis2P3D',#7836,#7837,#7838) ;
#7863=AXIS2_PLACEMENT_3D('Plane Axis2P3D',#7860,#7861,#7862) ;
#7887=AXIS2_PLACEMENT_3D('Plane Axis2P3D',#7884,#7885,#7886) ;
#7911=AXIS2_PLACEMENT_3D('Plane Axis2P3D',#7908,#7909,#7910) ;
#7935=AXIS2_PLACEMENT_3D('Plane Axis2P3D',#7932,#7933,#7934) ;
#7959=AXIS2_PLACEMENT_3D('Plane Axis2P3D',#7956,#7957,#7958) ;
#7983=AXIS2_PLACEMENT_3D('Plane Axis2P3D',#7980,#7981,#7982) ;
#8007=AXIS2_PLACEMENT_3D('Plane Axis2P3D',#8004,#8005,#8006) ;
#8031=AXIS2_PLACEMENT_3D('Plane Axis2P3D',#8028,#8029,#8030) ;
#8055=AXIS2_PLACEMENT_3D('Plane Axis2P3D',#8052,#8053,#8054) ;
#8079=AXIS2_PLACEMENT_3D('Plane Axis2P3D',#8076,#8077,#8078) ;
#8103=AXIS2_PLACEMENT_3D('Plane Axis2P3D',#8100,#8101,#8102) ;
#8165=AXIS2_PLACEMENT_3D('Plane Axis2P3D',#8162,#8163,#8164) ;
#8189=AXIS2_PLACEMENT_3D('Plane Axis2P3D',#8186,#8187,#8188) ;
#8213=AXIS2_PLACEMENT_3D('Plane Axis2P3D',#8210,#8211,#8212) ;
#8237=AXIS2_PLACEMENT_3D('Plane Axis2P3D',#8234,#8235,#8236) ;
#8261=AXIS2_PLACEMENT_3D('Plane Axis2P3D',#8258,#8259,#8260) ;
#8285=AXIS2_PLACEMENT_3D('Plane Axis2P3D',#8282,#8283,#8284) ;
#8309=AXIS2_PLACEMENT_3D('Plane Axis2P3D',#8306,#8307,#8308) ;
#8333=AXIS2_PLACEMENT_3D('Plane Axis2P3D',#8330,#8331,#8332) ;
#8357=AXIS2_PLACEMENT_3D('Plane Axis2P3D',#8354,#8355,#8356) ;
#8381=AXIS2_PLACEMENT_3D('Plane Axis2P3D',#8378,#8379,#8380) ;
#8405=AXIS2_PLACEMENT_3D('Plane Axis2P3D',#8402,#8403,#8404) ;
#8429=AXIS2_PLACEMENT_3D('Plane Axis2P3D',#8426,#8427,#8428) ;
#8453=AXIS2_PLACEMENT_3D('Plane Axis2P3D',#8450,#8451,#8452) ;
#8477=AXIS2_PLACEMENT_3D('Plane Axis2P3D',#8474,#8475,#8476) ;
#8501=AXIS2_PLACEMENT_3D('Plane Axis2P3D',#8498,#8499,#8500) ;
#8525=AXIS2_PLACEMENT_3D('Plane Axis2P3D',#8522,#8523,#8524) ;
#8549=AXIS2_PLACEMENT_3D('Plane Axis2P3D',#8546,#8547,#8548) ;
#8573=AXIS2_PLACEMENT_3D('Plane Axis2P3D',#8570,#8571,#8572) ;
#8597=AXIS2_PLACEMENT_3D('Plane Axis2P3D',#8594,#8595,#8596) ;
#8621=AXIS2_PLACEMENT_3D('Plane Axis2P3D',#8618,#8619,#8620) ;
#8645=AXIS2_PLACEMENT_3D('Plane Axis2P3D',#8642,#8643,#8644) ;
#8669=AXIS2_PLACEMENT_3D('Plane Axis2P3D',#8666,#8667,#8668) ;
#8693=AXIS2_PLACEMENT_3D('Plane Axis2P3D',#8690,#8691,#8692) ;
#8717=AXIS2_PLACEMENT_3D('Plane Axis2P3D',#8714,#8715,#8716) ;
#8741=AXIS2_PLACEMENT_3D('Plane Axis2P3D',#8738,#8739,#8740) ;
#8765=AXIS2_PLACEMENT_3D('Plane Axis2P3D',#8762,#8763,#8764) ;
#8789=AXIS2_PLACEMENT_3D('Plane Axis2P3D',#8786,#8787,#8788) ;
#8813=AXIS2_PLACEMENT_3D('Plane Axis2P3D',#8810,#8811,#8812) ;
#8837=AXIS2_PLACEMENT_3D('Plane Axis2P3D',#8834,#8835,#8836) ;
#8861=AXIS2_PLACEMENT_3D('Plane Axis2P3D',#8858,#8859,#8860) ;
#8885=AXIS2_PLACEMENT_3D('Plane Axis2P3D',#8882,#8883,#8884) ;
#8909=AXIS2_PLACEMENT_3D('Plane Axis2P3D',#8906,#8907,#8908) ;
#8933=AXIS2_PLACEMENT_3D('Plane Axis2P3D',#8930,#8931,#8932) ;
#8957=AXIS2_PLACEMENT_3D('Plane Axis2P3D',#8954,#8955,#8956) ;
#8981=AXIS2_PLACEMENT_3D('Plane Axis2P3D',#8978,#8979,#8980) ;
#9005=AXIS2_PLACEMENT_3D('Plane Axis2P3D',#9002,#9003,#9004) ;
#9029=AXIS2_PLACEMENT_3D('Plane Axis2P3D',#9026,#9027,#9028) ;
#9053=AXIS2_PLACEMENT_3D('Plane Axis2P3D',#9050,#9051,#9052) ;
#9077=AXIS2_PLACEMENT_3D('Plane Axis2P3D',#9074,#9075,#9076) ;
#9101=AXIS2_PLACEMENT_3D('Plane Axis2P3D',#9098,#9099,#9100) ;
#9125=AXIS2_PLACEMENT_3D('Plane Axis2P3D',#9122,#9123,#9124) ;
#9149=AXIS2_PLACEMENT_3D('Plane Axis2P3D',#9146,#9147,#9148) ;
#10122=AXIS2_PLACEMENT_3D('Plane Axis2P3D',#10119,#10120,#10121) ;
#10151=AXIS2_PLACEMENT_3D('Plane Axis2P3D',#10148,#10149,#10150) ;
#10175=AXIS2_PLACEMENT_3D('Plane Axis2P3D',#10172,#10173,#10174) ;
#10199=AXIS2_PLACEMENT_3D('Plane Axis2P3D',#10196,#10197,#10198) ;
#10223=AXIS2_PLACEMENT_3D('Plane Axis2P3D',#10220,#10221,#10222) ;
#10247=AXIS2_PLACEMENT_3D('Plane Axis2P3D',#10244,#10245,#10246) ;
#10271=AXIS2_PLACEMENT_3D('Plane Axis2P3D',#10268,#10269,#10270) ;
#10295=AXIS2_PLACEMENT_3D('Plane Axis2P3D',#10292,#10293,#10294) ;
#10319=AXIS2_PLACEMENT_3D('Plane Axis2P3D',#10316,#10317,#10318) ;
#10343=AXIS2_PLACEMENT_3D('Plane Axis2P3D',#10340,#10341,#10342) ;
#10367=AXIS2_PLACEMENT_3D('Plane Axis2P3D',#10364,#10365,#10366) ;
#10391=AXIS2_PLACEMENT_3D('Plane Axis2P3D',#10388,#10389,#10390) ;
#10415=AXIS2_PLACEMENT_3D('Plane Axis2P3D',#10412,#10413,#10414) ;
#10439=AXIS2_PLACEMENT_3D('Plane Axis2P3D',#10436,#10437,#10438) ;
#10463=AXIS2_PLACEMENT_3D('Plane Axis2P3D',#10460,#10461,#10462) ;
#10487=AXIS2_PLACEMENT_3D('Plane Axis2P3D',#10484,#10485,#10486) ;
#10511=AXIS2_PLACEMENT_3D('Plane Axis2P3D',#10508,#10509,#10510) ;
#10535=AXIS2_PLACEMENT_3D('Plane Axis2P3D',#10532,#10533,#10534) ;
#10559=AXIS2_PLACEMENT_3D('Plane Axis2P3D',#10556,#10557,#10558) ;
#10583=AXIS2_PLACEMENT_3D('Plane Axis2P3D',#10580,#10581,#10582) ;
#10607=AXIS2_PLACEMENT_3D('Plane Axis2P3D',#10604,#10605,#10606) ;
#10631=AXIS2_PLACEMENT_3D('Plane Axis2P3D',#10628,#10629,#10630) ;
#10655=AXIS2_PLACEMENT_3D('Plane Axis2P3D',#10652,#10653,#10654) ;
#10679=AXIS2_PLACEMENT_3D('Plane Axis2P3D',#10676,#10677,#10678) ;
#10703=AXIS2_PLACEMENT_3D('Plane Axis2P3D',#10700,#10701,#10702) ;
#10727=AXIS2_PLACEMENT_3D('Plane Axis2P3D',#10724,#10725,#10726) ;
#10751=AXIS2_PLACEMENT_3D('Plane Axis2P3D',#10748,#10749,#10750) ;
#10775=AXIS2_PLACEMENT_3D('Plane Axis2P3D',#10772,#10773,#10774) ;
#10799=AXIS2_PLACEMENT_3D('Plane Axis2P3D',#10796,#10797,#10798) ;
#10823=AXIS2_PLACEMENT_3D('Plane Axis2P3D',#10820,#10821,#10822) ;
#10847=AXIS2_PLACEMENT_3D('Plane Axis2P3D',#10844,#10845,#10846) ;
#10871=AXIS2_PLACEMENT_3D('Plane Axis2P3D',#10868,#10869,#10870) ;
#10895=AXIS2_PLACEMENT_3D('Plane Axis2P3D',#10892,#10893,#10894) ;
#10919=AXIS2_PLACEMENT_3D('Plane Axis2P3D',#10916,#10917,#10918) ;
#10943=AXIS2_PLACEMENT_3D('Plane Axis2P3D',#10940,#10941,#10942) ;
#10967=AXIS2_PLACEMENT_3D('Plane Axis2P3D',#10964,#10965,#10966) ;
#10991=AXIS2_PLACEMENT_3D('Plane Axis2P3D',#10988,#10989,#10990) ;
#11015=AXIS2_PLACEMENT_3D('Plane Axis2P3D',#11012,#11013,#11014) ;
#11039=AXIS2_PLACEMENT_3D('Plane Axis2P3D',#11036,#11037,#11038) ;
#11063=AXIS2_PLACEMENT_3D('Plane Axis2P3D',#11060,#11061,#11062) ;
#11087=AXIS2_PLACEMENT_3D('Plane Axis2P3D',#11084,#11085,#11086) ;
#11111=AXIS2_PLACEMENT_3D('Plane Axis2P3D',#11108,#11109,#11110) ;
#11135=AXIS2_PLACEMENT_3D('Plane Axis2P3D',#11132,#11133,#11134) ;
#11159=AXIS2_PLACEMENT_3D('Plane Axis2P3D',#11156,#11157,#11158) ;
#11183=AXIS2_PLACEMENT_3D('Plane Axis2P3D',#11180,#11181,#11182) ;
#11207=AXIS2_PLACEMENT_3D('Plane Axis2P3D',#11204,#11205,#11206) ;
#11231=AXIS2_PLACEMENT_3D('Plane Axis2P3D',#11228,#11229,#11230) ;
#11255=AXIS2_PLACEMENT_3D('Plane Axis2P3D',#11252,#11253,#11254) ;
#11279=AXIS2_PLACEMENT_3D('Plane Axis2P3D',#11276,#11277,#11278) ;
#11303=AXIS2_PLACEMENT_3D('Plane Axis2P3D',#11300,#11301,#11302) ;
#11327=AXIS2_PLACEMENT_3D('Plane Axis2P3D',#11324,#11325,#11326) ;
#11351=AXIS2_PLACEMENT_3D('Plane Axis2P3D',#11348,#11349,#11350) ;
#11375=AXIS2_PLACEMENT_3D('Plane Axis2P3D',#11372,#11373,#11374) ;
#11399=AXIS2_PLACEMENT_3D('Plane Axis2P3D',#11396,#11397,#11398) ;
#11423=AXIS2_PLACEMENT_3D('Plane Axis2P3D',#11420,#11421,#11422) ;
#11447=AXIS2_PLACEMENT_3D('Plane Axis2P3D',#11444,#11445,#11446) ;
#11471=AXIS2_PLACEMENT_3D('Plane Axis2P3D',#11468,#11469,#11470) ;
#11495=AXIS2_PLACEMENT_3D('Plane Axis2P3D',#11492,#11493,#11494) ;
#11519=AXIS2_PLACEMENT_3D('Plane Axis2P3D',#11516,#11517,#11518) ;
#11543=AXIS2_PLACEMENT_3D('Plane Axis2P3D',#11540,#11541,#11542) ;
#11567=AXIS2_PLACEMENT_3D('Plane Axis2P3D',#11564,#11565,#11566) ;
#11591=AXIS2_PLACEMENT_3D('Plane Axis2P3D',#11588,#11589,#11590) ;
#11615=AXIS2_PLACEMENT_3D('Plane Axis2P3D',#11612,#11613,#11614) ;
#11639=AXIS2_PLACEMENT_3D('Plane Axis2P3D',#11636,#11637,#11638) ;
#11663=AXIS2_PLACEMENT_3D('Plane Axis2P3D',#11660,#11661,#11662) ;
#11687=AXIS2_PLACEMENT_3D('Plane Axis2P3D',#11684,#11685,#11686) ;
#11711=AXIS2_PLACEMENT_3D('Plane Axis2P3D',#11708,#11709,#11710) ;
#11735=AXIS2_PLACEMENT_3D('Plane Axis2P3D',#11732,#11733,#11734) ;
#11759=AXIS2_PLACEMENT_3D('Plane Axis2P3D',#11756,#11757,#11758) ;
#11783=AXIS2_PLACEMENT_3D('Plane Axis2P3D',#11780,#11781,#11782) ;
#11807=AXIS2_PLACEMENT_3D('Plane Axis2P3D',#11804,#11805,#11806) ;
#11831=AXIS2_PLACEMENT_3D('Plane Axis2P3D',#11828,#11829,#11830) ;
#11855=AXIS2_PLACEMENT_3D('Plane Axis2P3D',#11852,#11853,#11854) ;
#11879=AXIS2_PLACEMENT_3D('Plane Axis2P3D',#11876,#11877,#11878) ;
#11903=AXIS2_PLACEMENT_3D('Plane Axis2P3D',#11900,#11901,#11902) ;
#11927=AXIS2_PLACEMENT_3D('Plane Axis2P3D',#11924,#11925,#11926) ;
#11951=AXIS2_PLACEMENT_3D('Plane Axis2P3D',#11948,#11949,#11950) ;
#11975=AXIS2_PLACEMENT_3D('Plane Axis2P3D',#11972,#11973,#11974) ;
#11999=AXIS2_PLACEMENT_3D('Plane Axis2P3D',#11996,#11997,#11998) ;
#12023=AXIS2_PLACEMENT_3D('Plane Axis2P3D',#12020,#12021,#12022) ;
#12047=AXIS2_PLACEMENT_3D('Plane Axis2P3D',#12044,#12045,#12046) ;
#12071=AXIS2_PLACEMENT_3D('Plane Axis2P3D',#12068,#12069,#12070) ;
#12095=AXIS2_PLACEMENT_3D('Plane Axis2P3D',#12092,#12093,#12094) ;
#12119=AXIS2_PLACEMENT_3D('Plane Axis2P3D',#12116,#12117,#12118) ;
#12143=AXIS2_PLACEMENT_3D('Plane Axis2P3D',#12140,#12141,#12142) ;
#12167=AXIS2_PLACEMENT_3D('Plane Axis2P3D',#12164,#12165,#12166) ;
#12191=AXIS2_PLACEMENT_3D('Plane Axis2P3D',#12188,#12189,#12190) ;
#12215=AXIS2_PLACEMENT_3D('Plane Axis2P3D',#12212,#12213,#12214) ;
#12239=AXIS2_PLACEMENT_3D('Plane Axis2P3D',#12236,#12237,#12238) ;
#12263=AXIS2_PLACEMENT_3D('Plane Axis2P3D',#12260,#12261,#12262) ;
#12287=AXIS2_PLACEMENT_3D('Plane Axis2P3D',#12284,#12285,#12286) ;
#12311=AXIS2_PLACEMENT_3D('Plane Axis2P3D',#12308,#12309,#12310) ;
#12335=AXIS2_PLACEMENT_3D('Plane Axis2P3D',#12332,#12333,#12334) ;
#12359=AXIS2_PLACEMENT_3D('Plane Axis2P3D',#12356,#12357,#12358) ;
#12383=AXIS2_PLACEMENT_3D('Plane Axis2P3D',#12380,#12381,#12382) ;
#12407=AXIS2_PLACEMENT_3D('Plane Axis2P3D',#12404,#12405,#12406) ;
#12431=AXIS2_PLACEMENT_3D('Plane Axis2P3D',#12428,#12429,#12430) ;
#12455=AXIS2_PLACEMENT_3D('Plane Axis2P3D',#12452,#12453,#12454) ;
#12479=AXIS2_PLACEMENT_3D('Plane Axis2P3D',#12476,#12477,#12478) ;
#12503=AXIS2_PLACEMENT_3D('Plane Axis2P3D',#12500,#12501,#12502) ;
#12527=AXIS2_PLACEMENT_3D('Plane Axis2P3D',#12524,#12525,#12526) ;
#12551=AXIS2_PLACEMENT_3D('Plane Axis2P3D',#12548,#12549,#12550) ;
#12575=AXIS2_PLACEMENT_3D('Plane Axis2P3D',#12572,#12573,#12574) ;
#12599=AXIS2_PLACEMENT_3D('Plane Axis2P3D',#12596,#12597,#12598) ;
#12623=AXIS2_PLACEMENT_3D('Plane Axis2P3D',#12620,#12621,#12622) ;
#12647=AXIS2_PLACEMENT_3D('Plane Axis2P3D',#12644,#12645,#12646) ;
#12671=AXIS2_PLACEMENT_3D('Plane Axis2P3D',#12668,#12669,#12670) ;
#12695=AXIS2_PLACEMENT_3D('Plane Axis2P3D',#12692,#12693,#12694) ;
#12719=AXIS2_PLACEMENT_3D('Plane Axis2P3D',#12716,#12717,#12718) ;
#12743=AXIS2_PLACEMENT_3D('Plane Axis2P3D',#12740,#12741,#12742) ;
#12767=AXIS2_PLACEMENT_3D('Plane Axis2P3D',#12764,#12765,#12766) ;
#12791=AXIS2_PLACEMENT_3D('Plane Axis2P3D',#12788,#12789,#12790) ;
#12815=AXIS2_PLACEMENT_3D('Plane Axis2P3D',#12812,#12813,#12814) ;
#12839=AXIS2_PLACEMENT_3D('Plane Axis2P3D',#12836,#12837,#12838) ;
#12863=AXIS2_PLACEMENT_3D('Plane Axis2P3D',#12860,#12861,#12862) ;
#12887=AXIS2_PLACEMENT_3D('Plane Axis2P3D',#12884,#12885,#12886) ;
#12911=AXIS2_PLACEMENT_3D('Plane Axis2P3D',#12908,#12909,#12910) ;
#12935=AXIS2_PLACEMENT_3D('Plane Axis2P3D',#12932,#12933,#12934) ;
#12996=AXIS2_PLACEMENT_3D('Plane Axis2P3D',#12993,#12994,#12995) ;
#13025=AXIS2_PLACEMENT_3D('Plane Axis2P3D',#13022,#13023,#13024) ;
#13049=AXIS2_PLACEMENT_3D('Plane Axis2P3D',#13046,#13047,#13048) ;
#13073=AXIS2_PLACEMENT_3D('Plane Axis2P3D',#13070,#13071,#13072) ;
#13278=AXIS2_PLACEMENT_3D('Plane Axis2P3D',#13275,#13276,#13277) ;
#13307=AXIS2_PLACEMENT_3D('Plane Axis2P3D',#13304,#13305,#13306) ;
#13331=AXIS2_PLACEMENT_3D('Plane Axis2P3D',#13328,#13329,#13330) ;
#13355=AXIS2_PLACEMENT_3D('Plane Axis2P3D',#13352,#13353,#13354) ;
#13379=AXIS2_PLACEMENT_3D('Plane Axis2P3D',#13376,#13377,#13378) ;
#13403=AXIS2_PLACEMENT_3D('Plane Axis2P3D',#13400,#13401,#13402) ;
#13427=AXIS2_PLACEMENT_3D('Plane Axis2P3D',#13424,#13425,#13426) ;
#13451=AXIS2_PLACEMENT_3D('Plane Axis2P3D',#13448,#13449,#13450) ;
#13475=AXIS2_PLACEMENT_3D('Plane Axis2P3D',#13472,#13473,#13474) ;
#13499=AXIS2_PLACEMENT_3D('Plane Axis2P3D',#13496,#13497,#13498) ;
#13523=AXIS2_PLACEMENT_3D('Plane Axis2P3D',#13520,#13521,#13522) ;
#13547=AXIS2_PLACEMENT_3D('Plane Axis2P3D',#13544,#13545,#13546) ;
#13571=AXIS2_PLACEMENT_3D('Plane Axis2P3D',#13568,#13569,#13570) ;
#13595=AXIS2_PLACEMENT_3D('Plane Axis2P3D',#13592,#13593,#13594) ;
#13619=AXIS2_PLACEMENT_3D('Plane Axis2P3D',#13616,#13617,#13618) ;
#13643=AXIS2_PLACEMENT_3D('Plane Axis2P3D',#13640,#13641,#13642) ;
#13667=AXIS2_PLACEMENT_3D('Plane Axis2P3D',#13664,#13665,#13666) ;
#13691=AXIS2_PLACEMENT_3D('Plane Axis2P3D',#13688,#13689,#13690) ;
#13715=AXIS2_PLACEMENT_3D('Plane Axis2P3D',#13712,#13713,#13714) ;
#13739=AXIS2_PLACEMENT_3D('Plane Axis2P3D',#13736,#13737,#13738) ;
#13763=AXIS2_PLACEMENT_3D('Plane Axis2P3D',#13760,#13761,#13762) ;
#13787=AXIS2_PLACEMENT_3D('Plane Axis2P3D',#13784,#13785,#13786) ;
#13992=AXIS2_PLACEMENT_3D('Plane Axis2P3D',#13989,#13990,#13991) ;
#14021=AXIS2_PLACEMENT_3D('Plane Axis2P3D',#14018,#14019,#14020) ;
#14045=AXIS2_PLACEMENT_3D('Plane Axis2P3D',#14042,#14043,#14044) ;
#14069=AXIS2_PLACEMENT_3D('Plane Axis2P3D',#14066,#14067,#14068) ;
#14093=AXIS2_PLACEMENT_3D('Plane Axis2P3D',#14090,#14091,#14092) ;
#14117=AXIS2_PLACEMENT_3D('Plane Axis2P3D',#14114,#14115,#14116) ;
#14141=AXIS2_PLACEMENT_3D('Plane Axis2P3D',#14138,#14139,#14140) ;
#14165=AXIS2_PLACEMENT_3D('Plane Axis2P3D',#14162,#14163,#14164) ;
#14189=AXIS2_PLACEMENT_3D('Plane Axis2P3D',#14186,#14187,#14188) ;
#14213=AXIS2_PLACEMENT_3D('Plane Axis2P3D',#14210,#14211,#14212) ;
#14237=AXIS2_PLACEMENT_3D('Plane Axis2P3D',#14234,#14235,#14236) ;
#14261=AXIS2_PLACEMENT_3D('Plane Axis2P3D',#14258,#14259,#14260) ;
#14285=AXIS2_PLACEMENT_3D('Plane Axis2P3D',#14282,#14283,#14284) ;
#14309=AXIS2_PLACEMENT_3D('Plane Axis2P3D',#14306,#14307,#14308) ;
#14333=AXIS2_PLACEMENT_3D('Plane Axis2P3D',#14330,#14331,#14332) ;
#14357=AXIS2_PLACEMENT_3D('Plane Axis2P3D',#14354,#14355,#14356) ;
#14381=AXIS2_PLACEMENT_3D('Plane Axis2P3D',#14378,#14379,#14380) ;
#14405=AXIS2_PLACEMENT_3D('Plane Axis2P3D',#14402,#14403,#14404) ;
#14429=AXIS2_PLACEMENT_3D('Plane Axis2P3D',#14426,#14427,#14428) ;
#14453=AXIS2_PLACEMENT_3D('Plane Axis2P3D',#14450,#14451,#14452) ;
#14477=AXIS2_PLACEMENT_3D('Plane Axis2P3D',#14474,#14475,#14476) ;
#14501=AXIS2_PLACEMENT_3D('Plane Axis2P3D',#14498,#14499,#14500) ;
#14802=AXIS2_PLACEMENT_3D('Plane Axis2P3D',#14799,#14800,#14801) ;
#14831=AXIS2_PLACEMENT_3D('Plane Axis2P3D',#14828,#14829,#14830) ;
#14855=AXIS2_PLACEMENT_3D('Plane Axis2P3D',#14852,#14853,#14854) ;
#14879=AXIS2_PLACEMENT_3D('Plane Axis2P3D',#14876,#14877,#14878) ;
#14903=AXIS2_PLACEMENT_3D('Plane Axis2P3D',#14900,#14901,#14902) ;
#14927=AXIS2_PLACEMENT_3D('Plane Axis2P3D',#14924,#14925,#14926) ;
#14951=AXIS2_PLACEMENT_3D('Plane Axis2P3D',#14948,#14949,#14950) ;
#14975=AXIS2_PLACEMENT_3D('Plane Axis2P3D',#14972,#14973,#14974) ;
#14999=AXIS2_PLACEMENT_3D('Plane Axis2P3D',#14996,#14997,#14998) ;
#15023=AXIS2_PLACEMENT_3D('Plane Axis2P3D',#15020,#15021,#15022) ;
#15047=AXIS2_PLACEMENT_3D('Plane Axis2P3D',#15044,#15045,#15046) ;
#15071=AXIS2_PLACEMENT_3D('Plane Axis2P3D',#15068,#15069,#15070) ;
#15095=AXIS2_PLACEMENT_3D('Plane Axis2P3D',#15092,#15093,#15094) ;
#15119=AXIS2_PLACEMENT_3D('Plane Axis2P3D',#15116,#15117,#15118) ;
#15143=AXIS2_PLACEMENT_3D('Plane Axis2P3D',#15140,#15141,#15142) ;
#15167=AXIS2_PLACEMENT_3D('Plane Axis2P3D',#15164,#15165,#15166) ;
#15191=AXIS2_PLACEMENT_3D('Plane Axis2P3D',#15188,#15189,#15190) ;
#15215=AXIS2_PLACEMENT_3D('Plane Axis2P3D',#15212,#15213,#15214) ;
#15239=AXIS2_PLACEMENT_3D('Plane Axis2P3D',#15236,#15237,#15238) ;
#15263=AXIS2_PLACEMENT_3D('Plane Axis2P3D',#15260,#15261,#15262) ;
#15287=AXIS2_PLACEMENT_3D('Plane Axis2P3D',#15284,#15285,#15286) ;
#15311=AXIS2_PLACEMENT_3D('Plane Axis2P3D',#15308,#15309,#15310) ;
#15335=AXIS2_PLACEMENT_3D('Plane Axis2P3D',#15332,#15333,#15334) ;
#15359=AXIS2_PLACEMENT_3D('Plane Axis2P3D',#15356,#15357,#15358) ;
#15383=AXIS2_PLACEMENT_3D('Plane Axis2P3D',#15380,#15381,#15382) ;
#15407=AXIS2_PLACEMENT_3D('Plane Axis2P3D',#15404,#15405,#15406) ;
#15431=AXIS2_PLACEMENT_3D('Plane Axis2P3D',#15428,#15429,#15430) ;
#15455=AXIS2_PLACEMENT_3D('Plane Axis2P3D',#15452,#15453,#15454) ;
#15479=AXIS2_PLACEMENT_3D('Plane Axis2P3D',#15476,#15477,#15478) ;
#15503=AXIS2_PLACEMENT_3D('Plane Axis2P3D',#15500,#15501,#15502) ;
#15527=AXIS2_PLACEMENT_3D('Plane Axis2P3D',#15524,#15525,#15526) ;
#15551=AXIS2_PLACEMENT_3D('Plane Axis2P3D',#15548,#15549,#15550) ;
#15575=AXIS2_PLACEMENT_3D('Plane Axis2P3D',#15572,#15573,#15574) ;
#15599=AXIS2_PLACEMENT_3D('Plane Axis2P3D',#15596,#15597,#15598) ;
#15708=AXIS2_PLACEMENT_3D('Plane Axis2P3D',#15705,#15706,#15707) ;
#15737=AXIS2_PLACEMENT_3D('Plane Axis2P3D',#15734,#15735,#15736) ;
#15780=AXIS2_PLACEMENT_3D('Plane Axis2P3D',#15777,#15778,#15779) ;
#15823=AXIS2_PLACEMENT_3D('Plane Axis2P3D',#15820,#15821,#15822) ;
#15866=AXIS2_PLACEMENT_3D('Plane Axis2P3D',#15863,#15864,#15865) ;
#15909=AXIS2_PLACEMENT_3D('Plane Axis2P3D',#15906,#15907,#15908) ;
#15927=AXIS2_PLACEMENT_3D('Circle Axis2P3D',#15925,#15926,$) ;
#15936=AXIS2_PLACEMENT_3D('Circle Axis2P3D',#15934,#15935,$) ;
#15945=AXIS2_PLACEMENT_3D('Circle Axis2P3D',#15943,#15944,$) ;
#15954=AXIS2_PLACEMENT_3D('Circle Axis2P3D',#15952,#15953,$) ;
#15963=AXIS2_PLACEMENT_3D('Circle Axis2P3D',#15961,#15962,$) ;
#15972=AXIS2_PLACEMENT_3D('Circle Axis2P3D',#15970,#15971,$) ;
#15981=AXIS2_PLACEMENT_3D('Circle Axis2P3D',#15979,#15980,$) ;
#15990=AXIS2_PLACEMENT_3D('Circle Axis2P3D',#15988,#15989,$) ;
#15999=AXIS2_PLACEMENT_3D('Circle Axis2P3D',#15997,#15998,$) ;
#16008=AXIS2_PLACEMENT_3D('Circle Axis2P3D',#16006,#16007,$) ;
#16017=AXIS2_PLACEMENT_3D('Circle Axis2P3D',#16015,#16016,$) ;
#16026=AXIS2_PLACEMENT_3D('Circle Axis2P3D',#16024,#16025,$) ;
#16035=AXIS2_PLACEMENT_3D('Circle Axis2P3D',#16033,#16034,$) ;
#16044=AXIS2_PLACEMENT_3D('Circle Axis2P3D',#16042,#16043,$) ;
#16053=AXIS2_PLACEMENT_3D('Circle Axis2P3D',#16051,#16052,$) ;
#16062=AXIS2_PLACEMENT_3D('Circle Axis2P3D',#16060,#16061,$) ;
#16071=AXIS2_PLACEMENT_3D('Circle Axis2P3D',#16069,#16070,$) ;
#16080=AXIS2_PLACEMENT_3D('Circle Axis2P3D',#16078,#16079,$) ;
#16089=AXIS2_PLACEMENT_3D('Circle Axis2P3D',#16087,#16088,$) ;
#16098=AXIS2_PLACEMENT_3D('Circle Axis2P3D',#16096,#16097,$) ;
#16116=AXIS2_PLACEMENT_3D('Cylinder Axis2P3D',#16113,#16114,#16115) ;
#16159=AXIS2_PLACEMENT_3D('Cylinder Axis2P3D',#16156,#16157,#16158) ;
#16202=AXIS2_PLACEMENT_3D('Cylinder Axis2P3D',#16199,#16200,#16201) ;
#16245=AXIS2_PLACEMENT_3D('Cylinder Axis2P3D',#16242,#16243,#16244) ;
#16288=AXIS2_PLACEMENT_3D('Cylinder Axis2P3D',#16285,#16286,#16287) ;
#16331=AXIS2_PLACEMENT_3D('Cylinder Axis2P3D',#16328,#16329,#16330) ;
#16374=AXIS2_PLACEMENT_3D('Cylinder Axis2P3D',#16371,#16372,#16373) ;
#16417=AXIS2_PLACEMENT_3D('Cylinder Axis2P3D',#16414,#16415,#16416) ;
#16460=AXIS2_PLACEMENT_3D('Cylinder Axis2P3D',#16457,#16458,#16459) ;
#16503=AXIS2_PLACEMENT_3D('Cylinder Axis2P3D',#16500,#16501,#16502) ;
#21=CARTESIAN_POINT(' ',(0.,0.,0.)) ;
#35=CARTESIAN_POINT('Axis2P3D Location',(12.5000000001,0.,1.61606299213)) ;
#40=CARTESIAN_POINT('Line Origine',(11.9515108989,0.299640961629,0.810000000003)) ;
#44=CARTESIAN_POINT('Vertex',(11.9515108989,0.299640961629,2.79741234551E-016)) ;
#46=CARTESIAN_POINT('Vertex',(11.9515108989,0.299640961629,1.62000000001)) ;
#49=CARTESIAN_POINT('Axis2P3D Location',(12.5000000001,0.,0.)) ;
#53=CARTESIAN_POINT('Vertex',(13.0484891012,-0.299640961629,2.79741234551E-016)) ;
#56=CARTESIAN_POINT('Line Origine',(13.0484891012,-0.299640961629,0.810000000003)) ;
#60=CARTESIAN_POINT('Vertex',(13.0484891012,-0.299640961629,1.62000000001)) ;
#63=CARTESIAN_POINT('Axis2P3D Location',(12.5000000001,0.,1.62000000001)) ;
#75=CARTESIAN_POINT('Axis2P3D Location',(12.5000000001,0.,0.)) ;
#80=CARTESIAN_POINT('Axis2P3D Location',(12.5000000001,0.,1.62000000001)) ;
#92=CARTESIAN_POINT('Axis2P3D Location',(0.,0.,2.77875000001)) ;
#97=CARTESIAN_POINT('Axis2P3D Location',(0.,0.,1.67844740731E-015)) ;
#101=CARTESIAN_POINT('Vertex',(-6.59210115583,-12.066760226,1.67844740731E-015)) ;
#103=CARTESIAN_POINT('Vertex',(6.59210115583,12.066760226,1.67844740731E-015)) ;
#106=CARTESIAN_POINT('Line Origine',(-6.59210115583,-12.066760226,0.810000000003)) ;
#110=CARTESIAN_POINT('Vertex',(-6.59210115583,-12.066760226,1.62000000001)) ;
#113=CARTESIAN_POINT('Axis2P3D Location',(0.,0.,1.62000000001)) ;
#117=CARTESIAN_POINT('Vertex',(6.59210115583,12.066760226,1.62000000001)) ;
#120=CARTESIAN_POINT('Line Origine',(6.59210115583,12.066760226,0.810000000003)) ;
#132=CARTESIAN_POINT('Axis2P3D Location',(0.,0.,1.67844740731E-015)) ;
#137=CARTESIAN_POINT('Axis2P3D Location',(0.,0.,1.62000000001)) ;
#149=CARTESIAN_POINT('Axis2P3D Location',(0.,0.,1.74000000001)) ;
#154=CARTESIAN_POINT('Axis2P3D Location',(0.,0.,1.62000000001)) ;
#158=CARTESIAN_POINT('Vertex',(5.31661411915,9.73199686619,1.62000000001)) ;
#160=CARTESIAN_POINT('Vertex',(-5.31661411915,-9.73199686619,1.62000000001)) ;
#163=CARTESIAN_POINT('Axis2P3D Location',(5.31661411915,9.73199686619,1.74000000001)) ;
#167=CARTESIAN_POINT('Vertex',(5.2614621633,9.63104188818,1.70584807208)) ;
#170=CARTESIAN_POINT('Axis2P3D Location',(0.,0.,1.70584807208)) ;
#174=CARTESIAN_POINT('Vertex',(-5.2614621633,-9.63104188818,1.70584807208)) ;
#177=CARTESIAN_POINT('Axis2P3D Location',(-5.31661411915,-9.73199686619,1.74000000001)) ;
#189=CARTESIAN_POINT('Axis2P3D Location',(0.,0.,1.62000000001)) ;
#194=CARTESIAN_POINT('Axis2P3D Location',(0.,0.,1.70584807208)) ;
#206=CARTESIAN_POINT('Axis2P3D Location',(0.,0.,4.98840674459)) ;
#211=CARTESIAN_POINT('Line Origine',(5.02785877468,9.20343375356,3.34712740834)) ;
#215=CARTESIAN_POINT('Vertex',(4.79425538606,8.77582561894,4.98840674459)) ;
#218=CARTESIAN_POINT('Axis2P3D Location',(0.,0.,4.98840674459)) ;
#222=CARTESIAN_POINT('Vertex',(-4.79425538606,-8.77582561894,4.98840674459)) ;
#225=CARTESIAN_POINT('Line Origine',(-5.02785877468,-9.20343375356,3.34712740834)) ;
#237=CARTESIAN_POINT('Axis2P3D Location',(0.,0.,4.98840674459)) ;
#249=CARTESIAN_POINT('Axis2P3D Location',(0.,0.,2.77875000001)) ;
#254=CARTESIAN_POINT('Line Origine',(-4.79425538606,-8.77582561894,5.10651698081)) ;
#258=CARTESIAN_POINT('Vertex',(-4.79425538606,-8.77582561894,5.22462721703)) ;
#261=CARTESIAN_POINT('Line Origine',(4.79425538606,8.77582561894,5.10651698081)) ;
#265=CARTESIAN_POINT('Vertex',(4.79425538606,8.77582561894,5.22462721703)) ;
#268=CARTESIAN_POINT('Axis2P3D Location',(0.,0.,5.22462721703)) ;
#272=CARTESIAN_POINT('Vertex',(4.79425538606,-8.77582561894,5.22462721703)) ;
#275=CARTESIAN_POINT('Axis2P3D Location',(0.,0.,5.22462721703)) ;
#288=CARTESIAN_POINT('Axis2P3D Location',(0.,0.,5.22462721703)) ;
#292=CARTESIAN_POINT('Vertex',(-4.79425538606,8.77582561894,5.22462721703)) ;
#295=CARTESIAN_POINT('Axis2P3D Location',(0.,0.,5.22462721703)) ;
#308=CARTESIAN_POINT('Axis2P3D Location',(0.,0.,5.62000000002)) ;
#313=CARTESIAN_POINT('Line Origine',(4.6707410223,-8.54973409262,5.42231360853)) ;
#317=CARTESIAN_POINT('Vertex',(4.54722665854,-8.3236425663,5.62000000002)) ;
#320=CARTESIAN_POINT('Axis2P3D Location',(0.,0.,5.62000000002)) ;
#324=CARTESIAN_POINT('Vertex',(-4.54722665854,8.3236425663,5.62000000002)) ;
#327=CARTESIAN_POINT('Line Origine',(-4.6707410223,8.54973409262,5.42231360853)) ;
#340=CARTESIAN_POINT('Axis2P3D Location',(0.,0.,2.77875000001)) ;
#345=CARTESIAN_POINT('Axis2P3D Location',(0.,0.,5.62000000002)) ;
#349=CARTESIAN_POINT('Vertex',(4.50947661613,8.25454157717,5.62000000002)) ;
#351=CARTESIAN_POINT('Vertex',(-4.50947661613,-8.25454157717,5.62000000002)) ;
#354=CARTESIAN_POINT('Line Origine',(4.50947661613,8.25454157717,2.77875000001)) ;
#358=CARTESIAN_POINT('Vertex',(4.50947661613,8.25454157717,-0.0625000000003)) ;
#361=CARTESIAN_POINT('Axis2P3D Location',(0.,0.,-0.0625000000003)) ;
#365=CARTESIAN_POINT('Vertex',(-4.50947661613,-8.25454157717,-0.0625000000003)) ;
#368=CARTESIAN_POINT('Line Origine',(-4.50947661613,-8.25454157717,2.77875000001)) ;
#380=CARTESIAN_POINT('Axis2P3D Location',(0.,0.,5.62000000002)) ;
#385=CARTESIAN_POINT('Axis2P3D Location',(0.,0.,-0.0625000000003)) ;
#397=CARTESIAN_POINT('Axis2P3D Location',(0.,9.40600000004,-0.0625000000003)) ;
#402=CARTESIAN_POINT('Axis2P3D Location',(0.,0.,-0.0625000000003)) ;
#406=CARTESIAN_POINT('Vertex',(-5.51339369397,-10.0921994618,-0.0625000000002)) ;
#408=CARTESIAN_POINT('Vertex',(5.51339369397,10.0921994618,-0.0625000000002)) ;
#411=CARTESIAN_POINT('Axis2P3D Location',(0.,0.,-0.0625000000003)) ;
#425=CARTESIAN_POINT('Axis2P3D Location',(0.,10.,5.62000000002)) ;
#430=CARTESIAN_POINT('Axis2P3D Location',(0.,0.,5.62000000002)) ;
#452=CARTESIAN_POINT('Axis2P3D Location',(0.,0.,2.77875000001)) ;
#457=CARTESIAN_POINT('Line Origine',(-5.51339369397,-10.0921994618,-0.0312500000001)) ;
#461=CARTESIAN_POINT('Vertex',(-5.51339369397,-10.0921994618,1.67844740731E-015)) ;
#464=CARTESIAN_POINT('Axis2P3D Location',(0.,0.,1.67844740731E-015)) ;
#468=CARTESIAN_POINT('Vertex',(5.51339369397,10.0921994618,1.67844740731E-015)) ;
#471=CARTESIAN_POINT('Line Origine',(5.51339369397,10.0921994618,-0.0312500000001)) ;
#483=CARTESIAN_POINT('Axis2P3D Location',(0.,0.,1.67844740731E-015)) ;
#495=CARTESIAN_POINT('Axis2P3D Location',(0.,11.5,0.)) ;
#512=CARTESIAN_POINT('Axis2P3D Location',(11.8882064537,-3.8627124297,0.)) ;
#516=CARTESIAN_POINT('Vertex',(11.4591564693,-3.4082444871,0.)) ;
#518=CARTESIAN_POINT('Vertex',(12.3172564382,-4.3171803723,2.79741234551E-016)) ;
#521=CARTESIAN_POINT('Axis2P3D Location',(11.8882064537,-3.8627124297,0.)) ;
#530=CARTESIAN_POINT('Axis2P3D Location',(10.1127124297,-7.34731565369,0.)) ;
#534=CARTESIAN_POINT('Vertex',(9.84509996387,-6.7825072188,0.)) ;
#536=CARTESIAN_POINT('Vertex',(10.3803248956,-7.91212408857,-1.67844740731E-015)) ;
#539=CARTESIAN_POINT('Axis2P3D Location',(10.1127124297,-7.34731565369,0.)) ;
#548=CARTESIAN_POINT('Axis2P3D Location',(7.34731565369,-10.1127124297,0.)) ;
#552=CARTESIAN_POINT('Vertex',(7.26733647913,-9.49285088741,0.)) ;
#554=CARTESIAN_POINT('Vertex',(7.42729482824,-10.732573972,2.79741234551E-016)) ;
#557=CARTESIAN_POINT('Axis2P3D Location',(7.34731565369,-10.1127124297,0.)) ;
#566=CARTESIAN_POINT('Axis2P3D Location',(3.8627124297,-11.8882064537,0.)) ;
#570=CARTESIAN_POINT('Vertex',(3.97819546531,-11.2739681706,0.)) ;
#572=CARTESIAN_POINT('Vertex',(3.74722939409,-12.5024447369,2.79741234551E-016)) ;
#575=CARTESIAN_POINT('Axis2P3D Location',(3.8627124297,-11.8882064537,0.)) ;
#584=CARTESIAN_POINT('Axis2P3D Location',(1.46864148139E-015,-12.5000000001,0.)) ;
#588=CARTESIAN_POINT('Vertex',(0.299640961629,-11.9515108989,0.)) ;
#590=CARTESIAN_POINT('Vertex',(-0.299640961629,-13.0484891012,2.79741234551E-016)) ;
#593=CARTESIAN_POINT('Axis2P3D Location',(1.39870617276E-015,-12.5000000001,0.)) ;
#602=CARTESIAN_POINT('Axis2P3D Location',(-3.8627124297,-11.8882064537,0.)) ;
#606=CARTESIAN_POINT('Vertex',(-3.4082444871,-11.4591564693,0.)) ;
#608=CARTESIAN_POINT('Vertex',(-4.3171803723,-12.3172564382,2.79741234551E-016)) ;
#611=CARTESIAN_POINT('Axis2P3D Location',(-3.8627124297,-11.8882064537,0.)) ;
#620=CARTESIAN_POINT('Axis2P3D Location',(-7.34731565369,-10.1127124297,0.)) ;
#624=CARTESIAN_POINT('Vertex',(-6.7825072188,-9.84509996387,0.)) ;
#626=CARTESIAN_POINT('Vertex',(-7.91212408857,-10.3803248956,2.79741234551E-016)) ;
#629=CARTESIAN_POINT('Axis2P3D Location',(-7.34731565369,-10.1127124297,0.)) ;
#638=CARTESIAN_POINT('Axis2P3D Location',(-10.1127124297,-7.34731565369,0.)) ;
#642=CARTESIAN_POINT('Vertex',(-9.49285088741,-7.26733647913,0.)) ;
#644=CARTESIAN_POINT('Vertex',(-10.732573972,-7.42729482824,2.79741234551E-016)) ;
#647=CARTESIAN_POINT('Axis2P3D Location',(-10.1127124297,-7.34731565369,0.)) ;
#656=CARTESIAN_POINT('Axis2P3D Location',(-11.8882064537,-3.8627124297,0.)) ;
#660=CARTESIAN_POINT('Vertex',(-11.2739681706,-3.97819546531,0.)) ;
#662=CARTESIAN_POINT('Vertex',(-12.5024447369,-3.74722939409,2.79741234551E-016)) ;
#665=CARTESIAN_POINT('Axis2P3D Location',(-11.8882064537,-3.8627124297,0.)) ;
#674=CARTESIAN_POINT('Axis2P3D Location',(-12.5000000001,-6.71378962923E-015,0.)) ;
#678=CARTESIAN_POINT('Vertex',(-11.9515108989,-0.299640961629,0.)) ;
#680=CARTESIAN_POINT('Vertex',(-13.0484891012,0.299640961629,2.79741234551E-016)) ;
#683=CARTESIAN_POINT('Axis2P3D Location',(-12.5000000001,-6.71378962923E-015,0.)) ;
#692=CARTESIAN_POINT('Axis2P3D Location',(-11.8882064537,3.8627124297,0.)) ;
#696=CARTESIAN_POINT('Vertex',(-11.4591564693,3.4082444871,0.)) ;
#698=CARTESIAN_POINT('Vertex',(-12.3172564382,4.3171803723,2.79741234551E-016)) ;
#701=CARTESIAN_POINT('Axis2P3D Location',(-11.8882064537,3.8627124297,0.)) ;
#710=CARTESIAN_POINT('Axis2P3D Location',(-10.1127124297,7.34731565369,0.)) ;
#714=CARTESIAN_POINT('Vertex',(-9.84509996387,6.7825072188,0.)) ;
#716=CARTESIAN_POINT('Vertex',(-10.3803248956,7.91212408857,-1.67844740731E-015)) ;
#719=CARTESIAN_POINT('Axis2P3D Location',(-10.1127124297,7.34731565369,0.)) ;
#728=CARTESIAN_POINT('Axis2P3D Location',(-7.34731565369,10.1127124297,0.)) ;
#732=CARTESIAN_POINT('Vertex',(-7.26733647913,9.49285088741,0.)) ;
#734=CARTESIAN_POINT('Vertex',(-7.42729482824,10.732573972,2.79741234551E-016)) ;
#737=CARTESIAN_POINT('Axis2P3D Location',(-7.34731565369,10.1127124297,0.)) ;
#746=CARTESIAN_POINT('Axis2P3D Location',(-3.8627124297,11.8882064537,0.)) ;
#750=CARTESIAN_POINT('Vertex',(-3.97819546531,11.2739681706,0.)) ;
#752=CARTESIAN_POINT('Vertex',(-3.74722939409,12.5024447369,-1.67844740731E-015)) ;
#755=CARTESIAN_POINT('Axis2P3D Location',(-3.8627124297,11.8882064537,0.)) ;
#764=CARTESIAN_POINT('Axis2P3D Location',(-1.43367382708E-014,12.5000000001,0.)) ;
#768=CARTESIAN_POINT('Vertex',(-0.299640961629,11.9515108989,0.)) ;
#770=CARTESIAN_POINT('Vertex',(0.299640961629,13.0484891012,2.79741234551E-016)) ;
#773=CARTESIAN_POINT('Axis2P3D Location',(-1.25184202462E-014,12.5000000001,0.)) ;
#782=CARTESIAN_POINT('Axis2P3D Location',(3.8627124297,11.8882064537,0.)) ;
#786=CARTESIAN_POINT('Vertex',(3.4082444871,11.4591564693,0.)) ;
#788=CARTESIAN_POINT('Vertex',(4.3171803723,12.3172564382,-1.67844740731E-015)) ;
#791=CARTESIAN_POINT('Axis2P3D Location',(3.8627124297,11.8882064537,0.)) ;
#800=CARTESIAN_POINT('Axis2P3D Location',(7.34731565369,10.1127124297,0.)) ;
#804=CARTESIAN_POINT('Vertex',(6.7825072188,9.84509996387,0.)) ;
#806=CARTESIAN_POINT('Vertex',(7.91212408857,10.3803248956,2.79741234551E-016)) ;
#809=CARTESIAN_POINT('Axis2P3D Location',(7.34731565369,10.1127124297,0.)) ;
#818=CARTESIAN_POINT('Axis2P3D Location',(10.1127124297,7.34731565369,0.)) ;
#822=CARTESIAN_POINT('Vertex',(9.49285088741,7.26733647913,0.)) ;
#824=CARTESIAN_POINT('Vertex',(10.732573972,7.42729482824,2.79741234551E-016)) ;
#827=CARTESIAN_POINT('Axis2P3D Location',(10.1127124297,7.34731565369,0.)) ;
#836=CARTESIAN_POINT('Axis2P3D Location',(11.8882064537,3.8627124297,0.)) ;
#840=CARTESIAN_POINT('Vertex',(11.2739681706,3.97819546531,0.)) ;
#842=CARTESIAN_POINT('Vertex',(12.5024447369,3.74722939409,-1.67844740731E-015)) ;
#845=CARTESIAN_POINT('Axis2P3D Location',(11.8882064537,3.8627124297,0.)) ;
#855=CARTESIAN_POINT('Axis2P3D Location',(-11.8882064537,3.8627124297,1.61606299213)) ;
#860=CARTESIAN_POINT('Line Origine',(-11.4591564693,3.4082444871,0.810000000003)) ;
#864=CARTESIAN_POINT('Vertex',(-11.4591564693,3.4082444871,1.62000000001)) ;
#867=CARTESIAN_POINT('Line Origine',(-12.3172564382,4.3171803723,0.810000000003)) ;
#871=CARTESIAN_POINT('Vertex',(-12.3172564382,4.3171803723,1.62000000001)) ;
#874=CARTESIAN_POINT('Axis2P3D Location',(-11.8882064537,3.8627124297,1.62000000001)) ;
#886=CARTESIAN_POINT('Axis2P3D Location',(-11.8882064537,3.8627124297,1.62000000001)) ;
#898=CARTESIAN_POINT('Axis2P3D Location',(10.1127124297,-7.34731565369,1.61606299213)) ;
#903=CARTESIAN_POINT('Line Origine',(9.84509996387,-6.7825072188,0.810000000003)) ;
#907=CARTESIAN_POINT('Vertex',(9.84509996387,-6.7825072188,1.62000000001)) ;
#910=CARTESIAN_POINT('Line Origine',(10.3803248956,-7.91212408857,0.810000000003)) ;
#914=CARTESIAN_POINT('Vertex',(10.3803248956,-7.91212408857,1.62000000001)) ;
#917=CARTESIAN_POINT('Axis2P3D Location',(10.1127124297,-7.34731565369,1.62000000001)) ;
#929=CARTESIAN_POINT('Axis2P3D Location',(10.1127124297,-7.34731565369,1.62000000001)) ;
#941=CARTESIAN_POINT('Axis2P3D Location',(-10.1127124297,7.34731565369,1.61606299213)) ;
#946=CARTESIAN_POINT('Line Origine',(-9.84509996387,6.7825072188,0.810000000003)) ;
#950=CARTESIAN_POINT('Vertex',(-9.84509996387,6.7825072188,1.62000000001)) ;
#953=CARTESIAN_POINT('Line Origine',(-10.3803248956,7.91212408857,0.810000000003)) ;
#957=CARTESIAN_POINT('Vertex',(-10.3803248956,7.91212408857,1.62000000001)) ;
#960=CARTESIAN_POINT('Axis2P3D Location',(-10.1127124297,7.34731565369,1.62000000001)) ;
#972=CARTESIAN_POINT('Axis2P3D Location',(-10.1127124297,7.34731565369,1.62000000001)) ;
#984=CARTESIAN_POINT('Axis2P3D Location',(7.34731565369,-10.1127124297,1.61606299213)) ;
#989=CARTESIAN_POINT('Line Origine',(7.26733647913,-9.49285088741,0.810000000003)) ;
#993=CARTESIAN_POINT('Vertex',(7.26733647913,-9.49285088741,1.62000000001)) ;
#996=CARTESIAN_POINT('Line Origine',(7.42729482824,-10.732573972,0.810000000003)) ;
#1000=CARTESIAN_POINT('Vertex',(7.42729482824,-10.732573972,1.62000000001)) ;
#1003=CARTESIAN_POINT('Axis2P3D Location',(7.34731565369,-10.1127124297,1.62000000001)) ;
#1015=CARTESIAN_POINT('Axis2P3D Location',(7.34731565369,-10.1127124297,1.62000000001)) ;
#1027=CARTESIAN_POINT('Axis2P3D Location',(-7.34731565369,10.1127124297,1.61606299213)) ;
#1032=CARTESIAN_POINT('Line Origine',(-7.26733647913,9.49285088741,0.810000000003)) ;
#1036=CARTESIAN_POINT('Vertex',(-7.26733647913,9.49285088741,1.62000000001)) ;
#1039=CARTESIAN_POINT('Line Origine',(-7.42729482824,10.732573972,0.810000000003)) ;
#1043=CARTESIAN_POINT('Vertex',(-7.42729482824,10.732573972,1.62000000001)) ;
#1046=CARTESIAN_POINT('Axis2P3D Location',(-7.34731565369,10.1127124297,1.62000000001)) ;
#1058=CARTESIAN_POINT('Axis2P3D Location',(-7.34731565369,10.1127124297,1.62000000001)) ;
#1070=CARTESIAN_POINT('Axis2P3D Location',(3.8627124297,-11.8882064537,1.61606299213)) ;
#1075=CARTESIAN_POINT('Line Origine',(3.97819546531,-11.2739681706,0.810000000003)) ;
#1079=CARTESIAN_POINT('Vertex',(3.97819546531,-11.2739681706,1.62000000001)) ;
#1082=CARTESIAN_POINT('Line Origine',(3.74722939409,-12.5024447369,0.810000000003)) ;
#1086=CARTESIAN_POINT('Vertex',(3.74722939409,-12.5024447369,1.62000000001)) ;
#1089=CARTESIAN_POINT('Axis2P3D Location',(3.8627124297,-11.8882064537,1.62000000001)) ;
#1101=CARTESIAN_POINT('Axis2P3D Location',(3.8627124297,-11.8882064537,1.62000000001)) ;
#1113=CARTESIAN_POINT('Axis2P3D Location',(-3.8627124297,11.8882064537,1.61606299213)) ;
#1118=CARTESIAN_POINT('Line Origine',(-3.97819546531,11.2739681706,0.810000000003)) ;
#1122=CARTESIAN_POINT('Vertex',(-3.97819546531,11.2739681706,1.62000000001)) ;
#1125=CARTESIAN_POINT('Line Origine',(-3.74722939409,12.5024447369,0.810000000003)) ;
#1129=CARTESIAN_POINT('Vertex',(-3.74722939409,12.5024447369,1.62000000001)) ;
#1132=CARTESIAN_POINT('Axis2P3D Location',(-3.8627124297,11.8882064537,1.62000000001)) ;
#1144=CARTESIAN_POINT('Axis2P3D Location',(-3.8627124297,11.8882064537,1.62000000001)) ;
#1156=CARTESIAN_POINT('Axis2P3D Location',(1.30303193463E-015,-12.5000000001,1.61606299213)) ;
#1161=CARTESIAN_POINT('Line Origine',(0.299640961629,-11.9515108989,0.810000000003)) ;
#1165=CARTESIAN_POINT('Vertex',(0.299640961629,-11.9515108989,1.62000000001)) ;
#1168=CARTESIAN_POINT('Line Origine',(-0.299640961629,-13.0484891012,0.810000000003)) ;
#1172=CARTESIAN_POINT('Vertex',(-0.299640961629,-13.0484891012,1.62000000001)) ;
#1175=CARTESIAN_POINT('Axis2P3D Location',(1.30303193463E-015,-12.5000000001,1.62000000001)) ;
#1187=CARTESIAN_POINT('Axis2P3D Location',(1.30303193463E-015,-12.5000000001,1.62000000001)) ;
#1199=CARTESIAN_POINT('Axis2P3D Location',(-1.33984429947E-014,12.5000000001,1.61606299213)) ;
#1204=CARTESIAN_POINT('Line Origine',(-0.299640961629,11.9515108989,0.810000000003)) ;
#1208=CARTESIAN_POINT('Vertex',(-0.299640961629,11.9515108989,1.62000000001)) ;
#1211=CARTESIAN_POINT('Line Origine',(0.299640961629,13.0484891012,0.810000000003)) ;
#1215=CARTESIAN_POINT('Vertex',(0.299640961629,13.0484891012,1.62000000001)) ;
#1218=CARTESIAN_POINT('Axis2P3D Location',(-1.33984429947E-014,12.5000000001,1.62000000001)) ;
#1230=CARTESIAN_POINT('Axis2P3D Location',(-1.33984429947E-014,12.5000000001,1.62000000001)) ;
#1242=CARTESIAN_POINT('Axis2P3D Location',(-3.8627124297,-11.8882064537,1.61606299213)) ;
#1247=CARTESIAN_POINT('Line Origine',(-3.4082444871,-11.4591564693,0.810000000003)) ;
#1251=CARTESIAN_POINT('Vertex',(-3.4082444871,-11.4591564693,1.62000000001)) ;
#1254=CARTESIAN_POINT('Line Origine',(-4.3171803723,-12.3172564382,0.810000000003)) ;
#1258=CARTESIAN_POINT('Vertex',(-4.3171803723,-12.3172564382,1.62000000001)) ;
#1261=CARTESIAN_POINT('Axis2P3D Location',(-3.8627124297,-11.8882064537,1.62000000001)) ;
#1273=CARTESIAN_POINT('Axis2P3D Location',(-3.8627124297,-11.8882064537,1.62000000001)) ;
#1285=CARTESIAN_POINT('Axis2P3D Location',(3.8627124297,11.8882064537,1.61606299213)) ;
#1290=CARTESIAN_POINT('Line Origine',(3.4082444871,11.4591564693,0.810000000003)) ;
#1294=CARTESIAN_POINT('Vertex',(3.4082444871,11.4591564693,1.62000000001)) ;
#1297=CARTESIAN_POINT('Line Origine',(4.3171803723,12.3172564382,0.810000000003)) ;
#1301=CARTESIAN_POINT('Vertex',(4.3171803723,12.3172564382,1.62000000001)) ;
#1304=CARTESIAN_POINT('Axis2P3D Location',(3.8627124297,11.8882064537,1.62000000001)) ;
#1316=CARTESIAN_POINT('Axis2P3D Location',(3.8627124297,11.8882064537,1.62000000001)) ;
#1328=CARTESIAN_POINT('Axis2P3D Location',(-7.34731565369,-10.1127124297,1.61606299213)) ;
#1333=CARTESIAN_POINT('Line Origine',(-6.7825072188,-9.84509996387,0.810000000003)) ;
#1337=CARTESIAN_POINT('Vertex',(-6.7825072188,-9.84509996387,1.62000000001)) ;
#1340=CARTESIAN_POINT('Line Origine',(-7.91212408857,-10.3803248956,0.810000000003)) ;
#1344=CARTESIAN_POINT('Vertex',(-7.91212408857,-10.3803248956,1.62000000001)) ;
#1347=CARTESIAN_POINT('Axis2P3D Location',(-7.34731565369,-10.1127124297,1.62000000001)) ;
#1359=CARTESIAN_POINT('Axis2P3D Location',(-7.34731565369,-10.1127124297,1.62000000001)) ;
#1371=CARTESIAN_POINT('Axis2P3D Location',(7.34731565369,10.1127124297,1.61606299213)) ;
#1376=CARTESIAN_POINT('Line Origine',(6.7825072188,9.84509996387,0.810000000003)) ;
#1380=CARTESIAN_POINT('Vertex',(6.7825072188,9.84509996387,1.62000000001)) ;
#1383=CARTESIAN_POINT('Line Origine',(7.91212408857,10.3803248956,0.810000000003)) ;
#1387=CARTESIAN_POINT('Vertex',(7.91212408857,10.3803248956,1.62000000001)) ;
#1390=CARTESIAN_POINT('Axis2P3D Location',(7.34731565369,10.1127124297,1.62000000001)) ;
#1402=CARTESIAN_POINT('Axis2P3D Location',(7.34731565369,10.1127124297,1.62000000001)) ;
#1414=CARTESIAN_POINT('Axis2P3D Location',(-10.1127124297,-7.34731565369,1.61606299213)) ;
#1419=CARTESIAN_POINT('Line Origine',(-9.49285088741,-7.26733647913,0.810000000003)) ;
#1423=CARTESIAN_POINT('Vertex',(-9.49285088741,-7.26733647913,1.62000000001)) ;
#1426=CARTESIAN_POINT('Line Origine',(-10.732573972,-7.42729482824,0.810000000003)) ;
#1430=CARTESIAN_POINT('Vertex',(-10.732573972,-7.42729482824,1.62000000001)) ;
#1433=CARTESIAN_POINT('Axis2P3D Location',(-10.1127124297,-7.34731565369,1.62000000001)) ;
#1445=CARTESIAN_POINT('Axis2P3D Location',(-10.1127124297,-7.34731565369,1.62000000001)) ;
#1457=CARTESIAN_POINT('Axis2P3D Location',(10.1127124297,7.34731565369,1.61606299213)) ;
#1462=CARTESIAN_POINT('Line Origine',(9.49285088741,7.26733647913,0.810000000003)) ;
#1466=CARTESIAN_POINT('Vertex',(9.49285088741,7.26733647913,1.62000000001)) ;
#1469=CARTESIAN_POINT('Line Origine',(10.732573972,7.42729482824,0.810000000003)) ;
#1473=CARTESIAN_POINT('Vertex',(10.732573972,7.42729482824,1.62000000001)) ;
#1476=CARTESIAN_POINT('Axis2P3D Location',(10.1127124297,7.34731565369,1.62000000001)) ;
#1488=CARTESIAN_POINT('Axis2P3D Location',(10.1127124297,7.34731565369,1.62000000001)) ;
#1500=CARTESIAN_POINT('Axis2P3D Location',(-11.8882064537,-3.8627124297,1.61606299213)) ;
#1505=CARTESIAN_POINT('Line Origine',(-11.2739681706,-3.97819546531,0.810000000003)) ;
#1509=CARTESIAN_POINT('Vertex',(-11.2739681706,-3.97819546531,1.62000000001)) ;
#1512=CARTESIAN_POINT('Line Origine',(-12.5024447369,-3.74722939409,0.810000000003)) ;
#1516=CARTESIAN_POINT('Vertex',(-12.5024447369,-3.74722939409,1.62000000001)) ;
#1519=CARTESIAN_POINT('Axis2P3D Location',(-11.8882064537,-3.8627124297,1.62000000001)) ;
#1531=CARTESIAN_POINT('Axis2P3D Location',(-11.8882064537,-3.8627124297,1.62000000001)) ;
#1543=CARTESIAN_POINT('Axis2P3D Location',(11.8882064537,3.8627124297,1.61606299213)) ;
#1548=CARTESIAN_POINT('Line Origine',(11.2739681706,3.97819546531,0.810000000003)) ;
#1552=CARTESIAN_POINT('Vertex',(11.2739681706,3.97819546531,1.62000000001)) ;
#1555=CARTESIAN_POINT('Line Origine',(12.5024447369,3.74722939409,0.810000000003)) ;
#1559=CARTESIAN_POINT('Vertex',(12.5024447369,3.74722939409,1.62000000001)) ;
#1562=CARTESIAN_POINT('Axis2P3D Location',(11.8882064537,3.8627124297,1.62000000001)) ;
#1574=CARTESIAN_POINT('Axis2P3D Location',(11.8882064537,3.8627124297,1.62000000001)) ;
#1586=CARTESIAN_POINT('Axis2P3D Location',(-12.5000000001,-7.08192362209E-015,1.61606299213)) ;
#1591=CARTESIAN_POINT('Line Origine',(-11.9515108989,-0.299640961629,0.810000000003)) ;
#1595=CARTESIAN_POINT('Vertex',(-11.9515108989,-0.299640961629,1.62000000001)) ;
#1598=CARTESIAN_POINT('Line Origine',(-13.0484891012,0.299640961629,0.810000000003)) ;
#1602=CARTESIAN_POINT('Vertex',(-13.0484891012,0.299640961629,1.62000000001)) ;
#1605=CARTESIAN_POINT('Axis2P3D Location',(-12.5000000001,-7.08192362209E-015,1.62000000001)) ;
#1617=CARTESIAN_POINT('Axis2P3D Location',(-12.5000000001,-7.08192362209E-015,1.62000000001)) ;
#1629=CARTESIAN_POINT('Axis2P3D Location',(11.8882064537,-3.8627124297,1.61606299213)) ;
#1634=CARTESIAN_POINT('Line Origine',(11.4591564693,-3.4082444871,0.810000000003)) ;
#1638=CARTESIAN_POINT('Vertex',(11.4591564693,-3.4082444871,1.62000000001)) ;
#1641=CARTESIAN_POINT('Line Origine',(12.3172564382,-4.3171803723,0.810000000003)) ;
#1645=CARTESIAN_POINT('Vertex',(12.3172564382,-4.3171803723,1.62000000001)) ;
#1648=CARTESIAN_POINT('Axis2P3D Location',(11.8882064537,-3.8627124297,1.62000000001)) ;
#1660=CARTESIAN_POINT('Axis2P3D Location',(11.8882064537,-3.8627124297,1.62000000001)) ;
#1672=CARTESIAN_POINT('Axis2P3D Location',(0.,13.7500000001,1.62000000001)) ;
#1765=CARTESIAN_POINT('Axis2P3D Location',(12.3461042575,1.95543081301,1.62000000001)) ;
#1769=CARTESIAN_POINT('Vertex',(12.3073867274,2.19988367731,1.62000000001)) ;
#1771=CARTESIAN_POINT('Vertex',(12.3848217876,1.71097794871,1.62000000001)) ;
#1774=CARTESIAN_POINT('Axis2P3D Location',(12.3461042575,1.95543081301,1.62000000001)) ;
#1784=CARTESIAN_POINT('Axis2P3D Location',(12.3461042575,1.95543081301,1.62000000001)) ;
#1788=CARTESIAN_POINT('Vertex',(12.3155995368,2.14803003943,1.62000000001)) ;
#1790=CARTESIAN_POINT('Vertex',(12.3766089782,1.76283158659,1.62000000001)) ;
#1793=CARTESIAN_POINT('Axis2P3D Location',(12.3461042575,1.95543081301,1.62000000001)) ;
#1802=CARTESIAN_POINT('Line Origine',(12.2821014493,1.94057877955,1.62000000001)) ;
#1806=CARTESIAN_POINT('Vertex',(12.2746115366,1.94336236968,1.62000000001)) ;
#1808=CARTESIAN_POINT('Vertex',(12.289591362,1.93779518943,1.62000000001)) ;
#1811=CARTESIAN_POINT('Line Origine',(12.2903516479,1.93753517311,1.62000000001)) ;
#1815=CARTESIAN_POINT('Vertex',(12.2911119338,1.9372751568,1.62000000001)) ;
#1818=CARTESIAN_POINT('Line Origine',(12.2919047329,1.93702560551,1.62000000001)) ;
#1822=CARTESIAN_POINT('Vertex',(12.292697532,1.93677605422,1.62000000001)) ;
#1825=CARTESIAN_POINT('Line Origine',(12.293523585,1.93653708528,1.62000000001)) ;
#1829=CARTESIAN_POINT('Vertex',(12.2943496381,1.93629811635,1.62000000001)) ;
#1832=CARTESIAN_POINT('Line Origine',(12.2952088278,1.93607047053,1.62000000001)) ;
#1836=CARTESIAN_POINT('Vertex',(12.2960680175,1.93584282472,1.62000000001)) ;
#1839=CARTESIAN_POINT('Line Origine',(12.296961202,1.93562587858,1.62000000001)) ;
#1843=CARTESIAN_POINT('Vertex',(12.2978543864,1.93540893244,1.62000000001)) ;
#1846=CARTESIAN_POINT('Line Origine',(12.2987808248,1.93520256866,1.62000000001)) ;
#1850=CARTESIAN_POINT('Vertex',(12.2997072632,1.93499620487,1.62000000001)) ;
#1853=CARTESIAN_POINT('Line Origine',(12.3006669556,1.93480042344,1.62000000001)) ;
#1857=CARTESIAN_POINT('Vertex',(12.3016266479,1.93460464201,1.62000000001)) ;
#1860=CARTESIAN_POINT('Line Origine',(12.3026195943,1.93441944293,1.62000000001)) ;
#1864=CARTESIAN_POINT('Vertex',(12.3036125406,1.93423424385,1.62000000001)) ;
#1867=CARTESIAN_POINT('Line Origine',(12.3046386236,1.93406036789,1.62000000001)) ;
#1871=CARTESIAN_POINT('Vertex',(12.3056647066,1.93388649193,1.62000000001)) ;
#1874=CARTESIAN_POINT('Line Origine',(12.3067249016,1.93372257488,1.62000000001)) ;
#1878=CARTESIAN_POINT('Vertex',(12.3077850966,1.93355865783,1.62000000001)) ;
#1881=CARTESIAN_POINT('Line Origine',(12.3071104168,1.93263094294,1.62000000001)) ;
#1885=CARTESIAN_POINT('Vertex',(12.3064357369,1.93170322805,1.62000000001)) ;
#1888=CARTESIAN_POINT('Line Origine',(12.3053068504,1.93119335389,1.62000000001)) ;
#1892=CARTESIAN_POINT('Vertex',(12.3041779638,1.93068347972,1.62000000001)) ;
#1895=CARTESIAN_POINT('Line Origine',(12.3031273776,1.93015867056,1.62000000001)) ;
#1899=CARTESIAN_POINT('Vertex',(12.3020767913,1.92963386139,1.62000000001)) ;
#1902=CARTESIAN_POINT('Line Origine',(12.3011050116,1.92909571609,1.62000000001)) ;
#1906=CARTESIAN_POINT('Vertex',(12.3001332319,1.92855757078,1.62000000001)) ;
#1909=CARTESIAN_POINT('Line Origine',(12.2992404932,1.9280046078,1.62000000001)) ;
#1913=CARTESIAN_POINT('Vertex',(12.2983477546,1.92745164482,1.62000000001)) ;
#1916=CARTESIAN_POINT('Line Origine',(12.2975346805,1.92688472225,1.62000000001)) ;
#1920=CARTESIAN_POINT('Vertex',(12.2967216065,1.92631779969,1.62000000001)) ;
#1923=CARTESIAN_POINT('Line Origine',(12.2959868328,1.92573594213,1.62000000001)) ;
#1927=CARTESIAN_POINT('Vertex',(12.2952520591,1.92515408456,1.62000000001)) ;
#1930=CARTESIAN_POINT('Line Origine',(12.2945960918,1.92455889086,1.62000000001)) ;
#1934=CARTESIAN_POINT('Vertex',(12.2939401246,1.92396369715,1.62000000001)) ;
#1937=CARTESIAN_POINT('Line Origine',(12.2933633158,1.923352945,1.62000000001)) ;
#1941=CARTESIAN_POINT('Vertex',(12.292786507,1.92274219286,1.62000000001)) ;
#1944=CARTESIAN_POINT('Line Origine',(12.2922885047,1.92211810457,1.62000000001)) ;
#1948=CARTESIAN_POINT('Vertex',(12.2917905024,1.92149401628,1.62000000001)) ;
#1951=CARTESIAN_POINT('Line Origine',(12.2913715412,1.92085511032,1.62000000001)) ;
#1955=CARTESIAN_POINT('Vertex',(12.29095258,1.92021620435,1.62000000001)) ;
#1958=CARTESIAN_POINT('Line Origine',(12.2906011665,1.91954395467,1.62000000001)) ;
#1962=CARTESIAN_POINT('Vertex',(12.2902497531,1.91887170498,1.62000000001)) ;
#1965=CARTESIAN_POINT('Line Origine',(12.2899553694,1.91814622132,1.62000000001)) ;
#1969=CARTESIAN_POINT('Vertex',(12.2896609857,1.91742073765,1.62000000001)) ;
#1972=CARTESIAN_POINT('Line Origine',(12.2894227736,1.91664264345,1.62000000001)) ;
#1976=CARTESIAN_POINT('Vertex',(12.2891845616,1.91586454925,1.62000000001)) ;
#1979=CARTESIAN_POINT('Line Origine',(12.2890033793,1.91503322106,1.62000000001)) ;
#1983=CARTESIAN_POINT('Vertex',(12.288822197,1.91420189288,1.62000000001)) ;
#1986=CARTESIAN_POINT('Line Origine',(12.2886971864,1.91331795416,1.62000000001)) ;
#1990=CARTESIAN_POINT('Vertex',(12.2885721758,1.91243401544,1.62000000001)) ;
#1993=CARTESIAN_POINT('Line Origine',(12.2885034542,1.91149672542,1.62000000001)) ;
#1997=CARTESIAN_POINT('Vertex',(12.2884347326,1.91055943539,1.62000000001)) ;
#2000=CARTESIAN_POINT('Line Origine',(12.2884229234,1.90956965216,1.62000000001)) ;
#2004=CARTESIAN_POINT('Vertex',(12.2884111142,1.90857986892,1.62000000001)) ;
#2007=CARTESIAN_POINT('Line Origine',(12.2884563348,1.90753685171,1.62000000001)) ;
#2011=CARTESIAN_POINT('Vertex',(12.2885015554,1.90649383449,1.62000000001)) ;
#2014=CARTESIAN_POINT('Line Origine',(12.2886022069,1.90539808941,1.62000000001)) ;
#2018=CARTESIAN_POINT('Vertex',(12.2887028584,1.90430234433,1.62000000001)) ;
#2021=CARTESIAN_POINT('Line Origine',(12.2888604223,1.90315410604,1.62000000001)) ;
#2025=CARTESIAN_POINT('Vertex',(12.2890179862,1.90200586775,1.62000000001)) ;
#2028=CARTESIAN_POINT('Line Origine',(12.2891791643,1.90104576106,1.62000000001)) ;
#2032=CARTESIAN_POINT('Vertex',(12.2893403425,1.90008565437,1.62000000001)) ;
#2035=CARTESIAN_POINT('Line Origine',(12.2895185583,1.89912824617,1.62000000001)) ;
#2039=CARTESIAN_POINT('Vertex',(12.289696774,1.89817083798,1.62000000001)) ;
#2042=CARTESIAN_POINT('Line Origine',(12.2898912867,1.89721601095,1.62000000001)) ;
#2046=CARTESIAN_POINT('Vertex',(12.2900857993,1.89626118393,1.62000000001)) ;
#2049=CARTESIAN_POINT('Line Origine',(12.2902980903,1.89530917272,1.62000000001)) ;
#2053=CARTESIAN_POINT('Vertex',(12.2905103813,1.89435716152,1.62000000001)) ;
#2056=CARTESIAN_POINT('Line Origine',(12.29073971,1.8934078488,1.62000000001)) ;
#2060=CARTESIAN_POINT('Vertex',(12.2909690386,1.89245853609,1.62000000001)) ;
#2063=CARTESIAN_POINT('Line Origine',(12.3489710383,1.9009883136,1.62000000001)) ;
#2067=CARTESIAN_POINT('Vertex',(12.406973038,1.90951809111,1.62000000001)) ;
#2070=CARTESIAN_POINT('Line Origine',(12.4117972524,1.91674271158,1.62000000001)) ;
#2074=CARTESIAN_POINT('Vertex',(12.4166214669,1.92396733205,1.62000000001)) ;
#2077=CARTESIAN_POINT('Line Origine',(12.4204875882,1.8995576024,1.62000000001)) ;
#2081=CARTESIAN_POINT('Vertex',(12.4243537096,1.87514787275,1.62000000001)) ;
#2084=CARTESIAN_POINT('Line Origine',(12.4169195776,1.88163528915,1.62000000001)) ;
#2088=CARTESIAN_POINT('Vertex',(12.4094854456,1.88812270555,1.62000000001)) ;
#2091=CARTESIAN_POINT('Line Origine',(12.3563391706,1.87970516253,1.62000000001)) ;
#2095=CARTESIAN_POINT('Vertex',(12.3031928956,1.8712876195,1.62000000001)) ;
#2098=CARTESIAN_POINT('Line Origine',(12.3037394107,1.86748707226,1.62000000001)) ;
#2102=CARTESIAN_POINT('Vertex',(12.3042859257,1.86368652501,1.62000000001)) ;
#2105=CARTESIAN_POINT('Line Origine',(12.3044773326,1.86262185984,1.62000000001)) ;
#2109=CARTESIAN_POINT('Vertex',(12.3046687395,1.86155719468,1.62000000001)) ;
#2112=CARTESIAN_POINT('Line Origine',(12.3048923973,1.86056218222,1.62000000001)) ;
#2116=CARTESIAN_POINT('Vertex',(12.3051160552,1.85956716976,1.62000000001)) ;
#2119=CARTESIAN_POINT('Line Origine',(12.3053733282,1.85864278542,1.62000000001)) ;
#2123=CARTESIAN_POINT('Vertex',(12.3056306012,1.85771840108,1.62000000001)) ;
#2126=CARTESIAN_POINT('Line Origine',(12.3059214894,1.85686464487,1.62000000001)) ;
#2130=CARTESIAN_POINT('Vertex',(12.3062123776,1.85601088866,1.62000000001)) ;
#2133=CARTESIAN_POINT('Line Origine',(12.3065361403,1.85522764324,1.62000000001)) ;
#2137=CARTESIAN_POINT('Vertex',(12.3068599029,1.85444439782,1.62000000001)) ;
#2140=CARTESIAN_POINT('Line Origine',(12.3072166573,1.85373092244,1.62000000001)) ;
#2144=CARTESIAN_POINT('Vertex',(12.3075734117,1.85301744705,1.62000000001)) ;
#2147=CARTESIAN_POINT('Line Origine',(12.3079629231,1.85237522323,1.62000000001)) ;
#2151=CARTESIAN_POINT('Vertex',(12.3083524346,1.85173299941,1.62000000001)) ;
#2154=CARTESIAN_POINT('Line Origine',(12.3092325378,1.8506589546,1.62000000001)) ;
#2158=CARTESIAN_POINT('Vertex',(12.3101126409,1.84958490979,1.62000000001)) ;
#2161=CARTESIAN_POINT('Line Origine',(12.3111382059,1.8487814516,1.62000000001)) ;
#2165=CARTESIAN_POINT('Vertex',(12.3121637708,1.8479779934,1.62000000001)) ;
#2168=CARTESIAN_POINT('Line Origine',(12.31341515,1.8473788761,1.62000000001)) ;
#2172=CARTESIAN_POINT('Vertex',(12.3146665291,1.8467797588,1.62000000001)) ;
#2175=CARTESIAN_POINT('Line Origine',(12.3161568285,1.84637414926,1.62000000001)) ;
#2179=CARTESIAN_POINT('Vertex',(12.3176471279,1.84596853971,1.62000000001)) ;
#2182=CARTESIAN_POINT('Line Origine',(12.318481824,1.8458380079,1.62000000001)) ;
#2186=CARTESIAN_POINT('Vertex',(12.3193165202,1.84570747608,1.62000000001)) ;
#2189=CARTESIAN_POINT('Line Origine',(12.3202104202,1.84562504802,1.62000000001)) ;
#2193=CARTESIAN_POINT('Vertex',(12.3211043202,1.84554261996,1.62000000001)) ;
#2196=CARTESIAN_POINT('Line Origine',(12.3220580474,1.84550915375,1.62000000001)) ;
#2200=CARTESIAN_POINT('Vertex',(12.3230117746,1.84547568753,1.62000000001)) ;
#2203=CARTESIAN_POINT('Line Origine',(12.3240254465,1.8454904424,1.62000000001)) ;
#2207=CARTESIAN_POINT('Vertex',(12.3250391183,1.84550519726,1.62000000001)) ;
#2210=CARTESIAN_POINT('Line Origine',(12.3261127347,1.84556817321,1.62000000001)) ;
#2214=CARTESIAN_POINT('Vertex',(12.327186351,1.84563114915,1.62000000001)) ;
#2217=CARTESIAN_POINT('Line Origine',(12.327406337,1.84424221242,1.62000000001)) ;
#2221=CARTESIAN_POINT('Vertex',(12.327626323,1.84285327569,1.62000000001)) ;
#2224=CARTESIAN_POINT('Line Origine',(12.3263924895,1.84279985389,1.62000000001)) ;
#2228=CARTESIAN_POINT('Vertex',(12.3251586559,1.8427464321,1.62000000001)) ;
#2231=CARTESIAN_POINT('Line Origine',(12.323994045,1.84274497891,1.62000000001)) ;
#2235=CARTESIAN_POINT('Vertex',(12.322829434,1.84274352573,1.62000000001)) ;
#2238=CARTESIAN_POINT('Line Origine',(12.3217344344,1.84279638078,1.62000000001)) ;
#2242=CARTESIAN_POINT('Vertex',(12.3206394348,1.84284923584,1.62000000001)) ;
#2245=CARTESIAN_POINT('Line Origine',(12.3196135404,1.84295480027,1.62000000001)) ;
#2249=CARTESIAN_POINT('Vertex',(12.318587646,1.84306036471,1.62000000001)) ;
#2252=CARTESIAN_POINT('Line Origine',(12.3176308569,1.84321863852,1.62000000001)) ;
#2256=CARTESIAN_POINT('Vertex',(12.3166740677,1.84337691234,1.62000000001)) ;
#2259=CARTESIAN_POINT('Line Origine',(12.3157870073,1.84358875363,1.62000000001)) ;
#2263=CARTESIAN_POINT('Vertex',(12.3148999468,1.84380059491,1.62000000001)) ;
#2266=CARTESIAN_POINT('Line Origine',(12.314082615,1.84406600368,1.62000000001)) ;
#2270=CARTESIAN_POINT('Vertex',(12.3132652832,1.84433141244,1.62000000001)) ;
#2273=CARTESIAN_POINT('Line Origine',(12.3125163159,1.84464941325,1.62000000001)) ;
#2277=CARTESIAN_POINT('Vertex',(12.3117673486,1.84496741407,1.62000000001)) ;
#2280=CARTESIAN_POINT('Line Origine',(12.3110882273,1.84533824159,1.62000000001)) ;
#2284=CARTESIAN_POINT('Vertex',(12.310409106,1.84570906911,1.62000000001)) ;
#2287=CARTESIAN_POINT('Line Origine',(12.3092430048,1.84662315462,1.62000000001)) ;
#2291=CARTESIAN_POINT('Vertex',(12.3080769037,1.84753724012,1.62000000001)) ;
#2294=CARTESIAN_POINT('Line Origine',(12.3075597734,1.84810305929,1.62000000001)) ;
#2298=CARTESIAN_POINT('Vertex',(12.307042643,1.84866887845,1.62000000001)) ;
#2301=CARTESIAN_POINT('Line Origine',(12.3065626338,1.84931195582,1.62000000001)) ;
#2305=CARTESIAN_POINT('Vertex',(12.3060826247,1.84995503319,1.62000000001)) ;
#2308=CARTESIAN_POINT('Line Origine',(12.3056414529,1.85067412189,1.62000000001)) ;
#2312=CARTESIAN_POINT('Vertex',(12.305200281,1.85139321059,1.62000000001)) ;
#2315=CARTESIAN_POINT('Line Origine',(12.3047970885,1.85218893406,1.62000000001)) ;
#2319=CARTESIAN_POINT('Vertex',(12.304393896,1.85298465752,1.62000000001)) ;
#2322=CARTESIAN_POINT('Line Origine',(12.3040285654,1.85385775652,1.62000000001)) ;
#2326=CARTESIAN_POINT('Vertex',(12.3036632348,1.85473085552,1.62000000001)) ;
#2329=CARTESIAN_POINT('Line Origine',(12.3033366242,1.85568070662,1.62000000001)) ;
#2333=CARTESIAN_POINT('Vertex',(12.3030100136,1.85663055771,1.62000000001)) ;
#2336=CARTESIAN_POINT('Line Origine',(12.3027214997,1.85765630281,1.62000000001)) ;
#2340=CARTESIAN_POINT('Vertex',(12.3024329857,1.8586820479,1.62000000001)) ;
#2343=CARTESIAN_POINT('Line Origine',(12.3021830744,1.85978528586,1.62000000001)) ;
#2347=CARTESIAN_POINT('Vertex',(12.3019331632,1.86088852381,1.62000000001)) ;
#2350=CARTESIAN_POINT('Line Origine',(12.3017213485,1.86206765577,1.62000000001)) ;
#2354=CARTESIAN_POINT('Vertex',(12.3015095338,1.86324678773,1.62000000001)) ;
#2357=CARTESIAN_POINT('Line Origine',(12.3010553174,1.86645979001,1.62000000001)) ;
#2361=CARTESIAN_POINT('Vertex',(12.3006011009,1.86967279229,1.62000000001)) ;
#2364=CARTESIAN_POINT('Line Origine',(12.2978909343,1.86984570771,1.62000000001)) ;
#2368=CARTESIAN_POINT('Vertex',(12.2951807678,1.87001862312,1.62000000001)) ;
#2371=CARTESIAN_POINT('Line Origine',(12.2952360347,1.86892176462,1.62000000001)) ;
#2375=CARTESIAN_POINT('Vertex',(12.2952913016,1.86782490612,1.62000000001)) ;
#2378=CARTESIAN_POINT('Line Origine',(12.2953692102,1.86675289548,1.62000000001)) ;
#2382=CARTESIAN_POINT('Vertex',(12.2954471188,1.86568088484,1.62000000001)) ;
#2385=CARTESIAN_POINT('Line Origine',(12.295546811,1.8646343455,1.62000000001)) ;
#2389=CARTESIAN_POINT('Vertex',(12.2956465031,1.86358780616,1.62000000001)) ;
#2392=CARTESIAN_POINT('Line Origine',(12.2957687197,1.86256685545,1.62000000001)) ;
#2396=CARTESIAN_POINT('Vertex',(12.2958909363,1.86154590473,1.62000000001)) ;
#2399=CARTESIAN_POINT('Line Origine',(12.2960356772,1.86055054265,1.62000000001)) ;
#2403=CARTESIAN_POINT('Vertex',(12.2961804182,1.85955518056,1.62000000001)) ;
#2406=CARTESIAN_POINT('Line Origine',(12.2964206924,1.85822033355,1.62000000001)) ;
#2410=CARTESIAN_POINT('Vertex',(12.2966609667,1.85688548654,1.62000000001)) ;
#2413=CARTESIAN_POINT('Line Origine',(12.2969447138,1.8556357379,1.62000000001)) ;
#2417=CARTESIAN_POINT('Vertex',(12.297228461,1.85438598925,1.62000000001)) ;
#2420=CARTESIAN_POINT('Line Origine',(12.2975569279,1.85322305516,1.62000000001)) ;
#2424=CARTESIAN_POINT('Vertex',(12.2978853949,1.85206012106,1.62000000001)) ;
#2427=CARTESIAN_POINT('Line Origine',(12.2982574521,1.85098154456,1.62000000001)) ;
#2431=CARTESIAN_POINT('Vertex',(12.2986295092,1.84990296806,1.62000000001)) ;
#2434=CARTESIAN_POINT('Line Origine',(12.2990448047,1.84891097145,1.62000000001)) ;
#2438=CARTESIAN_POINT('Vertex',(12.2994601001,1.84791897485,1.62000000001)) ;
#2441=CARTESIAN_POINT('Line Origine',(12.2999202326,1.84701305202,1.62000000001)) ;
#2445=CARTESIAN_POINT('Vertex',(12.3003803652,1.8461071292,1.62000000001)) ;
#2448=CARTESIAN_POINT('Line Origine',(12.3008838533,1.8452870455,1.62000000001)) ;
#2452=CARTESIAN_POINT('Vertex',(12.3013873415,1.84446696181,1.62000000001)) ;
#2455=CARTESIAN_POINT('Line Origine',(12.3019350433,1.8437320938,1.62000000001)) ;
#2459=CARTESIAN_POINT('Vertex',(12.3024827451,1.8429972258,1.62000000001)) ;
#2462=CARTESIAN_POINT('Line Origine',(12.3030738024,1.84234819692,1.62000000001)) ;
#2466=CARTESIAN_POINT('Vertex',(12.3036648598,1.84169916804,1.62000000001)) ;
#2469=CARTESIAN_POINT('Line Origine',(12.3043000135,1.84113609562,1.62000000001)) ;
#2473=CARTESIAN_POINT('Vertex',(12.3049351673,1.8405730232,1.62000000001)) ;
#2476=CARTESIAN_POINT('Line Origine',(12.3056272887,1.84008655562,1.62000000001)) ;
#2480=CARTESIAN_POINT('Vertex',(12.3063194102,1.83960008805,1.62000000001)) ;
#2483=CARTESIAN_POINT('Line Origine',(12.3070800066,1.8391798983,1.62000000001)) ;
#2487=CARTESIAN_POINT('Vertex',(12.3078406029,1.83875970856,1.62000000001)) ;
#2490=CARTESIAN_POINT('Line Origine',(12.3086695569,1.8384065374,1.62000000001)) ;
#2494=CARTESIAN_POINT('Vertex',(12.3094985108,1.83805336624,1.62000000001)) ;
#2497=CARTESIAN_POINT('Line Origine',(12.3103973038,1.83776744833,1.62000000001)) ;
#2501=CARTESIAN_POINT('Vertex',(12.3112960969,1.83748153041,1.62000000001)) ;
#2504=CARTESIAN_POINT('Line Origine',(12.3122626241,1.837261773,1.62000000001)) ;
#2508=CARTESIAN_POINT('Vertex',(12.3132291513,1.83704201558,1.62000000001)) ;
#2511=CARTESIAN_POINT('Line Origine',(12.3142648941,1.83688865332,1.62000000001)) ;
#2515=CARTESIAN_POINT('Vertex',(12.315300637,1.83673529105,1.62000000001)) ;
#2518=CARTESIAN_POINT('Line Origine',(12.3164054782,1.83664906471,1.62000000001)) ;
#2522=CARTESIAN_POINT('Vertex',(12.3175103194,1.83656283836,1.62000000001)) ;
#2525=CARTESIAN_POINT('Line Origine',(12.3186835182,1.8365436306,1.62000000001)) ;
#2529=CARTESIAN_POINT('Vertex',(12.3198567169,1.83652442285,1.62000000001)) ;
#2532=CARTESIAN_POINT('Line Origine',(12.3210991314,1.83657161024,1.62000000001)) ;
#2536=CARTESIAN_POINT('Vertex',(12.3223415458,1.83661879764,1.62000000001)) ;
#2539=CARTESIAN_POINT('Line Origine',(12.3236523179,1.83673300362,1.62000000001)) ;
#2543=CARTESIAN_POINT('Vertex',(12.3249630899,1.83684720961,1.62000000001)) ;
#2546=CARTESIAN_POINT('Line Origine',(12.323639892,1.83548342541,1.62000000001)) ;
#2550=CARTESIAN_POINT('Vertex',(12.3223166941,1.8341196412,1.62000000001)) ;
#2553=CARTESIAN_POINT('Line Origine',(12.3208649368,1.83334221492,1.62000000001)) ;
#2557=CARTESIAN_POINT('Vertex',(12.3194131795,1.83256478864,1.62000000001)) ;
#2560=CARTESIAN_POINT('Line Origine',(12.3179354425,1.8317308525,1.62000000001)) ;
#2564=CARTESIAN_POINT('Vertex',(12.3164577054,1.83089691636,1.62000000001)) ;
#2567=CARTESIAN_POINT('Line Origine',(12.314953754,1.83000795189,1.62000000001)) ;
#2571=CARTESIAN_POINT('Vertex',(12.3134498025,1.82911898742,1.62000000001)) ;
#2574=CARTESIAN_POINT('Line Origine',(12.311919754,1.82817425386,1.62000000001)) ;
#2578=CARTESIAN_POINT('Vertex',(12.3103897054,1.82722952029,1.62000000001)) ;
#2581=CARTESIAN_POINT('Line Origine',(12.3088335598,1.82622901763,1.62000000001)) ;
#2585=CARTESIAN_POINT('Vertex',(12.3072774142,1.82522851498,1.62000000001)) ;
#2588=CARTESIAN_POINT('Line Origine',(12.3056944307,1.8241721259,1.62000000001)) ;
#2592=CARTESIAN_POINT('Vertex',(12.3041114472,1.82311573682,1.62000000001)) ;
#2595=CARTESIAN_POINT('Line Origine',(12.3025023666,1.82200357865,1.62000000001)) ;
#2599=CARTESIAN_POINT('Vertex',(12.300893286,1.82089142047,1.62000000001)) ;
#2602=CARTESIAN_POINT('Line Origine',(12.299257991,1.81972423397,1.62000000001)) ;
#2606=CARTESIAN_POINT('Vertex',(12.297622696,1.81855704747,1.62000000001)) ;
#2609=CARTESIAN_POINT('Line Origine',(12.2959620447,1.8173342092,1.62000000001)) ;
#2613=CARTESIAN_POINT('Vertex',(12.2943013934,1.81611137093,1.62000000001)) ;
#2616=CARTESIAN_POINT('Line Origine',(12.283631484,1.88001701388,1.62000000001)) ;
#2620=CARTESIAN_POINT('Vertex',(12.2729615746,1.94392265683,1.62000000001)) ;
#2623=CARTESIAN_POINT('Line Origine',(12.2737865556,1.94364251326,1.62000000001)) ;
#2748=CARTESIAN_POINT('Line Origine',(12.2821100178,1.94998391276,1.62000000001)) ;
#2752=CARTESIAN_POINT('Vertex',(12.280865554,1.95055375139,1.62000000001)) ;
#2754=CARTESIAN_POINT('Vertex',(12.2833544816,1.94941407413,1.62000000001)) ;
#2757=CARTESIAN_POINT('Line Origine',(12.2847238267,1.94885642126,1.62000000001)) ;
#2761=CARTESIAN_POINT('Vertex',(12.2860931717,1.94829876839,1.62000000001)) ;
#2764=CARTESIAN_POINT('Line Origine',(12.2875882561,1.94775267783,1.62000000001)) ;
#2768=CARTESIAN_POINT('Vertex',(12.2890833404,1.94720658727,1.62000000001)) ;
#2771=CARTESIAN_POINT('Line Origine',(12.2907031887,1.94667342323,1.62000000001)) ;
#2775=CARTESIAN_POINT('Vertex',(12.2923230369,1.94614025919,1.62000000001)) ;
#2778=CARTESIAN_POINT('Line Origine',(12.2940678837,1.94561854014,1.62000000001)) ;
#2782=CARTESIAN_POINT('Vertex',(12.2958127305,1.94509682109,1.62000000001)) ;
#2785=CARTESIAN_POINT('Line Origine',(12.2976824586,1.94458728779,1.62000000001)) ;
#2789=CARTESIAN_POINT('Vertex',(12.2995521866,1.94407775449,1.62000000001)) ;
#2792=CARTESIAN_POINT('Line Origine',(12.3015474193,1.94358126504,1.62000000001)) ;
#2796=CARTESIAN_POINT('Vertex',(12.303542652,1.94308477559,1.62000000001)) ;
#2799=CARTESIAN_POINT('Line Origine',(12.3056628832,1.94259973113,1.62000000001)) ;
#2803=CARTESIAN_POINT('Vertex',(12.3077831144,1.94211468666,1.62000000001)) ;
#2806=CARTESIAN_POINT('Line Origine',(12.3100282269,1.94164182795,1.62000000001)) ;
#2810=CARTESIAN_POINT('Vertex',(12.3122733393,1.94116896924,1.62000000001)) ;
#2813=CARTESIAN_POINT('Line Origine',(12.312012568,1.93970388804,1.62000000001)) ;
#2817=CARTESIAN_POINT('Vertex',(12.3117517967,1.93823880684,1.62000000001)) ;
#2820=CARTESIAN_POINT('Line Origine',(12.3089770848,1.93877130216,1.62000000001)) ;
#2824=CARTESIAN_POINT('Vertex',(12.3062023728,1.93930379748,1.62000000001)) ;
#2827=CARTESIAN_POINT('Line Origine',(12.3040687779,1.93976774162,1.62000000001)) ;
#2831=CARTESIAN_POINT('Vertex',(12.3019351829,1.94023168576,1.62000000001)) ;
#2834=CARTESIAN_POINT('Line Origine',(12.2999371114,1.94071253861,1.62000000001)) ;
#2838=CARTESIAN_POINT('Vertex',(12.2979390399,1.94119339145,1.62000000001)) ;
#2841=CARTESIAN_POINT('Line Origine',(12.2960767264,1.94168967147,1.62000000001)) ;
#2845=CARTESIAN_POINT('Vertex',(12.2942144129,1.94218595149,1.62000000001)) ;
#2848=CARTESIAN_POINT('Line Origine',(12.2924871168,1.94269754136,1.62000000001)) ;
#2852=CARTESIAN_POINT('Vertex',(12.2907598206,1.94320913123,1.62000000001)) ;
#2855=CARTESIAN_POINT('Line Origine',(12.2891687886,1.94373774713,1.62000000001)) ;
#2859=CARTESIAN_POINT('Vertex',(12.2875777566,1.94426636303,1.62000000001)) ;
#2862=CARTESIAN_POINT('Line Origine',(12.2861217419,1.94481028878,1.62000000001)) ;
#2866=CARTESIAN_POINT('Vertex',(12.2846657272,1.94535421453,1.62000000001)) ;
#2869=CARTESIAN_POINT('Line Origine',(12.2833446125,1.94591419089,1.62000000001)) ;
#2873=CARTESIAN_POINT('Vertex',(12.2820234978,1.94647416725,1.62000000001)) ;
#2876=CARTESIAN_POINT('Line Origine',(12.2808380238,1.94705031156,1.62000000001)) ;
#2880=CARTESIAN_POINT('Vertex',(12.2796525498,1.94762645586,1.62000000001)) ;
#2883=CARTESIAN_POINT('Line Origine',(12.2786034574,1.94821888544,1.62000000001)) ;
#2887=CARTESIAN_POINT('Vertex',(12.2775543649,1.94881131501,1.62000000001)) ;
#2890=CARTESIAN_POINT('Line Origine',(12.2780903769,1.95026455758,1.62000000001)) ;
#2894=CARTESIAN_POINT('Vertex',(12.2786263888,1.95171780015,1.62000000001)) ;
#2897=CARTESIAN_POINT('Line Origine',(12.2797459714,1.95113577577,1.62000000001)) ;
#2926=CARTESIAN_POINT('Line Origine',(12.2987425641,1.92306515162,1.62000000001)) ;
#2930=CARTESIAN_POINT('Vertex',(12.2990597345,1.92400154658,1.62000000001)) ;
#2932=CARTESIAN_POINT('Vertex',(12.2984253936,1.92212875665,1.62000000001)) ;
#2935=CARTESIAN_POINT('Line Origine',(12.2981658994,1.9211734008,1.62000000001)) ;
#2939=CARTESIAN_POINT('Vertex',(12.2979064052,1.92021804494,1.62000000001)) ;
#2942=CARTESIAN_POINT('Line Origine',(12.2977047045,1.91924298743,1.62000000001)) ;
#2946=CARTESIAN_POINT('Vertex',(12.2975030038,1.91826792992,1.62000000001)) ;
#2949=CARTESIAN_POINT('Line Origine',(12.2973597202,1.91727402884,1.62000000001)) ;
#2953=CARTESIAN_POINT('Vertex',(12.2972164365,1.91628012776,1.62000000001)) ;
#2956=CARTESIAN_POINT('Line Origine',(12.2971302056,1.9152664077,1.62000000001)) ;
#2960=CARTESIAN_POINT('Vertex',(12.2970439747,1.91425268764,1.62000000001)) ;
#2963=CARTESIAN_POINT('Line Origine',(12.2970161608,1.91322012402,1.62000000001)) ;
#2967=CARTESIAN_POINT('Vertex',(12.2969883469,1.9121875604,1.62000000001)) ;
#2970=CARTESIAN_POINT('Line Origine',(12.2970182092,1.91113603588,1.62000000001)) ;
#2974=CARTESIAN_POINT('Vertex',(12.2970480716,1.91008451137,1.62000000001)) ;
#2977=CARTESIAN_POINT('Line Origine',(12.297135104,1.9090124271,1.62000000001)) ;
#2981=CARTESIAN_POINT('Vertex',(12.2972221365,1.90794034284,1.62000000001)) ;
#2984=CARTESIAN_POINT('Line Origine',(12.2973674686,1.90685015578,1.62000000001)) ;
#2988=CARTESIAN_POINT('Vertex',(12.2975128007,1.90575996872,1.62000000001)) ;
#2991=CARTESIAN_POINT('Line Origine',(12.2976458805,1.90501562285,1.62000000001)) ;
#2995=CARTESIAN_POINT('Vertex',(12.2977789602,1.90427127698,1.62000000001)) ;
#2998=CARTESIAN_POINT('Line Origine',(12.2979432396,1.90351212957,1.62000000001)) ;
#3002=CARTESIAN_POINT('Vertex',(12.298107519,1.90275298217,1.62000000001)) ;
#3005=CARTESIAN_POINT('Line Origine',(12.2983037387,1.90197915054,1.62000000001)) ;
#3009=CARTESIAN_POINT('Vertex',(12.2984999584,1.90120531892,1.62000000001)) ;
#3012=CARTESIAN_POINT('Line Origine',(12.352220509,1.90965990448,1.62000000001)) ;
#3016=CARTESIAN_POINT('Vertex',(12.4059410595,1.91811449005,1.62000000001)) ;
#3019=CARTESIAN_POINT('Line Origine',(12.414637746,1.92819784437,1.62000000001)) ;
#3023=CARTESIAN_POINT('Vertex',(12.4233344325,1.9382811987,1.62000000001)) ;
#3026=CARTESIAN_POINT('Line Origine',(12.4276574208,1.91098692525,1.62000000001)) ;
#3030=CARTESIAN_POINT('Vertex',(12.431980409,1.8836926518,1.62000000001)) ;
#3033=CARTESIAN_POINT('Line Origine',(12.4307327807,1.88223528716,1.62000000001)) ;
#3037=CARTESIAN_POINT('Vertex',(12.4294851524,1.88077792251,1.62000000001)) ;
#3040=CARTESIAN_POINT('Line Origine',(12.4254328349,1.90636324821,1.62000000001)) ;
#3044=CARTESIAN_POINT('Vertex',(12.4213805174,1.9319485739,1.62000000001)) ;
#3047=CARTESIAN_POINT('Line Origine',(12.4143412456,1.92349683425,1.62000000001)) ;
#3051=CARTESIAN_POINT('Vertex',(12.4073019739,1.91504509461,1.62000000001)) ;
#3054=CARTESIAN_POINT('Line Origine',(12.3516445013,1.90622981696,1.62000000001)) ;
#3058=CARTESIAN_POINT('Vertex',(12.2959870287,1.89741453931,1.62000000001)) ;
#3061=CARTESIAN_POINT('Line Origine',(12.2954768267,1.90029063565,1.62000000001)) ;
#3065=CARTESIAN_POINT('Vertex',(12.2949666246,1.90316673198,1.62000000001)) ;
#3068=CARTESIAN_POINT('Line Origine',(12.2948161853,1.90417410047,1.62000000001)) ;
#3072=CARTESIAN_POINT('Vertex',(12.294665746,1.90518146895,1.62000000001)) ;
#3075=CARTESIAN_POINT('Line Origine',(12.2945403662,1.90613129922,1.62000000001)) ;
#3079=CARTESIAN_POINT('Vertex',(12.2944149864,1.90708112948,1.62000000001)) ;
#3082=CARTESIAN_POINT('Line Origine',(12.2943162649,1.9079729154,1.62000000001)) ;
#3086=CARTESIAN_POINT('Vertex',(12.2942175434,1.90886470132,1.62000000001)) ;
#3089=CARTESIAN_POINT('Line Origine',(12.2941447395,1.90969832558,1.62000000001)) ;
#3093=CARTESIAN_POINT('Vertex',(12.2940719356,1.91053194984,1.62000000001)) ;
#3096=CARTESIAN_POINT('Line Origine',(12.2940255554,1.91130901129,1.62000000001)) ;
#3100=CARTESIAN_POINT('Vertex',(12.2939791752,1.91208607274,1.62000000001)) ;
#3103=CARTESIAN_POINT('Line Origine',(12.2939641675,1.91346571066,1.62000000001)) ;
#3107=CARTESIAN_POINT('Vertex',(12.2939491598,1.91484534857,1.62000000001)) ;
#3110=CARTESIAN_POINT('Line Origine',(12.2940390693,1.91599405601,1.62000000001)) ;
#3114=CARTESIAN_POINT('Vertex',(12.2941289788,1.91714276345,1.62000000001)) ;
#3117=CARTESIAN_POINT('Line Origine',(12.2943280454,1.91808171436,1.62000000001)) ;
#3121=CARTESIAN_POINT('Vertex',(12.2945271119,1.91902066528,1.62000000001)) ;
#3124=CARTESIAN_POINT('Line Origine',(12.2948640092,1.91988045304,1.62000000001)) ;
#3128=CARTESIAN_POINT('Vertex',(12.2952009066,1.92074024081,1.62000000001)) ;
#3131=CARTESIAN_POINT('Line Origine',(12.29568085,1.92154067517,1.62000000001)) ;
#3135=CARTESIAN_POINT('Vertex',(12.2961607933,1.92234110953,1.62000000001)) ;
#3138=CARTESIAN_POINT('Line Origine',(12.2967828073,1.92308355469,1.62000000001)) ;
#3142=CARTESIAN_POINT('Vertex',(12.2974048214,1.92382599985,1.62000000001)) ;
#3145=CARTESIAN_POINT('Line Origine',(12.2981705049,1.9245099497,1.62000000001)) ;
#3149=CARTESIAN_POINT('Vertex',(12.2989361884,1.92519389955,1.62000000001)) ;
#3152=CARTESIAN_POINT('Line Origine',(12.2993729255,1.92551441637,1.62000000001)) ;
#3156=CARTESIAN_POINT('Vertex',(12.2998096625,1.9258349332,1.62000000001)) ;
#3159=CARTESIAN_POINT('Line Origine',(12.2994346985,1.92491823989,1.62000000001)) ;
#3200=CARTESIAN_POINT('Line Origine',(12.2548019178,2.06413006327,1.62000000001)) ;
#3204=CARTESIAN_POINT('Vertex',(12.2538421543,2.06463792582,1.62000000001)) ;
#3206=CARTESIAN_POINT('Vertex',(12.2557616813,2.06362220073,1.62000000001)) ;
#3209=CARTESIAN_POINT('Line Origine',(12.2566775648,2.06314687441,1.62000000001)) ;
#3213=CARTESIAN_POINT('Vertex',(12.2575934482,2.0626715481,1.62000000001)) ;
#3216=CARTESIAN_POINT('Line Origine',(12.258465569,2.06222801724,1.62000000001)) ;
#3220=CARTESIAN_POINT('Vertex',(12.2593376898,2.06178448639,1.62000000001)) ;
#3223=CARTESIAN_POINT('Line Origine',(12.2601667886,2.06137286832,1.62000000001)) ;
#3227=CARTESIAN_POINT('Vertex',(12.2609958874,2.06096125025,1.62000000001)) ;
#3230=CARTESIAN_POINT('Line Origine',(12.2617812236,2.06058142764,1.62000000001)) ;
#3234=CARTESIAN_POINT('Vertex',(12.2625665597,2.06020160503,1.62000000001)) ;
#3237=CARTESIAN_POINT('Line Origine',(12.2633087566,2.05985443598,1.62000000001)) ;
#3241=CARTESIAN_POINT('Vertex',(12.2640509535,2.05950726692,1.62000000001)) ;
#3244=CARTESIAN_POINT('Line Origine',(12.2647502457,2.05919126989,1.62000000001)) ;
#3248=CARTESIAN_POINT('Vertex',(12.265449538,2.05887527285,1.62000000001)) ;
#3251=CARTESIAN_POINT('Line Origine',(12.2667165998,2.0583401467,1.62000000001)) ;
#3255=CARTESIAN_POINT('Vertex',(12.2679836616,2.05780502054,1.62000000001)) ;
#3258=CARTESIAN_POINT('Line Origine',(12.2691308919,2.05737924489,1.62000000001)) ;
#3262=CARTESIAN_POINT('Vertex',(12.2702781222,2.05695346925,1.62000000001)) ;
#3265=CARTESIAN_POINT('Line Origine',(12.2716250649,2.05652287619,1.62000000001)) ;
#3269=CARTESIAN_POINT('Vertex',(12.2729720076,2.05609228314,1.62000000001)) ;
#3272=CARTESIAN_POINT('Line Origine',(12.2737409711,2.05586857126,1.62000000001)) ;
#3276=CARTESIAN_POINT('Vertex',(12.2745099345,2.05564485938,1.62000000001)) ;
#3279=CARTESIAN_POINT('Line Origine',(12.275342222,2.05541447137,1.62000000001)) ;
#3283=CARTESIAN_POINT('Vertex',(12.2761745095,2.05518408336,1.62000000001)) ;
#3286=CARTESIAN_POINT('Line Origine',(12.2770698863,2.05494850074,1.62000000001)) ;
#3290=CARTESIAN_POINT('Vertex',(12.2779652631,2.05471291812,1.62000000001)) ;
#3293=CARTESIAN_POINT('Line Origine',(12.2789238466,2.05447140012,1.62000000001)) ;
#3297=CARTESIAN_POINT('Vertex',(12.2798824301,2.05422988213,1.62000000001)) ;
#3300=CARTESIAN_POINT('Line Origine',(12.2809042202,2.05398242877,1.62000000001)) ;
#3304=CARTESIAN_POINT('Vertex',(12.2819260104,2.05373497541,1.62000000001)) ;
#3307=CARTESIAN_POINT('Line Origine',(12.2830110073,2.05348158667,1.62000000001)) ;
#3311=CARTESIAN_POINT('Vertex',(12.2840960041,2.05322819794,1.62000000001)) ;
#3314=CARTESIAN_POINT('Line Origine',(12.2852449484,2.05296899115,1.62000000001)) ;
#3318=CARTESIAN_POINT('Vertex',(12.2863938927,2.05270978437,1.62000000001)) ;
#3321=CARTESIAN_POINT('Line Origine',(12.2875297746,2.05245154612,1.62000000001)) ;
#3325=CARTESIAN_POINT('Vertex',(12.2886656566,2.05219330786,1.62000000001)) ;
#3328=CARTESIAN_POINT('Line Origine',(12.2873755864,2.05126759941,1.62000000001)) ;
#3332=CARTESIAN_POINT('Vertex',(12.2860855162,2.05034189097,1.62000000001)) ;
#3335=CARTESIAN_POINT('Line Origine',(12.2848975544,2.04943311425,1.62000000001)) ;
#3339=CARTESIAN_POINT('Vertex',(12.2837095926,2.04852433754,1.62000000001)) ;
#3342=CARTESIAN_POINT('Line Origine',(12.2826242454,2.04763409141,1.62000000001)) ;
#3346=CARTESIAN_POINT('Vertex',(12.2815388981,2.04674384529,1.62000000001)) ;
#3349=CARTESIAN_POINT('Line Origine',(12.280555542,2.04587127166,1.62000000001)) ;
#3353=CARTESIAN_POINT('Vertex',(12.2795721858,2.04499869804,1.62000000001)) ;
#3356=CARTESIAN_POINT('Line Origine',(12.2786915615,2.04414391424,1.62000000001)) ;
#3360=CARTESIAN_POINT('Vertex',(12.2778109372,2.04328913044,1.62000000001)) ;
#3363=CARTESIAN_POINT('Line Origine',(12.2770324213,2.04245127838,1.62000000001)) ;
#3367=CARTESIAN_POINT('Vertex',(12.2762539054,2.04161342631,1.62000000001)) ;
#3370=CARTESIAN_POINT('Line Origine',(12.2755778868,2.04079484561,1.62000000001)) ;
#3374=CARTESIAN_POINT('Vertex',(12.2749018681,2.0399762649,1.62000000001)) ;
#3377=CARTESIAN_POINT('Line Origine',(12.2743279578,2.03917461593,1.62000000001)) ;
#3381=CARTESIAN_POINT('Vertex',(12.2737540476,2.03837296695,1.62000000001)) ;
#3384=CARTESIAN_POINT('Line Origine',(12.2732827518,2.03758984857,1.62000000001)) ;
#3388=CARTESIAN_POINT('Vertex',(12.2728114561,2.03680673019,1.62000000001)) ;
#3391=CARTESIAN_POINT('Line Origine',(12.2724414107,2.03604116698,1.62000000001)) ;
#3395=CARTESIAN_POINT('Vertex',(12.2720713653,2.03527560377,1.62000000001)) ;
#3398=CARTESIAN_POINT('Line Origine',(12.2717827881,2.03447510488,1.62000000001)) ;
#3402=CARTESIAN_POINT('Vertex',(12.2714942108,2.03367460598,1.62000000001)) ;
#3405=CARTESIAN_POINT('Line Origine',(12.2712621342,2.03278585925,1.62000000001)) ;
#3409=CARTESIAN_POINT('Vertex',(12.2710300576,2.03189711252,1.62000000001)) ;
#3412=CARTESIAN_POINT('Line Origine',(12.2708565865,2.0309212107,1.62000000001)) ;
#3416=CARTESIAN_POINT('Vertex',(12.2706831155,2.02994530888,1.62000000001)) ;
#3419=CARTESIAN_POINT('Line Origine',(12.2705668858,2.02888127655,1.62000000001)) ;
#3423=CARTESIAN_POINT('Vertex',(12.2704506562,2.02781724423,1.62000000001)) ;
#3426=CARTESIAN_POINT('Line Origine',(12.2703916679,2.02666508139,1.62000000001)) ;
#3430=CARTESIAN_POINT('Vertex',(12.2703326796,2.02551291856,1.62000000001)) ;
#3433=CARTESIAN_POINT('Line Origine',(12.270332297,2.02427360063,1.62000000001)) ;
#3437=CARTESIAN_POINT('Vertex',(12.2703319143,2.02303428271,1.62000000001)) ;
#3440=CARTESIAN_POINT('Line Origine',(12.270388773,2.02170683428,1.62000000001)) ;
#3444=CARTESIAN_POINT('Vertex',(12.2704456317,2.02037938585,1.62000000001)) ;
#3447=CARTESIAN_POINT('Line Origine',(12.2705603552,2.018964665,1.62000000001)) ;
#3451=CARTESIAN_POINT('Vertex',(12.2706750788,2.01754994415,1.62000000001)) ;
#3454=CARTESIAN_POINT('Line Origine',(12.2708470437,2.0160470928,1.62000000001)) ;
#3458=CARTESIAN_POINT('Vertex',(12.2710190086,2.01454424145,1.62000000001)) ;
#3461=CARTESIAN_POINT('Line Origine',(12.2712489557,2.01295337691,1.62000000001)) ;
#3465=CARTESIAN_POINT('Vertex',(12.2714789028,2.01136251238,1.62000000001)) ;
#3468=CARTESIAN_POINT('Line Origine',(12.2720144472,2.00832641053,1.62000000001)) ;
#3472=CARTESIAN_POINT('Vertex',(12.2725499916,2.00529030868,1.62000000001)) ;
#3475=CARTESIAN_POINT('Line Origine',(12.2733172334,2.00010094203,1.62000000001)) ;
#3479=CARTESIAN_POINT('Vertex',(12.2740844752,1.99491157538,1.62000000001)) ;
#3482=CARTESIAN_POINT('Line Origine',(12.2743441654,1.99292676355,1.62000000001)) ;
#3486=CARTESIAN_POINT('Vertex',(12.2746038556,1.99094195172,1.62000000001)) ;
#3489=CARTESIAN_POINT('Line Origine',(12.2996017537,1.99490122981,1.62000000001)) ;
#3493=CARTESIAN_POINT('Vertex',(12.3245996517,1.9988605079,1.62000000001)) ;
#3496=CARTESIAN_POINT('Line Origine',(12.3240835353,2.00211913866,1.62000000001)) ;
#3500=CARTESIAN_POINT('Vertex',(12.3235674189,2.00537776942,1.62000000001)) ;
#3503=CARTESIAN_POINT('Line Origine',(12.3015073998,2.00188380564,1.62000000001)) ;
#3507=CARTESIAN_POINT('Vertex',(12.2794473807,1.99838984186,1.62000000001)) ;
#3510=CARTESIAN_POINT('Line Origine',(12.2791487172,1.99993033664,1.62000000001)) ;
#3514=CARTESIAN_POINT('Vertex',(12.2788500537,2.00147083142,1.62000000001)) ;
#3517=CARTESIAN_POINT('Line Origine',(12.2785797968,2.00280320769,1.62000000001)) ;
#3521=CARTESIAN_POINT('Vertex',(12.2783095399,2.00413558397,1.62000000001)) ;
#3524=CARTESIAN_POINT('Line Origine',(12.2780464791,2.00550403003,1.62000000001)) ;
#3528=CARTESIAN_POINT('Vertex',(12.2777834182,2.00687247609,1.62000000001)) ;
#3531=CARTESIAN_POINT('Line Origine',(12.2775281769,2.00827785002,1.62000000001)) ;
#3535=CARTESIAN_POINT('Vertex',(12.2772729355,2.00968322396,1.62000000001)) ;
#3538=CARTESIAN_POINT('Line Origine',(12.2770248902,2.01112466769,1.62000000001)) ;
#3542=CARTESIAN_POINT('Vertex',(12.2767768449,2.01256611142,1.62000000001)) ;
#3545=CARTESIAN_POINT('Line Origine',(12.2765367363,2.01404374225,1.62000000001)) ;
#3549=CARTESIAN_POINT('Vertex',(12.2762966278,2.01552137309,1.62000000001)) ;
#3552=CARTESIAN_POINT('Line Origine',(12.2760207766,2.01762739913,1.62000000001)) ;
#3556=CARTESIAN_POINT('Vertex',(12.2757449253,2.01973342516,1.62000000001)) ;
#3559=CARTESIAN_POINT('Line Origine',(12.275608223,2.02169443347,1.62000000001)) ;
#3563=CARTESIAN_POINT('Vertex',(12.2754715207,2.02365544179,1.62000000001)) ;
#3566=CARTESIAN_POINT('Line Origine',(12.2754739673,2.02547143238,1.62000000001)) ;
#3570=CARTESIAN_POINT('Vertex',(12.2754764139,2.02728742297,1.62000000001)) ;
#3573=CARTESIAN_POINT('Line Origine',(12.2756182441,2.0289569143,1.62000000001)) ;
#3577=CARTESIAN_POINT('Vertex',(12.2757600743,2.03062640564,1.62000000001)) ;
#3580=CARTESIAN_POINT('Line Origine',(12.276040936,2.03215162002,1.62000000001)) ;
#3584=CARTESIAN_POINT('Vertex',(12.2763217978,2.03367683441,1.62000000001)) ;
#3587=CARTESIAN_POINT('Line Origine',(12.2767420432,2.03505554953,1.62000000001)) ;
#3591=CARTESIAN_POINT('Vertex',(12.2771622885,2.03643426466,1.62000000001)) ;
#3594=CARTESIAN_POINT('Line Origine',(12.2777218001,2.0376672213,1.62000000001)) ;
#3598=CARTESIAN_POINT('Vertex',(12.2782813117,2.03890017794,1.62000000001)) ;
#3601=CARTESIAN_POINT('Line Origine',(12.2789792315,2.03998799954,1.62000000001)) ;
#3605=CARTESIAN_POINT('Vertex',(12.2796771513,2.04107582113,1.62000000001)) ;
#3608=CARTESIAN_POINT('Line Origine',(12.2805149607,2.04201874233,1.62000000001)) ;
#3612=CARTESIAN_POINT('Vertex',(12.2813527702,2.04296166353,1.62000000001)) ;
#3615=CARTESIAN_POINT('Line Origine',(12.2823291051,2.04375870891,1.62000000001)) ;
#3619=CARTESIAN_POINT('Vertex',(12.28330544,2.0445557543,1.62000000001)) ;
#3622=CARTESIAN_POINT('Line Origine',(12.282534863,2.04334176324,1.62000000001)) ;
#3626=CARTESIAN_POINT('Vertex',(12.2817642859,2.04212777219,1.62000000001)) ;
#3629=CARTESIAN_POINT('Line Origine',(12.2811298327,2.04089813294,1.62000000001)) ;
#3633=CARTESIAN_POINT('Vertex',(12.2804953795,2.03966849369,1.62000000001)) ;
#3636=CARTESIAN_POINT('Line Origine',(12.2799977909,2.03842332357,1.62000000001)) ;
#3640=CARTESIAN_POINT('Vertex',(12.2795002023,2.03717815345,1.62000000001)) ;
#3643=CARTESIAN_POINT('Line Origine',(12.2791379967,2.03591721781,1.62000000001)) ;
#3647=CARTESIAN_POINT('Vertex',(12.2787757912,2.03465628217,1.62000000001)) ;
#3650=CARTESIAN_POINT('Line Origine',(12.2785497094,2.03337969833,1.62000000001)) ;
#3654=CARTESIAN_POINT('Vertex',(12.2783236277,2.03210311449,1.62000000001)) ;
#3657=CARTESIAN_POINT('Line Origine',(12.2782222246,2.03069137065,1.62000000001)) ;
#3661=CARTESIAN_POINT('Vertex',(12.2781208216,2.02927962681,1.62000000001)) ;
#3664=CARTESIAN_POINT('Line Origine',(12.2781120032,2.02847711708,1.62000000001)) ;
#3668=CARTESIAN_POINT('Vertex',(12.2781031848,2.02767460735,1.62000000001)) ;
#3671=CARTESIAN_POINT('Line Origine',(12.2781233276,2.02680910258,1.62000000001)) ;
#3675=CARTESIAN_POINT('Vertex',(12.2781434704,2.0259435978,1.62000000001)) ;
#3678=CARTESIAN_POINT('Line Origine',(12.2781913274,2.02501338179,1.62000000001)) ;
#3682=CARTESIAN_POINT('Vertex',(12.2782391844,2.02408316578,1.62000000001)) ;
#3685=CARTESIAN_POINT('Line Origine',(12.2783153792,2.02308909662,1.62000000001)) ;
#3689=CARTESIAN_POINT('Vertex',(12.278391574,2.02209502747,1.62000000001)) ;
#3692=CARTESIAN_POINT('Line Origine',(12.2784953657,2.02103698785,1.62000000001)) ;
#3696=CARTESIAN_POINT('Vertex',(12.2785991574,2.01997894822,1.62000000001)) ;
#3699=CARTESIAN_POINT('Line Origine',(12.2787320276,2.01885717278,1.62000000001)) ;
#3703=CARTESIAN_POINT('Vertex',(12.2788648978,2.01773539734,1.62000000001)) ;
#3706=CARTESIAN_POINT('Line Origine',(12.2790254822,2.01654891067,1.62000000001)) ;
#3710=CARTESIAN_POINT('Vertex',(12.2791860667,2.015362424,1.62000000001)) ;
#3713=CARTESIAN_POINT('Line Origine',(12.2793748716,2.01411282494,1.62000000001)) ;
#3717=CARTESIAN_POINT('Vertex',(12.2795636764,2.01286322589,1.62000000001)) ;
#3720=CARTESIAN_POINT('Line Origine',(12.2797274289,2.01190124888,1.62000000001)) ;
#3724=CARTESIAN_POINT('Vertex',(12.2798911813,2.01093927187,1.62000000001)) ;
#3727=CARTESIAN_POINT('Line Origine',(12.2800898716,2.00989094727,1.62000000001)) ;
#3731=CARTESIAN_POINT('Vertex',(12.2802885619,2.00884262267,1.62000000001)) ;
#3734=CARTESIAN_POINT('Line Origine',(12.2805229308,2.00770806779,1.62000000001)) ;
#3738=CARTESIAN_POINT('Vertex',(12.2807572998,2.00657351292,1.62000000001)) ;
#3741=CARTESIAN_POINT('Line Origine',(12.2810273474,2.00535272779,1.62000000001)) ;
#3745=CARTESIAN_POINT('Vertex',(12.281297395,2.00413194265,1.62000000001)) ;
#3748=CARTESIAN_POINT('Line Origine',(12.2816032386,2.00282418647,1.62000000001)) ;
#3752=CARTESIAN_POINT('Vertex',(12.2819090822,2.0015164303,1.62000000001)) ;
#3755=CARTESIAN_POINT('Line Origine',(12.3025268294,2.00478196065,1.62000000001)) ;
#3759=CARTESIAN_POINT('Vertex',(12.3231445765,2.008047491,1.62000000001)) ;
#3762=CARTESIAN_POINT('Line Origine',(12.3218671327,2.01611295399,1.62000000001)) ;
#3766=CARTESIAN_POINT('Vertex',(12.3205896889,2.02417841698,1.62000000001)) ;
#3769=CARTESIAN_POINT('Line Origine',(12.310209123,2.03129490448,1.62000000001)) ;
#3773=CARTESIAN_POINT('Vertex',(12.299828557,2.03841139197,1.62000000001)) ;
#3776=CARTESIAN_POINT('Line Origine',(12.3222093279,2.04195615784,1.62000000001)) ;
#3780=CARTESIAN_POINT('Vertex',(12.3445900988,2.04550092371,1.62000000001)) ;
#3783=CARTESIAN_POINT('Line Origine',(12.3371444121,2.03512289088,1.62000000001)) ;
#3787=CARTESIAN_POINT('Vertex',(12.3296987253,2.02474485805,1.62000000001)) ;
#3790=CARTESIAN_POINT('Line Origine',(12.3316360097,2.01251332564,1.62000000001)) ;
#3794=CARTESIAN_POINT('Vertex',(12.3335732941,2.00028179323,1.62000000001)) ;
#3797=CARTESIAN_POINT('Line Origine',(12.3604942214,2.00454564923,1.62000000001)) ;
#3801=CARTESIAN_POINT('Vertex',(12.3874151487,2.00880950523,1.62000000001)) ;
#3804=CARTESIAN_POINT('Line Origine',(12.3932754332,2.01674647294,1.62000000001)) ;
#3808=CARTESIAN_POINT('Vertex',(12.3991357177,2.02468344066,1.62000000001)) ;
#3811=CARTESIAN_POINT('Line Origine',(12.4032895221,1.99845735215,1.62000000001)) ;
#3815=CARTESIAN_POINT('Vertex',(12.4074433264,1.97223126365,1.62000000001)) ;
#3818=CARTESIAN_POINT('Line Origine',(12.3991211936,1.97983779427,1.62000000001)) ;
#3822=CARTESIAN_POINT('Vertex',(12.3907990608,1.98744432489,1.62000000001)) ;
#3825=CARTESIAN_POINT('Line Origine',(12.3678308623,1.98380651962,1.62000000001)) ;
#3829=CARTESIAN_POINT('Vertex',(12.3448626637,1.98016871435,1.62000000001)) ;
#3832=CARTESIAN_POINT('Line Origine',(12.3450224824,1.97936102146,1.62000000001)) ;
#3836=CARTESIAN_POINT('Vertex',(12.345182301,1.97855332856,1.62000000001)) ;
#3839=CARTESIAN_POINT('Line Origine',(12.3454003181,1.97777611516,1.62000000001)) ;
#3843=CARTESIAN_POINT('Vertex',(12.3456183353,1.97699890177,1.62000000001)) ;
#3846=CARTESIAN_POINT('Line Origine',(12.3458954089,1.97625154443,1.62000000001)) ;
#3850=CARTESIAN_POINT('Vertex',(12.3461724826,1.9755041871,1.62000000001)) ;
#3853=CARTESIAN_POINT('Line Origine',(12.3465086129,1.97478668582,1.62000000001)) ;
#3857=CARTESIAN_POINT('Vertex',(12.3468447431,1.97406918454,1.62000000001)) ;
#3860=CARTESIAN_POINT('Line Origine',(12.3472390718,1.97338216277,1.62000000001)) ;
#3864=CARTESIAN_POINT('Vertex',(12.3476334006,1.97269514099,1.62000000001)) ;
#3867=CARTESIAN_POINT('Line Origine',(12.3480866685,1.97203871605,1.62000000001)) ;
#3871=CARTESIAN_POINT('Vertex',(12.3485399365,1.9713822911,1.62000000001)) ;
#3874=CARTESIAN_POINT('Line Origine',(12.3490523784,1.97075498144,1.62000000001)) ;
#3878=CARTESIAN_POINT('Vertex',(12.3495648202,1.97012767179,1.62000000001)) ;
#3881=CARTESIAN_POINT('Line Origine',(12.3501354606,1.96953084163,1.62000000001)) ;
#3885=CARTESIAN_POINT('Vertex',(12.3507061009,1.96893401148,1.62000000001)) ;
#3888=CARTESIAN_POINT('Line Origine',(12.3513356805,1.96836777815,1.62000000001)) ;
#3892=CARTESIAN_POINT('Vertex',(12.35196526,1.96780154482,1.62000000001)) ;
#3895=CARTESIAN_POINT('Line Origine',(12.3526540135,1.96726442679,1.62000000001)) ;
#3899=CARTESIAN_POINT('Vertex',(12.353342767,1.96672730876,1.62000000001)) ;
#3902=CARTESIAN_POINT('Line Origine',(12.3523819833,1.96553482765,1.62000000001)) ;
#3906=CARTESIAN_POINT('Vertex',(12.3514211996,1.96434234655,1.62000000001)) ;
#3909=CARTESIAN_POINT('Line Origine',(12.350670178,1.96487947382,1.62000000001)) ;
#3913=CARTESIAN_POINT('Vertex',(12.3499191565,1.9654166011,1.62000000001)) ;
#3916=CARTESIAN_POINT('Line Origine',(12.3492298325,1.9660052645,1.62000000001)) ;
#3920=CARTESIAN_POINT('Vertex',(12.3485405086,1.96659392789,1.62000000001)) ;
#3923=CARTESIAN_POINT('Line Origine',(12.3479137403,1.96723350397,1.62000000001)) ;
#3927=CARTESIAN_POINT('Vertex',(12.347286972,1.96787308005,1.62000000001)) ;
#3930=CARTESIAN_POINT('Line Origine',(12.3467217839,1.96856493302,1.62000000001)) ;
#3934=CARTESIAN_POINT('Vertex',(12.3461565959,1.96925678599,1.62000000001)) ;
#3937=CARTESIAN_POINT('Line Origine',(12.3456539635,1.96999955164,1.62000000001)) ;
#3941=CARTESIAN_POINT('Vertex',(12.3451513311,1.97074231729,1.62000000001)) ;
#3944=CARTESIAN_POINT('Line Origine',(12.3447097729,1.97153576096,1.62000000001)) ;
#3948=CARTESIAN_POINT('Vertex',(12.3442682146,1.97232920464,1.62000000001)) ;
#3951=CARTESIAN_POINT('Line Origine',(12.3438889774,1.97317504254,1.62000000001)) ;
#3955=CARTESIAN_POINT('Vertex',(12.3435097401,1.97402088043,1.62000000001)) ;
#3958=CARTESIAN_POINT('Line Origine',(12.3431929412,1.97491837177,1.62000000001)) ;
#3962=CARTESIAN_POINT('Vertex',(12.3428761423,1.97581586311,1.62000000001)) ;
#3965=CARTESIAN_POINT('Line Origine',(12.3426204176,1.97676403249,1.62000000001)) ;
#3969=CARTESIAN_POINT('Vertex',(12.3423646928,1.97771220186,1.62000000001)) ;
#3972=CARTESIAN_POINT('Line Origine',(12.3421714064,1.97871202468,1.62000000001)) ;
#3976=CARTESIAN_POINT('Vertex',(12.3419781199,1.9797118475,1.62000000001)) ;
#3979=CARTESIAN_POINT('Line Origine',(12.3394676631,1.9793142302,1.62000000001)) ;
#3983=CARTESIAN_POINT('Vertex',(12.3369572063,1.97891661289,1.62000000001)) ;
#3986=CARTESIAN_POINT('Line Origine',(12.3370149464,1.97811097672,1.62000000001)) ;
#3990=CARTESIAN_POINT('Vertex',(12.3370726866,1.97730534055,1.62000000001)) ;
#3993=CARTESIAN_POINT('Line Origine',(12.3371620519,1.97649180439,1.62000000001)) ;
#3997=CARTESIAN_POINT('Vertex',(12.3372514172,1.97567826823,1.62000000001)) ;
#4000=CARTESIAN_POINT('Line Origine',(12.3374474988,1.97470394663,1.62000000001)) ;
#4004=CARTESIAN_POINT('Vertex',(12.3376435803,1.97372962503,1.62000000001)) ;
#4007=CARTESIAN_POINT('Line Origine',(12.3379160644,1.9727955003,1.62000000001)) ;
#4011=CARTESIAN_POINT('Vertex',(12.3381885484,1.97186137556,1.62000000001)) ;
#4014=CARTESIAN_POINT('Line Origine',(12.338538293,1.97096682426,1.62000000001)) ;
#4018=CARTESIAN_POINT('Vertex',(12.3388880376,1.97007227296,1.62000000001)) ;
#4021=CARTESIAN_POINT('Line Origine',(12.339314302,1.96921717776,1.62000000001)) ;
#4025=CARTESIAN_POINT('Vertex',(12.3397405664,1.96836208256,1.62000000001)) ;
#4028=CARTESIAN_POINT('Line Origine',(12.3402448321,1.96754667811,1.62000000001)) ;
#4032=CARTESIAN_POINT('Vertex',(12.3407490978,1.96673127367,1.62000000001)) ;
#4035=CARTESIAN_POINT('Line Origine',(12.3413291425,1.965955208,1.62000000001)) ;
#4039=CARTESIAN_POINT('Vertex',(12.3419091872,1.96517914233,1.62000000001)) ;
#4042=CARTESIAN_POINT('Line Origine',(12.342567116,1.96444350818,1.62000000001)) ;
#4046=CARTESIAN_POINT('Vertex',(12.3432250447,1.96370787403,1.62000000001)) ;
#4049=CARTESIAN_POINT('Line Origine',(12.3439596105,1.96301095522,1.62000000001)) ;
#4053=CARTESIAN_POINT('Vertex',(12.3446941764,1.96231403641,1.62000000001)) ;
#4056=CARTESIAN_POINT('Line Origine',(12.3455060028,1.96165669102,1.62000000001)) ;
#4060=CARTESIAN_POINT('Vertex',(12.3463178292,1.96099934564,1.62000000001)) ;
#4063=CARTESIAN_POINT('Line Origine',(12.3472060581,1.96038219713,1.62000000001)) ;
#4067=CARTESIAN_POINT('Vertex',(12.3480942869,1.95976504861,1.62000000001)) ;
#4070=CARTESIAN_POINT('Line Origine',(12.3472986922,1.95925556762,1.62000000001)) ;
#4074=CARTESIAN_POINT('Vertex',(12.3465030975,1.95874608663,1.62000000001)) ;
#4077=CARTESIAN_POINT('Line Origine',(12.34509183,1.95907461043,1.62000000001)) ;
#4081=CARTESIAN_POINT('Vertex',(12.3436805625,1.95940313423,1.62000000001)) ;
#4084=CARTESIAN_POINT('Line Origine',(12.3423777806,1.95986653952,1.62000000001)) ;
#4088=CARTESIAN_POINT('Vertex',(12.3410749986,1.96032994481,1.62000000001)) ;
#4091=CARTESIAN_POINT('Line Origine',(12.3398791033,1.9609287377,1.62000000001)) ;
#4095=CARTESIAN_POINT('Vertex',(12.338683208,1.96152753059,1.62000000001)) ;
#4098=CARTESIAN_POINT('Line Origine',(12.3375955636,1.96226268651,1.62000000001)) ;
#4102=CARTESIAN_POINT('Vertex',(12.3365079191,1.96299784242,1.62000000001)) ;
#4105=CARTESIAN_POINT('Line Origine',(12.3355280195,1.9638677625,1.62000000001)) ;
#4109=CARTESIAN_POINT('Vertex',(12.3345481198,1.96473768258,1.62000000001)) ;
#4112=CARTESIAN_POINT('Line Origine',(12.3336767056,1.96574248415,1.62000000001)) ;
#4116=CARTESIAN_POINT('Vertex',(12.3328052915,1.96674728572,1.62000000001)) ;
#4119=CARTESIAN_POINT('Line Origine',(12.332040764,1.96788747489,1.62000000001)) ;
#4123=CARTESIAN_POINT('Vertex',(12.3312762365,1.96902766406,1.62000000001)) ;
#4126=CARTESIAN_POINT('Line Origine',(12.3306199599,1.97030421626,1.62000000001)) ;
#4130=CARTESIAN_POINT('Vertex',(12.3299636833,1.97158076845,1.62000000001)) ;
#4133=CARTESIAN_POINT('Line Origine',(12.329414528,1.97299122672,1.62000000001)) ;
#4137=CARTESIAN_POINT('Vertex',(12.3288653727,1.97440168498,1.62000000001)) ;
#4140=CARTESIAN_POINT('Line Origine',(12.3284244683,1.97594850627,1.62000000001)) ;
#4144=CARTESIAN_POINT('Vertex',(12.3279835639,1.97749532756,1.62000000001)) ;
#4147=CARTESIAN_POINT('Line Origine',(12.3054427875,1.97392521931,1.62000000001)) ;
#4151=CARTESIAN_POINT('Vertex',(12.2829020111,1.97035511106,1.62000000001)) ;
#4154=CARTESIAN_POINT('Line Origine',(12.2771535705,1.96205238651,1.62000000001)) ;
#4158=CARTESIAN_POINT('Vertex',(12.2714051299,1.95374966197,1.62000000001)) ;
#4161=CARTESIAN_POINT('Line Origine',(12.2626236421,2.00919379389,1.62000000001)) ;
#4306=CARTESIAN_POINT('Line Origine',(12.2650318199,2.07032463803,1.62000000001)) ;
#4310=CARTESIAN_POINT('Vertex',(12.2630774425,2.07140698148,1.62000000001)) ;
#4312=CARTESIAN_POINT('Vertex',(12.2669861973,2.06924229457,1.62000000001)) ;
#4315=CARTESIAN_POINT('Line Origine',(12.2688922525,2.068268478,1.62000000001)) ;
#4319=CARTESIAN_POINT('Vertex',(12.2707983077,2.06729466142,1.62000000001)) ;
#4322=CARTESIAN_POINT('Line Origine',(12.2726567814,2.06642948905,1.62000000001)) ;
#4326=CARTESIAN_POINT('Vertex',(12.274515255,2.06556431668,1.62000000001)) ;
#4329=CARTESIAN_POINT('Line Origine',(12.2763261472,2.06480778851,1.62000000001)) ;
#4333=CARTESIAN_POINT('Vertex',(12.2781370394,2.06405126034,1.62000000001)) ;
#4336=CARTESIAN_POINT('Line Origine',(12.2798997266,2.06340251828,1.62000000001)) ;
#4340=CARTESIAN_POINT('Vertex',(12.2816624138,2.06275377622,1.62000000001)) ;
#4343=CARTESIAN_POINT('Line Origine',(12.2833775195,2.06221367836,1.62000000001)) ;
#4347=CARTESIAN_POINT('Vertex',(12.2850926253,2.06167358051,1.62000000001)) ;
#4350=CARTESIAN_POINT('Line Origine',(12.2867592914,2.06124275029,1.62000000001)) ;
#4354=CARTESIAN_POINT('Vertex',(12.2884259575,2.06081192008,1.62000000001)) ;
#4357=CARTESIAN_POINT('Line Origine',(12.2900459002,2.06048911063,1.62000000001)) ;
#4361=CARTESIAN_POINT('Vertex',(12.2916658429,2.06016630118,1.62000000001)) ;
#4364=CARTESIAN_POINT('Line Origine',(12.2932374633,2.05995201861,1.62000000001)) ;
#4368=CARTESIAN_POINT('Vertex',(12.2948090838,2.05973773604,1.62000000001)) ;
#4371=CARTESIAN_POINT('Line Origine',(12.2942385412,2.05849771682,1.62000000001)) ;
#4375=CARTESIAN_POINT('Vertex',(12.2936679986,2.0572576976,1.62000000001)) ;
#4378=CARTESIAN_POINT('Line Origine',(12.2919197975,2.05745540277,1.62000000001)) ;
#4382=CARTESIAN_POINT('Vertex',(12.2901715963,2.05765310794,1.62000000001)) ;
#4385=CARTESIAN_POINT('Line Origine',(12.2884112531,2.05796582971,1.62000000001)) ;
#4389=CARTESIAN_POINT('Vertex',(12.2866509099,2.05827855149,1.62000000001)) ;
#4392=CARTESIAN_POINT('Line Origine',(12.2848775665,2.05870691331,1.62000000001)) ;
#4396=CARTESIAN_POINT('Vertex',(12.2831042232,2.05913527514,1.62000000001)) ;
#4399=CARTESIAN_POINT('Line Origine',(12.281317997,2.05967853625,1.62000000001)) ;
#4403=CARTESIAN_POINT('Vertex',(12.2795317708,2.06022179736,1.62000000001)) ;
#4406=CARTESIAN_POINT('Line Origine',(12.2777326618,2.06087995775,1.62000000001)) ;
#4410=CARTESIAN_POINT('Vertex',(12.2759335529,2.06153811815,1.62000000001)) ;
#4413=CARTESIAN_POINT('Line Origine',(12.2741221845,2.06231203592,1.62000000001)) ;
#4417=CARTESIAN_POINT('Vertex',(12.2723108161,2.06308595369,1.62000000001)) ;
#4420=CARTESIAN_POINT('Line Origine',(12.270486565,2.06397477075,1.62000000001)) ;
#4424=CARTESIAN_POINT('Vertex',(12.2686623138,2.0648635878,1.62000000001)) ;
#4427=CARTESIAN_POINT('Line Origine',(12.266824439,2.06586718682,1.62000000001)) ;
#4431=CARTESIAN_POINT('Vertex',(12.2649865642,2.06687078583,1.62000000001)) ;
#4434=CARTESIAN_POINT('Line Origine',(12.2631371709,2.06799025955,1.62000000001)) ;
#4438=CARTESIAN_POINT('Vertex',(12.2612877775,2.06910973326,1.62000000001)) ;
#4441=CARTESIAN_POINT('Line Origine',(12.2594247605,2.07034398894,1.62000000001)) ;
#4445=CARTESIAN_POINT('Vertex',(12.2575617436,2.07157824461,1.62000000001)) ;
#4448=CARTESIAN_POINT('Line Origine',(12.2583176341,2.0726836007,1.62000000001)) ;
#4452=CARTESIAN_POINT('Vertex',(12.2590735245,2.07378895679,1.62000000001)) ;
#4455=CARTESIAN_POINT('Line Origine',(12.2610754835,2.07259796914,1.62000000001)) ;
#4484=CARTESIAN_POINT('Line Origine',(12.3479009532,2.05259595708,1.62000000001)) ;
#4488=CARTESIAN_POINT('Vertex',(12.3484824763,2.05411184037,1.62000000001)) ;
#4490=CARTESIAN_POINT('Vertex',(12.34731943,2.05108007378,1.62000000001)) ;
#4493=CARTESIAN_POINT('Line Origine',(12.3242445612,2.04742537359,1.62000000001)) ;
#4497=CARTESIAN_POINT('Vertex',(12.3011696923,2.0437706734,1.62000000001)) ;
#4500=CARTESIAN_POINT('Line Origine',(12.3017512154,2.0452865567,1.62000000001)) ;
#4504=CARTESIAN_POINT('Vertex',(12.3023327386,2.04680243999,1.62000000001)) ;
#4507=CARTESIAN_POINT('Line Origine',(12.3254076074,2.05045714018,1.62000000001)) ;
#4518=CARTESIAN_POINT('Line Origine',(12.3639526488,2.01451085468,1.62000000001)) ;
#4522=CARTESIAN_POINT('Vertex',(12.3410918614,2.01089006167,1.62000000001)) ;
#4524=CARTESIAN_POINT('Vertex',(12.3868134362,2.0181316477,1.62000000001)) ;
#4527=CARTESIAN_POINT('Line Origine',(12.3969692994,2.02937707459,1.62000000001)) ;
#4531=CARTESIAN_POINT('Vertex',(12.4071251626,2.04062250149,1.62000000001)) ;
#4534=CARTESIAN_POINT('Line Origine',(12.4120235168,2.00969551032,1.62000000001)) ;
#4538=CARTESIAN_POINT('Vertex',(12.416921871,1.97876851916,1.62000000001)) ;
#4541=CARTESIAN_POINT('Line Origine',(12.4156910202,1.97720522494,1.62000000001)) ;
#4545=CARTESIAN_POINT('Vertex',(12.4144601695,1.97564193072,1.62000000001)) ;
#4548=CARTESIAN_POINT('Line Origine',(12.4098241559,2.00491256853,1.62000000001)) ;
#4552=CARTESIAN_POINT('Vertex',(12.4051881423,2.03418320635,1.62000000001)) ;
#4555=CARTESIAN_POINT('Line Origine',(12.396853714,2.02492417042,1.62000000001)) ;
#4559=CARTESIAN_POINT('Vertex',(12.3885192857,2.01566513449,1.62000000001)) ;
#4562=CARTESIAN_POINT('Line Origine',(12.3635747228,2.01171430386,1.62000000001)) ;
#4566=CARTESIAN_POINT('Vertex',(12.3386301599,2.00776347323,1.62000000001)) ;
#4569=CARTESIAN_POINT('Line Origine',(12.3369297564,2.01849939857,1.62000000001)) ;
#4573=CARTESIAN_POINT('Vertex',(12.3352293529,2.02923532391,1.62000000001)) ;
#4576=CARTESIAN_POINT('Line Origine',(12.3364262964,2.03101269957,1.62000000001)) ;
#4580=CARTESIAN_POINT('Vertex',(12.33762324,2.03279007524,1.62000000001)) ;
#4583=CARTESIAN_POINT('Line Origine',(12.3393575507,2.02184006845,1.62000000001)) ;
#4601=CARTESIAN_POINT('Axis2P3D Location',(12.1275782121,1.92081968762,1.62000000001)) ;
#4605=CARTESIAN_POINT('Vertex',(12.1252316952,1.93563501273,1.62000000001)) ;
#4607=CARTESIAN_POINT('Vertex',(12.1299247291,1.90600436251,1.62000000001)) ;
#4610=CARTESIAN_POINT('Axis2P3D Location',(12.1275782121,1.92081968762,1.62000000001)) ;
#4620=CARTESIAN_POINT('Axis2P3D Location',(12.3114931321,2.17395685837,1.62000000001)) ;
#4624=CARTESIAN_POINT('Vertex',(12.3091466151,2.18877218348,1.62000000001)) ;
#4626=CARTESIAN_POINT('Vertex',(12.3138396491,2.15914153326,1.62000000001)) ;
#4629=CARTESIAN_POINT('Axis2P3D Location',(12.3114931321,2.17395685837,1.62000000001)) ;
#4639=CARTESIAN_POINT('Axis2P3D Location',(12.1671092475,2.08547830008,1.62000000001)) ;
#4643=CARTESIAN_POINT('Vertex',(12.1647627305,2.10029362519,1.62000000001)) ;
#4645=CARTESIAN_POINT('Vertex',(12.1694557645,2.07066297497,1.62000000001)) ;
#4648=CARTESIAN_POINT('Axis2P3D Location',(12.1671092475,2.08547830008,1.62000000001)) ;
#4658=CARTESIAN_POINT('Axis2P3D Location',(12.5646303028,1.9900419384,1.62000000001)) ;
#4662=CARTESIAN_POINT('Vertex',(12.5622837859,2.00485726351,1.62000000001)) ;
#4664=CARTESIAN_POINT('Vertex',(12.5669768198,1.97522661329,1.62000000001)) ;
#4667=CARTESIAN_POINT('Axis2P3D Location',(12.5646303028,1.9900419384,1.62000000001)) ;
#4677=CARTESIAN_POINT('Axis2P3D Location',(12.4761517446,2.13442582302,1.62000000001)) ;
#4681=CARTESIAN_POINT('Vertex',(12.4738052276,2.14924114813,1.62000000001)) ;
#4683=CARTESIAN_POINT('Vertex',(12.4784982615,2.11961049791,1.62000000001)) ;
#4686=CARTESIAN_POINT('Axis2P3D Location',(12.4761517446,2.13442582302,1.62000000001)) ;
#4696=CARTESIAN_POINT('Axis2P3D Location',(12.3807153829,1.73690476765,1.62000000001)) ;
#4700=CARTESIAN_POINT('Vertex',(12.3830618999,1.72208944254,1.62000000001)) ;
#4702=CARTESIAN_POINT('Vertex',(12.3783688659,1.75172009276,1.62000000001)) ;
#4705=CARTESIAN_POINT('Axis2P3D Location',(12.3807153829,1.73690476765,1.62000000001)) ;
#4715=CARTESIAN_POINT('Axis2P3D Location',(12.2160567704,1.776435803,1.62000000001)) ;
#4719=CARTESIAN_POINT('Vertex',(12.2184032874,1.7616204779,1.62000000001)) ;
#4721=CARTESIAN_POINT('Vertex',(12.2137102534,1.79125112811,1.62000000001)) ;
#4724=CARTESIAN_POINT('Axis2P3D Location',(12.2160567704,1.776435803,1.62000000001)) ;
#4734=CARTESIAN_POINT('Axis2P3D Location',(12.5250992675,1.82538332594,1.62000000001)) ;
#4738=CARTESIAN_POINT('Vertex',(12.5274457845,1.81056800083,1.62000000001)) ;
#4740=CARTESIAN_POINT('Vertex',(12.5227527505,1.84019865105,1.62000000001)) ;
#4743=CARTESIAN_POINT('Axis2P3D Location',(12.5250992675,1.82538332594,1.62000000001)) ;
#4753=CARTESIAN_POINT('Axis2P3D Location',(0.,0.,1.60500000001)) ;
#4758=CARTESIAN_POINT('Line Origine',(12.2771535705,1.96205238651,1.60500000001)) ;
#4762=CARTESIAN_POINT('Vertex',(12.2714051299,1.95374966197,1.60500000001)) ;
#4764=CARTESIAN_POINT('Vertex',(12.2829020111,1.97035511106,1.60500000001)) ;
#4767=CARTESIAN_POINT('Line Origine',(12.3054427875,1.97392521931,1.60500000001)) ;
#4771=CARTESIAN_POINT('Vertex',(12.3279835639,1.97749532756,1.60500000001)) ;
#4774=CARTESIAN_POINT('Line Origine',(12.3284244683,1.97594850627,1.60500000001)) ;
#4778=CARTESIAN_POINT('Vertex',(12.3288653727,1.97440168498,1.60500000001)) ;
#4781=CARTESIAN_POINT('Line Origine',(12.329414528,1.97299122672,1.60500000001)) ;
#4785=CARTESIAN_POINT('Vertex',(12.3299636833,1.97158076845,1.60500000001)) ;
#4788=CARTESIAN_POINT('Line Origine',(12.3306199599,1.97030421626,1.60500000001)) ;
#4792=CARTESIAN_POINT('Vertex',(12.3312762365,1.96902766406,1.60500000001)) ;
#4795=CARTESIAN_POINT('Line Origine',(12.332040764,1.96788747489,1.60500000001)) ;
#4799=CARTESIAN_POINT('Vertex',(12.3328052915,1.96674728572,1.60500000001)) ;
#4802=CARTESIAN_POINT('Line Origine',(12.3336767056,1.96574248415,1.60500000001)) ;
#4806=CARTESIAN_POINT('Vertex',(12.3345481198,1.96473768258,1.60500000001)) ;
#4809=CARTESIAN_POINT('Line Origine',(12.3355280195,1.9638677625,1.60500000001)) ;
#4813=CARTESIAN_POINT('Vertex',(12.3365079191,1.96299784242,1.60500000001)) ;
#4816=CARTESIAN_POINT('Line Origine',(12.3375955636,1.96226268651,1.60500000001)) ;
#4820=CARTESIAN_POINT('Vertex',(12.338683208,1.96152753059,1.60500000001)) ;
#4823=CARTESIAN_POINT('Line Origine',(12.3398791033,1.9609287377,1.60500000001)) ;
#4827=CARTESIAN_POINT('Vertex',(12.3410749986,1.96032994481,1.60500000001)) ;
#4830=CARTESIAN_POINT('Line Origine',(12.3423777806,1.95986653952,1.60500000001)) ;
#4834=CARTESIAN_POINT('Vertex',(12.3436805625,1.95940313423,1.60500000001)) ;
#4837=CARTESIAN_POINT('Line Origine',(12.34509183,1.95907461043,1.60500000001)) ;
#4841=CARTESIAN_POINT('Vertex',(12.3465030975,1.95874608663,1.60500000001)) ;
#4844=CARTESIAN_POINT('Line Origine',(12.3472986922,1.95925556762,1.60500000001)) ;
#4848=CARTESIAN_POINT('Vertex',(12.3480942869,1.95976504861,1.60500000001)) ;
#4851=CARTESIAN_POINT('Line Origine',(12.3472060581,1.96038219713,1.60500000001)) ;
#4855=CARTESIAN_POINT('Vertex',(12.3463178292,1.96099934564,1.60500000001)) ;
#4858=CARTESIAN_POINT('Line Origine',(12.3455060028,1.96165669102,1.60500000001)) ;
#4862=CARTESIAN_POINT('Vertex',(12.3446941764,1.96231403641,1.60500000001)) ;
#4865=CARTESIAN_POINT('Line Origine',(12.3439596105,1.96301095522,1.60500000001)) ;
#4869=CARTESIAN_POINT('Vertex',(12.3432250447,1.96370787403,1.60500000001)) ;
#4872=CARTESIAN_POINT('Line Origine',(12.342567116,1.96444350818,1.60500000001)) ;
#4876=CARTESIAN_POINT('Vertex',(12.3419091872,1.96517914233,1.60500000001)) ;
#4879=CARTESIAN_POINT('Line Origine',(12.3413291425,1.965955208,1.60500000001)) ;
#4883=CARTESIAN_POINT('Vertex',(12.3407490978,1.96673127367,1.60500000001)) ;
#4886=CARTESIAN_POINT('Line Origine',(12.3402448321,1.96754667811,1.60500000001)) ;
#4890=CARTESIAN_POINT('Vertex',(12.3397405664,1.96836208256,1.60500000001)) ;
#4893=CARTESIAN_POINT('Line Origine',(12.339314302,1.96921717776,1.60500000001)) ;
#4897=CARTESIAN_POINT('Vertex',(12.3388880376,1.97007227296,1.60500000001)) ;
#4900=CARTESIAN_POINT('Line Origine',(12.338538293,1.97096682426,1.60500000001)) ;
#4904=CARTESIAN_POINT('Vertex',(12.3381885484,1.97186137556,1.60500000001)) ;
#4907=CARTESIAN_POINT('Line Origine',(12.3379160644,1.9727955003,1.60500000001)) ;
#4911=CARTESIAN_POINT('Vertex',(12.3376435803,1.97372962503,1.60500000001)) ;
#4914=CARTESIAN_POINT('Line Origine',(12.3374474988,1.97470394663,1.60500000001)) ;
#4918=CARTESIAN_POINT('Vertex',(12.3372514172,1.97567826823,1.60500000001)) ;
#4921=CARTESIAN_POINT('Line Origine',(12.3371620519,1.97649180439,1.60500000001)) ;
#4925=CARTESIAN_POINT('Vertex',(12.3370726866,1.97730534055,1.60500000001)) ;
#4928=CARTESIAN_POINT('Line Origine',(12.3370149464,1.97811097672,1.60500000001)) ;
#4932=CARTESIAN_POINT('Vertex',(12.3369572063,1.97891661289,1.60500000001)) ;
#4935=CARTESIAN_POINT('Line Origine',(12.3394676631,1.9793142302,1.60500000001)) ;
#4939=CARTESIAN_POINT('Vertex',(12.3419781199,1.9797118475,1.60500000001)) ;
#4942=CARTESIAN_POINT('Line Origine',(12.3421714064,1.97871202468,1.60500000001)) ;
#4946=CARTESIAN_POINT('Vertex',(12.3423646928,1.97771220186,1.60500000001)) ;
#4949=CARTESIAN_POINT('Line Origine',(12.3426204176,1.97676403249,1.60500000001)) ;
#4953=CARTESIAN_POINT('Vertex',(12.3428761423,1.97581586311,1.60500000001)) ;
#4956=CARTESIAN_POINT('Line Origine',(12.3431929412,1.97491837177,1.60500000001)) ;
#4960=CARTESIAN_POINT('Vertex',(12.3435097401,1.97402088043,1.60500000001)) ;
#4963=CARTESIAN_POINT('Line Origine',(12.3438889774,1.97317504254,1.60500000001)) ;
#4967=CARTESIAN_POINT('Vertex',(12.3442682146,1.97232920464,1.60500000001)) ;
#4970=CARTESIAN_POINT('Line Origine',(12.3447097729,1.97153576096,1.60500000001)) ;
#4974=CARTESIAN_POINT('Vertex',(12.3451513311,1.97074231729,1.60500000001)) ;
#4977=CARTESIAN_POINT('Line Origine',(12.3456539635,1.96999955164,1.60500000001)) ;
#4981=CARTESIAN_POINT('Vertex',(12.3461565959,1.96925678599,1.60500000001)) ;
#4984=CARTESIAN_POINT('Line Origine',(12.3467217839,1.96856493302,1.60500000001)) ;
#4988=CARTESIAN_POINT('Vertex',(12.347286972,1.96787308005,1.60500000001)) ;
#4991=CARTESIAN_POINT('Line Origine',(12.3479137403,1.96723350397,1.60500000001)) ;
#4995=CARTESIAN_POINT('Vertex',(12.3485405086,1.96659392789,1.60500000001)) ;
#4998=CARTESIAN_POINT('Line Origine',(12.3492298325,1.9660052645,1.60500000001)) ;
#5002=CARTESIAN_POINT('Vertex',(12.3499191565,1.9654166011,1.60500000001)) ;
#5005=CARTESIAN_POINT('Line Origine',(12.350670178,1.96487947382,1.60500000001)) ;
#5009=CARTESIAN_POINT('Vertex',(12.3514211996,1.96434234655,1.60500000001)) ;
#5012=CARTESIAN_POINT('Line Origine',(12.3523819833,1.96553482765,1.60500000001)) ;
#5016=CARTESIAN_POINT('Vertex',(12.353342767,1.96672730876,1.60500000001)) ;
#5019=CARTESIAN_POINT('Line Origine',(12.3526540135,1.96726442679,1.60500000001)) ;
#5023=CARTESIAN_POINT('Vertex',(12.35196526,1.96780154482,1.60500000001)) ;
#5026=CARTESIAN_POINT('Line Origine',(12.3513356805,1.96836777815,1.60500000001)) ;
#5030=CARTESIAN_POINT('Vertex',(12.3507061009,1.96893401148,1.60500000001)) ;
#5033=CARTESIAN_POINT('Line Origine',(12.3501354606,1.96953084163,1.60500000001)) ;
#5037=CARTESIAN_POINT('Vertex',(12.3495648202,1.97012767179,1.60500000001)) ;
#5040=CARTESIAN_POINT('Line Origine',(12.3490523784,1.97075498144,1.60500000001)) ;
#5044=CARTESIAN_POINT('Vertex',(12.3485399365,1.9713822911,1.60500000001)) ;
#5047=CARTESIAN_POINT('Line Origine',(12.3480866685,1.97203871605,1.60500000001)) ;
#5051=CARTESIAN_POINT('Vertex',(12.3476334006,1.97269514099,1.60500000001)) ;
#5054=CARTESIAN_POINT('Line Origine',(12.3472390718,1.97338216277,1.60500000001)) ;
#5058=CARTESIAN_POINT('Vertex',(12.3468447431,1.97406918454,1.60500000001)) ;
#5061=CARTESIAN_POINT('Line Origine',(12.3465086129,1.97478668582,1.60500000001)) ;
#5065=CARTESIAN_POINT('Vertex',(12.3461724826,1.9755041871,1.60500000001)) ;
#5068=CARTESIAN_POINT('Line Origine',(12.3458954089,1.97625154443,1.60500000001)) ;
#5072=CARTESIAN_POINT('Vertex',(12.3456183353,1.97699890177,1.60500000001)) ;
#5075=CARTESIAN_POINT('Line Origine',(12.3454003181,1.97777611516,1.60500000001)) ;
#5079=CARTESIAN_POINT('Vertex',(12.345182301,1.97855332856,1.60500000001)) ;
#5082=CARTESIAN_POINT('Line Origine',(12.3450224824,1.97936102146,1.60500000001)) ;
#5086=CARTESIAN_POINT('Vertex',(12.3448626637,1.98016871435,1.60500000001)) ;
#5089=CARTESIAN_POINT('Line Origine',(12.3678308623,1.98380651962,1.60500000001)) ;
#5093=CARTESIAN_POINT('Vertex',(12.3907990608,1.98744432489,1.60500000001)) ;
#5096=CARTESIAN_POINT('Line Origine',(12.3991211936,1.97983779427,1.60500000001)) ;
#5100=CARTESIAN_POINT('Vertex',(12.4074433264,1.97223126365,1.60500000001)) ;
#5103=CARTESIAN_POINT('Line Origine',(12.4032895221,1.99845735215,1.60500000001)) ;
#5107=CARTESIAN_POINT('Vertex',(12.3991357177,2.02468344066,1.60500000001)) ;
#5110=CARTESIAN_POINT('Line Origine',(12.3932754332,2.01674647294,1.60500000001)) ;
#5114=CARTESIAN_POINT('Vertex',(12.3874151487,2.00880950523,1.60500000001)) ;
#5117=CARTESIAN_POINT('Line Origine',(12.3604942214,2.00454564923,1.60500000001)) ;
#5121=CARTESIAN_POINT('Vertex',(12.3335732941,2.00028179323,1.60500000001)) ;
#5124=CARTESIAN_POINT('Line Origine',(12.3316360097,2.01251332564,1.60500000001)) ;
#5128=CARTESIAN_POINT('Vertex',(12.3296987253,2.02474485805,1.60500000001)) ;
#5131=CARTESIAN_POINT('Line Origine',(12.3371444121,2.03512289088,1.60500000001)) ;
#5135=CARTESIAN_POINT('Vertex',(12.3445900988,2.04550092371,1.60500000001)) ;
#5138=CARTESIAN_POINT('Line Origine',(12.3222093279,2.04195615784,1.60500000001)) ;
#5142=CARTESIAN_POINT('Vertex',(12.299828557,2.03841139197,1.60500000001)) ;
#5145=CARTESIAN_POINT('Line Origine',(12.310209123,2.03129490448,1.60500000001)) ;
#5149=CARTESIAN_POINT('Vertex',(12.3205896889,2.02417841698,1.60500000001)) ;
#5152=CARTESIAN_POINT('Line Origine',(12.3218671327,2.01611295399,1.60500000001)) ;
#5156=CARTESIAN_POINT('Vertex',(12.3231445765,2.008047491,1.60500000001)) ;
#5159=CARTESIAN_POINT('Line Origine',(12.3025268294,2.00478196065,1.60500000001)) ;
#5163=CARTESIAN_POINT('Vertex',(12.2819090822,2.0015164303,1.60500000001)) ;
#5166=CARTESIAN_POINT('Line Origine',(12.2816032386,2.00282418647,1.60500000001)) ;
#5170=CARTESIAN_POINT('Vertex',(12.281297395,2.00413194265,1.60500000001)) ;
#5173=CARTESIAN_POINT('Line Origine',(12.2810273474,2.00535272779,1.60500000001)) ;
#5177=CARTESIAN_POINT('Vertex',(12.2807572998,2.00657351292,1.60500000001)) ;
#5180=CARTESIAN_POINT('Line Origine',(12.2805229308,2.00770806779,1.60500000001)) ;
#5184=CARTESIAN_POINT('Vertex',(12.2802885619,2.00884262267,1.60500000001)) ;
#5187=CARTESIAN_POINT('Line Origine',(12.2800898716,2.00989094727,1.60500000001)) ;
#5191=CARTESIAN_POINT('Vertex',(12.2798911813,2.01093927187,1.60500000001)) ;
#5194=CARTESIAN_POINT('Line Origine',(12.2797274289,2.01190124888,1.60500000001)) ;
#5198=CARTESIAN_POINT('Vertex',(12.2795636764,2.01286322589,1.60500000001)) ;
#5201=CARTESIAN_POINT('Line Origine',(12.2793748716,2.01411282494,1.60500000001)) ;
#5205=CARTESIAN_POINT('Vertex',(12.2791860667,2.015362424,1.60500000001)) ;
#5208=CARTESIAN_POINT('Line Origine',(12.2790254822,2.01654891067,1.60500000001)) ;
#5212=CARTESIAN_POINT('Vertex',(12.2788648978,2.01773539734,1.60500000001)) ;
#5215=CARTESIAN_POINT('Line Origine',(12.2787320276,2.01885717278,1.60500000001)) ;
#5219=CARTESIAN_POINT('Vertex',(12.2785991574,2.01997894822,1.60500000001)) ;
#5222=CARTESIAN_POINT('Line Origine',(12.2784953657,2.02103698785,1.60500000001)) ;
#5226=CARTESIAN_POINT('Vertex',(12.278391574,2.02209502747,1.60500000001)) ;
#5229=CARTESIAN_POINT('Line Origine',(12.2783153792,2.02308909662,1.60500000001)) ;
#5233=CARTESIAN_POINT('Vertex',(12.2782391844,2.02408316578,1.60500000001)) ;
#5236=CARTESIAN_POINT('Line Origine',(12.2781913274,2.02501338179,1.60500000001)) ;
#5240=CARTESIAN_POINT('Vertex',(12.2781434704,2.0259435978,1.60500000001)) ;
#5243=CARTESIAN_POINT('Line Origine',(12.2781233276,2.02680910258,1.60500000001)) ;
#5247=CARTESIAN_POINT('Vertex',(12.2781031848,2.02767460735,1.60500000001)) ;
#5250=CARTESIAN_POINT('Line Origine',(12.2781120032,2.02847711708,1.60500000001)) ;
#5254=CARTESIAN_POINT('Vertex',(12.2781208216,2.02927962681,1.60500000001)) ;
#5257=CARTESIAN_POINT('Line Origine',(12.2782222246,2.03069137065,1.60500000001)) ;
#5261=CARTESIAN_POINT('Vertex',(12.2783236277,2.03210311449,1.60500000001)) ;
#5264=CARTESIAN_POINT('Line Origine',(12.2785497094,2.03337969833,1.60500000001)) ;
#5268=CARTESIAN_POINT('Vertex',(12.2787757912,2.03465628217,1.60500000001)) ;
#5271=CARTESIAN_POINT('Line Origine',(12.2791379967,2.03591721781,1.60500000001)) ;
#5275=CARTESIAN_POINT('Vertex',(12.2795002023,2.03717815345,1.60500000001)) ;
#5278=CARTESIAN_POINT('Line Origine',(12.2799977909,2.03842332357,1.60500000001)) ;
#5282=CARTESIAN_POINT('Vertex',(12.2804953795,2.03966849369,1.60500000001)) ;
#5285=CARTESIAN_POINT('Line Origine',(12.2811298327,2.04089813294,1.60500000001)) ;
#5289=CARTESIAN_POINT('Vertex',(12.2817642859,2.04212777219,1.60500000001)) ;
#5292=CARTESIAN_POINT('Line Origine',(12.282534863,2.04334176324,1.60500000001)) ;
#5296=CARTESIAN_POINT('Vertex',(12.28330544,2.0445557543,1.60500000001)) ;
#5299=CARTESIAN_POINT('Line Origine',(12.2823291051,2.04375870891,1.60500000001)) ;
#5303=CARTESIAN_POINT('Vertex',(12.2813527702,2.04296166353,1.60500000001)) ;
#5306=CARTESIAN_POINT('Line Origine',(12.2805149607,2.04201874233,1.60500000001)) ;
#5310=CARTESIAN_POINT('Vertex',(12.2796771513,2.04107582113,1.60500000001)) ;
#5313=CARTESIAN_POINT('Line Origine',(12.2789792315,2.03998799954,1.60500000001)) ;
#5317=CARTESIAN_POINT('Vertex',(12.2782813117,2.03890017794,1.60500000001)) ;
#5320=CARTESIAN_POINT('Line Origine',(12.2777218001,2.0376672213,1.60500000001)) ;
#5324=CARTESIAN_POINT('Vertex',(12.2771622885,2.03643426466,1.60500000001)) ;
#5327=CARTESIAN_POINT('Line Origine',(12.2767420432,2.03505554953,1.60500000001)) ;
#5331=CARTESIAN_POINT('Vertex',(12.2763217978,2.03367683441,1.60500000001)) ;
#5334=CARTESIAN_POINT('Line Origine',(12.276040936,2.03215162002,1.60500000001)) ;
#5338=CARTESIAN_POINT('Vertex',(12.2757600743,2.03062640564,1.60500000001)) ;
#5341=CARTESIAN_POINT('Line Origine',(12.2756182441,2.0289569143,1.60500000001)) ;
#5345=CARTESIAN_POINT('Vertex',(12.2754764139,2.02728742297,1.60500000001)) ;
#5348=CARTESIAN_POINT('Line Origine',(12.2754739673,2.02547143238,1.60500000001)) ;
#5352=CARTESIAN_POINT('Vertex',(12.2754715207,2.02365544179,1.60500000001)) ;
#5355=CARTESIAN_POINT('Line Origine',(12.275608223,2.02169443347,1.60500000001)) ;
#5359=CARTESIAN_POINT('Vertex',(12.2757449253,2.01973342516,1.60500000001)) ;
#5362=CARTESIAN_POINT('Line Origine',(12.2760207766,2.01762739913,1.60500000001)) ;
#5366=CARTESIAN_POINT('Vertex',(12.2762966278,2.01552137309,1.60500000001)) ;
#5369=CARTESIAN_POINT('Line Origine',(12.2765367363,2.01404374225,1.60500000001)) ;
#5373=CARTESIAN_POINT('Vertex',(12.2767768449,2.01256611142,1.60500000001)) ;
#5376=CARTESIAN_POINT('Line Origine',(12.2770248902,2.01112466769,1.60500000001)) ;
#5380=CARTESIAN_POINT('Vertex',(12.2772729355,2.00968322396,1.60500000001)) ;
#5383=CARTESIAN_POINT('Line Origine',(12.2775281769,2.00827785002,1.60500000001)) ;
#5387=CARTESIAN_POINT('Vertex',(12.2777834182,2.00687247609,1.60500000001)) ;
#5390=CARTESIAN_POINT('Line Origine',(12.2780464791,2.00550403003,1.60500000001)) ;
#5394=CARTESIAN_POINT('Vertex',(12.2783095399,2.00413558397,1.60500000001)) ;
#5397=CARTESIAN_POINT('Line Origine',(12.2785797968,2.00280320769,1.60500000001)) ;
#5401=CARTESIAN_POINT('Vertex',(12.2788500537,2.00147083142,1.60500000001)) ;
#5404=CARTESIAN_POINT('Line Origine',(12.2791487172,1.99993033664,1.60500000001)) ;
#5408=CARTESIAN_POINT('Vertex',(12.2794473807,1.99838984186,1.60500000001)) ;
#5411=CARTESIAN_POINT('Line Origine',(12.3015073998,2.00188380564,1.60500000001)) ;
#5415=CARTESIAN_POINT('Vertex',(12.3235674189,2.00537776942,1.60500000001)) ;
#5418=CARTESIAN_POINT('Line Origine',(12.3240835353,2.00211913866,1.60500000001)) ;
#5422=CARTESIAN_POINT('Vertex',(12.3245996517,1.9988605079,1.60500000001)) ;
#5425=CARTESIAN_POINT('Line Origine',(12.2996017537,1.99490122981,1.60500000001)) ;
#5429=CARTESIAN_POINT('Vertex',(12.2746038556,1.99094195172,1.60500000001)) ;
#5432=CARTESIAN_POINT('Line Origine',(12.2743441654,1.99292676355,1.60500000001)) ;
#5436=CARTESIAN_POINT('Vertex',(12.2740844752,1.99491157538,1.60500000001)) ;
#5439=CARTESIAN_POINT('Line Origine',(12.2733172334,2.00010094203,1.60500000001)) ;
#5443=CARTESIAN_POINT('Vertex',(12.2725499916,2.00529030868,1.60500000001)) ;
#5446=CARTESIAN_POINT('Line Origine',(12.2720144472,2.00832641053,1.60500000001)) ;
#5450=CARTESIAN_POINT('Vertex',(12.2714789028,2.01136251238,1.60500000001)) ;
#5453=CARTESIAN_POINT('Line Origine',(12.2712489557,2.01295337691,1.60500000001)) ;
#5457=CARTESIAN_POINT('Vertex',(12.2710190086,2.01454424145,1.60500000001)) ;
#5460=CARTESIAN_POINT('Line Origine',(12.2708470437,2.0160470928,1.60500000001)) ;
#5464=CARTESIAN_POINT('Vertex',(12.2706750788,2.01754994415,1.60500000001)) ;
#5467=CARTESIAN_POINT('Line Origine',(12.2705603552,2.018964665,1.60500000001)) ;
#5471=CARTESIAN_POINT('Vertex',(12.2704456317,2.02037938585,1.60500000001)) ;
#5474=CARTESIAN_POINT('Line Origine',(12.270388773,2.02170683428,1.60500000001)) ;
#5478=CARTESIAN_POINT('Vertex',(12.2703319143,2.02303428271,1.60500000001)) ;
#5481=CARTESIAN_POINT('Line Origine',(12.270332297,2.02427360063,1.60500000001)) ;
#5485=CARTESIAN_POINT('Vertex',(12.2703326796,2.02551291856,1.60500000001)) ;
#5488=CARTESIAN_POINT('Line Origine',(12.2703916679,2.02666508139,1.60500000001)) ;
#5492=CARTESIAN_POINT('Vertex',(12.2704506562,2.02781724423,1.60500000001)) ;
#5495=CARTESIAN_POINT('Line Origine',(12.2705668858,2.02888127655,1.60500000001)) ;
#5499=CARTESIAN_POINT('Vertex',(12.2706831155,2.02994530888,1.60500000001)) ;
#5502=CARTESIAN_POINT('Line Origine',(12.2708565865,2.0309212107,1.60500000001)) ;
#5506=CARTESIAN_POINT('Vertex',(12.2710300576,2.03189711252,1.60500000001)) ;
#5509=CARTESIAN_POINT('Line Origine',(12.2712621342,2.03278585925,1.60500000001)) ;
#5513=CARTESIAN_POINT('Vertex',(12.2714942108,2.03367460598,1.60500000001)) ;
#5516=CARTESIAN_POINT('Line Origine',(12.2717827881,2.03447510488,1.60500000001)) ;
#5520=CARTESIAN_POINT('Vertex',(12.2720713653,2.03527560377,1.60500000001)) ;
#5523=CARTESIAN_POINT('Line Origine',(12.2724414107,2.03604116698,1.60500000001)) ;
#5527=CARTESIAN_POINT('Vertex',(12.2728114561,2.03680673019,1.60500000001)) ;
#5530=CARTESIAN_POINT('Line Origine',(12.2732827518,2.03758984857,1.60500000001)) ;
#5534=CARTESIAN_POINT('Vertex',(12.2737540476,2.03837296695,1.60500000001)) ;
#5537=CARTESIAN_POINT('Line Origine',(12.2743279578,2.03917461593,1.60500000001)) ;
#5541=CARTESIAN_POINT('Vertex',(12.2749018681,2.0399762649,1.60500000001)) ;
#5544=CARTESIAN_POINT('Line Origine',(12.2755778868,2.04079484561,1.60500000001)) ;
#5548=CARTESIAN_POINT('Vertex',(12.2762539054,2.04161342631,1.60500000001)) ;
#5551=CARTESIAN_POINT('Line Origine',(12.2770324213,2.04245127838,1.60500000001)) ;
#5555=CARTESIAN_POINT('Vertex',(12.2778109372,2.04328913044,1.60500000001)) ;
#5558=CARTESIAN_POINT('Line Origine',(12.2786915615,2.04414391424,1.60500000001)) ;
#5562=CARTESIAN_POINT('Vertex',(12.2795721858,2.04499869804,1.60500000001)) ;
#5565=CARTESIAN_POINT('Line Origine',(12.280555542,2.04587127166,1.60500000001)) ;
#5569=CARTESIAN_POINT('Vertex',(12.2815388981,2.04674384529,1.60500000001)) ;
#5572=CARTESIAN_POINT('Line Origine',(12.2826242454,2.04763409141,1.60500000001)) ;
#5576=CARTESIAN_POINT('Vertex',(12.2837095926,2.04852433754,1.60500000001)) ;
#5579=CARTESIAN_POINT('Line Origine',(12.2848975544,2.04943311425,1.60500000001)) ;
#5583=CARTESIAN_POINT('Vertex',(12.2860855162,2.05034189097,1.60500000001)) ;
#5586=CARTESIAN_POINT('Line Origine',(12.2873755864,2.05126759941,1.60500000001)) ;
#5590=CARTESIAN_POINT('Vertex',(12.2886656566,2.05219330786,1.60500000001)) ;
#5593=CARTESIAN_POINT('Line Origine',(12.2875297746,2.05245154612,1.60500000001)) ;
#5597=CARTESIAN_POINT('Vertex',(12.2863938927,2.05270978437,1.60500000001)) ;
#5600=CARTESIAN_POINT('Line Origine',(12.2852449484,2.05296899115,1.60500000001)) ;
#5604=CARTESIAN_POINT('Vertex',(12.2840960041,2.05322819794,1.60500000001)) ;
#5607=CARTESIAN_POINT('Line Origine',(12.2830110073,2.05348158667,1.60500000001)) ;
#5611=CARTESIAN_POINT('Vertex',(12.2819260104,2.05373497541,1.60500000001)) ;
#5614=CARTESIAN_POINT('Line Origine',(12.2809042202,2.05398242877,1.60500000001)) ;
#5618=CARTESIAN_POINT('Vertex',(12.2798824301,2.05422988213,1.60500000001)) ;
#5621=CARTESIAN_POINT('Line Origine',(12.2789238466,2.05447140012,1.60500000001)) ;
#5625=CARTESIAN_POINT('Vertex',(12.2779652631,2.05471291812,1.60500000001)) ;
#5628=CARTESIAN_POINT('Line Origine',(12.2770698863,2.05494850074,1.60500000001)) ;
#5632=CARTESIAN_POINT('Vertex',(12.2761745095,2.05518408336,1.60500000001)) ;
#5635=CARTESIAN_POINT('Line Origine',(12.275342222,2.05541447137,1.60500000001)) ;
#5639=CARTESIAN_POINT('Vertex',(12.2745099345,2.05564485938,1.60500000001)) ;
#5642=CARTESIAN_POINT('Line Origine',(12.2737409711,2.05586857126,1.60500000001)) ;
#5646=CARTESIAN_POINT('Vertex',(12.2729720076,2.05609228314,1.60500000001)) ;
#5649=CARTESIAN_POINT('Line Origine',(12.2716250649,2.05652287619,1.60500000001)) ;
#5653=CARTESIAN_POINT('Vertex',(12.2702781222,2.05695346925,1.60500000001)) ;
#5656=CARTESIAN_POINT('Line Origine',(12.2691308919,2.05737924489,1.60500000001)) ;
#5660=CARTESIAN_POINT('Vertex',(12.2679836616,2.05780502054,1.60500000001)) ;
#5663=CARTESIAN_POINT('Line Origine',(12.2667165998,2.0583401467,1.60500000001)) ;
#5667=CARTESIAN_POINT('Vertex',(12.265449538,2.05887527285,1.60500000001)) ;
#5670=CARTESIAN_POINT('Line Origine',(12.2647502457,2.05919126989,1.60500000001)) ;
#5674=CARTESIAN_POINT('Vertex',(12.2640509535,2.05950726692,1.60500000001)) ;
#5677=CARTESIAN_POINT('Line Origine',(12.2633087566,2.05985443598,1.60500000001)) ;
#5681=CARTESIAN_POINT('Vertex',(12.2625665597,2.06020160503,1.60500000001)) ;
#5684=CARTESIAN_POINT('Line Origine',(12.2617812236,2.06058142764,1.60500000001)) ;
#5688=CARTESIAN_POINT('Vertex',(12.2609958874,2.06096125025,1.60500000001)) ;
#5691=CARTESIAN_POINT('Line Origine',(12.2601667886,2.06137286832,1.60500000001)) ;
#5695=CARTESIAN_POINT('Vertex',(12.2593376898,2.06178448639,1.60500000001)) ;
#5698=CARTESIAN_POINT('Line Origine',(12.258465569,2.06222801724,1.60500000001)) ;
#5702=CARTESIAN_POINT('Vertex',(12.2575934482,2.0626715481,1.60500000001)) ;
#5705=CARTESIAN_POINT('Line Origine',(12.2566775648,2.06314687441,1.60500000001)) ;
#5709=CARTESIAN_POINT('Vertex',(12.2557616813,2.06362220073,1.60500000001)) ;
#5712=CARTESIAN_POINT('Line Origine',(12.2548019178,2.06413006327,1.60500000001)) ;
#5716=CARTESIAN_POINT('Vertex',(12.2538421543,2.06463792582,1.60500000001)) ;
#5719=CARTESIAN_POINT('Line Origine',(12.2626236421,2.00919379389,1.60500000001)) ;
#5873=CARTESIAN_POINT('Axis2P3D Location',(12.2829020111,1.97035511106,1.62000000001)) ;
#5878=CARTESIAN_POINT('Line Origine',(12.2829020111,1.97035511106,1.61250000001)) ;
#5883=CARTESIAN_POINT('Line Origine',(12.2714051299,1.95374966197,1.61250000001)) ;
#5902=CARTESIAN_POINT('Axis2P3D Location',(12.3279835639,1.97749532756,1.62000000001)) ;
#5907=CARTESIAN_POINT('Line Origine',(12.3279835639,1.97749532756,1.61250000001)) ;
#5926=CARTESIAN_POINT('Axis2P3D Location',(12.3288653727,1.97440168498,1.62000000001)) ;
#5931=CARTESIAN_POINT('Line Origine',(12.3288653727,1.97440168498,1.61250000001)) ;
#5950=CARTESIAN_POINT('Axis2P3D Location',(12.3299636833,1.97158076845,1.62000000001)) ;
#5955=CARTESIAN_POINT('Line Origine',(12.3299636833,1.97158076845,1.61250000001)) ;
#5974=CARTESIAN_POINT('Axis2P3D Location',(12.3312762365,1.96902766406,1.62000000001)) ;
#5979=CARTESIAN_POINT('Line Origine',(12.3312762365,1.96902766406,1.61250000001)) ;
#5998=CARTESIAN_POINT('Axis2P3D Location',(12.3328052915,1.96674728572,1.62000000001)) ;
#6003=CARTESIAN_POINT('Line Origine',(12.3328052915,1.96674728572,1.61250000001)) ;
#6022=CARTESIAN_POINT('Axis2P3D Location',(12.3345481198,1.96473768258,1.62000000001)) ;
#6027=CARTESIAN_POINT('Line Origine',(12.3345481198,1.96473768258,1.61250000001)) ;
#6046=CARTESIAN_POINT('Axis2P3D Location',(12.3365079191,1.96299784242,1.62000000001)) ;
#6051=CARTESIAN_POINT('Line Origine',(12.3365079191,1.96299784242,1.61250000001)) ;
#6070=CARTESIAN_POINT('Axis2P3D Location',(12.338683208,1.96152753059,1.62000000001)) ;
#6075=CARTESIAN_POINT('Line Origine',(12.338683208,1.96152753059,1.61250000001)) ;
#6094=CARTESIAN_POINT('Axis2P3D Location',(12.3410749986,1.96032994481,1.62000000001)) ;
#6099=CARTESIAN_POINT('Line Origine',(12.3410749986,1.96032994481,1.61250000001)) ;
#6118=CARTESIAN_POINT('Axis2P3D Location',(12.3436805625,1.95940313423,1.62000000001)) ;
#6123=CARTESIAN_POINT('Line Origine',(12.3436805625,1.95940313423,1.61250000001)) ;
#6142=CARTESIAN_POINT('Axis2P3D Location',(12.3465030975,1.95874608663,1.62000000001)) ;
#6147=CARTESIAN_POINT('Line Origine',(12.3465030975,1.95874608663,1.61250000001)) ;
#6166=CARTESIAN_POINT('Axis2P3D Location',(12.3480942869,1.95976504861,1.62000000001)) ;
#6171=CARTESIAN_POINT('Line Origine',(12.3480942869,1.95976504861,1.61250000001)) ;
#6190=CARTESIAN_POINT('Axis2P3D Location',(12.3463178292,1.96099934564,1.62000000001)) ;
#6195=CARTESIAN_POINT('Line Origine',(12.3463178292,1.96099934564,1.61250000001)) ;
#6214=CARTESIAN_POINT('Axis2P3D Location',(12.3446941764,1.96231403641,1.62000000001)) ;
#6219=CARTESIAN_POINT('Line Origine',(12.3446941764,1.96231403641,1.61250000001)) ;
#6238=CARTESIAN_POINT('Axis2P3D Location',(12.3432250447,1.96370787403,1.62000000001)) ;
#6243=CARTESIAN_POINT('Line Origine',(12.3432250447,1.96370787403,1.61250000001)) ;
#6262=CARTESIAN_POINT('Axis2P3D Location',(12.3419091872,1.96517914233,1.62000000001)) ;
#6267=CARTESIAN_POINT('Line Origine',(12.3419091872,1.96517914233,1.61250000001)) ;
#6286=CARTESIAN_POINT('Axis2P3D Location',(12.3407490978,1.96673127367,1.62000000001)) ;
#6291=CARTESIAN_POINT('Line Origine',(12.3407490978,1.96673127367,1.61250000001)) ;
#6310=CARTESIAN_POINT('Axis2P3D Location',(12.3397405664,1.96836208256,1.62000000001)) ;
#6315=CARTESIAN_POINT('Line Origine',(12.3397405664,1.96836208256,1.61250000001)) ;
#6334=CARTESIAN_POINT('Axis2P3D Location',(12.3388880376,1.97007227296,1.62000000001)) ;
#6339=CARTESIAN_POINT('Line Origine',(12.3388880376,1.97007227296,1.61250000001)) ;
#6358=CARTESIAN_POINT('Axis2P3D Location',(12.3381885484,1.97186137556,1.62000000001)) ;
#6363=CARTESIAN_POINT('Line Origine',(12.3381885484,1.97186137556,1.61250000001)) ;
#6382=CARTESIAN_POINT('Axis2P3D Location',(12.3376435803,1.97372962503,1.62000000001)) ;
#6387=CARTESIAN_POINT('Line Origine',(12.3376435803,1.97372962503,1.61250000001)) ;
#6406=CARTESIAN_POINT('Axis2P3D Location',(12.3372514172,1.97567826823,1.62000000001)) ;
#6411=CARTESIAN_POINT('Line Origine',(12.3372514172,1.97567826823,1.61250000001)) ;
#6430=CARTESIAN_POINT('Axis2P3D Location',(12.3370726866,1.97730534055,1.62000000001)) ;
#6435=CARTESIAN_POINT('Line Origine',(12.3370726866,1.97730534055,1.61250000001)) ;
#6454=CARTESIAN_POINT('Axis2P3D Location',(12.3369572063,1.97891661289,1.62000000001)) ;
#6459=CARTESIAN_POINT('Line Origine',(12.3369572063,1.97891661289,1.61250000001)) ;
#6478=CARTESIAN_POINT('Line Origine',(12.3419781199,1.9797118475,1.61250000001)) ;
#6497=CARTESIAN_POINT('Axis2P3D Location',(12.3423646928,1.97771220186,1.62000000001)) ;
#6502=CARTESIAN_POINT('Line Origine',(12.3423646928,1.97771220186,1.61250000001)) ;
#6521=CARTESIAN_POINT('Axis2P3D Location',(12.3428761423,1.97581586311,1.62000000001)) ;
#6526=CARTESIAN_POINT('Line Origine',(12.3428761423,1.97581586311,1.61250000001)) ;
#6545=CARTESIAN_POINT('Axis2P3D Location',(12.3435097401,1.97402088043,1.62000000001)) ;
#6550=CARTESIAN_POINT('Line Origine',(12.3435097401,1.97402088043,1.61250000001)) ;
#6569=CARTESIAN_POINT('Axis2P3D Location',(12.3442682146,1.97232920464,1.62000000001)) ;
#6574=CARTESIAN_POINT('Line Origine',(12.3442682146,1.97232920464,1.61250000001)) ;
#6593=CARTESIAN_POINT('Axis2P3D Location',(12.3451513311,1.97074231729,1.62000000001)) ;
#6598=CARTESIAN_POINT('Line Origine',(12.3451513311,1.97074231729,1.61250000001)) ;
#6617=CARTESIAN_POINT('Axis2P3D Location',(12.3461565959,1.96925678599,1.62000000001)) ;
#6622=CARTESIAN_POINT('Line Origine',(12.3461565959,1.96925678599,1.61250000001)) ;
#6641=CARTESIAN_POINT('Axis2P3D Location',(12.347286972,1.96787308005,1.62000000001)) ;
#6646=CARTESIAN_POINT('Line Origine',(12.347286972,1.96787308005,1.61250000001)) ;
#6665=CARTESIAN_POINT('Axis2P3D Location',(12.3485405086,1.96659392789,1.62000000001)) ;
#6670=CARTESIAN_POINT('Line Origine',(12.3485405086,1.96659392789,1.61250000001)) ;
#6689=CARTESIAN_POINT('Axis2P3D Location',(12.3499191565,1.9654166011,1.62000000001)) ;
#6694=CARTESIAN_POINT('Line Origine',(12.3499191565,1.9654166011,1.61250000001)) ;
#6713=CARTESIAN_POINT('Axis2P3D Location',(12.3514211996,1.96434234655,1.62000000001)) ;
#6718=CARTESIAN_POINT('Line Origine',(12.3514211996,1.96434234655,1.61250000001)) ;
#6737=CARTESIAN_POINT('Axis2P3D Location',(12.353342767,1.96672730876,1.62000000001)) ;
#6742=CARTESIAN_POINT('Line Origine',(12.353342767,1.96672730876,1.61250000001)) ;
#6761=CARTESIAN_POINT('Axis2P3D Location',(12.35196526,1.96780154482,1.62000000001)) ;
#6766=CARTESIAN_POINT('Line Origine',(12.35196526,1.96780154482,1.61250000001)) ;
#6785=CARTESIAN_POINT('Axis2P3D Location',(12.3507061009,1.96893401148,1.62000000001)) ;
#6790=CARTESIAN_POINT('Line Origine',(12.3507061009,1.96893401148,1.61250000001)) ;
#6809=CARTESIAN_POINT('Axis2P3D Location',(12.3495648202,1.97012767179,1.62000000001)) ;
#6814=CARTESIAN_POINT('Line Origine',(12.3495648202,1.97012767179,1.61250000001)) ;
#6833=CARTESIAN_POINT('Axis2P3D Location',(12.3485399365,1.9713822911,1.62000000001)) ;
#6838=CARTESIAN_POINT('Line Origine',(12.3485399365,1.9713822911,1.61250000001)) ;
#6857=CARTESIAN_POINT('Axis2P3D Location',(12.3476334006,1.97269514099,1.62000000001)) ;
#6862=CARTESIAN_POINT('Line Origine',(12.3476334006,1.97269514099,1.61250000001)) ;
#6881=CARTESIAN_POINT('Axis2P3D Location',(12.3468447431,1.97406918454,1.62000000001)) ;
#6886=CARTESIAN_POINT('Line Origine',(12.3468447431,1.97406918454,1.61250000001)) ;
#6905=CARTESIAN_POINT('Axis2P3D Location',(12.3461724826,1.9755041871,1.62000000001)) ;
#6910=CARTESIAN_POINT('Line Origine',(12.3461724826,1.9755041871,1.61250000001)) ;
#6929=CARTESIAN_POINT('Axis2P3D Location',(12.3456183353,1.97699890177,1.62000000001)) ;
#6934=CARTESIAN_POINT('Line Origine',(12.3456183353,1.97699890177,1.61250000001)) ;
#6953=CARTESIAN_POINT('Axis2P3D Location',(12.345182301,1.97855332856,1.62000000001)) ;
#6958=CARTESIAN_POINT('Line Origine',(12.345182301,1.97855332856,1.61250000001)) ;
#6977=CARTESIAN_POINT('Axis2P3D Location',(12.3448626637,1.98016871435,1.62000000001)) ;
#6982=CARTESIAN_POINT('Line Origine',(12.3448626637,1.98016871435,1.61250000001)) ;
#7001=CARTESIAN_POINT('Line Origine',(12.3907990608,1.98744432489,1.61250000001)) ;
#7020=CARTESIAN_POINT('Axis2P3D Location',(12.4074433264,1.97223126365,1.62000000001)) ;
#7025=CARTESIAN_POINT('Line Origine',(12.4074433264,1.97223126365,1.61250000001)) ;
#7044=CARTESIAN_POINT('Axis2P3D Location',(12.3991357177,2.02468344066,1.62000000001)) ;
#7049=CARTESIAN_POINT('Line Origine',(12.3991357177,2.02468344066,1.61250000001)) ;
#7068=CARTESIAN_POINT('Axis2P3D Location',(12.3874151487,2.00880950523,1.62000000001)) ;
#7073=CARTESIAN_POINT('Line Origine',(12.3874151487,2.00880950523,1.61250000001)) ;
#7092=CARTESIAN_POINT('Axis2P3D Location',(12.3335732941,2.00028179323,1.62000000001)) ;
#7097=CARTESIAN_POINT('Line Origine',(12.3335732941,2.00028179323,1.61250000001)) ;
#7116=CARTESIAN_POINT('Axis2P3D Location',(12.3296987253,2.02474485805,1.62000000001)) ;
#7121=CARTESIAN_POINT('Line Origine',(12.3296987253,2.02474485805,1.61250000001)) ;
#7140=CARTESIAN_POINT('Axis2P3D Location',(12.3445900988,2.04550092371,1.62000000001)) ;
#7145=CARTESIAN_POINT('Line Origine',(12.3445900988,2.04550092371,1.61250000001)) ;
#7164=CARTESIAN_POINT('Axis2P3D Location',(12.299828557,2.03841139197,1.62000000001)) ;
#7169=CARTESIAN_POINT('Line Origine',(12.299828557,2.03841139197,1.61250000001)) ;
#7188=CARTESIAN_POINT('Axis2P3D Location',(12.3205896889,2.02417841698,1.62000000001)) ;
#7193=CARTESIAN_POINT('Line Origine',(12.3205896889,2.02417841698,1.61250000001)) ;
#7212=CARTESIAN_POINT('Axis2P3D Location',(12.3231445765,2.008047491,1.62000000001)) ;
#7217=CARTESIAN_POINT('Line Origine',(12.3231445765,2.008047491,1.61250000001)) ;
#7236=CARTESIAN_POINT('Axis2P3D Location',(12.2819090822,2.0015164303,1.62000000001)) ;
#7241=CARTESIAN_POINT('Line Origine',(12.2819090822,2.0015164303,1.61250000001)) ;
#7260=CARTESIAN_POINT('Axis2P3D Location',(12.281297395,2.00413194265,1.62000000001)) ;
#7265=CARTESIAN_POINT('Line Origine',(12.281297395,2.00413194265,1.61250000001)) ;
#7284=CARTESIAN_POINT('Axis2P3D Location',(12.2807572998,2.00657351292,1.62000000001)) ;
#7289=CARTESIAN_POINT('Line Origine',(12.2807572998,2.00657351292,1.61250000001)) ;
#7308=CARTESIAN_POINT('Axis2P3D Location',(12.2802885619,2.00884262267,1.62000000001)) ;
#7313=CARTESIAN_POINT('Line Origine',(12.2802885619,2.00884262267,1.61250000001)) ;
#7332=CARTESIAN_POINT('Axis2P3D Location',(12.2798911813,2.01093927187,1.62000000001)) ;
#7337=CARTESIAN_POINT('Line Origine',(12.2798911813,2.01093927187,1.61250000001)) ;
#7356=CARTESIAN_POINT('Axis2P3D Location',(12.2795636764,2.01286322589,1.62000000001)) ;
#7361=CARTESIAN_POINT('Line Origine',(12.2795636764,2.01286322589,1.61250000001)) ;
#7380=CARTESIAN_POINT('Axis2P3D Location',(12.2791860667,2.015362424,1.62000000001)) ;
#7385=CARTESIAN_POINT('Line Origine',(12.2791860667,2.015362424,1.61250000001)) ;
#7404=CARTESIAN_POINT('Axis2P3D Location',(12.2788648978,2.01773539734,1.62000000001)) ;
#7409=CARTESIAN_POINT('Line Origine',(12.2788648978,2.01773539734,1.61250000001)) ;
#7428=CARTESIAN_POINT('Axis2P3D Location',(12.2785991574,2.01997894822,1.62000000001)) ;
#7433=CARTESIAN_POINT('Line Origine',(12.2785991574,2.01997894822,1.61250000001)) ;
#7452=CARTESIAN_POINT('Axis2P3D Location',(12.278391574,2.02209502747,1.62000000001)) ;
#7457=CARTESIAN_POINT('Line Origine',(12.278391574,2.02209502747,1.61250000001)) ;
#7476=CARTESIAN_POINT('Axis2P3D Location',(12.2782391844,2.02408316578,1.62000000001)) ;
#7481=CARTESIAN_POINT('Line Origine',(12.2782391844,2.02408316578,1.61250000001)) ;
#7500=CARTESIAN_POINT('Axis2P3D Location',(12.2781434704,2.0259435978,1.62000000001)) ;
#7505=CARTESIAN_POINT('Line Origine',(12.2781434704,2.0259435978,1.61250000001)) ;
#7524=CARTESIAN_POINT('Axis2P3D Location',(12.2781031848,2.02767460735,1.62000000001)) ;
#7529=CARTESIAN_POINT('Line Origine',(12.2781031848,2.02767460735,1.61250000001)) ;
#7548=CARTESIAN_POINT('Axis2P3D Location',(12.2781208216,2.02927962681,1.62000000001)) ;
#7553=CARTESIAN_POINT('Line Origine',(12.2781208216,2.02927962681,1.61250000001)) ;
#7572=CARTESIAN_POINT('Axis2P3D Location',(12.2783236277,2.03210311449,1.62000000001)) ;
#7577=CARTESIAN_POINT('Line Origine',(12.2783236277,2.03210311449,1.61250000001)) ;
#7596=CARTESIAN_POINT('Axis2P3D Location',(12.2787757912,2.03465628217,1.62000000001)) ;
#7601=CARTESIAN_POINT('Line Origine',(12.2787757912,2.03465628217,1.61250000001)) ;
#7620=CARTESIAN_POINT('Axis2P3D Location',(12.2795002023,2.03717815345,1.62000000001)) ;
#7625=CARTESIAN_POINT('Line Origine',(12.2795002023,2.03717815345,1.61250000001)) ;
#7644=CARTESIAN_POINT('Axis2P3D Location',(12.2804953795,2.03966849369,1.62000000001)) ;
#7649=CARTESIAN_POINT('Line Origine',(12.2804953795,2.03966849369,1.61250000001)) ;
#7668=CARTESIAN_POINT('Axis2P3D Location',(12.2817642859,2.04212777219,1.62000000001)) ;
#7673=CARTESIAN_POINT('Line Origine',(12.2817642859,2.04212777219,1.61250000001)) ;
#7692=CARTESIAN_POINT('Axis2P3D Location',(12.28330544,2.0445557543,1.62000000001)) ;
#7697=CARTESIAN_POINT('Line Origine',(12.28330544,2.0445557543,1.61250000001)) ;
#7716=CARTESIAN_POINT('Axis2P3D Location',(12.2813527702,2.04296166353,1.62000000001)) ;
#7721=CARTESIAN_POINT('Line Origine',(12.2813527702,2.04296166353,1.61250000001)) ;
#7740=CARTESIAN_POINT('Axis2P3D Location',(12.2796771513,2.04107582113,1.62000000001)) ;
#7745=CARTESIAN_POINT('Line Origine',(12.2796771513,2.04107582113,1.61250000001)) ;
#7764=CARTESIAN_POINT('Axis2P3D Location',(12.2782813117,2.03890017794,1.62000000001)) ;
#7769=CARTESIAN_POINT('Line Origine',(12.2782813117,2.03890017794,1.61250000001)) ;
#7788=CARTESIAN_POINT('Axis2P3D Location',(12.2771622885,2.03643426466,1.62000000001)) ;
#7793=CARTESIAN_POINT('Line Origine',(12.2771622885,2.03643426466,1.61250000001)) ;
#7812=CARTESIAN_POINT('Axis2P3D Location',(12.2763217978,2.03367683441,1.62000000001)) ;
#7817=CARTESIAN_POINT('Line Origine',(12.2763217978,2.03367683441,1.61250000001)) ;
#7836=CARTESIAN_POINT('Axis2P3D Location',(12.2757600743,2.03062640564,1.62000000001)) ;
#7841=CARTESIAN_POINT('Line Origine',(12.2757600743,2.03062640564,1.61250000001)) ;
#7860=CARTESIAN_POINT('Axis2P3D Location',(12.2754764139,2.02728742297,1.62000000001)) ;
#7865=CARTESIAN_POINT('Line Origine',(12.2754764139,2.02728742297,1.61250000001)) ;
#7884=CARTESIAN_POINT('Axis2P3D Location',(12.2754715207,2.02365544179,1.62000000001)) ;
#7889=CARTESIAN_POINT('Line Origine',(12.2754715207,2.02365544179,1.61250000001)) ;
#7908=CARTESIAN_POINT('Axis2P3D Location',(12.2757449253,2.01973342516,1.62000000001)) ;
#7913=CARTESIAN_POINT('Line Origine',(12.2757449253,2.01973342516,1.61250000001)) ;
#7932=CARTESIAN_POINT('Axis2P3D Location',(12.2762966278,2.01552137309,1.62000000001)) ;
#7937=CARTESIAN_POINT('Line Origine',(12.2762966278,2.01552137309,1.61250000001)) ;
#7956=CARTESIAN_POINT('Axis2P3D Location',(12.2767768449,2.01256611142,1.62000000001)) ;
#7961=CARTESIAN_POINT('Line Origine',(12.2767768449,2.01256611142,1.61250000001)) ;
#7980=CARTESIAN_POINT('Axis2P3D Location',(12.2772729355,2.00968322396,1.62000000001)) ;
#7985=CARTESIAN_POINT('Line Origine',(12.2772729355,2.00968322396,1.61250000001)) ;
#8004=CARTESIAN_POINT('Axis2P3D Location',(12.2777834182,2.00687247609,1.62000000001)) ;
#8009=CARTESIAN_POINT('Line Origine',(12.2777834182,2.00687247609,1.61250000001)) ;
#8028=CARTESIAN_POINT('Axis2P3D Location',(12.2783095399,2.00413558397,1.62000000001)) ;
#8033=CARTESIAN_POINT('Line Origine',(12.2783095399,2.00413558397,1.61250000001)) ;
#8052=CARTESIAN_POINT('Axis2P3D Location',(12.2788500537,2.00147083142,1.62000000001)) ;
#8057=CARTESIAN_POINT('Line Origine',(12.2788500537,2.00147083142,1.61250000001)) ;
#8076=CARTESIAN_POINT('Axis2P3D Location',(12.2794473807,1.99838984186,1.62000000001)) ;
#8081=CARTESIAN_POINT('Line Origine',(12.2794473807,1.99838984186,1.61250000001)) ;
#8100=CARTESIAN_POINT('Axis2P3D Location',(12.3235674189,2.00537776942,1.62000000001)) ;
#8105=CARTESIAN_POINT('Line Origine',(12.3235674189,2.00537776942,1.61250000001)) ;
#8124=CARTESIAN_POINT('Line Origine',(12.3245996517,1.9988605079,1.61250000001)) ;
#8143=CARTESIAN_POINT('Line Origine',(12.2746038556,1.99094195172,1.61250000001)) ;
#8162=CARTESIAN_POINT('Axis2P3D Location',(12.2740844752,1.99491157538,1.62000000001)) ;
#8167=CARTESIAN_POINT('Line Origine',(12.2740844752,1.99491157538,1.61250000001)) ;
#8186=CARTESIAN_POINT('Axis2P3D Location',(12.2725499916,2.00529030868,1.62000000001)) ;
#8191=CARTESIAN_POINT('Line Origine',(12.2725499916,2.00529030868,1.61250000001)) ;
#8210=CARTESIAN_POINT('Axis2P3D Location',(12.2714789028,2.01136251238,1.62000000001)) ;
#8215=CARTESIAN_POINT('Line Origine',(12.2714789028,2.01136251238,1.61250000001)) ;
#8234=CARTESIAN_POINT('Axis2P3D Location',(12.2710190086,2.01454424145,1.62000000001)) ;
#8239=CARTESIAN_POINT('Line Origine',(12.2710190086,2.01454424145,1.61250000001)) ;
#8258=CARTESIAN_POINT('Axis2P3D Location',(12.2706750788,2.01754994415,1.62000000001)) ;
#8263=CARTESIAN_POINT('Line Origine',(12.2706750788,2.01754994415,1.61250000001)) ;
#8282=CARTESIAN_POINT('Axis2P3D Location',(12.2704456317,2.02037938585,1.62000000001)) ;
#8287=CARTESIAN_POINT('Line Origine',(12.2704456317,2.02037938585,1.61250000001)) ;
#8306=CARTESIAN_POINT('Axis2P3D Location',(12.2703319143,2.02303428271,1.62000000001)) ;
#8311=CARTESIAN_POINT('Line Origine',(12.2703319143,2.02303428271,1.61250000001)) ;
#8330=CARTESIAN_POINT('Axis2P3D Location',(12.2703326796,2.02551291856,1.62000000001)) ;
#8335=CARTESIAN_POINT('Line Origine',(12.2703326796,2.02551291856,1.61250000001)) ;
#8354=CARTESIAN_POINT('Axis2P3D Location',(12.2704506562,2.02781724423,1.62000000001)) ;
#8359=CARTESIAN_POINT('Line Origine',(12.2704506562,2.02781724423,1.61250000001)) ;
#8378=CARTESIAN_POINT('Axis2P3D Location',(12.2706831155,2.02994530888,1.62000000001)) ;
#8383=CARTESIAN_POINT('Line Origine',(12.2706831155,2.02994530888,1.61250000001)) ;
#8402=CARTESIAN_POINT('Axis2P3D Location',(12.2710300576,2.03189711252,1.62000000001)) ;
#8407=CARTESIAN_POINT('Line Origine',(12.2710300576,2.03189711252,1.61250000001)) ;
#8426=CARTESIAN_POINT('Axis2P3D Location',(12.2714942108,2.03367460598,1.62000000001)) ;
#8431=CARTESIAN_POINT('Line Origine',(12.2714942108,2.03367460598,1.61250000001)) ;
#8450=CARTESIAN_POINT('Axis2P3D Location',(12.2720713653,2.03527560377,1.62000000001)) ;
#8455=CARTESIAN_POINT('Line Origine',(12.2720713653,2.03527560377,1.61250000001)) ;
#8474=CARTESIAN_POINT('Axis2P3D Location',(12.2728114561,2.03680673019,1.62000000001)) ;
#8479=CARTESIAN_POINT('Line Origine',(12.2728114561,2.03680673019,1.61250000001)) ;
#8498=CARTESIAN_POINT('Axis2P3D Location',(12.2737540476,2.03837296695,1.62000000001)) ;
#8503=CARTESIAN_POINT('Line Origine',(12.2737540476,2.03837296695,1.61250000001)) ;
#8522=CARTESIAN_POINT('Axis2P3D Location',(12.2749018681,2.0399762649,1.62000000001)) ;
#8527=CARTESIAN_POINT('Line Origine',(12.2749018681,2.0399762649,1.61250000001)) ;
#8546=CARTESIAN_POINT('Axis2P3D Location',(12.2762539054,2.04161342631,1.62000000001)) ;
#8551=CARTESIAN_POINT('Line Origine',(12.2762539054,2.04161342631,1.61250000001)) ;
#8570=CARTESIAN_POINT('Axis2P3D Location',(12.2778109372,2.04328913044,1.62000000001)) ;
#8575=CARTESIAN_POINT('Line Origine',(12.2778109372,2.04328913044,1.61250000001)) ;
#8594=CARTESIAN_POINT('Axis2P3D Location',(12.2795721858,2.04499869804,1.62000000001)) ;
#8599=CARTESIAN_POINT('Line Origine',(12.2795721858,2.04499869804,1.61250000001)) ;
#8618=CARTESIAN_POINT('Axis2P3D Location',(12.2815388981,2.04674384529,1.62000000001)) ;
#8623=CARTESIAN_POINT('Line Origine',(12.2815388981,2.04674384529,1.61250000001)) ;
#8642=CARTESIAN_POINT('Axis2P3D Location',(12.2837095926,2.04852433754,1.62000000001)) ;
#8647=CARTESIAN_POINT('Line Origine',(12.2837095926,2.04852433754,1.61250000001)) ;
#8666=CARTESIAN_POINT('Axis2P3D Location',(12.2860855162,2.05034189097,1.62000000001)) ;
#8671=CARTESIAN_POINT('Line Origine',(12.2860855162,2.05034189097,1.61250000001)) ;
#8690=CARTESIAN_POINT('Axis2P3D Location',(12.2886656566,2.05219330786,1.62000000001)) ;
#8695=CARTESIAN_POINT('Line Origine',(12.2886656566,2.05219330786,1.61250000001)) ;
#8714=CARTESIAN_POINT('Axis2P3D Location',(12.2863938927,2.05270978437,1.62000000001)) ;
#8719=CARTESIAN_POINT('Line Origine',(12.2863938927,2.05270978437,1.61250000001)) ;
#8738=CARTESIAN_POINT('Axis2P3D Location',(12.2840960041,2.05322819794,1.62000000001)) ;
#8743=CARTESIAN_POINT('Line Origine',(12.2840960041,2.05322819794,1.61250000001)) ;
#8762=CARTESIAN_POINT('Axis2P3D Location',(12.2819260104,2.05373497541,1.62000000001)) ;
#8767=CARTESIAN_POINT('Line Origine',(12.2819260104,2.05373497541,1.61250000001)) ;
#8786=CARTESIAN_POINT('Axis2P3D Location',(12.2798824301,2.05422988213,1.62000000001)) ;
#8791=CARTESIAN_POINT('Line Origine',(12.2798824301,2.05422988213,1.61250000001)) ;
#8810=CARTESIAN_POINT('Axis2P3D Location',(12.2779652631,2.05471291812,1.62000000001)) ;
#8815=CARTESIAN_POINT('Line Origine',(12.2779652631,2.05471291812,1.61250000001)) ;
#8834=CARTESIAN_POINT('Axis2P3D Location',(12.2761745095,2.05518408336,1.62000000001)) ;
#8839=CARTESIAN_POINT('Line Origine',(12.2761745095,2.05518408336,1.61250000001)) ;
#8858=CARTESIAN_POINT('Axis2P3D Location',(12.2745099345,2.05564485938,1.62000000001)) ;
#8863=CARTESIAN_POINT('Line Origine',(12.2745099345,2.05564485938,1.61250000001)) ;
#8882=CARTESIAN_POINT('Axis2P3D Location',(12.2729720076,2.05609228314,1.62000000001)) ;
#8887=CARTESIAN_POINT('Line Origine',(12.2729720076,2.05609228314,1.61250000001)) ;
#8906=CARTESIAN_POINT('Axis2P3D Location',(12.2702781222,2.05695346925,1.62000000001)) ;
#8911=CARTESIAN_POINT('Line Origine',(12.2702781222,2.05695346925,1.61250000001)) ;
#8930=CARTESIAN_POINT('Axis2P3D Location',(12.2679836616,2.05780502054,1.62000000001)) ;
#8935=CARTESIAN_POINT('Line Origine',(12.2679836616,2.05780502054,1.61250000001)) ;
#8954=CARTESIAN_POINT('Axis2P3D Location',(12.265449538,2.05887527285,1.62000000001)) ;
#8959=CARTESIAN_POINT('Line Origine',(12.265449538,2.05887527285,1.61250000001)) ;
#8978=CARTESIAN_POINT('Axis2P3D Location',(12.2640509535,2.05950726692,1.62000000001)) ;
#8983=CARTESIAN_POINT('Line Origine',(12.2640509535,2.05950726692,1.61250000001)) ;
#9002=CARTESIAN_POINT('Axis2P3D Location',(12.2625665597,2.06020160503,1.62000000001)) ;
#9007=CARTESIAN_POINT('Line Origine',(12.2625665597,2.06020160503,1.61250000001)) ;
#9026=CARTESIAN_POINT('Axis2P3D Location',(12.2609958874,2.06096125025,1.62000000001)) ;
#9031=CARTESIAN_POINT('Line Origine',(12.2609958874,2.06096125025,1.61250000001)) ;
#9050=CARTESIAN_POINT('Axis2P3D Location',(12.2593376898,2.06178448639,1.62000000001)) ;
#9055=CARTESIAN_POINT('Line Origine',(12.2593376898,2.06178448639,1.61250000001)) ;
#9074=CARTESIAN_POINT('Axis2P3D Location',(12.2575934482,2.0626715481,1.62000000001)) ;
#9079=CARTESIAN_POINT('Line Origine',(12.2575934482,2.0626715481,1.61250000001)) ;
#9098=CARTESIAN_POINT('Axis2P3D Location',(12.2557616813,2.06362220073,1.62000000001)) ;
#9103=CARTESIAN_POINT('Line Origine',(12.2557616813,2.06362220073,1.61250000001)) ;
#9122=CARTESIAN_POINT('Axis2P3D Location',(12.2538421543,2.06463792582,1.62000000001)) ;
#9127=CARTESIAN_POINT('Line Origine',(12.2538421543,2.06463792582,1.61250000001)) ;
#9146=CARTESIAN_POINT('Axis2P3D Location',(12.2714051299,1.95374966197,1.62000000001)) ;
#9165=CARTESIAN_POINT('Line Origine',(12.283631484,1.88001701388,1.60500000001)) ;
#9169=CARTESIAN_POINT('Vertex',(12.2729615746,1.94392265683,1.60500000001)) ;
#9171=CARTESIAN_POINT('Vertex',(12.2943013934,1.81611137093,1.60500000001)) ;
#9174=CARTESIAN_POINT('Line Origine',(12.2959620447,1.8173342092,1.60500000001)) ;
#9178=CARTESIAN_POINT('Vertex',(12.297622696,1.81855704747,1.60500000001)) ;
#9181=CARTESIAN_POINT('Line Origine',(12.299257991,1.81972423397,1.60500000001)) ;
#9185=CARTESIAN_POINT('Vertex',(12.300893286,1.82089142047,1.60500000001)) ;
#9188=CARTESIAN_POINT('Line Origine',(12.3025023666,1.82200357865,1.60500000001)) ;
#9192=CARTESIAN_POINT('Vertex',(12.3041114472,1.82311573682,1.60500000001)) ;
#9195=CARTESIAN_POINT('Line Origine',(12.3056944307,1.8241721259,1.60500000001)) ;
#9199=CARTESIAN_POINT('Vertex',(12.3072774142,1.82522851498,1.60500000001)) ;
#9202=CARTESIAN_POINT('Line Origine',(12.3088335598,1.82622901763,1.60500000001)) ;
#9206=CARTESIAN_POINT('Vertex',(12.3103897054,1.82722952029,1.60500000001)) ;
#9209=CARTESIAN_POINT('Line Origine',(12.311919754,1.82817425386,1.60500000001)) ;
#9213=CARTESIAN_POINT('Vertex',(12.3134498025,1.82911898742,1.60500000001)) ;
#9216=CARTESIAN_POINT('Line Origine',(12.314953754,1.83000795189,1.60500000001)) ;
#9220=CARTESIAN_POINT('Vertex',(12.3164577054,1.83089691636,1.60500000001)) ;
#9223=CARTESIAN_POINT('Line Origine',(12.3179354425,1.8317308525,1.60500000001)) ;
#9227=CARTESIAN_POINT('Vertex',(12.3194131795,1.83256478864,1.60500000001)) ;
#9230=CARTESIAN_POINT('Line Origine',(12.3208649368,1.83334221492,1.60500000001)) ;
#9234=CARTESIAN_POINT('Vertex',(12.3223166941,1.8341196412,1.60500000001)) ;
#9237=CARTESIAN_POINT('Line Origine',(12.323639892,1.83548342541,1.60500000001)) ;
#9241=CARTESIAN_POINT('Vertex',(12.3249630899,1.83684720961,1.60500000001)) ;
#9244=CARTESIAN_POINT('Line Origine',(12.3236523179,1.83673300362,1.60500000001)) ;
#9248=CARTESIAN_POINT('Vertex',(12.3223415458,1.83661879764,1.60500000001)) ;
#9251=CARTESIAN_POINT('Line Origine',(12.3210991314,1.83657161024,1.60500000001)) ;
#9255=CARTESIAN_POINT('Vertex',(12.3198567169,1.83652442285,1.60500000001)) ;
#9258=CARTESIAN_POINT('Line Origine',(12.3186835182,1.8365436306,1.60500000001)) ;
#9262=CARTESIAN_POINT('Vertex',(12.3175103194,1.83656283836,1.60500000001)) ;
#9265=CARTESIAN_POINT('Line Origine',(12.3164054782,1.83664906471,1.60500000001)) ;
#9269=CARTESIAN_POINT('Vertex',(12.315300637,1.83673529105,1.60500000001)) ;
#9272=CARTESIAN_POINT('Line Origine',(12.3142648941,1.83688865332,1.60500000001)) ;
#9276=CARTESIAN_POINT('Vertex',(12.3132291513,1.83704201558,1.60500000001)) ;
#9279=CARTESIAN_POINT('Line Origine',(12.3122626241,1.837261773,1.60500000001)) ;
#9283=CARTESIAN_POINT('Vertex',(12.3112960969,1.83748153041,1.60500000001)) ;
#9286=CARTESIAN_POINT('Line Origine',(12.3103973038,1.83776744833,1.60500000001)) ;
#9290=CARTESIAN_POINT('Vertex',(12.3094985108,1.83805336624,1.60500000001)) ;
#9293=CARTESIAN_POINT('Line Origine',(12.3086695569,1.8384065374,1.60500000001)) ;
#9297=CARTESIAN_POINT('Vertex',(12.3078406029,1.83875970856,1.60500000001)) ;
#9300=CARTESIAN_POINT('Line Origine',(12.3070800066,1.8391798983,1.60500000001)) ;
#9304=CARTESIAN_POINT('Vertex',(12.3063194102,1.83960008805,1.60500000001)) ;
#9307=CARTESIAN_POINT('Line Origine',(12.3056272887,1.84008655562,1.60500000001)) ;
#9311=CARTESIAN_POINT('Vertex',(12.3049351673,1.8405730232,1.60500000001)) ;
#9314=CARTESIAN_POINT('Line Origine',(12.3043000135,1.84113609562,1.60500000001)) ;
#9318=CARTESIAN_POINT('Vertex',(12.3036648598,1.84169916804,1.60500000001)) ;
#9321=CARTESIAN_POINT('Line Origine',(12.3030738024,1.84234819692,1.60500000001)) ;
#9325=CARTESIAN_POINT('Vertex',(12.3024827451,1.8429972258,1.60500000001)) ;
#9328=CARTESIAN_POINT('Line Origine',(12.3019350433,1.8437320938,1.60500000001)) ;
#9332=CARTESIAN_POINT('Vertex',(12.3013873415,1.84446696181,1.60500000001)) ;
#9335=CARTESIAN_POINT('Line Origine',(12.3008838533,1.8452870455,1.60500000001)) ;
#9339=CARTESIAN_POINT('Vertex',(12.3003803652,1.8461071292,1.60500000001)) ;
#9342=CARTESIAN_POINT('Line Origine',(12.2999202326,1.84701305202,1.60500000001)) ;
#9346=CARTESIAN_POINT('Vertex',(12.2994601001,1.84791897485,1.60500000001)) ;
#9349=CARTESIAN_POINT('Line Origine',(12.2990448047,1.84891097145,1.60500000001)) ;
#9353=CARTESIAN_POINT('Vertex',(12.2986295092,1.84990296806,1.60500000001)) ;
#9356=CARTESIAN_POINT('Line Origine',(12.2982574521,1.85098154456,1.60500000001)) ;
#9360=CARTESIAN_POINT('Vertex',(12.2978853949,1.85206012106,1.60500000001)) ;
#9363=CARTESIAN_POINT('Line Origine',(12.2975569279,1.85322305516,1.60500000001)) ;
#9367=CARTESIAN_POINT('Vertex',(12.297228461,1.85438598925,1.60500000001)) ;
#9370=CARTESIAN_POINT('Line Origine',(12.2969447138,1.8556357379,1.60500000001)) ;
#9374=CARTESIAN_POINT('Vertex',(12.2966609667,1.85688548654,1.60500000001)) ;
#9377=CARTESIAN_POINT('Line Origine',(12.2964206924,1.85822033355,1.60500000001)) ;
#9381=CARTESIAN_POINT('Vertex',(12.2961804182,1.85955518056,1.60500000001)) ;
#9384=CARTESIAN_POINT('Line Origine',(12.2960356772,1.86055054265,1.60500000001)) ;
#9388=CARTESIAN_POINT('Vertex',(12.2958909363,1.86154590473,1.60500000001)) ;
#9391=CARTESIAN_POINT('Line Origine',(12.2957687197,1.86256685545,1.60500000001)) ;
#9395=CARTESIAN_POINT('Vertex',(12.2956465031,1.86358780616,1.60500000001)) ;
#9398=CARTESIAN_POINT('Line Origine',(12.295546811,1.8646343455,1.60500000001)) ;
#9402=CARTESIAN_POINT('Vertex',(12.2954471188,1.86568088484,1.60500000001)) ;
#9405=CARTESIAN_POINT('Line Origine',(12.2953692102,1.86675289548,1.60500000001)) ;
#9409=CARTESIAN_POINT('Vertex',(12.2952913016,1.86782490612,1.60500000001)) ;
#9412=CARTESIAN_POINT('Line Origine',(12.2952360347,1.86892176462,1.60500000001)) ;
#9416=CARTESIAN_POINT('Vertex',(12.2951807678,1.87001862312,1.60500000001)) ;
#9419=CARTESIAN_POINT('Line Origine',(12.2978909343,1.86984570771,1.60500000001)) ;
#9423=CARTESIAN_POINT('Vertex',(12.3006011009,1.86967279229,1.60500000001)) ;
#9426=CARTESIAN_POINT('Line Origine',(12.3010553174,1.86645979001,1.60500000001)) ;
#9430=CARTESIAN_POINT('Vertex',(12.3015095338,1.86324678773,1.60500000001)) ;
#9433=CARTESIAN_POINT('Line Origine',(12.3017213485,1.86206765577,1.60500000001)) ;
#9437=CARTESIAN_POINT('Vertex',(12.3019331632,1.86088852381,1.60500000001)) ;
#9440=CARTESIAN_POINT('Line Origine',(12.3021830744,1.85978528586,1.60500000001)) ;
#9444=CARTESIAN_POINT('Vertex',(12.3024329857,1.8586820479,1.60500000001)) ;
#9447=CARTESIAN_POINT('Line Origine',(12.3027214997,1.85765630281,1.60500000001)) ;
#9451=CARTESIAN_POINT('Vertex',(12.3030100136,1.85663055771,1.60500000001)) ;
#9454=CARTESIAN_POINT('Line Origine',(12.3033366242,1.85568070662,1.60500000001)) ;
#9458=CARTESIAN_POINT('Vertex',(12.3036632348,1.85473085552,1.60500000001)) ;
#9461=CARTESIAN_POINT('Line Origine',(12.3040285654,1.85385775652,1.60500000001)) ;
#9465=CARTESIAN_POINT('Vertex',(12.304393896,1.85298465752,1.60500000001)) ;
#9468=CARTESIAN_POINT('Line Origine',(12.3047970885,1.85218893406,1.60500000001)) ;
#9472=CARTESIAN_POINT('Vertex',(12.305200281,1.85139321059,1.60500000001)) ;
#9475=CARTESIAN_POINT('Line Origine',(12.3056414529,1.85067412189,1.60500000001)) ;
#9479=CARTESIAN_POINT('Vertex',(12.3060826247,1.84995503319,1.60500000001)) ;
#9482=CARTESIAN_POINT('Line Origine',(12.3065626338,1.84931195582,1.60500000001)) ;
#9486=CARTESIAN_POINT('Vertex',(12.307042643,1.84866887845,1.60500000001)) ;
#9489=CARTESIAN_POINT('Line Origine',(12.3075597734,1.84810305929,1.60500000001)) ;
#9493=CARTESIAN_POINT('Vertex',(12.3080769037,1.84753724012,1.60500000001)) ;
#9496=CARTESIAN_POINT('Line Origine',(12.3092430048,1.84662315462,1.60500000001)) ;
#9500=CARTESIAN_POINT('Vertex',(12.310409106,1.84570906911,1.60500000001)) ;
#9503=CARTESIAN_POINT('Line Origine',(12.3110882273,1.84533824159,1.60500000001)) ;
#9507=CARTESIAN_POINT('Vertex',(12.3117673486,1.84496741407,1.60500000001)) ;
#9510=CARTESIAN_POINT('Line Origine',(12.3125163159,1.84464941325,1.60500000001)) ;
#9514=CARTESIAN_POINT('Vertex',(12.3132652832,1.84433141244,1.60500000001)) ;
#9517=CARTESIAN_POINT('Line Origine',(12.314082615,1.84406600368,1.60500000001)) ;
#9521=CARTESIAN_POINT('Vertex',(12.3148999468,1.84380059491,1.60500000001)) ;
#9524=CARTESIAN_POINT('Line Origine',(12.3157870073,1.84358875363,1.60500000001)) ;
#9528=CARTESIAN_POINT('Vertex',(12.3166740677,1.84337691234,1.60500000001)) ;
#9531=CARTESIAN_POINT('Line Origine',(12.3176308569,1.84321863852,1.60500000001)) ;
#9535=CARTESIAN_POINT('Vertex',(12.318587646,1.84306036471,1.60500000001)) ;
#9538=CARTESIAN_POINT('Line Origine',(12.3196135404,1.84295480027,1.60500000001)) ;
#9542=CARTESIAN_POINT('Vertex',(12.3206394348,1.84284923584,1.60500000001)) ;
#9545=CARTESIAN_POINT('Line Origine',(12.3217344344,1.84279638078,1.60500000001)) ;
#9549=CARTESIAN_POINT('Vertex',(12.322829434,1.84274352573,1.60500000001)) ;
#9552=CARTESIAN_POINT('Line Origine',(12.323994045,1.84274497891,1.60500000001)) ;
#9556=CARTESIAN_POINT('Vertex',(12.3251586559,1.8427464321,1.60500000001)) ;
#9559=CARTESIAN_POINT('Line Origine',(12.3263924895,1.84279985389,1.60500000001)) ;
#9563=CARTESIAN_POINT('Vertex',(12.327626323,1.84285327569,1.60500000001)) ;
#9566=CARTESIAN_POINT('Line Origine',(12.327406337,1.84424221242,1.60500000001)) ;
#9570=CARTESIAN_POINT('Vertex',(12.327186351,1.84563114915,1.60500000001)) ;
#9573=CARTESIAN_POINT('Line Origine',(12.3261127347,1.84556817321,1.60500000001)) ;
#9577=CARTESIAN_POINT('Vertex',(12.3250391183,1.84550519726,1.60500000001)) ;
#9580=CARTESIAN_POINT('Line Origine',(12.3240254465,1.8454904424,1.60500000001)) ;
#9584=CARTESIAN_POINT('Vertex',(12.3230117746,1.84547568753,1.60500000001)) ;
#9587=CARTESIAN_POINT('Line Origine',(12.3220580474,1.84550915375,1.60500000001)) ;
#9591=CARTESIAN_POINT('Vertex',(12.3211043202,1.84554261996,1.60500000001)) ;
#9594=CARTESIAN_POINT('Line Origine',(12.3202104202,1.84562504802,1.60500000001)) ;
#9598=CARTESIAN_POINT('Vertex',(12.3193165202,1.84570747608,1.60500000001)) ;
#9601=CARTESIAN_POINT('Line Origine',(12.318481824,1.8458380079,1.60500000001)) ;
#9605=CARTESIAN_POINT('Vertex',(12.3176471279,1.84596853971,1.60500000001)) ;
#9608=CARTESIAN_POINT('Line Origine',(12.3161568285,1.84637414926,1.60500000001)) ;
#9612=CARTESIAN_POINT('Vertex',(12.3146665291,1.8467797588,1.60500000001)) ;
#9615=CARTESIAN_POINT('Line Origine',(12.31341515,1.8473788761,1.60500000001)) ;
#9619=CARTESIAN_POINT('Vertex',(12.3121637708,1.8479779934,1.60500000001)) ;
#9622=CARTESIAN_POINT('Line Origine',(12.3111382059,1.8487814516,1.60500000001)) ;
#9626=CARTESIAN_POINT('Vertex',(12.3101126409,1.84958490979,1.60500000001)) ;
#9629=CARTESIAN_POINT('Line Origine',(12.3092325378,1.8506589546,1.60500000001)) ;
#9633=CARTESIAN_POINT('Vertex',(12.3083524346,1.85173299941,1.60500000001)) ;
#9636=CARTESIAN_POINT('Line Origine',(12.3079629231,1.85237522323,1.60500000001)) ;
#9640=CARTESIAN_POINT('Vertex',(12.3075734117,1.85301744705,1.60500000001)) ;
#9643=CARTESIAN_POINT('Line Origine',(12.3072166573,1.85373092244,1.60500000001)) ;
#9647=CARTESIAN_POINT('Vertex',(12.3068599029,1.85444439782,1.60500000001)) ;
#9650=CARTESIAN_POINT('Line Origine',(12.3065361403,1.85522764324,1.60500000001)) ;
#9654=CARTESIAN_POINT('Vertex',(12.3062123776,1.85601088866,1.60500000001)) ;
#9657=CARTESIAN_POINT('Line Origine',(12.3059214894,1.85686464487,1.60500000001)) ;
#9661=CARTESIAN_POINT('Vertex',(12.3056306012,1.85771840108,1.60500000001)) ;
#9664=CARTESIAN_POINT('Line Origine',(12.3053733282,1.85864278542,1.60500000001)) ;
#9668=CARTESIAN_POINT('Vertex',(12.3051160552,1.85956716976,1.60500000001)) ;
#9671=CARTESIAN_POINT('Line Origine',(12.3048923973,1.86056218222,1.60500000001)) ;
#9675=CARTESIAN_POINT('Vertex',(12.3046687395,1.86155719468,1.60500000001)) ;
#9678=CARTESIAN_POINT('Line Origine',(12.3044773326,1.86262185984,1.60500000001)) ;
#9682=CARTESIAN_POINT('Vertex',(12.3042859257,1.86368652501,1.60500000001)) ;
#9685=CARTESIAN_POINT('Line Origine',(12.3037394107,1.86748707226,1.60500000001)) ;
#9689=CARTESIAN_POINT('Vertex',(12.3031928956,1.8712876195,1.60500000001)) ;
#9692=CARTESIAN_POINT('Line Origine',(12.3563391706,1.87970516253,1.60500000001)) ;
#9696=CARTESIAN_POINT('Vertex',(12.4094854456,1.88812270555,1.60500000001)) ;
#9699=CARTESIAN_POINT('Line Origine',(12.4169195776,1.88163528915,1.60500000001)) ;
#9703=CARTESIAN_POINT('Vertex',(12.4243537096,1.87514787275,1.60500000001)) ;
#9706=CARTESIAN_POINT('Line Origine',(12.4204875882,1.8995576024,1.60500000001)) ;
#9710=CARTESIAN_POINT('Vertex',(12.4166214669,1.92396733205,1.60500000001)) ;
#9713=CARTESIAN_POINT('Line Origine',(12.4117972524,1.91674271158,1.60500000001)) ;
#9717=CARTESIAN_POINT('Vertex',(12.406973038,1.90951809111,1.60500000001)) ;
#9720=CARTESIAN_POINT('Line Origine',(12.3489710383,1.9009883136,1.60500000001)) ;
#9724=CARTESIAN_POINT('Vertex',(12.2909690386,1.89245853609,1.60500000001)) ;
#9727=CARTESIAN_POINT('Line Origine',(12.29073971,1.8934078488,1.60500000001)) ;
#9731=CARTESIAN_POINT('Vertex',(12.2905103813,1.89435716152,1.60500000001)) ;
#9734=CARTESIAN_POINT('Line Origine',(12.2902980903,1.89530917272,1.60500000001)) ;
#9738=CARTESIAN_POINT('Vertex',(12.2900857993,1.89626118393,1.60500000001)) ;
#9741=CARTESIAN_POINT('Line Origine',(12.2898912867,1.89721601095,1.60500000001)) ;
#9745=CARTESIAN_POINT('Vertex',(12.289696774,1.89817083798,1.60500000001)) ;
#9748=CARTESIAN_POINT('Line Origine',(12.2895185583,1.89912824617,1.60500000001)) ;
#9752=CARTESIAN_POINT('Vertex',(12.2893403425,1.90008565437,1.60500000001)) ;
#9755=CARTESIAN_POINT('Line Origine',(12.2891791643,1.90104576106,1.60500000001)) ;
#9759=CARTESIAN_POINT('Vertex',(12.2890179862,1.90200586775,1.60500000001)) ;
#9762=CARTESIAN_POINT('Line Origine',(12.2888604223,1.90315410604,1.60500000001)) ;
#9766=CARTESIAN_POINT('Vertex',(12.2887028584,1.90430234433,1.60500000001)) ;
#9769=CARTESIAN_POINT('Line Origine',(12.2886022069,1.90539808941,1.60500000001)) ;
#9773=CARTESIAN_POINT('Vertex',(12.2885015554,1.90649383449,1.60500000001)) ;
#9776=CARTESIAN_POINT('Line Origine',(12.2884563348,1.90753685171,1.60500000001)) ;
#9780=CARTESIAN_POINT('Vertex',(12.2884111142,1.90857986892,1.60500000001)) ;
#9783=CARTESIAN_POINT('Line Origine',(12.2884229234,1.90956965216,1.60500000001)) ;
#9787=CARTESIAN_POINT('Vertex',(12.2884347326,1.91055943539,1.60500000001)) ;
#9790=CARTESIAN_POINT('Line Origine',(12.2885034542,1.91149672542,1.60500000001)) ;
#9794=CARTESIAN_POINT('Vertex',(12.2885721758,1.91243401544,1.60500000001)) ;
#9797=CARTESIAN_POINT('Line Origine',(12.2886971864,1.91331795416,1.60500000001)) ;
#9801=CARTESIAN_POINT('Vertex',(12.288822197,1.91420189288,1.60500000001)) ;
#9804=CARTESIAN_POINT('Line Origine',(12.2890033793,1.91503322106,1.60500000001)) ;
#9808=CARTESIAN_POINT('Vertex',(12.2891845616,1.91586454925,1.60500000001)) ;
#9811=CARTESIAN_POINT('Line Origine',(12.2894227736,1.91664264345,1.60500000001)) ;
#9815=CARTESIAN_POINT('Vertex',(12.2896609857,1.91742073765,1.60500000001)) ;
#9818=CARTESIAN_POINT('Line Origine',(12.2899553694,1.91814622132,1.60500000001)) ;
#9822=CARTESIAN_POINT('Vertex',(12.2902497531,1.91887170498,1.60500000001)) ;
#9825=CARTESIAN_POINT('Line Origine',(12.2906011665,1.91954395467,1.60500000001)) ;
#9829=CARTESIAN_POINT('Vertex',(12.29095258,1.92021620435,1.60500000001)) ;
#9832=CARTESIAN_POINT('Line Origine',(12.2913715412,1.92085511032,1.60500000001)) ;
#9836=CARTESIAN_POINT('Vertex',(12.2917905024,1.92149401628,1.60500000001)) ;
#9839=CARTESIAN_POINT('Line Origine',(12.2922885047,1.92211810457,1.60500000001)) ;
#9843=CARTESIAN_POINT('Vertex',(12.292786507,1.92274219286,1.60500000001)) ;
#9846=CARTESIAN_POINT('Line Origine',(12.2933633158,1.923352945,1.60500000001)) ;
#9850=CARTESIAN_POINT('Vertex',(12.2939401246,1.92396369715,1.60500000001)) ;
#9853=CARTESIAN_POINT('Line Origine',(12.2945960918,1.92455889086,1.60500000001)) ;
#9857=CARTESIAN_POINT('Vertex',(12.2952520591,1.92515408456,1.60500000001)) ;
#9860=CARTESIAN_POINT('Line Origine',(12.2959868328,1.92573594213,1.60500000001)) ;
#9864=CARTESIAN_POINT('Vertex',(12.2967216065,1.92631779969,1.60500000001)) ;
#9867=CARTESIAN_POINT('Line Origine',(12.2975346805,1.92688472225,1.60500000001)) ;
#9871=CARTESIAN_POINT('Vertex',(12.2983477546,1.92745164482,1.60500000001)) ;
#9874=CARTESIAN_POINT('Line Origine',(12.2992404932,1.9280046078,1.60500000001)) ;
#9878=CARTESIAN_POINT('Vertex',(12.3001332319,1.92855757078,1.60500000001)) ;
#9881=CARTESIAN_POINT('Line Origine',(12.3011050116,1.92909571609,1.60500000001)) ;
#9885=CARTESIAN_POINT('Vertex',(12.3020767913,1.92963386139,1.60500000001)) ;
#9888=CARTESIAN_POINT('Line Origine',(12.3031273776,1.93015867056,1.60500000001)) ;
#9892=CARTESIAN_POINT('Vertex',(12.3041779638,1.93068347972,1.60500000001)) ;
#9895=CARTESIAN_POINT('Line Origine',(12.3053068504,1.93119335389,1.60500000001)) ;
#9899=CARTESIAN_POINT('Vertex',(12.3064357369,1.93170322805,1.60500000001)) ;
#9902=CARTESIAN_POINT('Line Origine',(12.3071104168,1.93263094294,1.60500000001)) ;
#9906=CARTESIAN_POINT('Vertex',(12.3077850966,1.93355865783,1.60500000001)) ;
#9909=CARTESIAN_POINT('Line Origine',(12.3067249016,1.93372257488,1.60500000001)) ;
#9913=CARTESIAN_POINT('Vertex',(12.3056647066,1.93388649193,1.60500000001)) ;
#9916=CARTESIAN_POINT('Line Origine',(12.3046386236,1.93406036789,1.60500000001)) ;
#9920=CARTESIAN_POINT('Vertex',(12.3036125406,1.93423424385,1.60500000001)) ;
#9923=CARTESIAN_POINT('Line Origine',(12.3026195943,1.93441944293,1.60500000001)) ;
#9927=CARTESIAN_POINT('Vertex',(12.3016266479,1.93460464201,1.60500000001)) ;
#9930=CARTESIAN_POINT('Line Origine',(12.3006669556,1.93480042344,1.60500000001)) ;
#9934=CARTESIAN_POINT('Vertex',(12.2997072632,1.93499620487,1.60500000001)) ;
#9937=CARTESIAN_POINT('Line Origine',(12.2987808248,1.93520256866,1.60500000001)) ;
#9941=CARTESIAN_POINT('Vertex',(12.2978543864,1.93540893244,1.60500000001)) ;
#9944=CARTESIAN_POINT('Line Origine',(12.296961202,1.93562587858,1.60500000001)) ;
#9948=CARTESIAN_POINT('Vertex',(12.2960680175,1.93584282472,1.60500000001)) ;
#9951=CARTESIAN_POINT('Line Origine',(12.2952088278,1.93607047053,1.60500000001)) ;
#9955=CARTESIAN_POINT('Vertex',(12.2943496381,1.93629811635,1.60500000001)) ;
#9958=CARTESIAN_POINT('Line Origine',(12.293523585,1.93653708528,1.60500000001)) ;
#9962=CARTESIAN_POINT('Vertex',(12.292697532,1.93677605422,1.60500000001)) ;
#9965=CARTESIAN_POINT('Line Origine',(12.2919047329,1.93702560551,1.60500000001)) ;
#9969=CARTESIAN_POINT('Vertex',(12.2911119338,1.9372751568,1.60500000001)) ;
#9972=CARTESIAN_POINT('Line Origine',(12.2903516479,1.93753517311,1.60500000001)) ;
#9976=CARTESIAN_POINT('Vertex',(12.289591362,1.93779518943,1.60500000001)) ;
#9979=CARTESIAN_POINT('Line Origine',(12.2821014493,1.94057877955,1.60500000001)) ;
#9983=CARTESIAN_POINT('Vertex',(12.2746115366,1.94336236968,1.60500000001)) ;
#9986=CARTESIAN_POINT('Line Origine',(12.2737865556,1.94364251326,1.60500000001)) ;
#10119=CARTESIAN_POINT('Axis2P3D Location',(12.2943013934,1.81611137093,1.62000000001)) ;
#10124=CARTESIAN_POINT('Line Origine',(12.2943013934,1.81611137093,1.61250000001)) ;
#10129=CARTESIAN_POINT('Line Origine',(12.2729615746,1.94392265683,1.61250000001)) ;
#10148=CARTESIAN_POINT('Axis2P3D Location',(12.297622696,1.81855704747,1.62000000001)) ;
#10153=CARTESIAN_POINT('Line Origine',(12.297622696,1.81855704747,1.61250000001)) ;
#10172=CARTESIAN_POINT('Axis2P3D Location',(12.300893286,1.82089142047,1.62000000001)) ;
#10177=CARTESIAN_POINT('Line Origine',(12.300893286,1.82089142047,1.61250000001)) ;
#10196=CARTESIAN_POINT('Axis2P3D Location',(12.3041114472,1.82311573682,1.62000000001)) ;
#10201=CARTESIAN_POINT('Line Origine',(12.3041114472,1.82311573682,1.61250000001)) ;
#10220=CARTESIAN_POINT('Axis2P3D Location',(12.3072774142,1.82522851498,1.62000000001)) ;
#10225=CARTESIAN_POINT('Line Origine',(12.3072774142,1.82522851498,1.61250000001)) ;
#10244=CARTESIAN_POINT('Axis2P3D Location',(12.3103897054,1.82722952029,1.62000000001)) ;
#10249=CARTESIAN_POINT('Line Origine',(12.3103897054,1.82722952029,1.61250000001)) ;
#10268=CARTESIAN_POINT('Axis2P3D Location',(12.3134498025,1.82911898742,1.62000000001)) ;
#10273=CARTESIAN_POINT('Line Origine',(12.3134498025,1.82911898742,1.61250000001)) ;
#10292=CARTESIAN_POINT('Axis2P3D Location',(12.3164577054,1.83089691636,1.62000000001)) ;
#10297=CARTESIAN_POINT('Line Origine',(12.3164577054,1.83089691636,1.61250000001)) ;
#10316=CARTESIAN_POINT('Axis2P3D Location',(12.3194131795,1.83256478864,1.62000000001)) ;
#10321=CARTESIAN_POINT('Line Origine',(12.3194131795,1.83256478864,1.61250000001)) ;
#10340=CARTESIAN_POINT('Axis2P3D Location',(12.3223166941,1.8341196412,1.62000000001)) ;
#10345=CARTESIAN_POINT('Line Origine',(12.3223166941,1.8341196412,1.61250000001)) ;
#10364=CARTESIAN_POINT('Axis2P3D Location',(12.3249630899,1.83684720961,1.62000000001)) ;
#10369=CARTESIAN_POINT('Line Origine',(12.3249630899,1.83684720961,1.61250000001)) ;
#10388=CARTESIAN_POINT('Axis2P3D Location',(12.3223415458,1.83661879764,1.62000000001)) ;
#10393=CARTESIAN_POINT('Line Origine',(12.3223415458,1.83661879764,1.61250000001)) ;
#10412=CARTESIAN_POINT('Axis2P3D Location',(12.3198567169,1.83652442285,1.62000000001)) ;
#10417=CARTESIAN_POINT('Line Origine',(12.3198567169,1.83652442285,1.61250000001)) ;
#10436=CARTESIAN_POINT('Axis2P3D Location',(12.3175103194,1.83656283836,1.62000000001)) ;
#10441=CARTESIAN_POINT('Line Origine',(12.3175103194,1.83656283836,1.61250000001)) ;
#10460=CARTESIAN_POINT('Axis2P3D Location',(12.315300637,1.83673529105,1.62000000001)) ;
#10465=CARTESIAN_POINT('Line Origine',(12.315300637,1.83673529105,1.61250000001)) ;
#10484=CARTESIAN_POINT('Axis2P3D Location',(12.3132291513,1.83704201558,1.62000000001)) ;
#10489=CARTESIAN_POINT('Line Origine',(12.3132291513,1.83704201558,1.61250000001)) ;
#10508=CARTESIAN_POINT('Axis2P3D Location',(12.3112960969,1.83748153041,1.62000000001)) ;
#10513=CARTESIAN_POINT('Line Origine',(12.3112960969,1.83748153041,1.61250000001)) ;
#10532=CARTESIAN_POINT('Axis2P3D Location',(12.3094985108,1.83805336624,1.62000000001)) ;
#10537=CARTESIAN_POINT('Line Origine',(12.3094985108,1.83805336624,1.61250000001)) ;
#10556=CARTESIAN_POINT('Axis2P3D Location',(12.3078406029,1.83875970856,1.62000000001)) ;
#10561=CARTESIAN_POINT('Line Origine',(12.3078406029,1.83875970856,1.61250000001)) ;
#10580=CARTESIAN_POINT('Axis2P3D Location',(12.3063194102,1.83960008805,1.62000000001)) ;
#10585=CARTESIAN_POINT('Line Origine',(12.3063194102,1.83960008805,1.61250000001)) ;
#10604=CARTESIAN_POINT('Axis2P3D Location',(12.3049351673,1.8405730232,1.62000000001)) ;
#10609=CARTESIAN_POINT('Line Origine',(12.3049351673,1.8405730232,1.61250000001)) ;
#10628=CARTESIAN_POINT('Axis2P3D Location',(12.3036648598,1.84169916804,1.62000000001)) ;
#10633=CARTESIAN_POINT('Line Origine',(12.3036648598,1.84169916804,1.61250000001)) ;
#10652=CARTESIAN_POINT('Axis2P3D Location',(12.3024827451,1.8429972258,1.62000000001)) ;
#10657=CARTESIAN_POINT('Line Origine',(12.3024827451,1.8429972258,1.61250000001)) ;
#10676=CARTESIAN_POINT('Axis2P3D Location',(12.3013873415,1.84446696181,1.62000000001)) ;
#10681=CARTESIAN_POINT('Line Origine',(12.3013873415,1.84446696181,1.61250000001)) ;
#10700=CARTESIAN_POINT('Axis2P3D Location',(12.3003803652,1.8461071292,1.62000000001)) ;
#10705=CARTESIAN_POINT('Line Origine',(12.3003803652,1.8461071292,1.61250000001)) ;
#10724=CARTESIAN_POINT('Axis2P3D Location',(12.2994601001,1.84791897485,1.62000000001)) ;
#10729=CARTESIAN_POINT('Line Origine',(12.2994601001,1.84791897485,1.61250000001)) ;
#10748=CARTESIAN_POINT('Axis2P3D Location',(12.2986295092,1.84990296806,1.62000000001)) ;
#10753=CARTESIAN_POINT('Line Origine',(12.2986295092,1.84990296806,1.61250000001)) ;
#10772=CARTESIAN_POINT('Axis2P3D Location',(12.2978853949,1.85206012106,1.62000000001)) ;
#10777=CARTESIAN_POINT('Line Origine',(12.2978853949,1.85206012106,1.61250000001)) ;
#10796=CARTESIAN_POINT('Axis2P3D Location',(12.297228461,1.85438598925,1.62000000001)) ;
#10801=CARTESIAN_POINT('Line Origine',(12.297228461,1.85438598925,1.61250000001)) ;
#10820=CARTESIAN_POINT('Axis2P3D Location',(12.2966609667,1.85688548654,1.62000000001)) ;
#10825=CARTESIAN_POINT('Line Origine',(12.2966609667,1.85688548654,1.61250000001)) ;
#10844=CARTESIAN_POINT('Axis2P3D Location',(12.2961804182,1.85955518056,1.62000000001)) ;
#10849=CARTESIAN_POINT('Line Origine',(12.2961804182,1.85955518056,1.61250000001)) ;
#10868=CARTESIAN_POINT('Axis2P3D Location',(12.2958909363,1.86154590473,1.62000000001)) ;
#10873=CARTESIAN_POINT('Line Origine',(12.2958909363,1.86154590473,1.61250000001)) ;
#10892=CARTESIAN_POINT('Axis2P3D Location',(12.2956465031,1.86358780616,1.62000000001)) ;
#10897=CARTESIAN_POINT('Line Origine',(12.2956465031,1.86358780616,1.61250000001)) ;
#10916=CARTESIAN_POINT('Axis2P3D Location',(12.2954471188,1.86568088484,1.62000000001)) ;
#10921=CARTESIAN_POINT('Line Origine',(12.2954471188,1.86568088484,1.61250000001)) ;
#10940=CARTESIAN_POINT('Axis2P3D Location',(12.2952913016,1.86782490612,1.62000000001)) ;
#10945=CARTESIAN_POINT('Line Origine',(12.2952913016,1.86782490612,1.61250000001)) ;
#10964=CARTESIAN_POINT('Axis2P3D Location',(12.2951807678,1.87001862312,1.62000000001)) ;
#10969=CARTESIAN_POINT('Line Origine',(12.2951807678,1.87001862312,1.61250000001)) ;
#10988=CARTESIAN_POINT('Axis2P3D Location',(12.3006011009,1.86967279229,1.62000000001)) ;
#10993=CARTESIAN_POINT('Line Origine',(12.3006011009,1.86967279229,1.61250000001)) ;
#11012=CARTESIAN_POINT('Axis2P3D Location',(12.3015095338,1.86324678773,1.62000000001)) ;
#11017=CARTESIAN_POINT('Line Origine',(12.3015095338,1.86324678773,1.61250000001)) ;
#11036=CARTESIAN_POINT('Axis2P3D Location',(12.3019331632,1.86088852381,1.62000000001)) ;
#11041=CARTESIAN_POINT('Line Origine',(12.3019331632,1.86088852381,1.61250000001)) ;
#11060=CARTESIAN_POINT('Axis2P3D Location',(12.3024329857,1.8586820479,1.62000000001)) ;
#11065=CARTESIAN_POINT('Line Origine',(12.3024329857,1.8586820479,1.61250000001)) ;
#11084=CARTESIAN_POINT('Axis2P3D Location',(12.3030100136,1.85663055771,1.62000000001)) ;
#11089=CARTESIAN_POINT('Line Origine',(12.3030100136,1.85663055771,1.61250000001)) ;
#11108=CARTESIAN_POINT('Axis2P3D Location',(12.3036632348,1.85473085552,1.62000000001)) ;
#11113=CARTESIAN_POINT('Line Origine',(12.3036632348,1.85473085552,1.61250000001)) ;
#11132=CARTESIAN_POINT('Axis2P3D Location',(12.304393896,1.85298465752,1.62000000001)) ;
#11137=CARTESIAN_POINT('Line Origine',(12.304393896,1.85298465752,1.61250000001)) ;
#11156=CARTESIAN_POINT('Axis2P3D Location',(12.305200281,1.85139321059,1.62000000001)) ;
#11161=CARTESIAN_POINT('Line Origine',(12.305200281,1.85139321059,1.61250000001)) ;
#11180=CARTESIAN_POINT('Axis2P3D Location',(12.3060826247,1.84995503319,1.62000000001)) ;
#11185=CARTESIAN_POINT('Line Origine',(12.3060826247,1.84995503319,1.61250000001)) ;
#11204=CARTESIAN_POINT('Axis2P3D Location',(12.307042643,1.84866887845,1.62000000001)) ;
#11209=CARTESIAN_POINT('Line Origine',(12.307042643,1.84866887845,1.61250000001)) ;
#11228=CARTESIAN_POINT('Axis2P3D Location',(12.3080769037,1.84753724012,1.62000000001)) ;
#11233=CARTESIAN_POINT('Line Origine',(12.3080769037,1.84753724012,1.61250000001)) ;
#11252=CARTESIAN_POINT('Axis2P3D Location',(12.310409106,1.84570906911,1.62000000001)) ;
#11257=CARTESIAN_POINT('Line Origine',(12.310409106,1.84570906911,1.61250000001)) ;
#11276=CARTESIAN_POINT('Axis2P3D Location',(12.3117673486,1.84496741407,1.62000000001)) ;
#11281=CARTESIAN_POINT('Line Origine',(12.3117673486,1.84496741407,1.61250000001)) ;
#11300=CARTESIAN_POINT('Axis2P3D Location',(12.3132652832,1.84433141244,1.62000000001)) ;
#11305=CARTESIAN_POINT('Line Origine',(12.3132652832,1.84433141244,1.61250000001)) ;
#11324=CARTESIAN_POINT('Axis2P3D Location',(12.3148999468,1.84380059491,1.62000000001)) ;
#11329=CARTESIAN_POINT('Line Origine',(12.3148999468,1.84380059491,1.61250000001)) ;
#11348=CARTESIAN_POINT('Axis2P3D Location',(12.3166740677,1.84337691234,1.62000000001)) ;
#11353=CARTESIAN_POINT('Line Origine',(12.3166740677,1.84337691234,1.61250000001)) ;
#11372=CARTESIAN_POINT('Axis2P3D Location',(12.318587646,1.84306036471,1.62000000001)) ;
#11377=CARTESIAN_POINT('Line Origine',(12.318587646,1.84306036471,1.61250000001)) ;
#11396=CARTESIAN_POINT('Axis2P3D Location',(12.3206394348,1.84284923584,1.62000000001)) ;
#11401=CARTESIAN_POINT('Line Origine',(12.3206394348,1.84284923584,1.61250000001)) ;
#11420=CARTESIAN_POINT('Axis2P3D Location',(12.322829434,1.84274352573,1.62000000001)) ;
#11425=CARTESIAN_POINT('Line Origine',(12.322829434,1.84274352573,1.61250000001)) ;
#11444=CARTESIAN_POINT('Axis2P3D Location',(12.3251586559,1.8427464321,1.62000000001)) ;
#11449=CARTESIAN_POINT('Line Origine',(12.3251586559,1.8427464321,1.61250000001)) ;
#11468=CARTESIAN_POINT('Axis2P3D Location',(12.327626323,1.84285327569,1.62000000001)) ;
#11473=CARTESIAN_POINT('Line Origine',(12.327626323,1.84285327569,1.61250000001)) ;
#11492=CARTESIAN_POINT('Axis2P3D Location',(12.327186351,1.84563114915,1.62000000001)) ;
#11497=CARTESIAN_POINT('Line Origine',(12.327186351,1.84563114915,1.61250000001)) ;
#11516=CARTESIAN_POINT('Axis2P3D Location',(12.3250391183,1.84550519726,1.62000000001)) ;
#11521=CARTESIAN_POINT('Line Origine',(12.3250391183,1.84550519726,1.61250000001)) ;
#11540=CARTESIAN_POINT('Axis2P3D Location',(12.3230117746,1.84547568753,1.62000000001)) ;
#11545=CARTESIAN_POINT('Line Origine',(12.3230117746,1.84547568753,1.61250000001)) ;
#11564=CARTESIAN_POINT('Axis2P3D Location',(12.3211043202,1.84554261996,1.62000000001)) ;
#11569=CARTESIAN_POINT('Line Origine',(12.3211043202,1.84554261996,1.61250000001)) ;
#11588=CARTESIAN_POINT('Axis2P3D Location',(12.3193165202,1.84570747608,1.62000000001)) ;
#11593=CARTESIAN_POINT('Line Origine',(12.3193165202,1.84570747608,1.61250000001)) ;
#11612=CARTESIAN_POINT('Axis2P3D Location',(12.3176471279,1.84596853971,1.62000000001)) ;
#11617=CARTESIAN_POINT('Line Origine',(12.3176471279,1.84596853971,1.61250000001)) ;
#11636=CARTESIAN_POINT('Axis2P3D Location',(12.3146665291,1.8467797588,1.62000000001)) ;
#11641=CARTESIAN_POINT('Line Origine',(12.3146665291,1.8467797588,1.61250000001)) ;
#11660=CARTESIAN_POINT('Axis2P3D Location',(12.3121637708,1.8479779934,1.62000000001)) ;
#11665=CARTESIAN_POINT('Line Origine',(12.3121637708,1.8479779934,1.61250000001)) ;
#11684=CARTESIAN_POINT('Axis2P3D Location',(12.3101126409,1.84958490979,1.62000000001)) ;
#11689=CARTESIAN_POINT('Line Origine',(12.3101126409,1.84958490979,1.61250000001)) ;
#11708=CARTESIAN_POINT('Axis2P3D Location',(12.3083524346,1.85173299941,1.62000000001)) ;
#11713=CARTESIAN_POINT('Line Origine',(12.3083524346,1.85173299941,1.61250000001)) ;
#11732=CARTESIAN_POINT('Axis2P3D Location',(12.3075734117,1.85301744705,1.62000000001)) ;
#11737=CARTESIAN_POINT('Line Origine',(12.3075734117,1.85301744705,1.61250000001)) ;
#11756=CARTESIAN_POINT('Axis2P3D Location',(12.3068599029,1.85444439782,1.62000000001)) ;
#11761=CARTESIAN_POINT('Line Origine',(12.3068599029,1.85444439782,1.61250000001)) ;
#11780=CARTESIAN_POINT('Axis2P3D Location',(12.3062123776,1.85601088866,1.62000000001)) ;
#11785=CARTESIAN_POINT('Line Origine',(12.3062123776,1.85601088866,1.61250000001)) ;
#11804=CARTESIAN_POINT('Axis2P3D Location',(12.3056306012,1.85771840108,1.62000000001)) ;
#11809=CARTESIAN_POINT('Line Origine',(12.3056306012,1.85771840108,1.61250000001)) ;
#11828=CARTESIAN_POINT('Axis2P3D Location',(12.3051160552,1.85956716976,1.62000000001)) ;
#11833=CARTESIAN_POINT('Line Origine',(12.3051160552,1.85956716976,1.61250000001)) ;
#11852=CARTESIAN_POINT('Axis2P3D Location',(12.3046687395,1.86155719468,1.62000000001)) ;
#11857=CARTESIAN_POINT('Line Origine',(12.3046687395,1.86155719468,1.61250000001)) ;
#11876=CARTESIAN_POINT('Axis2P3D Location',(12.3042859257,1.86368652501,1.62000000001)) ;
#11881=CARTESIAN_POINT('Line Origine',(12.3042859257,1.86368652501,1.61250000001)) ;
#11900=CARTESIAN_POINT('Axis2P3D Location',(12.3031928956,1.8712876195,1.62000000001)) ;
#11905=CARTESIAN_POINT('Line Origine',(12.3031928956,1.8712876195,1.61250000001)) ;
#11924=CARTESIAN_POINT('Axis2P3D Location',(12.4094854456,1.88812270555,1.62000000001)) ;
#11929=CARTESIAN_POINT('Line Origine',(12.4094854456,1.88812270555,1.61250000001)) ;
#11948=CARTESIAN_POINT('Axis2P3D Location',(12.4243537096,1.87514787275,1.62000000001)) ;
#11953=CARTESIAN_POINT('Line Origine',(12.4243537096,1.87514787275,1.61250000001)) ;
#11972=CARTESIAN_POINT('Axis2P3D Location',(12.4166214669,1.92396733205,1.62000000001)) ;
#11977=CARTESIAN_POINT('Line Origine',(12.4166214669,1.92396733205,1.61250000001)) ;
#11996=CARTESIAN_POINT('Axis2P3D Location',(12.406973038,1.90951809111,1.62000000001)) ;
#12001=CARTESIAN_POINT('Line Origine',(12.406973038,1.90951809111,1.61250000001)) ;
#12020=CARTESIAN_POINT('Axis2P3D Location',(12.2909690386,1.89245853609,1.62000000001)) ;
#12025=CARTESIAN_POINT('Line Origine',(12.2909690386,1.89245853609,1.61250000001)) ;
#12044=CARTESIAN_POINT('Axis2P3D Location',(12.2905103813,1.89435716152,1.62000000001)) ;
#12049=CARTESIAN_POINT('Line Origine',(12.2905103813,1.89435716152,1.61250000001)) ;
#12068=CARTESIAN_POINT('Axis2P3D Location',(12.2900857993,1.89626118393,1.62000000001)) ;
#12073=CARTESIAN_POINT('Line Origine',(12.2900857993,1.89626118393,1.61250000001)) ;
#12092=CARTESIAN_POINT('Axis2P3D Location',(12.289696774,1.89817083798,1.62000000001)) ;
#12097=CARTESIAN_POINT('Line Origine',(12.289696774,1.89817083798,1.61250000001)) ;
#12116=CARTESIAN_POINT('Axis2P3D Location',(12.2893403425,1.90008565437,1.62000000001)) ;
#12121=CARTESIAN_POINT('Line Origine',(12.2893403425,1.90008565437,1.61250000001)) ;
#12140=CARTESIAN_POINT('Axis2P3D Location',(12.2890179862,1.90200586775,1.62000000001)) ;
#12145=CARTESIAN_POINT('Line Origine',(12.2890179862,1.90200586775,1.61250000001)) ;
#12164=CARTESIAN_POINT('Axis2P3D Location',(12.2887028584,1.90430234433,1.62000000001)) ;
#12169=CARTESIAN_POINT('Line Origine',(12.2887028584,1.90430234433,1.61250000001)) ;
#12188=CARTESIAN_POINT('Axis2P3D Location',(12.2885015554,1.90649383449,1.62000000001)) ;
#12193=CARTESIAN_POINT('Line Origine',(12.2885015554,1.90649383449,1.61250000001)) ;
#12212=CARTESIAN_POINT('Axis2P3D Location',(12.2884111142,1.90857986892,1.62000000001)) ;
#12217=CARTESIAN_POINT('Line Origine',(12.2884111142,1.90857986892,1.61250000001)) ;
#12236=CARTESIAN_POINT('Axis2P3D Location',(12.2884347326,1.91055943539,1.62000000001)) ;
#12241=CARTESIAN_POINT('Line Origine',(12.2884347326,1.91055943539,1.61250000001)) ;
#12260=CARTESIAN_POINT('Axis2P3D Location',(12.2885721758,1.91243401544,1.62000000001)) ;
#12265=CARTESIAN_POINT('Line Origine',(12.2885721758,1.91243401544,1.61250000001)) ;
#12284=CARTESIAN_POINT('Axis2P3D Location',(12.288822197,1.91420189288,1.62000000001)) ;
#12289=CARTESIAN_POINT('Line Origine',(12.288822197,1.91420189288,1.61250000001)) ;
#12308=CARTESIAN_POINT('Axis2P3D Location',(12.2891845616,1.91586454925,1.62000000001)) ;
#12313=CARTESIAN_POINT('Line Origine',(12.2891845616,1.91586454925,1.61250000001)) ;
#12332=CARTESIAN_POINT('Axis2P3D Location',(12.2896609857,1.91742073765,1.62000000001)) ;
#12337=CARTESIAN_POINT('Line Origine',(12.2896609857,1.91742073765,1.61250000001)) ;
#12356=CARTESIAN_POINT('Axis2P3D Location',(12.2902497531,1.91887170498,1.62000000001)) ;
#12361=CARTESIAN_POINT('Line Origine',(12.2902497531,1.91887170498,1.61250000001)) ;
#12380=CARTESIAN_POINT('Axis2P3D Location',(12.29095258,1.92021620435,1.62000000001)) ;
#12385=CARTESIAN_POINT('Line Origine',(12.29095258,1.92021620435,1.61250000001)) ;
#12404=CARTESIAN_POINT('Axis2P3D Location',(12.2917905024,1.92149401628,1.62000000001)) ;
#12409=CARTESIAN_POINT('Line Origine',(12.2917905024,1.92149401628,1.61250000001)) ;
#12428=CARTESIAN_POINT('Axis2P3D Location',(12.292786507,1.92274219286,1.62000000001)) ;
#12433=CARTESIAN_POINT('Line Origine',(12.292786507,1.92274219286,1.61250000001)) ;
#12452=CARTESIAN_POINT('Axis2P3D Location',(12.2939401246,1.92396369715,1.62000000001)) ;
#12457=CARTESIAN_POINT('Line Origine',(12.2939401246,1.92396369715,1.61250000001)) ;
#12476=CARTESIAN_POINT('Axis2P3D Location',(12.2952520591,1.92515408456,1.62000000001)) ;
#12481=CARTESIAN_POINT('Line Origine',(12.2952520591,1.92515408456,1.61250000001)) ;
#12500=CARTESIAN_POINT('Axis2P3D Location',(12.2967216065,1.92631779969,1.62000000001)) ;
#12505=CARTESIAN_POINT('Line Origine',(12.2967216065,1.92631779969,1.61250000001)) ;
#12524=CARTESIAN_POINT('Axis2P3D Location',(12.2983477546,1.92745164482,1.62000000001)) ;
#12529=CARTESIAN_POINT('Line Origine',(12.2983477546,1.92745164482,1.61250000001)) ;
#12548=CARTESIAN_POINT('Axis2P3D Location',(12.3001332319,1.92855757078,1.62000000001)) ;
#12553=CARTESIAN_POINT('Line Origine',(12.3001332319,1.92855757078,1.61250000001)) ;
#12572=CARTESIAN_POINT('Axis2P3D Location',(12.3020767913,1.92963386139,1.62000000001)) ;
#12577=CARTESIAN_POINT('Line Origine',(12.3020767913,1.92963386139,1.61250000001)) ;
#12596=CARTESIAN_POINT('Axis2P3D Location',(12.3041779638,1.93068347972,1.62000000001)) ;
#12601=CARTESIAN_POINT('Line Origine',(12.3041779638,1.93068347972,1.61250000001)) ;
#12620=CARTESIAN_POINT('Axis2P3D Location',(12.3064357369,1.93170322805,1.62000000001)) ;
#12625=CARTESIAN_POINT('Line Origine',(12.3064357369,1.93170322805,1.61250000001)) ;
#12644=CARTESIAN_POINT('Axis2P3D Location',(12.3077850966,1.93355865783,1.62000000001)) ;
#12649=CARTESIAN_POINT('Line Origine',(12.3077850966,1.93355865783,1.61250000001)) ;
#12668=CARTESIAN_POINT('Axis2P3D Location',(12.3056647066,1.93388649193,1.62000000001)) ;
#12673=CARTESIAN_POINT('Line Origine',(12.3056647066,1.93388649193,1.61250000001)) ;
#12692=CARTESIAN_POINT('Axis2P3D Location',(12.3036125406,1.93423424385,1.62000000001)) ;
#12697=CARTESIAN_POINT('Line Origine',(12.3036125406,1.93423424385,1.61250000001)) ;
#12716=CARTESIAN_POINT('Axis2P3D Location',(12.3016266479,1.93460464201,1.62000000001)) ;
#12721=CARTESIAN_POINT('Line Origine',(12.3016266479,1.93460464201,1.61250000001)) ;
#12740=CARTESIAN_POINT('Axis2P3D Location',(12.2997072632,1.93499620487,1.62000000001)) ;
#12745=CARTESIAN_POINT('Line Origine',(12.2997072632,1.93499620487,1.61250000001)) ;
#12764=CARTESIAN_POINT('Axis2P3D Location',(12.2978543864,1.93540893244,1.62000000001)) ;
#12769=CARTESIAN_POINT('Line Origine',(12.2978543864,1.93540893244,1.61250000001)) ;
#12788=CARTESIAN_POINT('Axis2P3D Location',(12.2960680175,1.93584282472,1.62000000001)) ;
#12793=CARTESIAN_POINT('Line Origine',(12.2960680175,1.93584282472,1.61250000001)) ;
#12812=CARTESIAN_POINT('Axis2P3D Location',(12.2943496381,1.93629811635,1.62000000001)) ;
#12817=CARTESIAN_POINT('Line Origine',(12.2943496381,1.93629811635,1.61250000001)) ;
#12836=CARTESIAN_POINT('Axis2P3D Location',(12.292697532,1.93677605422,1.62000000001)) ;
#12841=CARTESIAN_POINT('Line Origine',(12.292697532,1.93677605422,1.61250000001)) ;
#12860=CARTESIAN_POINT('Axis2P3D Location',(12.2911119338,1.9372751568,1.62000000001)) ;
#12865=CARTESIAN_POINT('Line Origine',(12.2911119338,1.9372751568,1.61250000001)) ;
#12884=CARTESIAN_POINT('Axis2P3D Location',(12.289591362,1.93779518943,1.62000000001)) ;
#12889=CARTESIAN_POINT('Line Origine',(12.289591362,1.93779518943,1.61250000001)) ;
#12908=CARTESIAN_POINT('Axis2P3D Location',(12.2746115366,1.94336236968,1.62000000001)) ;
#12913=CARTESIAN_POINT('Line Origine',(12.2746115366,1.94336236968,1.61250000001)) ;
#12932=CARTESIAN_POINT('Axis2P3D Location',(12.2729615746,1.94392265683,1.62000000001)) ;
#12951=CARTESIAN_POINT('Line Origine',(12.3017512154,2.0452865567,1.60500000001)) ;
#12955=CARTESIAN_POINT('Vertex',(12.3023327386,2.04680243999,1.60500000001)) ;
#12957=CARTESIAN_POINT('Vertex',(12.3011696923,2.0437706734,1.60500000001)) ;
#12960=CARTESIAN_POINT('Line Origine',(12.3242445612,2.04742537359,1.60500000001)) ;
#12964=CARTESIAN_POINT('Vertex',(12.34731943,2.05108007378,1.60500000001)) ;
#12967=CARTESIAN_POINT('Line Origine',(12.3479009532,2.05259595708,1.60500000001)) ;
#12971=CARTESIAN_POINT('Vertex',(12.3484824763,2.05411184037,1.60500000001)) ;
#12974=CARTESIAN_POINT('Line Origine',(12.3254076074,2.05045714018,1.60500000001)) ;
#12993=CARTESIAN_POINT('Axis2P3D Location',(12.3011696923,2.0437706734,1.62000000001)) ;
#12998=CARTESIAN_POINT('Line Origine',(12.3011696923,2.0437706734,1.61250000001)) ;
#13003=CARTESIAN_POINT('Line Origine',(12.3023327386,2.04680243999,1.61250000001)) ;
#13022=CARTESIAN_POINT('Axis2P3D Location',(12.34731943,2.05108007378,1.62000000001)) ;
#13027=CARTESIAN_POINT('Line Origine',(12.34731943,2.05108007378,1.61250000001)) ;
#13046=CARTESIAN_POINT('Axis2P3D Location',(12.3484824763,2.05411184037,1.62000000001)) ;
#13051=CARTESIAN_POINT('Line Origine',(12.3484824763,2.05411184037,1.61250000001)) ;
#13070=CARTESIAN_POINT('Axis2P3D Location',(12.3023327386,2.04680243999,1.62000000001)) ;
#13089=CARTESIAN_POINT('Line Origine',(12.2780903769,1.95026455758,1.60500000001)) ;
#13093=CARTESIAN_POINT('Vertex',(12.2786263888,1.95171780015,1.60500000001)) ;
#13095=CARTESIAN_POINT('Vertex',(12.2775543649,1.94881131501,1.60500000001)) ;
#13098=CARTESIAN_POINT('Line Origine',(12.2786034574,1.94821888544,1.60500000001)) ;
#13102=CARTESIAN_POINT('Vertex',(12.2796525498,1.94762645586,1.60500000001)) ;
#13105=CARTESIAN_POINT('Line Origine',(12.2808380238,1.94705031156,1.60500000001)) ;
#13109=CARTESIAN_POINT('Vertex',(12.2820234978,1.94647416725,1.60500000001)) ;
#13112=CARTESIAN_POINT('Line Origine',(12.2833446125,1.94591419089,1.60500000001)) ;
#13116=CARTESIAN_POINT('Vertex',(12.2846657272,1.94535421453,1.60500000001)) ;
#13119=CARTESIAN_POINT('Line Origine',(12.2861217419,1.94481028878,1.60500000001)) ;
#13123=CARTESIAN_POINT('Vertex',(12.2875777566,1.94426636303,1.60500000001)) ;
#13126=CARTESIAN_POINT('Line Origine',(12.2891687886,1.94373774713,1.60500000001)) ;
#13130=CARTESIAN_POINT('Vertex',(12.2907598206,1.94320913123,1.60500000001)) ;
#13133=CARTESIAN_POINT('Line Origine',(12.2924871168,1.94269754136,1.60500000001)) ;
#13137=CARTESIAN_POINT('Vertex',(12.2942144129,1.94218595149,1.60500000001)) ;
#13140=CARTESIAN_POINT('Line Origine',(12.2960767264,1.94168967147,1.60500000001)) ;
#13144=CARTESIAN_POINT('Vertex',(12.2979390399,1.94119339145,1.60500000001)) ;
#13147=CARTESIAN_POINT('Line Origine',(12.2999371114,1.94071253861,1.60500000001)) ;
#13151=CARTESIAN_POINT('Vertex',(12.3019351829,1.94023168576,1.60500000001)) ;
#13154=CARTESIAN_POINT('Line Origine',(12.3040687779,1.93976774162,1.60500000001)) ;
#13158=CARTESIAN_POINT('Vertex',(12.3062023728,1.93930379748,1.60500000001)) ;
#13161=CARTESIAN_POINT('Line Origine',(12.3089770848,1.93877130216,1.60500000001)) ;
#13165=CARTESIAN_POINT('Vertex',(12.3117517967,1.93823880684,1.60500000001)) ;
#13168=CARTESIAN_POINT('Line Origine',(12.312012568,1.93970388804,1.60500000001)) ;
#13172=CARTESIAN_POINT('Vertex',(12.3122733393,1.94116896924,1.60500000001)) ;
#13175=CARTESIAN_POINT('Line Origine',(12.3100282269,1.94164182795,1.60500000001)) ;
#13179=CARTESIAN_POINT('Vertex',(12.3077831144,1.94211468666,1.60500000001)) ;
#13182=CARTESIAN_POINT('Line Origine',(12.3056628832,1.94259973113,1.60500000001)) ;
#13186=CARTESIAN_POINT('Vertex',(12.303542652,1.94308477559,1.60500000001)) ;
#13189=CARTESIAN_POINT('Line Origine',(12.3015474193,1.94358126504,1.60500000001)) ;
#13193=CARTESIAN_POINT('Vertex',(12.2995521866,1.94407775449,1.60500000001)) ;
#13196=CARTESIAN_POINT('Line Origine',(12.2976824586,1.94458728779,1.60500000001)) ;
#13200=CARTESIAN_POINT('Vertex',(12.2958127305,1.94509682109,1.60500000001)) ;
#13203=CARTESIAN_POINT('Line Origine',(12.2940678837,1.94561854014,1.60500000001)) ;
#13207=CARTESIAN_POINT('Vertex',(12.2923230369,1.94614025919,1.60500000001)) ;
#13210=CARTESIAN_POINT('Line Origine',(12.2907031887,1.94667342323,1.60500000001)) ;
#13214=CARTESIAN_POINT('Vertex',(12.2890833404,1.94720658727,1.60500000001)) ;
#13217=CARTESIAN_POINT('Line Origine',(12.2875882561,1.94775267783,1.60500000001)) ;
#13221=CARTESIAN_POINT('Vertex',(12.2860931717,1.94829876839,1.60500000001)) ;
#13224=CARTESIAN_POINT('Line Origine',(12.2847238267,1.94885642126,1.60500000001)) ;
#13228=CARTESIAN_POINT('Vertex',(12.2833544816,1.94941407413,1.60500000001)) ;
#13231=CARTESIAN_POINT('Line Origine',(12.2821100178,1.94998391276,1.60500000001)) ;
#13235=CARTESIAN_POINT('Vertex',(12.280865554,1.95055375139,1.60500000001)) ;
#13238=CARTESIAN_POINT('Line Origine',(12.2797459714,1.95113577577,1.60500000001)) ;
#13275=CARTESIAN_POINT('Axis2P3D Location',(12.2775543649,1.94881131501,1.62000000001)) ;
#13280=CARTESIAN_POINT('Line Origine',(12.2775543649,1.94881131501,1.61250000001)) ;
#13285=CARTESIAN_POINT('Line Origine',(12.2786263888,1.95171780015,1.61250000001)) ;
#13304=CARTESIAN_POINT('Axis2P3D Location',(12.2796525498,1.94762645586,1.62000000001)) ;
#13309=CARTESIAN_POINT('Line Origine',(12.2796525498,1.94762645586,1.61250000001)) ;
#13328=CARTESIAN_POINT('Axis2P3D Location',(12.2820234978,1.94647416725,1.62000000001)) ;
#13333=CARTESIAN_POINT('Line Origine',(12.2820234978,1.94647416725,1.61250000001)) ;
#13352=CARTESIAN_POINT('Axis2P3D Location',(12.2846657272,1.94535421453,1.62000000001)) ;
#13357=CARTESIAN_POINT('Line Origine',(12.2846657272,1.94535421453,1.61250000001)) ;
#13376=CARTESIAN_POINT('Axis2P3D Location',(12.2875777566,1.94426636303,1.62000000001)) ;
#13381=CARTESIAN_POINT('Line Origine',(12.2875777566,1.94426636303,1.61250000001)) ;
#13400=CARTESIAN_POINT('Axis2P3D Location',(12.2907598206,1.94320913123,1.62000000001)) ;
#13405=CARTESIAN_POINT('Line Origine',(12.2907598206,1.94320913123,1.61250000001)) ;
#13424=CARTESIAN_POINT('Axis2P3D Location',(12.2942144129,1.94218595149,1.62000000001)) ;
#13429=CARTESIAN_POINT('Line Origine',(12.2942144129,1.94218595149,1.61250000001)) ;
#13448=CARTESIAN_POINT('Axis2P3D Location',(12.2979390399,1.94119339145,1.62000000001)) ;
#13453=CARTESIAN_POINT('Line Origine',(12.2979390399,1.94119339145,1.61250000001)) ;
#13472=CARTESIAN_POINT('Axis2P3D Location',(12.3019351829,1.94023168576,1.62000000001)) ;
#13477=CARTESIAN_POINT('Line Origine',(12.3019351829,1.94023168576,1.61250000001)) ;
#13496=CARTESIAN_POINT('Axis2P3D Location',(12.3062023728,1.93930379748,1.62000000001)) ;
#13501=CARTESIAN_POINT('Line Origine',(12.3062023728,1.93930379748,1.61250000001)) ;
#13520=CARTESIAN_POINT('Axis2P3D Location',(12.3117517967,1.93823880684,1.62000000001)) ;
#13525=CARTESIAN_POINT('Line Origine',(12.3117517967,1.93823880684,1.61250000001)) ;
#13544=CARTESIAN_POINT('Axis2P3D Location',(12.3122733393,1.94116896924,1.62000000001)) ;
#13549=CARTESIAN_POINT('Line Origine',(12.3122733393,1.94116896924,1.61250000001)) ;
#13568=CARTESIAN_POINT('Axis2P3D Location',(12.3077831144,1.94211468666,1.62000000001)) ;
#13573=CARTESIAN_POINT('Line Origine',(12.3077831144,1.94211468666,1.61250000001)) ;
#13592=CARTESIAN_POINT('Axis2P3D Location',(12.303542652,1.94308477559,1.62000000001)) ;
#13597=CARTESIAN_POINT('Line Origine',(12.303542652,1.94308477559,1.61250000001)) ;
#13616=CARTESIAN_POINT('Axis2P3D Location',(12.2995521866,1.94407775449,1.62000000001)) ;
#13621=CARTESIAN_POINT('Line Origine',(12.2995521866,1.94407775449,1.61250000001)) ;
#13640=CARTESIAN_POINT('Axis2P3D Location',(12.2958127305,1.94509682109,1.62000000001)) ;
#13645=CARTESIAN_POINT('Line Origine',(12.2958127305,1.94509682109,1.61250000001)) ;
#13664=CARTESIAN_POINT('Axis2P3D Location',(12.2923230369,1.94614025919,1.62000000001)) ;
#13669=CARTESIAN_POINT('Line Origine',(12.2923230369,1.94614025919,1.61250000001)) ;
#13688=CARTESIAN_POINT('Axis2P3D Location',(12.2890833404,1.94720658727,1.62000000001)) ;
#13693=CARTESIAN_POINT('Line Origine',(12.2890833404,1.94720658727,1.61250000001)) ;
#13712=CARTESIAN_POINT('Axis2P3D Location',(12.2860931717,1.94829876839,1.62000000001)) ;
#13717=CARTESIAN_POINT('Line Origine',(12.2860931717,1.94829876839,1.61250000001)) ;
#13736=CARTESIAN_POINT('Axis2P3D Location',(12.2833544816,1.94941407413,1.62000000001)) ;
#13741=CARTESIAN_POINT('Line Origine',(12.2833544816,1.94941407413,1.61250000001)) ;
#13760=CARTESIAN_POINT('Axis2P3D Location',(12.280865554,1.95055375139,1.62000000001)) ;
#13765=CARTESIAN_POINT('Line Origine',(12.280865554,1.95055375139,1.61250000001)) ;
#13784=CARTESIAN_POINT('Axis2P3D Location',(12.2786263888,1.95171780015,1.62000000001)) ;
#13803=CARTESIAN_POINT('Line Origine',(12.2583176341,2.0726836007,1.60500000001)) ;
#13807=CARTESIAN_POINT('Vertex',(12.2590735245,2.07378895679,1.60500000001)) ;
#13809=CARTESIAN_POINT('Vertex',(12.2575617436,2.07157824461,1.60500000001)) ;
#13812=CARTESIAN_POINT('Line Origine',(12.2594247605,2.07034398894,1.60500000001)) ;
#13816=CARTESIAN_POINT('Vertex',(12.2612877775,2.06910973326,1.60500000001)) ;
#13819=CARTESIAN_POINT('Line Origine',(12.2631371709,2.06799025955,1.60500000001)) ;
#13823=CARTESIAN_POINT('Vertex',(12.2649865642,2.06687078583,1.60500000001)) ;
#13826=CARTESIAN_POINT('Line Origine',(12.266824439,2.06586718682,1.60500000001)) ;
#13830=CARTESIAN_POINT('Vertex',(12.2686623138,2.0648635878,1.60500000001)) ;
#13833=CARTESIAN_POINT('Line Origine',(12.270486565,2.06397477075,1.60500000001)) ;
#13837=CARTESIAN_POINT('Vertex',(12.2723108161,2.06308595369,1.60500000001)) ;
#13840=CARTESIAN_POINT('Line Origine',(12.2741221845,2.06231203592,1.60500000001)) ;
#13844=CARTESIAN_POINT('Vertex',(12.2759335529,2.06153811815,1.60500000001)) ;
#13847=CARTESIAN_POINT('Line Origine',(12.2777326618,2.06087995775,1.60500000001)) ;
#13851=CARTESIAN_POINT('Vertex',(12.2795317708,2.06022179736,1.60500000001)) ;
#13854=CARTESIAN_POINT('Line Origine',(12.281317997,2.05967853625,1.60500000001)) ;
#13858=CARTESIAN_POINT('Vertex',(12.2831042232,2.05913527514,1.60500000001)) ;
#13861=CARTESIAN_POINT('Line Origine',(12.2848775665,2.05870691331,1.60500000001)) ;
#13865=CARTESIAN_POINT('Vertex',(12.2866509099,2.05827855149,1.60500000001)) ;
#13868=CARTESIAN_POINT('Line Origine',(12.2884112531,2.05796582971,1.60500000001)) ;
#13872=CARTESIAN_POINT('Vertex',(12.2901715963,2.05765310794,1.60500000001)) ;
#13875=CARTESIAN_POINT('Line Origine',(12.2919197975,2.05745540277,1.60500000001)) ;
#13879=CARTESIAN_POINT('Vertex',(12.2936679986,2.0572576976,1.60500000001)) ;
#13882=CARTESIAN_POINT('Line Origine',(12.2942385412,2.05849771682,1.60500000001)) ;
#13886=CARTESIAN_POINT('Vertex',(12.2948090838,2.05973773604,1.60500000001)) ;
#13889=CARTESIAN_POINT('Line Origine',(12.2932374633,2.05995201861,1.60500000001)) ;
#13893=CARTESIAN_POINT('Vertex',(12.2916658429,2.06016630118,1.60500000001)) ;
#13896=CARTESIAN_POINT('Line Origine',(12.2900459002,2.06048911063,1.60500000001)) ;
#13900=CARTESIAN_POINT('Vertex',(12.2884259575,2.06081192008,1.60500000001)) ;
#13903=CARTESIAN_POINT('Line Origine',(12.2867592914,2.06124275029,1.60500000001)) ;
#13907=CARTESIAN_POINT('Vertex',(12.2850926253,2.06167358051,1.60500000001)) ;
#13910=CARTESIAN_POINT('Line Origine',(12.2833775195,2.06221367836,1.60500000001)) ;
#13914=CARTESIAN_POINT('Vertex',(12.2816624138,2.06275377622,1.60500000001)) ;
#13917=CARTESIAN_POINT('Line Origine',(12.2798997266,2.06340251828,1.60500000001)) ;
#13921=CARTESIAN_POINT('Vertex',(12.2781370394,2.06405126034,1.60500000001)) ;
#13924=CARTESIAN_POINT('Line Origine',(12.2763261472,2.06480778851,1.60500000001)) ;
#13928=CARTESIAN_POINT('Vertex',(12.274515255,2.06556431668,1.60500000001)) ;
#13931=CARTESIAN_POINT('Line Origine',(12.2726567814,2.06642948905,1.60500000001)) ;
#13935=CARTESIAN_POINT('Vertex',(12.2707983077,2.06729466142,1.60500000001)) ;
#13938=CARTESIAN_POINT('Line Origine',(12.2688922525,2.068268478,1.60500000001)) ;
#13942=CARTESIAN_POINT('Vertex',(12.2669861973,2.06924229457,1.60500000001)) ;
#13945=CARTESIAN_POINT('Line Origine',(12.2650318199,2.07032463803,1.60500000001)) ;
#13949=CARTESIAN_POINT('Vertex',(12.2630774425,2.07140698148,1.60500000001)) ;
#13952=CARTESIAN_POINT('Line Origine',(12.2610754835,2.07259796914,1.60500000001)) ;
#13989=CARTESIAN_POINT('Axis2P3D Location',(12.2575617436,2.07157824461,1.62000000001)) ;
#13994=CARTESIAN_POINT('Line Origine',(12.2575617436,2.07157824461,1.61250000001)) ;
#13999=CARTESIAN_POINT('Line Origine',(12.2590735245,2.07378895679,1.61250000001)) ;
#14018=CARTESIAN_POINT('Axis2P3D Location',(12.2612877775,2.06910973326,1.62000000001)) ;
#14023=CARTESIAN_POINT('Line Origine',(12.2612877775,2.06910973326,1.61250000001)) ;
#14042=CARTESIAN_POINT('Axis2P3D Location',(12.2649865642,2.06687078583,1.62000000001)) ;
#14047=CARTESIAN_POINT('Line Origine',(12.2649865642,2.06687078583,1.61250000001)) ;
#14066=CARTESIAN_POINT('Axis2P3D Location',(12.2686623138,2.0648635878,1.62000000001)) ;
#14071=CARTESIAN_POINT('Line Origine',(12.2686623138,2.0648635878,1.61250000001)) ;
#14090=CARTESIAN_POINT('Axis2P3D Location',(12.2723108161,2.06308595369,1.62000000001)) ;
#14095=CARTESIAN_POINT('Line Origine',(12.2723108161,2.06308595369,1.61250000001)) ;
#14114=CARTESIAN_POINT('Axis2P3D Location',(12.2759335529,2.06153811815,1.62000000001)) ;
#14119=CARTESIAN_POINT('Line Origine',(12.2759335529,2.06153811815,1.61250000001)) ;
#14138=CARTESIAN_POINT('Axis2P3D Location',(12.2795317708,2.06022179736,1.62000000001)) ;
#14143=CARTESIAN_POINT('Line Origine',(12.2795317708,2.06022179736,1.61250000001)) ;
#14162=CARTESIAN_POINT('Axis2P3D Location',(12.2831042232,2.05913527514,1.62000000001)) ;
#14167=CARTESIAN_POINT('Line Origine',(12.2831042232,2.05913527514,1.61250000001)) ;
#14186=CARTESIAN_POINT('Axis2P3D Location',(12.2866509099,2.05827855149,1.62000000001)) ;
#14191=CARTESIAN_POINT('Line Origine',(12.2866509099,2.05827855149,1.61250000001)) ;
#14210=CARTESIAN_POINT('Axis2P3D Location',(12.2901715963,2.05765310794,1.62000000001)) ;
#14215=CARTESIAN_POINT('Line Origine',(12.2901715963,2.05765310794,1.61250000001)) ;
#14234=CARTESIAN_POINT('Axis2P3D Location',(12.2936679986,2.0572576976,1.62000000001)) ;
#14239=CARTESIAN_POINT('Line Origine',(12.2936679986,2.0572576976,1.61250000001)) ;
#14258=CARTESIAN_POINT('Axis2P3D Location',(12.2948090838,2.05973773604,1.62000000001)) ;
#14263=CARTESIAN_POINT('Line Origine',(12.2948090838,2.05973773604,1.61250000001)) ;
#14282=CARTESIAN_POINT('Axis2P3D Location',(12.2916658429,2.06016630118,1.62000000001)) ;
#14287=CARTESIAN_POINT('Line Origine',(12.2916658429,2.06016630118,1.61250000001)) ;
#14306=CARTESIAN_POINT('Axis2P3D Location',(12.2884259575,2.06081192008,1.62000000001)) ;
#14311=CARTESIAN_POINT('Line Origine',(12.2884259575,2.06081192008,1.61250000001)) ;
#14330=CARTESIAN_POINT('Axis2P3D Location',(12.2850926253,2.06167358051,1.62000000001)) ;
#14335=CARTESIAN_POINT('Line Origine',(12.2850926253,2.06167358051,1.61250000001)) ;
#14354=CARTESIAN_POINT('Axis2P3D Location',(12.2816624138,2.06275377622,1.62000000001)) ;
#14359=CARTESIAN_POINT('Line Origine',(12.2816624138,2.06275377622,1.61250000001)) ;
#14378=CARTESIAN_POINT('Axis2P3D Location',(12.2781370394,2.06405126034,1.62000000001)) ;
#14383=CARTESIAN_POINT('Line Origine',(12.2781370394,2.06405126034,1.61250000001)) ;
#14402=CARTESIAN_POINT('Axis2P3D Location',(12.274515255,2.06556431668,1.62000000001)) ;
#14407=CARTESIAN_POINT('Line Origine',(12.274515255,2.06556431668,1.61250000001)) ;
#14426=CARTESIAN_POINT('Axis2P3D Location',(12.2707983077,2.06729466142,1.62000000001)) ;
#14431=CARTESIAN_POINT('Line Origine',(12.2707983077,2.06729466142,1.61250000001)) ;
#14450=CARTESIAN_POINT('Axis2P3D Location',(12.2669861973,2.06924229457,1.62000000001)) ;
#14455=CARTESIAN_POINT('Line Origine',(12.2669861973,2.06924229457,1.61250000001)) ;
#14474=CARTESIAN_POINT('Axis2P3D Location',(12.2630774425,2.07140698148,1.62000000001)) ;
#14479=CARTESIAN_POINT('Line Origine',(12.2630774425,2.07140698148,1.61250000001)) ;
#14498=CARTESIAN_POINT('Axis2P3D Location',(12.2590735245,2.07378895679,1.62000000001)) ;
#14517=CARTESIAN_POINT('Line Origine',(12.2993729255,1.92551441637,1.60500000001)) ;
#14521=CARTESIAN_POINT('Vertex',(12.2998096625,1.9258349332,1.60500000001)) ;
#14523=CARTESIAN_POINT('Vertex',(12.2989361884,1.92519389955,1.60500000001)) ;
#14526=CARTESIAN_POINT('Line Origine',(12.2981705049,1.9245099497,1.60500000001)) ;
#14530=CARTESIAN_POINT('Vertex',(12.2974048214,1.92382599985,1.60500000001)) ;
#14533=CARTESIAN_POINT('Line Origine',(12.2967828073,1.92308355469,1.60500000001)) ;
#14537=CARTESIAN_POINT('Vertex',(12.2961607933,1.92234110953,1.60500000001)) ;
#14540=CARTESIAN_POINT('Line Origine',(12.29568085,1.92154067517,1.60500000001)) ;
#14544=CARTESIAN_POINT('Vertex',(12.2952009066,1.92074024081,1.60500000001)) ;
#14547=CARTESIAN_POINT('Line Origine',(12.2948640092,1.91988045304,1.60500000001)) ;
#14551=CARTESIAN_POINT('Vertex',(12.2945271119,1.91902066528,1.60500000001)) ;
#14554=CARTESIAN_POINT('Line Origine',(12.2943280454,1.91808171436,1.60500000001)) ;
#14558=CARTESIAN_POINT('Vertex',(12.2941289788,1.91714276345,1.60500000001)) ;
#14561=CARTESIAN_POINT('Line Origine',(12.2940390693,1.91599405601,1.60500000001)) ;
#14565=CARTESIAN_POINT('Vertex',(12.2939491598,1.91484534857,1.60500000001)) ;
#14568=CARTESIAN_POINT('Line Origine',(12.2939641675,1.91346571066,1.60500000001)) ;
#14572=CARTESIAN_POINT('Vertex',(12.2939791752,1.91208607274,1.60500000001)) ;
#14575=CARTESIAN_POINT('Line Origine',(12.2940255554,1.91130901129,1.60500000001)) ;
#14579=CARTESIAN_POINT('Vertex',(12.2940719356,1.91053194984,1.60500000001)) ;
#14582=CARTESIAN_POINT('Line Origine',(12.2941447395,1.90969832558,1.60500000001)) ;
#14586=CARTESIAN_POINT('Vertex',(12.2942175434,1.90886470132,1.60500000001)) ;
#14589=CARTESIAN_POINT('Line Origine',(12.2943162649,1.9079729154,1.60500000001)) ;
#14593=CARTESIAN_POINT('Vertex',(12.2944149864,1.90708112948,1.60500000001)) ;
#14596=CARTESIAN_POINT('Line Origine',(12.2945403662,1.90613129922,1.60500000001)) ;
#14600=CARTESIAN_POINT('Vertex',(12.294665746,1.90518146895,1.60500000001)) ;
#14603=CARTESIAN_POINT('Line Origine',(12.2948161853,1.90417410047,1.60500000001)) ;
#14607=CARTESIAN_POINT('Vertex',(12.2949666246,1.90316673198,1.60500000001)) ;
#14610=CARTESIAN_POINT('Line Origine',(12.2954768267,1.90029063565,1.60500000001)) ;
#14614=CARTESIAN_POINT('Vertex',(12.2959870287,1.89741453931,1.60500000001)) ;
#14617=CARTESIAN_POINT('Line Origine',(12.3516445013,1.90622981696,1.60500000001)) ;
#14621=CARTESIAN_POINT('Vertex',(12.4073019739,1.91504509461,1.60500000001)) ;
#14624=CARTESIAN_POINT('Line Origine',(12.4143412456,1.92349683425,1.60500000001)) ;
#14628=CARTESIAN_POINT('Vertex',(12.4213805174,1.9319485739,1.60500000001)) ;
#14631=CARTESIAN_POINT('Line Origine',(12.4254328349,1.90636324821,1.60500000001)) ;
#14635=CARTESIAN_POINT('Vertex',(12.4294851524,1.88077792251,1.60500000001)) ;
#14638=CARTESIAN_POINT('Line Origine',(12.4307327807,1.88223528716,1.60500000001)) ;
#14642=CARTESIAN_POINT('Vertex',(12.431980409,1.8836926518,1.60500000001)) ;
#14645=CARTESIAN_POINT('Line Origine',(12.4276574208,1.91098692525,1.60500000001)) ;
#14649=CARTESIAN_POINT('Vertex',(12.4233344325,1.9382811987,1.60500000001)) ;
#14652=CARTESIAN_POINT('Line Origine',(12.414637746,1.92819784437,1.60500000001)) ;
#14656=CARTESIAN_POINT('Vertex',(12.4059410595,1.91811449005,1.60500000001)) ;
#14659=CARTESIAN_POINT('Line Origine',(12.352220509,1.90965990448,1.60500000001)) ;
#14663=CARTESIAN_POINT('Vertex',(12.2984999584,1.90120531892,1.60500000001)) ;
#14666=CARTESIAN_POINT('Line Origine',(12.2983037387,1.90197915054,1.60500000001)) ;
#14670=CARTESIAN_POINT('Vertex',(12.298107519,1.90275298217,1.60500000001)) ;
#14673=CARTESIAN_POINT('Line Origine',(12.2979432396,1.90351212957,1.60500000001)) ;
#14677=CARTESIAN_POINT('Vertex',(12.2977789602,1.90427127698,1.60500000001)) ;
#14680=CARTESIAN_POINT('Line Origine',(12.2976458805,1.90501562285,1.60500000001)) ;
#14684=CARTESIAN_POINT('Vertex',(12.2975128007,1.90575996872,1.60500000001)) ;
#14687=CARTESIAN_POINT('Line Origine',(12.2973674686,1.90685015578,1.60500000001)) ;
#14691=CARTESIAN_POINT('Vertex',(12.2972221365,1.90794034284,1.60500000001)) ;
#14694=CARTESIAN_POINT('Line Origine',(12.297135104,1.9090124271,1.60500000001)) ;
#14698=CARTESIAN_POINT('Vertex',(12.2970480716,1.91008451137,1.60500000001)) ;
#14701=CARTESIAN_POINT('Line Origine',(12.2970182092,1.91113603588,1.60500000001)) ;
#14705=CARTESIAN_POINT('Vertex',(12.2969883469,1.9121875604,1.60500000001)) ;
#14708=CARTESIAN_POINT('Line Origine',(12.2970161608,1.91322012402,1.60500000001)) ;
#14712=CARTESIAN_POINT('Vertex',(12.2970439747,1.91425268764,1.60500000001)) ;
#14715=CARTESIAN_POINT('Line Origine',(12.2971302056,1.9152664077,1.60500000001)) ;
#14719=CARTESIAN_POINT('Vertex',(12.2972164365,1.91628012776,1.60500000001)) ;
#14722=CARTESIAN_POINT('Line Origine',(12.2973597202,1.91727402884,1.60500000001)) ;
#14726=CARTESIAN_POINT('Vertex',(12.2975030038,1.91826792992,1.60500000001)) ;
#14729=CARTESIAN_POINT('Line Origine',(12.2977047045,1.91924298743,1.60500000001)) ;
#14733=CARTESIAN_POINT('Vertex',(12.2979064052,1.92021804494,1.60500000001)) ;
#14736=CARTESIAN_POINT('Line Origine',(12.2981658994,1.9211734008,1.60500000001)) ;
#14740=CARTESIAN_POINT('Vertex',(12.2984253936,1.92212875665,1.60500000001)) ;
#14743=CARTESIAN_POINT('Line Origine',(12.2987425641,1.92306515162,1.60500000001)) ;
#14747=CARTESIAN_POINT('Vertex',(12.2990597345,1.92400154658,1.60500000001)) ;
#14750=CARTESIAN_POINT('Line Origine',(12.2994346985,1.92491823989,1.60500000001)) ;
#14799=CARTESIAN_POINT('Axis2P3D Location',(12.2989361884,1.92519389955,1.62000000001)) ;
#14804=CARTESIAN_POINT('Line Origine',(12.2989361884,1.92519389955,1.61250000001)) ;
#14809=CARTESIAN_POINT('Line Origine',(12.2998096625,1.9258349332,1.61250000001)) ;
#14828=CARTESIAN_POINT('Axis2P3D Location',(12.2974048214,1.92382599985,1.62000000001)) ;
#14833=CARTESIAN_POINT('Line Origine',(12.2974048214,1.92382599985,1.61250000001)) ;
#14852=CARTESIAN_POINT('Axis2P3D Location',(12.2961607933,1.92234110953,1.62000000001)) ;
#14857=CARTESIAN_POINT('Line Origine',(12.2961607933,1.92234110953,1.61250000001)) ;
#14876=CARTESIAN_POINT('Axis2P3D Location',(12.2952009066,1.92074024081,1.62000000001)) ;
#14881=CARTESIAN_POINT('Line Origine',(12.2952009066,1.92074024081,1.61250000001)) ;
#14900=CARTESIAN_POINT('Axis2P3D Location',(12.2945271119,1.91902066528,1.62000000001)) ;
#14905=CARTESIAN_POINT('Line Origine',(12.2945271119,1.91902066528,1.61250000001)) ;
#14924=CARTESIAN_POINT('Axis2P3D Location',(12.2941289788,1.91714276345,1.62000000001)) ;
#14929=CARTESIAN_POINT('Line Origine',(12.2941289788,1.91714276345,1.61250000001)) ;
#14948=CARTESIAN_POINT('Axis2P3D Location',(12.2939491598,1.91484534857,1.62000000001)) ;
#14953=CARTESIAN_POINT('Line Origine',(12.2939491598,1.91484534857,1.61250000001)) ;
#14972=CARTESIAN_POINT('Axis2P3D Location',(12.2939791752,1.91208607274,1.62000000001)) ;
#14977=CARTESIAN_POINT('Line Origine',(12.2939791752,1.91208607274,1.61250000001)) ;
#14996=CARTESIAN_POINT('Axis2P3D Location',(12.2940719356,1.91053194984,1.62000000001)) ;
#15001=CARTESIAN_POINT('Line Origine',(12.2940719356,1.91053194984,1.61250000001)) ;
#15020=CARTESIAN_POINT('Axis2P3D Location',(12.2942175434,1.90886470132,1.62000000001)) ;
#15025=CARTESIAN_POINT('Line Origine',(12.2942175434,1.90886470132,1.61250000001)) ;
#15044=CARTESIAN_POINT('Axis2P3D Location',(12.2944149864,1.90708112948,1.62000000001)) ;
#15049=CARTESIAN_POINT('Line Origine',(12.2944149864,1.90708112948,1.61250000001)) ;
#15068=CARTESIAN_POINT('Axis2P3D Location',(12.294665746,1.90518146895,1.62000000001)) ;
#15073=CARTESIAN_POINT('Line Origine',(12.294665746,1.90518146895,1.61250000001)) ;
#15092=CARTESIAN_POINT('Axis2P3D Location',(12.2949666246,1.90316673198,1.62000000001)) ;
#15097=CARTESIAN_POINT('Line Origine',(12.2949666246,1.90316673198,1.61250000001)) ;
#15116=CARTESIAN_POINT('Axis2P3D Location',(12.2959870287,1.89741453931,1.62000000001)) ;
#15121=CARTESIAN_POINT('Line Origine',(12.2959870287,1.89741453931,1.61250000001)) ;
#15140=CARTESIAN_POINT('Axis2P3D Location',(12.4073019739,1.91504509461,1.62000000001)) ;
#15145=CARTESIAN_POINT('Line Origine',(12.4073019739,1.91504509461,1.61250000001)) ;
#15164=CARTESIAN_POINT('Axis2P3D Location',(12.4213805174,1.9319485739,1.62000000001)) ;
#15169=CARTESIAN_POINT('Line Origine',(12.4213805174,1.9319485739,1.61250000001)) ;
#15188=CARTESIAN_POINT('Axis2P3D Location',(12.4294851524,1.88077792251,1.62000000001)) ;
#15193=CARTESIAN_POINT('Line Origine',(12.4294851524,1.88077792251,1.61250000001)) ;
#15212=CARTESIAN_POINT('Axis2P3D Location',(12.431980409,1.8836926518,1.62000000001)) ;
#15217=CARTESIAN_POINT('Line Origine',(12.431980409,1.8836926518,1.61250000001)) ;
#15236=CARTESIAN_POINT('Axis2P3D Location',(12.4233344325,1.9382811987,1.62000000001)) ;
#15241=CARTESIAN_POINT('Line Origine',(12.4233344325,1.9382811987,1.61250000001)) ;
#15260=CARTESIAN_POINT('Axis2P3D Location',(12.4059410595,1.91811449005,1.62000000001)) ;
#15265=CARTESIAN_POINT('Line Origine',(12.4059410595,1.91811449005,1.61250000001)) ;
#15284=CARTESIAN_POINT('Axis2P3D Location',(12.2984999584,1.90120531892,1.62000000001)) ;
#15289=CARTESIAN_POINT('Line Origine',(12.2984999584,1.90120531892,1.61250000001)) ;
#15308=CARTESIAN_POINT('Axis2P3D Location',(12.298107519,1.90275298217,1.62000000001)) ;
#15313=CARTESIAN_POINT('Line Origine',(12.298107519,1.90275298217,1.61250000001)) ;
#15332=CARTESIAN_POINT('Axis2P3D Location',(12.2977789602,1.90427127698,1.62000000001)) ;
#15337=CARTESIAN_POINT('Line Origine',(12.2977789602,1.90427127698,1.61250000001)) ;
#15356=CARTESIAN_POINT('Axis2P3D Location',(12.2975128007,1.90575996872,1.62000000001)) ;
#15361=CARTESIAN_POINT('Line Origine',(12.2975128007,1.90575996872,1.61250000001)) ;
#15380=CARTESIAN_POINT('Axis2P3D Location',(12.2972221365,1.90794034284,1.62000000001)) ;
#15385=CARTESIAN_POINT('Line Origine',(12.2972221365,1.90794034284,1.61250000001)) ;
#15404=CARTESIAN_POINT('Axis2P3D Location',(12.2970480716,1.91008451137,1.62000000001)) ;
#15409=CARTESIAN_POINT('Line Origine',(12.2970480716,1.91008451137,1.61250000001)) ;
#15428=CARTESIAN_POINT('Axis2P3D Location',(12.2969883469,1.9121875604,1.62000000001)) ;
#15433=CARTESIAN_POINT('Line Origine',(12.2969883469,1.9121875604,1.61250000001)) ;
#15452=CARTESIAN_POINT('Axis2P3D Location',(12.2970439747,1.91425268764,1.62000000001)) ;
#15457=CARTESIAN_POINT('Line Origine',(12.2970439747,1.91425268764,1.61250000001)) ;
#15476=CARTESIAN_POINT('Axis2P3D Location',(12.2972164365,1.91628012776,1.62000000001)) ;
#15481=CARTESIAN_POINT('Line Origine',(12.2972164365,1.91628012776,1.61250000001)) ;
#15500=CARTESIAN_POINT('Axis2P3D Location',(12.2975030038,1.91826792992,1.62000000001)) ;
#15505=CARTESIAN_POINT('Line Origine',(12.2975030038,1.91826792992,1.61250000001)) ;
#15524=CARTESIAN_POINT('Axis2P3D Location',(12.2979064052,1.92021804494,1.62000000001)) ;
#15529=CARTESIAN_POINT('Line Origine',(12.2979064052,1.92021804494,1.61250000001)) ;
#15548=CARTESIAN_POINT('Axis2P3D Location',(12.2984253936,1.92212875665,1.62000000001)) ;
#15553=CARTESIAN_POINT('Line Origine',(12.2984253936,1.92212875665,1.61250000001)) ;
#15572=CARTESIAN_POINT('Axis2P3D Location',(12.2990597345,1.92400154658,1.62000000001)) ;
#15577=CARTESIAN_POINT('Line Origine',(12.2990597345,1.92400154658,1.61250000001)) ;
#15596=CARTESIAN_POINT('Axis2P3D Location',(12.2998096625,1.9258349332,1.62000000001)) ;
#15615=CARTESIAN_POINT('Line Origine',(12.3364262964,2.03101269957,1.60500000001)) ;
#15619=CARTESIAN_POINT('Vertex',(12.33762324,2.03279007524,1.60500000001)) ;
#15621=CARTESIAN_POINT('Vertex',(12.3352293529,2.02923532391,1.60500000001)) ;
#15624=CARTESIAN_POINT('Line Origine',(12.3369297564,2.01849939857,1.60500000001)) ;
#15628=CARTESIAN_POINT('Vertex',(12.3386301599,2.00776347323,1.60500000001)) ;
#15631=CARTESIAN_POINT('Line Origine',(12.3635747228,2.01171430386,1.60500000001)) ;
#15635=CARTESIAN_POINT('Vertex',(12.3885192857,2.01566513449,1.60500000001)) ;
#15638=CARTESIAN_POINT('Line Origine',(12.396853714,2.02492417042,1.60500000001)) ;
#15642=CARTESIAN_POINT('Vertex',(12.4051881423,2.03418320635,1.60500000001)) ;
#15645=CARTESIAN_POINT('Line Origine',(12.4098241559,2.00491256853,1.60500000001)) ;
#15649=CARTESIAN_POINT('Vertex',(12.4144601695,1.97564193072,1.60500000001)) ;
#15652=CARTESIAN_POINT('Line Origine',(12.4156910202,1.97720522494,1.60500000001)) ;
#15656=CARTESIAN_POINT('Vertex',(12.416921871,1.97876851916,1.60500000001)) ;
#15659=CARTESIAN_POINT('Line Origine',(12.4120235168,2.00969551032,1.60500000001)) ;
#15663=CARTESIAN_POINT('Vertex',(12.4071251626,2.04062250149,1.60500000001)) ;
#15666=CARTESIAN_POINT('Line Origine',(12.3969692994,2.02937707459,1.60500000001)) ;
#15670=CARTESIAN_POINT('Vertex',(12.3868134362,2.0181316477,1.60500000001)) ;
#15673=CARTESIAN_POINT('Line Origine',(12.3639526488,2.01451085468,1.60500000001)) ;
#15677=CARTESIAN_POINT('Vertex',(12.3410918614,2.01089006167,1.60500000001)) ;
#15680=CARTESIAN_POINT('Line Origine',(12.3393575507,2.02184006845,1.60500000001)) ;
#15705=CARTESIAN_POINT('Axis2P3D Location',(12.3352293529,2.02923532391,1.62000000001)) ;
#15710=CARTESIAN_POINT('Line Origine',(12.3352293529,2.02923532391,1.61250000001)) ;
#15715=CARTESIAN_POINT('Line Origine',(12.33762324,2.03279007524,1.61250000001)) ;
#15734=CARTESIAN_POINT('Axis2P3D Location',(12.3386301599,2.00776347323,1.62000000001)) ;
#15739=CARTESIAN_POINT('Line Origine',(12.3386301599,2.00776347323,1.61250000001)) ;
#15758=CARTESIAN_POINT('Line Origine',(12.3885192857,2.01566513449,1.61250000001)) ;
#15777=CARTESIAN_POINT('Axis2P3D Location',(12.4051881423,2.03418320635,1.62000000001)) ;
#15782=CARTESIAN_POINT('Line Origine',(12.4051881423,2.03418320635,1.61250000001)) ;
#15801=CARTESIAN_POINT('Line Origine',(12.4144601695,1.97564193072,1.61250000001)) ;
#15820=CARTESIAN_POINT('Axis2P3D Location',(12.416921871,1.97876851916,1.62000000001)) ;
#15825=CARTESIAN_POINT('Line Origine',(12.416921871,1.97876851916,1.61250000001)) ;
#15844=CARTESIAN_POINT('Line Origine',(12.4071251626,2.04062250149,1.61250000001)) ;
#15863=CARTESIAN_POINT('Axis2P3D Location',(12.3868134362,2.0181316477,1.62000000001)) ;
#15868=CARTESIAN_POINT('Line Origine',(12.3868134362,2.0181316477,1.61250000001)) ;
#15887=CARTESIAN_POINT('Line Origine',(12.3410918614,2.01089006167,1.61250000001)) ;
#15906=CARTESIAN_POINT('Axis2P3D Location',(12.33762324,2.03279007524,1.62000000001)) ;
#15925=CARTESIAN_POINT('Axis2P3D Location',(12.3461042575,1.95543081301,1.60500000001)) ;
#15929=CARTESIAN_POINT('Vertex',(12.3073867274,2.19988367731,1.60500000001)) ;
#15931=CARTESIAN_POINT('Vertex',(12.3848217876,1.71097794871,1.60500000001)) ;
#15934=CARTESIAN_POINT('Axis2P3D Location',(12.3461042575,1.95543081301,1.60500000001)) ;
#15943=CARTESIAN_POINT('Axis2P3D Location',(12.3461042575,1.95543081301,1.60500000001)) ;
#15947=CARTESIAN_POINT('Vertex',(12.3766089782,1.76283158659,1.60500000001)) ;
#15949=CARTESIAN_POINT('Vertex',(12.3155995368,2.14803003943,1.60500000001)) ;
#15952=CARTESIAN_POINT('Axis2P3D Location',(12.3461042575,1.95543081301,1.60500000001)) ;
#15961=CARTESIAN_POINT('Axis2P3D Location',(12.1275782121,1.92081968762,1.60500000001)) ;
#15965=CARTESIAN_POINT('Vertex',(12.1299247291,1.90600436251,1.60500000001)) ;
#15967=CARTESIAN_POINT('Vertex',(12.1252316952,1.93563501273,1.60500000001)) ;
#15970=CARTESIAN_POINT('Axis2P3D Location',(12.1275782121,1.92081968762,1.60500000001)) ;
#15979=CARTESIAN_POINT('Axis2P3D Location',(12.3114931321,2.17395685837,1.60500000001)) ;
#15983=CARTESIAN_POINT('Vertex',(12.3138396491,2.15914153326,1.60500000001)) ;
#15985=CARTESIAN_POINT('Vertex',(12.3091466151,2.18877218348,1.60500000001)) ;
#15988=CARTESIAN_POINT('Axis2P3D Location',(12.3114931321,2.17395685837,1.60500000001)) ;
#15997=CARTESIAN_POINT('Axis2P3D Location',(12.1671092475,2.08547830008,1.60500000001)) ;
#16001=CARTESIAN_POINT('Vertex',(12.1694557645,2.07066297497,1.60500000001)) ;
#16003=CARTESIAN_POINT('Vertex',(12.1647627305,2.10029362519,1.60500000001)) ;
#16006=CARTESIAN_POINT('Axis2P3D Location',(12.1671092475,2.08547830008,1.60500000001)) ;
#16015=CARTESIAN_POINT('Axis2P3D Location',(12.5646303028,1.9900419384,1.60500000001)) ;
#16019=CARTESIAN_POINT('Vertex',(12.5669768198,1.97522661329,1.60500000001)) ;
#16021=CARTESIAN_POINT('Vertex',(12.5622837859,2.00485726351,1.60500000001)) ;
#16024=CARTESIAN_POINT('Axis2P3D Location',(12.5646303028,1.9900419384,1.60500000001)) ;
#16033=CARTESIAN_POINT('Axis2P3D Location',(12.4761517446,2.13442582302,1.60500000001)) ;
#16037=CARTESIAN_POINT('Vertex',(12.4784982615,2.11961049791,1.60500000001)) ;
#16039=CARTESIAN_POINT('Vertex',(12.4738052276,2.14924114813,1.60500000001)) ;
#16042=CARTESIAN_POINT('Axis2P3D Location',(12.4761517446,2.13442582302,1.60500000001)) ;
#16051=CARTESIAN_POINT('Axis2P3D Location',(12.3807153829,1.73690476765,1.60500000001)) ;
#16055=CARTESIAN_POINT('Vertex',(12.3783688659,1.75172009276,1.60500000001)) ;
#16057=CARTESIAN_POINT('Vertex',(12.3830618999,1.72208944254,1.60500000001)) ;
#16060=CARTESIAN_POINT('Axis2P3D Location',(12.3807153829,1.73690476765,1.60500000001)) ;
#16069=CARTESIAN_POINT('Axis2P3D Location',(12.2160567704,1.776435803,1.60500000001)) ;
#16073=CARTESIAN_POINT('Vertex',(12.2137102534,1.79125112811,1.60500000001)) ;
#16075=CARTESIAN_POINT('Vertex',(12.2184032874,1.7616204779,1.60500000001)) ;
#16078=CARTESIAN_POINT('Axis2P3D Location',(12.2160567704,1.776435803,1.60500000001)) ;
#16087=CARTESIAN_POINT('Axis2P3D Location',(12.5250992675,1.82538332594,1.60500000001)) ;
#16091=CARTESIAN_POINT('Vertex',(12.5227527505,1.84019865105,1.60500000001)) ;
#16093=CARTESIAN_POINT('Vertex',(12.5274457845,1.81056800083,1.60500000001)) ;
#16096=CARTESIAN_POINT('Axis2P3D Location',(12.5250992675,1.82538332594,1.60500000001)) ;
#16113=CARTESIAN_POINT('Axis2P3D Location',(12.3461042575,1.95543081301,1.62000000001)) ;
#16118=CARTESIAN_POINT('Line Origine',(12.3848217876,1.71097794871,1.61250000001)) ;
#16123=CARTESIAN_POINT('Line Origine',(12.3073867274,2.19988367731,1.61250000001)) ;
#16156=CARTESIAN_POINT('Axis2P3D Location',(12.3461042575,1.95543081301,1.62000000001)) ;
#16161=CARTESIAN_POINT('Line Origine',(12.3766089782,1.76283158659,1.61250000001)) ;
#16166=CARTESIAN_POINT('Line Origine',(12.3155995368,2.14803003943,1.61250000001)) ;
#16199=CARTESIAN_POINT('Axis2P3D Location',(12.1275782121,1.92081968762,1.62000000001)) ;
#16204=CARTESIAN_POINT('Line Origine',(12.1299247291,1.90600436251,1.61250000001)) ;
#16209=CARTESIAN_POINT('Line Origine',(12.1252316952,1.93563501273,1.61250000001)) ;
#16242=CARTESIAN_POINT('Axis2P3D Location',(12.3114931321,2.17395685837,1.62000000001)) ;
#16247=CARTESIAN_POINT('Line Origine',(12.3138396491,2.15914153326,1.61250000001)) ;
#16252=CARTESIAN_POINT('Line Origine',(12.3091466151,2.18877218348,1.61250000001)) ;
#16285=CARTESIAN_POINT('Axis2P3D Location',(12.1671092475,2.08547830008,1.62000000001)) ;
#16290=CARTESIAN_POINT('Line Origine',(12.1694557645,2.07066297497,1.61250000001)) ;
#16295=CARTESIAN_POINT('Line Origine',(12.1647627305,2.10029362519,1.61250000001)) ;
#16328=CARTESIAN_POINT('Axis2P3D Location',(12.5646303028,1.9900419384,1.62000000001)) ;
#16333=CARTESIAN_POINT('Line Origine',(12.5669768198,1.97522661329,1.61250000001)) ;
#16338=CARTESIAN_POINT('Line Origine',(12.5622837859,2.00485726351,1.61250000001)) ;
#16371=CARTESIAN_POINT('Axis2P3D Location',(12.4761517446,2.13442582302,1.62000000001)) ;
#16376=CARTESIAN_POINT('Line Origine',(12.4784982615,2.11961049791,1.61250000001)) ;
#16381=CARTESIAN_POINT('Line Origine',(12.4738052276,2.14924114813,1.61250000001)) ;
#16414=CARTESIAN_POINT('Axis2P3D Location',(12.3807153829,1.73690476765,1.62000000001)) ;
#16419=CARTESIAN_POINT('Line Origine',(12.3783688659,1.75172009276,1.61250000001)) ;
#16424=CARTESIAN_POINT('Line Origine',(12.3830618999,1.72208944254,1.61250000001)) ;
#16457=CARTESIAN_POINT('Axis2P3D Location',(12.2160567704,1.776435803,1.62000000001)) ;
#16462=CARTESIAN_POINT('Line Origine',(12.2137102534,1.79125112811,1.61250000001)) ;
#16467=CARTESIAN_POINT('Line Origine',(12.2184032874,1.7616204779,1.61250000001)) ;
#16500=CARTESIAN_POINT('Axis2P3D Location',(12.5250992675,1.82538332594,1.62000000001)) ;
#16505=CARTESIAN_POINT('Line Origine',(12.5227527505,1.84019865105,1.61250000001)) ;
#16510=CARTESIAN_POINT('Line Origine',(12.5274457845,1.81056800083,1.61250000001)) ;
#36=DIRECTION('Axis2P3D Direction',(0.,-0.,-0.0393700787402)) ;
#37=DIRECTION('Axis2P3D XDirection',(0.0345504945626,-0.0188750212049,0.)) ;
#41=DIRECTION('Vector Direction',(0.,0.,-0.0393700787402)) ;
#50=DIRECTION('Axis2P3D Direction',(0.,-0.,-0.0393700787402)) ;
#57=DIRECTION('Vector Direction',(0.,0.,-0.0393700787402)) ;
#64=DIRECTION('Axis2P3D Direction',(0.,-0.,-0.0393700787402)) ;
#76=DIRECTION('Axis2P3D Direction',(0.,-0.,-0.0393700787402)) ;
#81=DIRECTION('Axis2P3D Direction',(0.,-0.,-0.0393700787402)) ;
#93=DIRECTION('Axis2P3D Direction',(0.,0.,-0.0393700787402)) ;
#94=DIRECTION('Axis2P3D XDirection',(0.0188750212049,0.0345504945626,0.)) ;
#98=DIRECTION('Axis2P3D Direction',(0.,0.,-0.0393700787402)) ;
#107=DIRECTION('Vector Direction',(0.,0.,-0.0393700787402)) ;
#114=DIRECTION('Axis2P3D Direction',(0.,0.,-0.0393700787402)) ;
#121=DIRECTION('Vector Direction',(0.,0.,-0.0393700787402)) ;
#133=DIRECTION('Axis2P3D Direction',(0.,0.,-0.0393700787402)) ;
#138=DIRECTION('Axis2P3D Direction',(0.,0.,-0.0393700787402)) ;
#150=DIRECTION('Axis2P3D Direction',(0.,0.,-0.0393700787402)) ;
#151=DIRECTION('Axis2P3D XDirection',(-0.0188750212049,-0.0345504945626,0.)) ;
#155=DIRECTION('Axis2P3D Direction',(0.,0.,-0.0393700787402)) ;
#164=DIRECTION('Axis2P3D Direction',(-0.0345504945626,0.0188750212049,0.)) ;
#171=DIRECTION('Axis2P3D Direction',(0.,0.,-0.0393700787402)) ;
#178=DIRECTION('Axis2P3D Direction',(0.0345504945626,-0.0188750212049,0.)) ;
#190=DIRECTION('Axis2P3D Direction',(0.,0.,-0.0393700787402)) ;
#195=DIRECTION('Axis2P3D Direction',(0.,0.,-0.0393700787402)) ;
#207=DIRECTION('Axis2P3D Direction',(0.,0.,-0.0393700787402)) ;
#208=DIRECTION('Axis2P3D XDirection',(-0.0188750212049,-0.0345504945626,0.)) ;
#212=DIRECTION('Vector Direction',(0.00537181969866,0.00983305000165,-0.0377419896242)) ;
#219=DIRECTION('Axis2P3D Direction',(0.,0.,-0.0393700787402)) ;
#226=DIRECTION('Vector Direction',(-0.00537181969866,-0.00983305000165,-0.0377419896242)) ;
#238=DIRECTION('Axis2P3D Direction',(0.,0.,-0.0393700787402)) ;
#250=DIRECTION('Axis2P3D Direction',(0.,0.,-0.0393700787402)) ;
#251=DIRECTION('Axis2P3D XDirection',(-0.0188750212049,-0.0345504945626,0.)) ;
#255=DIRECTION('Vector Direction',(0.,0.,-0.0393700787402)) ;
#262=DIRECTION('Vector Direction',(0.,0.,-0.0393700787402)) ;
#269=DIRECTION('Axis2P3D Direction',(0.,0.,-0.0393700787402)) ;
#276=DIRECTION('Axis2P3D Direction',(0.,0.,-0.0393700787402)) ;
#289=DIRECTION('Axis2P3D Direction',(0.,0.,-0.0393700787402)) ;
#296=DIRECTION('Axis2P3D Direction',(0.,0.,-0.0393700787402)) ;
#309=DIRECTION('Axis2P3D Direction',(-0.,-0.,-0.0393700787402)) ;
#310=DIRECTION('Axis2P3D XDirection',(-0.0188750212049,0.0345504945626,0.)) ;
#314=DIRECTION('Vector Direction',(0.014974561121,-0.02741075027,-0.023966985394)) ;
#321=DIRECTION('Axis2P3D Direction',(0.,0.,-0.0393700787402)) ;
#328=DIRECTION('Vector Direction',(-0.014974561121,0.02741075027,-0.023966985394)) ;
#341=DIRECTION('Axis2P3D Direction',(0.,0.,-0.0393700787402)) ;
#342=DIRECTION('Axis2P3D XDirection',(-0.0188750212049,-0.0345504945626,0.)) ;
#346=DIRECTION('Axis2P3D Direction',(0.,0.,-0.0393700787402)) ;
#355=DIRECTION('Vector Direction',(0.,0.,-0.0393700787402)) ;
#362=DIRECTION('Axis2P3D Direction',(0.,0.,-0.0393700787402)) ;
#369=DIRECTION('Vector Direction',(0.,0.,-0.0393700787402)) ;
#381=DIRECTION('Axis2P3D Direction',(0.,0.,-0.0393700787402)) ;
#386=DIRECTION('Axis2P3D Direction',(0.,0.,-0.0393700787402)) ;
#398=DIRECTION('Axis2P3D Direction',(0.,0.,-0.0393700787402)) ;
#399=DIRECTION('Axis2P3D XDirection',(0.0393700787402,0.,0.)) ;
#403=DIRECTION('Axis2P3D Direction',(0.,0.,-0.0393700787402)) ;
#412=DIRECTION('Axis2P3D Direction',(0.,0.,-0.0393700787402)) ;
#426=DIRECTION('Axis2P3D Direction',(0.,0.,-0.0393700787402)) ;
#427=DIRECTION('Axis2P3D XDirection',(0.0393700787402,0.,0.)) ;
#431=DIRECTION('Axis2P3D Direction',(0.,0.,-0.0393700787402)) ;
#453=DIRECTION('Axis2P3D Direction',(0.,0.,-0.0393700787402)) ;
#454=DIRECTION('Axis2P3D XDirection',(0.0188750212049,0.0345504945626,0.)) ;
#458=DIRECTION('Vector Direction',(0.,0.,-0.0393700787402)) ;
#465=DIRECTION('Axis2P3D Direction',(0.,0.,-0.0393700787402)) ;
#472=DIRECTION('Vector Direction',(0.,0.,-0.0393700787402)) ;
#484=DIRECTION('Axis2P3D Direction',(0.,0.,-0.0393700787402)) ;
#496=DIRECTION('Axis2P3D Direction',(0.,0.,-0.0393700787402)) ;
#497=DIRECTION('Axis2P3D XDirection',(0.0393700787402,0.,0.)) ;
#513=DIRECTION('Axis2P3D Direction',(0.,0.,-0.0393700787402)) ;
#522=DIRECTION('Axis2P3D Direction',(0.,0.,-0.0393700787402)) ;
#531=DIRECTION('Axis2P3D Direction',(0.,0.,-0.0393700787402)) ;
#540=DIRECTION('Axis2P3D Direction',(0.,0.,-0.0393700787402)) ;
#549=DIRECTION('Axis2P3D Direction',(0.,0.,-0.0393700787402)) ;
#558=DIRECTION('Axis2P3D Direction',(0.,0.,-0.0393700787402)) ;
#567=DIRECTION('Axis2P3D Direction',(0.,0.,-0.0393700787402)) ;
#576=DIRECTION('Axis2P3D Direction',(0.,0.,-0.0393700787402)) ;
#585=DIRECTION('Axis2P3D Direction',(0.,0.,-0.0393700787402)) ;
#594=DIRECTION('Axis2P3D Direction',(0.,0.,-0.0393700787402)) ;
#603=DIRECTION('Axis2P3D Direction',(0.,0.,-0.0393700787402)) ;
#612=DIRECTION('Axis2P3D Direction',(0.,0.,-0.0393700787402)) ;
#621=DIRECTION('Axis2P3D Direction',(0.,0.,-0.0393700787402)) ;
#630=DIRECTION('Axis2P3D Direction',(0.,0.,-0.0393700787402)) ;
#639=DIRECTION('Axis2P3D Direction',(0.,0.,-0.0393700787402)) ;
#648=DIRECTION('Axis2P3D Direction',(0.,0.,-0.0393700787402)) ;
#657=DIRECTION('Axis2P3D Direction',(0.,0.,-0.0393700787402)) ;
#666=DIRECTION('Axis2P3D Direction',(0.,0.,-0.0393700787402)) ;
#675=DIRECTION('Axis2P3D Direction',(0.,0.,-0.0393700787402)) ;
#684=DIRECTION('Axis2P3D Direction',(0.,0.,-0.0393700787402)) ;
#693=DIRECTION('Axis2P3D Direction',(0.,0.,-0.0393700787402)) ;
#702=DIRECTION('Axis2P3D Direction',(0.,0.,-0.0393700787402)) ;
#711=DIRECTION('Axis2P3D Direction',(0.,0.,-0.0393700787402)) ;
#720=DIRECTION('Axis2P3D Direction',(0.,0.,-0.0393700787402)) ;
#729=DIRECTION('Axis2P3D Direction',(0.,0.,-0.0393700787402)) ;
#738=DIRECTION('Axis2P3D Direction',(0.,0.,-0.0393700787402)) ;
#747=DIRECTION('Axis2P3D Direction',(0.,0.,-0.0393700787402)) ;
#756=DIRECTION('Axis2P3D Direction',(0.,0.,-0.0393700787402)) ;
#765=DIRECTION('Axis2P3D Direction',(0.,0.,-0.0393700787402)) ;
#774=DIRECTION('Axis2P3D Direction',(0.,0.,-0.0393700787402)) ;
#783=DIRECTION('Axis2P3D Direction',(0.,0.,-0.0393700787402)) ;
#792=DIRECTION('Axis2P3D Direction',(0.,0.,-0.0393700787402)) ;
#801=DIRECTION('Axis2P3D Direction',(0.,0.,-0.0393700787402)) ;
#810=DIRECTION('Axis2P3D Direction',(0.,0.,-0.0393700787402)) ;
#819=DIRECTION('Axis2P3D Direction',(0.,0.,-0.0393700787402)) ;
#828=DIRECTION('Axis2P3D Direction',(0.,0.,-0.0393700787402)) ;
#837=DIRECTION('Axis2P3D Direction',(0.,0.,-0.0393700787402)) ;
#846=DIRECTION('Axis2P3D Direction',(0.,0.,-0.0393700787402)) ;
#856=DIRECTION('Axis2P3D Direction',(0.,0.,-0.0393700787402)) ;
#857=DIRECTION('Axis2P3D XDirection',(-0.0270267706735,0.028627901896,0.)) ;
#861=DIRECTION('Vector Direction',(0.,0.,-0.0393700787402)) ;
#868=DIRECTION('Vector Direction',(0.,0.,-0.0393700787402)) ;
#875=DIRECTION('Axis2P3D Direction',(0.,0.,-0.0393700787402)) ;
#887=DIRECTION('Axis2P3D Direction',(0.,0.,-0.0393700787402)) ;
#899=DIRECTION('Axis2P3D Direction',(0.,-0.,-0.0393700787402)) ;
#900=DIRECTION('Axis2P3D XDirection',(0.0168574781643,-0.0355784840873,0.)) ;
#904=DIRECTION('Vector Direction',(0.,0.,-0.0393700787402)) ;
#911=DIRECTION('Vector Direction',(0.,0.,-0.0393700787402)) ;
#918=DIRECTION('Axis2P3D Direction',(0.,-0.,-0.0393700787402)) ;
#930=DIRECTION('Axis2P3D Direction',(0.,-0.,-0.0393700787402)) ;
#942=DIRECTION('Axis2P3D Direction',(0.,0.,-0.0393700787402)) ;
#943=DIRECTION('Axis2P3D XDirection',(-0.0168574781643,0.0355784840873,0.)) ;
#947=DIRECTION('Vector Direction',(0.,0.,-0.0393700787402)) ;
#954=DIRECTION('Vector Direction',(0.,0.,-0.0393700787402)) ;
#961=DIRECTION('Axis2P3D Direction',(0.,0.,-0.0393700787402)) ;
#973=DIRECTION('Axis2P3D Direction',(0.,0.,-0.0393700787402)) ;
#985=DIRECTION('Axis2P3D Direction',(0.,-0.,-0.0393700787402)) ;
#986=DIRECTION('Axis2P3D XDirection',(0.00503805823937,-0.0390463963662,0.)) ;
#990=DIRECTION('Vector Direction',(0.,0.,-0.0393700787402)) ;
#997=DIRECTION('Vector Direction',(0.,0.,-0.0393700787402)) ;
#1004=DIRECTION('Axis2P3D Direction',(0.,-0.,-0.0393700787402)) ;
#1016=DIRECTION('Axis2P3D Direction',(0.,-0.,-0.0393700787402)) ;
#1028=DIRECTION('Axis2P3D Direction',(0.,0.,-0.0393700787402)) ;
#1029=DIRECTION('Axis2P3D XDirection',(-0.00503805823937,0.0390463963662,0.)) ;
#1033=DIRECTION('Vector Direction',(0.,0.,-0.0393700787402)) ;
#1040=DIRECTION('Vector Direction',(0.,0.,-0.0393700787402)) ;
#1047=DIRECTION('Axis2P3D Direction',(0.,0.,-0.0393700787402)) ;
#1059=DIRECTION('Axis2P3D Direction',(0.,0.,-0.0393700787402)) ;
#1071=DIRECTION('Axis2P3D Direction',(0.,-0.,-0.0393700787402)) ;
#1072=DIRECTION('Axis2P3D XDirection',(-0.00727452192821,-0.0386921753165,0.)) ;
#1076=DIRECTION('Vector Direction',(0.,0.,-0.0393700787402)) ;
#1083=DIRECTION('Vector Direction',(0.,0.,-0.0393700787402)) ;
#1090=DIRECTION('Axis2P3D Direction',(0.,-0.,-0.0393700787402)) ;
#1102=DIRECTION('Axis2P3D Direction',(0.,-0.,-0.0393700787402)) ;
#1114=DIRECTION('Axis2P3D Direction',(0.,0.,-0.0393700787402)) ;
#1115=DIRECTION('Axis2P3D XDirection',(0.00727452192821,0.0386921753165,0.)) ;
#1119=DIRECTION('Vector Direction',(0.,0.,-0.0393700787402)) ;
#1126=DIRECTION('Vector Direction',(0.,0.,-0.0393700787402)) ;
#1133=DIRECTION('Axis2P3D Direction',(0.,0.,-0.0393700787402)) ;
#1145=DIRECTION('Axis2P3D Direction',(0.,0.,-0.0393700787402)) ;
#1157=DIRECTION('Axis2P3D Direction',(0.,-0.,-0.0393700787402)) ;
#1158=DIRECTION('Axis2P3D XDirection',(-0.0188750212049,-0.0345504945626,0.)) ;
#1162=DIRECTION('Vector Direction',(0.,0.,-0.0393700787402)) ;
#1169=DIRECTION('Vector Direction',(0.,0.,-0.0393700787402)) ;
#1176=DIRECTION('Axis2P3D Direction',(0.,-0.,-0.0393700787402)) ;
#1188=DIRECTION('Axis2P3D Direction',(0.,-0.,-0.0393700787402)) ;
#1200=DIRECTION('Axis2P3D Direction',(0.,0.,-0.0393700787402)) ;
#1201=DIRECTION('Axis2P3D XDirection',(0.0188750212049,0.0345504945626,0.)) ;
#1205=DIRECTION('Vector Direction',(0.,0.,-0.0393700787402)) ;
#1212=DIRECTION('Vector Direction',(0.,0.,-0.0393700787402)) ;
#1219=DIRECTION('Axis2P3D Direction',(0.,0.,-0.0393700787402)) ;
#1231=DIRECTION('Axis2P3D Direction',(0.,0.,-0.0393700787402)) ;
#1243=DIRECTION('Axis2P3D Direction',(-0.,0.,-0.0393700787402)) ;
#1244=DIRECTION('Axis2P3D XDirection',(-0.028627901896,-0.0270267706735,0.)) ;
#1248=DIRECTION('Vector Direction',(0.,0.,-0.0393700787402)) ;
#1255=DIRECTION('Vector Direction',(0.,0.,-0.0393700787402)) ;
#1262=DIRECTION('Axis2P3D Direction',(-0.,0.,-0.0393700787402)) ;
#1274=DIRECTION('Axis2P3D Direction',(-0.,0.,-0.0393700787402)) ;
#1286=DIRECTION('Axis2P3D Direction',(0.,0.,-0.0393700787402)) ;
#1287=DIRECTION('Axis2P3D XDirection',(0.028627901896,0.0270267706735,0.)) ;
#1291=DIRECTION('Vector Direction',(0.,0.,-0.0393700787402)) ;
#1298=DIRECTION('Vector Direction',(0.,0.,-0.0393700787402)) ;
#1305=DIRECTION('Axis2P3D Direction',(0.,0.,-0.0393700787402)) ;
#1317=DIRECTION('Axis2P3D Direction',(0.,0.,-0.0393700787402)) ;
#1329=DIRECTION('Axis2P3D Direction',(-0.,0.,-0.0393700787402)) ;
#1330=DIRECTION('Axis2P3D XDirection',(-0.0355784840873,-0.0168574781643,0.)) ;
#1334=DIRECTION('Vector Direction',(0.,0.,-0.0393700787402)) ;
#1341=DIRECTION('Vector Direction',(0.,0.,-0.0393700787402)) ;
#1348=DIRECTION('Axis2P3D Direction',(-0.,0.,-0.0393700787402)) ;
#1360=DIRECTION('Axis2P3D Direction',(-0.,0.,-0.0393700787402)) ;
#1372=DIRECTION('Axis2P3D Direction',(0.,0.,-0.0393700787402)) ;
#1373=DIRECTION('Axis2P3D XDirection',(0.0355784840873,0.0168574781643,0.)) ;
#1377=DIRECTION('Vector Direction',(0.,0.,-0.0393700787402)) ;
#1384=DIRECTION('Vector Direction',(0.,0.,-0.0393700787402)) ;
#1391=DIRECTION('Axis2P3D Direction',(0.,0.,-0.0393700787402)) ;
#1403=DIRECTION('Axis2P3D Direction',(0.,0.,-0.0393700787402)) ;
#1415=DIRECTION('Axis2P3D Direction',(-0.,0.,-0.0393700787402)) ;
#1416=DIRECTION('Axis2P3D XDirection',(-0.0390463963662,-0.00503805823937,0.)) ;
#1420=DIRECTION('Vector Direction',(0.,0.,-0.0393700787402)) ;
#1427=DIRECTION('Vector Direction',(0.,0.,-0.0393700787402)) ;
#1434=DIRECTION('Axis2P3D Direction',(-0.,0.,-0.0393700787402)) ;
#1446=DIRECTION('Axis2P3D Direction',(-0.,0.,-0.0393700787402)) ;
#1458=DIRECTION('Axis2P3D Direction',(0.,0.,-0.0393700787402)) ;
#1459=DIRECTION('Axis2P3D XDirection',(0.0390463963662,0.00503805823937,0.)) ;
#1463=DIRECTION('Vector Direction',(0.,0.,-0.0393700787402)) ;
#1470=DIRECTION('Vector Direction',(0.,0.,-0.0393700787402)) ;
#1477=DIRECTION('Axis2P3D Direction',(0.,0.,-0.0393700787402)) ;
#1489=DIRECTION('Axis2P3D Direction',(0.,0.,-0.0393700787402)) ;
#1501=DIRECTION('Axis2P3D Direction',(-0.,0.,-0.0393700787402)) ;
#1502=DIRECTION('Axis2P3D XDirection',(-0.0386921753165,0.00727452192821,0.)) ;
#1506=DIRECTION('Vector Direction',(0.,0.,-0.0393700787402)) ;
#1513=DIRECTION('Vector Direction',(0.,0.,-0.0393700787402)) ;
#1520=DIRECTION('Axis2P3D Direction',(-0.,0.,-0.0393700787402)) ;
#1532=DIRECTION('Axis2P3D Direction',(-0.,0.,-0.0393700787402)) ;
#1544=DIRECTION('Axis2P3D Direction',(0.,0.,-0.0393700787402)) ;
#1545=DIRECTION('Axis2P3D XDirection',(0.0386921753165,-0.00727452192821,0.)) ;
#1549=DIRECTION('Vector Direction',(0.,0.,-0.0393700787402)) ;
#1556=DIRECTION('Vector Direction',(0.,0.,-0.0393700787402)) ;
#1563=DIRECTION('Axis2P3D Direction',(0.,0.,-0.0393700787402)) ;
#1575=DIRECTION('Axis2P3D Direction',(0.,0.,-0.0393700787402)) ;
#1587=DIRECTION('Axis2P3D Direction',(-0.,0.,-0.0393700787402)) ;
#1588=DIRECTION('Axis2P3D XDirection',(-0.0345504945626,0.0188750212049,0.)) ;
#1592=DIRECTION('Vector Direction',(0.,0.,-0.0393700787402)) ;
#1599=DIRECTION('Vector Direction',(0.,0.,-0.0393700787402)) ;
#1606=DIRECTION('Axis2P3D Direction',(-0.,0.,-0.0393700787402)) ;
#1618=DIRECTION('Axis2P3D Direction',(-0.,0.,-0.0393700787402)) ;
#1630=DIRECTION('Axis2P3D Direction',(0.,-0.,-0.0393700787402)) ;
#1631=DIRECTION('Axis2P3D XDirection',(0.0270267706735,-0.028627901896,0.)) ;
#1635=DIRECTION('Vector Direction',(0.,0.,-0.0393700787402)) ;
#1642=DIRECTION('Vector Direction',(0.,0.,-0.0393700787402)) ;
#1649=DIRECTION('Axis2P3D Direction',(0.,-0.,-0.0393700787402)) ;
#1661=DIRECTION('Axis2P3D Direction',(0.,-0.,-0.0393700787402)) ;
#1673=DIRECTION('Axis2P3D Direction',(0.,0.,-0.0393700787402)) ;
#1674=DIRECTION('Axis2P3D XDirection',(0.0393700787402,0.,0.)) ;
#1766=DIRECTION('Axis2P3D Direction',(0.,0.,-0.0393700787402)) ;
#1775=DIRECTION('Axis2P3D Direction',(0.,0.,-0.0393700787402)) ;
#1785=DIRECTION('Axis2P3D Direction',(0.,0.,-0.0393700787402)) ;
#1794=DIRECTION('Axis2P3D Direction',(0.,0.,-0.0393700787402)) ;
#1803=DIRECTION('Vector Direction',(0.0369038966783,-0.0137151562136,0.)) ;
#1812=DIRECTION('Vector Direction',(0.0372517732602,-0.0127400348892,0.)) ;
#1819=DIRECTION('Vector Direction',(0.0375535761136,-0.011820829966,0.)) ;
#1826=DIRECTION('Vector Direction',(0.037819345073,-0.0109407604058,0.)) ;
#1833=DIRECTION('Vector Direction',(0.0380569233325,-0.0100833370701,0.)) ;
#1840=DIRECTION('Vector Direction',(0.0382577259431,-0.00929244347144,0.)) ;
#1847=DIRECTION('Vector Direction',(0.0384282648929,-0.00855988068427,0.)) ;
#1854=DIRECTION('Vector Direction',(0.0385755468136,-0.00786957991502,0.)) ;
#1861=DIRECTION('Vector Direction',(0.0387026451572,-0.00721861190526,0.)) ;
#1868=DIRECTION('Vector Direction',(0.038816705554,-0.00657772528603,0.)) ;
#1875=DIRECTION('Vector Direction',(0.0389077925815,-0.00601554456746,0.)) ;
#1882=DIRECTION('Vector Direction',(-0.0231558746009,-0.0318403607309,0.)) ;
#1889=DIRECTION('Vector Direction',(-0.0358800834186,-0.0162056383361,0.)) ;
#1896=DIRECTION('Vector Direction',(-0.0352201561043,-0.0175938541541,0.)) ;
#1903=DIRECTION('Vector Direction',(-0.034441673586,-0.0190728660826,0.)) ;
#1910=DIRECTION('Vector Direction',(-0.033469714996,-0.0207311668291,0.)) ;
#1917=DIRECTION('Vector Direction',(-0.0322947690561,-0.0225177927785,0.)) ;
#1924=DIRECTION('Vector Direction',(-0.0308646397608,-0.0244412993199,0.)) ;
#1931=DIRECTION('Vector Direction',(-0.029156709913,-0.0264554222619,0.)) ;
#1938=DIRECTION('Vector Direction',(-0.0270321083744,-0.0286228617864,0.)) ;
#1945=DIRECTION('Vector Direction',(-0.0245561403653,-0.0307733500024,0.)) ;
#1952=DIRECTION('Vector Direction',(-0.0215890897526,-0.0329228538201,0.)) ;
#1959=DIRECTION('Vector Direction',(-0.0182387712029,-0.034890547789,0.)) ;
#1966=DIRECTION('Vector Direction',(-0.0148031435297,-0.0364810915632,0.)) ;
#1973=DIRECTION('Vector Direction',(-0.0115250656543,-0.0376453976161,0.)) ;
#1980=DIRECTION('Vector Direction',(-0.00838364029419,-0.0384670986094,0.)) ;
#1987=DIRECTION('Vector Direction',(-0.00551303454513,-0.0389821696434,0.)) ;
#1994=DIRECTION('Vector Direction',(-0.00287886589359,-0.0392646817276,0.)) ;
#2001=DIRECTION('Vector Direction',(-0.000469693989145,-0.0393672768624,0.)) ;
#2008=DIRECTION('Vector Direction',(0.00170530926112,-0.039333128789,0.)) ;
#2015=DIRECTION('Vector Direction',(0.00360124280497,-0.0392050271045,0.)) ;
#2022=DIRECTION('Vector Direction',(0.0053522965698,-0.0390045641103,0.)) ;
#2029=DIRECTION('Vector Direction',(0.00651805358862,-0.0388267701132,0.)) ;
#2036=DIRECTION('Vector Direction',(0.00720474530708,-0.0387052289112,0.)) ;
#2043=DIRECTION('Vector Direction',(0.00785886417785,-0.0385777313205,0.)) ;
#2050=DIRECTION('Vector Direction',(0.00856875983838,-0.0384262859881,0.)) ;
#2057=DIRECTION('Vector Direction',(0.00924483266371,-0.038269258799,0.)) ;
#2064=DIRECTION('Vector Direction',(0.0389511401334,0.00572815697395,0.)) ;
#2071=DIRECTION('Vector Direction',(0.0218630592964,0.0327415598011,0.)) ;
#2078=DIRECTION('Vector Direction',(0.0061588372063,-0.03888536774,0.)) ;
#2085=DIRECTION('Vector Direction',(-0.0296634819196,0.0258859216643,0.)) ;
#2092=DIRECTION('Vector Direction',(-0.03888536774,-0.00615883720631,0.)) ;
#2099=DIRECTION('Vector Direction',(0.00560373884551,-0.0389692341592,0.)) ;
#2106=DIRECTION('Vector Direction',(0.00696631800556,-0.0387488517695,0.)) ;
#2113=DIRECTION('Vector Direction',(0.00863412990992,-0.0384116505855,0.)) ;
#2120=DIRECTION('Vector Direction',(0.0105561893811,-0.0379284848861,0.)) ;
#2127=DIRECTION('Vector Direction',(0.0126972437818,-0.0372663802958,0.)) ;
#2134=DIRECTION('Vector Direction',(0.0150397769717,-0.0363841752504,0.)) ;
#2141=DIRECTION('Vector Direction',(0.0176074932863,-0.0352133395204,0.)) ;
#2148=DIRECTION('Vector Direction',(0.0204165004387,-0.0336625847172,0.)) ;
#2155=DIRECTION('Vector Direction',(0.0249533595079,-0.0304521419489,0.)) ;
#2162=DIRECTION('Vector Direction',(0.0309917783693,-0.024279884133,0.)) ;
#2169=DIRECTION('Vector Direction',(0.0355101160172,-0.0170010223354,0.)) ;
#2176=DIRECTION('Vector Direction',(0.0379882301967,-0.0103391231025,0.)) ;
#2183=DIRECTION('Vector Direction',(0.0388973255568,-0.00608285825344,0.)) ;
#2190=DIRECTION('Vector Direction',(0.0392037567295,-0.00361504609941,0.)) ;
#2197=DIRECTION('Vector Direction',(0.039345862859,-0.00138064328699,0.)) ;
#2204=DIRECTION('Vector Direction',(0.0393659086735,0.000573004640982,0.)) ;
#2211=DIRECTION('Vector Direction',(0.039302522038,0.00230539832917,0.)) ;
#2218=DIRECTION('Vector Direction',(0.0061588372063,-0.03888536774,0.)) ;
#2225=DIRECTION('Vector Direction',(-0.0393332276725,-0.00170302697179,0.)) ;
#2232=DIRECTION('Vector Direction',(-0.0393700480912,-4.91253680008E-005,0.)) ;
#2239=DIRECTION('Vector Direction',(-0.0393242937312,0.00189816294134,0.)) ;
#2246=DIRECTION('Vector Direction',(-0.0391632866085,0.00402989851341,0.)) ;
#2253=DIRECTION('Vector Direction',(-0.0388422188213,0.00642535112233,0.)) ;
#2260=DIRECTION('Vector Direction',(-0.0382932581207,0.00914491566438,0.)) ;
#2267=DIRECTION('Vector Direction',(-0.0374453025941,0.0121594577856,0.)) ;
#2274=DIRECTION('Vector Direction',(-0.0362389030851,0.0153865201783,0.)) ;
#2281=DIRECTION('Vector Direction',(-0.0345543074374,0.0188680401083,0.)) ;
#2288=DIRECTION('Vector Direction',(-0.0309849779471,0.0242885619505,0.)) ;
#2295=DIRECTION('Vector Direction',(-0.026560399937,0.0290611124218,0.)) ;
#2302=DIRECTION('Vector Direction',(-0.023549803164,0.0315501168134,0.)) ;
#2309=DIRECTION('Vector Direction',(-0.0205882347805,0.0335578260415,0.)) ;
#2316=DIRECTION('Vector Direction',(-0.0177948021605,0.0351190563096,0.)) ;
#2323=DIRECTION('Vector Direction',(-0.0151968818499,0.0363188364633,0.)) ;
#2330=DIRECTION('Vector Direction',(-0.0128018952223,0.0372305597423,0.)) ;
#2337=DIRECTION('Vector Direction',(-0.0106600677723,0.0378994202475,0.)) ;
#2344=DIRECTION('Vector Direction',(-0.00869794696806,0.038397250143,0.)) ;
#2351=DIRECTION('Vector Direction',(-0.00696086855768,0.0387498310826,0.)) ;
#2358=DIRECTION('Vector Direction',(-0.00551088339385,0.0389824738084,0.)) ;
#2365=DIRECTION('Vector Direction',(-0.039290189501,0.00250681251424,0.)) ;
#2372=DIRECTION('Vector Direction',(0.00198120852275,-0.0393201972629,0.)) ;
#2379=DIRECTION('Vector Direction',(0.00285370236538,-0.0392665185981,0.)) ;
#2386=DIRECTION('Vector Direction',(0.00373344994613,-0.0391926581327,0.)) ;
#2393=DIRECTION('Vector Direction',(0.00467952661924,-0.0390909852859,0.)) ;
#2400=DIRECTION('Vector Direction',(0.00566542802841,-0.0389603134646,0.)) ;
#2407=DIRECTION('Vector Direction',(0.00697457784779,-0.0387473658956,0.)) ;
#2414=DIRECTION('Vector Direction',(0.00871686732826,-0.0383929593023,0.)) ;
#2421=DIRECTION('Vector Direction',(0.0107012863366,-0.0378878024006,0.)) ;
#2428=DIRECTION('Vector Direction',(0.0128384189375,-0.0372179808586,0.)) ;
#2435=DIRECTION('Vector Direction',(0.0152035653832,-0.0363160391514,0.)) ;
#2442=DIRECTION('Vector Direction',(0.0178287718511,-0.0351018232331,0.)) ;
#2449=DIRECTION('Vector Direction',(0.0205987666022,-0.0335513623341,0.)) ;
#2456=DIRECTION('Vector Direction',(0.0235271150944,-0.0315670390652,0.)) ;
#2463=DIRECTION('Vector Direction',(0.0265084907683,-0.0291084698532,0.)) ;
#2470=DIRECTION('Vector Direction',(0.0294602847454,-0.0261169432118,0.)) ;
#2477=DIRECTION('Vector Direction',(0.0322098204369,-0.0226391379568,0.)) ;
#2484=DIRECTION('Vector Direction',(0.0344610096811,-0.0190379072317,0.)) ;
#2491=DIRECTION('Vector Direction',(0.0362198696936,-0.0154312714766,0.)) ;
#2498=DIRECTION('Vector Direction',(0.0375175069691,-0.0119348133975,0.)) ;
#2505=DIRECTION('Vector Direction',(0.038390266197,-0.00872872048639,0.)) ;
#2512=DIRECTION('Vector Direction',(0.0389454602808,-0.00576664751132,0.)) ;
#2519=DIRECTION('Vector Direction',(0.0392507244233,-0.0030632878172,0.)) ;
#2526=DIRECTION('Vector Direction',(0.0393648032958,-0.000644485444706,0.)) ;
#2533=DIRECTION('Vector Direction',(0.0393417135463,0.00149421392365,0.)) ;
#2540=DIRECTION('Vector Direction',(0.0392214866917,0.00341732083645,0.)) ;
#2547=DIRECTION('Vector Direction',(-0.0274152224656,-0.0282561263652,0.)) ;
#2554=DIRECTION('Vector Direction',(-0.0347069290512,-0.0185858057626,0.)) ;
#2561=DIRECTION('Vector Direction',(-0.0342871056526,-0.0193493536319,0.)) ;
#2568=DIRECTION('Vector Direction',(-0.033892120663,-0.0200331539447,0.)) ;
#2575=DIRECTION('Vector Direction',(-0.0334988853516,-0.0206839981678,0.)) ;
#2582=DIRECTION('Vector Direction',(-0.033116069008,-0.0212915258604,0.)) ;
#2589=DIRECTION('Vector Direction',(-0.0327476967189,-0.0218538660107,0.)) ;
#2596=DIRECTION('Vector Direction',(-0.032386912243,-0.0223850623267,0.)) ;
#2603=DIRECTION('Vector Direction',(-0.0320449174476,-0.0228719558801,0.)) ;
#2610=DIRECTION('Vector Direction',(-0.0317023994371,-0.0233443991128,0.)) ;
#2617=DIRECTION('Vector Direction',(-0.00648361578995,0.0388325356666,0.)) ;
#2624=DIRECTION('Vector Direction',(0.0372793345302,-0.0126591594109,0.)) ;
#2749=DIRECTION('Vector Direction',(0.0357958413367,-0.0163908768222,0.)) ;
#2758=DIRECTION('Vector Direction',(0.0364624541464,-0.0148489911316,0.)) ;
#2765=DIRECTION('Vector Direction',(0.0369804507706,-0.0135073817157,0.)) ;
#2772=DIRECTION('Vector Direction',(0.0373964650364,-0.0123088384013,0.)) ;
#2779=DIRECTION('Vector Direction',(0.037720003566,-0.0112784941808,0.)) ;
#2786=DIRECTION('Vector Direction',(0.037984851171,-0.0103515303952,0.)) ;
#2793=DIRECTION('Vector Direction',(0.0382050106331,-0.00950685345074,0.)) ;
#2800=DIRECTION('Vector Direction',(0.038378603343,-0.0087798579402,0.)) ;
#2807=DIRECTION('Vector Direction',(0.0385248781522,-0.00811399182655,0.)) ;
#2814=DIRECTION('Vector Direction',(-0.00689908915747,-0.0387608780706,0.)) ;
#2821=DIRECTION('Vector Direction',(-0.0386645189504,0.00742011282528,0.)) ;
#2828=DIRECTION('Vector Direction',(-0.0384710643693,0.00836542325881,0.)) ;
#2835=DIRECTION('Vector Direction',(-0.0382772375884,0.00921174156202,0.)) ;
#2842=DIRECTION('Vector Direction',(-0.0380424585085,0.0101377734554,0.)) ;
#2849=DIRECTION('Vector Direction',(-0.037749156998,0.0111805297704,0.)) ;
#2856=DIRECTION('Vector Direction',(-0.0373618924472,0.0124133836149,0.)) ;
#2863=DIRECTION('Vector Direction',(-0.036880643972,0.0137775614758,0.)) ;
#2870=DIRECTION('Vector Direction',(-0.0362482736994,0.0153644314511,0.)) ;
#2877=DIRECTION('Vector Direction',(-0.0354096836873,0.0172092243047,0.)) ;
#2884=DIRECTION('Vector Direction',(-0.0342816241701,0.0193590636206,0.)) ;
#2891=DIRECTION('Vector Direction',(0.0136240265849,0.0369376366274,0.)) ;
#2898=DIRECTION('Vector Direction',(0.0349318201677,-0.0181595991085,0.)) ;
#2927=DIRECTION('Vector Direction',(-0.0126303558029,-0.0372891031308,0.)) ;
#2936=DIRECTION('Vector Direction',(-0.0103198080193,-0.0379934818416,0.)) ;
#2943=DIRECTION('Vector Direction',(-0.0079752575536,-0.0385538372534,0.)) ;
#2950=DIRECTION('Vector Direction',(-0.00561763005977,-0.0389672340886,0.)) ;
#2957=DIRECTION('Vector Direction',(-0.00333691792336,-0.0392284090778,0.)) ;
#2964=DIRECTION('Vector Direction',(-0.00106011701219,-0.0393558032814,0.)) ;
#2971=DIRECTION('Vector Direction',(0.00111762345342,-0.0393542121992,0.)) ;
#2978=DIRECTION('Vector Direction',(0.00318560675073,-0.0392409863489,0.)) ;
#2985=DIRECTION('Vector Direction',(0.00520237578648,-0.0390248431923,0.)) ;
#2992=DIRECTION('Vector Direction',(0.0069290085226,-0.0387555407768,0.)) ;
#2999=DIRECTION('Vector Direction',(0.00832693836599,-0.0384794126444,0.)) ;
#3006=DIRECTION('Vector Direction',(0.00967678308829,-0.0381623239474,0.)) ;
#3013=DIRECTION('Vector Direction',(0.0388913797596,0.00612075815578,0.)) ;
#3020=DIRECTION('Vector Direction',(0.0257133051536,0.0298132359546,0.)) ;
#3027=DIRECTION('Vector Direction',(0.00615883720631,-0.03888536774,0.)) ;
#3034=DIRECTION('Vector Direction',(-0.025603468075,-0.0299076164637,0.)) ;
#3041=DIRECTION('Vector Direction',(-0.00615883720631,0.03888536774,0.)) ;
#3048=DIRECTION('Vector Direction',(-0.0251959879162,-0.030251699009,0.)) ;
#3055=DIRECTION('Vector Direction',(-0.03888536774,-0.00615883720631,0.)) ;
#3062=DIRECTION('Vector Direction',(-0.00687665166387,0.0387648650443,0.)) ;
#3069=DIRECTION('Vector Direction',(-0.00581499868408,0.0389382702532,0.)) ;
#3076=DIRECTION('Vector Direction',(-0.00515224861123,0.039031492852,0.)) ;
#3083=DIRECTION('Vector Direction',(-0.00433184019331,0.0391310396047,0.)) ;
#3090=DIRECTION('Vector Direction',(-0.00342531597374,0.0392207892639,0.)) ;
#3097=DIRECTION('Vector Direction',(-0.00234569432073,0.0393001376354,0.)) ;
#3104=DIRECTION('Vector Direction',(-0.000428242012238,0.0393677496028,0.)) ;
#3111=DIRECTION('Vector Direction',(0.00307210606769,0.0392500352142,0.)) ;
#3118=DIRECTION('Vector Direction',(0.00816534139249,0.0385140273141,0.)) ;
#3125=DIRECTION('Vector Direction',(0.014363386614,0.0366564622541,0.)) ;
#3132=DIRECTION('Vector Direction',(0.0202458975776,0.0337654665492,0.)) ;
#3139=DIRECTION('Vector Direction',(0.0252834193577,0.0301786647417,0.)) ;
#3146=DIRECTION('Vector Direction',(0.029361834885,0.0262275761783,0.)) ;
#3153=DIRECTION('Vector Direction',(0.0317398055867,0.0232935150058,0.)) ;
#3160=DIRECTION('Vector Direction',(-0.0149052079765,-0.0364395098098,0.)) ;
#3201=DIRECTION('Vector Direction',(0.0347985104658,-0.0184137657574,0.)) ;
#3210=DIRECTION('Vector Direction',(0.0349443561377,-0.0181354645414,0.)) ;
#3217=DIRECTION('Vector Direction',(0.0350926083187,-0.0178469028517,0.)) ;
#3224=DIRECTION('Vector Direction',(0.0352633983641,-0.0175070224715,0.)) ;
#3231=DIRECTION('Vector Direction',(0.0354425028666,-0.0171415311614,0.)) ;
#3238=DIRECTION('Vector Direction',(0.0356615634614,-0.0166810069089,0.)) ;
#3245=DIRECTION('Vector Direction',(0.0358771206519,-0.01621219645,0.)) ;
#3252=DIRECTION('Vector Direction',(0.036268185423,-0.0153173700787,0.)) ;
#3259=DIRECTION('Vector Direction',(0.0369100598191,-0.0136985613901,0.)) ;
#3266=DIRECTION('Vector Direction',(0.0375004759441,-0.0119882193828,0.)) ;
#3273=DIRECTION('Vector Direction',(0.037802787558,-0.0109978340074,0.)) ;
#3280=DIRECTION('Vector Direction',(0.0379432006017,-0.0105031722877,0.)) ;
#3287=DIRECTION('Vector Direction',(0.038074249173,-0.0100177168017,0.)) ;
#3294=DIRECTION('Vector Direction',(0.0381769786619,-0.00961880451281,0.)) ;
#3301=DIRECTION('Vector Direction',(0.0382639864033,-0.00926663070029,0.)) ;
#3308=DIRECTION('Vector Direction',(0.0383384622351,-0.00895351402812,0.)) ;
#3315=DIRECTION('Vector Direction',(0.0384048562979,-0.00866430105334,0.)) ;
#3322=DIRECTION('Vector Direction',(0.0383904490432,-0.0087279162614,0.)) ;
#3329=DIRECTION('Vector Direction',(-0.0319870722615,-0.0229527843222,0.)) ;
#3336=DIRECTION('Vector Direction',(-0.0312696705248,-0.0239209281859,0.)) ;
#3343=DIRECTION('Vector Direction',(-0.0304400191349,-0.0249681464084,0.)) ;
#3350=DIRECTION('Vector Direction',(-0.029448166167,-0.0261306067554,0.)) ;
#3357=DIRECTION('Vector Direction',(-0.0282502429379,-0.027421285053,0.)) ;
#3364=DIRECTION('Vector Direction',(-0.0267988463958,-0.0288413753462,0.)) ;
#3371=DIRECTION('Vector Direction',(-0.0250696603009,-0.0303564693666,0.)) ;
#3378=DIRECTION('Vector Direction',(-0.022917856601,-0.0320121062853,0.)) ;
#3385=DIRECTION('Vector Direction',(-0.0203008439965,-0.0337324596351,0.)) ;
#3392=DIRECTION('Vector Direction',(-0.0171334946221,-0.0354463885613,0.)) ;
#3399=DIRECTION('Vector Direction',(-0.0133516980056,-0.0370369445335,0.)) ;
#3406=DIRECTION('Vector Direction',(-0.00994708582285,-0.0380927628775,0.)) ;
#3413=DIRECTION('Vector Direction',(-0.00689020525093,-0.0387624582761,0.)) ;
#3420=DIRECTION('Vector Direction',(-0.00427516290948,-0.0391372722875,0.)) ;
#3427=DIRECTION('Vector Direction',(-0.00201302705256,-0.0393185811302,0.)) ;
#3434=DIRECTION('Vector Direction',(-1.21566403941E-005,-0.0393700768633,0.)) ;
#3441=DIRECTION('Vector Direction',(0.00168479707505,-0.0393340127475,0.)) ;
#3448=DIRECTION('Vector Direction',(0.00318218015409,-0.0392412643715,0.)) ;
#3455=DIRECTION('Vector Direction',(0.00447574576079,-0.0391148411717,0.)) ;
#3462=DIRECTION('Vector Direction',(0.00563210797268,-0.0389651441649,0.)) ;
#3469=DIRECTION('Vector Direction',(0.0068389914036,-0.0387715268798,0.)) ;
#3476=DIRECTION('Vector Direction',(0.00575822519052,-0.0389467064418,0.)) ;
#3483=DIRECTION('Vector Direction',(0.00510759744695,-0.0390373609293,0.)) ;
#3490=DIRECTION('Vector Direction',(0.03888536774,0.00615883720631,0.)) ;
#3497=DIRECTION('Vector Direction',(-0.00615883720632,0.03888536774,0.)) ;
#3504=DIRECTION('Vector Direction',(-0.03888536774,-0.00615883720631,0.)) ;
#3511=DIRECTION('Vector Direction',(-0.00749334724389,0.0386503925865,0.)) ;
#3518=DIRECTION('Vector Direction',(-0.00782637918966,0.0385843347589,0.)) ;
#3525=DIRECTION('Vector Direction',(-0.00743216153081,0.0386622047352,0.)) ;
#3532=DIRECTION('Vector Direction',(-0.00703523176733,0.0387363990839,0.)) ;
#3539=DIRECTION('Vector Direction',(-0.00667671531676,0.0387998011926,0.)) ;
#3546=DIRECTION('Vector Direction',(-0.00631463966405,0.0388603708927,0.)) ;
#3553=DIRECTION('Vector Direction',(-0.0051130925756,0.0390366415605,0.)) ;
#3560=DIRECTION('Vector Direction',(-0.00273785255103,0.0392747662427,0.)) ;
#3567=DIRECTION('Vector Direction',(5.30415467573E-005,0.0393700430099,0.)) ;
#3574=DIRECTION('Vector Direction',(0.00333264613414,0.0392287722182,0.)) ;
#3581=DIRECTION('Vector Direction',(0.00712995412863,0.0387190761012,0.)) ;
#3588=DIRECTION('Vector Direction',(0.0114789643146,0.0376594805895,0.)) ;
#3595=DIRECTION('Vector Direction',(0.0162692028508,0.035851305954,0.)) ;
#3602=DIRECTION('Vector Direction',(0.021259611441,0.033136566228,0.)) ;
#3609=DIRECTION('Vector Direction',(0.0261500803907,0.0294308748692,0.)) ;
#3616=DIRECTION('Vector Direction',(0.0304979020511,0.0248974109194,0.)) ;
#3623=DIRECTION('Vector Direction',(-0.0210985663896,-0.0332393380847,0.)) ;
#3630=DIRECTION('Vector Direction',(-0.0180523297863,-0.0349873761419,0.)) ;
#3637=DIRECTION('Vector Direction',(-0.0146095445932,-0.0365590523234,0.)) ;
#3644=DIRECTION('Vector Direction',(-0.01086955681,-0.0378398709665,0.)) ;
#3651=DIRECTION('Vector Direction',(-0.00686556707513,-0.0387668297484,0.)) ;
#3658=DIRECTION('Vector Direction',(-0.00282061584852,-0.0392689091552,0.)) ;
#3665=DIRECTION('Vector Direction',(-0.000432592540141,-0.0393677020373,0.)) ;
#3672=DIRECTION('Vector Direction',(0.000916006123445,-0.039359421144,0.)) ;
#3679=DIRECTION('Vector Direction',(0.00202280654715,-0.0393180792216,0.)) ;
#3686=DIRECTION('Vector Direction',(0.0030088653893,-0.0392549338183,0.)) ;
#3693=DIRECTION('Vector Direction',(0.00384368112215,-0.0391820011668,0.)) ;
#3700=DIRECTION('Vector Direction',(0.00463087033442,-0.0390967791506,0.)) ;
#3707=DIRECTION('Vector Direction',(0.00528038051462,-0.0390143650676,0.)) ;
#3714=DIRECTION('Vector Direction',(0.00588175961743,-0.0389282417251,0.)) ;
#3721=DIRECTION('Vector Direction',(0.00660673054848,-0.0388117792876,0.)) ;
#3728=DIRECTION('Vector Direction',(0.00733134458803,-0.0386814488681,0.)) ;
#3735=DIRECTION('Vector Direction',(0.00796465339136,-0.0385560293127,0.)) ;
#3742=DIRECTION('Vector Direction',(0.00850341736996,-0.0384407985484,0.)) ;
#3749=DIRECTION('Vector Direction',(0.00896552017801,-0.0383356563521,0.)) ;
#3756=DIRECTION('Vector Direction',(0.03888536774,0.00615883720631,0.)) ;
#3763=DIRECTION('Vector Direction',(-0.00615883720631,0.03888536774,0.)) ;
#3770=DIRECTION('Vector Direction',(-0.0324719956964,0.022261459869,0.)) ;
#3777=DIRECTION('Vector Direction',(0.03888536774,0.00615883720631,0.)) ;
#3784=DIRECTION('Vector Direction',(-0.0229503016027,-0.0319888536267,0.)) ;
#3791=DIRECTION('Vector Direction',(0.00615883720632,-0.03888536774,0.)) ;
#3798=DIRECTION('Vector Direction',(0.03888536774,0.00615883720631,0.)) ;
#3805=DIRECTION('Vector Direction',(0.0233852977297,0.0316722425808,0.)) ;
#3812=DIRECTION('Vector Direction',(0.00615883720631,-0.03888536774,0.)) ;
#3819=DIRECTION('Vector Direction',(-0.0290602109302,0.0265613862721,0.)) ;
#3826=DIRECTION('Vector Direction',(-0.03888536774,-0.00615883720631,0.)) ;
#3833=DIRECTION('Vector Direction',(0.00764201262393,-0.0386212731932,0.)) ;
#3840=DIRECTION('Vector Direction',(0.0106333217898,-0.037906932977,0.)) ;
#3847=DIRECTION('Vector Direction',(0.0136857232068,-0.0369148219596,0.)) ;
#3854=DIRECTION('Vector Direction',(0.0167019093492,-0.0356517786947,0.)) ;
#3861=DIRECTION('Vector Direction',(0.0195983670577,-0.0341453819524,0.)) ;
#3868=DIRECTION('Vector Direction',(0.0223704541499,-0.0323970042,0.)) ;
#3875=DIRECTION('Vector Direction',(0.0249069878613,-0.0304900812672,0.)) ;
#3882=DIRECTION('Vector Direction',(0.0272074967969,-0.0284561982361,0.)) ;
#3889=DIRECTION('Vector Direction',(0.0292725243737,-0.0263272181743,0.)) ;
#3896=DIRECTION('Vector Direction',(0.0310457951222,-0.0242107766343,0.)) ;
#3903=DIRECTION('Vector Direction',(-0.0247007248408,-0.030657418227,0.)) ;
#3910=DIRECTION('Vector Direction',(-0.0320229644066,0.0229026821709,0.)) ;
#3917=DIRECTION('Vector Direction',(-0.029938848924,0.0255669400811,0.)) ;
#3924=DIRECTION('Vector Direction',(-0.0275558787873,0.0281189730301,0.)) ;
#3931=DIRECTION('Vector Direction',(-0.0249075566767,0.0304896165998,0.)) ;
#3938=DIRECTION('Vector Direction',(-0.0220646419278,0.0326060527603,0.)) ;
#3945=DIRECTION('Vector Direction',(-0.019144849803,0.034401712545,0.)) ;
#3952=DIRECTION('Vector Direction',(-0.0161069866044,0.0359244774844,0.)) ;
#3959=DIRECTION('Vector Direction',(-0.0131045243436,0.0371251200905,0.)) ;
#3966=DIRECTION('Vector Direction',(-0.0102519362395,0.0380118521431,0.)) ;
#3973=DIRECTION('Vector Direction',(-0.00747269308055,0.0386543911882,0.)) ;
#3980=DIRECTION('Vector Direction',(-0.03888536774,-0.00615883720631,0.)) ;
#3987=DIRECTION('Vector Direction',(0.00281444400656,-0.0392693519801,0.)) ;
#3994=DIRECTION('Vector Direction',(0.00429886632202,-0.0391346757793,0.)) ;
#4001=DIRECTION('Vector Direction',(0.00776746690171,-0.0385962376138,0.)) ;
#4008=DIRECTION('Vector Direction',(0.0110247774749,-0.0377949385717,0.)) ;
#4015=DIRECTION('Vector Direction',(0.0143358651532,-0.0366672342878,0.)) ;
#4022=DIRECTION('Vector Direction',(0.0175645210499,-0.0352347938875,0.)) ;
#4029=DIRECTION('Vector Direction',(0.0207075250325,-0.0334843471944,0.)) ;
#4036=DIRECTION('Vector Direction',(0.0235698850328,-0.0315351172433,0.)) ;
#4043=DIRECTION('Vector Direction',(0.0262457782381,-0.0293455656732,0.)) ;
#4050=DIRECTION('Vector Direction',(0.0285611162301,-0.0270973382401,0.)) ;
#4057=DIRECTION('Vector Direction',(0.0305973792395,-0.0247750576928,0.)) ;
#4064=DIRECTION('Vector Direction',(0.0323318923906,-0.0224644571367,0.)) ;
#4071=DIRECTION('Vector Direction',(-0.0331546068434,-0.0212314659189,0.)) ;
#4078=DIRECTION('Vector Direction',(-0.0383448412451,0.0089261553816,0.)) ;
#4085=DIRECTION('Vector Direction',(-0.0370933233761,0.0131942586348,0.)) ;
#4092=DIRECTION('Vector Direction',(-0.0352037107193,0.0176267368392,0.)) ;
#4099=DIRECTION('Vector Direction',(-0.032617981079,0.0220470045661,0.)) ;
#4106=DIRECTION('Vector Direction',(-0.0294419968577,0.0261375576716,0.)) ;
#4113=DIRECTION('Vector Direction',(-0.0257945732926,0.0297429502346,0.)) ;
#4120=DIRECTION('Vector Direction',(-0.0219259006129,0.0326995104294,0.)) ;
#4127=DIRECTION('Vector Direction',(-0.018000709134,0.0350139625104,0.)) ;
#4134=DIRECTION('Vector Direction',(-0.0142840815969,0.0366874380809,0.)) ;
#4141=DIRECTION('Vector Direction',(-0.0107921530216,0.0378620196657,0.)) ;
#4148=DIRECTION('Vector Direction',(-0.03888536774,-0.00615883720631,0.)) ;
#4155=DIRECTION('Vector Direction',(-0.0224108971818,-0.0323690405714,0.)) ;
#4162=DIRECTION('Vector Direction',(-0.00615883720631,0.03888536774,0.)) ;
#4307=DIRECTION('Vector Direction',(0.0344412093987,-0.0190737042853,0.)) ;
#4316=DIRECTION('Vector Direction',(0.0350593856972,-0.0179120790122,0.)) ;
#4323=DIRECTION('Vector Direction',(0.0356920540273,-0.0166156666829,0.)) ;
#4330=DIRECTION('Vector Direction',(0.036327423961,-0.0151763423909,0.)) ;
#4337=DIRECTION('Vector Direction',(0.0369471893205,-0.0135980991804,0.)) ;
#4344=DIRECTION('Vector Direction',(0.0375521343338,-0.0118254093792,0.)) ;
#4351=DIRECTION('Vector Direction',(0.0381171515685,-0.0098532155315,0.)) ;
#4358=DIRECTION('Vector Direction',(0.0386109334489,-0.00769408332506,0.)) ;
#4365=DIRECTION('Vector Direction',(0.0390091591063,-0.0053187033969,0.)) ;
#4372=DIRECTION('Vector Direction',(-0.0164561604763,-0.0357658759488,0.)) ;
#4379=DIRECTION('Vector Direction',(-0.0391207066004,0.0044241852462,0.)) ;
#4386=DIRECTION('Vector Direction',(-0.0387631688456,0.00688620657944,0.)) ;
#4393=DIRECTION('Vector Direction',(-0.0382694097704,0.00924420769097,0.)) ;
#4400=DIRECTION('Vector Direction',(-0.0376665158839,0.0114558579413,0.)) ;
#4407=DIRECTION('Vector Direction',(-0.0369736735722,0.0135259218756,0.)) ;
#4414=DIRECTION('Vector Direction',(-0.036204034607,0.0154683864117,0.)) ;
#4421=DIRECTION('Vector Direction',(-0.0353926961315,0.0172441340911,0.)) ;
#4428=DIRECTION('Vector Direction',(-0.0345539471711,0.0188686998731,0.)) ;
#4435=DIRECTION('Vector Direction',(-0.0336802660952,0.020387318994,0.)) ;
#4442=DIRECTION('Vector Direction',(-0.0328208095399,0.0217439085988,0.)) ;
#4449=DIRECTION('Vector Direction',(0.0222235232444,0.0324979709307,0.)) ;
#4456=DIRECTION('Vector Direction',(0.0338352899175,-0.0201289904417,0.)) ;
#4485=DIRECTION('Vector Direction',(-0.0141011552257,-0.0367581354438,0.)) ;
#4494=DIRECTION('Vector Direction',(-0.03888536774,-0.00615883720631,0.)) ;
#4501=DIRECTION('Vector Direction',(0.0141011552256,0.0367581354439,0.)) ;
#4508=DIRECTION('Vector Direction',(0.03888536774,0.00615883720631,0.)) ;
#4519=DIRECTION('Vector Direction',(0.03888536774,0.00615883720631,0.)) ;
#4528=DIRECTION('Vector Direction',(0.0263873674291,0.0292183151493,0.)) ;
#4535=DIRECTION('Vector Direction',(0.00615883720631,-0.03888536774,0.)) ;
#4542=DIRECTION('Vector Direction',(-0.0243548450932,-0.0309329051415,0.)) ;
#4549=DIRECTION('Vector Direction',(-0.00615883720631,0.03888536774,0.)) ;
#4556=DIRECTION('Vector Direction',(-0.0263394568898,-0.0292615124482,0.)) ;
#4563=DIRECTION('Vector Direction',(-0.03888536774,-0.00615883720631,0.)) ;
#4570=DIRECTION('Vector Direction',(-0.00615883720631,0.03888536774,0.)) ;
#4577=DIRECTION('Vector Direction',(0.0219913249701,0.0326555466355,0.)) ;
#4584=DIRECTION('Vector Direction',(0.0061588372063,-0.03888536774,0.)) ;
#4602=DIRECTION('Axis2P3D Direction',(0.,0.,-0.0393700787402)) ;
#4611=DIRECTION('Axis2P3D Direction',(0.,0.,-0.0393700787402)) ;
#4621=DIRECTION('Axis2P3D Direction',(0.,0.,-0.0393700787402)) ;
#4630=DIRECTION('Axis2P3D Direction',(0.,0.,-0.0393700787402)) ;
#4640=DIRECTION('Axis2P3D Direction',(0.,0.,-0.0393700787402)) ;
#4649=DIRECTION('Axis2P3D Direction',(0.,0.,-0.0393700787402)) ;
#4659=DIRECTION('Axis2P3D Direction',(0.,0.,-0.0393700787402)) ;
#4668=DIRECTION('Axis2P3D Direction',(0.,0.,-0.0393700787402)) ;
#4678=DIRECTION('Axis2P3D Direction',(0.,0.,-0.0393700787402)) ;
#4687=DIRECTION('Axis2P3D Direction',(0.,0.,-0.0393700787402)) ;
#4697=DIRECTION('Axis2P3D Direction',(0.,0.,-0.0393700787402)) ;
#4706=DIRECTION('Axis2P3D Direction',(0.,0.,-0.0393700787402)) ;
#4716=DIRECTION('Axis2P3D Direction',(0.,0.,-0.0393700787402)) ;
#4725=DIRECTION('Axis2P3D Direction',(0.,0.,-0.0393700787402)) ;
#4735=DIRECTION('Axis2P3D Direction',(0.,0.,-0.0393700787402)) ;
#4744=DIRECTION('Axis2P3D Direction',(0.,0.,-0.0393700787402)) ;
#4754=DIRECTION('Axis2P3D Direction',(0.,-0.,0.0393700787402)) ;
#4755=DIRECTION('Axis2P3D XDirection',(0.03888536774,0.00615883720631,0.)) ;
#4759=DIRECTION('Vector Direction',(-0.0224108971818,-0.0323690405714,0.)) ;
#4768=DIRECTION('Vector Direction',(-0.03888536774,-0.00615883720631,0.)) ;
#4775=DIRECTION('Vector Direction',(-0.0107921530215,0.0378620196657,0.)) ;
#4782=DIRECTION('Vector Direction',(-0.0142840815969,0.0366874380809,0.)) ;
#4789=DIRECTION('Vector Direction',(-0.018000709134,0.0350139625104,0.)) ;
#4796=DIRECTION('Vector Direction',(-0.0219259006129,0.0326995104294,0.)) ;
#4803=DIRECTION('Vector Direction',(-0.0257945732926,0.0297429502346,0.)) ;
#4810=DIRECTION('Vector Direction',(-0.0294419968577,0.0261375576716,0.)) ;
#4817=DIRECTION('Vector Direction',(-0.032617981079,0.0220470045661,0.)) ;
#4824=DIRECTION('Vector Direction',(-0.0352037107193,0.0176267368392,0.)) ;
#4831=DIRECTION('Vector Direction',(-0.0370933233761,0.0131942586348,0.)) ;
#4838=DIRECTION('Vector Direction',(-0.0383448412451,0.00892615538162,0.)) ;
#4845=DIRECTION('Vector Direction',(-0.0331546068434,-0.0212314659189,0.)) ;
#4852=DIRECTION('Vector Direction',(0.0323318923906,-0.0224644571367,0.)) ;
#4859=DIRECTION('Vector Direction',(0.0305973792395,-0.0247750576928,0.)) ;
#4866=DIRECTION('Vector Direction',(0.0285611162301,-0.0270973382401,0.)) ;
#4873=DIRECTION('Vector Direction',(0.0262457782381,-0.0293455656732,0.)) ;
#4880=DIRECTION('Vector Direction',(0.0235698850328,-0.0315351172433,0.)) ;
#4887=DIRECTION('Vector Direction',(0.0207075250326,-0.0334843471944,0.)) ;
#4894=DIRECTION('Vector Direction',(0.0175645210499,-0.0352347938875,0.)) ;
#4901=DIRECTION('Vector Direction',(0.0143358651533,-0.0366672342878,0.)) ;
#4908=DIRECTION('Vector Direction',(0.0110247774749,-0.0377949385717,0.)) ;
#4915=DIRECTION('Vector Direction',(0.00776746690175,-0.0385962376137,0.)) ;
#4922=DIRECTION('Vector Direction',(0.00429886632197,-0.0391346757793,0.)) ;
#4929=DIRECTION('Vector Direction',(0.00281444400656,-0.0392693519801,0.)) ;
#4936=DIRECTION('Vector Direction',(-0.03888536774,-0.00615883720632,0.)) ;
#4943=DIRECTION('Vector Direction',(-0.00747269308055,0.0386543911882,0.)) ;
#4950=DIRECTION('Vector Direction',(-0.0102519362395,0.0380118521431,0.)) ;
#4957=DIRECTION('Vector Direction',(-0.0131045243437,0.0371251200905,0.)) ;
#4964=DIRECTION('Vector Direction',(-0.0161069866044,0.0359244774844,0.)) ;
#4971=DIRECTION('Vector Direction',(-0.019144849803,0.034401712545,0.)) ;
#4978=DIRECTION('Vector Direction',(-0.0220646419278,0.0326060527603,0.)) ;
#4985=DIRECTION('Vector Direction',(-0.0249075566767,0.0304896165998,0.)) ;
#4992=DIRECTION('Vector Direction',(-0.0275558787873,0.0281189730301,0.)) ;
#4999=DIRECTION('Vector Direction',(-0.0299388489241,0.025566940081,0.)) ;
#5006=DIRECTION('Vector Direction',(-0.0320229644067,0.0229026821708,0.)) ;
#5013=DIRECTION('Vector Direction',(-0.0247007248407,-0.0306574182271,0.)) ;
#5020=DIRECTION('Vector Direction',(0.0310457951222,-0.0242107766344,0.)) ;
#5027=DIRECTION('Vector Direction',(0.0292725243738,-0.0263272181742,0.)) ;
#5034=DIRECTION('Vector Direction',(0.0272074967969,-0.0284561982361,0.)) ;
#5041=DIRECTION('Vector Direction',(0.0249069878613,-0.0304900812672,0.)) ;
#5048=DIRECTION('Vector Direction',(0.0223704541499,-0.0323970042,0.)) ;
#5055=DIRECTION('Vector Direction',(0.0195983670577,-0.0341453819524,0.)) ;
#5062=DIRECTION('Vector Direction',(0.0167019093492,-0.0356517786947,0.)) ;
#5069=DIRECTION('Vector Direction',(0.0136857232069,-0.0369148219596,0.)) ;
#5076=DIRECTION('Vector Direction',(0.0106333217898,-0.037906932977,0.)) ;
#5083=DIRECTION('Vector Direction',(0.00764201262398,-0.0386212731932,0.)) ;
#5090=DIRECTION('Vector Direction',(-0.03888536774,-0.00615883720631,0.)) ;
#5097=DIRECTION('Vector Direction',(-0.0290602109302,0.0265613862721,0.)) ;
#5104=DIRECTION('Vector Direction',(0.00615883720631,-0.03888536774,0.)) ;
#5111=DIRECTION('Vector Direction',(0.0233852977297,0.0316722425808,0.)) ;
#5118=DIRECTION('Vector Direction',(0.03888536774,0.00615883720631,0.)) ;
#5125=DIRECTION('Vector Direction',(0.00615883720632,-0.03888536774,0.)) ;
#5132=DIRECTION('Vector Direction',(-0.0229503016027,-0.0319888536267,0.)) ;
#5139=DIRECTION('Vector Direction',(0.03888536774,0.00615883720631,0.)) ;
#5146=DIRECTION('Vector Direction',(-0.0324719956964,0.022261459869,0.)) ;
#5153=DIRECTION('Vector Direction',(-0.00615883720631,0.03888536774,0.)) ;
#5160=DIRECTION('Vector Direction',(0.03888536774,0.00615883720631,0.)) ;
#5167=DIRECTION('Vector Direction',(0.00896552017798,-0.0383356563521,0.)) ;
#5174=DIRECTION('Vector Direction',(0.00850341736996,-0.0384407985484,0.)) ;
#5181=DIRECTION('Vector Direction',(0.00796465339143,-0.0385560293127,0.)) ;
#5188=DIRECTION('Vector Direction',(0.00733134458799,-0.0386814488681,0.)) ;
#5195=DIRECTION('Vector Direction',(0.00660673054853,-0.0388117792875,0.)) ;
#5202=DIRECTION('Vector Direction',(0.00588175961749,-0.0389282417251,0.)) ;
#5209=DIRECTION('Vector Direction',(0.0052803805147,-0.0390143650676,0.)) ;
#5216=DIRECTION('Vector Direction',(0.0046308703345,-0.0390967791506,0.)) ;
#5223=DIRECTION('Vector Direction',(0.00384368112219,-0.0391820011668,0.)) ;
#5230=DIRECTION('Vector Direction',(0.00300886538939,-0.0392549338182,0.)) ;
#5237=DIRECTION('Vector Direction',(0.00202280654715,-0.0393180792216,0.)) ;
#5244=DIRECTION('Vector Direction',(0.000916006123497,-0.039359421144,0.)) ;
#5251=DIRECTION('Vector Direction',(-0.000432592540141,-0.0393677020373,0.)) ;
#5258=DIRECTION('Vector Direction',(-0.00282061584846,-0.0392689091552,0.)) ;
#5265=DIRECTION('Vector Direction',(-0.00686556707517,-0.0387668297484,0.)) ;
#5272=DIRECTION('Vector Direction',(-0.01086955681,-0.0378398709665,0.)) ;
#5279=DIRECTION('Vector Direction',(-0.0146095445932,-0.0365590523234,0.)) ;
#5286=DIRECTION('Vector Direction',(-0.0180523297863,-0.0349873761419,0.)) ;
#5293=DIRECTION('Vector Direction',(-0.0210985663896,-0.0332393380847,0.)) ;
#5300=DIRECTION('Vector Direction',(0.0304979020511,0.0248974109194,0.)) ;
#5307=DIRECTION('Vector Direction',(0.0261500803907,0.0294308748692,0.)) ;
#5314=DIRECTION('Vector Direction',(0.0212596114409,0.0331365662281,0.)) ;
#5321=DIRECTION('Vector Direction',(0.0162692028508,0.035851305954,0.)) ;
#5328=DIRECTION('Vector Direction',(0.0114789643145,0.0376594805895,0.)) ;
#5335=DIRECTION('Vector Direction',(0.0071299541286,0.0387190761012,0.)) ;
#5342=DIRECTION('Vector Direction',(0.00333264613414,0.0392287722182,0.)) ;
#5349=DIRECTION('Vector Direction',(5.30415468058E-005,0.0393700430099,0.)) ;
#5356=DIRECTION('Vector Direction',(-0.00273785255105,0.0392747662427,0.)) ;
#5363=DIRECTION('Vector Direction',(-0.0051130925756,0.0390366415605,0.)) ;
#5370=DIRECTION('Vector Direction',(-0.00631463966402,0.0388603708927,0.)) ;
#5377=DIRECTION('Vector Direction',(-0.00667671531676,0.0387998011926,0.)) ;
#5384=DIRECTION('Vector Direction',(-0.00703523176731,0.0387363990839,0.)) ;
#5391=DIRECTION('Vector Direction',(-0.00743216153081,0.0386622047352,0.)) ;
#5398=DIRECTION('Vector Direction',(-0.00782637918973,0.0385843347589,0.)) ;
#5405=DIRECTION('Vector Direction',(-0.00749334724384,0.0386503925865,0.)) ;
#5412=DIRECTION('Vector Direction',(-0.03888536774,-0.00615883720631,0.)) ;
#5419=DIRECTION('Vector Direction',(-0.00615883720631,0.03888536774,0.)) ;
#5426=DIRECTION('Vector Direction',(0.03888536774,0.00615883720631,0.)) ;
#5433=DIRECTION('Vector Direction',(0.00510759744697,-0.0390373609293,0.)) ;
#5440=DIRECTION('Vector Direction',(0.00575822519052,-0.0389467064418,0.)) ;
#5447=DIRECTION('Vector Direction',(0.0068389914036,-0.0387715268798,0.)) ;
#5454=DIRECTION('Vector Direction',(0.00563210797265,-0.0389651441649,0.)) ;
#5461=DIRECTION('Vector Direction',(0.00447574576079,-0.0391148411717,0.)) ;
#5468=DIRECTION('Vector Direction',(0.00318218015406,-0.0392412643715,0.)) ;
#5475=DIRECTION('Vector Direction',(0.00168479707508,-0.0393340127475,0.)) ;
#5482=DIRECTION('Vector Direction',(-1.21566403941E-005,-0.0393700768633,0.)) ;
#5489=DIRECTION('Vector Direction',(-0.00201302705263,-0.0393185811302,0.)) ;
#5496=DIRECTION('Vector Direction',(-0.00427516290944,-0.0391372722875,0.)) ;
#5503=DIRECTION('Vector Direction',(-0.00689020525088,-0.0387624582761,0.)) ;
#5510=DIRECTION('Vector Direction',(-0.00994708582284,-0.0380927628775,0.)) ;
#5517=DIRECTION('Vector Direction',(-0.0133516980055,-0.0370369445335,0.)) ;
#5524=DIRECTION('Vector Direction',(-0.017133494622,-0.0354463885614,0.)) ;
#5531=DIRECTION('Vector Direction',(-0.0203008439966,-0.0337324596351,0.)) ;
#5538=DIRECTION('Vector Direction',(-0.022917856601,-0.0320121062853,0.)) ;
#5545=DIRECTION('Vector Direction',(-0.0250696603009,-0.0303564693666,0.)) ;
#5552=DIRECTION('Vector Direction',(-0.0267988463958,-0.0288413753462,0.)) ;
#5559=DIRECTION('Vector Direction',(-0.0282502429379,-0.0274212850529,0.)) ;
#5566=DIRECTION('Vector Direction',(-0.029448166167,-0.0261306067554,0.)) ;
#5573=DIRECTION('Vector Direction',(-0.0304400191349,-0.0249681464084,0.)) ;
#5580=DIRECTION('Vector Direction',(-0.0312696705248,-0.0239209281859,0.)) ;
#5587=DIRECTION('Vector Direction',(-0.0319870722615,-0.0229527843223,0.)) ;
#5594=DIRECTION('Vector Direction',(0.0383904490432,-0.00872791626138,0.)) ;
#5601=DIRECTION('Vector Direction',(0.0384048562979,-0.00866430105337,0.)) ;
#5608=DIRECTION('Vector Direction',(0.0383384622351,-0.00895351402813,0.)) ;
#5615=DIRECTION('Vector Direction',(0.0382639864033,-0.00926663070033,0.)) ;
#5622=DIRECTION('Vector Direction',(0.0381769786619,-0.00961880451282,0.)) ;
#5629=DIRECTION('Vector Direction',(0.038074249173,-0.0100177168017,0.)) ;
#5636=DIRECTION('Vector Direction',(0.0379432006017,-0.0105031722877,0.)) ;
#5643=DIRECTION('Vector Direction',(0.037802787558,-0.0109978340073,0.)) ;
#5650=DIRECTION('Vector Direction',(0.0375004759441,-0.0119882193828,0.)) ;
#5657=DIRECTION('Vector Direction',(0.036910059819,-0.0136985613902,0.)) ;
#5664=DIRECTION('Vector Direction',(0.036268185423,-0.0153173700786,0.)) ;
#5671=DIRECTION('Vector Direction',(0.0358771206519,-0.01621219645,0.)) ;
#5678=DIRECTION('Vector Direction',(0.0356615634614,-0.0166810069088,0.)) ;
#5685=DIRECTION('Vector Direction',(0.0354425028666,-0.0171415311614,0.)) ;
#5692=DIRECTION('Vector Direction',(0.0352633983641,-0.0175070224716,0.)) ;
#5699=DIRECTION('Vector Direction',(0.0350926083187,-0.0178469028517,0.)) ;
#5706=DIRECTION('Vector Direction',(0.0349443561377,-0.0181354645413,0.)) ;
#5713=DIRECTION('Vector Direction',(0.0347985104658,-0.0184137657575,0.)) ;
#5720=DIRECTION('Vector Direction',(-0.00615883720631,0.03888536774,0.)) ;
#5874=DIRECTION('Axis2P3D Direction',(0.0323690405714,-0.0224108971818,0.)) ;
#5875=DIRECTION('Axis2P3D XDirection',(-0.0224108971818,-0.0323690405714,-0.)) ;
#5879=DIRECTION('Vector Direction',(0.,0.,-0.0393700787402)) ;
#5884=DIRECTION('Vector Direction',(0.,0.,-0.0393700787402)) ;
#5903=DIRECTION('Axis2P3D Direction',(0.00615883720631,-0.03888536774,0.)) ;
#5904=DIRECTION('Axis2P3D XDirection',(-0.03888536774,-0.00615883720631,-0.)) ;
#5908=DIRECTION('Vector Direction',(0.,0.,-0.0393700787402)) ;
#5927=DIRECTION('Axis2P3D Direction',(-0.0378620196657,-0.0107921530216,-0.)) ;
#5928=DIRECTION('Axis2P3D XDirection',(-0.0107921530216,0.0378620196657,0.)) ;
#5932=DIRECTION('Vector Direction',(0.,0.,-0.0393700787402)) ;
#5951=DIRECTION('Axis2P3D Direction',(-0.0366874380809,-0.0142840815969,-0.)) ;
#5952=DIRECTION('Axis2P3D XDirection',(-0.0142840815969,0.0366874380809,0.)) ;
#5956=DIRECTION('Vector Direction',(0.,0.,-0.0393700787402)) ;
#5975=DIRECTION('Axis2P3D Direction',(-0.0350139625104,-0.018000709134,-0.)) ;
#5976=DIRECTION('Axis2P3D XDirection',(-0.018000709134,0.0350139625104,0.)) ;
#5980=DIRECTION('Vector Direction',(0.,0.,-0.0393700787402)) ;
#5999=DIRECTION('Axis2P3D Direction',(-0.0326995104294,-0.0219259006129,-0.)) ;
#6000=DIRECTION('Axis2P3D XDirection',(-0.0219259006129,0.0326995104294,0.)) ;
#6004=DIRECTION('Vector Direction',(0.,0.,-0.0393700787402)) ;
#6023=DIRECTION('Axis2P3D Direction',(-0.0297429502346,-0.0257945732926,-0.)) ;
#6024=DIRECTION('Axis2P3D XDirection',(-0.0257945732926,0.0297429502346,0.)) ;
#6028=DIRECTION('Vector Direction',(0.,0.,-0.0393700787402)) ;
#6047=DIRECTION('Axis2P3D Direction',(-0.0261375576716,-0.0294419968577,-0.)) ;
#6048=DIRECTION('Axis2P3D XDirection',(-0.0294419968577,0.0261375576716,0.)) ;
#6052=DIRECTION('Vector Direction',(0.,0.,-0.0393700787402)) ;
#6071=DIRECTION('Axis2P3D Direction',(-0.0220470045661,-0.032617981079,-0.)) ;
#6072=DIRECTION('Axis2P3D XDirection',(-0.032617981079,0.0220470045661,0.)) ;
#6076=DIRECTION('Vector Direction',(0.,0.,-0.0393700787402)) ;
#6095=DIRECTION('Axis2P3D Direction',(-0.0176267368392,-0.0352037107193,-0.)) ;
#6096=DIRECTION('Axis2P3D XDirection',(-0.0352037107193,0.0176267368392,0.)) ;
#6100=DIRECTION('Vector Direction',(0.,0.,-0.0393700787402)) ;
#6119=DIRECTION('Axis2P3D Direction',(-0.0131942586348,-0.0370933233761,-0.)) ;
#6120=DIRECTION('Axis2P3D XDirection',(-0.0370933233761,0.0131942586348,0.)) ;
#6124=DIRECTION('Vector Direction',(0.,0.,-0.0393700787402)) ;
#6143=DIRECTION('Axis2P3D Direction',(-0.00892615538162,-0.0383448412451,-0.)) ;
#6144=DIRECTION('Axis2P3D XDirection',(-0.0383448412451,0.00892615538162,0.)) ;
#6148=DIRECTION('Vector Direction',(0.,0.,-0.0393700787402)) ;
#6167=DIRECTION('Axis2P3D Direction',(0.0212314659189,-0.0331546068434,0.)) ;
#6168=DIRECTION('Axis2P3D XDirection',(-0.0331546068434,-0.0212314659189,-0.)) ;
#6172=DIRECTION('Vector Direction',(0.,0.,-0.0393700787402)) ;
#6191=DIRECTION('Axis2P3D Direction',(0.0224644571367,0.0323318923906,0.)) ;
#6192=DIRECTION('Axis2P3D XDirection',(0.0323318923906,-0.0224644571367,0.)) ;
#6196=DIRECTION('Vector Direction',(0.,0.,-0.0393700787402)) ;
#6215=DIRECTION('Axis2P3D Direction',(0.0247750576928,0.0305973792395,0.)) ;
#6216=DIRECTION('Axis2P3D XDirection',(0.0305973792395,-0.0247750576928,0.)) ;
#6220=DIRECTION('Vector Direction',(0.,0.,-0.0393700787402)) ;
#6239=DIRECTION('Axis2P3D Direction',(0.0270973382401,0.0285611162301,0.)) ;
#6240=DIRECTION('Axis2P3D XDirection',(0.0285611162301,-0.0270973382401,0.)) ;
#6244=DIRECTION('Vector Direction',(0.,0.,-0.0393700787402)) ;
#6263=DIRECTION('Axis2P3D Direction',(0.0293455656733,0.0262457782381,0.)) ;
#6264=DIRECTION('Axis2P3D XDirection',(0.0262457782381,-0.0293455656733,0.)) ;
#6268=DIRECTION('Vector Direction',(0.,0.,-0.0393700787402)) ;
#6287=DIRECTION('Axis2P3D Direction',(0.0315351172433,0.0235698850328,0.)) ;
#6288=DIRECTION('Axis2P3D XDirection',(0.0235698850328,-0.0315351172433,0.)) ;
#6292=DIRECTION('Vector Direction',(0.,0.,-0.0393700787402)) ;
#6311=DIRECTION('Axis2P3D Direction',(0.0334843471944,0.0207075250325,0.)) ;
#6312=DIRECTION('Axis2P3D XDirection',(0.0207075250325,-0.0334843471944,0.)) ;
#6316=DIRECTION('Vector Direction',(0.,0.,-0.0393700787402)) ;
#6335=DIRECTION('Axis2P3D Direction',(0.0352347938875,0.0175645210499,0.)) ;
#6336=DIRECTION('Axis2P3D XDirection',(0.0175645210499,-0.0352347938875,0.)) ;
#6340=DIRECTION('Vector Direction',(0.,0.,-0.0393700787402)) ;
#6359=DIRECTION('Axis2P3D Direction',(0.0366672342878,0.0143358651532,0.)) ;
#6360=DIRECTION('Axis2P3D XDirection',(0.0143358651532,-0.0366672342878,0.)) ;
#6364=DIRECTION('Vector Direction',(0.,0.,-0.0393700787402)) ;
#6383=DIRECTION('Axis2P3D Direction',(0.0377949385717,0.0110247774749,0.)) ;
#6384=DIRECTION('Axis2P3D XDirection',(0.0110247774749,-0.0377949385717,0.)) ;
#6388=DIRECTION('Vector Direction',(0.,0.,-0.0393700787402)) ;
#6407=DIRECTION('Axis2P3D Direction',(0.0385962376137,0.00776746690171,0.)) ;
#6408=DIRECTION('Axis2P3D XDirection',(0.00776746690171,-0.0385962376137,0.)) ;
#6412=DIRECTION('Vector Direction',(0.,0.,-0.0393700787402)) ;
#6431=DIRECTION('Axis2P3D Direction',(0.0391346757793,0.004298866322,0.)) ;
#6432=DIRECTION('Axis2P3D XDirection',(0.004298866322,-0.0391346757793,-0.)) ;
#6436=DIRECTION('Vector Direction',(0.,0.,-0.0393700787402)) ;
#6455=DIRECTION('Axis2P3D Direction',(0.0392693519801,0.00281444400651,0.)) ;
#6456=DIRECTION('Axis2P3D XDirection',(0.00281444400651,-0.0392693519801,-0.)) ;
#6460=DIRECTION('Vector Direction',(0.,0.,-0.0393700787402)) ;
#6479=DIRECTION('Vector Direction',(0.,0.,-0.0393700787402)) ;
#6498=DIRECTION('Axis2P3D Direction',(-0.0386543911882,-0.00747269308054,-0.)) ;
#6499=DIRECTION('Axis2P3D XDirection',(-0.00747269308054,0.0386543911882,0.)) ;
#6503=DIRECTION('Vector Direction',(0.,0.,-0.0393700787402)) ;
#6522=DIRECTION('Axis2P3D Direction',(-0.0380118521431,-0.0102519362395,-0.)) ;
#6523=DIRECTION('Axis2P3D XDirection',(-0.0102519362395,0.0380118521431,0.)) ;
#6527=DIRECTION('Vector Direction',(0.,0.,-0.0393700787402)) ;
#6546=DIRECTION('Axis2P3D Direction',(-0.0371251200905,-0.0131045243437,-0.)) ;
#6547=DIRECTION('Axis2P3D XDirection',(-0.0131045243437,0.0371251200905,0.)) ;
#6551=DIRECTION('Vector Direction',(0.,0.,-0.0393700787402)) ;
#6570=DIRECTION('Axis2P3D Direction',(-0.0359244774844,-0.0161069866045,-0.)) ;
#6571=DIRECTION('Axis2P3D XDirection',(-0.0161069866045,0.0359244774844,0.)) ;
#6575=DIRECTION('Vector Direction',(0.,0.,-0.0393700787402)) ;
#6594=DIRECTION('Axis2P3D Direction',(-0.034401712545,-0.019144849803,-0.)) ;
#6595=DIRECTION('Axis2P3D XDirection',(-0.019144849803,0.034401712545,0.)) ;
#6599=DIRECTION('Vector Direction',(0.,0.,-0.0393700787402)) ;
#6618=DIRECTION('Axis2P3D Direction',(-0.0326060527603,-0.0220646419278,-0.)) ;
#6619=DIRECTION('Axis2P3D XDirection',(-0.0220646419278,0.0326060527603,0.)) ;
#6623=DIRECTION('Vector Direction',(0.,0.,-0.0393700787402)) ;
#6642=DIRECTION('Axis2P3D Direction',(-0.0304896165998,-0.0249075566767,-0.)) ;
#6643=DIRECTION('Axis2P3D XDirection',(-0.0249075566767,0.0304896165998,0.)) ;
#6647=DIRECTION('Vector Direction',(0.,0.,-0.0393700787402)) ;
#6666=DIRECTION('Axis2P3D Direction',(-0.0281189730301,-0.0275558787873,-0.)) ;
#6667=DIRECTION('Axis2P3D XDirection',(-0.0275558787873,0.0281189730301,0.)) ;
#6671=DIRECTION('Vector Direction',(0.,0.,-0.0393700787402)) ;
#6690=DIRECTION('Axis2P3D Direction',(-0.0255669400811,-0.029938848924,-0.)) ;
#6691=DIRECTION('Axis2P3D XDirection',(-0.029938848924,0.0255669400811,0.)) ;
#6695=DIRECTION('Vector Direction',(0.,0.,-0.0393700787402)) ;
#6714=DIRECTION('Axis2P3D Direction',(-0.0229026821708,-0.0320229644067,-0.)) ;
#6715=DIRECTION('Axis2P3D XDirection',(-0.0320229644067,0.0229026821708,0.)) ;
#6719=DIRECTION('Vector Direction',(0.,0.,-0.0393700787402)) ;
#6738=DIRECTION('Axis2P3D Direction',(0.0306574182271,-0.0247007248407,0.)) ;
#6739=DIRECTION('Axis2P3D XDirection',(-0.0247007248407,-0.0306574182271,-0.)) ;
#6743=DIRECTION('Vector Direction',(0.,0.,-0.0393700787402)) ;
#6762=DIRECTION('Axis2P3D Direction',(0.0242107766343,0.0310457951222,0.)) ;
#6763=DIRECTION('Axis2P3D XDirection',(0.0310457951222,-0.0242107766343,0.)) ;
#6767=DIRECTION('Vector Direction',(0.,0.,-0.0393700787402)) ;
#6786=DIRECTION('Axis2P3D Direction',(0.0263272181742,0.0292725243738,0.)) ;
#6787=DIRECTION('Axis2P3D XDirection',(0.0292725243738,-0.0263272181742,0.)) ;
#6791=DIRECTION('Vector Direction',(0.,0.,-0.0393700787402)) ;
#6810=DIRECTION('Axis2P3D Direction',(0.0284561982361,0.0272074967969,0.)) ;
#6811=DIRECTION('Axis2P3D XDirection',(0.0272074967969,-0.0284561982361,0.)) ;
#6815=DIRECTION('Vector Direction',(0.,0.,-0.0393700787402)) ;
#6834=DIRECTION('Axis2P3D Direction',(0.0304900812672,0.0249069878613,0.)) ;
#6835=DIRECTION('Axis2P3D XDirection',(0.0249069878613,-0.0304900812672,0.)) ;
#6839=DIRECTION('Vector Direction',(0.,0.,-0.0393700787402)) ;
#6858=DIRECTION('Axis2P3D Direction',(0.0323970042,0.0223704541499,0.)) ;
#6859=DIRECTION('Axis2P3D XDirection',(0.0223704541499,-0.0323970042,0.)) ;
#6863=DIRECTION('Vector Direction',(0.,0.,-0.0393700787402)) ;
#6882=DIRECTION('Axis2P3D Direction',(0.0341453819524,0.0195983670577,0.)) ;
#6883=DIRECTION('Axis2P3D XDirection',(0.0195983670577,-0.0341453819524,0.)) ;
#6887=DIRECTION('Vector Direction',(0.,0.,-0.0393700787402)) ;
#6906=DIRECTION('Axis2P3D Direction',(0.0356517786947,0.0167019093492,0.)) ;
#6907=DIRECTION('Axis2P3D XDirection',(0.0167019093492,-0.0356517786947,0.)) ;
#6911=DIRECTION('Vector Direction',(0.,0.,-0.0393700787402)) ;
#6930=DIRECTION('Axis2P3D Direction',(0.0369148219596,0.0136857232069,0.)) ;
#6931=DIRECTION('Axis2P3D XDirection',(0.0136857232069,-0.0369148219596,0.)) ;
#6935=DIRECTION('Vector Direction',(0.,0.,-0.0393700787402)) ;
#6954=DIRECTION('Axis2P3D Direction',(0.037906932977,0.0106333217898,0.)) ;
#6955=DIRECTION('Axis2P3D XDirection',(0.0106333217898,-0.037906932977,0.)) ;
#6959=DIRECTION('Vector Direction',(0.,0.,-0.0393700787402)) ;
#6978=DIRECTION('Axis2P3D Direction',(0.0386212731932,0.00764201262397,0.)) ;
#6979=DIRECTION('Axis2P3D XDirection',(0.00764201262397,-0.0386212731932,0.)) ;
#6983=DIRECTION('Vector Direction',(0.,0.,-0.0393700787402)) ;
#7002=DIRECTION('Vector Direction',(0.,0.,-0.0393700787402)) ;
#7021=DIRECTION('Axis2P3D Direction',(-0.0265613862721,-0.0290602109302,-0.)) ;
#7022=DIRECTION('Axis2P3D XDirection',(-0.0290602109302,0.0265613862721,0.)) ;
#7026=DIRECTION('Vector Direction',(0.,0.,-0.0393700787402)) ;
#7045=DIRECTION('Axis2P3D Direction',(0.03888536774,0.00615883720631,0.)) ;
#7046=DIRECTION('Axis2P3D XDirection',(0.00615883720631,-0.03888536774,0.)) ;
#7050=DIRECTION('Vector Direction',(0.,0.,-0.0393700787402)) ;
#7069=DIRECTION('Axis2P3D Direction',(-0.0316722425808,0.0233852977297,0.)) ;
#7070=DIRECTION('Axis2P3D XDirection',(0.0233852977297,0.0316722425808,0.)) ;
#7074=DIRECTION('Vector Direction',(0.,0.,-0.0393700787402)) ;
#7093=DIRECTION('Axis2P3D Direction',(-0.00615883720631,0.03888536774,0.)) ;
#7094=DIRECTION('Axis2P3D XDirection',(0.03888536774,0.00615883720631,0.)) ;
#7098=DIRECTION('Vector Direction',(0.,0.,-0.0393700787402)) ;
#7117=DIRECTION('Axis2P3D Direction',(0.03888536774,0.00615883720632,0.)) ;
#7118=DIRECTION('Axis2P3D XDirection',(0.00615883720632,-0.03888536774,0.)) ;
#7122=DIRECTION('Vector Direction',(0.,0.,-0.0393700787402)) ;
#7141=DIRECTION('Axis2P3D Direction',(0.0319888536267,-0.0229503016027,0.)) ;
#7142=DIRECTION('Axis2P3D XDirection',(-0.0229503016027,-0.0319888536267,-0.)) ;
#7146=DIRECTION('Vector Direction',(0.,0.,-0.0393700787402)) ;
#7165=DIRECTION('Axis2P3D Direction',(-0.00615883720631,0.03888536774,0.)) ;
#7166=DIRECTION('Axis2P3D XDirection',(0.03888536774,0.00615883720631,0.)) ;
#7170=DIRECTION('Vector Direction',(0.,0.,-0.0393700787402)) ;
#7189=DIRECTION('Axis2P3D Direction',(-0.022261459869,-0.0324719956964,-0.)) ;
#7190=DIRECTION('Axis2P3D XDirection',(-0.0324719956964,0.022261459869,0.)) ;
#7194=DIRECTION('Vector Direction',(0.,0.,-0.0393700787402)) ;
#7213=DIRECTION('Axis2P3D Direction',(-0.03888536774,-0.00615883720631,-0.)) ;
#7214=DIRECTION('Axis2P3D XDirection',(-0.00615883720631,0.03888536774,0.)) ;
#7218=DIRECTION('Vector Direction',(0.,0.,-0.0393700787402)) ;
#7237=DIRECTION('Axis2P3D Direction',(-0.00615883720631,0.03888536774,0.)) ;
#7238=DIRECTION('Axis2P3D XDirection',(0.03888536774,0.00615883720631,0.)) ;
#7242=DIRECTION('Vector Direction',(0.,0.,-0.0393700787402)) ;
#7261=DIRECTION('Axis2P3D Direction',(0.0383356563521,0.008965520178,0.)) ;
#7262=DIRECTION('Axis2P3D XDirection',(0.008965520178,-0.0383356563521,0.)) ;
#7266=DIRECTION('Vector Direction',(0.,0.,-0.0393700787402)) ;
#7285=DIRECTION('Axis2P3D Direction',(0.0384407985484,0.00850341737,0.)) ;
#7286=DIRECTION('Axis2P3D XDirection',(0.00850341737,-0.0384407985484,0.)) ;
#7290=DIRECTION('Vector Direction',(0.,0.,-0.0393700787402)) ;
#7309=DIRECTION('Axis2P3D Direction',(0.0385560293127,0.00796465339139,0.)) ;
#7310=DIRECTION('Axis2P3D XDirection',(0.00796465339139,-0.0385560293127,0.)) ;
#7314=DIRECTION('Vector Direction',(0.,0.,-0.0393700787402)) ;
#7333=DIRECTION('Axis2P3D Direction',(0.0386814488681,0.00733134458801,0.)) ;
#7334=DIRECTION('Axis2P3D XDirection',(0.00733134458801,-0.0386814488681,0.)) ;
#7338=DIRECTION('Vector Direction',(0.,0.,-0.0393700787402)) ;
#7357=DIRECTION('Axis2P3D Direction',(0.0388117792875,0.00660673054852,0.)) ;
#7358=DIRECTION('Axis2P3D XDirection',(0.00660673054852,-0.0388117792875,0.)) ;
#7362=DIRECTION('Vector Direction',(0.,0.,-0.0393700787402)) ;
#7381=DIRECTION('Axis2P3D Direction',(0.0389282417251,0.00588175961747,0.)) ;
#7382=DIRECTION('Axis2P3D XDirection',(0.00588175961747,-0.0389282417251,-0.)) ;
#7386=DIRECTION('Vector Direction',(0.,0.,-0.0393700787402)) ;
#7405=DIRECTION('Axis2P3D Direction',(0.0390143650676,0.00528038051466,0.)) ;
#7406=DIRECTION('Axis2P3D XDirection',(0.00528038051466,-0.0390143650676,-0.)) ;
#7410=DIRECTION('Vector Direction',(0.,0.,-0.0393700787402)) ;
#7429=DIRECTION('Axis2P3D Direction',(0.0390967791506,0.00463087033447,0.)) ;
#7430=DIRECTION('Axis2P3D XDirection',(0.00463087033447,-0.0390967791506,-0.)) ;
#7434=DIRECTION('Vector Direction',(0.,0.,-0.0393700787402)) ;
#7453=DIRECTION('Axis2P3D Direction',(0.0391820011668,0.00384368112218,0.)) ;
#7454=DIRECTION('Axis2P3D XDirection',(0.00384368112218,-0.0391820011668,-0.)) ;
#7458=DIRECTION('Vector Direction',(0.,0.,-0.0393700787402)) ;
#7477=DIRECTION('Axis2P3D Direction',(0.0392549338182,0.00300886538932,0.)) ;
#7478=DIRECTION('Axis2P3D XDirection',(0.00300886538932,-0.0392549338182,-0.)) ;
#7482=DIRECTION('Vector Direction',(0.,0.,-0.0393700787402)) ;
#7501=DIRECTION('Axis2P3D Direction',(0.0393180792216,0.00202280654716,0.)) ;
#7502=DIRECTION('Axis2P3D XDirection',(0.00202280654716,-0.0393180792216,-0.)) ;
#7506=DIRECTION('Vector Direction',(0.,0.,-0.0393700787402)) ;
#7525=DIRECTION('Axis2P3D Direction',(0.039359421144,0.000916006123506,0.)) ;
#7526=DIRECTION('Axis2P3D XDirection',(0.000916006123506,-0.039359421144,-0.)) ;
#7530=DIRECTION('Vector Direction',(0.,0.,-0.0393700787402)) ;
#7549=DIRECTION('Axis2P3D Direction',(0.0393677020373,-0.000432592540142,0.)) ;
#7550=DIRECTION('Axis2P3D XDirection',(-0.000432592540142,-0.0393677020373,-0.)) ;
#7554=DIRECTION('Vector Direction',(0.,0.,-0.0393700787402)) ;
#7573=DIRECTION('Axis2P3D Direction',(0.0392689091552,-0.00282061584848,0.)) ;
#7574=DIRECTION('Axis2P3D XDirection',(-0.00282061584848,-0.0392689091552,-0.)) ;
#7578=DIRECTION('Vector Direction',(0.,0.,-0.0393700787402)) ;
#7597=DIRECTION('Axis2P3D Direction',(0.0387668297484,-0.00686556707516,0.)) ;
#7598=DIRECTION('Axis2P3D XDirection',(-0.00686556707516,-0.0387668297484,-0.)) ;
#7602=DIRECTION('Vector Direction',(0.,0.,-0.0393700787402)) ;
#7621=DIRECTION('Axis2P3D Direction',(0.0378398709665,-0.01086955681,0.)) ;
#7622=DIRECTION('Axis2P3D XDirection',(-0.01086955681,-0.0378398709665,-0.)) ;
#7626=DIRECTION('Vector Direction',(0.,0.,-0.0393700787402)) ;
#7645=DIRECTION('Axis2P3D Direction',(0.0365590523234,-0.0146095445932,0.)) ;
#7646=DIRECTION('Axis2P3D XDirection',(-0.0146095445932,-0.0365590523234,-0.)) ;
#7650=DIRECTION('Vector Direction',(0.,0.,-0.0393700787402)) ;
#7669=DIRECTION('Axis2P3D Direction',(0.0349873761419,-0.0180523297863,0.)) ;
#7670=DIRECTION('Axis2P3D XDirection',(-0.0180523297863,-0.0349873761419,-0.)) ;
#7674=DIRECTION('Vector Direction',(0.,0.,-0.0393700787402)) ;
#7693=DIRECTION('Axis2P3D Direction',(0.0332393380847,-0.0210985663896,0.)) ;
#7694=DIRECTION('Axis2P3D XDirection',(-0.0210985663896,-0.0332393380847,-0.)) ;
#7698=DIRECTION('Vector Direction',(0.,0.,-0.0393700787402)) ;
#7717=DIRECTION('Axis2P3D Direction',(-0.0248974109194,0.0304979020511,0.)) ;
#7718=DIRECTION('Axis2P3D XDirection',(0.0304979020511,0.0248974109194,0.)) ;
#7722=DIRECTION('Vector Direction',(0.,0.,-0.0393700787402)) ;
#7741=DIRECTION('Axis2P3D Direction',(-0.0294308748692,0.0261500803907,0.)) ;
#7742=DIRECTION('Axis2P3D XDirection',(0.0261500803907,0.0294308748692,0.)) ;
#7746=DIRECTION('Vector Direction',(0.,0.,-0.0393700787402)) ;
#7765=DIRECTION('Axis2P3D Direction',(-0.033136566228,0.021259611441,0.)) ;
#7766=DIRECTION('Axis2P3D XDirection',(0.021259611441,0.033136566228,0.)) ;
#7770=DIRECTION('Vector Direction',(0.,0.,-0.0393700787402)) ;
#7789=DIRECTION('Axis2P3D Direction',(-0.035851305954,0.0162692028508,0.)) ;
#7790=DIRECTION('Axis2P3D XDirection',(0.0162692028508,0.035851305954,0.)) ;
#7794=DIRECTION('Vector Direction',(0.,0.,-0.0393700787402)) ;
#7813=DIRECTION('Axis2P3D Direction',(-0.0376594805895,0.0114789643146,0.)) ;
#7814=DIRECTION('Axis2P3D XDirection',(0.0114789643146,0.0376594805895,0.)) ;
#7818=DIRECTION('Vector Direction',(0.,0.,-0.0393700787402)) ;
#7837=DIRECTION('Axis2P3D Direction',(-0.0387190761012,0.00712995412859,0.)) ;
#7838=DIRECTION('Axis2P3D XDirection',(0.00712995412859,0.0387190761012,0.)) ;
#7842=DIRECTION('Vector Direction',(0.,0.,-0.0393700787402)) ;
#7861=DIRECTION('Axis2P3D Direction',(-0.0392287722182,0.00333264613416,0.)) ;
#7862=DIRECTION('Axis2P3D XDirection',(0.00333264613416,0.0392287722182,0.)) ;
#7866=DIRECTION('Vector Direction',(0.,0.,-0.0393700787402)) ;
#7885=DIRECTION('Axis2P3D Direction',(-0.0393700430099,5.3041546789E-005,0.)) ;
#7886=DIRECTION('Axis2P3D XDirection',(5.3041546789E-005,0.0393700430099,0.)) ;
#7890=DIRECTION('Vector Direction',(0.,0.,-0.0393700787402)) ;
#7909=DIRECTION('Axis2P3D Direction',(-0.0392747662427,-0.00273785255104,-0.)) ;
#7910=DIRECTION('Axis2P3D XDirection',(-0.00273785255104,0.0392747662427,0.)) ;
#7914=DIRECTION('Vector Direction',(0.,0.,-0.0393700787402)) ;
#7933=DIRECTION('Axis2P3D Direction',(-0.0390366415605,-0.0051130925756,-0.)) ;
#7934=DIRECTION('Axis2P3D XDirection',(-0.0051130925756,0.0390366415605,0.)) ;
#7938=DIRECTION('Vector Direction',(0.,0.,-0.0393700787402)) ;
#7957=DIRECTION('Axis2P3D Direction',(-0.0388603708927,-0.00631463966402,-0.)) ;
#7958=DIRECTION('Axis2P3D XDirection',(-0.00631463966402,0.0388603708927,0.)) ;
#7962=DIRECTION('Vector Direction',(0.,0.,-0.0393700787402)) ;
#7981=DIRECTION('Axis2P3D Direction',(-0.0387998011926,-0.00667671531676,-0.)) ;
#7982=DIRECTION('Axis2P3D XDirection',(-0.00667671531676,0.0387998011926,0.)) ;
#7986=DIRECTION('Vector Direction',(0.,0.,-0.0393700787402)) ;
#8005=DIRECTION('Axis2P3D Direction',(-0.0387363990839,-0.00703523176732,-0.)) ;
#8006=DIRECTION('Axis2P3D XDirection',(-0.00703523176732,0.0387363990839,0.)) ;
#8010=DIRECTION('Vector Direction',(0.,0.,-0.0393700787402)) ;
#8029=DIRECTION('Axis2P3D Direction',(-0.0386622047352,-0.0074321615308,-0.)) ;
#8030=DIRECTION('Axis2P3D XDirection',(-0.0074321615308,0.0386622047352,0.)) ;
#8034=DIRECTION('Vector Direction',(0.,0.,-0.0393700787402)) ;
#8053=DIRECTION('Axis2P3D Direction',(-0.0385843347589,-0.00782637918967,-0.)) ;
#8054=DIRECTION('Axis2P3D XDirection',(-0.00782637918967,0.0385843347589,0.)) ;
#8058=DIRECTION('Vector Direction',(0.,0.,-0.0393700787402)) ;
#8077=DIRECTION('Axis2P3D Direction',(-0.0386503925865,-0.00749334724387,-0.)) ;
#8078=DIRECTION('Axis2P3D XDirection',(-0.00749334724387,0.0386503925865,0.)) ;
#8082=DIRECTION('Vector Direction',(0.,0.,-0.0393700787402)) ;
#8101=DIRECTION('Axis2P3D Direction',(0.00615883720631,-0.03888536774,0.)) ;
#8102=DIRECTION('Axis2P3D XDirection',(-0.03888536774,-0.00615883720631,-0.)) ;
#8106=DIRECTION('Vector Direction',(0.,0.,-0.0393700787402)) ;
#8125=DIRECTION('Vector Direction',(0.,0.,-0.0393700787402)) ;
#8144=DIRECTION('Vector Direction',(0.,0.,-0.0393700787402)) ;
#8163=DIRECTION('Axis2P3D Direction',(0.0390373609293,0.00510759744694,0.)) ;
#8164=DIRECTION('Axis2P3D XDirection',(0.00510759744694,-0.0390373609293,-0.)) ;
#8168=DIRECTION('Vector Direction',(0.,0.,-0.0393700787402)) ;
#8187=DIRECTION('Axis2P3D Direction',(0.0389467064418,0.00575822519053,0.)) ;
#8188=DIRECTION('Axis2P3D XDirection',(0.00575822519053,-0.0389467064418,-0.)) ;
#8192=DIRECTION('Vector Direction',(0.,0.,-0.0393700787402)) ;
#8211=DIRECTION('Axis2P3D Direction',(0.0387715268798,0.00683899140359,0.)) ;
#8212=DIRECTION('Axis2P3D XDirection',(0.00683899140359,-0.0387715268798,0.)) ;
#8216=DIRECTION('Vector Direction',(0.,0.,-0.0393700787402)) ;
#8235=DIRECTION('Axis2P3D Direction',(0.0389651441649,0.00563210797266,0.)) ;
#8236=DIRECTION('Axis2P3D XDirection',(0.00563210797266,-0.0389651441649,-0.)) ;
#8240=DIRECTION('Vector Direction',(0.,0.,-0.0393700787402)) ;
#8259=DIRECTION('Axis2P3D Direction',(0.0391148411717,0.0044757457608,0.)) ;
#8260=DIRECTION('Axis2P3D XDirection',(0.0044757457608,-0.0391148411717,-0.)) ;
#8264=DIRECTION('Vector Direction',(0.,0.,-0.0393700787402)) ;
#8283=DIRECTION('Axis2P3D Direction',(0.0392412643715,0.00318218015405,0.)) ;
#8284=DIRECTION('Axis2P3D XDirection',(0.00318218015405,-0.0392412643715,-0.)) ;
#8288=DIRECTION('Vector Direction',(0.,0.,-0.0393700787402)) ;
#8307=DIRECTION('Axis2P3D Direction',(0.0393340127475,0.00168479707509,0.)) ;
#8308=DIRECTION('Axis2P3D XDirection',(0.00168479707509,-0.0393340127475,-0.)) ;
#8312=DIRECTION('Vector Direction',(0.,0.,-0.0393700787402)) ;
#8331=DIRECTION('Axis2P3D Direction',(0.0393700768633,-1.21566403972E-005,0.)) ;
#8332=DIRECTION('Axis2P3D XDirection',(-1.21566403972E-005,-0.0393700768633,-0.)) ;
#8336=DIRECTION('Vector Direction',(0.,0.,-0.0393700787402)) ;
#8355=DIRECTION('Axis2P3D Direction',(0.0393185811302,-0.00201302705258,0.)) ;
#8356=DIRECTION('Axis2P3D XDirection',(-0.00201302705258,-0.0393185811302,-0.)) ;
#8360=DIRECTION('Vector Direction',(0.,0.,-0.0393700787402)) ;
#8379=DIRECTION('Axis2P3D Direction',(0.0391372722875,-0.00427516290947,0.)) ;
#8380=DIRECTION('Axis2P3D XDirection',(-0.00427516290947,-0.0391372722875,-0.)) ;
#8384=DIRECTION('Vector Direction',(0.,0.,-0.0393700787402)) ;
#8403=DIRECTION('Axis2P3D Direction',(0.0387624582761,-0.00689020525092,0.)) ;
#8404=DIRECTION('Axis2P3D XDirection',(-0.00689020525092,-0.0387624582761,-0.)) ;
#8408=DIRECTION('Vector Direction',(0.,0.,-0.0393700787402)) ;
#8427=DIRECTION('Axis2P3D Direction',(0.0380927628775,-0.0099470858228,0.)) ;
#8428=DIRECTION('Axis2P3D XDirection',(-0.0099470858228,-0.0380927628775,-0.)) ;
#8432=DIRECTION('Vector Direction',(0.,0.,-0.0393700787402)) ;
#8451=DIRECTION('Axis2P3D Direction',(0.0370369445335,-0.0133516980055,0.)) ;
#8452=DIRECTION('Axis2P3D XDirection',(-0.0133516980055,-0.0370369445335,-0.)) ;
#8456=DIRECTION('Vector Direction',(0.,0.,-0.0393700787402)) ;
#8475=DIRECTION('Axis2P3D Direction',(0.0354463885613,-0.0171334946221,0.)) ;
#8476=DIRECTION('Axis2P3D XDirection',(-0.0171334946221,-0.0354463885613,-0.)) ;
#8480=DIRECTION('Vector Direction',(0.,0.,-0.0393700787402)) ;
#8499=DIRECTION('Axis2P3D Direction',(0.0337324596351,-0.0203008439966,0.)) ;
#8500=DIRECTION('Axis2P3D XDirection',(-0.0203008439966,-0.0337324596351,-0.)) ;
#8504=DIRECTION('Vector Direction',(0.,0.,-0.0393700787402)) ;
#8523=DIRECTION('Axis2P3D Direction',(0.0320121062853,-0.022917856601,0.)) ;
#8524=DIRECTION('Axis2P3D XDirection',(-0.022917856601,-0.0320121062853,-0.)) ;
#8528=DIRECTION('Vector Direction',(0.,0.,-0.0393700787402)) ;
#8547=DIRECTION('Axis2P3D Direction',(0.0303564693666,-0.0250696603009,0.)) ;
#8548=DIRECTION('Axis2P3D XDirection',(-0.0250696603009,-0.0303564693666,-0.)) ;
#8552=DIRECTION('Vector Direction',(0.,0.,-0.0393700787402)) ;
#8571=DIRECTION('Axis2P3D Direction',(0.0288413753462,-0.0267988463958,0.)) ;
#8572=DIRECTION('Axis2P3D XDirection',(-0.0267988463958,-0.0288413753462,-0.)) ;
#8576=DIRECTION('Vector Direction',(0.,0.,-0.0393700787402)) ;
#8595=DIRECTION('Axis2P3D Direction',(0.027421285053,-0.0282502429379,0.)) ;
#8596=DIRECTION('Axis2P3D XDirection',(-0.0282502429379,-0.027421285053,-0.)) ;
#8600=DIRECTION('Vector Direction',(0.,0.,-0.0393700787402)) ;
#8619=DIRECTION('Axis2P3D Direction',(0.0261306067554,-0.029448166167,0.)) ;
#8620=DIRECTION('Axis2P3D XDirection',(-0.029448166167,-0.0261306067554,-0.)) ;
#8624=DIRECTION('Vector Direction',(0.,0.,-0.0393700787402)) ;
#8643=DIRECTION('Axis2P3D Direction',(0.0249681464084,-0.0304400191349,0.)) ;
#8644=DIRECTION('Axis2P3D XDirection',(-0.0304400191349,-0.0249681464084,-0.)) ;
#8648=DIRECTION('Vector Direction',(0.,0.,-0.0393700787402)) ;
#8667=DIRECTION('Axis2P3D Direction',(0.0239209281859,-0.0312696705248,0.)) ;
#8668=DIRECTION('Axis2P3D XDirection',(-0.0312696705248,-0.0239209281859,-0.)) ;
#8672=DIRECTION('Vector Direction',(0.,0.,-0.0393700787402)) ;
#8691=DIRECTION('Axis2P3D Direction',(0.0229527843222,-0.0319870722615,0.)) ;
#8692=DIRECTION('Axis2P3D XDirection',(-0.0319870722615,-0.0229527843222,-0.)) ;
#8696=DIRECTION('Vector Direction',(0.,0.,-0.0393700787402)) ;
#8715=DIRECTION('Axis2P3D Direction',(0.00872791626138,0.0383904490432,0.)) ;
#8716=DIRECTION('Axis2P3D XDirection',(0.0383904490432,-0.00872791626138,0.)) ;
#8720=DIRECTION('Vector Direction',(0.,0.,-0.0393700787402)) ;
#8739=DIRECTION('Axis2P3D Direction',(0.00866430105337,0.0384048562979,0.)) ;
#8740=DIRECTION('Axis2P3D XDirection',(0.0384048562979,-0.00866430105337,0.)) ;
#8744=DIRECTION('Vector Direction',(0.,0.,-0.0393700787402)) ;
#8763=DIRECTION('Axis2P3D Direction',(0.00895351402813,0.0383384622351,0.)) ;
#8764=DIRECTION('Axis2P3D XDirection',(0.0383384622351,-0.00895351402813,0.)) ;
#8768=DIRECTION('Vector Direction',(0.,0.,-0.0393700787402)) ;
#8787=DIRECTION('Axis2P3D Direction',(0.00926663070033,0.0382639864033,0.)) ;
#8788=DIRECTION('Axis2P3D XDirection',(0.0382639864033,-0.00926663070033,0.)) ;
#8792=DIRECTION('Vector Direction',(0.,0.,-0.0393700787402)) ;
#8811=DIRECTION('Axis2P3D Direction',(0.00961880451281,0.0381769786619,0.)) ;
#8812=DIRECTION('Axis2P3D XDirection',(0.0381769786619,-0.00961880451281,0.)) ;
#8816=DIRECTION('Vector Direction',(0.,0.,-0.0393700787402)) ;
#8835=DIRECTION('Axis2P3D Direction',(0.0100177168017,0.038074249173,0.)) ;
#8836=DIRECTION('Axis2P3D XDirection',(0.038074249173,-0.0100177168017,0.)) ;
#8840=DIRECTION('Vector Direction',(0.,0.,-0.0393700787402)) ;
#8859=DIRECTION('Axis2P3D Direction',(0.0105031722877,0.0379432006017,0.)) ;
#8860=DIRECTION('Axis2P3D XDirection',(0.0379432006017,-0.0105031722877,0.)) ;
#8864=DIRECTION('Vector Direction',(0.,0.,-0.0393700787402)) ;
#8883=DIRECTION('Axis2P3D Direction',(0.0109978340073,0.037802787558,0.)) ;
#8884=DIRECTION('Axis2P3D XDirection',(0.037802787558,-0.0109978340073,0.)) ;
#8888=DIRECTION('Vector Direction',(0.,0.,-0.0393700787402)) ;
#8907=DIRECTION('Axis2P3D Direction',(0.0119882193828,0.0375004759441,0.)) ;
#8908=DIRECTION('Axis2P3D XDirection',(0.0375004759441,-0.0119882193828,0.)) ;
#8912=DIRECTION('Vector Direction',(0.,0.,-0.0393700787402)) ;
#8931=DIRECTION('Axis2P3D Direction',(0.0136985613902,0.036910059819,0.)) ;
#8932=DIRECTION('Axis2P3D XDirection',(0.036910059819,-0.0136985613902,0.)) ;
#8936=DIRECTION('Vector Direction',(0.,0.,-0.0393700787402)) ;
#8955=DIRECTION('Axis2P3D Direction',(0.0153173700786,0.036268185423,0.)) ;
#8956=DIRECTION('Axis2P3D XDirection',(0.036268185423,-0.0153173700786,0.)) ;
#8960=DIRECTION('Vector Direction',(0.,0.,-0.0393700787402)) ;
#8979=DIRECTION('Axis2P3D Direction',(0.01621219645,0.0358771206519,0.)) ;
#8980=DIRECTION('Axis2P3D XDirection',(0.0358771206519,-0.01621219645,0.)) ;
#8984=DIRECTION('Vector Direction',(0.,0.,-0.0393700787402)) ;
#9003=DIRECTION('Axis2P3D Direction',(0.0166810069088,0.0356615634614,0.)) ;
#9004=DIRECTION('Axis2P3D XDirection',(0.0356615634614,-0.0166810069088,0.)) ;
#9008=DIRECTION('Vector Direction',(0.,0.,-0.0393700787402)) ;
#9027=DIRECTION('Axis2P3D Direction',(0.0171415311614,0.0354425028666,0.)) ;
#9028=DIRECTION('Axis2P3D XDirection',(0.0354425028666,-0.0171415311614,0.)) ;
#9032=DIRECTION('Vector Direction',(0.,0.,-0.0393700787402)) ;
#9051=DIRECTION('Axis2P3D Direction',(0.0175070224716,0.0352633983641,0.)) ;
#9052=DIRECTION('Axis2P3D XDirection',(0.0352633983641,-0.0175070224716,0.)) ;
#9056=DIRECTION('Vector Direction',(0.,0.,-0.0393700787402)) ;
#9075=DIRECTION('Axis2P3D Direction',(0.0178469028517,0.0350926083187,0.)) ;
#9076=DIRECTION('Axis2P3D XDirection',(0.0350926083187,-0.0178469028517,0.)) ;
#9080=DIRECTION('Vector Direction',(0.,0.,-0.0393700787402)) ;
#9099=DIRECTION('Axis2P3D Direction',(0.0181354645414,0.0349443561377,0.)) ;
#9100=DIRECTION('Axis2P3D XDirection',(0.0349443561377,-0.0181354645414,0.)) ;
#9104=DIRECTION('Vector Direction',(0.,0.,-0.0393700787402)) ;
#9123=DIRECTION('Axis2P3D Direction',(0.0184137657575,0.0347985104658,0.)) ;
#9124=DIRECTION('Axis2P3D XDirection',(0.0347985104658,-0.0184137657575,0.)) ;
#9128=DIRECTION('Vector Direction',(0.,0.,-0.0393700787402)) ;
#9147=DIRECTION('Axis2P3D Direction',(-0.03888536774,-0.00615883720631,-0.)) ;
#9148=DIRECTION('Axis2P3D XDirection',(-0.00615883720631,0.03888536774,0.)) ;
#9166=DIRECTION('Vector Direction',(-0.00648361578995,0.0388325356666,0.)) ;
#9175=DIRECTION('Vector Direction',(-0.0317023994371,-0.0233443991128,0.)) ;
#9182=DIRECTION('Vector Direction',(-0.0320449174476,-0.0228719558801,0.)) ;
#9189=DIRECTION('Vector Direction',(-0.032386912243,-0.0223850623267,0.)) ;
#9196=DIRECTION('Vector Direction',(-0.0327476967189,-0.0218538660107,0.)) ;
#9203=DIRECTION('Vector Direction',(-0.033116069008,-0.0212915258604,0.)) ;
#9210=DIRECTION('Vector Direction',(-0.0334988853516,-0.0206839981678,0.)) ;
#9217=DIRECTION('Vector Direction',(-0.033892120663,-0.0200331539447,0.)) ;
#9224=DIRECTION('Vector Direction',(-0.0342871056526,-0.0193493536319,0.)) ;
#9231=DIRECTION('Vector Direction',(-0.0347069290512,-0.0185858057625,0.)) ;
#9238=DIRECTION('Vector Direction',(-0.0274152224656,-0.0282561263652,0.)) ;
#9245=DIRECTION('Vector Direction',(0.0392214866917,0.00341732083644,0.)) ;
#9252=DIRECTION('Vector Direction',(0.0393417135463,0.00149421392363,0.)) ;
#9259=DIRECTION('Vector Direction',(0.0393648032958,-0.000644485444763,0.)) ;
#9266=DIRECTION('Vector Direction',(0.0392507244233,-0.00306328781723,0.)) ;
#9273=DIRECTION('Vector Direction',(0.0389454602808,-0.00576664751131,0.)) ;
#9280=DIRECTION('Vector Direction',(0.038390266197,-0.00872872048642,0.)) ;
#9287=DIRECTION('Vector Direction',(0.0375175069691,-0.0119348133975,0.)) ;
#9294=DIRECTION('Vector Direction',(0.0362198696936,-0.0154312714766,0.)) ;
#9301=DIRECTION('Vector Direction',(0.0344610096811,-0.0190379072317,0.)) ;
#9308=DIRECTION('Vector Direction',(0.0322098204369,-0.0226391379568,0.)) ;
#9315=DIRECTION('Vector Direction',(0.0294602847454,-0.0261169432117,0.)) ;
#9322=DIRECTION('Vector Direction',(0.0265084907683,-0.0291084698532,0.)) ;
#9329=DIRECTION('Vector Direction',(0.0235271150944,-0.0315670390652,0.)) ;
#9336=DIRECTION('Vector Direction',(0.0205987666022,-0.0335513623341,0.)) ;
#9343=DIRECTION('Vector Direction',(0.0178287718511,-0.0351018232331,0.)) ;
#9350=DIRECTION('Vector Direction',(0.0152035653832,-0.0363160391514,0.)) ;
#9357=DIRECTION('Vector Direction',(0.0128384189375,-0.0372179808586,0.)) ;
#9364=DIRECTION('Vector Direction',(0.0107012863365,-0.0378878024006,0.)) ;
#9371=DIRECTION('Vector Direction',(0.00871686732825,-0.0383929593023,0.)) ;
#9378=DIRECTION('Vector Direction',(0.00697457784782,-0.0387473658956,0.)) ;
#9385=DIRECTION('Vector Direction',(0.00566542802845,-0.0389603134646,0.)) ;
#9392=DIRECTION('Vector Direction',(0.00467952661928,-0.0390909852859,0.)) ;
#9399=DIRECTION('Vector Direction',(0.00373344994609,-0.0391926581327,0.)) ;
#9406=DIRECTION('Vector Direction',(0.00285370236537,-0.0392665185981,0.)) ;
#9413=DIRECTION('Vector Direction',(0.00198120852271,-0.0393201972629,0.)) ;
#9420=DIRECTION('Vector Direction',(-0.039290189501,0.00250681251424,0.)) ;
#9427=DIRECTION('Vector Direction',(-0.00551088339385,0.0389824738084,0.)) ;
#9434=DIRECTION('Vector Direction',(-0.00696086855764,0.0387498310826,0.)) ;
#9441=DIRECTION('Vector Direction',(-0.00869794696808,0.038397250143,0.)) ;
#9448=DIRECTION('Vector Direction',(-0.0106600677723,0.0378994202475,0.)) ;
#9455=DIRECTION('Vector Direction',(-0.0128018952223,0.0372305597423,0.)) ;
#9462=DIRECTION('Vector Direction',(-0.0151968818499,0.0363188364633,0.)) ;
#9469=DIRECTION('Vector Direction',(-0.0177948021605,0.0351190563096,0.)) ;
#9476=DIRECTION('Vector Direction',(-0.0205882347805,0.0335578260414,0.)) ;
#9483=DIRECTION('Vector Direction',(-0.023549803164,0.0315501168135,0.)) ;
#9490=DIRECTION('Vector Direction',(-0.026560399937,0.0290611124218,0.)) ;
#9497=DIRECTION('Vector Direction',(-0.0309849779472,0.0242885619504,0.)) ;
#9504=DIRECTION('Vector Direction',(-0.0345543074374,0.0188680401083,0.)) ;
#9511=DIRECTION('Vector Direction',(-0.036238903085,0.0153865201784,0.)) ;
#9518=DIRECTION('Vector Direction',(-0.0374453025941,0.0121594577856,0.)) ;
#9525=DIRECTION('Vector Direction',(-0.0382932581207,0.00914491566436,0.)) ;
#9532=DIRECTION('Vector Direction',(-0.0388422188213,0.0064253511224,0.)) ;
#9539=DIRECTION('Vector Direction',(-0.0391632866085,0.00402989851337,0.)) ;
#9546=DIRECTION('Vector Direction',(-0.0393242937312,0.00189816294138,0.)) ;
#9553=DIRECTION('Vector Direction',(-0.0393700480912,-4.9125368015E-005,0.)) ;
#9560=DIRECTION('Vector Direction',(-0.0393332276725,-0.00170302697183,0.)) ;
#9567=DIRECTION('Vector Direction',(0.00615883720633,-0.03888536774,0.)) ;
#9574=DIRECTION('Vector Direction',(0.039302522038,0.00230539832917,0.)) ;
#9581=DIRECTION('Vector Direction',(0.0393659086735,0.000573004641025,0.)) ;
#9588=DIRECTION('Vector Direction',(0.039345862859,-0.00138064328697,0.)) ;
#9595=DIRECTION('Vector Direction',(0.0392037567295,-0.00361504609945,0.)) ;
#9602=DIRECTION('Vector Direction',(0.0388973255568,-0.00608285825346,0.)) ;
#9609=DIRECTION('Vector Direction',(0.0379882301967,-0.0103391231025,0.)) ;
#9616=DIRECTION('Vector Direction',(0.0355101160172,-0.0170010223354,0.)) ;
#9623=DIRECTION('Vector Direction',(0.0309917783693,-0.024279884133,0.)) ;
#9630=DIRECTION('Vector Direction',(0.0249533595079,-0.0304521419489,0.)) ;
#9637=DIRECTION('Vector Direction',(0.0204165004386,-0.0336625847172,0.)) ;
#9644=DIRECTION('Vector Direction',(0.0176074932864,-0.0352133395204,0.)) ;
#9651=DIRECTION('Vector Direction',(0.0150397769717,-0.0363841752503,0.)) ;
#9658=DIRECTION('Vector Direction',(0.0126972437818,-0.0372663802958,0.)) ;
#9665=DIRECTION('Vector Direction',(0.0105561893811,-0.0379284848861,0.)) ;
#9672=DIRECTION('Vector Direction',(0.0086341299099,-0.0384116505855,0.)) ;
#9679=DIRECTION('Vector Direction',(0.0069663180056,-0.0387488517695,0.)) ;
#9686=DIRECTION('Vector Direction',(0.00560373884551,-0.0389692341592,0.)) ;
#9693=DIRECTION('Vector Direction',(-0.03888536774,-0.00615883720631,0.)) ;
#9700=DIRECTION('Vector Direction',(-0.0296634819196,0.0258859216643,0.)) ;
#9707=DIRECTION('Vector Direction',(0.00615883720631,-0.03888536774,0.)) ;
#9714=DIRECTION('Vector Direction',(0.0218630592964,0.0327415598011,0.)) ;
#9721=DIRECTION('Vector Direction',(0.0389511401334,0.00572815697395,0.)) ;
#9728=DIRECTION('Vector Direction',(0.00924483266371,-0.038269258799,0.)) ;
#9735=DIRECTION('Vector Direction',(0.0085687598383,-0.0384262859881,0.)) ;
#9742=DIRECTION('Vector Direction',(0.0078588641778,-0.0385777313206,0.)) ;
#9749=DIRECTION('Vector Direction',(0.00720474530717,-0.0387052289112,0.)) ;
#9756=DIRECTION('Vector Direction',(0.00651805358863,-0.0388267701132,0.)) ;
#9763=DIRECTION('Vector Direction',(0.00535229656975,-0.0390045641103,0.)) ;
#9770=DIRECTION('Vector Direction',(0.003601242805,-0.0392050271045,0.)) ;
#9777=DIRECTION('Vector Direction',(0.00170530926112,-0.039333128789,0.)) ;
#9784=DIRECTION('Vector Direction',(-0.00046969398919,-0.0393672768624,0.)) ;
#9791=DIRECTION('Vector Direction',(-0.00287886589355,-0.0392646817276,0.)) ;
#9798=DIRECTION('Vector Direction',(-0.00551303454514,-0.0389821696434,0.)) ;
#9805=DIRECTION('Vector Direction',(-0.00838364029423,-0.0384670986094,0.)) ;
#9812=DIRECTION('Vector Direction',(-0.0115250656543,-0.0376453976161,0.)) ;
#9819=DIRECTION('Vector Direction',(-0.0148031435297,-0.0364810915632,0.)) ;
#9826=DIRECTION('Vector Direction',(-0.0182387712029,-0.034890547789,0.)) ;
#9833=DIRECTION('Vector Direction',(-0.0215890897527,-0.0329228538201,0.)) ;
#9840=DIRECTION('Vector Direction',(-0.0245561403652,-0.0307733500024,0.)) ;
#9847=DIRECTION('Vector Direction',(-0.0270321083744,-0.0286228617863,0.)) ;
#9854=DIRECTION('Vector Direction',(-0.029156709913,-0.0264554222619,0.)) ;
#9861=DIRECTION('Vector Direction',(-0.0308646397608,-0.0244412993199,0.)) ;
#9868=DIRECTION('Vector Direction',(-0.0322947690561,-0.0225177927785,0.)) ;
#9875=DIRECTION('Vector Direction',(-0.033469714996,-0.0207311668291,0.)) ;
#9882=DIRECTION('Vector Direction',(-0.034441673586,-0.0190728660826,0.)) ;
#9889=DIRECTION('Vector Direction',(-0.0352201561043,-0.0175938541541,0.)) ;
#9896=DIRECTION('Vector Direction',(-0.0358800834186,-0.0162056383361,0.)) ;
#9903=DIRECTION('Vector Direction',(-0.0231558746009,-0.0318403607309,0.)) ;
#9910=DIRECTION('Vector Direction',(0.0389077925815,-0.00601554456743,0.)) ;
#9917=DIRECTION('Vector Direction',(0.038816705554,-0.00657772528604,0.)) ;
#9924=DIRECTION('Vector Direction',(0.0387026451573,-0.00721861190521,0.)) ;
#9931=DIRECTION('Vector Direction',(0.0385755468136,-0.00786957991503,0.)) ;
#9938=DIRECTION('Vector Direction',(0.0384282648929,-0.00855988068429,0.)) ;
#9945=DIRECTION('Vector Direction',(0.0382577259431,-0.00929244347146,0.)) ;
#9952=DIRECTION('Vector Direction',(0.0380569233325,-0.0100833370701,0.)) ;
#9959=DIRECTION('Vector Direction',(0.037819345073,-0.0109407604058,0.)) ;
#9966=DIRECTION('Vector Direction',(0.0375535761136,-0.011820829966,0.)) ;
#9973=DIRECTION('Vector Direction',(0.0372517732602,-0.0127400348892,0.)) ;
#9980=DIRECTION('Vector Direction',(0.0369038966783,-0.0137151562136,0.)) ;
#9987=DIRECTION('Vector Direction',(0.0372793345302,-0.0126591594109,0.)) ;
#10120=DIRECTION('Axis2P3D Direction',(-0.0388325356666,-0.00648361578995,-0.)) ;
#10121=DIRECTION('Axis2P3D XDirection',(-0.00648361578995,0.0388325356666,0.)) ;
#10125=DIRECTION('Vector Direction',(0.,0.,-0.0393700787402)) ;
#10130=DIRECTION('Vector Direction',(0.,0.,-0.0393700787402)) ;
#10149=DIRECTION('Axis2P3D Direction',(0.0233443991128,-0.0317023994371,0.)) ;
#10150=DIRECTION('Axis2P3D XDirection',(-0.0317023994371,-0.0233443991128,-0.)) ;
#10154=DIRECTION('Vector Direction',(0.,0.,-0.0393700787402)) ;
#10173=DIRECTION('Axis2P3D Direction',(0.0228719558801,-0.0320449174476,0.)) ;
#10174=DIRECTION('Axis2P3D XDirection',(-0.0320449174476,-0.0228719558801,-0.)) ;
#10178=DIRECTION('Vector Direction',(0.,0.,-0.0393700787402)) ;
#10197=DIRECTION('Axis2P3D Direction',(0.0223850623267,-0.032386912243,0.)) ;
#10198=DIRECTION('Axis2P3D XDirection',(-0.032386912243,-0.0223850623267,-0.)) ;
#10202=DIRECTION('Vector Direction',(0.,0.,-0.0393700787402)) ;
#10221=DIRECTION('Axis2P3D Direction',(0.0218538660107,-0.0327476967189,0.)) ;
#10222=DIRECTION('Axis2P3D XDirection',(-0.0327476967189,-0.0218538660107,-0.)) ;
#10226=DIRECTION('Vector Direction',(0.,0.,-0.0393700787402)) ;
#10245=DIRECTION('Axis2P3D Direction',(0.0212915258604,-0.033116069008,0.)) ;
#10246=DIRECTION('Axis2P3D XDirection',(-0.033116069008,-0.0212915258604,-0.)) ;
#10250=DIRECTION('Vector Direction',(0.,0.,-0.0393700787402)) ;
#10269=DIRECTION('Axis2P3D Direction',(0.0206839981678,-0.0334988853516,0.)) ;
#10270=DIRECTION('Axis2P3D XDirection',(-0.0334988853516,-0.0206839981678,-0.)) ;
#10274=DIRECTION('Vector Direction',(0.,0.,-0.0393700787402)) ;
#10293=DIRECTION('Axis2P3D Direction',(0.0200331539447,-0.033892120663,0.)) ;
#10294=DIRECTION('Axis2P3D XDirection',(-0.033892120663,-0.0200331539447,-0.)) ;
#10298=DIRECTION('Vector Direction',(0.,0.,-0.0393700787402)) ;
#10317=DIRECTION('Axis2P3D Direction',(0.0193493536319,-0.0342871056526,0.)) ;
#10318=DIRECTION('Axis2P3D XDirection',(-0.0342871056526,-0.0193493536319,-0.)) ;
#10322=DIRECTION('Vector Direction',(0.,0.,-0.0393700787402)) ;
#10341=DIRECTION('Axis2P3D Direction',(0.0185858057625,-0.0347069290512,0.)) ;
#10342=DIRECTION('Axis2P3D XDirection',(-0.0347069290512,-0.0185858057625,-0.)) ;
#10346=DIRECTION('Vector Direction',(0.,0.,-0.0393700787402)) ;
#10365=DIRECTION('Axis2P3D Direction',(0.0282561263652,-0.0274152224656,0.)) ;
#10366=DIRECTION('Axis2P3D XDirection',(-0.0274152224656,-0.0282561263652,-0.)) ;
#10370=DIRECTION('Vector Direction',(0.,0.,-0.0393700787402)) ;
#10389=DIRECTION('Axis2P3D Direction',(-0.00341732083644,0.0392214866917,0.)) ;
#10390=DIRECTION('Axis2P3D XDirection',(0.0392214866917,0.00341732083644,0.)) ;
#10394=DIRECTION('Vector Direction',(0.,0.,-0.0393700787402)) ;
#10413=DIRECTION('Axis2P3D Direction',(-0.00149421392363,0.0393417135463,0.)) ;
#10414=DIRECTION('Axis2P3D XDirection',(0.0393417135463,0.00149421392363,0.)) ;
#10418=DIRECTION('Vector Direction',(0.,0.,-0.0393700787402)) ;
#10437=DIRECTION('Axis2P3D Direction',(0.000644485444763,0.0393648032958,0.)) ;
#10438=DIRECTION('Axis2P3D XDirection',(0.0393648032958,-0.000644485444763,0.)) ;
#10442=DIRECTION('Vector Direction',(0.,0.,-0.0393700787402)) ;
#10461=DIRECTION('Axis2P3D Direction',(0.00306328781724,0.0392507244233,0.)) ;
#10462=DIRECTION('Axis2P3D XDirection',(0.0392507244233,-0.00306328781724,0.)) ;
#10466=DIRECTION('Vector Direction',(0.,0.,-0.0393700787402)) ;
#10485=DIRECTION('Axis2P3D Direction',(0.0057666475113,0.0389454602808,0.)) ;
#10486=DIRECTION('Axis2P3D XDirection',(0.0389454602808,-0.0057666475113,0.)) ;
#10490=DIRECTION('Vector Direction',(0.,0.,-0.0393700787402)) ;
#10509=DIRECTION('Axis2P3D Direction',(0.00872872048639,0.038390266197,0.)) ;
#10510=DIRECTION('Axis2P3D XDirection',(0.038390266197,-0.00872872048639,0.)) ;
#10514=DIRECTION('Vector Direction',(0.,0.,-0.0393700787402)) ;
#10533=DIRECTION('Axis2P3D Direction',(0.0119348133975,0.0375175069691,0.)) ;
#10534=DIRECTION('Axis2P3D XDirection',(0.0375175069691,-0.0119348133975,0.)) ;
#10538=DIRECTION('Vector Direction',(0.,0.,-0.0393700787402)) ;
#10557=DIRECTION('Axis2P3D Direction',(0.0154312714766,0.0362198696936,0.)) ;
#10558=DIRECTION('Axis2P3D XDirection',(0.0362198696936,-0.0154312714766,0.)) ;
#10562=DIRECTION('Vector Direction',(0.,0.,-0.0393700787402)) ;
#10581=DIRECTION('Axis2P3D Direction',(0.0190379072317,0.0344610096811,0.)) ;
#10582=DIRECTION('Axis2P3D XDirection',(0.0344610096811,-0.0190379072317,0.)) ;
#10586=DIRECTION('Vector Direction',(0.,0.,-0.0393700787402)) ;
#10605=DIRECTION('Axis2P3D Direction',(0.0226391379568,0.0322098204369,0.)) ;
#10606=DIRECTION('Axis2P3D XDirection',(0.0322098204369,-0.0226391379568,0.)) ;
#10610=DIRECTION('Vector Direction',(0.,0.,-0.0393700787402)) ;
#10629=DIRECTION('Axis2P3D Direction',(0.0261169432118,0.0294602847454,0.)) ;
#10630=DIRECTION('Axis2P3D XDirection',(0.0294602847454,-0.0261169432118,0.)) ;
#10634=DIRECTION('Vector Direction',(0.,0.,-0.0393700787402)) ;
#10653=DIRECTION('Axis2P3D Direction',(0.0291084698532,0.0265084907683,0.)) ;
#10654=DIRECTION('Axis2P3D XDirection',(0.0265084907683,-0.0291084698532,0.)) ;
#10658=DIRECTION('Vector Direction',(0.,0.,-0.0393700787402)) ;
#10677=DIRECTION('Axis2P3D Direction',(0.0315670390651,0.0235271150944,0.)) ;
#10678=DIRECTION('Axis2P3D XDirection',(0.0235271150944,-0.0315670390651,0.)) ;
#10682=DIRECTION('Vector Direction',(0.,0.,-0.0393700787402)) ;
#10701=DIRECTION('Axis2P3D Direction',(0.0335513623341,0.0205987666021,0.)) ;
#10702=DIRECTION('Axis2P3D XDirection',(0.0205987666021,-0.0335513623341,0.)) ;
#10706=DIRECTION('Vector Direction',(0.,0.,-0.0393700787402)) ;
#10725=DIRECTION('Axis2P3D Direction',(0.0351018232331,0.0178287718511,0.)) ;
#10726=DIRECTION('Axis2P3D XDirection',(0.0178287718511,-0.0351018232331,0.)) ;
#10730=DIRECTION('Vector Direction',(0.,0.,-0.0393700787402)) ;
#10749=DIRECTION('Axis2P3D Direction',(0.0363160391514,0.0152035653832,0.)) ;
#10750=DIRECTION('Axis2P3D XDirection',(0.0152035653832,-0.0363160391514,0.)) ;
#10754=DIRECTION('Vector Direction',(0.,0.,-0.0393700787402)) ;
#10773=DIRECTION('Axis2P3D Direction',(0.0372179808586,0.0128384189375,0.)) ;
#10774=DIRECTION('Axis2P3D XDirection',(0.0128384189375,-0.0372179808586,0.)) ;
#10778=DIRECTION('Vector Direction',(0.,0.,-0.0393700787402)) ;
#10797=DIRECTION('Axis2P3D Direction',(0.0378878024006,0.0107012863365,0.)) ;
#10798=DIRECTION('Axis2P3D XDirection',(0.0107012863365,-0.0378878024006,0.)) ;
#10802=DIRECTION('Vector Direction',(0.,0.,-0.0393700787402)) ;
#10821=DIRECTION('Axis2P3D Direction',(0.0383929593023,0.00871686732826,0.)) ;
#10822=DIRECTION('Axis2P3D XDirection',(0.00871686732826,-0.0383929593023,0.)) ;
#10826=DIRECTION('Vector Direction',(0.,0.,-0.0393700787402)) ;
#10845=DIRECTION('Axis2P3D Direction',(0.0387473658956,0.0069745778478,0.)) ;
#10846=DIRECTION('Axis2P3D XDirection',(0.0069745778478,-0.0387473658956,0.)) ;
#10850=DIRECTION('Vector Direction',(0.,0.,-0.0393700787402)) ;
#10869=DIRECTION('Axis2P3D Direction',(0.0389603134646,0.00566542802846,0.)) ;
#10870=DIRECTION('Axis2P3D XDirection',(0.00566542802846,-0.0389603134646,-0.)) ;
#10874=DIRECTION('Vector Direction',(0.,0.,-0.0393700787402)) ;
#10893=DIRECTION('Axis2P3D Direction',(0.0390909852859,0.00467952661927,0.)) ;
#10894=DIRECTION('Axis2P3D XDirection',(0.00467952661927,-0.0390909852859,-0.)) ;
#10898=DIRECTION('Vector Direction',(0.,0.,-0.0393700787402)) ;
#10917=DIRECTION('Axis2P3D Direction',(0.0391926581327,0.00373344994608,0.)) ;
#10918=DIRECTION('Axis2P3D XDirection',(0.00373344994608,-0.0391926581327,-0.)) ;
#10922=DIRECTION('Vector Direction',(0.,0.,-0.0393700787402)) ;
#10941=DIRECTION('Axis2P3D Direction',(0.0392665185981,0.00285370236537,0.)) ;
#10942=DIRECTION('Axis2P3D XDirection',(0.00285370236537,-0.0392665185981,-0.)) ;
#10946=DIRECTION('Vector Direction',(0.,0.,-0.0393700787402)) ;
#10965=DIRECTION('Axis2P3D Direction',(0.0393201972629,0.00198120852271,0.)) ;
#10966=DIRECTION('Axis2P3D XDirection',(0.00198120852271,-0.0393201972629,-0.)) ;
#10970=DIRECTION('Vector Direction',(0.,0.,-0.0393700787402)) ;
#10989=DIRECTION('Axis2P3D Direction',(-0.00250681251424,-0.039290189501,-0.)) ;
#10990=DIRECTION('Axis2P3D XDirection',(-0.039290189501,0.00250681251424,0.)) ;
#10994=DIRECTION('Vector Direction',(0.,0.,-0.0393700787402)) ;
#11013=DIRECTION('Axis2P3D Direction',(-0.0389824738084,-0.00551088339385,-0.)) ;
#11014=DIRECTION('Axis2P3D XDirection',(-0.00551088339385,0.0389824738084,0.)) ;
#11018=DIRECTION('Vector Direction',(0.,0.,-0.0393700787402)) ;
#11037=DIRECTION('Axis2P3D Direction',(-0.0387498310826,-0.00696086855766,-0.)) ;
#11038=DIRECTION('Axis2P3D XDirection',(-0.00696086855766,0.0387498310826,0.)) ;
#11042=DIRECTION('Vector Direction',(0.,0.,-0.0393700787402)) ;
#11061=DIRECTION('Axis2P3D Direction',(-0.038397250143,-0.00869794696806,-0.)) ;
#11062=DIRECTION('Axis2P3D XDirection',(-0.00869794696806,0.038397250143,0.)) ;
#11066=DIRECTION('Vector Direction',(0.,0.,-0.0393700787402)) ;
#11085=DIRECTION('Axis2P3D Direction',(-0.0378994202475,-0.0106600677723,-0.)) ;
#11086=DIRECTION('Axis2P3D XDirection',(-0.0106600677723,0.0378994202475,0.)) ;
#11090=DIRECTION('Vector Direction',(0.,0.,-0.0393700787402)) ;
#11109=DIRECTION('Axis2P3D Direction',(-0.0372305597423,-0.0128018952223,-0.)) ;
#11110=DIRECTION('Axis2P3D XDirection',(-0.0128018952223,0.0372305597423,0.)) ;
#11114=DIRECTION('Vector Direction',(0.,0.,-0.0393700787402)) ;
#11133=DIRECTION('Axis2P3D Direction',(-0.0363188364633,-0.0151968818499,-0.)) ;
#11134=DIRECTION('Axis2P3D XDirection',(-0.0151968818499,0.0363188364633,0.)) ;
#11138=DIRECTION('Vector Direction',(0.,0.,-0.0393700787402)) ;
#11157=DIRECTION('Axis2P3D Direction',(-0.0351190563096,-0.0177948021605,-0.)) ;
#11158=DIRECTION('Axis2P3D XDirection',(-0.0177948021605,0.0351190563096,0.)) ;
#11162=DIRECTION('Vector Direction',(0.,0.,-0.0393700787402)) ;
#11181=DIRECTION('Axis2P3D Direction',(-0.0335578260415,-0.0205882347805,-0.)) ;
#11182=DIRECTION('Axis2P3D XDirection',(-0.0205882347805,0.0335578260415,0.)) ;
#11186=DIRECTION('Vector Direction',(0.,0.,-0.0393700787402)) ;
#11205=DIRECTION('Axis2P3D Direction',(-0.0315501168134,-0.023549803164,-0.)) ;
#11206=DIRECTION('Axis2P3D XDirection',(-0.023549803164,0.0315501168134,0.)) ;
#11210=DIRECTION('Vector Direction',(0.,0.,-0.0393700787402)) ;
#11229=DIRECTION('Axis2P3D Direction',(-0.0290611124218,-0.026560399937,-0.)) ;
#11230=DIRECTION('Axis2P3D XDirection',(-0.026560399937,0.0290611124218,0.)) ;
#11234=DIRECTION('Vector Direction',(0.,0.,-0.0393700787402)) ;
#11253=DIRECTION('Axis2P3D Direction',(-0.0242885619504,-0.0309849779472,-0.)) ;
#11254=DIRECTION('Axis2P3D XDirection',(-0.0309849779472,0.0242885619504,0.)) ;
#11258=DIRECTION('Vector Direction',(0.,0.,-0.0393700787402)) ;
#11277=DIRECTION('Axis2P3D Direction',(-0.0188680401083,-0.0345543074374,-0.)) ;
#11278=DIRECTION('Axis2P3D XDirection',(-0.0345543074374,0.0188680401083,0.)) ;
#11282=DIRECTION('Vector Direction',(0.,0.,-0.0393700787402)) ;
#11301=DIRECTION('Axis2P3D Direction',(-0.0153865201783,-0.0362389030851,-0.)) ;
#11302=DIRECTION('Axis2P3D XDirection',(-0.0362389030851,0.0153865201783,0.)) ;
#11306=DIRECTION('Vector Direction',(0.,0.,-0.0393700787402)) ;
#11325=DIRECTION('Axis2P3D Direction',(-0.0121594577856,-0.0374453025941,-0.)) ;
#11326=DIRECTION('Axis2P3D XDirection',(-0.0374453025941,0.0121594577856,0.)) ;
#11330=DIRECTION('Vector Direction',(0.,0.,-0.0393700787402)) ;
#11349=DIRECTION('Axis2P3D Direction',(-0.00914491566435,-0.0382932581207,-0.)) ;
#11350=DIRECTION('Axis2P3D XDirection',(-0.0382932581207,0.00914491566435,0.)) ;
#11354=DIRECTION('Vector Direction',(0.,0.,-0.0393700787402)) ;
#11373=DIRECTION('Axis2P3D Direction',(-0.00642535112239,-0.0388422188213,-0.)) ;
#11374=DIRECTION('Axis2P3D XDirection',(-0.0388422188213,0.00642535112239,0.)) ;
#11378=DIRECTION('Vector Direction',(0.,0.,-0.0393700787402)) ;
#11397=DIRECTION('Axis2P3D Direction',(-0.00402989851338,-0.0391632866085,-0.)) ;
#11398=DIRECTION('Axis2P3D XDirection',(-0.0391632866085,0.00402989851338,0.)) ;
#11402=DIRECTION('Vector Direction',(0.,0.,-0.0393700787402)) ;
#11421=DIRECTION('Axis2P3D Direction',(-0.00189816294138,-0.0393242937312,-0.)) ;
#11422=DIRECTION('Axis2P3D XDirection',(-0.0393242937312,0.00189816294138,0.)) ;
#11426=DIRECTION('Vector Direction',(0.,0.,-0.0393700787402)) ;
#11445=DIRECTION('Axis2P3D Direction',(4.91253680146E-005,-0.0393700480912,0.)) ;
#11446=DIRECTION('Axis2P3D XDirection',(-0.0393700480912,-4.91253680146E-005,0.)) ;
#11450=DIRECTION('Vector Direction',(0.,0.,-0.0393700787402)) ;
#11469=DIRECTION('Axis2P3D Direction',(0.00170302697183,-0.0393332276725,0.)) ;
#11470=DIRECTION('Axis2P3D XDirection',(-0.0393332276725,-0.00170302697183,0.)) ;
#11474=DIRECTION('Vector Direction',(0.,0.,-0.0393700787402)) ;
#11493=DIRECTION('Axis2P3D Direction',(0.03888536774,0.00615883720631,0.)) ;
#11494=DIRECTION('Axis2P3D XDirection',(0.00615883720631,-0.03888536774,0.)) ;
#11498=DIRECTION('Vector Direction',(0.,0.,-0.0393700787402)) ;
#11517=DIRECTION('Axis2P3D Direction',(-0.00230539832918,0.039302522038,0.)) ;
#11518=DIRECTION('Axis2P3D XDirection',(0.039302522038,0.00230539832918,0.)) ;
#11522=DIRECTION('Vector Direction',(0.,0.,-0.0393700787402)) ;
#11541=DIRECTION('Axis2P3D Direction',(-0.000573004641025,0.0393659086735,0.)) ;
#11542=DIRECTION('Axis2P3D XDirection',(0.0393659086735,0.000573004641025,0.)) ;
#11546=DIRECTION('Vector Direction',(0.,0.,-0.0393700787402)) ;
#11565=DIRECTION('Axis2P3D Direction',(0.00138064328697,0.039345862859,0.)) ;
#11566=DIRECTION('Axis2P3D XDirection',(0.039345862859,-0.00138064328697,0.)) ;
#11570=DIRECTION('Vector Direction',(0.,0.,-0.0393700787402)) ;
#11589=DIRECTION('Axis2P3D Direction',(0.00361504609943,0.0392037567295,0.)) ;
#11590=DIRECTION('Axis2P3D XDirection',(0.0392037567295,-0.00361504609943,0.)) ;
#11594=DIRECTION('Vector Direction',(0.,0.,-0.0393700787402)) ;
#11613=DIRECTION('Axis2P3D Direction',(0.00608285825349,0.0388973255568,0.)) ;
#11614=DIRECTION('Axis2P3D XDirection',(0.0388973255568,-0.00608285825349,0.)) ;
#11618=DIRECTION('Vector Direction',(0.,0.,-0.0393700787402)) ;
#11637=DIRECTION('Axis2P3D Direction',(0.0103391231025,0.0379882301967,0.)) ;
#11638=DIRECTION('Axis2P3D XDirection',(0.0379882301967,-0.0103391231025,0.)) ;
#11642=DIRECTION('Vector Direction',(0.,0.,-0.0393700787402)) ;
#11661=DIRECTION('Axis2P3D Direction',(0.0170010223354,0.0355101160173,0.)) ;
#11662=DIRECTION('Axis2P3D XDirection',(0.0355101160173,-0.0170010223354,0.)) ;
#11666=DIRECTION('Vector Direction',(0.,0.,-0.0393700787402)) ;
#11685=DIRECTION('Axis2P3D Direction',(0.024279884133,0.0309917783693,0.)) ;
#11686=DIRECTION('Axis2P3D XDirection',(0.0309917783693,-0.024279884133,0.)) ;
#11690=DIRECTION('Vector Direction',(0.,0.,-0.0393700787402)) ;
#11709=DIRECTION('Axis2P3D Direction',(0.0304521419489,0.0249533595079,0.)) ;
#11710=DIRECTION('Axis2P3D XDirection',(0.0249533595079,-0.0304521419489,0.)) ;
#11714=DIRECTION('Vector Direction',(0.,0.,-0.0393700787402)) ;
#11733=DIRECTION('Axis2P3D Direction',(0.0336625847172,0.0204165004387,0.)) ;
#11734=DIRECTION('Axis2P3D XDirection',(0.0204165004387,-0.0336625847172,0.)) ;
#11738=DIRECTION('Vector Direction',(0.,0.,-0.0393700787402)) ;
#11757=DIRECTION('Axis2P3D Direction',(0.0352133395204,0.0176074932864,0.)) ;
#11758=DIRECTION('Axis2P3D XDirection',(0.0176074932864,-0.0352133395204,0.)) ;
#11762=DIRECTION('Vector Direction',(0.,0.,-0.0393700787402)) ;
#11781=DIRECTION('Axis2P3D Direction',(0.0363841752504,0.0150397769717,0.)) ;
#11782=DIRECTION('Axis2P3D XDirection',(0.0150397769717,-0.0363841752504,0.)) ;
#11786=DIRECTION('Vector Direction',(0.,0.,-0.0393700787402)) ;
#11805=DIRECTION('Axis2P3D Direction',(0.0372663802958,0.0126972437818,0.)) ;
#11806=DIRECTION('Axis2P3D XDirection',(0.0126972437818,-0.0372663802958,0.)) ;
#11810=DIRECTION('Vector Direction',(0.,0.,-0.0393700787402)) ;
#11829=DIRECTION('Axis2P3D Direction',(0.0379284848861,0.0105561893811,0.)) ;
#11830=DIRECTION('Axis2P3D XDirection',(0.0105561893811,-0.0379284848861,0.)) ;
#11834=DIRECTION('Vector Direction',(0.,0.,-0.0393700787402)) ;
#11853=DIRECTION('Axis2P3D Direction',(0.0384116505855,0.0086341299099,0.)) ;
#11854=DIRECTION('Axis2P3D XDirection',(0.0086341299099,-0.0384116505855,0.)) ;
#11858=DIRECTION('Vector Direction',(0.,0.,-0.0393700787402)) ;
#11877=DIRECTION('Axis2P3D Direction',(0.0387488517695,0.00696631800556,0.)) ;
#11878=DIRECTION('Axis2P3D XDirection',(0.00696631800556,-0.0387488517695,0.)) ;
#11882=DIRECTION('Vector Direction',(0.,0.,-0.0393700787402)) ;
#11901=DIRECTION('Axis2P3D Direction',(0.0389692341592,0.00560373884549,0.)) ;
#11902=DIRECTION('Axis2P3D XDirection',(0.00560373884549,-0.0389692341592,-0.)) ;
#11906=DIRECTION('Vector Direction',(0.,0.,-0.0393700787402)) ;
#11925=DIRECTION('Axis2P3D Direction',(0.00615883720631,-0.03888536774,0.)) ;
#11926=DIRECTION('Axis2P3D XDirection',(-0.03888536774,-0.00615883720631,-0.)) ;
#11930=DIRECTION('Vector Direction',(0.,0.,-0.0393700787402)) ;
#11949=DIRECTION('Axis2P3D Direction',(-0.0258859216643,-0.0296634819196,-0.)) ;
#11950=DIRECTION('Axis2P3D XDirection',(-0.0296634819196,0.0258859216643,0.)) ;
#11954=DIRECTION('Vector Direction',(0.,0.,-0.0393700787402)) ;
#11973=DIRECTION('Axis2P3D Direction',(0.03888536774,0.00615883720631,0.)) ;
#11974=DIRECTION('Axis2P3D XDirection',(0.00615883720631,-0.03888536774,-0.)) ;
#11978=DIRECTION('Vector Direction',(0.,0.,-0.0393700787402)) ;
#11997=DIRECTION('Axis2P3D Direction',(-0.0327415598011,0.0218630592964,0.)) ;
#11998=DIRECTION('Axis2P3D XDirection',(0.0218630592964,0.0327415598011,0.)) ;
#12002=DIRECTION('Vector Direction',(0.,0.,-0.0393700787402)) ;
#12021=DIRECTION('Axis2P3D Direction',(-0.00572815697395,0.0389511401334,0.)) ;
#12022=DIRECTION('Axis2P3D XDirection',(0.0389511401334,0.00572815697395,0.)) ;
#12026=DIRECTION('Vector Direction',(0.,0.,-0.0393700787402)) ;
#12045=DIRECTION('Axis2P3D Direction',(0.038269258799,0.00924483266374,0.)) ;
#12046=DIRECTION('Axis2P3D XDirection',(0.00924483266374,-0.038269258799,0.)) ;
#12050=DIRECTION('Vector Direction',(0.,0.,-0.0393700787402)) ;
#12069=DIRECTION('Axis2P3D Direction',(0.0384262859881,0.00856875983833,0.)) ;
#12070=DIRECTION('Axis2P3D XDirection',(0.00856875983833,-0.0384262859881,0.)) ;
#12074=DIRECTION('Vector Direction',(0.,0.,-0.0393700787402)) ;
#12093=DIRECTION('Axis2P3D Direction',(0.0385777313206,0.00785886417779,0.)) ;
#12094=DIRECTION('Axis2P3D XDirection',(0.00785886417779,-0.0385777313206,0.)) ;
#12098=DIRECTION('Vector Direction',(0.,0.,-0.0393700787402)) ;
#12117=DIRECTION('Axis2P3D Direction',(0.0387052289112,0.00720474530709,0.)) ;
#12118=DIRECTION('Axis2P3D XDirection',(0.00720474530709,-0.0387052289112,0.)) ;
#12122=DIRECTION('Vector Direction',(0.,0.,-0.0393700787402)) ;
#12141=DIRECTION('Axis2P3D Direction',(0.0388267701132,0.00651805358869,0.)) ;
#12142=DIRECTION('Axis2P3D XDirection',(0.00651805358869,-0.0388267701132,0.)) ;
#12146=DIRECTION('Vector Direction',(0.,0.,-0.0393700787402)) ;
#12165=DIRECTION('Axis2P3D Direction',(0.0390045641103,0.00535229656976,0.)) ;
#12166=DIRECTION('Axis2P3D XDirection',(0.00535229656976,-0.0390045641103,-0.)) ;
#12170=DIRECTION('Vector Direction',(0.,0.,-0.0393700787402)) ;
#12189=DIRECTION('Axis2P3D Direction',(0.0392050271045,0.003601242805,0.)) ;
#12190=DIRECTION('Axis2P3D XDirection',(0.003601242805,-0.0392050271045,-0.)) ;
#12194=DIRECTION('Vector Direction',(0.,0.,-0.0393700787402)) ;
#12213=DIRECTION('Axis2P3D Direction',(0.039333128789,0.00170530926106,0.)) ;
#12214=DIRECTION('Axis2P3D XDirection',(0.00170530926106,-0.039333128789,-0.)) ;
#12218=DIRECTION('Vector Direction',(0.,0.,-0.0393700787402)) ;
#12237=DIRECTION('Axis2P3D Direction',(0.0393672768624,-0.000469693989124,0.)) ;
#12238=DIRECTION('Axis2P3D XDirection',(-0.000469693989124,-0.0393672768624,-0.)) ;
#12242=DIRECTION('Vector Direction',(0.,0.,-0.0393700787402)) ;
#12261=DIRECTION('Axis2P3D Direction',(0.0392646817276,-0.00287886589358,0.)) ;
#12262=DIRECTION('Axis2P3D XDirection',(-0.00287886589358,-0.0392646817276,-0.)) ;
#12266=DIRECTION('Vector Direction',(0.,0.,-0.0393700787402)) ;
#12285=DIRECTION('Axis2P3D Direction',(0.0389821696434,-0.00551303454512,0.)) ;
#12286=DIRECTION('Axis2P3D XDirection',(-0.00551303454512,-0.0389821696434,-0.)) ;
#12290=DIRECTION('Vector Direction',(0.,0.,-0.0393700787402)) ;
#12309=DIRECTION('Axis2P3D Direction',(0.0384670986094,-0.00838364029425,0.)) ;
#12310=DIRECTION('Axis2P3D XDirection',(-0.00838364029425,-0.0384670986094,-0.)) ;
#12314=DIRECTION('Vector Direction',(0.,0.,-0.0393700787402)) ;
#12333=DIRECTION('Axis2P3D Direction',(0.037645397616,-0.0115250656543,0.)) ;
#12334=DIRECTION('Axis2P3D XDirection',(-0.0115250656543,-0.037645397616,-0.)) ;
#12338=DIRECTION('Vector Direction',(0.,0.,-0.0393700787402)) ;
#12357=DIRECTION('Axis2P3D Direction',(0.0364810915633,-0.0148031435296,0.)) ;
#12358=DIRECTION('Axis2P3D XDirection',(-0.0148031435296,-0.0364810915633,-0.)) ;
#12362=DIRECTION('Vector Direction',(0.,0.,-0.0393700787402)) ;
#12381=DIRECTION('Axis2P3D Direction',(0.034890547789,-0.0182387712029,0.)) ;
#12382=DIRECTION('Axis2P3D XDirection',(-0.0182387712029,-0.034890547789,-0.)) ;
#12386=DIRECTION('Vector Direction',(0.,0.,-0.0393700787402)) ;
#12405=DIRECTION('Axis2P3D Direction',(0.0329228538201,-0.0215890897526,0.)) ;
#12406=DIRECTION('Axis2P3D XDirection',(-0.0215890897526,-0.0329228538201,-0.)) ;
#12410=DIRECTION('Vector Direction',(0.,0.,-0.0393700787402)) ;
#12429=DIRECTION('Axis2P3D Direction',(0.0307733500023,-0.0245561403653,0.)) ;
#12430=DIRECTION('Axis2P3D XDirection',(-0.0245561403653,-0.0307733500023,-0.)) ;
#12434=DIRECTION('Vector Direction',(0.,0.,-0.0393700787402)) ;
#12453=DIRECTION('Axis2P3D Direction',(0.0286228617864,-0.0270321083744,0.)) ;
#12454=DIRECTION('Axis2P3D XDirection',(-0.0270321083744,-0.0286228617864,-0.)) ;
#12458=DIRECTION('Vector Direction',(0.,0.,-0.0393700787402)) ;
#12477=DIRECTION('Axis2P3D Direction',(0.0264554222619,-0.029156709913,0.)) ;
#12478=DIRECTION('Axis2P3D XDirection',(-0.029156709913,-0.0264554222619,-0.)) ;
#12482=DIRECTION('Vector Direction',(0.,0.,-0.0393700787402)) ;
#12501=DIRECTION('Axis2P3D Direction',(0.0244412993199,-0.0308646397608,0.)) ;
#12502=DIRECTION('Axis2P3D XDirection',(-0.0308646397608,-0.0244412993199,-0.)) ;
#12506=DIRECTION('Vector Direction',(0.,0.,-0.0393700787402)) ;
#12525=DIRECTION('Axis2P3D Direction',(0.0225177927785,-0.0322947690561,0.)) ;
#12526=DIRECTION('Axis2P3D XDirection',(-0.0322947690561,-0.0225177927785,-0.)) ;
#12530=DIRECTION('Vector Direction',(0.,0.,-0.0393700787402)) ;
#12549=DIRECTION('Axis2P3D Direction',(0.0207311668291,-0.033469714996,0.)) ;
#12550=DIRECTION('Axis2P3D XDirection',(-0.033469714996,-0.0207311668291,-0.)) ;
#12554=DIRECTION('Vector Direction',(0.,0.,-0.0393700787402)) ;
#12573=DIRECTION('Axis2P3D Direction',(0.0190728660826,-0.034441673586,0.)) ;
#12574=DIRECTION('Axis2P3D XDirection',(-0.034441673586,-0.0190728660826,-0.)) ;
#12578=DIRECTION('Vector Direction',(0.,0.,-0.0393700787402)) ;
#12597=DIRECTION('Axis2P3D Direction',(0.0175938541541,-0.0352201561043,0.)) ;
#12598=DIRECTION('Axis2P3D XDirection',(-0.0352201561043,-0.0175938541541,-0.)) ;
#12602=DIRECTION('Vector Direction',(0.,0.,-0.0393700787402)) ;
#12621=DIRECTION('Axis2P3D Direction',(0.0162056383361,-0.0358800834186,0.)) ;
#12622=DIRECTION('Axis2P3D XDirection',(-0.0358800834186,-0.0162056383361,-0.)) ;
#12626=DIRECTION('Vector Direction',(0.,0.,-0.0393700787402)) ;
#12645=DIRECTION('Axis2P3D Direction',(0.0318403607309,-0.0231558746009,0.)) ;
#12646=DIRECTION('Axis2P3D XDirection',(-0.0231558746009,-0.0318403607309,-0.)) ;
#12650=DIRECTION('Vector Direction',(0.,0.,-0.0393700787402)) ;
#12669=DIRECTION('Axis2P3D Direction',(0.00601554456742,0.0389077925815,0.)) ;
#12670=DIRECTION('Axis2P3D XDirection',(0.0389077925815,-0.00601554456742,0.)) ;
#12674=DIRECTION('Vector Direction',(0.,0.,-0.0393700787402)) ;
#12693=DIRECTION('Axis2P3D Direction',(0.00657772528605,0.038816705554,0.)) ;
#12694=DIRECTION('Axis2P3D XDirection',(0.038816705554,-0.00657772528605,0.)) ;
#12698=DIRECTION('Vector Direction',(0.,0.,-0.0393700787402)) ;
#12717=DIRECTION('Axis2P3D Direction',(0.00721861190522,0.0387026451573,0.)) ;
#12718=DIRECTION('Axis2P3D XDirection',(0.0387026451573,-0.00721861190522,0.)) ;
#12722=DIRECTION('Vector Direction',(0.,0.,-0.0393700787402)) ;
#12741=DIRECTION('Axis2P3D Direction',(0.00786957991501,0.0385755468136,0.)) ;
#12742=DIRECTION('Axis2P3D XDirection',(0.0385755468136,-0.00786957991501,0.)) ;
#12746=DIRECTION('Vector Direction',(0.,0.,-0.0393700787402)) ;
#12765=DIRECTION('Axis2P3D Direction',(0.0085598806843,0.0384282648929,0.)) ;
#12766=DIRECTION('Axis2P3D XDirection',(0.0384282648929,-0.0085598806843,0.)) ;
#12770=DIRECTION('Vector Direction',(0.,0.,-0.0393700787402)) ;
#12789=DIRECTION('Axis2P3D Direction',(0.00929244347147,0.0382577259431,0.)) ;
#12790=DIRECTION('Axis2P3D XDirection',(0.0382577259431,-0.00929244347147,0.)) ;
#12794=DIRECTION('Vector Direction',(0.,0.,-0.0393700787402)) ;
#12813=DIRECTION('Axis2P3D Direction',(0.0100833370701,0.0380569233325,0.)) ;
#12814=DIRECTION('Axis2P3D XDirection',(0.0380569233325,-0.0100833370701,0.)) ;
#12818=DIRECTION('Vector Direction',(0.,0.,-0.0393700787402)) ;
#12837=DIRECTION('Axis2P3D Direction',(0.0109407604058,0.037819345073,0.)) ;
#12838=DIRECTION('Axis2P3D XDirection',(0.037819345073,-0.0109407604058,0.)) ;
#12842=DIRECTION('Vector Direction',(0.,0.,-0.0393700787402)) ;
#12861=DIRECTION('Axis2P3D Direction',(0.011820829966,0.0375535761136,0.)) ;
#12862=DIRECTION('Axis2P3D XDirection',(0.0375535761136,-0.011820829966,0.)) ;
#12866=DIRECTION('Vector Direction',(0.,0.,-0.0393700787402)) ;
#12885=DIRECTION('Axis2P3D Direction',(0.0127400348892,0.0372517732602,0.)) ;
#12886=DIRECTION('Axis2P3D XDirection',(0.0372517732602,-0.0127400348892,0.)) ;
#12890=DIRECTION('Vector Direction',(0.,0.,-0.0393700787402)) ;
#12909=DIRECTION('Axis2P3D Direction',(0.0137151562136,0.0369038966783,0.)) ;
#12910=DIRECTION('Axis2P3D XDirection',(0.0369038966783,-0.0137151562136,0.)) ;
#12914=DIRECTION('Vector Direction',(0.,0.,-0.0393700787402)) ;
#12933=DIRECTION('Axis2P3D Direction',(0.0126591594109,0.0372793345302,0.)) ;
#12934=DIRECTION('Axis2P3D XDirection',(0.0372793345302,-0.0126591594109,0.)) ;
#12952=DIRECTION('Vector Direction',(0.0141011552256,0.0367581354439,0.)) ;
#12961=DIRECTION('Vector Direction',(-0.03888536774,-0.00615883720631,0.)) ;
#12968=DIRECTION('Vector Direction',(-0.0141011552257,-0.0367581354438,0.)) ;
#12975=DIRECTION('Vector Direction',(0.03888536774,0.00615883720631,0.)) ;
#12994=DIRECTION('Axis2P3D Direction',(-0.0367581354439,0.0141011552256,0.)) ;
#12995=DIRECTION('Axis2P3D XDirection',(0.0141011552256,0.0367581354439,0.)) ;
#12999=DIRECTION('Vector Direction',(0.,0.,-0.0393700787402)) ;
#13004=DIRECTION('Vector Direction',(0.,0.,-0.0393700787402)) ;
#13023=DIRECTION('Axis2P3D Direction',(0.00615883720631,-0.03888536774,0.)) ;
#13024=DIRECTION('Axis2P3D XDirection',(-0.03888536774,-0.00615883720631,-0.)) ;
#13028=DIRECTION('Vector Direction',(0.,0.,-0.0393700787402)) ;
#13047=DIRECTION('Axis2P3D Direction',(0.0367581354438,-0.0141011552257,0.)) ;
#13048=DIRECTION('Axis2P3D XDirection',(-0.0141011552257,-0.0367581354438,-0.)) ;
#13052=DIRECTION('Vector Direction',(0.,0.,-0.0393700787402)) ;
#13071=DIRECTION('Axis2P3D Direction',(-0.00615883720631,0.03888536774,0.)) ;
#13072=DIRECTION('Axis2P3D XDirection',(0.03888536774,0.00615883720631,0.)) ;
#13090=DIRECTION('Vector Direction',(0.0136240265848,0.0369376366275,0.)) ;
#13099=DIRECTION('Vector Direction',(-0.0342816241701,0.0193590636206,0.)) ;
#13106=DIRECTION('Vector Direction',(-0.0354096836873,0.0172092243047,0.)) ;
#13113=DIRECTION('Vector Direction',(-0.0362482736994,0.0153644314511,0.)) ;
#13120=DIRECTION('Vector Direction',(-0.036880643972,0.0137775614757,0.)) ;
#13127=DIRECTION('Vector Direction',(-0.0373618924472,0.0124133836149,0.)) ;
#13134=DIRECTION('Vector Direction',(-0.037749156998,0.0111805297704,0.)) ;
#13141=DIRECTION('Vector Direction',(-0.0380424585085,0.0101377734554,0.)) ;
#13148=DIRECTION('Vector Direction',(-0.0382772375884,0.00921174156202,0.)) ;
#13155=DIRECTION('Vector Direction',(-0.0384710643693,0.00836542325881,0.)) ;
#13162=DIRECTION('Vector Direction',(-0.0386645189504,0.00742011282528,0.)) ;
#13169=DIRECTION('Vector Direction',(-0.00689908915747,-0.0387608780706,0.)) ;
#13176=DIRECTION('Vector Direction',(0.0385248781522,-0.00811399182658,0.)) ;
#13183=DIRECTION('Vector Direction',(0.038378603343,-0.00877985794019,0.)) ;
#13190=DIRECTION('Vector Direction',(0.0382050106331,-0.00950685345073,0.)) ;
#13197=DIRECTION('Vector Direction',(0.037984851171,-0.0103515303952,0.)) ;
#13204=DIRECTION('Vector Direction',(0.037720003566,-0.0112784941808,0.)) ;
#13211=DIRECTION('Vector Direction',(0.0373964650364,-0.0123088384013,0.)) ;
#13218=DIRECTION('Vector Direction',(0.0369804507706,-0.0135073817157,0.)) ;
#13225=DIRECTION('Vector Direction',(0.0364624541465,-0.0148489911315,0.)) ;
#13232=DIRECTION('Vector Direction',(0.0357958413367,-0.0163908768222,0.)) ;
#13239=DIRECTION('Vector Direction',(0.0349318201677,-0.0181595991085,0.)) ;
#13276=DIRECTION('Axis2P3D Direction',(-0.0369376366275,0.0136240265848,0.)) ;
#13277=DIRECTION('Axis2P3D XDirection',(0.0136240265848,0.0369376366275,0.)) ;
#13281=DIRECTION('Vector Direction',(0.,0.,-0.0393700787402)) ;
#13286=DIRECTION('Vector Direction',(0.,0.,-0.0393700787402)) ;
#13305=DIRECTION('Axis2P3D Direction',(-0.0193590636206,-0.0342816241701,-0.)) ;
#13306=DIRECTION('Axis2P3D XDirection',(-0.0342816241701,0.0193590636206,0.)) ;
#13310=DIRECTION('Vector Direction',(0.,0.,-0.0393700787402)) ;
#13329=DIRECTION('Axis2P3D Direction',(-0.0172092243047,-0.0354096836873,-0.)) ;
#13330=DIRECTION('Axis2P3D XDirection',(-0.0354096836873,0.0172092243047,0.)) ;
#13334=DIRECTION('Vector Direction',(0.,0.,-0.0393700787402)) ;
#13353=DIRECTION('Axis2P3D Direction',(-0.0153644314511,-0.0362482736994,-0.)) ;
#13354=DIRECTION('Axis2P3D XDirection',(-0.0362482736994,0.0153644314511,0.)) ;
#13358=DIRECTION('Vector Direction',(0.,0.,-0.0393700787402)) ;
#13377=DIRECTION('Axis2P3D Direction',(-0.0137775614757,-0.036880643972,-0.)) ;
#13378=DIRECTION('Axis2P3D XDirection',(-0.036880643972,0.0137775614757,0.)) ;
#13382=DIRECTION('Vector Direction',(0.,0.,-0.0393700787402)) ;
#13401=DIRECTION('Axis2P3D Direction',(-0.0124133836149,-0.0373618924472,-0.)) ;
#13402=DIRECTION('Axis2P3D XDirection',(-0.0373618924472,0.0124133836149,0.)) ;
#13406=DIRECTION('Vector Direction',(0.,0.,-0.0393700787402)) ;
#13425=DIRECTION('Axis2P3D Direction',(-0.0111805297704,-0.037749156998,-0.)) ;
#13426=DIRECTION('Axis2P3D XDirection',(-0.037749156998,0.0111805297704,0.)) ;
#13430=DIRECTION('Vector Direction',(0.,0.,-0.0393700787402)) ;
#13449=DIRECTION('Axis2P3D Direction',(-0.0101377734554,-0.0380424585085,-0.)) ;
#13450=DIRECTION('Axis2P3D XDirection',(-0.0380424585085,0.0101377734554,0.)) ;
#13454=DIRECTION('Vector Direction',(0.,0.,-0.0393700787402)) ;
#13473=DIRECTION('Axis2P3D Direction',(-0.00921174156202,-0.0382772375884,-0.)) ;
#13474=DIRECTION('Axis2P3D XDirection',(-0.0382772375884,0.00921174156202,0.)) ;
#13478=DIRECTION('Vector Direction',(0.,0.,-0.0393700787402)) ;
#13497=DIRECTION('Axis2P3D Direction',(-0.0083654232588,-0.0384710643693,-0.)) ;
#13498=DIRECTION('Axis2P3D XDirection',(-0.0384710643693,0.0083654232588,0.)) ;
#13502=DIRECTION('Vector Direction',(0.,0.,-0.0393700787402)) ;
#13521=DIRECTION('Axis2P3D Direction',(-0.00742011282527,-0.0386645189504,-0.)) ;
#13522=DIRECTION('Axis2P3D XDirection',(-0.0386645189504,0.00742011282527,0.)) ;
#13526=DIRECTION('Vector Direction',(0.,0.,-0.0393700787402)) ;
#13545=DIRECTION('Axis2P3D Direction',(0.0387608780706,-0.00689908915745,0.)) ;
#13546=DIRECTION('Axis2P3D XDirection',(-0.00689908915745,-0.0387608780706,-0.)) ;
#13550=DIRECTION('Vector Direction',(0.,0.,-0.0393700787402)) ;
#13569=DIRECTION('Axis2P3D Direction',(0.00811399182658,0.0385248781522,0.)) ;
#13570=DIRECTION('Axis2P3D XDirection',(0.0385248781522,-0.00811399182658,0.)) ;
#13574=DIRECTION('Vector Direction',(0.,0.,-0.0393700787402)) ;
#13593=DIRECTION('Axis2P3D Direction',(0.0087798579402,0.038378603343,0.)) ;
#13594=DIRECTION('Axis2P3D XDirection',(0.038378603343,-0.0087798579402,0.)) ;
#13598=DIRECTION('Vector Direction',(0.,0.,-0.0393700787402)) ;
#13617=DIRECTION('Axis2P3D Direction',(0.00950685345072,0.0382050106331,0.)) ;
#13618=DIRECTION('Axis2P3D XDirection',(0.0382050106331,-0.00950685345072,0.)) ;
#13622=DIRECTION('Vector Direction',(0.,0.,-0.0393700787402)) ;
#13641=DIRECTION('Axis2P3D Direction',(0.0103515303952,0.037984851171,0.)) ;
#13642=DIRECTION('Axis2P3D XDirection',(0.037984851171,-0.0103515303952,0.)) ;
#13646=DIRECTION('Vector Direction',(0.,0.,-0.0393700787402)) ;
#13665=DIRECTION('Axis2P3D Direction',(0.0112784941808,0.037720003566,0.)) ;
#13666=DIRECTION('Axis2P3D XDirection',(0.037720003566,-0.0112784941808,0.)) ;
#13670=DIRECTION('Vector Direction',(0.,0.,-0.0393700787402)) ;
#13689=DIRECTION('Axis2P3D Direction',(0.0123088384013,0.0373964650364,0.)) ;
#13690=DIRECTION('Axis2P3D XDirection',(0.0373964650364,-0.0123088384013,0.)) ;
#13694=DIRECTION('Vector Direction',(0.,0.,-0.0393700787402)) ;
#13713=DIRECTION('Axis2P3D Direction',(0.0135073817156,0.0369804507706,0.)) ;
#13714=DIRECTION('Axis2P3D XDirection',(0.0369804507706,-0.0135073817156,0.)) ;
#13718=DIRECTION('Vector Direction',(0.,0.,-0.0393700787402)) ;
#13737=DIRECTION('Axis2P3D Direction',(0.0148489911315,0.0364624541465,0.)) ;
#13738=DIRECTION('Axis2P3D XDirection',(0.0364624541465,-0.0148489911315,0.)) ;
#13742=DIRECTION('Vector Direction',(0.,0.,-0.0393700787402)) ;
#13761=DIRECTION('Axis2P3D Direction',(0.0163908768222,0.0357958413367,0.)) ;
#13762=DIRECTION('Axis2P3D XDirection',(0.0357958413367,-0.0163908768222,0.)) ;
#13766=DIRECTION('Vector Direction',(0.,0.,-0.0393700787402)) ;
#13785=DIRECTION('Axis2P3D Direction',(0.0181595991085,0.0349318201677,0.)) ;
#13786=DIRECTION('Axis2P3D XDirection',(0.0349318201677,-0.0181595991085,0.)) ;
#13804=DIRECTION('Vector Direction',(0.0222235232444,0.0324979709307,0.)) ;
#13813=DIRECTION('Vector Direction',(-0.0328208095399,0.0217439085988,0.)) ;
#13820=DIRECTION('Vector Direction',(-0.0336802660952,0.020387318994,0.)) ;
#13827=DIRECTION('Vector Direction',(-0.0345539471711,0.0188686998731,0.)) ;
#13834=DIRECTION('Vector Direction',(-0.0353926961315,0.0172441340911,0.)) ;
#13841=DIRECTION('Vector Direction',(-0.036204034607,0.0154683864117,0.)) ;
#13848=DIRECTION('Vector Direction',(-0.0369736735722,0.0135259218756,0.)) ;
#13855=DIRECTION('Vector Direction',(-0.0376665158839,0.0114558579413,0.)) ;
#13862=DIRECTION('Vector Direction',(-0.0382694097704,0.00924420769097,0.)) ;
#13869=DIRECTION('Vector Direction',(-0.0387631688456,0.00688620657941,0.)) ;
#13876=DIRECTION('Vector Direction',(-0.0391207066004,0.0044241852462,0.)) ;
#13883=DIRECTION('Vector Direction',(-0.0164561604762,-0.0357658759488,0.)) ;
#13890=DIRECTION('Vector Direction',(0.0390091591063,-0.00531870339691,0.)) ;
#13897=DIRECTION('Vector Direction',(0.0386109334489,-0.00769408332504,0.)) ;
#13904=DIRECTION('Vector Direction',(0.0381171515685,-0.00985321553149,0.)) ;
#13911=DIRECTION('Vector Direction',(0.0375521343338,-0.0118254093792,0.)) ;
#13918=DIRECTION('Vector Direction',(0.0369471893205,-0.0135980991805,0.)) ;
#13925=DIRECTION('Vector Direction',(0.036327423961,-0.0151763423909,0.)) ;
#13932=DIRECTION('Vector Direction',(0.0356920540273,-0.0166156666828,0.)) ;
#13939=DIRECTION('Vector Direction',(0.0350593856972,-0.0179120790122,0.)) ;
#13946=DIRECTION('Vector Direction',(0.0344412093987,-0.0190737042853,0.)) ;
#13953=DIRECTION('Vector Direction',(0.0338352899175,-0.0201289904417,0.)) ;
#13990=DIRECTION('Axis2P3D Direction',(-0.0324979709307,0.0222235232444,0.)) ;
#13991=DIRECTION('Axis2P3D XDirection',(0.0222235232444,0.0324979709307,0.)) ;
#13995=DIRECTION('Vector Direction',(0.,0.,-0.0393700787402)) ;
#14000=DIRECTION('Vector Direction',(0.,0.,-0.0393700787402)) ;
#14019=DIRECTION('Axis2P3D Direction',(-0.0217439085988,-0.0328208095399,-0.)) ;
#14020=DIRECTION('Axis2P3D XDirection',(-0.0328208095399,0.0217439085988,0.)) ;
#14024=DIRECTION('Vector Direction',(0.,0.,-0.0393700787402)) ;
#14043=DIRECTION('Axis2P3D Direction',(-0.020387318994,-0.0336802660952,-0.)) ;
#14044=DIRECTION('Axis2P3D XDirection',(-0.0336802660952,0.020387318994,0.)) ;
#14048=DIRECTION('Vector Direction',(0.,0.,-0.0393700787402)) ;
#14067=DIRECTION('Axis2P3D Direction',(-0.0188686998731,-0.0345539471711,-0.)) ;
#14068=DIRECTION('Axis2P3D XDirection',(-0.0345539471711,0.0188686998731,0.)) ;
#14072=DIRECTION('Vector Direction',(0.,0.,-0.0393700787402)) ;
#14091=DIRECTION('Axis2P3D Direction',(-0.0172441340911,-0.0353926961315,-0.)) ;
#14092=DIRECTION('Axis2P3D XDirection',(-0.0353926961315,0.0172441340911,0.)) ;
#14096=DIRECTION('Vector Direction',(0.,0.,-0.0393700787402)) ;
#14115=DIRECTION('Axis2P3D Direction',(-0.0154683864117,-0.036204034607,-0.)) ;
#14116=DIRECTION('Axis2P3D XDirection',(-0.036204034607,0.0154683864117,0.)) ;
#14120=DIRECTION('Vector Direction',(0.,0.,-0.0393700787402)) ;
#14139=DIRECTION('Axis2P3D Direction',(-0.0135259218756,-0.0369736735722,-0.)) ;
#14140=DIRECTION('Axis2P3D XDirection',(-0.0369736735722,0.0135259218756,0.)) ;
#14144=DIRECTION('Vector Direction',(0.,0.,-0.0393700787402)) ;
#14163=DIRECTION('Axis2P3D Direction',(-0.0114558579413,-0.0376665158839,-0.)) ;
#14164=DIRECTION('Axis2P3D XDirection',(-0.0376665158839,0.0114558579413,0.)) ;
#14168=DIRECTION('Vector Direction',(0.,0.,-0.0393700787402)) ;
#14187=DIRECTION('Axis2P3D Direction',(-0.00924420769097,-0.0382694097704,-0.)) ;
#14188=DIRECTION('Axis2P3D XDirection',(-0.0382694097704,0.00924420769097,0.)) ;
#14192=DIRECTION('Vector Direction',(0.,0.,-0.0393700787402)) ;
#14211=DIRECTION('Axis2P3D Direction',(-0.00688620657941,-0.0387631688456,-0.)) ;
#14212=DIRECTION('Axis2P3D XDirection',(-0.0387631688456,0.00688620657941,0.)) ;
#14216=DIRECTION('Vector Direction',(0.,0.,-0.0393700787402)) ;
#14235=DIRECTION('Axis2P3D Direction',(-0.0044241852462,-0.0391207066004,-0.)) ;
#14236=DIRECTION('Axis2P3D XDirection',(-0.0391207066004,0.0044241852462,0.)) ;
#14240=DIRECTION('Vector Direction',(0.,0.,-0.0393700787402)) ;
#14259=DIRECTION('Axis2P3D Direction',(0.0357658759488,-0.0164561604762,0.)) ;
#14260=DIRECTION('Axis2P3D XDirection',(-0.0164561604762,-0.0357658759488,-0.)) ;
#14264=DIRECTION('Vector Direction',(0.,0.,-0.0393700787402)) ;
#14283=DIRECTION('Axis2P3D Direction',(0.0053187033969,0.0390091591063,0.)) ;
#14284=DIRECTION('Axis2P3D XDirection',(0.0390091591063,-0.0053187033969,0.)) ;
#14288=DIRECTION('Vector Direction',(0.,0.,-0.0393700787402)) ;
#14307=DIRECTION('Axis2P3D Direction',(0.00769408332504,0.0386109334489,0.)) ;
#14308=DIRECTION('Axis2P3D XDirection',(0.0386109334489,-0.00769408332504,0.)) ;
#14312=DIRECTION('Vector Direction',(0.,0.,-0.0393700787402)) ;
#14331=DIRECTION('Axis2P3D Direction',(0.00985321553148,0.0381171515685,0.)) ;
#14332=DIRECTION('Axis2P3D XDirection',(0.0381171515685,-0.00985321553148,0.)) ;
#14336=DIRECTION('Vector Direction',(0.,0.,-0.0393700787402)) ;
#14355=DIRECTION('Axis2P3D Direction',(0.0118254093792,0.0375521343338,0.)) ;
#14356=DIRECTION('Axis2P3D XDirection',(0.0375521343338,-0.0118254093792,0.)) ;
#14360=DIRECTION('Vector Direction',(0.,0.,-0.0393700787402)) ;
#14379=DIRECTION('Axis2P3D Direction',(0.0135980991805,0.0369471893205,0.)) ;
#14380=DIRECTION('Axis2P3D XDirection',(0.0369471893205,-0.0135980991805,0.)) ;
#14384=DIRECTION('Vector Direction',(0.,0.,-0.0393700787402)) ;
#14403=DIRECTION('Axis2P3D Direction',(0.0151763423909,0.036327423961,0.)) ;
#14404=DIRECTION('Axis2P3D XDirection',(0.036327423961,-0.0151763423909,0.)) ;
#14408=DIRECTION('Vector Direction',(0.,0.,-0.0393700787402)) ;
#14427=DIRECTION('Axis2P3D Direction',(0.0166156666829,0.0356920540273,0.)) ;
#14428=DIRECTION('Axis2P3D XDirection',(0.0356920540273,-0.0166156666829,0.)) ;
#14432=DIRECTION('Vector Direction',(0.,0.,-0.0393700787402)) ;
#14451=DIRECTION('Axis2P3D Direction',(0.0179120790122,0.0350593856972,0.)) ;
#14452=DIRECTION('Axis2P3D XDirection',(0.0350593856972,-0.0179120790122,0.)) ;
#14456=DIRECTION('Vector Direction',(0.,0.,-0.0393700787402)) ;
#14475=DIRECTION('Axis2P3D Direction',(0.0190737042853,0.0344412093987,0.)) ;
#14476=DIRECTION('Axis2P3D XDirection',(0.0344412093987,-0.0190737042853,0.)) ;
#14480=DIRECTION('Vector Direction',(0.,0.,-0.0393700787402)) ;
#14499=DIRECTION('Axis2P3D Direction',(0.0201289904417,0.0338352899175,0.)) ;
#14500=DIRECTION('Axis2P3D XDirection',(0.0338352899175,-0.0201289904417,0.)) ;
#14518=DIRECTION('Vector Direction',(0.0317398055867,0.0232935150058,0.)) ;
#14527=DIRECTION('Vector Direction',(0.029361834885,0.0262275761784,0.)) ;
#14534=DIRECTION('Vector Direction',(0.0252834193577,0.0301786647417,0.)) ;
#14541=DIRECTION('Vector Direction',(0.0202458975776,0.0337654665492,0.)) ;
#14548=DIRECTION('Vector Direction',(0.014363386614,0.0366564622541,0.)) ;
#14555=DIRECTION('Vector Direction',(0.00816534139244,0.0385140273141,0.)) ;
#14562=DIRECTION('Vector Direction',(0.00307210606769,0.0392500352142,0.)) ;
#14569=DIRECTION('Vector Direction',(-0.000428242012271,0.0393677496028,0.)) ;
#14576=DIRECTION('Vector Direction',(-0.00234569432079,0.0393001376354,0.)) ;
#14583=DIRECTION('Vector Direction',(-0.00342531597364,0.0392207892639,0.)) ;
#14590=DIRECTION('Vector Direction',(-0.00433184019336,0.0391310396047,0.)) ;
#14597=DIRECTION('Vector Direction',(-0.00515224861124,0.039031492852,0.)) ;
#14604=DIRECTION('Vector Direction',(-0.00581499868409,0.0389382702532,0.)) ;
#14611=DIRECTION('Vector Direction',(-0.00687665166386,0.0387648650443,0.)) ;
#14618=DIRECTION('Vector Direction',(-0.03888536774,-0.00615883720631,0.)) ;
#14625=DIRECTION('Vector Direction',(-0.0251959879162,-0.030251699009,0.)) ;
#14632=DIRECTION('Vector Direction',(-0.00615883720631,0.03888536774,0.)) ;
#14639=DIRECTION('Vector Direction',(-0.025603468075,-0.0299076164637,0.)) ;
#14646=DIRECTION('Vector Direction',(0.00615883720631,-0.03888536774,0.)) ;
#14653=DIRECTION('Vector Direction',(0.0257133051536,0.0298132359546,0.)) ;
#14660=DIRECTION('Vector Direction',(0.0388913797596,0.00612075815578,0.)) ;
#14667=DIRECTION('Vector Direction',(0.00967678308827,-0.0381623239474,0.)) ;
#14674=DIRECTION('Vector Direction',(0.00832693836597,-0.0384794126444,0.)) ;
#14681=DIRECTION('Vector Direction',(0.00692900852261,-0.0387555407768,0.)) ;
#14688=DIRECTION('Vector Direction',(0.00520237578645,-0.0390248431923,0.)) ;
#14695=DIRECTION('Vector Direction',(0.00318560675077,-0.0392409863489,0.)) ;
#14702=DIRECTION('Vector Direction',(0.00111762345346,-0.0393542121992,0.)) ;
#14709=DIRECTION('Vector Direction',(-0.00106011701227,-0.0393558032814,0.)) ;
#14716=DIRECTION('Vector Direction',(-0.00333691792331,-0.0392284090779,0.)) ;
#14723=DIRECTION('Vector Direction',(-0.00561763005985,-0.0389672340886,0.)) ;
#14730=DIRECTION('Vector Direction',(-0.00797525755364,-0.0385538372534,0.)) ;
#14737=DIRECTION('Vector Direction',(-0.0103198080193,-0.0379934818416,0.)) ;
#14744=DIRECTION('Vector Direction',(-0.0126303558029,-0.0372891031308,0.)) ;
#14751=DIRECTION('Vector Direction',(-0.0149052079765,-0.0364395098099,0.)) ;
#14800=DIRECTION('Axis2P3D Direction',(-0.0232935150058,0.0317398055867,0.)) ;
#14801=DIRECTION('Axis2P3D XDirection',(0.0317398055867,0.0232935150058,0.)) ;
#14805=DIRECTION('Vector Direction',(0.,0.,-0.0393700787402)) ;
#14810=DIRECTION('Vector Direction',(0.,0.,-0.0393700787402)) ;
#14829=DIRECTION('Axis2P3D Direction',(-0.0262275761783,0.029361834885,0.)) ;
#14830=DIRECTION('Axis2P3D XDirection',(0.029361834885,0.0262275761783,0.)) ;
#14834=DIRECTION('Vector Direction',(0.,0.,-0.0393700787402)) ;
#14853=DIRECTION('Axis2P3D Direction',(-0.0301786647417,0.0252834193577,0.)) ;
#14854=DIRECTION('Axis2P3D XDirection',(0.0252834193577,0.0301786647417,0.)) ;
#14858=DIRECTION('Vector Direction',(0.,0.,-0.0393700787402)) ;
#14877=DIRECTION('Axis2P3D Direction',(-0.0337654665492,0.0202458975776,0.)) ;
#14878=DIRECTION('Axis2P3D XDirection',(0.0202458975776,0.0337654665492,0.)) ;
#14882=DIRECTION('Vector Direction',(0.,0.,-0.0393700787402)) ;
#14901=DIRECTION('Axis2P3D Direction',(-0.0366564622541,0.014363386614,0.)) ;
#14902=DIRECTION('Axis2P3D XDirection',(0.014363386614,0.0366564622541,0.)) ;
#14906=DIRECTION('Vector Direction',(0.,0.,-0.0393700787402)) ;
#14925=DIRECTION('Axis2P3D Direction',(-0.0385140273141,0.0081653413925,0.)) ;
#14926=DIRECTION('Axis2P3D XDirection',(0.0081653413925,0.0385140273141,0.)) ;
#14930=DIRECTION('Vector Direction',(0.,0.,-0.0393700787402)) ;
#14949=DIRECTION('Axis2P3D Direction',(-0.0392500352142,0.00307210606771,0.)) ;
#14950=DIRECTION('Axis2P3D XDirection',(0.00307210606771,0.0392500352142,0.)) ;
#14954=DIRECTION('Vector Direction',(0.,0.,-0.0393700787402)) ;
#14973=DIRECTION('Axis2P3D Direction',(-0.0393677496028,-0.00042824201226,-0.)) ;
#14974=DIRECTION('Axis2P3D XDirection',(-0.00042824201226,0.0393677496028,0.)) ;
#14978=DIRECTION('Vector Direction',(0.,0.,-0.0393700787402)) ;
#14997=DIRECTION('Axis2P3D Direction',(-0.0393001376354,-0.00234569432072,-0.)) ;
#14998=DIRECTION('Axis2P3D XDirection',(-0.00234569432072,0.0393001376354,0.)) ;
#15002=DIRECTION('Vector Direction',(0.,0.,-0.0393700787402)) ;
#15021=DIRECTION('Axis2P3D Direction',(-0.0392207892639,-0.0034253159737,-0.)) ;
#15022=DIRECTION('Axis2P3D XDirection',(-0.0034253159737,0.0392207892639,0.)) ;
#15026=DIRECTION('Vector Direction',(0.,0.,-0.0393700787402)) ;
#15045=DIRECTION('Axis2P3D Direction',(-0.0391310396047,-0.00433184019334,-0.)) ;
#15046=DIRECTION('Axis2P3D XDirection',(-0.00433184019334,0.0391310396047,0.)) ;
#15050=DIRECTION('Vector Direction',(0.,0.,-0.0393700787402)) ;
#15069=DIRECTION('Axis2P3D Direction',(-0.039031492852,-0.0051522486112,-0.)) ;
#15070=DIRECTION('Axis2P3D XDirection',(-0.0051522486112,0.039031492852,0.)) ;
#15074=DIRECTION('Vector Direction',(0.,0.,-0.0393700787402)) ;
#15093=DIRECTION('Axis2P3D Direction',(-0.0389382702532,-0.0058149986841,-0.)) ;
#15094=DIRECTION('Axis2P3D XDirection',(-0.0058149986841,0.0389382702532,0.)) ;
#15098=DIRECTION('Vector Direction',(0.,0.,-0.0393700787402)) ;
#15117=DIRECTION('Axis2P3D Direction',(-0.0387648650443,-0.00687665166388,-0.)) ;
#15118=DIRECTION('Axis2P3D XDirection',(-0.00687665166388,0.0387648650443,0.)) ;
#15122=DIRECTION('Vector Direction',(0.,0.,-0.0393700787402)) ;
#15141=DIRECTION('Axis2P3D Direction',(0.00615883720631,-0.03888536774,0.)) ;
#15142=DIRECTION('Axis2P3D XDirection',(-0.03888536774,-0.00615883720631,-0.)) ;
#15146=DIRECTION('Vector Direction',(0.,0.,-0.0393700787402)) ;
#15165=DIRECTION('Axis2P3D Direction',(0.030251699009,-0.0251959879162,0.)) ;
#15166=DIRECTION('Axis2P3D XDirection',(-0.0251959879162,-0.030251699009,-0.)) ;
#15170=DIRECTION('Vector Direction',(0.,0.,-0.0393700787402)) ;
#15189=DIRECTION('Axis2P3D Direction',(-0.03888536774,-0.00615883720631,-0.)) ;
#15190=DIRECTION('Axis2P3D XDirection',(-0.00615883720631,0.03888536774,0.)) ;
#15194=DIRECTION('Vector Direction',(0.,0.,-0.0393700787402)) ;
#15213=DIRECTION('Axis2P3D Direction',(0.0299076164637,-0.025603468075,0.)) ;
#15214=DIRECTION('Axis2P3D XDirection',(-0.025603468075,-0.0299076164637,-0.)) ;
#15218=DIRECTION('Vector Direction',(0.,0.,-0.0393700787402)) ;
#15237=DIRECTION('Axis2P3D Direction',(0.03888536774,0.00615883720631,0.)) ;
#15238=DIRECTION('Axis2P3D XDirection',(0.00615883720631,-0.03888536774,0.)) ;
#15242=DIRECTION('Vector Direction',(0.,0.,-0.0393700787402)) ;
#15261=DIRECTION('Axis2P3D Direction',(-0.0298132359546,0.0257133051536,0.)) ;
#15262=DIRECTION('Axis2P3D XDirection',(0.0257133051536,0.0298132359546,0.)) ;
#15266=DIRECTION('Vector Direction',(0.,0.,-0.0393700787402)) ;
#15285=DIRECTION('Axis2P3D Direction',(-0.00612075815578,0.0388913797596,0.)) ;
#15286=DIRECTION('Axis2P3D XDirection',(0.0388913797596,0.00612075815578,0.)) ;
#15290=DIRECTION('Vector Direction',(0.,0.,-0.0393700787402)) ;
#15309=DIRECTION('Axis2P3D Direction',(0.0381623239474,0.00967678308834,0.)) ;
#15310=DIRECTION('Axis2P3D XDirection',(0.00967678308834,-0.0381623239474,0.)) ;
#15314=DIRECTION('Vector Direction',(0.,0.,-0.0393700787402)) ;
#15333=DIRECTION('Axis2P3D Direction',(0.0384794126444,0.008326938366,0.)) ;
#15334=DIRECTION('Axis2P3D XDirection',(0.008326938366,-0.0384794126444,0.)) ;
#15338=DIRECTION('Vector Direction',(0.,0.,-0.0393700787402)) ;
#15357=DIRECTION('Axis2P3D Direction',(0.0387555407768,0.00692900852259,0.)) ;
#15358=DIRECTION('Axis2P3D XDirection',(0.00692900852259,-0.0387555407768,0.)) ;
#15362=DIRECTION('Vector Direction',(0.,0.,-0.0393700787402)) ;
#15381=DIRECTION('Axis2P3D Direction',(0.0390248431923,0.00520237578646,0.)) ;
#15382=DIRECTION('Axis2P3D XDirection',(0.00520237578646,-0.0390248431923,-0.)) ;
#15386=DIRECTION('Vector Direction',(0.,0.,-0.0393700787402)) ;
#15405=DIRECTION('Axis2P3D Direction',(0.0392409863489,0.00318560675076,0.)) ;
#15406=DIRECTION('Axis2P3D XDirection',(0.00318560675076,-0.0392409863489,-0.)) ;
#15410=DIRECTION('Vector Direction',(0.,0.,-0.0393700787402)) ;
#15429=DIRECTION('Axis2P3D Direction',(0.0393542121992,0.00111762345344,0.)) ;
#15430=DIRECTION('Axis2P3D XDirection',(0.00111762345344,-0.0393542121992,-0.)) ;
#15434=DIRECTION('Vector Direction',(0.,0.,-0.0393700787402)) ;
#15453=DIRECTION('Axis2P3D Direction',(0.0393558032814,-0.00106011701223,0.)) ;
#15454=DIRECTION('Axis2P3D XDirection',(-0.00106011701223,-0.0393558032814,-0.)) ;
#15458=DIRECTION('Vector Direction',(0.,0.,-0.0393700787402)) ;
#15477=DIRECTION('Axis2P3D Direction',(0.0392284090778,-0.00333691792336,0.)) ;
#15478=DIRECTION('Axis2P3D XDirection',(-0.00333691792336,-0.0392284090778,-0.)) ;
#15482=DIRECTION('Vector Direction',(0.,0.,-0.0393700787402)) ;
#15501=DIRECTION('Axis2P3D Direction',(0.0389672340886,-0.00561763005981,0.)) ;
#15502=DIRECTION('Axis2P3D XDirection',(-0.00561763005981,-0.0389672340886,-0.)) ;
#15506=DIRECTION('Vector Direction',(0.,0.,-0.0393700787402)) ;
#15525=DIRECTION('Axis2P3D Direction',(0.0385538372534,-0.00797525755362,0.)) ;
#15526=DIRECTION('Axis2P3D XDirection',(-0.00797525755362,-0.0385538372534,-0.)) ;
#15530=DIRECTION('Vector Direction',(0.,0.,-0.0393700787402)) ;
#15549=DIRECTION('Axis2P3D Direction',(0.0379934818416,-0.0103198080194,0.)) ;
#15550=DIRECTION('Axis2P3D XDirection',(-0.0103198080194,-0.0379934818416,-0.)) ;
#15554=DIRECTION('Vector Direction',(0.,0.,-0.0393700787402)) ;
#15573=DIRECTION('Axis2P3D Direction',(0.0372891031308,-0.012630355803,0.)) ;
#15574=DIRECTION('Axis2P3D XDirection',(-0.012630355803,-0.0372891031308,-0.)) ;
#15578=DIRECTION('Vector Direction',(0.,0.,-0.0393700787402)) ;
#15597=DIRECTION('Axis2P3D Direction',(0.0364395098099,-0.0149052079765,0.)) ;
#15598=DIRECTION('Axis2P3D XDirection',(-0.0149052079765,-0.0364395098099,-0.)) ;
#15616=DIRECTION('Vector Direction',(0.0219913249701,0.0326555466355,0.)) ;
#15625=DIRECTION('Vector Direction',(-0.00615883720631,0.03888536774,0.)) ;
#15632=DIRECTION('Vector Direction',(-0.03888536774,-0.00615883720631,0.)) ;
#15639=DIRECTION('Vector Direction',(-0.0263394568898,-0.0292615124482,0.)) ;
#15646=DIRECTION('Vector Direction',(-0.00615883720631,0.03888536774,0.)) ;
#15653=DIRECTION('Vector Direction',(-0.0243548450932,-0.0309329051415,0.)) ;
#15660=DIRECTION('Vector Direction',(0.00615883720631,-0.03888536774,0.)) ;
#15667=DIRECTION('Vector Direction',(0.0263873674291,0.0292183151493,0.)) ;
#15674=DIRECTION('Vector Direction',(0.03888536774,0.00615883720631,0.)) ;
#15681=DIRECTION('Vector Direction',(0.0061588372063,-0.03888536774,0.)) ;
#15706=DIRECTION('Axis2P3D Direction',(-0.0326555466355,0.0219913249701,0.)) ;
#15707=DIRECTION('Axis2P3D XDirection',(0.0219913249701,0.0326555466355,0.)) ;
#15711=DIRECTION('Vector Direction',(0.,0.,-0.0393700787402)) ;
#15716=DIRECTION('Vector Direction',(0.,0.,-0.0393700787402)) ;
#15735=DIRECTION('Axis2P3D Direction',(-0.03888536774,-0.00615883720631,-0.)) ;
#15736=DIRECTION('Axis2P3D XDirection',(-0.00615883720631,0.03888536774,0.)) ;
#15740=DIRECTION('Vector Direction',(0.,0.,-0.0393700787402)) ;
#15759=DIRECTION('Vector Direction',(0.,0.,-0.0393700787402)) ;
#15778=DIRECTION('Axis2P3D Direction',(0.0292615124482,-0.0263394568898,0.)) ;
#15779=DIRECTION('Axis2P3D XDirection',(-0.0263394568898,-0.0292615124482,-0.)) ;
#15783=DIRECTION('Vector Direction',(0.,0.,-0.0393700787402)) ;
#15802=DIRECTION('Vector Direction',(0.,0.,-0.0393700787402)) ;
#15821=DIRECTION('Axis2P3D Direction',(0.0309329051415,-0.0243548450932,0.)) ;
#15822=DIRECTION('Axis2P3D XDirection',(-0.0243548450932,-0.0309329051415,-0.)) ;
#15826=DIRECTION('Vector Direction',(0.,0.,-0.0393700787402)) ;
#15845=DIRECTION('Vector Direction',(0.,0.,-0.0393700787402)) ;
#15864=DIRECTION('Axis2P3D Direction',(-0.0292183151493,0.0263873674291,0.)) ;
#15865=DIRECTION('Axis2P3D XDirection',(0.0263873674291,0.0292183151493,0.)) ;
#15869=DIRECTION('Vector Direction',(0.,0.,-0.0393700787402)) ;
#15888=DIRECTION('Vector Direction',(0.,0.,-0.0393700787402)) ;
#15907=DIRECTION('Axis2P3D Direction',(0.03888536774,0.0061588372063,0.)) ;
#15908=DIRECTION('Axis2P3D XDirection',(0.0061588372063,-0.03888536774,-0.)) ;
#15926=DIRECTION('Axis2P3D Direction',(0.,-0.,0.0393700787402)) ;
#15935=DIRECTION('Axis2P3D Direction',(0.,-0.,0.0393700787402)) ;
#15944=DIRECTION('Axis2P3D Direction',(0.,-0.,0.0393700787402)) ;
#15953=DIRECTION('Axis2P3D Direction',(0.,-0.,0.0393700787402)) ;
#15962=DIRECTION('Axis2P3D Direction',(0.,-0.,0.0393700787402)) ;
#15971=DIRECTION('Axis2P3D Direction',(0.,-0.,0.0393700787402)) ;
#15980=DIRECTION('Axis2P3D Direction',(0.,-0.,0.0393700787402)) ;
#15989=DIRECTION('Axis2P3D Direction',(0.,-0.,0.0393700787402)) ;
#15998=DIRECTION('Axis2P3D Direction',(0.,-0.,0.0393700787402)) ;
#16007=DIRECTION('Axis2P3D Direction',(0.,-0.,0.0393700787402)) ;
#16016=DIRECTION('Axis2P3D Direction',(0.,-0.,0.0393700787402)) ;
#16025=DIRECTION('Axis2P3D Direction',(0.,-0.,0.0393700787402)) ;
#16034=DIRECTION('Axis2P3D Direction',(0.,-0.,0.0393700787402)) ;
#16043=DIRECTION('Axis2P3D Direction',(0.,-0.,0.0393700787402)) ;
#16052=DIRECTION('Axis2P3D Direction',(0.,-0.,0.0393700787402)) ;
#16061=DIRECTION('Axis2P3D Direction',(0.,-0.,0.0393700787402)) ;
#16070=DIRECTION('Axis2P3D Direction',(0.,-0.,0.0393700787402)) ;
#16079=DIRECTION('Axis2P3D Direction',(0.,-0.,0.0393700787402)) ;
#16088=DIRECTION('Axis2P3D Direction',(0.,-0.,0.0393700787402)) ;
#16097=DIRECTION('Axis2P3D Direction',(0.,-0.,0.0393700787402)) ;
#16114=DIRECTION('Axis2P3D Direction',(0.,-0.,0.0393700787402)) ;
#16115=DIRECTION('Axis2P3D XDirection',(0.00615883720631,-0.03888536774,0.)) ;
#16119=DIRECTION('Vector Direction',(0.,0.,0.0393700787402)) ;
#16124=DIRECTION('Vector Direction',(0.,0.,0.0393700787402)) ;
#16157=DIRECTION('Axis2P3D Direction',(0.,-0.,0.0393700787402)) ;
#16158=DIRECTION('Axis2P3D XDirection',(-0.00615883720631,0.03888536774,0.)) ;
#16162=DIRECTION('Vector Direction',(0.,0.,0.0393700787402)) ;
#16167=DIRECTION('Vector Direction',(0.,0.,0.0393700787402)) ;
#16200=DIRECTION('Axis2P3D Direction',(0.,-0.,0.0393700787402)) ;
#16201=DIRECTION('Axis2P3D XDirection',(-0.00615883720631,0.03888536774,0.)) ;
#16205=DIRECTION('Vector Direction',(0.,0.,0.0393700787402)) ;
#16210=DIRECTION('Vector Direction',(0.,0.,0.0393700787402)) ;
#16243=DIRECTION('Axis2P3D Direction',(0.,-0.,0.0393700787402)) ;
#16244=DIRECTION('Axis2P3D XDirection',(-0.00615883720631,0.03888536774,0.)) ;
#16248=DIRECTION('Vector Direction',(0.,0.,0.0393700787402)) ;
#16253=DIRECTION('Vector Direction',(0.,0.,0.0393700787402)) ;
#16286=DIRECTION('Axis2P3D Direction',(0.,-0.,0.0393700787402)) ;
#16287=DIRECTION('Axis2P3D XDirection',(-0.0061588372063,0.03888536774,0.)) ;
#16291=DIRECTION('Vector Direction',(0.,0.,0.0393700787402)) ;
#16296=DIRECTION('Vector Direction',(0.,0.,0.0393700787402)) ;
#16329=DIRECTION('Axis2P3D Direction',(0.,-0.,0.0393700787402)) ;
#16330=DIRECTION('Axis2P3D XDirection',(-0.00615883720631,0.03888536774,0.)) ;
#16334=DIRECTION('Vector Direction',(0.,0.,0.0393700787402)) ;
#16339=DIRECTION('Vector Direction',(0.,0.,0.0393700787402)) ;
#16372=DIRECTION('Axis2P3D Direction',(0.,-0.,0.0393700787402)) ;
#16373=DIRECTION('Axis2P3D XDirection',(-0.0061588372063,0.03888536774,0.)) ;
#16377=DIRECTION('Vector Direction',(0.,0.,0.0393700787402)) ;
#16382=DIRECTION('Vector Direction',(0.,0.,0.0393700787402)) ;
#16415=DIRECTION('Axis2P3D Direction',(0.,-0.,0.0393700787402)) ;
#16416=DIRECTION('Axis2P3D XDirection',(0.0061588372063,-0.03888536774,-0.)) ;
#16420=DIRECTION('Vector Direction',(0.,0.,0.0393700787402)) ;
#16425=DIRECTION('Vector Direction',(0.,0.,0.0393700787402)) ;
#16458=DIRECTION('Axis2P3D Direction',(0.,-0.,0.0393700787402)) ;
#16459=DIRECTION('Axis2P3D XDirection',(0.0061588372063,-0.03888536774,-0.)) ;
#16463=DIRECTION('Vector Direction',(0.,0.,0.0393700787402)) ;
#16468=DIRECTION('Vector Direction',(0.,0.,0.0393700787402)) ;
#16501=DIRECTION('Axis2P3D Direction',(0.,-0.,0.0393700787402)) ;
#16502=DIRECTION('Axis2P3D XDirection',(0.00615883720631,-0.03888536774,0.)) ;
#16506=DIRECTION('Vector Direction',(0.,0.,0.0393700787402)) ;
#16511=DIRECTION('Vector Direction',(0.,0.,0.0393700787402)) ;
#8=PRODUCT_RELATED_PRODUCT_CATEGORY('part',$,(#5)) ;
#7=PRODUCT_CATEGORY('part','specification') ;
#33=STYLED_ITEM(' ',(#32),#25) ;
#32=PRESENTATION_STYLE_ASSIGNMENT((#31)) ;
#5871=PRESENTATION_STYLE_ASSIGNMENT((#5870)) ;
#5900=PRESENTATION_STYLE_ASSIGNMENT((#5899)) ;
#5924=PRESENTATION_STYLE_ASSIGNMENT((#5923)) ;
#5948=PRESENTATION_STYLE_ASSIGNMENT((#5947)) ;
#5972=PRESENTATION_STYLE_ASSIGNMENT((#5971)) ;
#5996=PRESENTATION_STYLE_ASSIGNMENT((#5995)) ;
#6020=PRESENTATION_STYLE_ASSIGNMENT((#6019)) ;
#6044=PRESENTATION_STYLE_ASSIGNMENT((#6043)) ;
#6068=PRESENTATION_STYLE_ASSIGNMENT((#6067)) ;
#6092=PRESENTATION_STYLE_ASSIGNMENT((#6091)) ;
#6116=PRESENTATION_STYLE_ASSIGNMENT((#6115)) ;
#6140=PRESENTATION_STYLE_ASSIGNMENT((#6139)) ;
#6164=PRESENTATION_STYLE_ASSIGNMENT((#6163)) ;
#6188=PRESENTATION_STYLE_ASSIGNMENT((#6187)) ;
#6212=PRESENTATION_STYLE_ASSIGNMENT((#6211)) ;
#6236=PRESENTATION_STYLE_ASSIGNMENT((#6235)) ;
#6260=PRESENTATION_STYLE_ASSIGNMENT((#6259)) ;
#6284=PRESENTATION_STYLE_ASSIGNMENT((#6283)) ;
#6308=PRESENTATION_STYLE_ASSIGNMENT((#6307)) ;
#6332=PRESENTATION_STYLE_ASSIGNMENT((#6331)) ;
#6356=PRESENTATION_STYLE_ASSIGNMENT((#6355)) ;
#6380=PRESENTATION_STYLE_ASSIGNMENT((#6379)) ;
#6404=PRESENTATION_STYLE_ASSIGNMENT((#6403)) ;
#6428=PRESENTATION_STYLE_ASSIGNMENT((#6427)) ;
#6452=PRESENTATION_STYLE_ASSIGNMENT((#6451)) ;
#6476=PRESENTATION_STYLE_ASSIGNMENT((#6475)) ;
#6495=PRESENTATION_STYLE_ASSIGNMENT((#6494)) ;
#6519=PRESENTATION_STYLE_ASSIGNMENT((#6518)) ;
#6543=PRESENTATION_STYLE_ASSIGNMENT((#6542)) ;
#6567=PRESENTATION_STYLE_ASSIGNMENT((#6566)) ;
#6591=PRESENTATION_STYLE_ASSIGNMENT((#6590)) ;
#6615=PRESENTATION_STYLE_ASSIGNMENT((#6614)) ;
#6639=PRESENTATION_STYLE_ASSIGNMENT((#6638)) ;
#6663=PRESENTATION_STYLE_ASSIGNMENT((#6662)) ;
#6687=PRESENTATION_STYLE_ASSIGNMENT((#6686)) ;
#6711=PRESENTATION_STYLE_ASSIGNMENT((#6710)) ;
#6735=PRESENTATION_STYLE_ASSIGNMENT((#6734)) ;
#6759=PRESENTATION_STYLE_ASSIGNMENT((#6758)) ;
#6783=PRESENTATION_STYLE_ASSIGNMENT((#6782)) ;
#6807=PRESENTATION_STYLE_ASSIGNMENT((#6806)) ;
#6831=PRESENTATION_STYLE_ASSIGNMENT((#6830)) ;
#6855=PRESENTATION_STYLE_ASSIGNMENT((#6854)) ;
#6879=PRESENTATION_STYLE_ASSIGNMENT((#6878)) ;
#6903=PRESENTATION_STYLE_ASSIGNMENT((#6902)) ;
#6927=PRESENTATION_STYLE_ASSIGNMENT((#6926)) ;
#6951=PRESENTATION_STYLE_ASSIGNMENT((#6950)) ;
#6975=PRESENTATION_STYLE_ASSIGNMENT((#6974)) ;
#6999=PRESENTATION_STYLE_ASSIGNMENT((#6998)) ;
#7018=PRESENTATION_STYLE_ASSIGNMENT((#7017)) ;
#7042=PRESENTATION_STYLE_ASSIGNMENT((#7041)) ;
#7066=PRESENTATION_STYLE_ASSIGNMENT((#7065)) ;
#7090=PRESENTATION_STYLE_ASSIGNMENT((#7089)) ;
#7114=PRESENTATION_STYLE_ASSIGNMENT((#7113)) ;
#7138=PRESENTATION_STYLE_ASSIGNMENT((#7137)) ;
#7162=PRESENTATION_STYLE_ASSIGNMENT((#7161)) ;
#7186=PRESENTATION_STYLE_ASSIGNMENT((#7185)) ;
#7210=PRESENTATION_STYLE_ASSIGNMENT((#7209)) ;
#7234=PRESENTATION_STYLE_ASSIGNMENT((#7233)) ;
#7258=PRESENTATION_STYLE_ASSIGNMENT((#7257)) ;
#7282=PRESENTATION_STYLE_ASSIGNMENT((#7281)) ;
#7306=PRESENTATION_STYLE_ASSIGNMENT((#7305)) ;
#7330=PRESENTATION_STYLE_ASSIGNMENT((#7329)) ;
#7354=PRESENTATION_STYLE_ASSIGNMENT((#7353)) ;
#7378=PRESENTATION_STYLE_ASSIGNMENT((#7377)) ;
#7402=PRESENTATION_STYLE_ASSIGNMENT((#7401)) ;
#7426=PRESENTATION_STYLE_ASSIGNMENT((#7425)) ;
#7450=PRESENTATION_STYLE_ASSIGNMENT((#7449)) ;
#7474=PRESENTATION_STYLE_ASSIGNMENT((#7473)) ;
#7498=PRESENTATION_STYLE_ASSIGNMENT((#7497)) ;
#7522=PRESENTATION_STYLE_ASSIGNMENT((#7521)) ;
#7546=PRESENTATION_STYLE_ASSIGNMENT((#7545)) ;
#7570=PRESENTATION_STYLE_ASSIGNMENT((#7569)) ;
#7594=PRESENTATION_STYLE_ASSIGNMENT((#7593)) ;
#7618=PRESENTATION_STYLE_ASSIGNMENT((#7617)) ;
#7642=PRESENTATION_STYLE_ASSIGNMENT((#7641)) ;
#7666=PRESENTATION_STYLE_ASSIGNMENT((#7665)) ;
#7690=PRESENTATION_STYLE_ASSIGNMENT((#7689)) ;
#7714=PRESENTATION_STYLE_ASSIGNMENT((#7713)) ;
#7738=PRESENTATION_STYLE_ASSIGNMENT((#7737)) ;
#7762=PRESENTATION_STYLE_ASSIGNMENT((#7761)) ;
#7786=PRESENTATION_STYLE_ASSIGNMENT((#7785)) ;
#7810=PRESENTATION_STYLE_ASSIGNMENT((#7809)) ;
#7834=PRESENTATION_STYLE_ASSIGNMENT((#7833)) ;
#7858=PRESENTATION_STYLE_ASSIGNMENT((#7857)) ;
#7882=PRESENTATION_STYLE_ASSIGNMENT((#7881)) ;
#7906=PRESENTATION_STYLE_ASSIGNMENT((#7905)) ;
#7930=PRESENTATION_STYLE_ASSIGNMENT((#7929)) ;
#7954=PRESENTATION_STYLE_ASSIGNMENT((#7953)) ;
#7978=PRESENTATION_STYLE_ASSIGNMENT((#7977)) ;
#8002=PRESENTATION_STYLE_ASSIGNMENT((#8001)) ;
#8026=PRESENTATION_STYLE_ASSIGNMENT((#8025)) ;
#8050=PRESENTATION_STYLE_ASSIGNMENT((#8049)) ;
#8074=PRESENTATION_STYLE_ASSIGNMENT((#8073)) ;
#8098=PRESENTATION_STYLE_ASSIGNMENT((#8097)) ;
#8122=PRESENTATION_STYLE_ASSIGNMENT((#8121)) ;
#8141=PRESENTATION_STYLE_ASSIGNMENT((#8140)) ;
#8160=PRESENTATION_STYLE_ASSIGNMENT((#8159)) ;
#8184=PRESENTATION_STYLE_ASSIGNMENT((#8183)) ;
#8208=PRESENTATION_STYLE_ASSIGNMENT((#8207)) ;
#8232=PRESENTATION_STYLE_ASSIGNMENT((#8231)) ;
#8256=PRESENTATION_STYLE_ASSIGNMENT((#8255)) ;
#8280=PRESENTATION_STYLE_ASSIGNMENT((#8279)) ;
#8304=PRESENTATION_STYLE_ASSIGNMENT((#8303)) ;
#8328=PRESENTATION_STYLE_ASSIGNMENT((#8327)) ;
#8352=PRESENTATION_STYLE_ASSIGNMENT((#8351)) ;
#8376=PRESENTATION_STYLE_ASSIGNMENT((#8375)) ;
#8400=PRESENTATION_STYLE_ASSIGNMENT((#8399)) ;
#8424=PRESENTATION_STYLE_ASSIGNMENT((#8423)) ;
#8448=PRESENTATION_STYLE_ASSIGNMENT((#8447)) ;
#8472=PRESENTATION_STYLE_ASSIGNMENT((#8471)) ;
#8496=PRESENTATION_STYLE_ASSIGNMENT((#8495)) ;
#8520=PRESENTATION_STYLE_ASSIGNMENT((#8519)) ;
#8544=PRESENTATION_STYLE_ASSIGNMENT((#8543)) ;
#8568=PRESENTATION_STYLE_ASSIGNMENT((#8567)) ;
#8592=PRESENTATION_STYLE_ASSIGNMENT((#8591)) ;
#8616=PRESENTATION_STYLE_ASSIGNMENT((#8615)) ;
#8640=PRESENTATION_STYLE_ASSIGNMENT((#8639)) ;
#8664=PRESENTATION_STYLE_ASSIGNMENT((#8663)) ;
#8688=PRESENTATION_STYLE_ASSIGNMENT((#8687)) ;
#8712=PRESENTATION_STYLE_ASSIGNMENT((#8711)) ;
#8736=PRESENTATION_STYLE_ASSIGNMENT((#8735)) ;
#8760=PRESENTATION_STYLE_ASSIGNMENT((#8759)) ;
#8784=PRESENTATION_STYLE_ASSIGNMENT((#8783)) ;
#8808=PRESENTATION_STYLE_ASSIGNMENT((#8807)) ;
#8832=PRESENTATION_STYLE_ASSIGNMENT((#8831)) ;
#8856=PRESENTATION_STYLE_ASSIGNMENT((#8855)) ;
#8880=PRESENTATION_STYLE_ASSIGNMENT((#8879)) ;
#8904=PRESENTATION_STYLE_ASSIGNMENT((#8903)) ;
#8928=PRESENTATION_STYLE_ASSIGNMENT((#8927)) ;
#8952=PRESENTATION_STYLE_ASSIGNMENT((#8951)) ;
#8976=PRESENTATION_STYLE_ASSIGNMENT((#8975)) ;
#9000=PRESENTATION_STYLE_ASSIGNMENT((#8999)) ;
#9024=PRESENTATION_STYLE_ASSIGNMENT((#9023)) ;
#9048=PRESENTATION_STYLE_ASSIGNMENT((#9047)) ;
#9072=PRESENTATION_STYLE_ASSIGNMENT((#9071)) ;
#9096=PRESENTATION_STYLE_ASSIGNMENT((#9095)) ;
#9120=PRESENTATION_STYLE_ASSIGNMENT((#9119)) ;
#9144=PRESENTATION_STYLE_ASSIGNMENT((#9143)) ;
#9163=PRESENTATION_STYLE_ASSIGNMENT((#9162)) ;
#10117=PRESENTATION_STYLE_ASSIGNMENT((#10116)) ;
#10146=PRESENTATION_STYLE_ASSIGNMENT((#10145)) ;
#10170=PRESENTATION_STYLE_ASSIGNMENT((#10169)) ;
#10194=PRESENTATION_STYLE_ASSIGNMENT((#10193)) ;
#10218=PRESENTATION_STYLE_ASSIGNMENT((#10217)) ;
#10242=PRESENTATION_STYLE_ASSIGNMENT((#10241)) ;
#10266=PRESENTATION_STYLE_ASSIGNMENT((#10265)) ;
#10290=PRESENTATION_STYLE_ASSIGNMENT((#10289)) ;
#10314=PRESENTATION_STYLE_ASSIGNMENT((#10313)) ;
#10338=PRESENTATION_STYLE_ASSIGNMENT((#10337)) ;
#10362=PRESENTATION_STYLE_ASSIGNMENT((#10361)) ;
#10386=PRESENTATION_STYLE_ASSIGNMENT((#10385)) ;
#10410=PRESENTATION_STYLE_ASSIGNMENT((#10409)) ;
#10434=PRESENTATION_STYLE_ASSIGNMENT((#10433)) ;
#10458=PRESENTATION_STYLE_ASSIGNMENT((#10457)) ;
#10482=PRESENTATION_STYLE_ASSIGNMENT((#10481)) ;
#10506=PRESENTATION_STYLE_ASSIGNMENT((#10505)) ;
#10530=PRESENTATION_STYLE_ASSIGNMENT((#10529)) ;
#10554=PRESENTATION_STYLE_ASSIGNMENT((#10553)) ;
#10578=PRESENTATION_STYLE_ASSIGNMENT((#10577)) ;
#10602=PRESENTATION_STYLE_ASSIGNMENT((#10601)) ;
#10626=PRESENTATION_STYLE_ASSIGNMENT((#10625)) ;
#10650=PRESENTATION_STYLE_ASSIGNMENT((#10649)) ;
#10674=PRESENTATION_STYLE_ASSIGNMENT((#10673)) ;
#10698=PRESENTATION_STYLE_ASSIGNMENT((#10697)) ;
#10722=PRESENTATION_STYLE_ASSIGNMENT((#10721)) ;
#10746=PRESENTATION_STYLE_ASSIGNMENT((#10745)) ;
#10770=PRESENTATION_STYLE_ASSIGNMENT((#10769)) ;
#10794=PRESENTATION_STYLE_ASSIGNMENT((#10793)) ;
#10818=PRESENTATION_STYLE_ASSIGNMENT((#10817)) ;
#10842=PRESENTATION_STYLE_ASSIGNMENT((#10841)) ;
#10866=PRESENTATION_STYLE_ASSIGNMENT((#10865)) ;
#10890=PRESENTATION_STYLE_ASSIGNMENT((#10889)) ;
#10914=PRESENTATION_STYLE_ASSIGNMENT((#10913)) ;
#10938=PRESENTATION_STYLE_ASSIGNMENT((#10937)) ;
#10962=PRESENTATION_STYLE_ASSIGNMENT((#10961)) ;
#10986=PRESENTATION_STYLE_ASSIGNMENT((#10985)) ;
#11010=PRESENTATION_STYLE_ASSIGNMENT((#11009)) ;
#11034=PRESENTATION_STYLE_ASSIGNMENT((#11033)) ;
#11058=PRESENTATION_STYLE_ASSIGNMENT((#11057)) ;
#11082=PRESENTATION_STYLE_ASSIGNMENT((#11081)) ;
#11106=PRESENTATION_STYLE_ASSIGNMENT((#11105)) ;
#11130=PRESENTATION_STYLE_ASSIGNMENT((#11129)) ;
#11154=PRESENTATION_STYLE_ASSIGNMENT((#11153)) ;
#11178=PRESENTATION_STYLE_ASSIGNMENT((#11177)) ;
#11202=PRESENTATION_STYLE_ASSIGNMENT((#11201)) ;
#11226=PRESENTATION_STYLE_ASSIGNMENT((#11225)) ;
#11250=PRESENTATION_STYLE_ASSIGNMENT((#11249)) ;
#11274=PRESENTATION_STYLE_ASSIGNMENT((#11273)) ;
#11298=PRESENTATION_STYLE_ASSIGNMENT((#11297)) ;
#11322=PRESENTATION_STYLE_ASSIGNMENT((#11321)) ;
#11346=PRESENTATION_STYLE_ASSIGNMENT((#11345)) ;
#11370=PRESENTATION_STYLE_ASSIGNMENT((#11369)) ;
#11394=PRESENTATION_STYLE_ASSIGNMENT((#11393)) ;
#11418=PRESENTATION_STYLE_ASSIGNMENT((#11417)) ;
#11442=PRESENTATION_STYLE_ASSIGNMENT((#11441)) ;
#11466=PRESENTATION_STYLE_ASSIGNMENT((#11465)) ;
#11490=PRESENTATION_STYLE_ASSIGNMENT((#11489)) ;
#11514=PRESENTATION_STYLE_ASSIGNMENT((#11513)) ;
#11538=PRESENTATION_STYLE_ASSIGNMENT((#11537)) ;
#11562=PRESENTATION_STYLE_ASSIGNMENT((#11561)) ;
#11586=PRESENTATION_STYLE_ASSIGNMENT((#11585)) ;
#11610=PRESENTATION_STYLE_ASSIGNMENT((#11609)) ;
#11634=PRESENTATION_STYLE_ASSIGNMENT((#11633)) ;
#11658=PRESENTATION_STYLE_ASSIGNMENT((#11657)) ;
#11682=PRESENTATION_STYLE_ASSIGNMENT((#11681)) ;
#11706=PRESENTATION_STYLE_ASSIGNMENT((#11705)) ;
#11730=PRESENTATION_STYLE_ASSIGNMENT((#11729)) ;
#11754=PRESENTATION_STYLE_ASSIGNMENT((#11753)) ;
#11778=PRESENTATION_STYLE_ASSIGNMENT((#11777)) ;
#11802=PRESENTATION_STYLE_ASSIGNMENT((#11801)) ;
#11826=PRESENTATION_STYLE_ASSIGNMENT((#11825)) ;
#11850=PRESENTATION_STYLE_ASSIGNMENT((#11849)) ;
#11874=PRESENTATION_STYLE_ASSIGNMENT((#11873)) ;
#11898=PRESENTATION_STYLE_ASSIGNMENT((#11897)) ;
#11922=PRESENTATION_STYLE_ASSIGNMENT((#11921)) ;
#11946=PRESENTATION_STYLE_ASSIGNMENT((#11945)) ;
#11970=PRESENTATION_STYLE_ASSIGNMENT((#11969)) ;
#11994=PRESENTATION_STYLE_ASSIGNMENT((#11993)) ;
#12018=PRESENTATION_STYLE_ASSIGNMENT((#12017)) ;
#12042=PRESENTATION_STYLE_ASSIGNMENT((#12041)) ;
#12066=PRESENTATION_STYLE_ASSIGNMENT((#12065)) ;
#12090=PRESENTATION_STYLE_ASSIGNMENT((#12089)) ;
#12114=PRESENTATION_STYLE_ASSIGNMENT((#12113)) ;
#12138=PRESENTATION_STYLE_ASSIGNMENT((#12137)) ;
#12162=PRESENTATION_STYLE_ASSIGNMENT((#12161)) ;
#12186=PRESENTATION_STYLE_ASSIGNMENT((#12185)) ;
#12210=PRESENTATION_STYLE_ASSIGNMENT((#12209)) ;
#12234=PRESENTATION_STYLE_ASSIGNMENT((#12233)) ;
#12258=PRESENTATION_STYLE_ASSIGNMENT((#12257)) ;
#12282=PRESENTATION_STYLE_ASSIGNMENT((#12281)) ;
#12306=PRESENTATION_STYLE_ASSIGNMENT((#12305)) ;
#12330=PRESENTATION_STYLE_ASSIGNMENT((#12329)) ;
#12354=PRESENTATION_STYLE_ASSIGNMENT((#12353)) ;
#12378=PRESENTATION_STYLE_ASSIGNMENT((#12377)) ;
#12402=PRESENTATION_STYLE_ASSIGNMENT((#12401)) ;
#12426=PRESENTATION_STYLE_ASSIGNMENT((#12425)) ;
#12450=PRESENTATION_STYLE_ASSIGNMENT((#12449)) ;
#12474=PRESENTATION_STYLE_ASSIGNMENT((#12473)) ;
#12498=PRESENTATION_STYLE_ASSIGNMENT((#12497)) ;
#12522=PRESENTATION_STYLE_ASSIGNMENT((#12521)) ;
#12546=PRESENTATION_STYLE_ASSIGNMENT((#12545)) ;
#12570=PRESENTATION_STYLE_ASSIGNMENT((#12569)) ;
#12594=PRESENTATION_STYLE_ASSIGNMENT((#12593)) ;
#12618=PRESENTATION_STYLE_ASSIGNMENT((#12617)) ;
#12642=PRESENTATION_STYLE_ASSIGNMENT((#12641)) ;
#12666=PRESENTATION_STYLE_ASSIGNMENT((#12665)) ;
#12690=PRESENTATION_STYLE_ASSIGNMENT((#12689)) ;
#12714=PRESENTATION_STYLE_ASSIGNMENT((#12713)) ;
#12738=PRESENTATION_STYLE_ASSIGNMENT((#12737)) ;
#12762=PRESENTATION_STYLE_ASSIGNMENT((#12761)) ;
#12786=PRESENTATION_STYLE_ASSIGNMENT((#12785)) ;
#12810=PRESENTATION_STYLE_ASSIGNMENT((#12809)) ;
#12834=PRESENTATION_STYLE_ASSIGNMENT((#12833)) ;
#12858=PRESENTATION_STYLE_ASSIGNMENT((#12857)) ;
#12882=PRESENTATION_STYLE_ASSIGNMENT((#12881)) ;
#12906=PRESENTATION_STYLE_ASSIGNMENT((#12905)) ;
#12930=PRESENTATION_STYLE_ASSIGNMENT((#12929)) ;
#12949=PRESENTATION_STYLE_ASSIGNMENT((#12948)) ;
#12991=PRESENTATION_STYLE_ASSIGNMENT((#12990)) ;
#13020=PRESENTATION_STYLE_ASSIGNMENT((#13019)) ;
#13044=PRESENTATION_STYLE_ASSIGNMENT((#13043)) ;
#13068=PRESENTATION_STYLE_ASSIGNMENT((#13067)) ;
#13087=PRESENTATION_STYLE_ASSIGNMENT((#13086)) ;
#13273=PRESENTATION_STYLE_ASSIGNMENT((#13272)) ;
#13302=PRESENTATION_STYLE_ASSIGNMENT((#13301)) ;
#13326=PRESENTATION_STYLE_ASSIGNMENT((#13325)) ;
#13350=PRESENTATION_STYLE_ASSIGNMENT((#13349)) ;
#13374=PRESENTATION_STYLE_ASSIGNMENT((#13373)) ;
#13398=PRESENTATION_STYLE_ASSIGNMENT((#13397)) ;
#13422=PRESENTATION_STYLE_ASSIGNMENT((#13421)) ;
#13446=PRESENTATION_STYLE_ASSIGNMENT((#13445)) ;
#13470=PRESENTATION_STYLE_ASSIGNMENT((#13469)) ;
#13494=PRESENTATION_STYLE_ASSIGNMENT((#13493)) ;
#13518=PRESENTATION_STYLE_ASSIGNMENT((#13517)) ;
#13542=PRESENTATION_STYLE_ASSIGNMENT((#13541)) ;
#13566=PRESENTATION_STYLE_ASSIGNMENT((#13565)) ;
#13590=PRESENTATION_STYLE_ASSIGNMENT((#13589)) ;
#13614=PRESENTATION_STYLE_ASSIGNMENT((#13613)) ;
#13638=PRESENTATION_STYLE_ASSIGNMENT((#13637)) ;
#13662=PRESENTATION_STYLE_ASSIGNMENT((#13661)) ;
#13686=PRESENTATION_STYLE_ASSIGNMENT((#13685)) ;
#13710=PRESENTATION_STYLE_ASSIGNMENT((#13709)) ;
#13734=PRESENTATION_STYLE_ASSIGNMENT((#13733)) ;
#13758=PRESENTATION_STYLE_ASSIGNMENT((#13757)) ;
#13782=PRESENTATION_STYLE_ASSIGNMENT((#13781)) ;
#13801=PRESENTATION_STYLE_ASSIGNMENT((#13800)) ;
#13987=PRESENTATION_STYLE_ASSIGNMENT((#13986)) ;
#14016=PRESENTATION_STYLE_ASSIGNMENT((#14015)) ;
#14040=PRESENTATION_STYLE_ASSIGNMENT((#14039)) ;
#14064=PRESENTATION_STYLE_ASSIGNMENT((#14063)) ;
#14088=PRESENTATION_STYLE_ASSIGNMENT((#14087)) ;
#14112=PRESENTATION_STYLE_ASSIGNMENT((#14111)) ;
#14136=PRESENTATION_STYLE_ASSIGNMENT((#14135)) ;
#14160=PRESENTATION_STYLE_ASSIGNMENT((#14159)) ;
#14184=PRESENTATION_STYLE_ASSIGNMENT((#14183)) ;
#14208=PRESENTATION_STYLE_ASSIGNMENT((#14207)) ;
#14232=PRESENTATION_STYLE_ASSIGNMENT((#14231)) ;
#14256=PRESENTATION_STYLE_ASSIGNMENT((#14255)) ;
#14280=PRESENTATION_STYLE_ASSIGNMENT((#14279)) ;
#14304=PRESENTATION_STYLE_ASSIGNMENT((#14303)) ;
#14328=PRESENTATION_STYLE_ASSIGNMENT((#14327)) ;
#14352=PRESENTATION_STYLE_ASSIGNMENT((#14351)) ;
#14376=PRESENTATION_STYLE_ASSIGNMENT((#14375)) ;
#14400=PRESENTATION_STYLE_ASSIGNMENT((#14399)) ;
#14424=PRESENTATION_STYLE_ASSIGNMENT((#14423)) ;
#14448=PRESENTATION_STYLE_ASSIGNMENT((#14447)) ;
#14472=PRESENTATION_STYLE_ASSIGNMENT((#14471)) ;
#14496=PRESENTATION_STYLE_ASSIGNMENT((#14495)) ;
#14515=PRESENTATION_STYLE_ASSIGNMENT((#14514)) ;
#14797=PRESENTATION_STYLE_ASSIGNMENT((#14796)) ;
#14826=PRESENTATION_STYLE_ASSIGNMENT((#14825)) ;
#14850=PRESENTATION_STYLE_ASSIGNMENT((#14849)) ;
#14874=PRESENTATION_STYLE_ASSIGNMENT((#14873)) ;
#14898=PRESENTATION_STYLE_ASSIGNMENT((#14897)) ;
#14922=PRESENTATION_STYLE_ASSIGNMENT((#14921)) ;
#14946=PRESENTATION_STYLE_ASSIGNMENT((#14945)) ;
#14970=PRESENTATION_STYLE_ASSIGNMENT((#14969)) ;
#14994=PRESENTATION_STYLE_ASSIGNMENT((#14993)) ;
#15018=PRESENTATION_STYLE_ASSIGNMENT((#15017)) ;
#15042=PRESENTATION_STYLE_ASSIGNMENT((#15041)) ;
#15066=PRESENTATION_STYLE_ASSIGNMENT((#15065)) ;
#15090=PRESENTATION_STYLE_ASSIGNMENT((#15089)) ;
#15114=PRESENTATION_STYLE_ASSIGNMENT((#15113)) ;
#15138=PRESENTATION_STYLE_ASSIGNMENT((#15137)) ;
#15162=PRESENTATION_STYLE_ASSIGNMENT((#15161)) ;
#15186=PRESENTATION_STYLE_ASSIGNMENT((#15185)) ;
#15210=PRESENTATION_STYLE_ASSIGNMENT((#15209)) ;
#15234=PRESENTATION_STYLE_ASSIGNMENT((#15233)) ;
#15258=PRESENTATION_STYLE_ASSIGNMENT((#15257)) ;
#15282=PRESENTATION_STYLE_ASSIGNMENT((#15281)) ;
#15306=PRESENTATION_STYLE_ASSIGNMENT((#15305)) ;
#15330=PRESENTATION_STYLE_ASSIGNMENT((#15329)) ;
#15354=PRESENTATION_STYLE_ASSIGNMENT((#15353)) ;
#15378=PRESENTATION_STYLE_ASSIGNMENT((#15377)) ;
#15402=PRESENTATION_STYLE_ASSIGNMENT((#15401)) ;
#15426=PRESENTATION_STYLE_ASSIGNMENT((#15425)) ;
#15450=PRESENTATION_STYLE_ASSIGNMENT((#15449)) ;
#15474=PRESENTATION_STYLE_ASSIGNMENT((#15473)) ;
#15498=PRESENTATION_STYLE_ASSIGNMENT((#15497)) ;
#15522=PRESENTATION_STYLE_ASSIGNMENT((#15521)) ;
#15546=PRESENTATION_STYLE_ASSIGNMENT((#15545)) ;
#15570=PRESENTATION_STYLE_ASSIGNMENT((#15569)) ;
#15594=PRESENTATION_STYLE_ASSIGNMENT((#15593)) ;
#15613=PRESENTATION_STYLE_ASSIGNMENT((#15612)) ;
#15703=PRESENTATION_STYLE_ASSIGNMENT((#15702)) ;
#15732=PRESENTATION_STYLE_ASSIGNMENT((#15731)) ;
#15756=PRESENTATION_STYLE_ASSIGNMENT((#15755)) ;
#15775=PRESENTATION_STYLE_ASSIGNMENT((#15774)) ;
#15799=PRESENTATION_STYLE_ASSIGNMENT((#15798)) ;
#15818=PRESENTATION_STYLE_ASSIGNMENT((#15817)) ;
#15842=PRESENTATION_STYLE_ASSIGNMENT((#15841)) ;
#15861=PRESENTATION_STYLE_ASSIGNMENT((#15860)) ;
#15885=PRESENTATION_STYLE_ASSIGNMENT((#15884)) ;
#15904=PRESENTATION_STYLE_ASSIGNMENT((#15903)) ;
#15923=PRESENTATION_STYLE_ASSIGNMENT((#15922)) ;
#16111=PRESENTATION_STYLE_ASSIGNMENT((#16110)) ;
#16140=PRESENTATION_STYLE_ASSIGNMENT((#16139)) ;
#16154=PRESENTATION_STYLE_ASSIGNMENT((#16153)) ;
#16183=PRESENTATION_STYLE_ASSIGNMENT((#16182)) ;
#16197=PRESENTATION_STYLE_ASSIGNMENT((#16196)) ;
#16226=PRESENTATION_STYLE_ASSIGNMENT((#16225)) ;
#16240=PRESENTATION_STYLE_ASSIGNMENT((#16239)) ;
#16269=PRESENTATION_STYLE_ASSIGNMENT((#16268)) ;
#16283=PRESENTATION_STYLE_ASSIGNMENT((#16282)) ;
#16312=PRESENTATION_STYLE_ASSIGNMENT((#16311)) ;
#16326=PRESENTATION_STYLE_ASSIGNMENT((#16325)) ;
#16355=PRESENTATION_STYLE_ASSIGNMENT((#16354)) ;
#16369=PRESENTATION_STYLE_ASSIGNMENT((#16368)) ;
#16398=PRESENTATION_STYLE_ASSIGNMENT((#16397)) ;
#16412=PRESENTATION_STYLE_ASSIGNMENT((#16411)) ;
#16441=PRESENTATION_STYLE_ASSIGNMENT((#16440)) ;
#16455=PRESENTATION_STYLE_ASSIGNMENT((#16454)) ;
#16484=PRESENTATION_STYLE_ASSIGNMENT((#16483)) ;
#16498=PRESENTATION_STYLE_ASSIGNMENT((#16497)) ;
#16527=PRESENTATION_STYLE_ASSIGNMENT((#16526)) ;
#16541=PRESENTATION_STYLE_ASSIGNMENT((#16540)) ;
#31=SURFACE_STYLE_USAGE(.BOTH.,#30) ;
#5870=SURFACE_STYLE_USAGE(.BOTH.,#5869) ;
#5899=SURFACE_STYLE_USAGE(.BOTH.,#5898) ;
#5923=SURFACE_STYLE_USAGE(.BOTH.,#5922) ;
#5947=SURFACE_STYLE_USAGE(.BOTH.,#5946) ;
#5971=SURFACE_STYLE_USAGE(.BOTH.,#5970) ;
#5995=SURFACE_STYLE_USAGE(.BOTH.,#5994) ;
#6019=SURFACE_STYLE_USAGE(.BOTH.,#6018) ;
#6043=SURFACE_STYLE_USAGE(.BOTH.,#6042) ;
#6067=SURFACE_STYLE_USAGE(.BOTH.,#6066) ;
#6091=SURFACE_STYLE_USAGE(.BOTH.,#6090) ;
#6115=SURFACE_STYLE_USAGE(.BOTH.,#6114) ;
#6139=SURFACE_STYLE_USAGE(.BOTH.,#6138) ;
#6163=SURFACE_STYLE_USAGE(.BOTH.,#6162) ;
#6187=SURFACE_STYLE_USAGE(.BOTH.,#6186) ;
#6211=SURFACE_STYLE_USAGE(.BOTH.,#6210) ;
#6235=SURFACE_STYLE_USAGE(.BOTH.,#6234) ;
#6259=SURFACE_STYLE_USAGE(.BOTH.,#6258) ;
#6283=SURFACE_STYLE_USAGE(.BOTH.,#6282) ;
#6307=SURFACE_STYLE_USAGE(.BOTH.,#6306) ;
#6331=SURFACE_STYLE_USAGE(.BOTH.,#6330) ;
#6355=SURFACE_STYLE_USAGE(.BOTH.,#6354) ;
#6379=SURFACE_STYLE_USAGE(.BOTH.,#6378) ;
#6403=SURFACE_STYLE_USAGE(.BOTH.,#6402) ;
#6427=SURFACE_STYLE_USAGE(.BOTH.,#6426) ;
#6451=SURFACE_STYLE_USAGE(.BOTH.,#6450) ;
#6475=SURFACE_STYLE_USAGE(.BOTH.,#6474) ;
#6494=SURFACE_STYLE_USAGE(.BOTH.,#6493) ;
#6518=SURFACE_STYLE_USAGE(.BOTH.,#6517) ;
#6542=SURFACE_STYLE_USAGE(.BOTH.,#6541) ;
#6566=SURFACE_STYLE_USAGE(.BOTH.,#6565) ;
#6590=SURFACE_STYLE_USAGE(.BOTH.,#6589) ;
#6614=SURFACE_STYLE_USAGE(.BOTH.,#6613) ;
#6638=SURFACE_STYLE_USAGE(.BOTH.,#6637) ;
#6662=SURFACE_STYLE_USAGE(.BOTH.,#6661) ;
#6686=SURFACE_STYLE_USAGE(.BOTH.,#6685) ;
#6710=SURFACE_STYLE_USAGE(.BOTH.,#6709) ;
#6734=SURFACE_STYLE_USAGE(.BOTH.,#6733) ;
#6758=SURFACE_STYLE_USAGE(.BOTH.,#6757) ;
#6782=SURFACE_STYLE_USAGE(.BOTH.,#6781) ;
#6806=SURFACE_STYLE_USAGE(.BOTH.,#6805) ;
#6830=SURFACE_STYLE_USAGE(.BOTH.,#6829) ;
#6854=SURFACE_STYLE_USAGE(.BOTH.,#6853) ;
#6878=SURFACE_STYLE_USAGE(.BOTH.,#6877) ;
#6902=SURFACE_STYLE_USAGE(.BOTH.,#6901) ;
#6926=SURFACE_STYLE_USAGE(.BOTH.,#6925) ;
#6950=SURFACE_STYLE_USAGE(.BOTH.,#6949) ;
#6974=SURFACE_STYLE_USAGE(.BOTH.,#6973) ;
#6998=SURFACE_STYLE_USAGE(.BOTH.,#6997) ;
#7017=SURFACE_STYLE_USAGE(.BOTH.,#7016) ;
#7041=SURFACE_STYLE_USAGE(.BOTH.,#7040) ;
#7065=SURFACE_STYLE_USAGE(.BOTH.,#7064) ;
#7089=SURFACE_STYLE_USAGE(.BOTH.,#7088) ;
#7113=SURFACE_STYLE_USAGE(.BOTH.,#7112) ;
#7137=SURFACE_STYLE_USAGE(.BOTH.,#7136) ;
#7161=SURFACE_STYLE_USAGE(.BOTH.,#7160) ;
#7185=SURFACE_STYLE_USAGE(.BOTH.,#7184) ;
#7209=SURFACE_STYLE_USAGE(.BOTH.,#7208) ;
#7233=SURFACE_STYLE_USAGE(.BOTH.,#7232) ;
#7257=SURFACE_STYLE_USAGE(.BOTH.,#7256) ;
#7281=SURFACE_STYLE_USAGE(.BOTH.,#7280) ;
#7305=SURFACE_STYLE_USAGE(.BOTH.,#7304) ;
#7329=SURFACE_STYLE_USAGE(.BOTH.,#7328) ;
#7353=SURFACE_STYLE_USAGE(.BOTH.,#7352) ;
#7377=SURFACE_STYLE_USAGE(.BOTH.,#7376) ;
#7401=SURFACE_STYLE_USAGE(.BOTH.,#7400) ;
#7425=SURFACE_STYLE_USAGE(.BOTH.,#7424) ;
#7449=SURFACE_STYLE_USAGE(.BOTH.,#7448) ;
#7473=SURFACE_STYLE_USAGE(.BOTH.,#7472) ;
#7497=SURFACE_STYLE_USAGE(.BOTH.,#7496) ;
#7521=SURFACE_STYLE_USAGE(.BOTH.,#7520) ;
#7545=SURFACE_STYLE_USAGE(.BOTH.,#7544) ;
#7569=SURFACE_STYLE_USAGE(.BOTH.,#7568) ;
#7593=SURFACE_STYLE_USAGE(.BOTH.,#7592) ;
#7617=SURFACE_STYLE_USAGE(.BOTH.,#7616) ;
#7641=SURFACE_STYLE_USAGE(.BOTH.,#7640) ;
#7665=SURFACE_STYLE_USAGE(.BOTH.,#7664) ;
#7689=SURFACE_STYLE_USAGE(.BOTH.,#7688) ;
#7713=SURFACE_STYLE_USAGE(.BOTH.,#7712) ;
#7737=SURFACE_STYLE_USAGE(.BOTH.,#7736) ;
#7761=SURFACE_STYLE_USAGE(.BOTH.,#7760) ;
#7785=SURFACE_STYLE_USAGE(.BOTH.,#7784) ;
#7809=SURFACE_STYLE_USAGE(.BOTH.,#7808) ;
#7833=SURFACE_STYLE_USAGE(.BOTH.,#7832) ;
#7857=SURFACE_STYLE_USAGE(.BOTH.,#7856) ;
#7881=SURFACE_STYLE_USAGE(.BOTH.,#7880) ;
#7905=SURFACE_STYLE_USAGE(.BOTH.,#7904) ;
#7929=SURFACE_STYLE_USAGE(.BOTH.,#7928) ;
#7953=SURFACE_STYLE_USAGE(.BOTH.,#7952) ;
#7977=SURFACE_STYLE_USAGE(.BOTH.,#7976) ;
#8001=SURFACE_STYLE_USAGE(.BOTH.,#8000) ;
#8025=SURFACE_STYLE_USAGE(.BOTH.,#8024) ;
#8049=SURFACE_STYLE_USAGE(.BOTH.,#8048) ;
#8073=SURFACE_STYLE_USAGE(.BOTH.,#8072) ;
#8097=SURFACE_STYLE_USAGE(.BOTH.,#8096) ;
#8121=SURFACE_STYLE_USAGE(.BOTH.,#8120) ;
#8140=SURFACE_STYLE_USAGE(.BOTH.,#8139) ;
#8159=SURFACE_STYLE_USAGE(.BOTH.,#8158) ;
#8183=SURFACE_STYLE_USAGE(.BOTH.,#8182) ;
#8207=SURFACE_STYLE_USAGE(.BOTH.,#8206) ;
#8231=SURFACE_STYLE_USAGE(.BOTH.,#8230) ;
#8255=SURFACE_STYLE_USAGE(.BOTH.,#8254) ;
#8279=SURFACE_STYLE_USAGE(.BOTH.,#8278) ;
#8303=SURFACE_STYLE_USAGE(.BOTH.,#8302) ;
#8327=SURFACE_STYLE_USAGE(.BOTH.,#8326) ;
#8351=SURFACE_STYLE_USAGE(.BOTH.,#8350) ;
#8375=SURFACE_STYLE_USAGE(.BOTH.,#8374) ;
#8399=SURFACE_STYLE_USAGE(.BOTH.,#8398) ;
#8423=SURFACE_STYLE_USAGE(.BOTH.,#8422) ;
#8447=SURFACE_STYLE_USAGE(.BOTH.,#8446) ;
#8471=SURFACE_STYLE_USAGE(.BOTH.,#8470) ;
#8495=SURFACE_STYLE_USAGE(.BOTH.,#8494) ;
#8519=SURFACE_STYLE_USAGE(.BOTH.,#8518) ;
#8543=SURFACE_STYLE_USAGE(.BOTH.,#8542) ;
#8567=SURFACE_STYLE_USAGE(.BOTH.,#8566) ;
#8591=SURFACE_STYLE_USAGE(.BOTH.,#8590) ;
#8615=SURFACE_STYLE_USAGE(.BOTH.,#8614) ;
#8639=SURFACE_STYLE_USAGE(.BOTH.,#8638) ;
#8663=SURFACE_STYLE_USAGE(.BOTH.,#8662) ;
#8687=SURFACE_STYLE_USAGE(.BOTH.,#8686) ;
#8711=SURFACE_STYLE_USAGE(.BOTH.,#8710) ;
#8735=SURFACE_STYLE_USAGE(.BOTH.,#8734) ;
#8759=SURFACE_STYLE_USAGE(.BOTH.,#8758) ;
#8783=SURFACE_STYLE_USAGE(.BOTH.,#8782) ;
#8807=SURFACE_STYLE_USAGE(.BOTH.,#8806) ;
#8831=SURFACE_STYLE_USAGE(.BOTH.,#8830) ;
#8855=SURFACE_STYLE_USAGE(.BOTH.,#8854) ;
#8879=SURFACE_STYLE_USAGE(.BOTH.,#8878) ;
#8903=SURFACE_STYLE_USAGE(.BOTH.,#8902) ;
#8927=SURFACE_STYLE_USAGE(.BOTH.,#8926) ;
#8951=SURFACE_STYLE_USAGE(.BOTH.,#8950) ;
#8975=SURFACE_STYLE_USAGE(.BOTH.,#8974) ;
#8999=SURFACE_STYLE_USAGE(.BOTH.,#8998) ;
#9023=SURFACE_STYLE_USAGE(.BOTH.,#9022) ;
#9047=SURFACE_STYLE_USAGE(.BOTH.,#9046) ;
#9071=SURFACE_STYLE_USAGE(.BOTH.,#9070) ;
#9095=SURFACE_STYLE_USAGE(.BOTH.,#9094) ;
#9119=SURFACE_STYLE_USAGE(.BOTH.,#9118) ;
#9143=SURFACE_STYLE_USAGE(.BOTH.,#9142) ;
#9162=SURFACE_STYLE_USAGE(.BOTH.,#9161) ;
#10116=SURFACE_STYLE_USAGE(.BOTH.,#10115) ;
#10145=SURFACE_STYLE_USAGE(.BOTH.,#10144) ;
#10169=SURFACE_STYLE_USAGE(.BOTH.,#10168) ;
#10193=SURFACE_STYLE_USAGE(.BOTH.,#10192) ;
#10217=SURFACE_STYLE_USAGE(.BOTH.,#10216) ;
#10241=SURFACE_STYLE_USAGE(.BOTH.,#10240) ;
#10265=SURFACE_STYLE_USAGE(.BOTH.,#10264) ;
#10289=SURFACE_STYLE_USAGE(.BOTH.,#10288) ;
#10313=SURFACE_STYLE_USAGE(.BOTH.,#10312) ;
#10337=SURFACE_STYLE_USAGE(.BOTH.,#10336) ;
#10361=SURFACE_STYLE_USAGE(.BOTH.,#10360) ;
#10385=SURFACE_STYLE_USAGE(.BOTH.,#10384) ;
#10409=SURFACE_STYLE_USAGE(.BOTH.,#10408) ;
#10433=SURFACE_STYLE_USAGE(.BOTH.,#10432) ;
#10457=SURFACE_STYLE_USAGE(.BOTH.,#10456) ;
#10481=SURFACE_STYLE_USAGE(.BOTH.,#10480) ;
#10505=SURFACE_STYLE_USAGE(.BOTH.,#10504) ;
#10529=SURFACE_STYLE_USAGE(.BOTH.,#10528) ;
#10553=SURFACE_STYLE_USAGE(.BOTH.,#10552) ;
#10577=SURFACE_STYLE_USAGE(.BOTH.,#10576) ;
#10601=SURFACE_STYLE_USAGE(.BOTH.,#10600) ;
#10625=SURFACE_STYLE_USAGE(.BOTH.,#10624) ;
#10649=SURFACE_STYLE_USAGE(.BOTH.,#10648) ;
#10673=SURFACE_STYLE_USAGE(.BOTH.,#10672) ;
#10697=SURFACE_STYLE_USAGE(.BOTH.,#10696) ;
#10721=SURFACE_STYLE_USAGE(.BOTH.,#10720) ;
#10745=SURFACE_STYLE_USAGE(.BOTH.,#10744) ;
#10769=SURFACE_STYLE_USAGE(.BOTH.,#10768) ;
#10793=SURFACE_STYLE_USAGE(.BOTH.,#10792) ;
#10817=SURFACE_STYLE_USAGE(.BOTH.,#10816) ;
#10841=SURFACE_STYLE_USAGE(.BOTH.,#10840) ;
#10865=SURFACE_STYLE_USAGE(.BOTH.,#10864) ;
#10889=SURFACE_STYLE_USAGE(.BOTH.,#10888) ;
#10913=SURFACE_STYLE_USAGE(.BOTH.,#10912) ;
#10937=SURFACE_STYLE_USAGE(.BOTH.,#10936) ;
#10961=SURFACE_STYLE_USAGE(.BOTH.,#10960) ;
#10985=SURFACE_STYLE_USAGE(.BOTH.,#10984) ;
#11009=SURFACE_STYLE_USAGE(.BOTH.,#11008) ;
#11033=SURFACE_STYLE_USAGE(.BOTH.,#11032) ;
#11057=SURFACE_STYLE_USAGE(.BOTH.,#11056) ;
#11081=SURFACE_STYLE_USAGE(.BOTH.,#11080) ;
#11105=SURFACE_STYLE_USAGE(.BOTH.,#11104) ;
#11129=SURFACE_STYLE_USAGE(.BOTH.,#11128) ;
#11153=SURFACE_STYLE_USAGE(.BOTH.,#11152) ;
#11177=SURFACE_STYLE_USAGE(.BOTH.,#11176) ;
#11201=SURFACE_STYLE_USAGE(.BOTH.,#11200) ;
#11225=SURFACE_STYLE_USAGE(.BOTH.,#11224) ;
#11249=SURFACE_STYLE_USAGE(.BOTH.,#11248) ;
#11273=SURFACE_STYLE_USAGE(.BOTH.,#11272) ;
#11297=SURFACE_STYLE_USAGE(.BOTH.,#11296) ;
#11321=SURFACE_STYLE_USAGE(.BOTH.,#11320) ;
#11345=SURFACE_STYLE_USAGE(.BOTH.,#11344) ;
#11369=SURFACE_STYLE_USAGE(.BOTH.,#11368) ;
#11393=SURFACE_STYLE_USAGE(.BOTH.,#11392) ;
#11417=SURFACE_STYLE_USAGE(.BOTH.,#11416) ;
#11441=SURFACE_STYLE_USAGE(.BOTH.,#11440) ;
#11465=SURFACE_STYLE_USAGE(.BOTH.,#11464) ;
#11489=SURFACE_STYLE_USAGE(.BOTH.,#11488) ;
#11513=SURFACE_STYLE_USAGE(.BOTH.,#11512) ;
#11537=SURFACE_STYLE_USAGE(.BOTH.,#11536) ;
#11561=SURFACE_STYLE_USAGE(.BOTH.,#11560) ;
#11585=SURFACE_STYLE_USAGE(.BOTH.,#11584) ;
#11609=SURFACE_STYLE_USAGE(.BOTH.,#11608) ;
#11633=SURFACE_STYLE_USAGE(.BOTH.,#11632) ;
#11657=SURFACE_STYLE_USAGE(.BOTH.,#11656) ;
#11681=SURFACE_STYLE_USAGE(.BOTH.,#11680) ;
#11705=SURFACE_STYLE_USAGE(.BOTH.,#11704) ;
#11729=SURFACE_STYLE_USAGE(.BOTH.,#11728) ;
#11753=SURFACE_STYLE_USAGE(.BOTH.,#11752) ;
#11777=SURFACE_STYLE_USAGE(.BOTH.,#11776) ;
#11801=SURFACE_STYLE_USAGE(.BOTH.,#11800) ;
#11825=SURFACE_STYLE_USAGE(.BOTH.,#11824) ;
#11849=SURFACE_STYLE_USAGE(.BOTH.,#11848) ;
#11873=SURFACE_STYLE_USAGE(.BOTH.,#11872) ;
#11897=SURFACE_STYLE_USAGE(.BOTH.,#11896) ;
#11921=SURFACE_STYLE_USAGE(.BOTH.,#11920) ;
#11945=SURFACE_STYLE_USAGE(.BOTH.,#11944) ;
#11969=SURFACE_STYLE_USAGE(.BOTH.,#11968) ;
#11993=SURFACE_STYLE_USAGE(.BOTH.,#11992) ;
#12017=SURFACE_STYLE_USAGE(.BOTH.,#12016) ;
#12041=SURFACE_STYLE_USAGE(.BOTH.,#12040) ;
#12065=SURFACE_STYLE_USAGE(.BOTH.,#12064) ;
#12089=SURFACE_STYLE_USAGE(.BOTH.,#12088) ;
#12113=SURFACE_STYLE_USAGE(.BOTH.,#12112) ;
#12137=SURFACE_STYLE_USAGE(.BOTH.,#12136) ;
#12161=SURFACE_STYLE_USAGE(.BOTH.,#12160) ;
#12185=SURFACE_STYLE_USAGE(.BOTH.,#12184) ;
#12209=SURFACE_STYLE_USAGE(.BOTH.,#12208) ;
#12233=SURFACE_STYLE_USAGE(.BOTH.,#12232) ;
#12257=SURFACE_STYLE_USAGE(.BOTH.,#12256) ;
#12281=SURFACE_STYLE_USAGE(.BOTH.,#12280) ;
#12305=SURFACE_STYLE_USAGE(.BOTH.,#12304) ;
#12329=SURFACE_STYLE_USAGE(.BOTH.,#12328) ;
#12353=SURFACE_STYLE_USAGE(.BOTH.,#12352) ;
#12377=SURFACE_STYLE_USAGE(.BOTH.,#12376) ;
#12401=SURFACE_STYLE_USAGE(.BOTH.,#12400) ;
#12425=SURFACE_STYLE_USAGE(.BOTH.,#12424) ;
#12449=SURFACE_STYLE_USAGE(.BOTH.,#12448) ;
#12473=SURFACE_STYLE_USAGE(.BOTH.,#12472) ;
#12497=SURFACE_STYLE_USAGE(.BOTH.,#12496) ;
#12521=SURFACE_STYLE_USAGE(.BOTH.,#12520) ;
#12545=SURFACE_STYLE_USAGE(.BOTH.,#12544) ;
#12569=SURFACE_STYLE_USAGE(.BOTH.,#12568) ;
#12593=SURFACE_STYLE_USAGE(.BOTH.,#12592) ;
#12617=SURFACE_STYLE_USAGE(.BOTH.,#12616) ;
#12641=SURFACE_STYLE_USAGE(.BOTH.,#12640) ;
#12665=SURFACE_STYLE_USAGE(.BOTH.,#12664) ;
#12689=SURFACE_STYLE_USAGE(.BOTH.,#12688) ;
#12713=SURFACE_STYLE_USAGE(.BOTH.,#12712) ;
#12737=SURFACE_STYLE_USAGE(.BOTH.,#12736) ;
#12761=SURFACE_STYLE_USAGE(.BOTH.,#12760) ;
#12785=SURFACE_STYLE_USAGE(.BOTH.,#12784) ;
#12809=SURFACE_STYLE_USAGE(.BOTH.,#12808) ;
#12833=SURFACE_STYLE_USAGE(.BOTH.,#12832) ;
#12857=SURFACE_STYLE_USAGE(.BOTH.,#12856) ;
#12881=SURFACE_STYLE_USAGE(.BOTH.,#12880) ;
#12905=SURFACE_STYLE_USAGE(.BOTH.,#12904) ;
#12929=SURFACE_STYLE_USAGE(.BOTH.,#12928) ;
#12948=SURFACE_STYLE_USAGE(.BOTH.,#12947) ;
#12990=SURFACE_STYLE_USAGE(.BOTH.,#12989) ;
#13019=SURFACE_STYLE_USAGE(.BOTH.,#13018) ;
#13043=SURFACE_STYLE_USAGE(.BOTH.,#13042) ;
#13067=SURFACE_STYLE_USAGE(.BOTH.,#13066) ;
#13086=SURFACE_STYLE_USAGE(.BOTH.,#13085) ;
#13272=SURFACE_STYLE_USAGE(.BOTH.,#13271) ;
#13301=SURFACE_STYLE_USAGE(.BOTH.,#13300) ;
#13325=SURFACE_STYLE_USAGE(.BOTH.,#13324) ;
#13349=SURFACE_STYLE_USAGE(.BOTH.,#13348) ;
#13373=SURFACE_STYLE_USAGE(.BOTH.,#13372) ;
#13397=SURFACE_STYLE_USAGE(.BOTH.,#13396) ;
#13421=SURFACE_STYLE_USAGE(.BOTH.,#13420) ;
#13445=SURFACE_STYLE_USAGE(.BOTH.,#13444) ;
#13469=SURFACE_STYLE_USAGE(.BOTH.,#13468) ;
#13493=SURFACE_STYLE_USAGE(.BOTH.,#13492) ;
#13517=SURFACE_STYLE_USAGE(.BOTH.,#13516) ;
#13541=SURFACE_STYLE_USAGE(.BOTH.,#13540) ;
#13565=SURFACE_STYLE_USAGE(.BOTH.,#13564) ;
#13589=SURFACE_STYLE_USAGE(.BOTH.,#13588) ;
#13613=SURFACE_STYLE_USAGE(.BOTH.,#13612) ;
#13637=SURFACE_STYLE_USAGE(.BOTH.,#13636) ;
#13661=SURFACE_STYLE_USAGE(.BOTH.,#13660) ;
#13685=SURFACE_STYLE_USAGE(.BOTH.,#13684) ;
#13709=SURFACE_STYLE_USAGE(.BOTH.,#13708) ;
#13733=SURFACE_STYLE_USAGE(.BOTH.,#13732) ;
#13757=SURFACE_STYLE_USAGE(.BOTH.,#13756) ;
#13781=SURFACE_STYLE_USAGE(.BOTH.,#13780) ;
#13800=SURFACE_STYLE_USAGE(.BOTH.,#13799) ;
#13986=SURFACE_STYLE_USAGE(.BOTH.,#13985) ;
#14015=SURFACE_STYLE_USAGE(.BOTH.,#14014) ;
#14039=SURFACE_STYLE_USAGE(.BOTH.,#14038) ;
#14063=SURFACE_STYLE_USAGE(.BOTH.,#14062) ;
#14087=SURFACE_STYLE_USAGE(.BOTH.,#14086) ;
#14111=SURFACE_STYLE_USAGE(.BOTH.,#14110) ;
#14135=SURFACE_STYLE_USAGE(.BOTH.,#14134) ;
#14159=SURFACE_STYLE_USAGE(.BOTH.,#14158) ;
#14183=SURFACE_STYLE_USAGE(.BOTH.,#14182) ;
#14207=SURFACE_STYLE_USAGE(.BOTH.,#14206) ;
#14231=SURFACE_STYLE_USAGE(.BOTH.,#14230) ;
#14255=SURFACE_STYLE_USAGE(.BOTH.,#14254) ;
#14279=SURFACE_STYLE_USAGE(.BOTH.,#14278) ;
#14303=SURFACE_STYLE_USAGE(.BOTH.,#14302) ;
#14327=SURFACE_STYLE_USAGE(.BOTH.,#14326) ;
#14351=SURFACE_STYLE_USAGE(.BOTH.,#14350) ;
#14375=SURFACE_STYLE_USAGE(.BOTH.,#14374) ;
#14399=SURFACE_STYLE_USAGE(.BOTH.,#14398) ;
#14423=SURFACE_STYLE_USAGE(.BOTH.,#14422) ;
#14447=SURFACE_STYLE_USAGE(.BOTH.,#14446) ;
#14471=SURFACE_STYLE_USAGE(.BOTH.,#14470) ;
#14495=SURFACE_STYLE_USAGE(.BOTH.,#14494) ;
#14514=SURFACE_STYLE_USAGE(.BOTH.,#14513) ;
#14796=SURFACE_STYLE_USAGE(.BOTH.,#14795) ;
#14825=SURFACE_STYLE_USAGE(.BOTH.,#14824) ;
#14849=SURFACE_STYLE_USAGE(.BOTH.,#14848) ;
#14873=SURFACE_STYLE_USAGE(.BOTH.,#14872) ;
#14897=SURFACE_STYLE_USAGE(.BOTH.,#14896) ;
#14921=SURFACE_STYLE_USAGE(.BOTH.,#14920) ;
#14945=SURFACE_STYLE_USAGE(.BOTH.,#14944) ;
#14969=SURFACE_STYLE_USAGE(.BOTH.,#14968) ;
#14993=SURFACE_STYLE_USAGE(.BOTH.,#14992) ;
#15017=SURFACE_STYLE_USAGE(.BOTH.,#15016) ;
#15041=SURFACE_STYLE_USAGE(.BOTH.,#15040) ;
#15065=SURFACE_STYLE_USAGE(.BOTH.,#15064) ;
#15089=SURFACE_STYLE_USAGE(.BOTH.,#15088) ;
#15113=SURFACE_STYLE_USAGE(.BOTH.,#15112) ;
#15137=SURFACE_STYLE_USAGE(.BOTH.,#15136) ;
#15161=SURFACE_STYLE_USAGE(.BOTH.,#15160) ;
#15185=SURFACE_STYLE_USAGE(.BOTH.,#15184) ;
#15209=SURFACE_STYLE_USAGE(.BOTH.,#15208) ;
#15233=SURFACE_STYLE_USAGE(.BOTH.,#15232) ;
#15257=SURFACE_STYLE_USAGE(.BOTH.,#15256) ;
#15281=SURFACE_STYLE_USAGE(.BOTH.,#15280) ;
#15305=SURFACE_STYLE_USAGE(.BOTH.,#15304) ;
#15329=SURFACE_STYLE_USAGE(.BOTH.,#15328) ;
#15353=SURFACE_STYLE_USAGE(.BOTH.,#15352) ;
#15377=SURFACE_STYLE_USAGE(.BOTH.,#15376) ;
#15401=SURFACE_STYLE_USAGE(.BOTH.,#15400) ;
#15425=SURFACE_STYLE_USAGE(.BOTH.,#15424) ;
#15449=SURFACE_STYLE_USAGE(.BOTH.,#15448) ;
#15473=SURFACE_STYLE_USAGE(.BOTH.,#15472) ;
#15497=SURFACE_STYLE_USAGE(.BOTH.,#15496) ;
#15521=SURFACE_STYLE_USAGE(.BOTH.,#15520) ;
#15545=SURFACE_STYLE_USAGE(.BOTH.,#15544) ;
#15569=SURFACE_STYLE_USAGE(.BOTH.,#15568) ;
#15593=SURFACE_STYLE_USAGE(.BOTH.,#15592) ;
#15612=SURFACE_STYLE_USAGE(.BOTH.,#15611) ;
#15702=SURFACE_STYLE_USAGE(.BOTH.,#15701) ;
#15731=SURFACE_STYLE_USAGE(.BOTH.,#15730) ;
#15755=SURFACE_STYLE_USAGE(.BOTH.,#15754) ;
#15774=SURFACE_STYLE_USAGE(.BOTH.,#15773) ;
#15798=SURFACE_STYLE_USAGE(.BOTH.,#15797) ;
#15817=SURFACE_STYLE_USAGE(.BOTH.,#15816) ;
#15841=SURFACE_STYLE_USAGE(.BOTH.,#15840) ;
#15860=SURFACE_STYLE_USAGE(.BOTH.,#15859) ;
#15884=SURFACE_STYLE_USAGE(.BOTH.,#15883) ;
#15903=SURFACE_STYLE_USAGE(.BOTH.,#15902) ;
#15922=SURFACE_STYLE_USAGE(.BOTH.,#15921) ;
#16110=SURFACE_STYLE_USAGE(.BOTH.,#16109) ;
#16139=SURFACE_STYLE_USAGE(.BOTH.,#16138) ;
#16153=SURFACE_STYLE_USAGE(.BOTH.,#16152) ;
#16182=SURFACE_STYLE_USAGE(.BOTH.,#16181) ;
#16196=SURFACE_STYLE_USAGE(.BOTH.,#16195) ;
#16225=SURFACE_STYLE_USAGE(.BOTH.,#16224) ;
#16239=SURFACE_STYLE_USAGE(.BOTH.,#16238) ;
#16268=SURFACE_STYLE_USAGE(.BOTH.,#16267) ;
#16282=SURFACE_STYLE_USAGE(.BOTH.,#16281) ;
#16311=SURFACE_STYLE_USAGE(.BOTH.,#16310) ;
#16325=SURFACE_STYLE_USAGE(.BOTH.,#16324) ;
#16354=SURFACE_STYLE_USAGE(.BOTH.,#16353) ;
#16368=SURFACE_STYLE_USAGE(.BOTH.,#16367) ;
#16397=SURFACE_STYLE_USAGE(.BOTH.,#16396) ;
#16411=SURFACE_STYLE_USAGE(.BOTH.,#16410) ;
#16440=SURFACE_STYLE_USAGE(.BOTH.,#16439) ;
#16454=SURFACE_STYLE_USAGE(.BOTH.,#16453) ;
#16483=SURFACE_STYLE_USAGE(.BOTH.,#16482) ;
#16497=SURFACE_STYLE_USAGE(.BOTH.,#16496) ;
#16526=SURFACE_STYLE_USAGE(.BOTH.,#16525) ;
#16540=SURFACE_STYLE_USAGE(.BOTH.,#16539) ;
#30=SURFACE_SIDE_STYLE(' ',(#29)) ;
#5869=SURFACE_SIDE_STYLE(' ',(#5868)) ;
#5898=SURFACE_SIDE_STYLE(' ',(#5897)) ;
#5922=SURFACE_SIDE_STYLE(' ',(#5921)) ;
#5946=SURFACE_SIDE_STYLE(' ',(#5945)) ;
#5970=SURFACE_SIDE_STYLE(' ',(#5969)) ;
#5994=SURFACE_SIDE_STYLE(' ',(#5993)) ;
#6018=SURFACE_SIDE_STYLE(' ',(#6017)) ;
#6042=SURFACE_SIDE_STYLE(' ',(#6041)) ;
#6066=SURFACE_SIDE_STYLE(' ',(#6065)) ;
#6090=SURFACE_SIDE_STYLE(' ',(#6089)) ;
#6114=SURFACE_SIDE_STYLE(' ',(#6113)) ;
#6138=SURFACE_SIDE_STYLE(' ',(#6137)) ;
#6162=SURFACE_SIDE_STYLE(' ',(#6161)) ;
#6186=SURFACE_SIDE_STYLE(' ',(#6185)) ;
#6210=SURFACE_SIDE_STYLE(' ',(#6209)) ;
#6234=SURFACE_SIDE_STYLE(' ',(#6233)) ;
#6258=SURFACE_SIDE_STYLE(' ',(#6257)) ;
#6282=SURFACE_SIDE_STYLE(' ',(#6281)) ;
#6306=SURFACE_SIDE_STYLE(' ',(#6305)) ;
#6330=SURFACE_SIDE_STYLE(' ',(#6329)) ;
#6354=SURFACE_SIDE_STYLE(' ',(#6353)) ;
#6378=SURFACE_SIDE_STYLE(' ',(#6377)) ;
#6402=SURFACE_SIDE_STYLE(' ',(#6401)) ;
#6426=SURFACE_SIDE_STYLE(' ',(#6425)) ;
#6450=SURFACE_SIDE_STYLE(' ',(#6449)) ;
#6474=SURFACE_SIDE_STYLE(' ',(#6473)) ;
#6493=SURFACE_SIDE_STYLE(' ',(#6492)) ;
#6517=SURFACE_SIDE_STYLE(' ',(#6516)) ;
#6541=SURFACE_SIDE_STYLE(' ',(#6540)) ;
#6565=SURFACE_SIDE_STYLE(' ',(#6564)) ;
#6589=SURFACE_SIDE_STYLE(' ',(#6588)) ;
#6613=SURFACE_SIDE_STYLE(' ',(#6612)) ;
#6637=SURFACE_SIDE_STYLE(' ',(#6636)) ;
#6661=SURFACE_SIDE_STYLE(' ',(#6660)) ;
#6685=SURFACE_SIDE_STYLE(' ',(#6684)) ;
#6709=SURFACE_SIDE_STYLE(' ',(#6708)) ;
#6733=SURFACE_SIDE_STYLE(' ',(#6732)) ;
#6757=SURFACE_SIDE_STYLE(' ',(#6756)) ;
#6781=SURFACE_SIDE_STYLE(' ',(#6780)) ;
#6805=SURFACE_SIDE_STYLE(' ',(#6804)) ;
#6829=SURFACE_SIDE_STYLE(' ',(#6828)) ;
#6853=SURFACE_SIDE_STYLE(' ',(#6852)) ;
#6877=SURFACE_SIDE_STYLE(' ',(#6876)) ;
#6901=SURFACE_SIDE_STYLE(' ',(#6900)) ;
#6925=SURFACE_SIDE_STYLE(' ',(#6924)) ;
#6949=SURFACE_SIDE_STYLE(' ',(#6948)) ;
#6973=SURFACE_SIDE_STYLE(' ',(#6972)) ;
#6997=SURFACE_SIDE_STYLE(' ',(#6996)) ;
#7016=SURFACE_SIDE_STYLE(' ',(#7015)) ;
#7040=SURFACE_SIDE_STYLE(' ',(#7039)) ;
#7064=SURFACE_SIDE_STYLE(' ',(#7063)) ;
#7088=SURFACE_SIDE_STYLE(' ',(#7087)) ;
#7112=SURFACE_SIDE_STYLE(' ',(#7111)) ;
#7136=SURFACE_SIDE_STYLE(' ',(#7135)) ;
#7160=SURFACE_SIDE_STYLE(' ',(#7159)) ;
#7184=SURFACE_SIDE_STYLE(' ',(#7183)) ;
#7208=SURFACE_SIDE_STYLE(' ',(#7207)) ;
#7232=SURFACE_SIDE_STYLE(' ',(#7231)) ;
#7256=SURFACE_SIDE_STYLE(' ',(#7255)) ;
#7280=SURFACE_SIDE_STYLE(' ',(#7279)) ;
#7304=SURFACE_SIDE_STYLE(' ',(#7303)) ;
#7328=SURFACE_SIDE_STYLE(' ',(#7327)) ;
#7352=SURFACE_SIDE_STYLE(' ',(#7351)) ;
#7376=SURFACE_SIDE_STYLE(' ',(#7375)) ;
#7400=SURFACE_SIDE_STYLE(' ',(#7399)) ;
#7424=SURFACE_SIDE_STYLE(' ',(#7423)) ;
#7448=SURFACE_SIDE_STYLE(' ',(#7447)) ;
#7472=SURFACE_SIDE_STYLE(' ',(#7471)) ;
#7496=SURFACE_SIDE_STYLE(' ',(#7495)) ;
#7520=SURFACE_SIDE_STYLE(' ',(#7519)) ;
#7544=SURFACE_SIDE_STYLE(' ',(#7543)) ;
#7568=SURFACE_SIDE_STYLE(' ',(#7567)) ;
#7592=SURFACE_SIDE_STYLE(' ',(#7591)) ;
#7616=SURFACE_SIDE_STYLE(' ',(#7615)) ;
#7640=SURFACE_SIDE_STYLE(' ',(#7639)) ;
#7664=SURFACE_SIDE_STYLE(' ',(#7663)) ;
#7688=SURFACE_SIDE_STYLE(' ',(#7687)) ;
#7712=SURFACE_SIDE_STYLE(' ',(#7711)) ;
#7736=SURFACE_SIDE_STYLE(' ',(#7735)) ;
#7760=SURFACE_SIDE_STYLE(' ',(#7759)) ;
#7784=SURFACE_SIDE_STYLE(' ',(#7783)) ;
#7808=SURFACE_SIDE_STYLE(' ',(#7807)) ;
#7832=SURFACE_SIDE_STYLE(' ',(#7831)) ;
#7856=SURFACE_SIDE_STYLE(' ',(#7855)) ;
#7880=SURFACE_SIDE_STYLE(' ',(#7879)) ;
#7904=SURFACE_SIDE_STYLE(' ',(#7903)) ;
#7928=SURFACE_SIDE_STYLE(' ',(#7927)) ;
#7952=SURFACE_SIDE_STYLE(' ',(#7951)) ;
#7976=SURFACE_SIDE_STYLE(' ',(#7975)) ;
#8000=SURFACE_SIDE_STYLE(' ',(#7999)) ;
#8024=SURFACE_SIDE_STYLE(' ',(#8023)) ;
#8048=SURFACE_SIDE_STYLE(' ',(#8047)) ;
#8072=SURFACE_SIDE_STYLE(' ',(#8071)) ;
#8096=SURFACE_SIDE_STYLE(' ',(#8095)) ;
#8120=SURFACE_SIDE_STYLE(' ',(#8119)) ;
#8139=SURFACE_SIDE_STYLE(' ',(#8138)) ;
#8158=SURFACE_SIDE_STYLE(' ',(#8157)) ;
#8182=SURFACE_SIDE_STYLE(' ',(#8181)) ;
#8206=SURFACE_SIDE_STYLE(' ',(#8205)) ;
#8230=SURFACE_SIDE_STYLE(' ',(#8229)) ;
#8254=SURFACE_SIDE_STYLE(' ',(#8253)) ;
#8278=SURFACE_SIDE_STYLE(' ',(#8277)) ;
#8302=SURFACE_SIDE_STYLE(' ',(#8301)) ;
#8326=SURFACE_SIDE_STYLE(' ',(#8325)) ;
#8350=SURFACE_SIDE_STYLE(' ',(#8349)) ;
#8374=SURFACE_SIDE_STYLE(' ',(#8373)) ;
#8398=SURFACE_SIDE_STYLE(' ',(#8397)) ;
#8422=SURFACE_SIDE_STYLE(' ',(#8421)) ;
#8446=SURFACE_SIDE_STYLE(' ',(#8445)) ;
#8470=SURFACE_SIDE_STYLE(' ',(#8469)) ;
#8494=SURFACE_SIDE_STYLE(' ',(#8493)) ;
#8518=SURFACE_SIDE_STYLE(' ',(#8517)) ;
#8542=SURFACE_SIDE_STYLE(' ',(#8541)) ;
#8566=SURFACE_SIDE_STYLE(' ',(#8565)) ;
#8590=SURFACE_SIDE_STYLE(' ',(#8589)) ;
#8614=SURFACE_SIDE_STYLE(' ',(#8613)) ;
#8638=SURFACE_SIDE_STYLE(' ',(#8637)) ;
#8662=SURFACE_SIDE_STYLE(' ',(#8661)) ;
#8686=SURFACE_SIDE_STYLE(' ',(#8685)) ;
#8710=SURFACE_SIDE_STYLE(' ',(#8709)) ;
#8734=SURFACE_SIDE_STYLE(' ',(#8733)) ;
#8758=SURFACE_SIDE_STYLE(' ',(#8757)) ;
#8782=SURFACE_SIDE_STYLE(' ',(#8781)) ;
#8806=SURFACE_SIDE_STYLE(' ',(#8805)) ;
#8830=SURFACE_SIDE_STYLE(' ',(#8829)) ;
#8854=SURFACE_SIDE_STYLE(' ',(#8853)) ;
#8878=SURFACE_SIDE_STYLE(' ',(#8877)) ;
#8902=SURFACE_SIDE_STYLE(' ',(#8901)) ;
#8926=SURFACE_SIDE_STYLE(' ',(#8925)) ;
#8950=SURFACE_SIDE_STYLE(' ',(#8949)) ;
#8974=SURFACE_SIDE_STYLE(' ',(#8973)) ;
#8998=SURFACE_SIDE_STYLE(' ',(#8997)) ;
#9022=SURFACE_SIDE_STYLE(' ',(#9021)) ;
#9046=SURFACE_SIDE_STYLE(' ',(#9045)) ;
#9070=SURFACE_SIDE_STYLE(' ',(#9069)) ;
#9094=SURFACE_SIDE_STYLE(' ',(#9093)) ;
#9118=SURFACE_SIDE_STYLE(' ',(#9117)) ;
#9142=SURFACE_SIDE_STYLE(' ',(#9141)) ;
#9161=SURFACE_SIDE_STYLE(' ',(#9160)) ;
#10115=SURFACE_SIDE_STYLE(' ',(#10114)) ;
#10144=SURFACE_SIDE_STYLE(' ',(#10143)) ;
#10168=SURFACE_SIDE_STYLE(' ',(#10167)) ;
#10192=SURFACE_SIDE_STYLE(' ',(#10191)) ;
#10216=SURFACE_SIDE_STYLE(' ',(#10215)) ;
#10240=SURFACE_SIDE_STYLE(' ',(#10239)) ;
#10264=SURFACE_SIDE_STYLE(' ',(#10263)) ;
#10288=SURFACE_SIDE_STYLE(' ',(#10287)) ;
#10312=SURFACE_SIDE_STYLE(' ',(#10311)) ;
#10336=SURFACE_SIDE_STYLE(' ',(#10335)) ;
#10360=SURFACE_SIDE_STYLE(' ',(#10359)) ;
#10384=SURFACE_SIDE_STYLE(' ',(#10383)) ;
#10408=SURFACE_SIDE_STYLE(' ',(#10407)) ;
#10432=SURFACE_SIDE_STYLE(' ',(#10431)) ;
#10456=SURFACE_SIDE_STYLE(' ',(#10455)) ;
#10480=SURFACE_SIDE_STYLE(' ',(#10479)) ;
#10504=SURFACE_SIDE_STYLE(' ',(#10503)) ;
#10528=SURFACE_SIDE_STYLE(' ',(#10527)) ;
#10552=SURFACE_SIDE_STYLE(' ',(#10551)) ;
#10576=SURFACE_SIDE_STYLE(' ',(#10575)) ;
#10600=SURFACE_SIDE_STYLE(' ',(#10599)) ;
#10624=SURFACE_SIDE_STYLE(' ',(#10623)) ;
#10648=SURFACE_SIDE_STYLE(' ',(#10647)) ;
#10672=SURFACE_SIDE_STYLE(' ',(#10671)) ;
#10696=SURFACE_SIDE_STYLE(' ',(#10695)) ;
#10720=SURFACE_SIDE_STYLE(' ',(#10719)) ;
#10744=SURFACE_SIDE_STYLE(' ',(#10743)) ;
#10768=SURFACE_SIDE_STYLE(' ',(#10767)) ;
#10792=SURFACE_SIDE_STYLE(' ',(#10791)) ;
#10816=SURFACE_SIDE_STYLE(' ',(#10815)) ;
#10840=SURFACE_SIDE_STYLE(' ',(#10839)) ;
#10864=SURFACE_SIDE_STYLE(' ',(#10863)) ;
#10888=SURFACE_SIDE_STYLE(' ',(#10887)) ;
#10912=SURFACE_SIDE_STYLE(' ',(#10911)) ;
#10936=SURFACE_SIDE_STYLE(' ',(#10935)) ;
#10960=SURFACE_SIDE_STYLE(' ',(#10959)) ;
#10984=SURFACE_SIDE_STYLE(' ',(#10983)) ;
#11008=SURFACE_SIDE_STYLE(' ',(#11007)) ;
#11032=SURFACE_SIDE_STYLE(' ',(#11031)) ;
#11056=SURFACE_SIDE_STYLE(' ',(#11055)) ;
#11080=SURFACE_SIDE_STYLE(' ',(#11079)) ;
#11104=SURFACE_SIDE_STYLE(' ',(#11103)) ;
#11128=SURFACE_SIDE_STYLE(' ',(#11127)) ;
#11152=SURFACE_SIDE_STYLE(' ',(#11151)) ;
#11176=SURFACE_SIDE_STYLE(' ',(#11175)) ;
#11200=SURFACE_SIDE_STYLE(' ',(#11199)) ;
#11224=SURFACE_SIDE_STYLE(' ',(#11223)) ;
#11248=SURFACE_SIDE_STYLE(' ',(#11247)) ;
#11272=SURFACE_SIDE_STYLE(' ',(#11271)) ;
#11296=SURFACE_SIDE_STYLE(' ',(#11295)) ;
#11320=SURFACE_SIDE_STYLE(' ',(#11319)) ;
#11344=SURFACE_SIDE_STYLE(' ',(#11343)) ;
#11368=SURFACE_SIDE_STYLE(' ',(#11367)) ;
#11392=SURFACE_SIDE_STYLE(' ',(#11391)) ;
#11416=SURFACE_SIDE_STYLE(' ',(#11415)) ;
#11440=SURFACE_SIDE_STYLE(' ',(#11439)) ;
#11464=SURFACE_SIDE_STYLE(' ',(#11463)) ;
#11488=SURFACE_SIDE_STYLE(' ',(#11487)) ;
#11512=SURFACE_SIDE_STYLE(' ',(#11511)) ;
#11536=SURFACE_SIDE_STYLE(' ',(#11535)) ;
#11560=SURFACE_SIDE_STYLE(' ',(#11559)) ;
#11584=SURFACE_SIDE_STYLE(' ',(#11583)) ;
#11608=SURFACE_SIDE_STYLE(' ',(#11607)) ;
#11632=SURFACE_SIDE_STYLE(' ',(#11631)) ;
#11656=SURFACE_SIDE_STYLE(' ',(#11655)) ;
#11680=SURFACE_SIDE_STYLE(' ',(#11679)) ;
#11704=SURFACE_SIDE_STYLE(' ',(#11703)) ;
#11728=SURFACE_SIDE_STYLE(' ',(#11727)) ;
#11752=SURFACE_SIDE_STYLE(' ',(#11751)) ;
#11776=SURFACE_SIDE_STYLE(' ',(#11775)) ;
#11800=SURFACE_SIDE_STYLE(' ',(#11799)) ;
#11824=SURFACE_SIDE_STYLE(' ',(#11823)) ;
#11848=SURFACE_SIDE_STYLE(' ',(#11847)) ;
#11872=SURFACE_SIDE_STYLE(' ',(#11871)) ;
#11896=SURFACE_SIDE_STYLE(' ',(#11895)) ;
#11920=SURFACE_SIDE_STYLE(' ',(#11919)) ;
#11944=SURFACE_SIDE_STYLE(' ',(#11943)) ;
#11968=SURFACE_SIDE_STYLE(' ',(#11967)) ;
#11992=SURFACE_SIDE_STYLE(' ',(#11991)) ;
#12016=SURFACE_SIDE_STYLE(' ',(#12015)) ;
#12040=SURFACE_SIDE_STYLE(' ',(#12039)) ;
#12064=SURFACE_SIDE_STYLE(' ',(#12063)) ;
#12088=SURFACE_SIDE_STYLE(' ',(#12087)) ;
#12112=SURFACE_SIDE_STYLE(' ',(#12111)) ;
#12136=SURFACE_SIDE_STYLE(' ',(#12135)) ;
#12160=SURFACE_SIDE_STYLE(' ',(#12159)) ;
#12184=SURFACE_SIDE_STYLE(' ',(#12183)) ;
#12208=SURFACE_SIDE_STYLE(' ',(#12207)) ;
#12232=SURFACE_SIDE_STYLE(' ',(#12231)) ;
#12256=SURFACE_SIDE_STYLE(' ',(#12255)) ;
#12280=SURFACE_SIDE_STYLE(' ',(#12279)) ;
#12304=SURFACE_SIDE_STYLE(' ',(#12303)) ;
#12328=SURFACE_SIDE_STYLE(' ',(#12327)) ;
#12352=SURFACE_SIDE_STYLE(' ',(#12351)) ;
#12376=SURFACE_SIDE_STYLE(' ',(#12375)) ;
#12400=SURFACE_SIDE_STYLE(' ',(#12399)) ;
#12424=SURFACE_SIDE_STYLE(' ',(#12423)) ;
#12448=SURFACE_SIDE_STYLE(' ',(#12447)) ;
#12472=SURFACE_SIDE_STYLE(' ',(#12471)) ;
#12496=SURFACE_SIDE_STYLE(' ',(#12495)) ;
#12520=SURFACE_SIDE_STYLE(' ',(#12519)) ;
#12544=SURFACE_SIDE_STYLE(' ',(#12543)) ;
#12568=SURFACE_SIDE_STYLE(' ',(#12567)) ;
#12592=SURFACE_SIDE_STYLE(' ',(#12591)) ;
#12616=SURFACE_SIDE_STYLE(' ',(#12615)) ;
#12640=SURFACE_SIDE_STYLE(' ',(#12639)) ;
#12664=SURFACE_SIDE_STYLE(' ',(#12663)) ;
#12688=SURFACE_SIDE_STYLE(' ',(#12687)) ;
#12712=SURFACE_SIDE_STYLE(' ',(#12711)) ;
#12736=SURFACE_SIDE_STYLE(' ',(#12735)) ;
#12760=SURFACE_SIDE_STYLE(' ',(#12759)) ;
#12784=SURFACE_SIDE_STYLE(' ',(#12783)) ;
#12808=SURFACE_SIDE_STYLE(' ',(#12807)) ;
#12832=SURFACE_SIDE_STYLE(' ',(#12831)) ;
#12856=SURFACE_SIDE_STYLE(' ',(#12855)) ;
#12880=SURFACE_SIDE_STYLE(' ',(#12879)) ;
#12904=SURFACE_SIDE_STYLE(' ',(#12903)) ;
#12928=SURFACE_SIDE_STYLE(' ',(#12927)) ;
#12947=SURFACE_SIDE_STYLE(' ',(#12946)) ;
#12989=SURFACE_SIDE_STYLE(' ',(#12988)) ;
#13018=SURFACE_SIDE_STYLE(' ',(#13017)) ;
#13042=SURFACE_SIDE_STYLE(' ',(#13041)) ;
#13066=SURFACE_SIDE_STYLE(' ',(#13065)) ;
#13085=SURFACE_SIDE_STYLE(' ',(#13084)) ;
#13271=SURFACE_SIDE_STYLE(' ',(#13270)) ;
#13300=SURFACE_SIDE_STYLE(' ',(#13299)) ;
#13324=SURFACE_SIDE_STYLE(' ',(#13323)) ;
#13348=SURFACE_SIDE_STYLE(' ',(#13347)) ;
#13372=SURFACE_SIDE_STYLE(' ',(#13371)) ;
#13396=SURFACE_SIDE_STYLE(' ',(#13395)) ;
#13420=SURFACE_SIDE_STYLE(' ',(#13419)) ;
#13444=SURFACE_SIDE_STYLE(' ',(#13443)) ;
#13468=SURFACE_SIDE_STYLE(' ',(#13467)) ;
#13492=SURFACE_SIDE_STYLE(' ',(#13491)) ;
#13516=SURFACE_SIDE_STYLE(' ',(#13515)) ;
#13540=SURFACE_SIDE_STYLE(' ',(#13539)) ;
#13564=SURFACE_SIDE_STYLE(' ',(#13563)) ;
#13588=SURFACE_SIDE_STYLE(' ',(#13587)) ;
#13612=SURFACE_SIDE_STYLE(' ',(#13611)) ;
#13636=SURFACE_SIDE_STYLE(' ',(#13635)) ;
#13660=SURFACE_SIDE_STYLE(' ',(#13659)) ;
#13684=SURFACE_SIDE_STYLE(' ',(#13683)) ;
#13708=SURFACE_SIDE_STYLE(' ',(#13707)) ;
#13732=SURFACE_SIDE_STYLE(' ',(#13731)) ;
#13756=SURFACE_SIDE_STYLE(' ',(#13755)) ;
#13780=SURFACE_SIDE_STYLE(' ',(#13779)) ;
#13799=SURFACE_SIDE_STYLE(' ',(#13798)) ;
#13985=SURFACE_SIDE_STYLE(' ',(#13984)) ;
#14014=SURFACE_SIDE_STYLE(' ',(#14013)) ;
#14038=SURFACE_SIDE_STYLE(' ',(#14037)) ;
#14062=SURFACE_SIDE_STYLE(' ',(#14061)) ;
#14086=SURFACE_SIDE_STYLE(' ',(#14085)) ;
#14110=SURFACE_SIDE_STYLE(' ',(#14109)) ;
#14134=SURFACE_SIDE_STYLE(' ',(#14133)) ;
#14158=SURFACE_SIDE_STYLE(' ',(#14157)) ;
#14182=SURFACE_SIDE_STYLE(' ',(#14181)) ;
#14206=SURFACE_SIDE_STYLE(' ',(#14205)) ;
#14230=SURFACE_SIDE_STYLE(' ',(#14229)) ;
#14254=SURFACE_SIDE_STYLE(' ',(#14253)) ;
#14278=SURFACE_SIDE_STYLE(' ',(#14277)) ;
#14302=SURFACE_SIDE_STYLE(' ',(#14301)) ;
#14326=SURFACE_SIDE_STYLE(' ',(#14325)) ;
#14350=SURFACE_SIDE_STYLE(' ',(#14349)) ;
#14374=SURFACE_SIDE_STYLE(' ',(#14373)) ;
#14398=SURFACE_SIDE_STYLE(' ',(#14397)) ;
#14422=SURFACE_SIDE_STYLE(' ',(#14421)) ;
#14446=SURFACE_SIDE_STYLE(' ',(#14445)) ;
#14470=SURFACE_SIDE_STYLE(' ',(#14469)) ;
#14494=SURFACE_SIDE_STYLE(' ',(#14493)) ;
#14513=SURFACE_SIDE_STYLE(' ',(#14512)) ;
#14795=SURFACE_SIDE_STYLE(' ',(#14794)) ;
#14824=SURFACE_SIDE_STYLE(' ',(#14823)) ;
#14848=SURFACE_SIDE_STYLE(' ',(#14847)) ;
#14872=SURFACE_SIDE_STYLE(' ',(#14871)) ;
#14896=SURFACE_SIDE_STYLE(' ',(#14895)) ;
#14920=SURFACE_SIDE_STYLE(' ',(#14919)) ;
#14944=SURFACE_SIDE_STYLE(' ',(#14943)) ;
#14968=SURFACE_SIDE_STYLE(' ',(#14967)) ;
#14992=SURFACE_SIDE_STYLE(' ',(#14991)) ;
#15016=SURFACE_SIDE_STYLE(' ',(#15015)) ;
#15040=SURFACE_SIDE_STYLE(' ',(#15039)) ;
#15064=SURFACE_SIDE_STYLE(' ',(#15063)) ;
#15088=SURFACE_SIDE_STYLE(' ',(#15087)) ;
#15112=SURFACE_SIDE_STYLE(' ',(#15111)) ;
#15136=SURFACE_SIDE_STYLE(' ',(#15135)) ;
#15160=SURFACE_SIDE_STYLE(' ',(#15159)) ;
#15184=SURFACE_SIDE_STYLE(' ',(#15183)) ;
#15208=SURFACE_SIDE_STYLE(' ',(#15207)) ;
#15232=SURFACE_SIDE_STYLE(' ',(#15231)) ;
#15256=SURFACE_SIDE_STYLE(' ',(#15255)) ;
#15280=SURFACE_SIDE_STYLE(' ',(#15279)) ;
#15304=SURFACE_SIDE_STYLE(' ',(#15303)) ;
#15328=SURFACE_SIDE_STYLE(' ',(#15327)) ;
#15352=SURFACE_SIDE_STYLE(' ',(#15351)) ;
#15376=SURFACE_SIDE_STYLE(' ',(#15375)) ;
#15400=SURFACE_SIDE_STYLE(' ',(#15399)) ;
#15424=SURFACE_SIDE_STYLE(' ',(#15423)) ;
#15448=SURFACE_SIDE_STYLE(' ',(#15447)) ;
#15472=SURFACE_SIDE_STYLE(' ',(#15471)) ;
#15496=SURFACE_SIDE_STYLE(' ',(#15495)) ;
#15520=SURFACE_SIDE_STYLE(' ',(#15519)) ;
#15544=SURFACE_SIDE_STYLE(' ',(#15543)) ;
#15568=SURFACE_SIDE_STYLE(' ',(#15567)) ;
#15592=SURFACE_SIDE_STYLE(' ',(#15591)) ;
#15611=SURFACE_SIDE_STYLE(' ',(#15610)) ;
#15701=SURFACE_SIDE_STYLE(' ',(#15700)) ;
#15730=SURFACE_SIDE_STYLE(' ',(#15729)) ;
#15754=SURFACE_SIDE_STYLE(' ',(#15753)) ;
#15773=SURFACE_SIDE_STYLE(' ',(#15772)) ;
#15797=SURFACE_SIDE_STYLE(' ',(#15796)) ;
#15816=SURFACE_SIDE_STYLE(' ',(#15815)) ;
#15840=SURFACE_SIDE_STYLE(' ',(#15839)) ;
#15859=SURFACE_SIDE_STYLE(' ',(#15858)) ;
#15883=SURFACE_SIDE_STYLE(' ',(#15882)) ;
#15902=SURFACE_SIDE_STYLE(' ',(#15901)) ;
#15921=SURFACE_SIDE_STYLE(' ',(#15920)) ;
#16109=SURFACE_SIDE_STYLE(' ',(#16108)) ;
#16138=SURFACE_SIDE_STYLE(' ',(#16137)) ;
#16152=SURFACE_SIDE_STYLE(' ',(#16151)) ;
#16181=SURFACE_SIDE_STYLE(' ',(#16180)) ;
#16195=SURFACE_SIDE_STYLE(' ',(#16194)) ;
#16224=SURFACE_SIDE_STYLE(' ',(#16223)) ;
#16238=SURFACE_SIDE_STYLE(' ',(#16237)) ;
#16267=SURFACE_SIDE_STYLE(' ',(#16266)) ;
#16281=SURFACE_SIDE_STYLE(' ',(#16280)) ;
#16310=SURFACE_SIDE_STYLE(' ',(#16309)) ;
#16324=SURFACE_SIDE_STYLE(' ',(#16323)) ;
#16353=SURFACE_SIDE_STYLE(' ',(#16352)) ;
#16367=SURFACE_SIDE_STYLE(' ',(#16366)) ;
#16396=SURFACE_SIDE_STYLE(' ',(#16395)) ;
#16410=SURFACE_SIDE_STYLE(' ',(#16409)) ;
#16439=SURFACE_SIDE_STYLE(' ',(#16438)) ;
#16453=SURFACE_SIDE_STYLE(' ',(#16452)) ;
#16482=SURFACE_SIDE_STYLE(' ',(#16481)) ;
#16496=SURFACE_SIDE_STYLE(' ',(#16495)) ;
#16525=SURFACE_SIDE_STYLE(' ',(#16524)) ;
#16539=SURFACE_SIDE_STYLE(' ',(#16538)) ;
#29=SURFACE_STYLE_FILL_AREA(#28) ;
#5868=SURFACE_STYLE_FILL_AREA(#5867) ;
#5897=SURFACE_STYLE_FILL_AREA(#5896) ;
#5921=SURFACE_STYLE_FILL_AREA(#5920) ;
#5945=SURFACE_STYLE_FILL_AREA(#5944) ;
#5969=SURFACE_STYLE_FILL_AREA(#5968) ;
#5993=SURFACE_STYLE_FILL_AREA(#5992) ;
#6017=SURFACE_STYLE_FILL_AREA(#6016) ;
#6041=SURFACE_STYLE_FILL_AREA(#6040) ;
#6065=SURFACE_STYLE_FILL_AREA(#6064) ;
#6089=SURFACE_STYLE_FILL_AREA(#6088) ;
#6113=SURFACE_STYLE_FILL_AREA(#6112) ;
#6137=SURFACE_STYLE_FILL_AREA(#6136) ;
#6161=SURFACE_STYLE_FILL_AREA(#6160) ;
#6185=SURFACE_STYLE_FILL_AREA(#6184) ;
#6209=SURFACE_STYLE_FILL_AREA(#6208) ;
#6233=SURFACE_STYLE_FILL_AREA(#6232) ;
#6257=SURFACE_STYLE_FILL_AREA(#6256) ;
#6281=SURFACE_STYLE_FILL_AREA(#6280) ;
#6305=SURFACE_STYLE_FILL_AREA(#6304) ;
#6329=SURFACE_STYLE_FILL_AREA(#6328) ;
#6353=SURFACE_STYLE_FILL_AREA(#6352) ;
#6377=SURFACE_STYLE_FILL_AREA(#6376) ;
#6401=SURFACE_STYLE_FILL_AREA(#6400) ;
#6425=SURFACE_STYLE_FILL_AREA(#6424) ;
#6449=SURFACE_STYLE_FILL_AREA(#6448) ;
#6473=SURFACE_STYLE_FILL_AREA(#6472) ;
#6492=SURFACE_STYLE_FILL_AREA(#6491) ;
#6516=SURFACE_STYLE_FILL_AREA(#6515) ;
#6540=SURFACE_STYLE_FILL_AREA(#6539) ;
#6564=SURFACE_STYLE_FILL_AREA(#6563) ;
#6588=SURFACE_STYLE_FILL_AREA(#6587) ;
#6612=SURFACE_STYLE_FILL_AREA(#6611) ;
#6636=SURFACE_STYLE_FILL_AREA(#6635) ;
#6660=SURFACE_STYLE_FILL_AREA(#6659) ;
#6684=SURFACE_STYLE_FILL_AREA(#6683) ;
#6708=SURFACE_STYLE_FILL_AREA(#6707) ;
#6732=SURFACE_STYLE_FILL_AREA(#6731) ;
#6756=SURFACE_STYLE_FILL_AREA(#6755) ;
#6780=SURFACE_STYLE_FILL_AREA(#6779) ;
#6804=SURFACE_STYLE_FILL_AREA(#6803) ;
#6828=SURFACE_STYLE_FILL_AREA(#6827) ;
#6852=SURFACE_STYLE_FILL_AREA(#6851) ;
#6876=SURFACE_STYLE_FILL_AREA(#6875) ;
#6900=SURFACE_STYLE_FILL_AREA(#6899) ;
#6924=SURFACE_STYLE_FILL_AREA(#6923) ;
#6948=SURFACE_STYLE_FILL_AREA(#6947) ;
#6972=SURFACE_STYLE_FILL_AREA(#6971) ;
#6996=SURFACE_STYLE_FILL_AREA(#6995) ;
#7015=SURFACE_STYLE_FILL_AREA(#7014) ;
#7039=SURFACE_STYLE_FILL_AREA(#7038) ;
#7063=SURFACE_STYLE_FILL_AREA(#7062) ;
#7087=SURFACE_STYLE_FILL_AREA(#7086) ;
#7111=SURFACE_STYLE_FILL_AREA(#7110) ;
#7135=SURFACE_STYLE_FILL_AREA(#7134) ;
#7159=SURFACE_STYLE_FILL_AREA(#7158) ;
#7183=SURFACE_STYLE_FILL_AREA(#7182) ;
#7207=SURFACE_STYLE_FILL_AREA(#7206) ;
#7231=SURFACE_STYLE_FILL_AREA(#7230) ;
#7255=SURFACE_STYLE_FILL_AREA(#7254) ;
#7279=SURFACE_STYLE_FILL_AREA(#7278) ;
#7303=SURFACE_STYLE_FILL_AREA(#7302) ;
#7327=SURFACE_STYLE_FILL_AREA(#7326) ;
#7351=SURFACE_STYLE_FILL_AREA(#7350) ;
#7375=SURFACE_STYLE_FILL_AREA(#7374) ;
#7399=SURFACE_STYLE_FILL_AREA(#7398) ;
#7423=SURFACE_STYLE_FILL_AREA(#7422) ;
#7447=SURFACE_STYLE_FILL_AREA(#7446) ;
#7471=SURFACE_STYLE_FILL_AREA(#7470) ;
#7495=SURFACE_STYLE_FILL_AREA(#7494) ;
#7519=SURFACE_STYLE_FILL_AREA(#7518) ;
#7543=SURFACE_STYLE_FILL_AREA(#7542) ;
#7567=SURFACE_STYLE_FILL_AREA(#7566) ;
#7591=SURFACE_STYLE_FILL_AREA(#7590) ;
#7615=SURFACE_STYLE_FILL_AREA(#7614) ;
#7639=SURFACE_STYLE_FILL_AREA(#7638) ;
#7663=SURFACE_STYLE_FILL_AREA(#7662) ;
#7687=SURFACE_STYLE_FILL_AREA(#7686) ;
#7711=SURFACE_STYLE_FILL_AREA(#7710) ;
#7735=SURFACE_STYLE_FILL_AREA(#7734) ;
#7759=SURFACE_STYLE_FILL_AREA(#7758) ;
#7783=SURFACE_STYLE_FILL_AREA(#7782) ;
#7807=SURFACE_STYLE_FILL_AREA(#7806) ;
#7831=SURFACE_STYLE_FILL_AREA(#7830) ;
#7855=SURFACE_STYLE_FILL_AREA(#7854) ;
#7879=SURFACE_STYLE_FILL_AREA(#7878) ;
#7903=SURFACE_STYLE_FILL_AREA(#7902) ;
#7927=SURFACE_STYLE_FILL_AREA(#7926) ;
#7951=SURFACE_STYLE_FILL_AREA(#7950) ;
#7975=SURFACE_STYLE_FILL_AREA(#7974) ;
#7999=SURFACE_STYLE_FILL_AREA(#7998) ;
#8023=SURFACE_STYLE_FILL_AREA(#8022) ;
#8047=SURFACE_STYLE_FILL_AREA(#8046) ;
#8071=SURFACE_STYLE_FILL_AREA(#8070) ;
#8095=SURFACE_STYLE_FILL_AREA(#8094) ;
#8119=SURFACE_STYLE_FILL_AREA(#8118) ;
#8138=SURFACE_STYLE_FILL_AREA(#8137) ;
#8157=SURFACE_STYLE_FILL_AREA(#8156) ;
#8181=SURFACE_STYLE_FILL_AREA(#8180) ;
#8205=SURFACE_STYLE_FILL_AREA(#8204) ;
#8229=SURFACE_STYLE_FILL_AREA(#8228) ;
#8253=SURFACE_STYLE_FILL_AREA(#8252) ;
#8277=SURFACE_STYLE_FILL_AREA(#8276) ;
#8301=SURFACE_STYLE_FILL_AREA(#8300) ;
#8325=SURFACE_STYLE_FILL_AREA(#8324) ;
#8349=SURFACE_STYLE_FILL_AREA(#8348) ;
#8373=SURFACE_STYLE_FILL_AREA(#8372) ;
#8397=SURFACE_STYLE_FILL_AREA(#8396) ;
#8421=SURFACE_STYLE_FILL_AREA(#8420) ;
#8445=SURFACE_STYLE_FILL_AREA(#8444) ;
#8469=SURFACE_STYLE_FILL_AREA(#8468) ;
#8493=SURFACE_STYLE_FILL_AREA(#8492) ;
#8517=SURFACE_STYLE_FILL_AREA(#8516) ;
#8541=SURFACE_STYLE_FILL_AREA(#8540) ;
#8565=SURFACE_STYLE_FILL_AREA(#8564) ;
#8589=SURFACE_STYLE_FILL_AREA(#8588) ;
#8613=SURFACE_STYLE_FILL_AREA(#8612) ;
#8637=SURFACE_STYLE_FILL_AREA(#8636) ;
#8661=SURFACE_STYLE_FILL_AREA(#8660) ;
#8685=SURFACE_STYLE_FILL_AREA(#8684) ;
#8709=SURFACE_STYLE_FILL_AREA(#8708) ;
#8733=SURFACE_STYLE_FILL_AREA(#8732) ;
#8757=SURFACE_STYLE_FILL_AREA(#8756) ;
#8781=SURFACE_STYLE_FILL_AREA(#8780) ;
#8805=SURFACE_STYLE_FILL_AREA(#8804) ;
#8829=SURFACE_STYLE_FILL_AREA(#8828) ;
#8853=SURFACE_STYLE_FILL_AREA(#8852) ;
#8877=SURFACE_STYLE_FILL_AREA(#8876) ;
#8901=SURFACE_STYLE_FILL_AREA(#8900) ;
#8925=SURFACE_STYLE_FILL_AREA(#8924) ;
#8949=SURFACE_STYLE_FILL_AREA(#8948) ;
#8973=SURFACE_STYLE_FILL_AREA(#8972) ;
#8997=SURFACE_STYLE_FILL_AREA(#8996) ;
#9021=SURFACE_STYLE_FILL_AREA(#9020) ;
#9045=SURFACE_STYLE_FILL_AREA(#9044) ;
#9069=SURFACE_STYLE_FILL_AREA(#9068) ;
#9093=SURFACE_STYLE_FILL_AREA(#9092) ;
#9117=SURFACE_STYLE_FILL_AREA(#9116) ;
#9141=SURFACE_STYLE_FILL_AREA(#9140) ;
#9160=SURFACE_STYLE_FILL_AREA(#9159) ;
#10114=SURFACE_STYLE_FILL_AREA(#10113) ;
#10143=SURFACE_STYLE_FILL_AREA(#10142) ;
#10167=SURFACE_STYLE_FILL_AREA(#10166) ;
#10191=SURFACE_STYLE_FILL_AREA(#10190) ;
#10215=SURFACE_STYLE_FILL_AREA(#10214) ;
#10239=SURFACE_STYLE_FILL_AREA(#10238) ;
#10263=SURFACE_STYLE_FILL_AREA(#10262) ;
#10287=SURFACE_STYLE_FILL_AREA(#10286) ;
#10311=SURFACE_STYLE_FILL_AREA(#10310) ;
#10335=SURFACE_STYLE_FILL_AREA(#10334) ;
#10359=SURFACE_STYLE_FILL_AREA(#10358) ;
#10383=SURFACE_STYLE_FILL_AREA(#10382) ;
#10407=SURFACE_STYLE_FILL_AREA(#10406) ;
#10431=SURFACE_STYLE_FILL_AREA(#10430) ;
#10455=SURFACE_STYLE_FILL_AREA(#10454) ;
#10479=SURFACE_STYLE_FILL_AREA(#10478) ;
#10503=SURFACE_STYLE_FILL_AREA(#10502) ;
#10527=SURFACE_STYLE_FILL_AREA(#10526) ;
#10551=SURFACE_STYLE_FILL_AREA(#10550) ;
#10575=SURFACE_STYLE_FILL_AREA(#10574) ;
#10599=SURFACE_STYLE_FILL_AREA(#10598) ;
#10623=SURFACE_STYLE_FILL_AREA(#10622) ;
#10647=SURFACE_STYLE_FILL_AREA(#10646) ;
#10671=SURFACE_STYLE_FILL_AREA(#10670) ;
#10695=SURFACE_STYLE_FILL_AREA(#10694) ;
#10719=SURFACE_STYLE_FILL_AREA(#10718) ;
#10743=SURFACE_STYLE_FILL_AREA(#10742) ;
#10767=SURFACE_STYLE_FILL_AREA(#10766) ;
#10791=SURFACE_STYLE_FILL_AREA(#10790) ;
#10815=SURFACE_STYLE_FILL_AREA(#10814) ;
#10839=SURFACE_STYLE_FILL_AREA(#10838) ;
#10863=SURFACE_STYLE_FILL_AREA(#10862) ;
#10887=SURFACE_STYLE_FILL_AREA(#10886) ;
#10911=SURFACE_STYLE_FILL_AREA(#10910) ;
#10935=SURFACE_STYLE_FILL_AREA(#10934) ;
#10959=SURFACE_STYLE_FILL_AREA(#10958) ;
#10983=SURFACE_STYLE_FILL_AREA(#10982) ;
#11007=SURFACE_STYLE_FILL_AREA(#11006) ;
#11031=SURFACE_STYLE_FILL_AREA(#11030) ;
#11055=SURFACE_STYLE_FILL_AREA(#11054) ;
#11079=SURFACE_STYLE_FILL_AREA(#11078) ;
#11103=SURFACE_STYLE_FILL_AREA(#11102) ;
#11127=SURFACE_STYLE_FILL_AREA(#11126) ;
#11151=SURFACE_STYLE_FILL_AREA(#11150) ;
#11175=SURFACE_STYLE_FILL_AREA(#11174) ;
#11199=SURFACE_STYLE_FILL_AREA(#11198) ;
#11223=SURFACE_STYLE_FILL_AREA(#11222) ;
#11247=SURFACE_STYLE_FILL_AREA(#11246) ;
#11271=SURFACE_STYLE_FILL_AREA(#11270) ;
#11295=SURFACE_STYLE_FILL_AREA(#11294) ;
#11319=SURFACE_STYLE_FILL_AREA(#11318) ;
#11343=SURFACE_STYLE_FILL_AREA(#11342) ;
#11367=SURFACE_STYLE_FILL_AREA(#11366) ;
#11391=SURFACE_STYLE_FILL_AREA(#11390) ;
#11415=SURFACE_STYLE_FILL_AREA(#11414) ;
#11439=SURFACE_STYLE_FILL_AREA(#11438) ;
#11463=SURFACE_STYLE_FILL_AREA(#11462) ;
#11487=SURFACE_STYLE_FILL_AREA(#11486) ;
#11511=SURFACE_STYLE_FILL_AREA(#11510) ;
#11535=SURFACE_STYLE_FILL_AREA(#11534) ;
#11559=SURFACE_STYLE_FILL_AREA(#11558) ;
#11583=SURFACE_STYLE_FILL_AREA(#11582) ;
#11607=SURFACE_STYLE_FILL_AREA(#11606) ;
#11631=SURFACE_STYLE_FILL_AREA(#11630) ;
#11655=SURFACE_STYLE_FILL_AREA(#11654) ;
#11679=SURFACE_STYLE_FILL_AREA(#11678) ;
#11703=SURFACE_STYLE_FILL_AREA(#11702) ;
#11727=SURFACE_STYLE_FILL_AREA(#11726) ;
#11751=SURFACE_STYLE_FILL_AREA(#11750) ;
#11775=SURFACE_STYLE_FILL_AREA(#11774) ;
#11799=SURFACE_STYLE_FILL_AREA(#11798) ;
#11823=SURFACE_STYLE_FILL_AREA(#11822) ;
#11847=SURFACE_STYLE_FILL_AREA(#11846) ;
#11871=SURFACE_STYLE_FILL_AREA(#11870) ;
#11895=SURFACE_STYLE_FILL_AREA(#11894) ;
#11919=SURFACE_STYLE_FILL_AREA(#11918) ;
#11943=SURFACE_STYLE_FILL_AREA(#11942) ;
#11967=SURFACE_STYLE_FILL_AREA(#11966) ;
#11991=SURFACE_STYLE_FILL_AREA(#11990) ;
#12015=SURFACE_STYLE_FILL_AREA(#12014) ;
#12039=SURFACE_STYLE_FILL_AREA(#12038) ;
#12063=SURFACE_STYLE_FILL_AREA(#12062) ;
#12087=SURFACE_STYLE_FILL_AREA(#12086) ;
#12111=SURFACE_STYLE_FILL_AREA(#12110) ;
#12135=SURFACE_STYLE_FILL_AREA(#12134) ;
#12159=SURFACE_STYLE_FILL_AREA(#12158) ;
#12183=SURFACE_STYLE_FILL_AREA(#12182) ;
#12207=SURFACE_STYLE_FILL_AREA(#12206) ;
#12231=SURFACE_STYLE_FILL_AREA(#12230) ;
#12255=SURFACE_STYLE_FILL_AREA(#12254) ;
#12279=SURFACE_STYLE_FILL_AREA(#12278) ;
#12303=SURFACE_STYLE_FILL_AREA(#12302) ;
#12327=SURFACE_STYLE_FILL_AREA(#12326) ;
#12351=SURFACE_STYLE_FILL_AREA(#12350) ;
#12375=SURFACE_STYLE_FILL_AREA(#12374) ;
#12399=SURFACE_STYLE_FILL_AREA(#12398) ;
#12423=SURFACE_STYLE_FILL_AREA(#12422) ;
#12447=SURFACE_STYLE_FILL_AREA(#12446) ;
#12471=SURFACE_STYLE_FILL_AREA(#12470) ;
#12495=SURFACE_STYLE_FILL_AREA(#12494) ;
#12519=SURFACE_STYLE_FILL_AREA(#12518) ;
#12543=SURFACE_STYLE_FILL_AREA(#12542) ;
#12567=SURFACE_STYLE_FILL_AREA(#12566) ;
#12591=SURFACE_STYLE_FILL_AREA(#12590) ;
#12615=SURFACE_STYLE_FILL_AREA(#12614) ;
#12639=SURFACE_STYLE_FILL_AREA(#12638) ;
#12663=SURFACE_STYLE_FILL_AREA(#12662) ;
#12687=SURFACE_STYLE_FILL_AREA(#12686) ;
#12711=SURFACE_STYLE_FILL_AREA(#12710) ;
#12735=SURFACE_STYLE_FILL_AREA(#12734) ;
#12759=SURFACE_STYLE_FILL_AREA(#12758) ;
#12783=SURFACE_STYLE_FILL_AREA(#12782) ;
#12807=SURFACE_STYLE_FILL_AREA(#12806) ;
#12831=SURFACE_STYLE_FILL_AREA(#12830) ;
#12855=SURFACE_STYLE_FILL_AREA(#12854) ;
#12879=SURFACE_STYLE_FILL_AREA(#12878) ;
#12903=SURFACE_STYLE_FILL_AREA(#12902) ;
#12927=SURFACE_STYLE_FILL_AREA(#12926) ;
#12946=SURFACE_STYLE_FILL_AREA(#12945) ;
#12988=SURFACE_STYLE_FILL_AREA(#12987) ;
#13017=SURFACE_STYLE_FILL_AREA(#13016) ;
#13041=SURFACE_STYLE_FILL_AREA(#13040) ;
#13065=SURFACE_STYLE_FILL_AREA(#13064) ;
#13084=SURFACE_STYLE_FILL_AREA(#13083) ;
#13270=SURFACE_STYLE_FILL_AREA(#13269) ;
#13299=SURFACE_STYLE_FILL_AREA(#13298) ;
#13323=SURFACE_STYLE_FILL_AREA(#13322) ;
#13347=SURFACE_STYLE_FILL_AREA(#13346) ;
#13371=SURFACE_STYLE_FILL_AREA(#13370) ;
#13395=SURFACE_STYLE_FILL_AREA(#13394) ;
#13419=SURFACE_STYLE_FILL_AREA(#13418) ;
#13443=SURFACE_STYLE_FILL_AREA(#13442) ;
#13467=SURFACE_STYLE_FILL_AREA(#13466) ;
#13491=SURFACE_STYLE_FILL_AREA(#13490) ;
#13515=SURFACE_STYLE_FILL_AREA(#13514) ;
#13539=SURFACE_STYLE_FILL_AREA(#13538) ;
#13563=SURFACE_STYLE_FILL_AREA(#13562) ;
#13587=SURFACE_STYLE_FILL_AREA(#13586) ;
#13611=SURFACE_STYLE_FILL_AREA(#13610) ;
#13635=SURFACE_STYLE_FILL_AREA(#13634) ;
#13659=SURFACE_STYLE_FILL_AREA(#13658) ;
#13683=SURFACE_STYLE_FILL_AREA(#13682) ;
#13707=SURFACE_STYLE_FILL_AREA(#13706) ;
#13731=SURFACE_STYLE_FILL_AREA(#13730) ;
#13755=SURFACE_STYLE_FILL_AREA(#13754) ;
#13779=SURFACE_STYLE_FILL_AREA(#13778) ;
#13798=SURFACE_STYLE_FILL_AREA(#13797) ;
#13984=SURFACE_STYLE_FILL_AREA(#13983) ;
#14013=SURFACE_STYLE_FILL_AREA(#14012) ;
#14037=SURFACE_STYLE_FILL_AREA(#14036) ;
#14061=SURFACE_STYLE_FILL_AREA(#14060) ;
#14085=SURFACE_STYLE_FILL_AREA(#14084) ;
#14109=SURFACE_STYLE_FILL_AREA(#14108) ;
#14133=SURFACE_STYLE_FILL_AREA(#14132) ;
#14157=SURFACE_STYLE_FILL_AREA(#14156) ;
#14181=SURFACE_STYLE_FILL_AREA(#14180) ;
#14205=SURFACE_STYLE_FILL_AREA(#14204) ;
#14229=SURFACE_STYLE_FILL_AREA(#14228) ;
#14253=SURFACE_STYLE_FILL_AREA(#14252) ;
#14277=SURFACE_STYLE_FILL_AREA(#14276) ;
#14301=SURFACE_STYLE_FILL_AREA(#14300) ;
#14325=SURFACE_STYLE_FILL_AREA(#14324) ;
#14349=SURFACE_STYLE_FILL_AREA(#14348) ;
#14373=SURFACE_STYLE_FILL_AREA(#14372) ;
#14397=SURFACE_STYLE_FILL_AREA(#14396) ;
#14421=SURFACE_STYLE_FILL_AREA(#14420) ;
#14445=SURFACE_STYLE_FILL_AREA(#14444) ;
#14469=SURFACE_STYLE_FILL_AREA(#14468) ;
#14493=SURFACE_STYLE_FILL_AREA(#14492) ;
#14512=SURFACE_STYLE_FILL_AREA(#14511) ;
#14794=SURFACE_STYLE_FILL_AREA(#14793) ;
#14823=SURFACE_STYLE_FILL_AREA(#14822) ;
#14847=SURFACE_STYLE_FILL_AREA(#14846) ;
#14871=SURFACE_STYLE_FILL_AREA(#14870) ;
#14895=SURFACE_STYLE_FILL_AREA(#14894) ;
#14919=SURFACE_STYLE_FILL_AREA(#14918) ;
#14943=SURFACE_STYLE_FILL_AREA(#14942) ;
#14967=SURFACE_STYLE_FILL_AREA(#14966) ;
#14991=SURFACE_STYLE_FILL_AREA(#14990) ;
#15015=SURFACE_STYLE_FILL_AREA(#15014) ;
#15039=SURFACE_STYLE_FILL_AREA(#15038) ;
#15063=SURFACE_STYLE_FILL_AREA(#15062) ;
#15087=SURFACE_STYLE_FILL_AREA(#15086) ;
#15111=SURFACE_STYLE_FILL_AREA(#15110) ;
#15135=SURFACE_STYLE_FILL_AREA(#15134) ;
#15159=SURFACE_STYLE_FILL_AREA(#15158) ;
#15183=SURFACE_STYLE_FILL_AREA(#15182) ;
#15207=SURFACE_STYLE_FILL_AREA(#15206) ;
#15231=SURFACE_STYLE_FILL_AREA(#15230) ;
#15255=SURFACE_STYLE_FILL_AREA(#15254) ;
#15279=SURFACE_STYLE_FILL_AREA(#15278) ;
#15303=SURFACE_STYLE_FILL_AREA(#15302) ;
#15327=SURFACE_STYLE_FILL_AREA(#15326) ;
#15351=SURFACE_STYLE_FILL_AREA(#15350) ;
#15375=SURFACE_STYLE_FILL_AREA(#15374) ;
#15399=SURFACE_STYLE_FILL_AREA(#15398) ;
#15423=SURFACE_STYLE_FILL_AREA(#15422) ;
#15447=SURFACE_STYLE_FILL_AREA(#15446) ;
#15471=SURFACE_STYLE_FILL_AREA(#15470) ;
#15495=SURFACE_STYLE_FILL_AREA(#15494) ;
#15519=SURFACE_STYLE_FILL_AREA(#15518) ;
#15543=SURFACE_STYLE_FILL_AREA(#15542) ;
#15567=SURFACE_STYLE_FILL_AREA(#15566) ;
#15591=SURFACE_STYLE_FILL_AREA(#15590) ;
#15610=SURFACE_STYLE_FILL_AREA(#15609) ;
#15700=SURFACE_STYLE_FILL_AREA(#15699) ;
#15729=SURFACE_STYLE_FILL_AREA(#15728) ;
#15753=SURFACE_STYLE_FILL_AREA(#15752) ;
#15772=SURFACE_STYLE_FILL_AREA(#15771) ;
#15796=SURFACE_STYLE_FILL_AREA(#15795) ;
#15815=SURFACE_STYLE_FILL_AREA(#15814) ;
#15839=SURFACE_STYLE_FILL_AREA(#15838) ;
#15858=SURFACE_STYLE_FILL_AREA(#15857) ;
#15882=SURFACE_STYLE_FILL_AREA(#15881) ;
#15901=SURFACE_STYLE_FILL_AREA(#15900) ;
#15920=SURFACE_STYLE_FILL_AREA(#15919) ;
#16108=SURFACE_STYLE_FILL_AREA(#16107) ;
#16137=SURFACE_STYLE_FILL_AREA(#16136) ;
#16151=SURFACE_STYLE_FILL_AREA(#16150) ;
#16180=SURFACE_STYLE_FILL_AREA(#16179) ;
#16194=SURFACE_STYLE_FILL_AREA(#16193) ;
#16223=SURFACE_STYLE_FILL_AREA(#16222) ;
#16237=SURFACE_STYLE_FILL_AREA(#16236) ;
#16266=SURFACE_STYLE_FILL_AREA(#16265) ;
#16280=SURFACE_STYLE_FILL_AREA(#16279) ;
#16309=SURFACE_STYLE_FILL_AREA(#16308) ;
#16323=SURFACE_STYLE_FILL_AREA(#16322) ;
#16352=SURFACE_STYLE_FILL_AREA(#16351) ;
#16366=SURFACE_STYLE_FILL_AREA(#16365) ;
#16395=SURFACE_STYLE_FILL_AREA(#16394) ;
#16409=SURFACE_STYLE_FILL_AREA(#16408) ;
#16438=SURFACE_STYLE_FILL_AREA(#16437) ;
#16452=SURFACE_STYLE_FILL_AREA(#16451) ;
#16481=SURFACE_STYLE_FILL_AREA(#16480) ;
#16495=SURFACE_STYLE_FILL_AREA(#16494) ;
#16524=SURFACE_STYLE_FILL_AREA(#16523) ;
#16538=SURFACE_STYLE_FILL_AREA(#16537) ;
#28=FILL_AREA_STYLE(' ',(#27)) ;
#5867=FILL_AREA_STYLE(' ',(#5866)) ;
#5896=FILL_AREA_STYLE(' ',(#5895)) ;
#5920=FILL_AREA_STYLE(' ',(#5919)) ;
#5944=FILL_AREA_STYLE(' ',(#5943)) ;
#5968=FILL_AREA_STYLE(' ',(#5967)) ;
#5992=FILL_AREA_STYLE(' ',(#5991)) ;
#6016=FILL_AREA_STYLE(' ',(#6015)) ;
#6040=FILL_AREA_STYLE(' ',(#6039)) ;
#6064=FILL_AREA_STYLE(' ',(#6063)) ;
#6088=FILL_AREA_STYLE(' ',(#6087)) ;
#6112=FILL_AREA_STYLE(' ',(#6111)) ;
#6136=FILL_AREA_STYLE(' ',(#6135)) ;
#6160=FILL_AREA_STYLE(' ',(#6159)) ;
#6184=FILL_AREA_STYLE(' ',(#6183)) ;
#6208=FILL_AREA_STYLE(' ',(#6207)) ;
#6232=FILL_AREA_STYLE(' ',(#6231)) ;
#6256=FILL_AREA_STYLE(' ',(#6255)) ;
#6280=FILL_AREA_STYLE(' ',(#6279)) ;
#6304=FILL_AREA_STYLE(' ',(#6303)) ;
#6328=FILL_AREA_STYLE(' ',(#6327)) ;
#6352=FILL_AREA_STYLE(' ',(#6351)) ;
#6376=FILL_AREA_STYLE(' ',(#6375)) ;
#6400=FILL_AREA_STYLE(' ',(#6399)) ;
#6424=FILL_AREA_STYLE(' ',(#6423)) ;
#6448=FILL_AREA_STYLE(' ',(#6447)) ;
#6472=FILL_AREA_STYLE(' ',(#6471)) ;
#6491=FILL_AREA_STYLE(' ',(#6490)) ;
#6515=FILL_AREA_STYLE(' ',(#6514)) ;
#6539=FILL_AREA_STYLE(' ',(#6538)) ;
#6563=FILL_AREA_STYLE(' ',(#6562)) ;
#6587=FILL_AREA_STYLE(' ',(#6586)) ;
#6611=FILL_AREA_STYLE(' ',(#6610)) ;
#6635=FILL_AREA_STYLE(' ',(#6634)) ;
#6659=FILL_AREA_STYLE(' ',(#6658)) ;
#6683=FILL_AREA_STYLE(' ',(#6682)) ;
#6707=FILL_AREA_STYLE(' ',(#6706)) ;
#6731=FILL_AREA_STYLE(' ',(#6730)) ;
#6755=FILL_AREA_STYLE(' ',(#6754)) ;
#6779=FILL_AREA_STYLE(' ',(#6778)) ;
#6803=FILL_AREA_STYLE(' ',(#6802)) ;
#6827=FILL_AREA_STYLE(' ',(#6826)) ;
#6851=FILL_AREA_STYLE(' ',(#6850)) ;
#6875=FILL_AREA_STYLE(' ',(#6874)) ;
#6899=FILL_AREA_STYLE(' ',(#6898)) ;
#6923=FILL_AREA_STYLE(' ',(#6922)) ;
#6947=FILL_AREA_STYLE(' ',(#6946)) ;
#6971=FILL_AREA_STYLE(' ',(#6970)) ;
#6995=FILL_AREA_STYLE(' ',(#6994)) ;
#7014=FILL_AREA_STYLE(' ',(#7013)) ;
#7038=FILL_AREA_STYLE(' ',(#7037)) ;
#7062=FILL_AREA_STYLE(' ',(#7061)) ;
#7086=FILL_AREA_STYLE(' ',(#7085)) ;
#7110=FILL_AREA_STYLE(' ',(#7109)) ;
#7134=FILL_AREA_STYLE(' ',(#7133)) ;
#7158=FILL_AREA_STYLE(' ',(#7157)) ;
#7182=FILL_AREA_STYLE(' ',(#7181)) ;
#7206=FILL_AREA_STYLE(' ',(#7205)) ;
#7230=FILL_AREA_STYLE(' ',(#7229)) ;
#7254=FILL_AREA_STYLE(' ',(#7253)) ;
#7278=FILL_AREA_STYLE(' ',(#7277)) ;
#7302=FILL_AREA_STYLE(' ',(#7301)) ;
#7326=FILL_AREA_STYLE(' ',(#7325)) ;
#7350=FILL_AREA_STYLE(' ',(#7349)) ;
#7374=FILL_AREA_STYLE(' ',(#7373)) ;
#7398=FILL_AREA_STYLE(' ',(#7397)) ;
#7422=FILL_AREA_STYLE(' ',(#7421)) ;
#7446=FILL_AREA_STYLE(' ',(#7445)) ;
#7470=FILL_AREA_STYLE(' ',(#7469)) ;
#7494=FILL_AREA_STYLE(' ',(#7493)) ;
#7518=FILL_AREA_STYLE(' ',(#7517)) ;
#7542=FILL_AREA_STYLE(' ',(#7541)) ;
#7566=FILL_AREA_STYLE(' ',(#7565)) ;
#7590=FILL_AREA_STYLE(' ',(#7589)) ;
#7614=FILL_AREA_STYLE(' ',(#7613)) ;
#7638=FILL_AREA_STYLE(' ',(#7637)) ;
#7662=FILL_AREA_STYLE(' ',(#7661)) ;
#7686=FILL_AREA_STYLE(' ',(#7685)) ;
#7710=FILL_AREA_STYLE(' ',(#7709)) ;
#7734=FILL_AREA_STYLE(' ',(#7733)) ;
#7758=FILL_AREA_STYLE(' ',(#7757)) ;
#7782=FILL_AREA_STYLE(' ',(#7781)) ;
#7806=FILL_AREA_STYLE(' ',(#7805)) ;
#7830=FILL_AREA_STYLE(' ',(#7829)) ;
#7854=FILL_AREA_STYLE(' ',(#7853)) ;
#7878=FILL_AREA_STYLE(' ',(#7877)) ;
#7902=FILL_AREA_STYLE(' ',(#7901)) ;
#7926=FILL_AREA_STYLE(' ',(#7925)) ;
#7950=FILL_AREA_STYLE(' ',(#7949)) ;
#7974=FILL_AREA_STYLE(' ',(#7973)) ;
#7998=FILL_AREA_STYLE(' ',(#7997)) ;
#8022=FILL_AREA_STYLE(' ',(#8021)) ;
#8046=FILL_AREA_STYLE(' ',(#8045)) ;
#8070=FILL_AREA_STYLE(' ',(#8069)) ;
#8094=FILL_AREA_STYLE(' ',(#8093)) ;
#8118=FILL_AREA_STYLE(' ',(#8117)) ;
#8137=FILL_AREA_STYLE(' ',(#8136)) ;
#8156=FILL_AREA_STYLE(' ',(#8155)) ;
#8180=FILL_AREA_STYLE(' ',(#8179)) ;
#8204=FILL_AREA_STYLE(' ',(#8203)) ;
#8228=FILL_AREA_STYLE(' ',(#8227)) ;
#8252=FILL_AREA_STYLE(' ',(#8251)) ;
#8276=FILL_AREA_STYLE(' ',(#8275)) ;
#8300=FILL_AREA_STYLE(' ',(#8299)) ;
#8324=FILL_AREA_STYLE(' ',(#8323)) ;
#8348=FILL_AREA_STYLE(' ',(#8347)) ;
#8372=FILL_AREA_STYLE(' ',(#8371)) ;
#8396=FILL_AREA_STYLE(' ',(#8395)) ;
#8420=FILL_AREA_STYLE(' ',(#8419)) ;
#8444=FILL_AREA_STYLE(' ',(#8443)) ;
#8468=FILL_AREA_STYLE(' ',(#8467)) ;
#8492=FILL_AREA_STYLE(' ',(#8491)) ;
#8516=FILL_AREA_STYLE(' ',(#8515)) ;
#8540=FILL_AREA_STYLE(' ',(#8539)) ;
#8564=FILL_AREA_STYLE(' ',(#8563)) ;
#8588=FILL_AREA_STYLE(' ',(#8587)) ;
#8612=FILL_AREA_STYLE(' ',(#8611)) ;
#8636=FILL_AREA_STYLE(' ',(#8635)) ;
#8660=FILL_AREA_STYLE(' ',(#8659)) ;
#8684=FILL_AREA_STYLE(' ',(#8683)) ;
#8708=FILL_AREA_STYLE(' ',(#8707)) ;
#8732=FILL_AREA_STYLE(' ',(#8731)) ;
#8756=FILL_AREA_STYLE(' ',(#8755)) ;
#8780=FILL_AREA_STYLE(' ',(#8779)) ;
#8804=FILL_AREA_STYLE(' ',(#8803)) ;
#8828=FILL_AREA_STYLE(' ',(#8827)) ;
#8852=FILL_AREA_STYLE(' ',(#8851)) ;
#8876=FILL_AREA_STYLE(' ',(#8875)) ;
#8900=FILL_AREA_STYLE(' ',(#8899)) ;
#8924=FILL_AREA_STYLE(' ',(#8923)) ;
#8948=FILL_AREA_STYLE(' ',(#8947)) ;
#8972=FILL_AREA_STYLE(' ',(#8971)) ;
#8996=FILL_AREA_STYLE(' ',(#8995)) ;
#9020=FILL_AREA_STYLE(' ',(#9019)) ;
#9044=FILL_AREA_STYLE(' ',(#9043)) ;
#9068=FILL_AREA_STYLE(' ',(#9067)) ;
#9092=FILL_AREA_STYLE(' ',(#9091)) ;
#9116=FILL_AREA_STYLE(' ',(#9115)) ;
#9140=FILL_AREA_STYLE(' ',(#9139)) ;
#9159=FILL_AREA_STYLE(' ',(#9158)) ;
#10113=FILL_AREA_STYLE(' ',(#10112)) ;
#10142=FILL_AREA_STYLE(' ',(#10141)) ;
#10166=FILL_AREA_STYLE(' ',(#10165)) ;
#10190=FILL_AREA_STYLE(' ',(#10189)) ;
#10214=FILL_AREA_STYLE(' ',(#10213)) ;
#10238=FILL_AREA_STYLE(' ',(#10237)) ;
#10262=FILL_AREA_STYLE(' ',(#10261)) ;
#10286=FILL_AREA_STYLE(' ',(#10285)) ;
#10310=FILL_AREA_STYLE(' ',(#10309)) ;
#10334=FILL_AREA_STYLE(' ',(#10333)) ;
#10358=FILL_AREA_STYLE(' ',(#10357)) ;
#10382=FILL_AREA_STYLE(' ',(#10381)) ;
#10406=FILL_AREA_STYLE(' ',(#10405)) ;
#10430=FILL_AREA_STYLE(' ',(#10429)) ;
#10454=FILL_AREA_STYLE(' ',(#10453)) ;
#10478=FILL_AREA_STYLE(' ',(#10477)) ;
#10502=FILL_AREA_STYLE(' ',(#10501)) ;
#10526=FILL_AREA_STYLE(' ',(#10525)) ;
#10550=FILL_AREA_STYLE(' ',(#10549)) ;
#10574=FILL_AREA_STYLE(' ',(#10573)) ;
#10598=FILL_AREA_STYLE(' ',(#10597)) ;
#10622=FILL_AREA_STYLE(' ',(#10621)) ;
#10646=FILL_AREA_STYLE(' ',(#10645)) ;
#10670=FILL_AREA_STYLE(' ',(#10669)) ;
#10694=FILL_AREA_STYLE(' ',(#10693)) ;
#10718=FILL_AREA_STYLE(' ',(#10717)) ;
#10742=FILL_AREA_STYLE(' ',(#10741)) ;
#10766=FILL_AREA_STYLE(' ',(#10765)) ;
#10790=FILL_AREA_STYLE(' ',(#10789)) ;
#10814=FILL_AREA_STYLE(' ',(#10813)) ;
#10838=FILL_AREA_STYLE(' ',(#10837)) ;
#10862=FILL_AREA_STYLE(' ',(#10861)) ;
#10886=FILL_AREA_STYLE(' ',(#10885)) ;
#10910=FILL_AREA_STYLE(' ',(#10909)) ;
#10934=FILL_AREA_STYLE(' ',(#10933)) ;
#10958=FILL_AREA_STYLE(' ',(#10957)) ;
#10982=FILL_AREA_STYLE(' ',(#10981)) ;
#11006=FILL_AREA_STYLE(' ',(#11005)) ;
#11030=FILL_AREA_STYLE(' ',(#11029)) ;
#11054=FILL_AREA_STYLE(' ',(#11053)) ;
#11078=FILL_AREA_STYLE(' ',(#11077)) ;
#11102=FILL_AREA_STYLE(' ',(#11101)) ;
#11126=FILL_AREA_STYLE(' ',(#11125)) ;
#11150=FILL_AREA_STYLE(' ',(#11149)) ;
#11174=FILL_AREA_STYLE(' ',(#11173)) ;
#11198=FILL_AREA_STYLE(' ',(#11197)) ;
#11222=FILL_AREA_STYLE(' ',(#11221)) ;
#11246=FILL_AREA_STYLE(' ',(#11245)) ;
#11270=FILL_AREA_STYLE(' ',(#11269)) ;
#11294=FILL_AREA_STYLE(' ',(#11293)) ;
#11318=FILL_AREA_STYLE(' ',(#11317)) ;
#11342=FILL_AREA_STYLE(' ',(#11341)) ;
#11366=FILL_AREA_STYLE(' ',(#11365)) ;
#11390=FILL_AREA_STYLE(' ',(#11389)) ;
#11414=FILL_AREA_STYLE(' ',(#11413)) ;
#11438=FILL_AREA_STYLE(' ',(#11437)) ;
#11462=FILL_AREA_STYLE(' ',(#11461)) ;
#11486=FILL_AREA_STYLE(' ',(#11485)) ;
#11510=FILL_AREA_STYLE(' ',(#11509)) ;
#11534=FILL_AREA_STYLE(' ',(#11533)) ;
#11558=FILL_AREA_STYLE(' ',(#11557)) ;
#11582=FILL_AREA_STYLE(' ',(#11581)) ;
#11606=FILL_AREA_STYLE(' ',(#11605)) ;
#11630=FILL_AREA_STYLE(' ',(#11629)) ;
#11654=FILL_AREA_STYLE(' ',(#11653)) ;
#11678=FILL_AREA_STYLE(' ',(#11677)) ;
#11702=FILL_AREA_STYLE(' ',(#11701)) ;
#11726=FILL_AREA_STYLE(' ',(#11725)) ;
#11750=FILL_AREA_STYLE(' ',(#11749)) ;
#11774=FILL_AREA_STYLE(' ',(#11773)) ;
#11798=FILL_AREA_STYLE(' ',(#11797)) ;
#11822=FILL_AREA_STYLE(' ',(#11821)) ;
#11846=FILL_AREA_STYLE(' ',(#11845)) ;
#11870=FILL_AREA_STYLE(' ',(#11869)) ;
#11894=FILL_AREA_STYLE(' ',(#11893)) ;
#11918=FILL_AREA_STYLE(' ',(#11917)) ;
#11942=FILL_AREA_STYLE(' ',(#11941)) ;
#11966=FILL_AREA_STYLE(' ',(#11965)) ;
#11990=FILL_AREA_STYLE(' ',(#11989)) ;
#12014=FILL_AREA_STYLE(' ',(#12013)) ;
#12038=FILL_AREA_STYLE(' ',(#12037)) ;
#12062=FILL_AREA_STYLE(' ',(#12061)) ;
#12086=FILL_AREA_STYLE(' ',(#12085)) ;
#12110=FILL_AREA_STYLE(' ',(#12109)) ;
#12134=FILL_AREA_STYLE(' ',(#12133)) ;
#12158=FILL_AREA_STYLE(' ',(#12157)) ;
#12182=FILL_AREA_STYLE(' ',(#12181)) ;
#12206=FILL_AREA_STYLE(' ',(#12205)) ;
#12230=FILL_AREA_STYLE(' ',(#12229)) ;
#12254=FILL_AREA_STYLE(' ',(#12253)) ;
#12278=FILL_AREA_STYLE(' ',(#12277)) ;
#12302=FILL_AREA_STYLE(' ',(#12301)) ;
#12326=FILL_AREA_STYLE(' ',(#12325)) ;
#12350=FILL_AREA_STYLE(' ',(#12349)) ;
#12374=FILL_AREA_STYLE(' ',(#12373)) ;
#12398=FILL_AREA_STYLE(' ',(#12397)) ;
#12422=FILL_AREA_STYLE(' ',(#12421)) ;
#12446=FILL_AREA_STYLE(' ',(#12445)) ;
#12470=FILL_AREA_STYLE(' ',(#12469)) ;
#12494=FILL_AREA_STYLE(' ',(#12493)) ;
#12518=FILL_AREA_STYLE(' ',(#12517)) ;
#12542=FILL_AREA_STYLE(' ',(#12541)) ;
#12566=FILL_AREA_STYLE(' ',(#12565)) ;
#12590=FILL_AREA_STYLE(' ',(#12589)) ;
#12614=FILL_AREA_STYLE(' ',(#12613)) ;
#12638=FILL_AREA_STYLE(' ',(#12637)) ;
#12662=FILL_AREA_STYLE(' ',(#12661)) ;
#12686=FILL_AREA_STYLE(' ',(#12685)) ;
#12710=FILL_AREA_STYLE(' ',(#12709)) ;
#12734=FILL_AREA_STYLE(' ',(#12733)) ;
#12758=FILL_AREA_STYLE(' ',(#12757)) ;
#12782=FILL_AREA_STYLE(' ',(#12781)) ;
#12806=FILL_AREA_STYLE(' ',(#12805)) ;
#12830=FILL_AREA_STYLE(' ',(#12829)) ;
#12854=FILL_AREA_STYLE(' ',(#12853)) ;
#12878=FILL_AREA_STYLE(' ',(#12877)) ;
#12902=FILL_AREA_STYLE(' ',(#12901)) ;
#12926=FILL_AREA_STYLE(' ',(#12925)) ;
#12945=FILL_AREA_STYLE(' ',(#12944)) ;
#12987=FILL_AREA_STYLE(' ',(#12986)) ;
#13016=FILL_AREA_STYLE(' ',(#13015)) ;
#13040=FILL_AREA_STYLE(' ',(#13039)) ;
#13064=FILL_AREA_STYLE(' ',(#13063)) ;
#13083=FILL_AREA_STYLE(' ',(#13082)) ;
#13269=FILL_AREA_STYLE(' ',(#13268)) ;
#13298=FILL_AREA_STYLE(' ',(#13297)) ;
#13322=FILL_AREA_STYLE(' ',(#13321)) ;
#13346=FILL_AREA_STYLE(' ',(#13345)) ;
#13370=FILL_AREA_STYLE(' ',(#13369)) ;
#13394=FILL_AREA_STYLE(' ',(#13393)) ;
#13418=FILL_AREA_STYLE(' ',(#13417)) ;
#13442=FILL_AREA_STYLE(' ',(#13441)) ;
#13466=FILL_AREA_STYLE(' ',(#13465)) ;
#13490=FILL_AREA_STYLE(' ',(#13489)) ;
#13514=FILL_AREA_STYLE(' ',(#13513)) ;
#13538=FILL_AREA_STYLE(' ',(#13537)) ;
#13562=FILL_AREA_STYLE(' ',(#13561)) ;
#13586=FILL_AREA_STYLE(' ',(#13585)) ;
#13610=FILL_AREA_STYLE(' ',(#13609)) ;
#13634=FILL_AREA_STYLE(' ',(#13633)) ;
#13658=FILL_AREA_STYLE(' ',(#13657)) ;
#13682=FILL_AREA_STYLE(' ',(#13681)) ;
#13706=FILL_AREA_STYLE(' ',(#13705)) ;
#13730=FILL_AREA_STYLE(' ',(#13729)) ;
#13754=FILL_AREA_STYLE(' ',(#13753)) ;
#13778=FILL_AREA_STYLE(' ',(#13777)) ;
#13797=FILL_AREA_STYLE(' ',(#13796)) ;
#13983=FILL_AREA_STYLE(' ',(#13982)) ;
#14012=FILL_AREA_STYLE(' ',(#14011)) ;
#14036=FILL_AREA_STYLE(' ',(#14035)) ;
#14060=FILL_AREA_STYLE(' ',(#14059)) ;
#14084=FILL_AREA_STYLE(' ',(#14083)) ;
#14108=FILL_AREA_STYLE(' ',(#14107)) ;
#14132=FILL_AREA_STYLE(' ',(#14131)) ;
#14156=FILL_AREA_STYLE(' ',(#14155)) ;
#14180=FILL_AREA_STYLE(' ',(#14179)) ;
#14204=FILL_AREA_STYLE(' ',(#14203)) ;
#14228=FILL_AREA_STYLE(' ',(#14227)) ;
#14252=FILL_AREA_STYLE(' ',(#14251)) ;
#14276=FILL_AREA_STYLE(' ',(#14275)) ;
#14300=FILL_AREA_STYLE(' ',(#14299)) ;
#14324=FILL_AREA_STYLE(' ',(#14323)) ;
#14348=FILL_AREA_STYLE(' ',(#14347)) ;
#14372=FILL_AREA_STYLE(' ',(#14371)) ;
#14396=FILL_AREA_STYLE(' ',(#14395)) ;
#14420=FILL_AREA_STYLE(' ',(#14419)) ;
#14444=FILL_AREA_STYLE(' ',(#14443)) ;
#14468=FILL_AREA_STYLE(' ',(#14467)) ;
#14492=FILL_AREA_STYLE(' ',(#14491)) ;
#14511=FILL_AREA_STYLE(' ',(#14510)) ;
#14793=FILL_AREA_STYLE(' ',(#14792)) ;
#14822=FILL_AREA_STYLE(' ',(#14821)) ;
#14846=FILL_AREA_STYLE(' ',(#14845)) ;
#14870=FILL_AREA_STYLE(' ',(#14869)) ;
#14894=FILL_AREA_STYLE(' ',(#14893)) ;
#14918=FILL_AREA_STYLE(' ',(#14917)) ;
#14942=FILL_AREA_STYLE(' ',(#14941)) ;
#14966=FILL_AREA_STYLE(' ',(#14965)) ;
#14990=FILL_AREA_STYLE(' ',(#14989)) ;
#15014=FILL_AREA_STYLE(' ',(#15013)) ;
#15038=FILL_AREA_STYLE(' ',(#15037)) ;
#15062=FILL_AREA_STYLE(' ',(#15061)) ;
#15086=FILL_AREA_STYLE(' ',(#15085)) ;
#15110=FILL_AREA_STYLE(' ',(#15109)) ;
#15134=FILL_AREA_STYLE(' ',(#15133)) ;
#15158=FILL_AREA_STYLE(' ',(#15157)) ;
#15182=FILL_AREA_STYLE(' ',(#15181)) ;
#15206=FILL_AREA_STYLE(' ',(#15205)) ;
#15230=FILL_AREA_STYLE(' ',(#15229)) ;
#15254=FILL_AREA_STYLE(' ',(#15253)) ;
#15278=FILL_AREA_STYLE(' ',(#15277)) ;
#15302=FILL_AREA_STYLE(' ',(#15301)) ;
#15326=FILL_AREA_STYLE(' ',(#15325)) ;
#15350=FILL_AREA_STYLE(' ',(#15349)) ;
#15374=FILL_AREA_STYLE(' ',(#15373)) ;
#15398=FILL_AREA_STYLE(' ',(#15397)) ;
#15422=FILL_AREA_STYLE(' ',(#15421)) ;
#15446=FILL_AREA_STYLE(' ',(#15445)) ;
#15470=FILL_AREA_STYLE(' ',(#15469)) ;
#15494=FILL_AREA_STYLE(' ',(#15493)) ;
#15518=FILL_AREA_STYLE(' ',(#15517)) ;
#15542=FILL_AREA_STYLE(' ',(#15541)) ;
#15566=FILL_AREA_STYLE(' ',(#15565)) ;
#15590=FILL_AREA_STYLE(' ',(#15589)) ;
#15609=FILL_AREA_STYLE(' ',(#15608)) ;
#15699=FILL_AREA_STYLE(' ',(#15698)) ;
#15728=FILL_AREA_STYLE(' ',(#15727)) ;
#15752=FILL_AREA_STYLE(' ',(#15751)) ;
#15771=FILL_AREA_STYLE(' ',(#15770)) ;
#15795=FILL_AREA_STYLE(' ',(#15794)) ;
#15814=FILL_AREA_STYLE(' ',(#15813)) ;
#15838=FILL_AREA_STYLE(' ',(#15837)) ;
#15857=FILL_AREA_STYLE(' ',(#15856)) ;
#15881=FILL_AREA_STYLE(' ',(#15880)) ;
#15900=FILL_AREA_STYLE(' ',(#15899)) ;
#15919=FILL_AREA_STYLE(' ',(#15918)) ;
#16107=FILL_AREA_STYLE(' ',(#16106)) ;
#16136=FILL_AREA_STYLE(' ',(#16135)) ;
#16150=FILL_AREA_STYLE(' ',(#16149)) ;
#16179=FILL_AREA_STYLE(' ',(#16178)) ;
#16193=FILL_AREA_STYLE(' ',(#16192)) ;
#16222=FILL_AREA_STYLE(' ',(#16221)) ;
#16236=FILL_AREA_STYLE(' ',(#16235)) ;
#16265=FILL_AREA_STYLE(' ',(#16264)) ;
#16279=FILL_AREA_STYLE(' ',(#16278)) ;
#16308=FILL_AREA_STYLE(' ',(#16307)) ;
#16322=FILL_AREA_STYLE(' ',(#16321)) ;
#16351=FILL_AREA_STYLE(' ',(#16350)) ;
#16365=FILL_AREA_STYLE(' ',(#16364)) ;
#16394=FILL_AREA_STYLE(' ',(#16393)) ;
#16408=FILL_AREA_STYLE(' ',(#16407)) ;
#16437=FILL_AREA_STYLE(' ',(#16436)) ;
#16451=FILL_AREA_STYLE(' ',(#16450)) ;
#16480=FILL_AREA_STYLE(' ',(#16479)) ;
#16494=FILL_AREA_STYLE(' ',(#16493)) ;
#16523=FILL_AREA_STYLE(' ',(#16522)) ;
#16537=FILL_AREA_STYLE(' ',(#16536)) ;
#27=FILL_AREA_STYLE_COLOUR(' ',#26) ;
#5866=FILL_AREA_STYLE_COLOUR(' ',#5865) ;
#5895=FILL_AREA_STYLE_COLOUR(' ',#5865) ;
#5919=FILL_AREA_STYLE_COLOUR(' ',#5865) ;
#5943=FILL_AREA_STYLE_COLOUR(' ',#5865) ;
#5967=FILL_AREA_STYLE_COLOUR(' ',#5865) ;
#5991=FILL_AREA_STYLE_COLOUR(' ',#5865) ;
#6015=FILL_AREA_STYLE_COLOUR(' ',#5865) ;
#6039=FILL_AREA_STYLE_COLOUR(' ',#5865) ;
#6063=FILL_AREA_STYLE_COLOUR(' ',#5865) ;
#6087=FILL_AREA_STYLE_COLOUR(' ',#5865) ;
#6111=FILL_AREA_STYLE_COLOUR(' ',#5865) ;
#6135=FILL_AREA_STYLE_COLOUR(' ',#5865) ;
#6159=FILL_AREA_STYLE_COLOUR(' ',#5865) ;
#6183=FILL_AREA_STYLE_COLOUR(' ',#5865) ;
#6207=FILL_AREA_STYLE_COLOUR(' ',#5865) ;
#6231=FILL_AREA_STYLE_COLOUR(' ',#5865) ;
#6255=FILL_AREA_STYLE_COLOUR(' ',#5865) ;
#6279=FILL_AREA_STYLE_COLOUR(' ',#5865) ;
#6303=FILL_AREA_STYLE_COLOUR(' ',#5865) ;
#6327=FILL_AREA_STYLE_COLOUR(' ',#5865) ;
#6351=FILL_AREA_STYLE_COLOUR(' ',#5865) ;
#6375=FILL_AREA_STYLE_COLOUR(' ',#5865) ;
#6399=FILL_AREA_STYLE_COLOUR(' ',#5865) ;
#6423=FILL_AREA_STYLE_COLOUR(' ',#5865) ;
#6447=FILL_AREA_STYLE_COLOUR(' ',#5865) ;
#6471=FILL_AREA_STYLE_COLOUR(' ',#5865) ;
#6490=FILL_AREA_STYLE_COLOUR(' ',#5865) ;
#6514=FILL_AREA_STYLE_COLOUR(' ',#5865) ;
#6538=FILL_AREA_STYLE_COLOUR(' ',#5865) ;
#6562=FILL_AREA_STYLE_COLOUR(' ',#5865) ;
#6586=FILL_AREA_STYLE_COLOUR(' ',#5865) ;
#6610=FILL_AREA_STYLE_COLOUR(' ',#5865) ;
#6634=FILL_AREA_STYLE_COLOUR(' ',#5865) ;
#6658=FILL_AREA_STYLE_COLOUR(' ',#5865) ;
#6682=FILL_AREA_STYLE_COLOUR(' ',#5865) ;
#6706=FILL_AREA_STYLE_COLOUR(' ',#5865) ;
#6730=FILL_AREA_STYLE_COLOUR(' ',#5865) ;
#6754=FILL_AREA_STYLE_COLOUR(' ',#5865) ;
#6778=FILL_AREA_STYLE_COLOUR(' ',#5865) ;
#6802=FILL_AREA_STYLE_COLOUR(' ',#5865) ;
#6826=FILL_AREA_STYLE_COLOUR(' ',#5865) ;
#6850=FILL_AREA_STYLE_COLOUR(' ',#5865) ;
#6874=FILL_AREA_STYLE_COLOUR(' ',#5865) ;
#6898=FILL_AREA_STYLE_COLOUR(' ',#5865) ;
#6922=FILL_AREA_STYLE_COLOUR(' ',#5865) ;
#6946=FILL_AREA_STYLE_COLOUR(' ',#5865) ;
#6970=FILL_AREA_STYLE_COLOUR(' ',#5865) ;
#6994=FILL_AREA_STYLE_COLOUR(' ',#5865) ;
#7013=FILL_AREA_STYLE_COLOUR(' ',#5865) ;
#7037=FILL_AREA_STYLE_COLOUR(' ',#5865) ;
#7061=FILL_AREA_STYLE_COLOUR(' ',#5865) ;
#7085=FILL_AREA_STYLE_COLOUR(' ',#5865) ;
#7109=FILL_AREA_STYLE_COLOUR(' ',#5865) ;
#7133=FILL_AREA_STYLE_COLOUR(' ',#5865) ;
#7157=FILL_AREA_STYLE_COLOUR(' ',#5865) ;
#7181=FILL_AREA_STYLE_COLOUR(' ',#5865) ;
#7205=FILL_AREA_STYLE_COLOUR(' ',#5865) ;
#7229=FILL_AREA_STYLE_COLOUR(' ',#5865) ;
#7253=FILL_AREA_STYLE_COLOUR(' ',#5865) ;
#7277=FILL_AREA_STYLE_COLOUR(' ',#5865) ;
#7301=FILL_AREA_STYLE_COLOUR(' ',#5865) ;
#7325=FILL_AREA_STYLE_COLOUR(' ',#5865) ;
#7349=FILL_AREA_STYLE_COLOUR(' ',#5865) ;
#7373=FILL_AREA_STYLE_COLOUR(' ',#5865) ;
#7397=FILL_AREA_STYLE_COLOUR(' ',#5865) ;
#7421=FILL_AREA_STYLE_COLOUR(' ',#5865) ;
#7445=FILL_AREA_STYLE_COLOUR(' ',#5865) ;
#7469=FILL_AREA_STYLE_COLOUR(' ',#5865) ;
#7493=FILL_AREA_STYLE_COLOUR(' ',#5865) ;
#7517=FILL_AREA_STYLE_COLOUR(' ',#5865) ;
#7541=FILL_AREA_STYLE_COLOUR(' ',#5865) ;
#7565=FILL_AREA_STYLE_COLOUR(' ',#5865) ;
#7589=FILL_AREA_STYLE_COLOUR(' ',#5865) ;
#7613=FILL_AREA_STYLE_COLOUR(' ',#5865) ;
#7637=FILL_AREA_STYLE_COLOUR(' ',#5865) ;
#7661=FILL_AREA_STYLE_COLOUR(' ',#5865) ;
#7685=FILL_AREA_STYLE_COLOUR(' ',#5865) ;
#7709=FILL_AREA_STYLE_COLOUR(' ',#5865) ;
#7733=FILL_AREA_STYLE_COLOUR(' ',#5865) ;
#7757=FILL_AREA_STYLE_COLOUR(' ',#5865) ;
#7781=FILL_AREA_STYLE_COLOUR(' ',#5865) ;
#7805=FILL_AREA_STYLE_COLOUR(' ',#5865) ;
#7829=FILL_AREA_STYLE_COLOUR(' ',#5865) ;
#7853=FILL_AREA_STYLE_COLOUR(' ',#5865) ;
#7877=FILL_AREA_STYLE_COLOUR(' ',#5865) ;
#7901=FILL_AREA_STYLE_COLOUR(' ',#5865) ;
#7925=FILL_AREA_STYLE_COLOUR(' ',#5865) ;
#7949=FILL_AREA_STYLE_COLOUR(' ',#5865) ;
#7973=FILL_AREA_STYLE_COLOUR(' ',#5865) ;
#7997=FILL_AREA_STYLE_COLOUR(' ',#5865) ;
#8021=FILL_AREA_STYLE_COLOUR(' ',#5865) ;
#8045=FILL_AREA_STYLE_COLOUR(' ',#5865) ;
#8069=FILL_AREA_STYLE_COLOUR(' ',#5865) ;
#8093=FILL_AREA_STYLE_COLOUR(' ',#5865) ;
#8117=FILL_AREA_STYLE_COLOUR(' ',#5865) ;
#8136=FILL_AREA_STYLE_COLOUR(' ',#5865) ;
#8155=FILL_AREA_STYLE_COLOUR(' ',#5865) ;
#8179=FILL_AREA_STYLE_COLOUR(' ',#5865) ;
#8203=FILL_AREA_STYLE_COLOUR(' ',#5865) ;
#8227=FILL_AREA_STYLE_COLOUR(' ',#5865) ;
#8251=FILL_AREA_STYLE_COLOUR(' ',#5865) ;
#8275=FILL_AREA_STYLE_COLOUR(' ',#5865) ;
#8299=FILL_AREA_STYLE_COLOUR(' ',#5865) ;
#8323=FILL_AREA_STYLE_COLOUR(' ',#5865) ;
#8347=FILL_AREA_STYLE_COLOUR(' ',#5865) ;
#8371=FILL_AREA_STYLE_COLOUR(' ',#5865) ;
#8395=FILL_AREA_STYLE_COLOUR(' ',#5865) ;
#8419=FILL_AREA_STYLE_COLOUR(' ',#5865) ;
#8443=FILL_AREA_STYLE_COLOUR(' ',#5865) ;
#8467=FILL_AREA_STYLE_COLOUR(' ',#5865) ;
#8491=FILL_AREA_STYLE_COLOUR(' ',#5865) ;
#8515=FILL_AREA_STYLE_COLOUR(' ',#5865) ;
#8539=FILL_AREA_STYLE_COLOUR(' ',#5865) ;
#8563=FILL_AREA_STYLE_COLOUR(' ',#5865) ;
#8587=FILL_AREA_STYLE_COLOUR(' ',#5865) ;
#8611=FILL_AREA_STYLE_COLOUR(' ',#5865) ;
#8635=FILL_AREA_STYLE_COLOUR(' ',#5865) ;
#8659=FILL_AREA_STYLE_COLOUR(' ',#5865) ;
#8683=FILL_AREA_STYLE_COLOUR(' ',#5865) ;
#8707=FILL_AREA_STYLE_COLOUR(' ',#5865) ;
#8731=FILL_AREA_STYLE_COLOUR(' ',#5865) ;
#8755=FILL_AREA_STYLE_COLOUR(' ',#5865) ;
#8779=FILL_AREA_STYLE_COLOUR(' ',#5865) ;
#8803=FILL_AREA_STYLE_COLOUR(' ',#5865) ;
#8827=FILL_AREA_STYLE_COLOUR(' ',#5865) ;
#8851=FILL_AREA_STYLE_COLOUR(' ',#5865) ;
#8875=FILL_AREA_STYLE_COLOUR(' ',#5865) ;
#8899=FILL_AREA_STYLE_COLOUR(' ',#5865) ;
#8923=FILL_AREA_STYLE_COLOUR(' ',#5865) ;
#8947=FILL_AREA_STYLE_COLOUR(' ',#5865) ;
#8971=FILL_AREA_STYLE_COLOUR(' ',#5865) ;
#8995=FILL_AREA_STYLE_COLOUR(' ',#5865) ;
#9019=FILL_AREA_STYLE_COLOUR(' ',#5865) ;
#9043=FILL_AREA_STYLE_COLOUR(' ',#5865) ;
#9067=FILL_AREA_STYLE_COLOUR(' ',#5865) ;
#9091=FILL_AREA_STYLE_COLOUR(' ',#5865) ;
#9115=FILL_AREA_STYLE_COLOUR(' ',#5865) ;
#9139=FILL_AREA_STYLE_COLOUR(' ',#5865) ;
#9158=FILL_AREA_STYLE_COLOUR(' ',#5865) ;
#10112=FILL_AREA_STYLE_COLOUR(' ',#5865) ;
#10141=FILL_AREA_STYLE_COLOUR(' ',#5865) ;
#10165=FILL_AREA_STYLE_COLOUR(' ',#5865) ;
#10189=FILL_AREA_STYLE_COLOUR(' ',#5865) ;
#10213=FILL_AREA_STYLE_COLOUR(' ',#5865) ;
#10237=FILL_AREA_STYLE_COLOUR(' ',#5865) ;
#10261=FILL_AREA_STYLE_COLOUR(' ',#5865) ;
#10285=FILL_AREA_STYLE_COLOUR(' ',#5865) ;
#10309=FILL_AREA_STYLE_COLOUR(' ',#5865) ;
#10333=FILL_AREA_STYLE_COLOUR(' ',#5865) ;
#10357=FILL_AREA_STYLE_COLOUR(' ',#5865) ;
#10381=FILL_AREA_STYLE_COLOUR(' ',#5865) ;
#10405=FILL_AREA_STYLE_COLOUR(' ',#5865) ;
#10429=FILL_AREA_STYLE_COLOUR(' ',#5865) ;
#10453=FILL_AREA_STYLE_COLOUR(' ',#5865) ;
#10477=FILL_AREA_STYLE_COLOUR(' ',#5865) ;
#10501=FILL_AREA_STYLE_COLOUR(' ',#5865) ;
#10525=FILL_AREA_STYLE_COLOUR(' ',#5865) ;
#10549=FILL_AREA_STYLE_COLOUR(' ',#5865) ;
#10573=FILL_AREA_STYLE_COLOUR(' ',#5865) ;
#10597=FILL_AREA_STYLE_COLOUR(' ',#5865) ;
#10621=FILL_AREA_STYLE_COLOUR(' ',#5865) ;
#10645=FILL_AREA_STYLE_COLOUR(' ',#5865) ;
#10669=FILL_AREA_STYLE_COLOUR(' ',#5865) ;
#10693=FILL_AREA_STYLE_COLOUR(' ',#5865) ;
#10717=FILL_AREA_STYLE_COLOUR(' ',#5865) ;
#10741=FILL_AREA_STYLE_COLOUR(' ',#5865) ;
#10765=FILL_AREA_STYLE_COLOUR(' ',#5865) ;
#10789=FILL_AREA_STYLE_COLOUR(' ',#5865) ;
#10813=FILL_AREA_STYLE_COLOUR(' ',#5865) ;
#10837=FILL_AREA_STYLE_COLOUR(' ',#5865) ;
#10861=FILL_AREA_STYLE_COLOUR(' ',#5865) ;
#10885=FILL_AREA_STYLE_COLOUR(' ',#5865) ;
#10909=FILL_AREA_STYLE_COLOUR(' ',#5865) ;
#10933=FILL_AREA_STYLE_COLOUR(' ',#5865) ;
#10957=FILL_AREA_STYLE_COLOUR(' ',#5865) ;
#10981=FILL_AREA_STYLE_COLOUR(' ',#5865) ;
#11005=FILL_AREA_STYLE_COLOUR(' ',#5865) ;
#11029=FILL_AREA_STYLE_COLOUR(' ',#5865) ;
#11053=FILL_AREA_STYLE_COLOUR(' ',#5865) ;
#11077=FILL_AREA_STYLE_COLOUR(' ',#5865) ;
#11101=FILL_AREA_STYLE_COLOUR(' ',#5865) ;
#11125=FILL_AREA_STYLE_COLOUR(' ',#5865) ;
#11149=FILL_AREA_STYLE_COLOUR(' ',#5865) ;
#11173=FILL_AREA_STYLE_COLOUR(' ',#5865) ;
#11197=FILL_AREA_STYLE_COLOUR(' ',#5865) ;
#11221=FILL_AREA_STYLE_COLOUR(' ',#5865) ;
#11245=FILL_AREA_STYLE_COLOUR(' ',#5865) ;
#11269=FILL_AREA_STYLE_COLOUR(' ',#5865) ;
#11293=FILL_AREA_STYLE_COLOUR(' ',#5865) ;
#11317=FILL_AREA_STYLE_COLOUR(' ',#5865) ;
#11341=FILL_AREA_STYLE_COLOUR(' ',#5865) ;
#11365=FILL_AREA_STYLE_COLOUR(' ',#5865) ;
#11389=FILL_AREA_STYLE_COLOUR(' ',#5865) ;
#11413=FILL_AREA_STYLE_COLOUR(' ',#5865) ;
#11437=FILL_AREA_STYLE_COLOUR(' ',#5865) ;
#11461=FILL_AREA_STYLE_COLOUR(' ',#5865) ;
#11485=FILL_AREA_STYLE_COLOUR(' ',#5865) ;
#11509=FILL_AREA_STYLE_COLOUR(' ',#5865) ;
#11533=FILL_AREA_STYLE_COLOUR(' ',#5865) ;
#11557=FILL_AREA_STYLE_COLOUR(' ',#5865) ;
#11581=FILL_AREA_STYLE_COLOUR(' ',#5865) ;
#11605=FILL_AREA_STYLE_COLOUR(' ',#5865) ;
#11629=FILL_AREA_STYLE_COLOUR(' ',#5865) ;
#11653=FILL_AREA_STYLE_COLOUR(' ',#5865) ;
#11677=FILL_AREA_STYLE_COLOUR(' ',#5865) ;
#11701=FILL_AREA_STYLE_COLOUR(' ',#5865) ;
#11725=FILL_AREA_STYLE_COLOUR(' ',#5865) ;
#11749=FILL_AREA_STYLE_COLOUR(' ',#5865) ;
#11773=FILL_AREA_STYLE_COLOUR(' ',#5865) ;
#11797=FILL_AREA_STYLE_COLOUR(' ',#5865) ;
#11821=FILL_AREA_STYLE_COLOUR(' ',#5865) ;
#11845=FILL_AREA_STYLE_COLOUR(' ',#5865) ;
#11869=FILL_AREA_STYLE_COLOUR(' ',#5865) ;
#11893=FILL_AREA_STYLE_COLOUR(' ',#5865) ;
#11917=FILL_AREA_STYLE_COLOUR(' ',#5865) ;
#11941=FILL_AREA_STYLE_COLOUR(' ',#5865) ;
#11965=FILL_AREA_STYLE_COLOUR(' ',#5865) ;
#11989=FILL_AREA_STYLE_COLOUR(' ',#5865) ;
#12013=FILL_AREA_STYLE_COLOUR(' ',#5865) ;
#12037=FILL_AREA_STYLE_COLOUR(' ',#5865) ;
#12061=FILL_AREA_STYLE_COLOUR(' ',#5865) ;
#12085=FILL_AREA_STYLE_COLOUR(' ',#5865) ;
#12109=FILL_AREA_STYLE_COLOUR(' ',#5865) ;
#12133=FILL_AREA_STYLE_COLOUR(' ',#5865) ;
#12157=FILL_AREA_STYLE_COLOUR(' ',#5865) ;
#12181=FILL_AREA_STYLE_COLOUR(' ',#5865) ;
#12205=FILL_AREA_STYLE_COLOUR(' ',#5865) ;
#12229=FILL_AREA_STYLE_COLOUR(' ',#5865) ;
#12253=FILL_AREA_STYLE_COLOUR(' ',#5865) ;
#12277=FILL_AREA_STYLE_COLOUR(' ',#5865) ;
#12301=FILL_AREA_STYLE_COLOUR(' ',#5865) ;
#12325=FILL_AREA_STYLE_COLOUR(' ',#5865) ;
#12349=FILL_AREA_STYLE_COLOUR(' ',#5865) ;
#12373=FILL_AREA_STYLE_COLOUR(' ',#5865) ;
#12397=FILL_AREA_STYLE_COLOUR(' ',#5865) ;
#12421=FILL_AREA_STYLE_COLOUR(' ',#5865) ;
#12445=FILL_AREA_STYLE_COLOUR(' ',#5865) ;
#12469=FILL_AREA_STYLE_COLOUR(' ',#5865) ;
#12493=FILL_AREA_STYLE_COLOUR(' ',#5865) ;
#12517=FILL_AREA_STYLE_COLOUR(' ',#5865) ;
#12541=FILL_AREA_STYLE_COLOUR(' ',#5865) ;
#12565=FILL_AREA_STYLE_COLOUR(' ',#5865) ;
#12589=FILL_AREA_STYLE_COLOUR(' ',#5865) ;
#12613=FILL_AREA_STYLE_COLOUR(' ',#5865) ;
#12637=FILL_AREA_STYLE_COLOUR(' ',#5865) ;
#12661=FILL_AREA_STYLE_COLOUR(' ',#5865) ;
#12685=FILL_AREA_STYLE_COLOUR(' ',#5865) ;
#12709=FILL_AREA_STYLE_COLOUR(' ',#5865) ;
#12733=FILL_AREA_STYLE_COLOUR(' ',#5865) ;
#12757=FILL_AREA_STYLE_COLOUR(' ',#5865) ;
#12781=FILL_AREA_STYLE_COLOUR(' ',#5865) ;
#12805=FILL_AREA_STYLE_COLOUR(' ',#5865) ;
#12829=FILL_AREA_STYLE_COLOUR(' ',#5865) ;
#12853=FILL_AREA_STYLE_COLOUR(' ',#5865) ;
#12877=FILL_AREA_STYLE_COLOUR(' ',#5865) ;
#12901=FILL_AREA_STYLE_COLOUR(' ',#5865) ;
#12925=FILL_AREA_STYLE_COLOUR(' ',#5865) ;
#12944=FILL_AREA_STYLE_COLOUR(' ',#5865) ;
#12986=FILL_AREA_STYLE_COLOUR(' ',#5865) ;
#13015=FILL_AREA_STYLE_COLOUR(' ',#5865) ;
#13039=FILL_AREA_STYLE_COLOUR(' ',#5865) ;
#13063=FILL_AREA_STYLE_COLOUR(' ',#5865) ;
#13082=FILL_AREA_STYLE_COLOUR(' ',#5865) ;
#13268=FILL_AREA_STYLE_COLOUR(' ',#5865) ;
#13297=FILL_AREA_STYLE_COLOUR(' ',#5865) ;
#13321=FILL_AREA_STYLE_COLOUR(' ',#5865) ;
#13345=FILL_AREA_STYLE_COLOUR(' ',#5865) ;
#13369=FILL_AREA_STYLE_COLOUR(' ',#5865) ;
#13393=FILL_AREA_STYLE_COLOUR(' ',#5865) ;
#13417=FILL_AREA_STYLE_COLOUR(' ',#5865) ;
#13441=FILL_AREA_STYLE_COLOUR(' ',#5865) ;
#13465=FILL_AREA_STYLE_COLOUR(' ',#5865) ;
#13489=FILL_AREA_STYLE_COLOUR(' ',#5865) ;
#13513=FILL_AREA_STYLE_COLOUR(' ',#5865) ;
#13537=FILL_AREA_STYLE_COLOUR(' ',#5865) ;
#13561=FILL_AREA_STYLE_COLOUR(' ',#5865) ;
#13585=FILL_AREA_STYLE_COLOUR(' ',#5865) ;
#13609=FILL_AREA_STYLE_COLOUR(' ',#5865) ;
#13633=FILL_AREA_STYLE_COLOUR(' ',#5865) ;
#13657=FILL_AREA_STYLE_COLOUR(' ',#5865) ;
#13681=FILL_AREA_STYLE_COLOUR(' ',#5865) ;
#13705=FILL_AREA_STYLE_COLOUR(' ',#5865) ;
#13729=FILL_AREA_STYLE_COLOUR(' ',#5865) ;
#13753=FILL_AREA_STYLE_COLOUR(' ',#5865) ;
#13777=FILL_AREA_STYLE_COLOUR(' ',#5865) ;
#13796=FILL_AREA_STYLE_COLOUR(' ',#5865) ;
#13982=FILL_AREA_STYLE_COLOUR(' ',#5865) ;
#14011=FILL_AREA_STYLE_COLOUR(' ',#5865) ;
#14035=FILL_AREA_STYLE_COLOUR(' ',#5865) ;
#14059=FILL_AREA_STYLE_COLOUR(' ',#5865) ;
#14083=FILL_AREA_STYLE_COLOUR(' ',#5865) ;
#14107=FILL_AREA_STYLE_COLOUR(' ',#5865) ;
#14131=FILL_AREA_STYLE_COLOUR(' ',#5865) ;
#14155=FILL_AREA_STYLE_COLOUR(' ',#5865) ;
#14179=FILL_AREA_STYLE_COLOUR(' ',#5865) ;
#14203=FILL_AREA_STYLE_COLOUR(' ',#5865) ;
#14227=FILL_AREA_STYLE_COLOUR(' ',#5865) ;
#14251=FILL_AREA_STYLE_COLOUR(' ',#5865) ;
#14275=FILL_AREA_STYLE_COLOUR(' ',#5865) ;
#14299=FILL_AREA_STYLE_COLOUR(' ',#5865) ;
#14323=FILL_AREA_STYLE_COLOUR(' ',#5865) ;
#14347=FILL_AREA_STYLE_COLOUR(' ',#5865) ;
#14371=FILL_AREA_STYLE_COLOUR(' ',#5865) ;
#14395=FILL_AREA_STYLE_COLOUR(' ',#5865) ;
#14419=FILL_AREA_STYLE_COLOUR(' ',#5865) ;
#14443=FILL_AREA_STYLE_COLOUR(' ',#5865) ;
#14467=FILL_AREA_STYLE_COLOUR(' ',#5865) ;
#14491=FILL_AREA_STYLE_COLOUR(' ',#5865) ;
#14510=FILL_AREA_STYLE_COLOUR(' ',#5865) ;
#14792=FILL_AREA_STYLE_COLOUR(' ',#5865) ;
#14821=FILL_AREA_STYLE_COLOUR(' ',#5865) ;
#14845=FILL_AREA_STYLE_COLOUR(' ',#5865) ;
#14869=FILL_AREA_STYLE_COLOUR(' ',#5865) ;
#14893=FILL_AREA_STYLE_COLOUR(' ',#5865) ;
#14917=FILL_AREA_STYLE_COLOUR(' ',#5865) ;
#14941=FILL_AREA_STYLE_COLOUR(' ',#5865) ;
#14965=FILL_AREA_STYLE_COLOUR(' ',#5865) ;
#14989=FILL_AREA_STYLE_COLOUR(' ',#5865) ;
#15013=FILL_AREA_STYLE_COLOUR(' ',#5865) ;
#15037=FILL_AREA_STYLE_COLOUR(' ',#5865) ;
#15061=FILL_AREA_STYLE_COLOUR(' ',#5865) ;
#15085=FILL_AREA_STYLE_COLOUR(' ',#5865) ;
#15109=FILL_AREA_STYLE_COLOUR(' ',#5865) ;
#15133=FILL_AREA_STYLE_COLOUR(' ',#5865) ;
#15157=FILL_AREA_STYLE_COLOUR(' ',#5865) ;
#15181=FILL_AREA_STYLE_COLOUR(' ',#5865) ;
#15205=FILL_AREA_STYLE_COLOUR(' ',#5865) ;
#15229=FILL_AREA_STYLE_COLOUR(' ',#5865) ;
#15253=FILL_AREA_STYLE_COLOUR(' ',#5865) ;
#15277=FILL_AREA_STYLE_COLOUR(' ',#5865) ;
#15301=FILL_AREA_STYLE_COLOUR(' ',#5865) ;
#15325=FILL_AREA_STYLE_COLOUR(' ',#5865) ;
#15349=FILL_AREA_STYLE_COLOUR(' ',#5865) ;
#15373=FILL_AREA_STYLE_COLOUR(' ',#5865) ;
#15397=FILL_AREA_STYLE_COLOUR(' ',#5865) ;
#15421=FILL_AREA_STYLE_COLOUR(' ',#5865) ;
#15445=FILL_AREA_STYLE_COLOUR(' ',#5865) ;
#15469=FILL_AREA_STYLE_COLOUR(' ',#5865) ;
#15493=FILL_AREA_STYLE_COLOUR(' ',#5865) ;
#15517=FILL_AREA_STYLE_COLOUR(' ',#5865) ;
#15541=FILL_AREA_STYLE_COLOUR(' ',#5865) ;
#15565=FILL_AREA_STYLE_COLOUR(' ',#5865) ;
#15589=FILL_AREA_STYLE_COLOUR(' ',#5865) ;
#15608=FILL_AREA_STYLE_COLOUR(' ',#5865) ;
#15698=FILL_AREA_STYLE_COLOUR(' ',#5865) ;
#15727=FILL_AREA_STYLE_COLOUR(' ',#5865) ;
#15751=FILL_AREA_STYLE_COLOUR(' ',#5865) ;
#15770=FILL_AREA_STYLE_COLOUR(' ',#5865) ;
#15794=FILL_AREA_STYLE_COLOUR(' ',#5865) ;
#15813=FILL_AREA_STYLE_COLOUR(' ',#5865) ;
#15837=FILL_AREA_STYLE_COLOUR(' ',#5865) ;
#15856=FILL_AREA_STYLE_COLOUR(' ',#5865) ;
#15880=FILL_AREA_STYLE_COLOUR(' ',#5865) ;
#15899=FILL_AREA_STYLE_COLOUR(' ',#5865) ;
#15918=FILL_AREA_STYLE_COLOUR(' ',#5865) ;
#16106=FILL_AREA_STYLE_COLOUR(' ',#5865) ;
#16135=FILL_AREA_STYLE_COLOUR(' ',#5865) ;
#16149=FILL_AREA_STYLE_COLOUR(' ',#5865) ;
#16178=FILL_AREA_STYLE_COLOUR(' ',#5865) ;
#16192=FILL_AREA_STYLE_COLOUR(' ',#5865) ;
#16221=FILL_AREA_STYLE_COLOUR(' ',#5865) ;
#16235=FILL_AREA_STYLE_COLOUR(' ',#5865) ;
#16264=FILL_AREA_STYLE_COLOUR(' ',#5865) ;
#16278=FILL_AREA_STYLE_COLOUR(' ',#5865) ;
#16307=FILL_AREA_STYLE_COLOUR(' ',#5865) ;
#16321=FILL_AREA_STYLE_COLOUR(' ',#5865) ;
#16350=FILL_AREA_STYLE_COLOUR(' ',#5865) ;
#16364=FILL_AREA_STYLE_COLOUR(' ',#5865) ;
#16393=FILL_AREA_STYLE_COLOUR(' ',#5865) ;
#16407=FILL_AREA_STYLE_COLOUR(' ',#5865) ;
#16436=FILL_AREA_STYLE_COLOUR(' ',#5865) ;
#16450=FILL_AREA_STYLE_COLOUR(' ',#5865) ;
#16479=FILL_AREA_STYLE_COLOUR(' ',#5865) ;
#16493=FILL_AREA_STYLE_COLOUR(' ',#5865) ;
#16522=FILL_AREA_STYLE_COLOUR(' ',#5865) ;
#16536=FILL_AREA_STYLE_COLOUR(' ',#5865) ;
#42=VECTOR('Line Direction',#41,0.0393700787402) ;
#58=VECTOR('Line Direction',#57,0.0393700787402) ;
#108=VECTOR('Line Direction',#107,0.0393700787402) ;
#122=VECTOR('Line Direction',#121,0.0393700787402) ;
#213=VECTOR('Line Direction',#212,0.0393700787402) ;
#227=VECTOR('Line Direction',#226,0.0393700787402) ;
#256=VECTOR('Line Direction',#255,0.0393700787402) ;
#263=VECTOR('Line Direction',#262,0.0393700787402) ;
#315=VECTOR('Line Direction',#314,0.0393700787402) ;
#329=VECTOR('Line Direction',#328,0.0393700787402) ;
#356=VECTOR('Line Direction',#355,0.0393700787402) ;
#370=VECTOR('Line Direction',#369,0.0393700787402) ;
#459=VECTOR('Line Direction',#458,0.0393700787402) ;
#473=VECTOR('Line Direction',#472,0.0393700787402) ;
#862=VECTOR('Line Direction',#861,0.0393700787402) ;
#869=VECTOR('Line Direction',#868,0.0393700787402) ;
#905=VECTOR('Line Direction',#904,0.0393700787402) ;
#912=VECTOR('Line Direction',#911,0.0393700787402) ;
#948=VECTOR('Line Direction',#947,0.0393700787402) ;
#955=VECTOR('Line Direction',#954,0.0393700787402) ;
#991=VECTOR('Line Direction',#990,0.0393700787402) ;
#998=VECTOR('Line Direction',#997,0.0393700787402) ;
#1034=VECTOR('Line Direction',#1033,0.0393700787402) ;
#1041=VECTOR('Line Direction',#1040,0.0393700787402) ;
#1077=VECTOR('Line Direction',#1076,0.0393700787402) ;
#1084=VECTOR('Line Direction',#1083,0.0393700787402) ;
#1120=VECTOR('Line Direction',#1119,0.0393700787402) ;
#1127=VECTOR('Line Direction',#1126,0.0393700787402) ;
#1163=VECTOR('Line Direction',#1162,0.0393700787402) ;
#1170=VECTOR('Line Direction',#1169,0.0393700787402) ;
#1206=VECTOR('Line Direction',#1205,0.0393700787402) ;
#1213=VECTOR('Line Direction',#1212,0.0393700787402) ;
#1249=VECTOR('Line Direction',#1248,0.0393700787402) ;
#1256=VECTOR('Line Direction',#1255,0.0393700787402) ;
#1292=VECTOR('Line Direction',#1291,0.0393700787402) ;
#1299=VECTOR('Line Direction',#1298,0.0393700787402) ;
#1335=VECTOR('Line Direction',#1334,0.0393700787402) ;
#1342=VECTOR('Line Direction',#1341,0.0393700787402) ;
#1378=VECTOR('Line Direction',#1377,0.0393700787402) ;
#1385=VECTOR('Line Direction',#1384,0.0393700787402) ;
#1421=VECTOR('Line Direction',#1420,0.0393700787402) ;
#1428=VECTOR('Line Direction',#1427,0.0393700787402) ;
#1464=VECTOR('Line Direction',#1463,0.0393700787402) ;
#1471=VECTOR('Line Direction',#1470,0.0393700787402) ;
#1507=VECTOR('Line Direction',#1506,0.0393700787402) ;
#1514=VECTOR('Line Direction',#1513,0.0393700787402) ;
#1550=VECTOR('Line Direction',#1549,0.0393700787402) ;
#1557=VECTOR('Line Direction',#1556,0.0393700787402) ;
#1593=VECTOR('Line Direction',#1592,0.0393700787402) ;
#1600=VECTOR('Line Direction',#1599,0.0393700787402) ;
#1636=VECTOR('Line Direction',#1635,0.0393700787402) ;
#1643=VECTOR('Line Direction',#1642,0.0393700787402) ;
#1804=VECTOR('Line Direction',#1803,0.0393700787402) ;
#1813=VECTOR('Line Direction',#1812,0.0393700787402) ;
#1820=VECTOR('Line Direction',#1819,0.0393700787402) ;
#1827=VECTOR('Line Direction',#1826,0.0393700787402) ;
#1834=VECTOR('Line Direction',#1833,0.0393700787402) ;
#1841=VECTOR('Line Direction',#1840,0.0393700787402) ;
#1848=VECTOR('Line Direction',#1847,0.0393700787402) ;
#1855=VECTOR('Line Direction',#1854,0.0393700787402) ;
#1862=VECTOR('Line Direction',#1861,0.0393700787402) ;
#1869=VECTOR('Line Direction',#1868,0.0393700787402) ;
#1876=VECTOR('Line Direction',#1875,0.0393700787402) ;
#1883=VECTOR('Line Direction',#1882,0.0393700787402) ;
#1890=VECTOR('Line Direction',#1889,0.0393700787402) ;
#1897=VECTOR('Line Direction',#1896,0.0393700787402) ;
#1904=VECTOR('Line Direction',#1903,0.0393700787402) ;
#1911=VECTOR('Line Direction',#1910,0.0393700787402) ;
#1918=VECTOR('Line Direction',#1917,0.0393700787402) ;
#1925=VECTOR('Line Direction',#1924,0.0393700787402) ;
#1932=VECTOR('Line Direction',#1931,0.0393700787402) ;
#1939=VECTOR('Line Direction',#1938,0.0393700787402) ;
#1946=VECTOR('Line Direction',#1945,0.0393700787402) ;
#1953=VECTOR('Line Direction',#1952,0.0393700787402) ;
#1960=VECTOR('Line Direction',#1959,0.0393700787402) ;
#1967=VECTOR('Line Direction',#1966,0.0393700787402) ;
#1974=VECTOR('Line Direction',#1973,0.0393700787402) ;
#1981=VECTOR('Line Direction',#1980,0.0393700787402) ;
#1988=VECTOR('Line Direction',#1987,0.0393700787402) ;
#1995=VECTOR('Line Direction',#1994,0.0393700787402) ;
#2002=VECTOR('Line Direction',#2001,0.0393700787402) ;
#2009=VECTOR('Line Direction',#2008,0.0393700787402) ;
#2016=VECTOR('Line Direction',#2015,0.0393700787402) ;
#2023=VECTOR('Line Direction',#2022,0.0393700787402) ;
#2030=VECTOR('Line Direction',#2029,0.0393700787402) ;
#2037=VECTOR('Line Direction',#2036,0.0393700787402) ;
#2044=VECTOR('Line Direction',#2043,0.0393700787402) ;
#2051=VECTOR('Line Direction',#2050,0.0393700787402) ;
#2058=VECTOR('Line Direction',#2057,0.0393700787402) ;
#2065=VECTOR('Line Direction',#2064,0.0393700787402) ;
#2072=VECTOR('Line Direction',#2071,0.0393700787402) ;
#2079=VECTOR('Line Direction',#2078,0.0393700787402) ;
#2086=VECTOR('Line Direction',#2085,0.0393700787402) ;
#2093=VECTOR('Line Direction',#2092,0.0393700787402) ;
#2100=VECTOR('Line Direction',#2099,0.0393700787402) ;
#2107=VECTOR('Line Direction',#2106,0.0393700787402) ;
#2114=VECTOR('Line Direction',#2113,0.0393700787402) ;
#2121=VECTOR('Line Direction',#2120,0.0393700787402) ;
#2128=VECTOR('Line Direction',#2127,0.0393700787402) ;
#2135=VECTOR('Line Direction',#2134,0.0393700787402) ;
#2142=VECTOR('Line Direction',#2141,0.0393700787402) ;
#2149=VECTOR('Line Direction',#2148,0.0393700787402) ;
#2156=VECTOR('Line Direction',#2155,0.0393700787402) ;
#2163=VECTOR('Line Direction',#2162,0.0393700787402) ;
#2170=VECTOR('Line Direction',#2169,0.0393700787402) ;
#2177=VECTOR('Line Direction',#2176,0.0393700787402) ;
#2184=VECTOR('Line Direction',#2183,0.0393700787402) ;
#2191=VECTOR('Line Direction',#2190,0.0393700787402) ;
#2198=VECTOR('Line Direction',#2197,0.0393700787402) ;
#2205=VECTOR('Line Direction',#2204,0.0393700787402) ;
#2212=VECTOR('Line Direction',#2211,0.0393700787402) ;
#2219=VECTOR('Line Direction',#2218,0.0393700787402) ;
#2226=VECTOR('Line Direction',#2225,0.0393700787402) ;
#2233=VECTOR('Line Direction',#2232,0.0393700787402) ;
#2240=VECTOR('Line Direction',#2239,0.0393700787402) ;
#2247=VECTOR('Line Direction',#2246,0.0393700787402) ;
#2254=VECTOR('Line Direction',#2253,0.0393700787402) ;
#2261=VECTOR('Line Direction',#2260,0.0393700787402) ;
#2268=VECTOR('Line Direction',#2267,0.0393700787402) ;
#2275=VECTOR('Line Direction',#2274,0.0393700787402) ;
#2282=VECTOR('Line Direction',#2281,0.0393700787402) ;
#2289=VECTOR('Line Direction',#2288,0.0393700787402) ;
#2296=VECTOR('Line Direction',#2295,0.0393700787402) ;
#2303=VECTOR('Line Direction',#2302,0.0393700787402) ;
#2310=VECTOR('Line Direction',#2309,0.0393700787402) ;
#2317=VECTOR('Line Direction',#2316,0.0393700787402) ;
#2324=VECTOR('Line Direction',#2323,0.0393700787402) ;
#2331=VECTOR('Line Direction',#2330,0.0393700787402) ;
#2338=VECTOR('Line Direction',#2337,0.0393700787402) ;
#2345=VECTOR('Line Direction',#2344,0.0393700787402) ;
#2352=VECTOR('Line Direction',#2351,0.0393700787402) ;
#2359=VECTOR('Line Direction',#2358,0.0393700787402) ;
#2366=VECTOR('Line Direction',#2365,0.0393700787402) ;
#2373=VECTOR('Line Direction',#2372,0.0393700787402) ;
#2380=VECTOR('Line Direction',#2379,0.0393700787402) ;
#2387=VECTOR('Line Direction',#2386,0.0393700787402) ;
#2394=VECTOR('Line Direction',#2393,0.0393700787402) ;
#2401=VECTOR('Line Direction',#2400,0.0393700787402) ;
#2408=VECTOR('Line Direction',#2407,0.0393700787402) ;
#2415=VECTOR('Line Direction',#2414,0.0393700787402) ;
#2422=VECTOR('Line Direction',#2421,0.0393700787402) ;
#2429=VECTOR('Line Direction',#2428,0.0393700787402) ;
#2436=VECTOR('Line Direction',#2435,0.0393700787402) ;
#2443=VECTOR('Line Direction',#2442,0.0393700787402) ;
#2450=VECTOR('Line Direction',#2449,0.0393700787402) ;
#2457=VECTOR('Line Direction',#2456,0.0393700787402) ;
#2464=VECTOR('Line Direction',#2463,0.0393700787402) ;
#2471=VECTOR('Line Direction',#2470,0.0393700787402) ;
#2478=VECTOR('Line Direction',#2477,0.0393700787402) ;
#2485=VECTOR('Line Direction',#2484,0.0393700787402) ;
#2492=VECTOR('Line Direction',#2491,0.0393700787402) ;
#2499=VECTOR('Line Direction',#2498,0.0393700787402) ;
#2506=VECTOR('Line Direction',#2505,0.0393700787402) ;
#2513=VECTOR('Line Direction',#2512,0.0393700787402) ;
#2520=VECTOR('Line Direction',#2519,0.0393700787402) ;
#2527=VECTOR('Line Direction',#2526,0.0393700787402) ;
#2534=VECTOR('Line Direction',#2533,0.0393700787402) ;
#2541=VECTOR('Line Direction',#2540,0.0393700787402) ;
#2548=VECTOR('Line Direction',#2547,0.0393700787402) ;
#2555=VECTOR('Line Direction',#2554,0.0393700787402) ;
#2562=VECTOR('Line Direction',#2561,0.0393700787402) ;
#2569=VECTOR('Line Direction',#2568,0.0393700787402) ;
#2576=VECTOR('Line Direction',#2575,0.0393700787402) ;
#2583=VECTOR('Line Direction',#2582,0.0393700787402) ;
#2590=VECTOR('Line Direction',#2589,0.0393700787402) ;
#2597=VECTOR('Line Direction',#2596,0.0393700787402) ;
#2604=VECTOR('Line Direction',#2603,0.0393700787402) ;
#2611=VECTOR('Line Direction',#2610,0.0393700787402) ;
#2618=VECTOR('Line Direction',#2617,0.0393700787402) ;
#2625=VECTOR('Line Direction',#2624,0.0393700787402) ;
#2750=VECTOR('Line Direction',#2749,0.0393700787402) ;
#2759=VECTOR('Line Direction',#2758,0.0393700787402) ;
#2766=VECTOR('Line Direction',#2765,0.0393700787402) ;
#2773=VECTOR('Line Direction',#2772,0.0393700787402) ;
#2780=VECTOR('Line Direction',#2779,0.0393700787402) ;
#2787=VECTOR('Line Direction',#2786,0.0393700787402) ;
#2794=VECTOR('Line Direction',#2793,0.0393700787402) ;
#2801=VECTOR('Line Direction',#2800,0.0393700787402) ;
#2808=VECTOR('Line Direction',#2807,0.0393700787402) ;
#2815=VECTOR('Line Direction',#2814,0.0393700787402) ;
#2822=VECTOR('Line Direction',#2821,0.0393700787402) ;
#2829=VECTOR('Line Direction',#2828,0.0393700787402) ;
#2836=VECTOR('Line Direction',#2835,0.0393700787402) ;
#2843=VECTOR('Line Direction',#2842,0.0393700787402) ;
#2850=VECTOR('Line Direction',#2849,0.0393700787402) ;
#2857=VECTOR('Line Direction',#2856,0.0393700787402) ;
#2864=VECTOR('Line Direction',#2863,0.0393700787402) ;
#2871=VECTOR('Line Direction',#2870,0.0393700787402) ;
#2878=VECTOR('Line Direction',#2877,0.0393700787402) ;
#2885=VECTOR('Line Direction',#2884,0.0393700787402) ;
#2892=VECTOR('Line Direction',#2891,0.0393700787402) ;
#2899=VECTOR('Line Direction',#2898,0.0393700787402) ;
#2928=VECTOR('Line Direction',#2927,0.0393700787402) ;
#2937=VECTOR('Line Direction',#2936,0.0393700787402) ;
#2944=VECTOR('Line Direction',#2943,0.0393700787402) ;
#2951=VECTOR('Line Direction',#2950,0.0393700787402) ;
#2958=VECTOR('Line Direction',#2957,0.0393700787402) ;
#2965=VECTOR('Line Direction',#2964,0.0393700787402) ;
#2972=VECTOR('Line Direction',#2971,0.0393700787402) ;
#2979=VECTOR('Line Direction',#2978,0.0393700787402) ;
#2986=VECTOR('Line Direction',#2985,0.0393700787402) ;
#2993=VECTOR('Line Direction',#2992,0.0393700787402) ;
#3000=VECTOR('Line Direction',#2999,0.0393700787402) ;
#3007=VECTOR('Line Direction',#3006,0.0393700787402) ;
#3014=VECTOR('Line Direction',#3013,0.0393700787402) ;
#3021=VECTOR('Line Direction',#3020,0.0393700787402) ;
#3028=VECTOR('Line Direction',#3027,0.0393700787402) ;
#3035=VECTOR('Line Direction',#3034,0.0393700787402) ;
#3042=VECTOR('Line Direction',#3041,0.0393700787402) ;
#3049=VECTOR('Line Direction',#3048,0.0393700787402) ;
#3056=VECTOR('Line Direction',#3055,0.0393700787402) ;
#3063=VECTOR('Line Direction',#3062,0.0393700787402) ;
#3070=VECTOR('Line Direction',#3069,0.0393700787402) ;
#3077=VECTOR('Line Direction',#3076,0.0393700787402) ;
#3084=VECTOR('Line Direction',#3083,0.0393700787402) ;
#3091=VECTOR('Line Direction',#3090,0.0393700787402) ;
#3098=VECTOR('Line Direction',#3097,0.0393700787402) ;
#3105=VECTOR('Line Direction',#3104,0.0393700787402) ;
#3112=VECTOR('Line Direction',#3111,0.0393700787402) ;
#3119=VECTOR('Line Direction',#3118,0.0393700787402) ;
#3126=VECTOR('Line Direction',#3125,0.0393700787402) ;
#3133=VECTOR('Line Direction',#3132,0.0393700787402) ;
#3140=VECTOR('Line Direction',#3139,0.0393700787402) ;
#3147=VECTOR('Line Direction',#3146,0.0393700787402) ;
#3154=VECTOR('Line Direction',#3153,0.0393700787402) ;
#3161=VECTOR('Line Direction',#3160,0.0393700787402) ;
#3202=VECTOR('Line Direction',#3201,0.0393700787402) ;
#3211=VECTOR('Line Direction',#3210,0.0393700787402) ;
#3218=VECTOR('Line Direction',#3217,0.0393700787402) ;
#3225=VECTOR('Line Direction',#3224,0.0393700787402) ;
#3232=VECTOR('Line Direction',#3231,0.0393700787402) ;
#3239=VECTOR('Line Direction',#3238,0.0393700787402) ;
#3246=VECTOR('Line Direction',#3245,0.0393700787402) ;
#3253=VECTOR('Line Direction',#3252,0.0393700787402) ;
#3260=VECTOR('Line Direction',#3259,0.0393700787402) ;
#3267=VECTOR('Line Direction',#3266,0.0393700787402) ;
#3274=VECTOR('Line Direction',#3273,0.0393700787402) ;
#3281=VECTOR('Line Direction',#3280,0.0393700787402) ;
#3288=VECTOR('Line Direction',#3287,0.0393700787402) ;
#3295=VECTOR('Line Direction',#3294,0.0393700787402) ;
#3302=VECTOR('Line Direction',#3301,0.0393700787402) ;
#3309=VECTOR('Line Direction',#3308,0.0393700787402) ;
#3316=VECTOR('Line Direction',#3315,0.0393700787402) ;
#3323=VECTOR('Line Direction',#3322,0.0393700787402) ;
#3330=VECTOR('Line Direction',#3329,0.0393700787402) ;
#3337=VECTOR('Line Direction',#3336,0.0393700787402) ;
#3344=VECTOR('Line Direction',#3343,0.0393700787402) ;
#3351=VECTOR('Line Direction',#3350,0.0393700787402) ;
#3358=VECTOR('Line Direction',#3357,0.0393700787402) ;
#3365=VECTOR('Line Direction',#3364,0.0393700787402) ;
#3372=VECTOR('Line Direction',#3371,0.0393700787402) ;
#3379=VECTOR('Line Direction',#3378,0.0393700787402) ;
#3386=VECTOR('Line Direction',#3385,0.0393700787402) ;
#3393=VECTOR('Line Direction',#3392,0.0393700787402) ;
#3400=VECTOR('Line Direction',#3399,0.0393700787402) ;
#3407=VECTOR('Line Direction',#3406,0.0393700787402) ;
#3414=VECTOR('Line Direction',#3413,0.0393700787402) ;
#3421=VECTOR('Line Direction',#3420,0.0393700787402) ;
#3428=VECTOR('Line Direction',#3427,0.0393700787402) ;
#3435=VECTOR('Line Direction',#3434,0.0393700787402) ;
#3442=VECTOR('Line Direction',#3441,0.0393700787402) ;
#3449=VECTOR('Line Direction',#3448,0.0393700787402) ;
#3456=VECTOR('Line Direction',#3455,0.0393700787402) ;
#3463=VECTOR('Line Direction',#3462,0.0393700787402) ;
#3470=VECTOR('Line Direction',#3469,0.0393700787402) ;
#3477=VECTOR('Line Direction',#3476,0.0393700787402) ;
#3484=VECTOR('Line Direction',#3483,0.0393700787402) ;
#3491=VECTOR('Line Direction',#3490,0.0393700787402) ;
#3498=VECTOR('Line Direction',#3497,0.0393700787402) ;
#3505=VECTOR('Line Direction',#3504,0.0393700787402) ;
#3512=VECTOR('Line Direction',#3511,0.0393700787402) ;
#3519=VECTOR('Line Direction',#3518,0.0393700787402) ;
#3526=VECTOR('Line Direction',#3525,0.0393700787402) ;
#3533=VECTOR('Line Direction',#3532,0.0393700787402) ;
#3540=VECTOR('Line Direction',#3539,0.0393700787402) ;
#3547=VECTOR('Line Direction',#3546,0.0393700787402) ;
#3554=VECTOR('Line Direction',#3553,0.0393700787402) ;
#3561=VECTOR('Line Direction',#3560,0.0393700787402) ;
#3568=VECTOR('Line Direction',#3567,0.0393700787402) ;
#3575=VECTOR('Line Direction',#3574,0.0393700787402) ;
#3582=VECTOR('Line Direction',#3581,0.0393700787402) ;
#3589=VECTOR('Line Direction',#3588,0.0393700787402) ;
#3596=VECTOR('Line Direction',#3595,0.0393700787402) ;
#3603=VECTOR('Line Direction',#3602,0.0393700787402) ;
#3610=VECTOR('Line Direction',#3609,0.0393700787402) ;
#3617=VECTOR('Line Direction',#3616,0.0393700787402) ;
#3624=VECTOR('Line Direction',#3623,0.0393700787402) ;
#3631=VECTOR('Line Direction',#3630,0.0393700787402) ;
#3638=VECTOR('Line Direction',#3637,0.0393700787402) ;
#3645=VECTOR('Line Direction',#3644,0.0393700787402) ;
#3652=VECTOR('Line Direction',#3651,0.0393700787402) ;
#3659=VECTOR('Line Direction',#3658,0.0393700787402) ;
#3666=VECTOR('Line Direction',#3665,0.0393700787402) ;
#3673=VECTOR('Line Direction',#3672,0.0393700787402) ;
#3680=VECTOR('Line Direction',#3679,0.0393700787402) ;
#3687=VECTOR('Line Direction',#3686,0.0393700787402) ;
#3694=VECTOR('Line Direction',#3693,0.0393700787402) ;
#3701=VECTOR('Line Direction',#3700,0.0393700787402) ;
#3708=VECTOR('Line Direction',#3707,0.0393700787402) ;
#3715=VECTOR('Line Direction',#3714,0.0393700787402) ;
#3722=VECTOR('Line Direction',#3721,0.0393700787402) ;
#3729=VECTOR('Line Direction',#3728,0.0393700787402) ;
#3736=VECTOR('Line Direction',#3735,0.0393700787402) ;
#3743=VECTOR('Line Direction',#3742,0.0393700787402) ;
#3750=VECTOR('Line Direction',#3749,0.0393700787402) ;
#3757=VECTOR('Line Direction',#3756,0.0393700787402) ;
#3764=VECTOR('Line Direction',#3763,0.0393700787402) ;
#3771=VECTOR('Line Direction',#3770,0.0393700787402) ;
#3778=VECTOR('Line Direction',#3777,0.0393700787402) ;
#3785=VECTOR('Line Direction',#3784,0.0393700787402) ;
#3792=VECTOR('Line Direction',#3791,0.0393700787402) ;
#3799=VECTOR('Line Direction',#3798,0.0393700787402) ;
#3806=VECTOR('Line Direction',#3805,0.0393700787402) ;
#3813=VECTOR('Line Direction',#3812,0.0393700787402) ;
#3820=VECTOR('Line Direction',#3819,0.0393700787402) ;
#3827=VECTOR('Line Direction',#3826,0.0393700787402) ;
#3834=VECTOR('Line Direction',#3833,0.0393700787402) ;
#3841=VECTOR('Line Direction',#3840,0.0393700787402) ;
#3848=VECTOR('Line Direction',#3847,0.0393700787402) ;
#3855=VECTOR('Line Direction',#3854,0.0393700787402) ;
#3862=VECTOR('Line Direction',#3861,0.0393700787402) ;
#3869=VECTOR('Line Direction',#3868,0.0393700787402) ;
#3876=VECTOR('Line Direction',#3875,0.0393700787402) ;
#3883=VECTOR('Line Direction',#3882,0.0393700787402) ;
#3890=VECTOR('Line Direction',#3889,0.0393700787402) ;
#3897=VECTOR('Line Direction',#3896,0.0393700787402) ;
#3904=VECTOR('Line Direction',#3903,0.0393700787402) ;
#3911=VECTOR('Line Direction',#3910,0.0393700787402) ;
#3918=VECTOR('Line Direction',#3917,0.0393700787402) ;
#3925=VECTOR('Line Direction',#3924,0.0393700787402) ;
#3932=VECTOR('Line Direction',#3931,0.0393700787402) ;
#3939=VECTOR('Line Direction',#3938,0.0393700787402) ;
#3946=VECTOR('Line Direction',#3945,0.0393700787402) ;
#3953=VECTOR('Line Direction',#3952,0.0393700787402) ;
#3960=VECTOR('Line Direction',#3959,0.0393700787402) ;
#3967=VECTOR('Line Direction',#3966,0.0393700787402) ;
#3974=VECTOR('Line Direction',#3973,0.0393700787402) ;
#3981=VECTOR('Line Direction',#3980,0.0393700787402) ;
#3988=VECTOR('Line Direction',#3987,0.0393700787402) ;
#3995=VECTOR('Line Direction',#3994,0.0393700787402) ;
#4002=VECTOR('Line Direction',#4001,0.0393700787402) ;
#4009=VECTOR('Line Direction',#4008,0.0393700787402) ;
#4016=VECTOR('Line Direction',#4015,0.0393700787402) ;
#4023=VECTOR('Line Direction',#4022,0.0393700787402) ;
#4030=VECTOR('Line Direction',#4029,0.0393700787402) ;
#4037=VECTOR('Line Direction',#4036,0.0393700787402) ;
#4044=VECTOR('Line Direction',#4043,0.0393700787402) ;
#4051=VECTOR('Line Direction',#4050,0.0393700787402) ;
#4058=VECTOR('Line Direction',#4057,0.0393700787402) ;
#4065=VECTOR('Line Direction',#4064,0.0393700787402) ;
#4072=VECTOR('Line Direction',#4071,0.0393700787402) ;
#4079=VECTOR('Line Direction',#4078,0.0393700787402) ;
#4086=VECTOR('Line Direction',#4085,0.0393700787402) ;
#4093=VECTOR('Line Direction',#4092,0.0393700787402) ;
#4100=VECTOR('Line Direction',#4099,0.0393700787402) ;
#4107=VECTOR('Line Direction',#4106,0.0393700787402) ;
#4114=VECTOR('Line Direction',#4113,0.0393700787402) ;
#4121=VECTOR('Line Direction',#4120,0.0393700787402) ;
#4128=VECTOR('Line Direction',#4127,0.0393700787402) ;
#4135=VECTOR('Line Direction',#4134,0.0393700787402) ;
#4142=VECTOR('Line Direction',#4141,0.0393700787402) ;
#4149=VECTOR('Line Direction',#4148,0.0393700787402) ;
#4156=VECTOR('Line Direction',#4155,0.0393700787402) ;
#4163=VECTOR('Line Direction',#4162,0.0393700787402) ;
#4308=VECTOR('Line Direction',#4307,0.0393700787402) ;
#4317=VECTOR('Line Direction',#4316,0.0393700787402) ;
#4324=VECTOR('Line Direction',#4323,0.0393700787402) ;
#4331=VECTOR('Line Direction',#4330,0.0393700787402) ;
#4338=VECTOR('Line Direction',#4337,0.0393700787402) ;
#4345=VECTOR('Line Direction',#4344,0.0393700787402) ;
#4352=VECTOR('Line Direction',#4351,0.0393700787402) ;
#4359=VECTOR('Line Direction',#4358,0.0393700787402) ;
#4366=VECTOR('Line Direction',#4365,0.0393700787402) ;
#4373=VECTOR('Line Direction',#4372,0.0393700787402) ;
#4380=VECTOR('Line Direction',#4379,0.0393700787402) ;
#4387=VECTOR('Line Direction',#4386,0.0393700787402) ;
#4394=VECTOR('Line Direction',#4393,0.0393700787402) ;
#4401=VECTOR('Line Direction',#4400,0.0393700787402) ;
#4408=VECTOR('Line Direction',#4407,0.0393700787402) ;
#4415=VECTOR('Line Direction',#4414,0.0393700787402) ;
#4422=VECTOR('Line Direction',#4421,0.0393700787402) ;
#4429=VECTOR('Line Direction',#4428,0.0393700787402) ;
#4436=VECTOR('Line Direction',#4435,0.0393700787402) ;
#4443=VECTOR('Line Direction',#4442,0.0393700787402) ;
#4450=VECTOR('Line Direction',#4449,0.0393700787402) ;
#4457=VECTOR('Line Direction',#4456,0.0393700787402) ;
#4486=VECTOR('Line Direction',#4485,0.0393700787402) ;
#4495=VECTOR('Line Direction',#4494,0.0393700787402) ;
#4502=VECTOR('Line Direction',#4501,0.0393700787402) ;
#4509=VECTOR('Line Direction',#4508,0.0393700787402) ;
#4520=VECTOR('Line Direction',#4519,0.0393700787402) ;
#4529=VECTOR('Line Direction',#4528,0.0393700787402) ;
#4536=VECTOR('Line Direction',#4535,0.0393700787402) ;
#4543=VECTOR('Line Direction',#4542,0.0393700787402) ;
#4550=VECTOR('Line Direction',#4549,0.0393700787402) ;
#4557=VECTOR('Line Direction',#4556,0.0393700787402) ;
#4564=VECTOR('Line Direction',#4563,0.0393700787402) ;
#4571=VECTOR('Line Direction',#4570,0.0393700787402) ;
#4578=VECTOR('Line Direction',#4577,0.0393700787402) ;
#4585=VECTOR('Line Direction',#4584,0.0393700787402) ;
#4760=VECTOR('Line Direction',#4759,0.0393700787402) ;
#4769=VECTOR('Line Direction',#4768,0.0393700787402) ;
#4776=VECTOR('Line Direction',#4775,0.0393700787402) ;
#4783=VECTOR('Line Direction',#4782,0.0393700787402) ;
#4790=VECTOR('Line Direction',#4789,0.0393700787402) ;
#4797=VECTOR('Line Direction',#4796,0.0393700787402) ;
#4804=VECTOR('Line Direction',#4803,0.0393700787402) ;
#4811=VECTOR('Line Direction',#4810,0.0393700787402) ;
#4818=VECTOR('Line Direction',#4817,0.0393700787402) ;
#4825=VECTOR('Line Direction',#4824,0.0393700787402) ;
#4832=VECTOR('Line Direction',#4831,0.0393700787402) ;
#4839=VECTOR('Line Direction',#4838,0.0393700787402) ;
#4846=VECTOR('Line Direction',#4845,0.0393700787402) ;
#4853=VECTOR('Line Direction',#4852,0.0393700787402) ;
#4860=VECTOR('Line Direction',#4859,0.0393700787402) ;
#4867=VECTOR('Line Direction',#4866,0.0393700787402) ;
#4874=VECTOR('Line Direction',#4873,0.0393700787402) ;
#4881=VECTOR('Line Direction',#4880,0.0393700787402) ;
#4888=VECTOR('Line Direction',#4887,0.0393700787402) ;
#4895=VECTOR('Line Direction',#4894,0.0393700787402) ;
#4902=VECTOR('Line Direction',#4901,0.0393700787402) ;
#4909=VECTOR('Line Direction',#4908,0.0393700787402) ;
#4916=VECTOR('Line Direction',#4915,0.0393700787402) ;
#4923=VECTOR('Line Direction',#4922,0.0393700787402) ;
#4930=VECTOR('Line Direction',#4929,0.0393700787402) ;
#4937=VECTOR('Line Direction',#4936,0.0393700787402) ;
#4944=VECTOR('Line Direction',#4943,0.0393700787402) ;
#4951=VECTOR('Line Direction',#4950,0.0393700787402) ;
#4958=VECTOR('Line Direction',#4957,0.0393700787402) ;
#4965=VECTOR('Line Direction',#4964,0.0393700787402) ;
#4972=VECTOR('Line Direction',#4971,0.0393700787402) ;
#4979=VECTOR('Line Direction',#4978,0.0393700787402) ;
#4986=VECTOR('Line Direction',#4985,0.0393700787402) ;
#4993=VECTOR('Line Direction',#4992,0.0393700787402) ;
#5000=VECTOR('Line Direction',#4999,0.0393700787402) ;
#5007=VECTOR('Line Direction',#5006,0.0393700787402) ;
#5014=VECTOR('Line Direction',#5013,0.0393700787402) ;
#5021=VECTOR('Line Direction',#5020,0.0393700787402) ;
#5028=VECTOR('Line Direction',#5027,0.0393700787402) ;
#5035=VECTOR('Line Direction',#5034,0.0393700787402) ;
#5042=VECTOR('Line Direction',#5041,0.0393700787402) ;
#5049=VECTOR('Line Direction',#5048,0.0393700787402) ;
#5056=VECTOR('Line Direction',#5055,0.0393700787402) ;
#5063=VECTOR('Line Direction',#5062,0.0393700787402) ;
#5070=VECTOR('Line Direction',#5069,0.0393700787402) ;
#5077=VECTOR('Line Direction',#5076,0.0393700787402) ;
#5084=VECTOR('Line Direction',#5083,0.0393700787402) ;
#5091=VECTOR('Line Direction',#5090,0.0393700787402) ;
#5098=VECTOR('Line Direction',#5097,0.0393700787402) ;
#5105=VECTOR('Line Direction',#5104,0.0393700787402) ;
#5112=VECTOR('Line Direction',#5111,0.0393700787402) ;
#5119=VECTOR('Line Direction',#5118,0.0393700787402) ;
#5126=VECTOR('Line Direction',#5125,0.0393700787402) ;
#5133=VECTOR('Line Direction',#5132,0.0393700787402) ;
#5140=VECTOR('Line Direction',#5139,0.0393700787402) ;
#5147=VECTOR('Line Direction',#5146,0.0393700787402) ;
#5154=VECTOR('Line Direction',#5153,0.0393700787402) ;
#5161=VECTOR('Line Direction',#5160,0.0393700787402) ;
#5168=VECTOR('Line Direction',#5167,0.0393700787402) ;
#5175=VECTOR('Line Direction',#5174,0.0393700787402) ;
#5182=VECTOR('Line Direction',#5181,0.0393700787402) ;
#5189=VECTOR('Line Direction',#5188,0.0393700787402) ;
#5196=VECTOR('Line Direction',#5195,0.0393700787402) ;
#5203=VECTOR('Line Direction',#5202,0.0393700787402) ;
#5210=VECTOR('Line Direction',#5209,0.0393700787402) ;
#5217=VECTOR('Line Direction',#5216,0.0393700787402) ;
#5224=VECTOR('Line Direction',#5223,0.0393700787402) ;
#5231=VECTOR('Line Direction',#5230,0.0393700787402) ;
#5238=VECTOR('Line Direction',#5237,0.0393700787402) ;
#5245=VECTOR('Line Direction',#5244,0.0393700787402) ;
#5252=VECTOR('Line Direction',#5251,0.0393700787402) ;
#5259=VECTOR('Line Direction',#5258,0.0393700787402) ;
#5266=VECTOR('Line Direction',#5265,0.0393700787402) ;
#5273=VECTOR('Line Direction',#5272,0.0393700787402) ;
#5280=VECTOR('Line Direction',#5279,0.0393700787402) ;
#5287=VECTOR('Line Direction',#5286,0.0393700787402) ;
#5294=VECTOR('Line Direction',#5293,0.0393700787402) ;
#5301=VECTOR('Line Direction',#5300,0.0393700787402) ;
#5308=VECTOR('Line Direction',#5307,0.0393700787402) ;
#5315=VECTOR('Line Direction',#5314,0.0393700787402) ;
#5322=VECTOR('Line Direction',#5321,0.0393700787402) ;
#5329=VECTOR('Line Direction',#5328,0.0393700787402) ;
#5336=VECTOR('Line Direction',#5335,0.0393700787402) ;
#5343=VECTOR('Line Direction',#5342,0.0393700787402) ;
#5350=VECTOR('Line Direction',#5349,0.0393700787402) ;
#5357=VECTOR('Line Direction',#5356,0.0393700787402) ;
#5364=VECTOR('Line Direction',#5363,0.0393700787402) ;
#5371=VECTOR('Line Direction',#5370,0.0393700787402) ;
#5378=VECTOR('Line Direction',#5377,0.0393700787402) ;
#5385=VECTOR('Line Direction',#5384,0.0393700787402) ;
#5392=VECTOR('Line Direction',#5391,0.0393700787402) ;
#5399=VECTOR('Line Direction',#5398,0.0393700787402) ;
#5406=VECTOR('Line Direction',#5405,0.0393700787402) ;
#5413=VECTOR('Line Direction',#5412,0.0393700787402) ;
#5420=VECTOR('Line Direction',#5419,0.0393700787402) ;
#5427=VECTOR('Line Direction',#5426,0.0393700787402) ;
#5434=VECTOR('Line Direction',#5433,0.0393700787402) ;
#5441=VECTOR('Line Direction',#5440,0.0393700787402) ;
#5448=VECTOR('Line Direction',#5447,0.0393700787402) ;
#5455=VECTOR('Line Direction',#5454,0.0393700787402) ;
#5462=VECTOR('Line Direction',#5461,0.0393700787402) ;
#5469=VECTOR('Line Direction',#5468,0.0393700787402) ;
#5476=VECTOR('Line Direction',#5475,0.0393700787402) ;
#5483=VECTOR('Line Direction',#5482,0.0393700787402) ;
#5490=VECTOR('Line Direction',#5489,0.0393700787402) ;
#5497=VECTOR('Line Direction',#5496,0.0393700787402) ;
#5504=VECTOR('Line Direction',#5503,0.0393700787402) ;
#5511=VECTOR('Line Direction',#5510,0.0393700787402) ;
#5518=VECTOR('Line Direction',#5517,0.0393700787402) ;
#5525=VECTOR('Line Direction',#5524,0.0393700787402) ;
#5532=VECTOR('Line Direction',#5531,0.0393700787402) ;
#5539=VECTOR('Line Direction',#5538,0.0393700787402) ;
#5546=VECTOR('Line Direction',#5545,0.0393700787402) ;
#5553=VECTOR('Line Direction',#5552,0.0393700787402) ;
#5560=VECTOR('Line Direction',#5559,0.0393700787402) ;
#5567=VECTOR('Line Direction',#5566,0.0393700787402) ;
#5574=VECTOR('Line Direction',#5573,0.0393700787402) ;
#5581=VECTOR('Line Direction',#5580,0.0393700787402) ;
#5588=VECTOR('Line Direction',#5587,0.0393700787402) ;
#5595=VECTOR('Line Direction',#5594,0.0393700787402) ;
#5602=VECTOR('Line Direction',#5601,0.0393700787402) ;
#5609=VECTOR('Line Direction',#5608,0.0393700787402) ;
#5616=VECTOR('Line Direction',#5615,0.0393700787402) ;
#5623=VECTOR('Line Direction',#5622,0.0393700787402) ;
#5630=VECTOR('Line Direction',#5629,0.0393700787402) ;
#5637=VECTOR('Line Direction',#5636,0.0393700787402) ;
#5644=VECTOR('Line Direction',#5643,0.0393700787402) ;
#5651=VECTOR('Line Direction',#5650,0.0393700787402) ;
#5658=VECTOR('Line Direction',#5657,0.0393700787402) ;
#5665=VECTOR('Line Direction',#5664,0.0393700787402) ;
#5672=VECTOR('Line Direction',#5671,0.0393700787402) ;
#5679=VECTOR('Line Direction',#5678,0.0393700787402) ;
#5686=VECTOR('Line Direction',#5685,0.0393700787402) ;
#5693=VECTOR('Line Direction',#5692,0.0393700787402) ;
#5700=VECTOR('Line Direction',#5699,0.0393700787402) ;
#5707=VECTOR('Line Direction',#5706,0.0393700787402) ;
#5714=VECTOR('Line Direction',#5713,0.0393700787402) ;
#5721=VECTOR('Line Direction',#5720,0.0393700787402) ;
#5880=VECTOR('Line Direction',#5879,0.0393700787402) ;
#5885=VECTOR('Line Direction',#5884,0.0393700787402) ;
#5909=VECTOR('Line Direction',#5908,0.0393700787402) ;
#5933=VECTOR('Line Direction',#5932,0.0393700787402) ;
#5957=VECTOR('Line Direction',#5956,0.0393700787402) ;
#5981=VECTOR('Line Direction',#5980,0.0393700787402) ;
#6005=VECTOR('Line Direction',#6004,0.0393700787402) ;
#6029=VECTOR('Line Direction',#6028,0.0393700787402) ;
#6053=VECTOR('Line Direction',#6052,0.0393700787402) ;
#6077=VECTOR('Line Direction',#6076,0.0393700787402) ;
#6101=VECTOR('Line Direction',#6100,0.0393700787402) ;
#6125=VECTOR('Line Direction',#6124,0.0393700787402) ;
#6149=VECTOR('Line Direction',#6148,0.0393700787402) ;
#6173=VECTOR('Line Direction',#6172,0.0393700787402) ;
#6197=VECTOR('Line Direction',#6196,0.0393700787402) ;
#6221=VECTOR('Line Direction',#6220,0.0393700787402) ;
#6245=VECTOR('Line Direction',#6244,0.0393700787402) ;
#6269=VECTOR('Line Direction',#6268,0.0393700787402) ;
#6293=VECTOR('Line Direction',#6292,0.0393700787402) ;
#6317=VECTOR('Line Direction',#6316,0.0393700787402) ;
#6341=VECTOR('Line Direction',#6340,0.0393700787402) ;
#6365=VECTOR('Line Direction',#6364,0.0393700787402) ;
#6389=VECTOR('Line Direction',#6388,0.0393700787402) ;
#6413=VECTOR('Line Direction',#6412,0.0393700787402) ;
#6437=VECTOR('Line Direction',#6436,0.0393700787402) ;
#6461=VECTOR('Line Direction',#6460,0.0393700787402) ;
#6480=VECTOR('Line Direction',#6479,0.0393700787402) ;
#6504=VECTOR('Line Direction',#6503,0.0393700787402) ;
#6528=VECTOR('Line Direction',#6527,0.0393700787402) ;
#6552=VECTOR('Line Direction',#6551,0.0393700787402) ;
#6576=VECTOR('Line Direction',#6575,0.0393700787402) ;
#6600=VECTOR('Line Direction',#6599,0.0393700787402) ;
#6624=VECTOR('Line Direction',#6623,0.0393700787402) ;
#6648=VECTOR('Line Direction',#6647,0.0393700787402) ;
#6672=VECTOR('Line Direction',#6671,0.0393700787402) ;
#6696=VECTOR('Line Direction',#6695,0.0393700787402) ;
#6720=VECTOR('Line Direction',#6719,0.0393700787402) ;
#6744=VECTOR('Line Direction',#6743,0.0393700787402) ;
#6768=VECTOR('Line Direction',#6767,0.0393700787402) ;
#6792=VECTOR('Line Direction',#6791,0.0393700787402) ;
#6816=VECTOR('Line Direction',#6815,0.0393700787402) ;
#6840=VECTOR('Line Direction',#6839,0.0393700787402) ;
#6864=VECTOR('Line Direction',#6863,0.0393700787402) ;
#6888=VECTOR('Line Direction',#6887,0.0393700787402) ;
#6912=VECTOR('Line Direction',#6911,0.0393700787402) ;
#6936=VECTOR('Line Direction',#6935,0.0393700787402) ;
#6960=VECTOR('Line Direction',#6959,0.0393700787402) ;
#6984=VECTOR('Line Direction',#6983,0.0393700787402) ;
#7003=VECTOR('Line Direction',#7002,0.0393700787402) ;
#7027=VECTOR('Line Direction',#7026,0.0393700787402) ;
#7051=VECTOR('Line Direction',#7050,0.0393700787402) ;
#7075=VECTOR('Line Direction',#7074,0.0393700787402) ;
#7099=VECTOR('Line Direction',#7098,0.0393700787402) ;
#7123=VECTOR('Line Direction',#7122,0.0393700787402) ;
#7147=VECTOR('Line Direction',#7146,0.0393700787402) ;
#7171=VECTOR('Line Direction',#7170,0.0393700787402) ;
#7195=VECTOR('Line Direction',#7194,0.0393700787402) ;
#7219=VECTOR('Line Direction',#7218,0.0393700787402) ;
#7243=VECTOR('Line Direction',#7242,0.0393700787402) ;
#7267=VECTOR('Line Direction',#7266,0.0393700787402) ;
#7291=VECTOR('Line Direction',#7290,0.0393700787402) ;
#7315=VECTOR('Line Direction',#7314,0.0393700787402) ;
#7339=VECTOR('Line Direction',#7338,0.0393700787402) ;
#7363=VECTOR('Line Direction',#7362,0.0393700787402) ;
#7387=VECTOR('Line Direction',#7386,0.0393700787402) ;
#7411=VECTOR('Line Direction',#7410,0.0393700787402) ;
#7435=VECTOR('Line Direction',#7434,0.0393700787402) ;
#7459=VECTOR('Line Direction',#7458,0.0393700787402) ;
#7483=VECTOR('Line Direction',#7482,0.0393700787402) ;
#7507=VECTOR('Line Direction',#7506,0.0393700787402) ;
#7531=VECTOR('Line Direction',#7530,0.0393700787402) ;
#7555=VECTOR('Line Direction',#7554,0.0393700787402) ;
#7579=VECTOR('Line Direction',#7578,0.0393700787402) ;
#7603=VECTOR('Line Direction',#7602,0.0393700787402) ;
#7627=VECTOR('Line Direction',#7626,0.0393700787402) ;
#7651=VECTOR('Line Direction',#7650,0.0393700787402) ;
#7675=VECTOR('Line Direction',#7674,0.0393700787402) ;
#7699=VECTOR('Line Direction',#7698,0.0393700787402) ;
#7723=VECTOR('Line Direction',#7722,0.0393700787402) ;
#7747=VECTOR('Line Direction',#7746,0.0393700787402) ;
#7771=VECTOR('Line Direction',#7770,0.0393700787402) ;
#7795=VECTOR('Line Direction',#7794,0.0393700787402) ;
#7819=VECTOR('Line Direction',#7818,0.0393700787402) ;
#7843=VECTOR('Line Direction',#7842,0.0393700787402) ;
#7867=VECTOR('Line Direction',#7866,0.0393700787402) ;
#7891=VECTOR('Line Direction',#7890,0.0393700787402) ;
#7915=VECTOR('Line Direction',#7914,0.0393700787402) ;
#7939=VECTOR('Line Direction',#7938,0.0393700787402) ;
#7963=VECTOR('Line Direction',#7962,0.0393700787402) ;
#7987=VECTOR('Line Direction',#7986,0.0393700787402) ;
#8011=VECTOR('Line Direction',#8010,0.0393700787402) ;
#8035=VECTOR('Line Direction',#8034,0.0393700787402) ;
#8059=VECTOR('Line Direction',#8058,0.0393700787402) ;
#8083=VECTOR('Line Direction',#8082,0.0393700787402) ;
#8107=VECTOR('Line Direction',#8106,0.0393700787402) ;
#8126=VECTOR('Line Direction',#8125,0.0393700787402) ;
#8145=VECTOR('Line Direction',#8144,0.0393700787402) ;
#8169=VECTOR('Line Direction',#8168,0.0393700787402) ;
#8193=VECTOR('Line Direction',#8192,0.0393700787402) ;
#8217=VECTOR('Line Direction',#8216,0.0393700787402) ;
#8241=VECTOR('Line Direction',#8240,0.0393700787402) ;
#8265=VECTOR('Line Direction',#8264,0.0393700787402) ;
#8289=VECTOR('Line Direction',#8288,0.0393700787402) ;
#8313=VECTOR('Line Direction',#8312,0.0393700787402) ;
#8337=VECTOR('Line Direction',#8336,0.0393700787402) ;
#8361=VECTOR('Line Direction',#8360,0.0393700787402) ;
#8385=VECTOR('Line Direction',#8384,0.0393700787402) ;
#8409=VECTOR('Line Direction',#8408,0.0393700787402) ;
#8433=VECTOR('Line Direction',#8432,0.0393700787402) ;
#8457=VECTOR('Line Direction',#8456,0.0393700787402) ;
#8481=VECTOR('Line Direction',#8480,0.0393700787402) ;
#8505=VECTOR('Line Direction',#8504,0.0393700787402) ;
#8529=VECTOR('Line Direction',#8528,0.0393700787402) ;
#8553=VECTOR('Line Direction',#8552,0.0393700787402) ;
#8577=VECTOR('Line Direction',#8576,0.0393700787402) ;
#8601=VECTOR('Line Direction',#8600,0.0393700787402) ;
#8625=VECTOR('Line Direction',#8624,0.0393700787402) ;
#8649=VECTOR('Line Direction',#8648,0.0393700787402) ;
#8673=VECTOR('Line Direction',#8672,0.0393700787402) ;
#8697=VECTOR('Line Direction',#8696,0.0393700787402) ;
#8721=VECTOR('Line Direction',#8720,0.0393700787402) ;
#8745=VECTOR('Line Direction',#8744,0.0393700787402) ;
#8769=VECTOR('Line Direction',#8768,0.0393700787402) ;
#8793=VECTOR('Line Direction',#8792,0.0393700787402) ;
#8817=VECTOR('Line Direction',#8816,0.0393700787402) ;
#8841=VECTOR('Line Direction',#8840,0.0393700787402) ;
#8865=VECTOR('Line Direction',#8864,0.0393700787402) ;
#8889=VECTOR('Line Direction',#8888,0.0393700787402) ;
#8913=VECTOR('Line Direction',#8912,0.0393700787402) ;
#8937=VECTOR('Line Direction',#8936,0.0393700787402) ;
#8961=VECTOR('Line Direction',#8960,0.0393700787402) ;
#8985=VECTOR('Line Direction',#8984,0.0393700787402) ;
#9009=VECTOR('Line Direction',#9008,0.0393700787402) ;
#9033=VECTOR('Line Direction',#9032,0.0393700787402) ;
#9057=VECTOR('Line Direction',#9056,0.0393700787402) ;
#9081=VECTOR('Line Direction',#9080,0.0393700787402) ;
#9105=VECTOR('Line Direction',#9104,0.0393700787402) ;
#9129=VECTOR('Line Direction',#9128,0.0393700787402) ;
#9167=VECTOR('Line Direction',#9166,0.0393700787402) ;
#9176=VECTOR('Line Direction',#9175,0.0393700787402) ;
#9183=VECTOR('Line Direction',#9182,0.0393700787402) ;
#9190=VECTOR('Line Direction',#9189,0.0393700787402) ;
#9197=VECTOR('Line Direction',#9196,0.0393700787402) ;
#9204=VECTOR('Line Direction',#9203,0.0393700787402) ;
#9211=VECTOR('Line Direction',#9210,0.0393700787402) ;
#9218=VECTOR('Line Direction',#9217,0.0393700787402) ;
#9225=VECTOR('Line Direction',#9224,0.0393700787402) ;
#9232=VECTOR('Line Direction',#9231,0.0393700787402) ;
#9239=VECTOR('Line Direction',#9238,0.0393700787402) ;
#9246=VECTOR('Line Direction',#9245,0.0393700787402) ;
#9253=VECTOR('Line Direction',#9252,0.0393700787402) ;
#9260=VECTOR('Line Direction',#9259,0.0393700787402) ;
#9267=VECTOR('Line Direction',#9266,0.0393700787402) ;
#9274=VECTOR('Line Direction',#9273,0.0393700787402) ;
#9281=VECTOR('Line Direction',#9280,0.0393700787402) ;
#9288=VECTOR('Line Direction',#9287,0.0393700787402) ;
#9295=VECTOR('Line Direction',#9294,0.0393700787402) ;
#9302=VECTOR('Line Direction',#9301,0.0393700787402) ;
#9309=VECTOR('Line Direction',#9308,0.0393700787402) ;
#9316=VECTOR('Line Direction',#9315,0.0393700787402) ;
#9323=VECTOR('Line Direction',#9322,0.0393700787402) ;
#9330=VECTOR('Line Direction',#9329,0.0393700787402) ;
#9337=VECTOR('Line Direction',#9336,0.0393700787402) ;
#9344=VECTOR('Line Direction',#9343,0.0393700787402) ;
#9351=VECTOR('Line Direction',#9350,0.0393700787402) ;
#9358=VECTOR('Line Direction',#9357,0.0393700787402) ;
#9365=VECTOR('Line Direction',#9364,0.0393700787402) ;
#9372=VECTOR('Line Direction',#9371,0.0393700787402) ;
#9379=VECTOR('Line Direction',#9378,0.0393700787402) ;
#9386=VECTOR('Line Direction',#9385,0.0393700787402) ;
#9393=VECTOR('Line Direction',#9392,0.0393700787402) ;
#9400=VECTOR('Line Direction',#9399,0.0393700787402) ;
#9407=VECTOR('Line Direction',#9406,0.0393700787402) ;
#9414=VECTOR('Line Direction',#9413,0.0393700787402) ;
#9421=VECTOR('Line Direction',#9420,0.0393700787402) ;
#9428=VECTOR('Line Direction',#9427,0.0393700787402) ;
#9435=VECTOR('Line Direction',#9434,0.0393700787402) ;
#9442=VECTOR('Line Direction',#9441,0.0393700787402) ;
#9449=VECTOR('Line Direction',#9448,0.0393700787402) ;
#9456=VECTOR('Line Direction',#9455,0.0393700787402) ;
#9463=VECTOR('Line Direction',#9462,0.0393700787402) ;
#9470=VECTOR('Line Direction',#9469,0.0393700787402) ;
#9477=VECTOR('Line Direction',#9476,0.0393700787402) ;
#9484=VECTOR('Line Direction',#9483,0.0393700787402) ;
#9491=VECTOR('Line Direction',#9490,0.0393700787402) ;
#9498=VECTOR('Line Direction',#9497,0.0393700787402) ;
#9505=VECTOR('Line Direction',#9504,0.0393700787402) ;
#9512=VECTOR('Line Direction',#9511,0.0393700787402) ;
#9519=VECTOR('Line Direction',#9518,0.0393700787402) ;
#9526=VECTOR('Line Direction',#9525,0.0393700787402) ;
#9533=VECTOR('Line Direction',#9532,0.0393700787402) ;
#9540=VECTOR('Line Direction',#9539,0.0393700787402) ;
#9547=VECTOR('Line Direction',#9546,0.0393700787402) ;
#9554=VECTOR('Line Direction',#9553,0.0393700787402) ;
#9561=VECTOR('Line Direction',#9560,0.0393700787402) ;
#9568=VECTOR('Line Direction',#9567,0.0393700787402) ;
#9575=VECTOR('Line Direction',#9574,0.0393700787402) ;
#9582=VECTOR('Line Direction',#9581,0.0393700787402) ;
#9589=VECTOR('Line Direction',#9588,0.0393700787402) ;
#9596=VECTOR('Line Direction',#9595,0.0393700787402) ;
#9603=VECTOR('Line Direction',#9602,0.0393700787402) ;
#9610=VECTOR('Line Direction',#9609,0.0393700787402) ;
#9617=VECTOR('Line Direction',#9616,0.0393700787402) ;
#9624=VECTOR('Line Direction',#9623,0.0393700787402) ;
#9631=VECTOR('Line Direction',#9630,0.0393700787402) ;
#9638=VECTOR('Line Direction',#9637,0.0393700787402) ;
#9645=VECTOR('Line Direction',#9644,0.0393700787402) ;
#9652=VECTOR('Line Direction',#9651,0.0393700787402) ;
#9659=VECTOR('Line Direction',#9658,0.0393700787402) ;
#9666=VECTOR('Line Direction',#9665,0.0393700787402) ;
#9673=VECTOR('Line Direction',#9672,0.0393700787402) ;
#9680=VECTOR('Line Direction',#9679,0.0393700787402) ;
#9687=VECTOR('Line Direction',#9686,0.0393700787402) ;
#9694=VECTOR('Line Direction',#9693,0.0393700787402) ;
#9701=VECTOR('Line Direction',#9700,0.0393700787402) ;
#9708=VECTOR('Line Direction',#9707,0.0393700787402) ;
#9715=VECTOR('Line Direction',#9714,0.0393700787402) ;
#9722=VECTOR('Line Direction',#9721,0.0393700787402) ;
#9729=VECTOR('Line Direction',#9728,0.0393700787402) ;
#9736=VECTOR('Line Direction',#9735,0.0393700787402) ;
#9743=VECTOR('Line Direction',#9742,0.0393700787402) ;
#9750=VECTOR('Line Direction',#9749,0.0393700787402) ;
#9757=VECTOR('Line Direction',#9756,0.0393700787402) ;
#9764=VECTOR('Line Direction',#9763,0.0393700787402) ;
#9771=VECTOR('Line Direction',#9770,0.0393700787402) ;
#9778=VECTOR('Line Direction',#9777,0.0393700787402) ;
#9785=VECTOR('Line Direction',#9784,0.0393700787402) ;
#9792=VECTOR('Line Direction',#9791,0.0393700787402) ;
#9799=VECTOR('Line Direction',#9798,0.0393700787402) ;
#9806=VECTOR('Line Direction',#9805,0.0393700787402) ;
#9813=VECTOR('Line Direction',#9812,0.0393700787402) ;
#9820=VECTOR('Line Direction',#9819,0.0393700787402) ;
#9827=VECTOR('Line Direction',#9826,0.0393700787402) ;
#9834=VECTOR('Line Direction',#9833,0.0393700787402) ;
#9841=VECTOR('Line Direction',#9840,0.0393700787402) ;
#9848=VECTOR('Line Direction',#9847,0.0393700787402) ;
#9855=VECTOR('Line Direction',#9854,0.0393700787402) ;
#9862=VECTOR('Line Direction',#9861,0.0393700787402) ;
#9869=VECTOR('Line Direction',#9868,0.0393700787402) ;
#9876=VECTOR('Line Direction',#9875,0.0393700787402) ;
#9883=VECTOR('Line Direction',#9882,0.0393700787402) ;
#9890=VECTOR('Line Direction',#9889,0.0393700787402) ;
#9897=VECTOR('Line Direction',#9896,0.0393700787402) ;
#9904=VECTOR('Line Direction',#9903,0.0393700787402) ;
#9911=VECTOR('Line Direction',#9910,0.0393700787402) ;
#9918=VECTOR('Line Direction',#9917,0.0393700787402) ;
#9925=VECTOR('Line Direction',#9924,0.0393700787402) ;
#9932=VECTOR('Line Direction',#9931,0.0393700787402) ;
#9939=VECTOR('Line Direction',#9938,0.0393700787402) ;
#9946=VECTOR('Line Direction',#9945,0.0393700787402) ;
#9953=VECTOR('Line Direction',#9952,0.0393700787402) ;
#9960=VECTOR('Line Direction',#9959,0.0393700787402) ;
#9967=VECTOR('Line Direction',#9966,0.0393700787402) ;
#9974=VECTOR('Line Direction',#9973,0.0393700787402) ;
#9981=VECTOR('Line Direction',#9980,0.0393700787402) ;
#9988=VECTOR('Line Direction',#9987,0.0393700787402) ;
#10126=VECTOR('Line Direction',#10125,0.0393700787402) ;
#10131=VECTOR('Line Direction',#10130,0.0393700787402) ;
#10155=VECTOR('Line Direction',#10154,0.0393700787402) ;
#10179=VECTOR('Line Direction',#10178,0.0393700787402) ;
#10203=VECTOR('Line Direction',#10202,0.0393700787402) ;
#10227=VECTOR('Line Direction',#10226,0.0393700787402) ;
#10251=VECTOR('Line Direction',#10250,0.0393700787402) ;
#10275=VECTOR('Line Direction',#10274,0.0393700787402) ;
#10299=VECTOR('Line Direction',#10298,0.0393700787402) ;
#10323=VECTOR('Line Direction',#10322,0.0393700787402) ;
#10347=VECTOR('Line Direction',#10346,0.0393700787402) ;
#10371=VECTOR('Line Direction',#10370,0.0393700787402) ;
#10395=VECTOR('Line Direction',#10394,0.0393700787402) ;
#10419=VECTOR('Line Direction',#10418,0.0393700787402) ;
#10443=VECTOR('Line Direction',#10442,0.0393700787402) ;
#10467=VECTOR('Line Direction',#10466,0.0393700787402) ;
#10491=VECTOR('Line Direction',#10490,0.0393700787402) ;
#10515=VECTOR('Line Direction',#10514,0.0393700787402) ;
#10539=VECTOR('Line Direction',#10538,0.0393700787402) ;
#10563=VECTOR('Line Direction',#10562,0.0393700787402) ;
#10587=VECTOR('Line Direction',#10586,0.0393700787402) ;
#10611=VECTOR('Line Direction',#10610,0.0393700787402) ;
#10635=VECTOR('Line Direction',#10634,0.0393700787402) ;
#10659=VECTOR('Line Direction',#10658,0.0393700787402) ;
#10683=VECTOR('Line Direction',#10682,0.0393700787402) ;
#10707=VECTOR('Line Direction',#10706,0.0393700787402) ;
#10731=VECTOR('Line Direction',#10730,0.0393700787402) ;
#10755=VECTOR('Line Direction',#10754,0.0393700787402) ;
#10779=VECTOR('Line Direction',#10778,0.0393700787402) ;
#10803=VECTOR('Line Direction',#10802,0.0393700787402) ;
#10827=VECTOR('Line Direction',#10826,0.0393700787402) ;
#10851=VECTOR('Line Direction',#10850,0.0393700787402) ;
#10875=VECTOR('Line Direction',#10874,0.0393700787402) ;
#10899=VECTOR('Line Direction',#10898,0.0393700787402) ;
#10923=VECTOR('Line Direction',#10922,0.0393700787402) ;
#10947=VECTOR('Line Direction',#10946,0.0393700787402) ;
#10971=VECTOR('Line Direction',#10970,0.0393700787402) ;
#10995=VECTOR('Line Direction',#10994,0.0393700787402) ;
#11019=VECTOR('Line Direction',#11018,0.0393700787402) ;
#11043=VECTOR('Line Direction',#11042,0.0393700787402) ;
#11067=VECTOR('Line Direction',#11066,0.0393700787402) ;
#11091=VECTOR('Line Direction',#11090,0.0393700787402) ;
#11115=VECTOR('Line Direction',#11114,0.0393700787402) ;
#11139=VECTOR('Line Direction',#11138,0.0393700787402) ;
#11163=VECTOR('Line Direction',#11162,0.0393700787402) ;
#11187=VECTOR('Line Direction',#11186,0.0393700787402) ;
#11211=VECTOR('Line Direction',#11210,0.0393700787402) ;
#11235=VECTOR('Line Direction',#11234,0.0393700787402) ;
#11259=VECTOR('Line Direction',#11258,0.0393700787402) ;
#11283=VECTOR('Line Direction',#11282,0.0393700787402) ;
#11307=VECTOR('Line Direction',#11306,0.0393700787402) ;
#11331=VECTOR('Line Direction',#11330,0.0393700787402) ;
#11355=VECTOR('Line Direction',#11354,0.0393700787402) ;
#11379=VECTOR('Line Direction',#11378,0.0393700787402) ;
#11403=VECTOR('Line Direction',#11402,0.0393700787402) ;
#11427=VECTOR('Line Direction',#11426,0.0393700787402) ;
#11451=VECTOR('Line Direction',#11450,0.0393700787402) ;
#11475=VECTOR('Line Direction',#11474,0.0393700787402) ;
#11499=VECTOR('Line Direction',#11498,0.0393700787402) ;
#11523=VECTOR('Line Direction',#11522,0.0393700787402) ;
#11547=VECTOR('Line Direction',#11546,0.0393700787402) ;
#11571=VECTOR('Line Direction',#11570,0.0393700787402) ;
#11595=VECTOR('Line Direction',#11594,0.0393700787402) ;
#11619=VECTOR('Line Direction',#11618,0.0393700787402) ;
#11643=VECTOR('Line Direction',#11642,0.0393700787402) ;
#11667=VECTOR('Line Direction',#11666,0.0393700787402) ;
#11691=VECTOR('Line Direction',#11690,0.0393700787402) ;
#11715=VECTOR('Line Direction',#11714,0.0393700787402) ;
#11739=VECTOR('Line Direction',#11738,0.0393700787402) ;
#11763=VECTOR('Line Direction',#11762,0.0393700787402) ;
#11787=VECTOR('Line Direction',#11786,0.0393700787402) ;
#11811=VECTOR('Line Direction',#11810,0.0393700787402) ;
#11835=VECTOR('Line Direction',#11834,0.0393700787402) ;
#11859=VECTOR('Line Direction',#11858,0.0393700787402) ;
#11883=VECTOR('Line Direction',#11882,0.0393700787402) ;
#11907=VECTOR('Line Direction',#11906,0.0393700787402) ;
#11931=VECTOR('Line Direction',#11930,0.0393700787402) ;
#11955=VECTOR('Line Direction',#11954,0.0393700787402) ;
#11979=VECTOR('Line Direction',#11978,0.0393700787402) ;
#12003=VECTOR('Line Direction',#12002,0.0393700787402) ;
#12027=VECTOR('Line Direction',#12026,0.0393700787402) ;
#12051=VECTOR('Line Direction',#12050,0.0393700787402) ;
#12075=VECTOR('Line Direction',#12074,0.0393700787402) ;
#12099=VECTOR('Line Direction',#12098,0.0393700787402) ;
#12123=VECTOR('Line Direction',#12122,0.0393700787402) ;
#12147=VECTOR('Line Direction',#12146,0.0393700787402) ;
#12171=VECTOR('Line Direction',#12170,0.0393700787402) ;
#12195=VECTOR('Line Direction',#12194,0.0393700787402) ;
#12219=VECTOR('Line Direction',#12218,0.0393700787402) ;
#12243=VECTOR('Line Direction',#12242,0.0393700787402) ;
#12267=VECTOR('Line Direction',#12266,0.0393700787402) ;
#12291=VECTOR('Line Direction',#12290,0.0393700787402) ;
#12315=VECTOR('Line Direction',#12314,0.0393700787402) ;
#12339=VECTOR('Line Direction',#12338,0.0393700787402) ;
#12363=VECTOR('Line Direction',#12362,0.0393700787402) ;
#12387=VECTOR('Line Direction',#12386,0.0393700787402) ;
#12411=VECTOR('Line Direction',#12410,0.0393700787402) ;
#12435=VECTOR('Line Direction',#12434,0.0393700787402) ;
#12459=VECTOR('Line Direction',#12458,0.0393700787402) ;
#12483=VECTOR('Line Direction',#12482,0.0393700787402) ;
#12507=VECTOR('Line Direction',#12506,0.0393700787402) ;
#12531=VECTOR('Line Direction',#12530,0.0393700787402) ;
#12555=VECTOR('Line Direction',#12554,0.0393700787402) ;
#12579=VECTOR('Line Direction',#12578,0.0393700787402) ;
#12603=VECTOR('Line Direction',#12602,0.0393700787402) ;
#12627=VECTOR('Line Direction',#12626,0.0393700787402) ;
#12651=VECTOR('Line Direction',#12650,0.0393700787402) ;
#12675=VECTOR('Line Direction',#12674,0.0393700787402) ;
#12699=VECTOR('Line Direction',#12698,0.0393700787402) ;
#12723=VECTOR('Line Direction',#12722,0.0393700787402) ;
#12747=VECTOR('Line Direction',#12746,0.0393700787402) ;
#12771=VECTOR('Line Direction',#12770,0.0393700787402) ;
#12795=VECTOR('Line Direction',#12794,0.0393700787402) ;
#12819=VECTOR('Line Direction',#12818,0.0393700787402) ;
#12843=VECTOR('Line Direction',#12842,0.0393700787402) ;
#12867=VECTOR('Line Direction',#12866,0.0393700787402) ;
#12891=VECTOR('Line Direction',#12890,0.0393700787402) ;
#12915=VECTOR('Line Direction',#12914,0.0393700787402) ;
#12953=VECTOR('Line Direction',#12952,0.0393700787402) ;
#12962=VECTOR('Line Direction',#12961,0.0393700787402) ;
#12969=VECTOR('Line Direction',#12968,0.0393700787402) ;
#12976=VECTOR('Line Direction',#12975,0.0393700787402) ;
#13000=VECTOR('Line Direction',#12999,0.0393700787402) ;
#13005=VECTOR('Line Direction',#13004,0.0393700787402) ;
#13029=VECTOR('Line Direction',#13028,0.0393700787402) ;
#13053=VECTOR('Line Direction',#13052,0.0393700787402) ;
#13091=VECTOR('Line Direction',#13090,0.0393700787402) ;
#13100=VECTOR('Line Direction',#13099,0.0393700787402) ;
#13107=VECTOR('Line Direction',#13106,0.0393700787402) ;
#13114=VECTOR('Line Direction',#13113,0.0393700787402) ;
#13121=VECTOR('Line Direction',#13120,0.0393700787402) ;
#13128=VECTOR('Line Direction',#13127,0.0393700787402) ;
#13135=VECTOR('Line Direction',#13134,0.0393700787402) ;
#13142=VECTOR('Line Direction',#13141,0.0393700787402) ;
#13149=VECTOR('Line Direction',#13148,0.0393700787402) ;
#13156=VECTOR('Line Direction',#13155,0.0393700787402) ;
#13163=VECTOR('Line Direction',#13162,0.0393700787402) ;
#13170=VECTOR('Line Direction',#13169,0.0393700787402) ;
#13177=VECTOR('Line Direction',#13176,0.0393700787402) ;
#13184=VECTOR('Line Direction',#13183,0.0393700787402) ;
#13191=VECTOR('Line Direction',#13190,0.0393700787402) ;
#13198=VECTOR('Line Direction',#13197,0.0393700787402) ;
#13205=VECTOR('Line Direction',#13204,0.0393700787402) ;
#13212=VECTOR('Line Direction',#13211,0.0393700787402) ;
#13219=VECTOR('Line Direction',#13218,0.0393700787402) ;
#13226=VECTOR('Line Direction',#13225,0.0393700787402) ;
#13233=VECTOR('Line Direction',#13232,0.0393700787402) ;
#13240=VECTOR('Line Direction',#13239,0.0393700787402) ;
#13282=VECTOR('Line Direction',#13281,0.0393700787402) ;
#13287=VECTOR('Line Direction',#13286,0.0393700787402) ;
#13311=VECTOR('Line Direction',#13310,0.0393700787402) ;
#13335=VECTOR('Line Direction',#13334,0.0393700787402) ;
#13359=VECTOR('Line Direction',#13358,0.0393700787402) ;
#13383=VECTOR('Line Direction',#13382,0.0393700787402) ;
#13407=VECTOR('Line Direction',#13406,0.0393700787402) ;
#13431=VECTOR('Line Direction',#13430,0.0393700787402) ;
#13455=VECTOR('Line Direction',#13454,0.0393700787402) ;
#13479=VECTOR('Line Direction',#13478,0.0393700787402) ;
#13503=VECTOR('Line Direction',#13502,0.0393700787402) ;
#13527=VECTOR('Line Direction',#13526,0.0393700787402) ;
#13551=VECTOR('Line Direction',#13550,0.0393700787402) ;
#13575=VECTOR('Line Direction',#13574,0.0393700787402) ;
#13599=VECTOR('Line Direction',#13598,0.0393700787402) ;
#13623=VECTOR('Line Direction',#13622,0.0393700787402) ;
#13647=VECTOR('Line Direction',#13646,0.0393700787402) ;
#13671=VECTOR('Line Direction',#13670,0.0393700787402) ;
#13695=VECTOR('Line Direction',#13694,0.0393700787402) ;
#13719=VECTOR('Line Direction',#13718,0.0393700787402) ;
#13743=VECTOR('Line Direction',#13742,0.0393700787402) ;
#13767=VECTOR('Line Direction',#13766,0.0393700787402) ;
#13805=VECTOR('Line Direction',#13804,0.0393700787402) ;
#13814=VECTOR('Line Direction',#13813,0.0393700787402) ;
#13821=VECTOR('Line Direction',#13820,0.0393700787402) ;
#13828=VECTOR('Line Direction',#13827,0.0393700787402) ;
#13835=VECTOR('Line Direction',#13834,0.0393700787402) ;
#13842=VECTOR('Line Direction',#13841,0.0393700787402) ;
#13849=VECTOR('Line Direction',#13848,0.0393700787402) ;
#13856=VECTOR('Line Direction',#13855,0.0393700787402) ;
#13863=VECTOR('Line Direction',#13862,0.0393700787402) ;
#13870=VECTOR('Line Direction',#13869,0.0393700787402) ;
#13877=VECTOR('Line Direction',#13876,0.0393700787402) ;
#13884=VECTOR('Line Direction',#13883,0.0393700787402) ;
#13891=VECTOR('Line Direction',#13890,0.0393700787402) ;
#13898=VECTOR('Line Direction',#13897,0.0393700787402) ;
#13905=VECTOR('Line Direction',#13904,0.0393700787402) ;
#13912=VECTOR('Line Direction',#13911,0.0393700787402) ;
#13919=VECTOR('Line Direction',#13918,0.0393700787402) ;
#13926=VECTOR('Line Direction',#13925,0.0393700787402) ;
#13933=VECTOR('Line Direction',#13932,0.0393700787402) ;
#13940=VECTOR('Line Direction',#13939,0.0393700787402) ;
#13947=VECTOR('Line Direction',#13946,0.0393700787402) ;
#13954=VECTOR('Line Direction',#13953,0.0393700787402) ;
#13996=VECTOR('Line Direction',#13995,0.0393700787402) ;
#14001=VECTOR('Line Direction',#14000,0.0393700787402) ;
#14025=VECTOR('Line Direction',#14024,0.0393700787402) ;
#14049=VECTOR('Line Direction',#14048,0.0393700787402) ;
#14073=VECTOR('Line Direction',#14072,0.0393700787402) ;
#14097=VECTOR('Line Direction',#14096,0.0393700787402) ;
#14121=VECTOR('Line Direction',#14120,0.0393700787402) ;
#14145=VECTOR('Line Direction',#14144,0.0393700787402) ;
#14169=VECTOR('Line Direction',#14168,0.0393700787402) ;
#14193=VECTOR('Line Direction',#14192,0.0393700787402) ;
#14217=VECTOR('Line Direction',#14216,0.0393700787402) ;
#14241=VECTOR('Line Direction',#14240,0.0393700787402) ;
#14265=VECTOR('Line Direction',#14264,0.0393700787402) ;
#14289=VECTOR('Line Direction',#14288,0.0393700787402) ;
#14313=VECTOR('Line Direction',#14312,0.0393700787402) ;
#14337=VECTOR('Line Direction',#14336,0.0393700787402) ;
#14361=VECTOR('Line Direction',#14360,0.0393700787402) ;
#14385=VECTOR('Line Direction',#14384,0.0393700787402) ;
#14409=VECTOR('Line Direction',#14408,0.0393700787402) ;
#14433=VECTOR('Line Direction',#14432,0.0393700787402) ;
#14457=VECTOR('Line Direction',#14456,0.0393700787402) ;
#14481=VECTOR('Line Direction',#14480,0.0393700787402) ;
#14519=VECTOR('Line Direction',#14518,0.0393700787402) ;
#14528=VECTOR('Line Direction',#14527,0.0393700787402) ;
#14535=VECTOR('Line Direction',#14534,0.0393700787402) ;
#14542=VECTOR('Line Direction',#14541,0.0393700787402) ;
#14549=VECTOR('Line Direction',#14548,0.0393700787402) ;
#14556=VECTOR('Line Direction',#14555,0.0393700787402) ;
#14563=VECTOR('Line Direction',#14562,0.0393700787402) ;
#14570=VECTOR('Line Direction',#14569,0.0393700787402) ;
#14577=VECTOR('Line Direction',#14576,0.0393700787402) ;
#14584=VECTOR('Line Direction',#14583,0.0393700787402) ;
#14591=VECTOR('Line Direction',#14590,0.0393700787402) ;
#14598=VECTOR('Line Direction',#14597,0.0393700787402) ;
#14605=VECTOR('Line Direction',#14604,0.0393700787402) ;
#14612=VECTOR('Line Direction',#14611,0.0393700787402) ;
#14619=VECTOR('Line Direction',#14618,0.0393700787402) ;
#14626=VECTOR('Line Direction',#14625,0.0393700787402) ;
#14633=VECTOR('Line Direction',#14632,0.0393700787402) ;
#14640=VECTOR('Line Direction',#14639,0.0393700787402) ;
#14647=VECTOR('Line Direction',#14646,0.0393700787402) ;
#14654=VECTOR('Line Direction',#14653,0.0393700787402) ;
#14661=VECTOR('Line Direction',#14660,0.0393700787402) ;
#14668=VECTOR('Line Direction',#14667,0.0393700787402) ;
#14675=VECTOR('Line Direction',#14674,0.0393700787402) ;
#14682=VECTOR('Line Direction',#14681,0.0393700787402) ;
#14689=VECTOR('Line Direction',#14688,0.0393700787402) ;
#14696=VECTOR('Line Direction',#14695,0.0393700787402) ;
#14703=VECTOR('Line Direction',#14702,0.0393700787402) ;
#14710=VECTOR('Line Direction',#14709,0.0393700787402) ;
#14717=VECTOR('Line Direction',#14716,0.0393700787402) ;
#14724=VECTOR('Line Direction',#14723,0.0393700787402) ;
#14731=VECTOR('Line Direction',#14730,0.0393700787402) ;
#14738=VECTOR('Line Direction',#14737,0.0393700787402) ;
#14745=VECTOR('Line Direction',#14744,0.0393700787402) ;
#14752=VECTOR('Line Direction',#14751,0.0393700787402) ;
#14806=VECTOR('Line Direction',#14805,0.0393700787402) ;
#14811=VECTOR('Line Direction',#14810,0.0393700787402) ;
#14835=VECTOR('Line Direction',#14834,0.0393700787402) ;
#14859=VECTOR('Line Direction',#14858,0.0393700787402) ;
#14883=VECTOR('Line Direction',#14882,0.0393700787402) ;
#14907=VECTOR('Line Direction',#14906,0.0393700787402) ;
#14931=VECTOR('Line Direction',#14930,0.0393700787402) ;
#14955=VECTOR('Line Direction',#14954,0.0393700787402) ;
#14979=VECTOR('Line Direction',#14978,0.0393700787402) ;
#15003=VECTOR('Line Direction',#15002,0.0393700787402) ;
#15027=VECTOR('Line Direction',#15026,0.0393700787402) ;
#15051=VECTOR('Line Direction',#15050,0.0393700787402) ;
#15075=VECTOR('Line Direction',#15074,0.0393700787402) ;
#15099=VECTOR('Line Direction',#15098,0.0393700787402) ;
#15123=VECTOR('Line Direction',#15122,0.0393700787402) ;
#15147=VECTOR('Line Direction',#15146,0.0393700787402) ;
#15171=VECTOR('Line Direction',#15170,0.0393700787402) ;
#15195=VECTOR('Line Direction',#15194,0.0393700787402) ;
#15219=VECTOR('Line Direction',#15218,0.0393700787402) ;
#15243=VECTOR('Line Direction',#15242,0.0393700787402) ;
#15267=VECTOR('Line Direction',#15266,0.0393700787402) ;
#15291=VECTOR('Line Direction',#15290,0.0393700787402) ;
#15315=VECTOR('Line Direction',#15314,0.0393700787402) ;
#15339=VECTOR('Line Direction',#15338,0.0393700787402) ;
#15363=VECTOR('Line Direction',#15362,0.0393700787402) ;
#15387=VECTOR('Line Direction',#15386,0.0393700787402) ;
#15411=VECTOR('Line Direction',#15410,0.0393700787402) ;
#15435=VECTOR('Line Direction',#15434,0.0393700787402) ;
#15459=VECTOR('Line Direction',#15458,0.0393700787402) ;
#15483=VECTOR('Line Direction',#15482,0.0393700787402) ;
#15507=VECTOR('Line Direction',#15506,0.0393700787402) ;
#15531=VECTOR('Line Direction',#15530,0.0393700787402) ;
#15555=VECTOR('Line Direction',#15554,0.0393700787402) ;
#15579=VECTOR('Line Direction',#15578,0.0393700787402) ;
#15617=VECTOR('Line Direction',#15616,0.0393700787402) ;
#15626=VECTOR('Line Direction',#15625,0.0393700787402) ;
#15633=VECTOR('Line Direction',#15632,0.0393700787402) ;
#15640=VECTOR('Line Direction',#15639,0.0393700787402) ;
#15647=VECTOR('Line Direction',#15646,0.0393700787402) ;
#15654=VECTOR('Line Direction',#15653,0.0393700787402) ;
#15661=VECTOR('Line Direction',#15660,0.0393700787402) ;
#15668=VECTOR('Line Direction',#15667,0.0393700787402) ;
#15675=VECTOR('Line Direction',#15674,0.0393700787402) ;
#15682=VECTOR('Line Direction',#15681,0.0393700787402) ;
#15712=VECTOR('Line Direction',#15711,0.0393700787402) ;
#15717=VECTOR('Line Direction',#15716,0.0393700787402) ;
#15741=VECTOR('Line Direction',#15740,0.0393700787402) ;
#15760=VECTOR('Line Direction',#15759,0.0393700787402) ;
#15784=VECTOR('Line Direction',#15783,0.0393700787402) ;
#15803=VECTOR('Line Direction',#15802,0.0393700787402) ;
#15827=VECTOR('Line Direction',#15826,0.0393700787402) ;
#15846=VECTOR('Line Direction',#15845,0.0393700787402) ;
#15870=VECTOR('Line Direction',#15869,0.0393700787402) ;
#15889=VECTOR('Line Direction',#15888,0.0393700787402) ;
#16120=VECTOR('Line Direction',#16119,0.0393700787402) ;
#16125=VECTOR('Line Direction',#16124,0.0393700787402) ;
#16163=VECTOR('Line Direction',#16162,0.0393700787402) ;
#16168=VECTOR('Line Direction',#16167,0.0393700787402) ;
#16206=VECTOR('Line Direction',#16205,0.0393700787402) ;
#16211=VECTOR('Line Direction',#16210,0.0393700787402) ;
#16249=VECTOR('Line Direction',#16248,0.0393700787402) ;
#16254=VECTOR('Line Direction',#16253,0.0393700787402) ;
#16292=VECTOR('Line Direction',#16291,0.0393700787402) ;
#16297=VECTOR('Line Direction',#16296,0.0393700787402) ;
#16335=VECTOR('Line Direction',#16334,0.0393700787402) ;
#16340=VECTOR('Line Direction',#16339,0.0393700787402) ;
#16378=VECTOR('Line Direction',#16377,0.0393700787402) ;
#16383=VECTOR('Line Direction',#16382,0.0393700787402) ;
#16421=VECTOR('Line Direction',#16420,0.0393700787402) ;
#16426=VECTOR('Line Direction',#16425,0.0393700787402) ;
#16464=VECTOR('Line Direction',#16463,0.0393700787402) ;
#16469=VECTOR('Line Direction',#16468,0.0393700787402) ;
#16507=VECTOR('Line Direction',#16506,0.0393700787402) ;
#16512=VECTOR('Line Direction',#16511,0.0393700787402) ;
#19=UNCERTAINTY_MEASURE_WITH_UNIT(LENGTH_MEASURE(0.000196850393701),#18,'distance_accuracy_value','CONFUSED CURVE UNCERTAINTY') ;
#16544=SHAPE_REPRESENTATION_RELATIONSHIP(' ',' ',#23,#16543) ;
#69=ORIENTED_EDGE('',*,*,#48,.F.) ;
#70=ORIENTED_EDGE('',*,*,#55,.T.) ;
#71=ORIENTED_EDGE('',*,*,#62,.T.) ;
#72=ORIENTED_EDGE('',*,*,#67,.F.) ;
#86=ORIENTED_EDGE('',*,*,#62,.F.) ;
#87=ORIENTED_EDGE('',*,*,#79,.T.) ;
#88=ORIENTED_EDGE('',*,*,#48,.T.) ;
#89=ORIENTED_EDGE('',*,*,#84,.F.) ;
#126=ORIENTED_EDGE('',*,*,#105,.F.) ;
#127=ORIENTED_EDGE('',*,*,#112,.T.) ;
#128=ORIENTED_EDGE('',*,*,#119,.T.) ;
#129=ORIENTED_EDGE('',*,*,#124,.F.) ;
#143=ORIENTED_EDGE('',*,*,#136,.F.) ;
#144=ORIENTED_EDGE('',*,*,#124,.T.) ;
#145=ORIENTED_EDGE('',*,*,#141,.T.) ;
#146=ORIENTED_EDGE('',*,*,#112,.F.) ;
#183=ORIENTED_EDGE('',*,*,#162,.F.) ;
#184=ORIENTED_EDGE('',*,*,#169,.T.) ;
#185=ORIENTED_EDGE('',*,*,#176,.T.) ;
#186=ORIENTED_EDGE('',*,*,#181,.F.) ;
#200=ORIENTED_EDGE('',*,*,#193,.F.) ;
#201=ORIENTED_EDGE('',*,*,#181,.T.) ;
#202=ORIENTED_EDGE('',*,*,#198,.T.) ;
#203=ORIENTED_EDGE('',*,*,#169,.F.) ;
#231=ORIENTED_EDGE('',*,*,#176,.F.) ;
#232=ORIENTED_EDGE('',*,*,#217,.T.) ;
#233=ORIENTED_EDGE('',*,*,#224,.T.) ;
#234=ORIENTED_EDGE('',*,*,#229,.F.) ;
#243=ORIENTED_EDGE('',*,*,#198,.F.) ;
#244=ORIENTED_EDGE('',*,*,#229,.T.) ;
#245=ORIENTED_EDGE('',*,*,#241,.T.) ;
#246=ORIENTED_EDGE('',*,*,#217,.F.) ;
#281=ORIENTED_EDGE('',*,*,#260,.F.) ;
#282=ORIENTED_EDGE('',*,*,#224,.F.) ;
#283=ORIENTED_EDGE('',*,*,#267,.T.) ;
#284=ORIENTED_EDGE('',*,*,#274,.F.) ;
#285=ORIENTED_EDGE('',*,*,#279,.T.) ;
#301=ORIENTED_EDGE('',*,*,#267,.F.) ;
#302=ORIENTED_EDGE('',*,*,#241,.F.) ;
#303=ORIENTED_EDGE('',*,*,#260,.T.) ;
#304=ORIENTED_EDGE('',*,*,#294,.F.) ;
#305=ORIENTED_EDGE('',*,*,#299,.T.) ;
#333=ORIENTED_EDGE('',*,*,#319,.F.) ;
#334=ORIENTED_EDGE('',*,*,#326,.F.) ;
#335=ORIENTED_EDGE('',*,*,#331,.T.) ;
#336=ORIENTED_EDGE('',*,*,#294,.T.) ;
#337=ORIENTED_EDGE('',*,*,#279,.F.) ;
#374=ORIENTED_EDGE('',*,*,#353,.F.) ;
#375=ORIENTED_EDGE('',*,*,#360,.T.) ;
#376=ORIENTED_EDGE('',*,*,#367,.T.) ;
#377=ORIENTED_EDGE('',*,*,#372,.F.) ;
#391=ORIENTED_EDGE('',*,*,#384,.F.) ;
#392=ORIENTED_EDGE('',*,*,#372,.T.) ;
#393=ORIENTED_EDGE('',*,*,#389,.T.) ;
#394=ORIENTED_EDGE('',*,*,#360,.F.) ;
#417=ORIENTED_EDGE('',*,*,#410,.T.) ;
#418=ORIENTED_EDGE('',*,*,#415,.T.) ;
#421=ORIENTED_EDGE('',*,*,#367,.F.) ;
#422=ORIENTED_EDGE('',*,*,#389,.F.) ;
#436=ORIENTED_EDGE('',*,*,#434,.T.) ;
#437=ORIENTED_EDGE('',*,*,#326,.T.) ;
#440=ORIENTED_EDGE('',*,*,#384,.T.) ;
#441=ORIENTED_EDGE('',*,*,#353,.T.) ;
#445=ORIENTED_EDGE('',*,*,#331,.F.) ;
#446=ORIENTED_EDGE('',*,*,#434,.F.) ;
#447=ORIENTED_EDGE('',*,*,#319,.T.) ;
#448=ORIENTED_EDGE('',*,*,#274,.T.) ;
#449=ORIENTED_EDGE('',*,*,#299,.F.) ;
#477=ORIENTED_EDGE('',*,*,#410,.F.) ;
#478=ORIENTED_EDGE('',*,*,#463,.T.) ;
#479=ORIENTED_EDGE('',*,*,#470,.T.) ;
#480=ORIENTED_EDGE('',*,*,#475,.F.) ;
#489=ORIENTED_EDGE('',*,*,#415,.F.) ;
#490=ORIENTED_EDGE('',*,*,#475,.T.) ;
#491=ORIENTED_EDGE('',*,*,#487,.T.) ;
#492=ORIENTED_EDGE('',*,*,#463,.F.) ;
#501=ORIENTED_EDGE('',*,*,#105,.T.) ;
#502=ORIENTED_EDGE('',*,*,#136,.T.) ;
#505=ORIENTED_EDGE('',*,*,#79,.F.) ;
#506=ORIENTED_EDGE('',*,*,#55,.F.) ;
#509=ORIENTED_EDGE('',*,*,#487,.F.) ;
#510=ORIENTED_EDGE('',*,*,#470,.F.) ;
#527=ORIENTED_EDGE('',*,*,#520,.F.) ;
#528=ORIENTED_EDGE('',*,*,#525,.F.) ;
#545=ORIENTED_EDGE('',*,*,#538,.F.) ;
#546=ORIENTED_EDGE('',*,*,#543,.F.) ;
#563=ORIENTED_EDGE('',*,*,#556,.F.) ;
#564=ORIENTED_EDGE('',*,*,#561,.F.) ;
#581=ORIENTED_EDGE('',*,*,#574,.F.) ;
#582=ORIENTED_EDGE('',*,*,#579,.F.) ;
#599=ORIENTED_EDGE('',*,*,#592,.F.) ;
#600=ORIENTED_EDGE('',*,*,#597,.F.) ;
#617=ORIENTED_EDGE('',*,*,#610,.F.) ;
#618=ORIENTED_EDGE('',*,*,#615,.F.) ;
#635=ORIENTED_EDGE('',*,*,#628,.F.) ;
#636=ORIENTED_EDGE('',*,*,#633,.F.) ;
#653=ORIENTED_EDGE('',*,*,#646,.F.) ;
#654=ORIENTED_EDGE('',*,*,#651,.F.) ;
#671=ORIENTED_EDGE('',*,*,#664,.F.) ;
#672=ORIENTED_EDGE('',*,*,#669,.F.) ;
#689=ORIENTED_EDGE('',*,*,#682,.F.) ;
#690=ORIENTED_EDGE('',*,*,#687,.F.) ;
#707=ORIENTED_EDGE('',*,*,#700,.F.) ;
#708=ORIENTED_EDGE('',*,*,#705,.F.) ;
#725=ORIENTED_EDGE('',*,*,#718,.F.) ;
#726=ORIENTED_EDGE('',*,*,#723,.F.) ;
#743=ORIENTED_EDGE('',*,*,#736,.F.) ;
#744=ORIENTED_EDGE('',*,*,#741,.F.) ;
#761=ORIENTED_EDGE('',*,*,#754,.F.) ;
#762=ORIENTED_EDGE('',*,*,#759,.F.) ;
#779=ORIENTED_EDGE('',*,*,#772,.F.) ;
#780=ORIENTED_EDGE('',*,*,#777,.F.) ;
#797=ORIENTED_EDGE('',*,*,#790,.F.) ;
#798=ORIENTED_EDGE('',*,*,#795,.F.) ;
#815=ORIENTED_EDGE('',*,*,#808,.F.) ;
#816=ORIENTED_EDGE('',*,*,#813,.F.) ;
#833=ORIENTED_EDGE('',*,*,#826,.F.) ;
#834=ORIENTED_EDGE('',*,*,#831,.F.) ;
#851=ORIENTED_EDGE('',*,*,#844,.F.) ;
#852=ORIENTED_EDGE('',*,*,#849,.F.) ;
#880=ORIENTED_EDGE('',*,*,#866,.F.) ;
#881=ORIENTED_EDGE('',*,*,#700,.T.) ;
#882=ORIENTED_EDGE('',*,*,#873,.T.) ;
#883=ORIENTED_EDGE('',*,*,#878,.F.) ;
#892=ORIENTED_EDGE('',*,*,#873,.F.) ;
#893=ORIENTED_EDGE('',*,*,#705,.T.) ;
#894=ORIENTED_EDGE('',*,*,#866,.T.) ;
#895=ORIENTED_EDGE('',*,*,#890,.F.) ;
#923=ORIENTED_EDGE('',*,*,#909,.F.) ;
#924=ORIENTED_EDGE('',*,*,#538,.T.) ;
#925=ORIENTED_EDGE('',*,*,#916,.T.) ;
#926=ORIENTED_EDGE('',*,*,#921,.F.) ;
#935=ORIENTED_EDGE('',*,*,#916,.F.) ;
#936=ORIENTED_EDGE('',*,*,#543,.T.) ;
#937=ORIENTED_EDGE('',*,*,#909,.T.) ;
#938=ORIENTED_EDGE('',*,*,#933,.F.) ;
#966=ORIENTED_EDGE('',*,*,#952,.F.) ;
#967=ORIENTED_EDGE('',*,*,#718,.T.) ;
#968=ORIENTED_EDGE('',*,*,#959,.T.) ;
#969=ORIENTED_EDGE('',*,*,#964,.F.) ;
#978=ORIENTED_EDGE('',*,*,#959,.F.) ;
#979=ORIENTED_EDGE('',*,*,#723,.T.) ;
#980=ORIENTED_EDGE('',*,*,#952,.T.) ;
#981=ORIENTED_EDGE('',*,*,#976,.F.) ;
#1009=ORIENTED_EDGE('',*,*,#995,.F.) ;
#1010=ORIENTED_EDGE('',*,*,#556,.T.) ;
#1011=ORIENTED_EDGE('',*,*,#1002,.T.) ;
#1012=ORIENTED_EDGE('',*,*,#1007,.F.) ;
#1021=ORIENTED_EDGE('',*,*,#1002,.F.) ;
#1022=ORIENTED_EDGE('',*,*,#561,.T.) ;
#1023=ORIENTED_EDGE('',*,*,#995,.T.) ;
#1024=ORIENTED_EDGE('',*,*,#1019,.F.) ;
#1052=ORIENTED_EDGE('',*,*,#1038,.F.) ;
#1053=ORIENTED_EDGE('',*,*,#736,.T.) ;
#1054=ORIENTED_EDGE('',*,*,#1045,.T.) ;
#1055=ORIENTED_EDGE('',*,*,#1050,.F.) ;
#1064=ORIENTED_EDGE('',*,*,#1045,.F.) ;
#1065=ORIENTED_EDGE('',*,*,#741,.T.) ;
#1066=ORIENTED_EDGE('',*,*,#1038,.T.) ;
#1067=ORIENTED_EDGE('',*,*,#1062,.F.) ;
#1095=ORIENTED_EDGE('',*,*,#1081,.F.) ;
#1096=ORIENTED_EDGE('',*,*,#574,.T.) ;
#1097=ORIENTED_EDGE('',*,*,#1088,.T.) ;
#1098=ORIENTED_EDGE('',*,*,#1093,.F.) ;
#1107=ORIENTED_EDGE('',*,*,#1088,.F.) ;
#1108=ORIENTED_EDGE('',*,*,#579,.T.) ;
#1109=ORIENTED_EDGE('',*,*,#1081,.T.) ;
#1110=ORIENTED_EDGE('',*,*,#1105,.F.) ;
#1138=ORIENTED_EDGE('',*,*,#1124,.F.) ;
#1139=ORIENTED_EDGE('',*,*,#754,.T.) ;
#1140=ORIENTED_EDGE('',*,*,#1131,.T.) ;
#1141=ORIENTED_EDGE('',*,*,#1136,.F.) ;
#1150=ORIENTED_EDGE('',*,*,#1131,.F.) ;
#1151=ORIENTED_EDGE('',*,*,#759,.T.) ;
#1152=ORIENTED_EDGE('',*,*,#1124,.T.) ;
#1153=ORIENTED_EDGE('',*,*,#1148,.F.) ;
#1181=ORIENTED_EDGE('',*,*,#1167,.F.) ;
#1182=ORIENTED_EDGE('',*,*,#592,.T.) ;
#1183=ORIENTED_EDGE('',*,*,#1174,.T.) ;
#1184=ORIENTED_EDGE('',*,*,#1179,.F.) ;
#1193=ORIENTED_EDGE('',*,*,#1174,.F.) ;
#1194=ORIENTED_EDGE('',*,*,#597,.T.) ;
#1195=ORIENTED_EDGE('',*,*,#1167,.T.) ;
#1196=ORIENTED_EDGE('',*,*,#1191,.F.) ;
#1224=ORIENTED_EDGE('',*,*,#1210,.F.) ;
#1225=ORIENTED_EDGE('',*,*,#772,.T.) ;
#1226=ORIENTED_EDGE('',*,*,#1217,.T.) ;
#1227=ORIENTED_EDGE('',*,*,#1222,.F.) ;
#1236=ORIENTED_EDGE('',*,*,#1217,.F.) ;
#1237=ORIENTED_EDGE('',*,*,#777,.T.) ;
#1238=ORIENTED_EDGE('',*,*,#1210,.T.) ;
#1239=ORIENTED_EDGE('',*,*,#1234,.F.) ;
#1267=ORIENTED_EDGE('',*,*,#1253,.F.) ;
#1268=ORIENTED_EDGE('',*,*,#610,.T.) ;
#1269=ORIENTED_EDGE('',*,*,#1260,.T.) ;
#1270=ORIENTED_EDGE('',*,*,#1265,.F.) ;
#1279=ORIENTED_EDGE('',*,*,#1260,.F.) ;
#1280=ORIENTED_EDGE('',*,*,#615,.T.) ;
#1281=ORIENTED_EDGE('',*,*,#1253,.T.) ;
#1282=ORIENTED_EDGE('',*,*,#1277,.F.) ;
#1310=ORIENTED_EDGE('',*,*,#1296,.F.) ;
#1311=ORIENTED_EDGE('',*,*,#790,.T.) ;
#1312=ORIENTED_EDGE('',*,*,#1303,.T.) ;
#1313=ORIENTED_EDGE('',*,*,#1308,.F.) ;
#1322=ORIENTED_EDGE('',*,*,#1303,.F.) ;
#1323=ORIENTED_EDGE('',*,*,#795,.T.) ;
#1324=ORIENTED_EDGE('',*,*,#1296,.T.) ;
#1325=ORIENTED_EDGE('',*,*,#1320,.F.) ;
#1353=ORIENTED_EDGE('',*,*,#1339,.F.) ;
#1354=ORIENTED_EDGE('',*,*,#628,.T.) ;
#1355=ORIENTED_EDGE('',*,*,#1346,.T.) ;
#1356=ORIENTED_EDGE('',*,*,#1351,.F.) ;
#1365=ORIENTED_EDGE('',*,*,#1346,.F.) ;
#1366=ORIENTED_EDGE('',*,*,#633,.T.) ;
#1367=ORIENTED_EDGE('',*,*,#1339,.T.) ;
#1368=ORIENTED_EDGE('',*,*,#1363,.F.) ;
#1396=ORIENTED_EDGE('',*,*,#1382,.F.) ;
#1397=ORIENTED_EDGE('',*,*,#808,.T.) ;
#1398=ORIENTED_EDGE('',*,*,#1389,.T.) ;
#1399=ORIENTED_EDGE('',*,*,#1394,.F.) ;
#1408=ORIENTED_EDGE('',*,*,#1389,.F.) ;
#1409=ORIENTED_EDGE('',*,*,#813,.T.) ;
#1410=ORIENTED_EDGE('',*,*,#1382,.T.) ;
#1411=ORIENTED_EDGE('',*,*,#1406,.F.) ;
#1439=ORIENTED_EDGE('',*,*,#1425,.F.) ;
#1440=ORIENTED_EDGE('',*,*,#646,.T.) ;
#1441=ORIENTED_EDGE('',*,*,#1432,.T.) ;
#1442=ORIENTED_EDGE('',*,*,#1437,.F.) ;
#1451=ORIENTED_EDGE('',*,*,#1432,.F.) ;
#1452=ORIENTED_EDGE('',*,*,#651,.T.) ;
#1453=ORIENTED_EDGE('',*,*,#1425,.T.) ;
#1454=ORIENTED_EDGE('',*,*,#1449,.F.) ;
#1482=ORIENTED_EDGE('',*,*,#1468,.F.) ;
#1483=ORIENTED_EDGE('',*,*,#826,.T.) ;
#1484=ORIENTED_EDGE('',*,*,#1475,.T.) ;
#1485=ORIENTED_EDGE('',*,*,#1480,.F.) ;
#1494=ORIENTED_EDGE('',*,*,#1475,.F.) ;
#1495=ORIENTED_EDGE('',*,*,#831,.T.) ;
#1496=ORIENTED_EDGE('',*,*,#1468,.T.) ;
#1497=ORIENTED_EDGE('',*,*,#1492,.F.) ;
#1525=ORIENTED_EDGE('',*,*,#1511,.F.) ;
#1526=ORIENTED_EDGE('',*,*,#664,.T.) ;
#1527=ORIENTED_EDGE('',*,*,#1518,.T.) ;
#1528=ORIENTED_EDGE('',*,*,#1523,.F.) ;
#1537=ORIENTED_EDGE('',*,*,#1518,.F.) ;
#1538=ORIENTED_EDGE('',*,*,#669,.T.) ;
#1539=ORIENTED_EDGE('',*,*,#1511,.T.) ;
#1540=ORIENTED_EDGE('',*,*,#1535,.F.) ;
#1568=ORIENTED_EDGE('',*,*,#1554,.F.) ;
#1569=ORIENTED_EDGE('',*,*,#844,.T.) ;
#1570=ORIENTED_EDGE('',*,*,#1561,.T.) ;
#1571=ORIENTED_EDGE('',*,*,#1566,.F.) ;
#1580=ORIENTED_EDGE('',*,*,#1561,.F.) ;
#1581=ORIENTED_EDGE('',*,*,#849,.T.) ;
#1582=ORIENTED_EDGE('',*,*,#1554,.T.) ;
#1583=ORIENTED_EDGE('',*,*,#1578,.F.) ;
#1611=ORIENTED_EDGE('',*,*,#1597,.F.) ;
#1612=ORIENTED_EDGE('',*,*,#682,.T.) ;
#1613=ORIENTED_EDGE('',*,*,#1604,.T.) ;
#1614=ORIENTED_EDGE('',*,*,#1609,.F.) ;
#1623=ORIENTED_EDGE('',*,*,#1604,.F.) ;
#1624=ORIENTED_EDGE('',*,*,#687,.T.) ;
#1625=ORIENTED_EDGE('',*,*,#1597,.T.) ;
#1626=ORIENTED_EDGE('',*,*,#1621,.F.) ;
#1654=ORIENTED_EDGE('',*,*,#1640,.F.) ;
#1655=ORIENTED_EDGE('',*,*,#520,.T.) ;
#1656=ORIENTED_EDGE('',*,*,#1647,.T.) ;
#1657=ORIENTED_EDGE('',*,*,#1652,.F.) ;
#1666=ORIENTED_EDGE('',*,*,#1647,.F.) ;
#1667=ORIENTED_EDGE('',*,*,#525,.T.) ;
#1668=ORIENTED_EDGE('',*,*,#1640,.T.) ;
#1669=ORIENTED_EDGE('',*,*,#1664,.F.) ;
#1678=ORIENTED_EDGE('',*,*,#141,.F.) ;
#1679=ORIENTED_EDGE('',*,*,#119,.F.) ;
#1682=ORIENTED_EDGE('',*,*,#67,.T.) ;
#1683=ORIENTED_EDGE('',*,*,#84,.T.) ;
#1686=ORIENTED_EDGE('',*,*,#193,.T.) ;
#1687=ORIENTED_EDGE('',*,*,#162,.T.) ;
#1690=ORIENTED_EDGE('',*,*,#1664,.T.) ;
#1691=ORIENTED_EDGE('',*,*,#1652,.T.) ;
#1694=ORIENTED_EDGE('',*,*,#933,.T.) ;
#1695=ORIENTED_EDGE('',*,*,#921,.T.) ;
#1698=ORIENTED_EDGE('',*,*,#1019,.T.) ;
#1699=ORIENTED_EDGE('',*,*,#1007,.T.) ;
#1702=ORIENTED_EDGE('',*,*,#1105,.T.) ;
#1703=ORIENTED_EDGE('',*,*,#1093,.T.) ;
#1706=ORIENTED_EDGE('',*,*,#1191,.T.) ;
#1707=ORIENTED_EDGE('',*,*,#1179,.T.) ;
#1710=ORIENTED_EDGE('',*,*,#1277,.T.) ;
#1711=ORIENTED_EDGE('',*,*,#1265,.T.) ;
#1714=ORIENTED_EDGE('',*,*,#1363,.T.) ;
#1715=ORIENTED_EDGE('',*,*,#1351,.T.) ;
#1718=ORIENTED_EDGE('',*,*,#1449,.T.) ;
#1719=ORIENTED_EDGE('',*,*,#1437,.T.) ;
#1722=ORIENTED_EDGE('',*,*,#1535,.T.) ;
#1723=ORIENTED_EDGE('',*,*,#1523,.T.) ;
#1726=ORIENTED_EDGE('',*,*,#1621,.T.) ;
#1727=ORIENTED_EDGE('',*,*,#1609,.T.) ;
#1730=ORIENTED_EDGE('',*,*,#890,.T.) ;
#1731=ORIENTED_EDGE('',*,*,#878,.T.) ;
#1734=ORIENTED_EDGE('',*,*,#976,.T.) ;
#1735=ORIENTED_EDGE('',*,*,#964,.T.) ;
#1738=ORIENTED_EDGE('',*,*,#1062,.T.) ;
#1739=ORIENTED_EDGE('',*,*,#1050,.T.) ;
#1742=ORIENTED_EDGE('',*,*,#1148,.T.) ;
#1743=ORIENTED_EDGE('',*,*,#1136,.T.) ;
#1746=ORIENTED_EDGE('',*,*,#1234,.T.) ;
#1747=ORIENTED_EDGE('',*,*,#1222,.T.) ;
#1750=ORIENTED_EDGE('',*,*,#1320,.T.) ;
#1751=ORIENTED_EDGE('',*,*,#1308,.T.) ;
#1754=ORIENTED_EDGE('',*,*,#1406,.T.) ;
#1755=ORIENTED_EDGE('',*,*,#1394,.T.) ;
#1758=ORIENTED_EDGE('',*,*,#1492,.T.) ;
#1759=ORIENTED_EDGE('',*,*,#1480,.T.) ;
#1762=ORIENTED_EDGE('',*,*,#1578,.T.) ;
#1763=ORIENTED_EDGE('',*,*,#1566,.T.) ;
#1780=ORIENTED_EDGE('',*,*,#1773,.T.) ;
#1781=ORIENTED_EDGE('',*,*,#1778,.T.) ;
#1799=ORIENTED_EDGE('',*,*,#1792,.F.) ;
#1800=ORIENTED_EDGE('',*,*,#1797,.F.) ;
#2629=ORIENTED_EDGE('',*,*,#1810,.T.) ;
#2630=ORIENTED_EDGE('',*,*,#1817,.T.) ;
#2631=ORIENTED_EDGE('',*,*,#1824,.T.) ;
#2632=ORIENTED_EDGE('',*,*,#1831,.T.) ;
#2633=ORIENTED_EDGE('',*,*,#1838,.T.) ;
#2634=ORIENTED_EDGE('',*,*,#1845,.T.) ;
#2635=ORIENTED_EDGE('',*,*,#1852,.T.) ;
#2636=ORIENTED_EDGE('',*,*,#1859,.T.) ;
#2637=ORIENTED_EDGE('',*,*,#1866,.T.) ;
#2638=ORIENTED_EDGE('',*,*,#1873,.T.) ;
#2639=ORIENTED_EDGE('',*,*,#1880,.T.) ;
#2640=ORIENTED_EDGE('',*,*,#1887,.T.) ;
#2641=ORIENTED_EDGE('',*,*,#1894,.T.) ;
#2642=ORIENTED_EDGE('',*,*,#1901,.T.) ;
#2643=ORIENTED_EDGE('',*,*,#1908,.T.) ;
#2644=ORIENTED_EDGE('',*,*,#1915,.T.) ;
#2645=ORIENTED_EDGE('',*,*,#1922,.T.) ;
#2646=ORIENTED_EDGE('',*,*,#1929,.T.) ;
#2647=ORIENTED_EDGE('',*,*,#1936,.T.) ;
#2648=ORIENTED_EDGE('',*,*,#1943,.T.) ;
#2649=ORIENTED_EDGE('',*,*,#1950,.T.) ;
#2650=ORIENTED_EDGE('',*,*,#1957,.T.) ;
#2651=ORIENTED_EDGE('',*,*,#1964,.T.) ;
#2652=ORIENTED_EDGE('',*,*,#1971,.T.) ;
#2653=ORIENTED_EDGE('',*,*,#1978,.T.) ;
#2654=ORIENTED_EDGE('',*,*,#1985,.T.) ;
#2655=ORIENTED_EDGE('',*,*,#1992,.T.) ;
#2656=ORIENTED_EDGE('',*,*,#1999,.T.) ;
#2657=ORIENTED_EDGE('',*,*,#2006,.T.) ;
#2658=ORIENTED_EDGE('',*,*,#2013,.T.) ;
#2659=ORIENTED_EDGE('',*,*,#2020,.T.) ;
#2660=ORIENTED_EDGE('',*,*,#2027,.T.) ;
#2661=ORIENTED_EDGE('',*,*,#2034,.T.) ;
#2662=ORIENTED_EDGE('',*,*,#2041,.T.) ;
#2663=ORIENTED_EDGE('',*,*,#2048,.T.) ;
#2664=ORIENTED_EDGE('',*,*,#2055,.T.) ;
#2665=ORIENTED_EDGE('',*,*,#2062,.T.) ;
#2666=ORIENTED_EDGE('',*,*,#2069,.T.) ;
#2667=ORIENTED_EDGE('',*,*,#2076,.T.) ;
#2668=ORIENTED_EDGE('',*,*,#2083,.T.) ;
#2669=ORIENTED_EDGE('',*,*,#2090,.T.) ;
#2670=ORIENTED_EDGE('',*,*,#2097,.T.) ;
#2671=ORIENTED_EDGE('',*,*,#2104,.T.) ;
#2672=ORIENTED_EDGE('',*,*,#2111,.T.) ;
#2673=ORIENTED_EDGE('',*,*,#2118,.T.) ;
#2674=ORIENTED_EDGE('',*,*,#2125,.T.) ;
#2675=ORIENTED_EDGE('',*,*,#2132,.T.) ;
#2676=ORIENTED_EDGE('',*,*,#2139,.T.) ;
#2677=ORIENTED_EDGE('',*,*,#2146,.T.) ;
#2678=ORIENTED_EDGE('',*,*,#2153,.T.) ;
#2679=ORIENTED_EDGE('',*,*,#2160,.T.) ;
#2680=ORIENTED_EDGE('',*,*,#2167,.T.) ;
#2681=ORIENTED_EDGE('',*,*,#2174,.T.) ;
#2682=ORIENTED_EDGE('',*,*,#2181,.T.) ;
#2683=ORIENTED_EDGE('',*,*,#2188,.T.) ;
#2684=ORIENTED_EDGE('',*,*,#2195,.T.) ;
#2685=ORIENTED_EDGE('',*,*,#2202,.T.) ;
#2686=ORIENTED_EDGE('',*,*,#2209,.T.) ;
#2687=ORIENTED_EDGE('',*,*,#2216,.T.) ;
#2688=ORIENTED_EDGE('',*,*,#2223,.T.) ;
#2689=ORIENTED_EDGE('',*,*,#2230,.T.) ;
#2690=ORIENTED_EDGE('',*,*,#2237,.T.) ;
#2691=ORIENTED_EDGE('',*,*,#2244,.T.) ;
#2692=ORIENTED_EDGE('',*,*,#2251,.T.) ;
#2693=ORIENTED_EDGE('',*,*,#2258,.T.) ;
#2694=ORIENTED_EDGE('',*,*,#2265,.T.) ;
#2695=ORIENTED_EDGE('',*,*,#2272,.T.) ;
#2696=ORIENTED_EDGE('',*,*,#2279,.T.) ;
#2697=ORIENTED_EDGE('',*,*,#2286,.T.) ;
#2698=ORIENTED_EDGE('',*,*,#2293,.T.) ;
#2699=ORIENTED_EDGE('',*,*,#2300,.T.) ;
#2700=ORIENTED_EDGE('',*,*,#2307,.T.) ;
#2701=ORIENTED_EDGE('',*,*,#2314,.T.) ;
#2702=ORIENTED_EDGE('',*,*,#2321,.T.) ;
#2703=ORIENTED_EDGE('',*,*,#2328,.T.) ;
#2704=ORIENTED_EDGE('',*,*,#2335,.T.) ;
#2705=ORIENTED_EDGE('',*,*,#2342,.T.) ;
#2706=ORIENTED_EDGE('',*,*,#2349,.T.) ;
#2707=ORIENTED_EDGE('',*,*,#2356,.T.) ;
#2708=ORIENTED_EDGE('',*,*,#2363,.T.) ;
#2709=ORIENTED_EDGE('',*,*,#2370,.T.) ;
#2710=ORIENTED_EDGE('',*,*,#2377,.T.) ;
#2711=ORIENTED_EDGE('',*,*,#2384,.T.) ;
#2712=ORIENTED_EDGE('',*,*,#2391,.T.) ;
#2713=ORIENTED_EDGE('',*,*,#2398,.T.) ;
#2714=ORIENTED_EDGE('',*,*,#2405,.T.) ;
#2715=ORIENTED_EDGE('',*,*,#2412,.T.) ;
#2716=ORIENTED_EDGE('',*,*,#2419,.T.) ;
#2717=ORIENTED_EDGE('',*,*,#2426,.T.) ;
#2718=ORIENTED_EDGE('',*,*,#2433,.T.) ;
#2719=ORIENTED_EDGE('',*,*,#2440,.T.) ;
#2720=ORIENTED_EDGE('',*,*,#2447,.T.) ;
#2721=ORIENTED_EDGE('',*,*,#2454,.T.) ;
#2722=ORIENTED_EDGE('',*,*,#2461,.T.) ;
#2723=ORIENTED_EDGE('',*,*,#2468,.T.) ;
#2724=ORIENTED_EDGE('',*,*,#2475,.T.) ;
#2725=ORIENTED_EDGE('',*,*,#2482,.T.) ;
#2726=ORIENTED_EDGE('',*,*,#2489,.T.) ;
#2727=ORIENTED_EDGE('',*,*,#2496,.T.) ;
#2728=ORIENTED_EDGE('',*,*,#2503,.T.) ;
#2729=ORIENTED_EDGE('',*,*,#2510,.T.) ;
#2730=ORIENTED_EDGE('',*,*,#2517,.T.) ;
#2731=ORIENTED_EDGE('',*,*,#2524,.T.) ;
#2732=ORIENTED_EDGE('',*,*,#2531,.T.) ;
#2733=ORIENTED_EDGE('',*,*,#2538,.T.) ;
#2734=ORIENTED_EDGE('',*,*,#2545,.T.) ;
#2735=ORIENTED_EDGE('',*,*,#2552,.T.) ;
#2736=ORIENTED_EDGE('',*,*,#2559,.T.) ;
#2737=ORIENTED_EDGE('',*,*,#2566,.T.) ;
#2738=ORIENTED_EDGE('',*,*,#2573,.T.) ;
#2739=ORIENTED_EDGE('',*,*,#2580,.T.) ;
#2740=ORIENTED_EDGE('',*,*,#2587,.T.) ;
#2741=ORIENTED_EDGE('',*,*,#2594,.T.) ;
#2742=ORIENTED_EDGE('',*,*,#2601,.T.) ;
#2743=ORIENTED_EDGE('',*,*,#2608,.T.) ;
#2744=ORIENTED_EDGE('',*,*,#2615,.T.) ;
#2745=ORIENTED_EDGE('',*,*,#2622,.T.) ;
#2746=ORIENTED_EDGE('',*,*,#2627,.T.) ;
#2903=ORIENTED_EDGE('',*,*,#2756,.T.) ;
#2904=ORIENTED_EDGE('',*,*,#2763,.T.) ;
#2905=ORIENTED_EDGE('',*,*,#2770,.T.) ;
#2906=ORIENTED_EDGE('',*,*,#2777,.T.) ;
#2907=ORIENTED_EDGE('',*,*,#2784,.T.) ;
#2908=ORIENTED_EDGE('',*,*,#2791,.T.) ;
#2909=ORIENTED_EDGE('',*,*,#2798,.T.) ;
#2910=ORIENTED_EDGE('',*,*,#2805,.T.) ;
#2911=ORIENTED_EDGE('',*,*,#2812,.T.) ;
#2912=ORIENTED_EDGE('',*,*,#2819,.T.) ;
#2913=ORIENTED_EDGE('',*,*,#2826,.T.) ;
#2914=ORIENTED_EDGE('',*,*,#2833,.T.) ;
#2915=ORIENTED_EDGE('',*,*,#2840,.T.) ;
#2916=ORIENTED_EDGE('',*,*,#2847,.T.) ;
#2917=ORIENTED_EDGE('',*,*,#2854,.T.) ;
#2918=ORIENTED_EDGE('',*,*,#2861,.T.) ;
#2919=ORIENTED_EDGE('',*,*,#2868,.T.) ;
#2920=ORIENTED_EDGE('',*,*,#2875,.T.) ;
#2921=ORIENTED_EDGE('',*,*,#2882,.T.) ;
#2922=ORIENTED_EDGE('',*,*,#2889,.T.) ;
#2923=ORIENTED_EDGE('',*,*,#2896,.T.) ;
#2924=ORIENTED_EDGE('',*,*,#2901,.T.) ;
#3165=ORIENTED_EDGE('',*,*,#2934,.T.) ;
#3166=ORIENTED_EDGE('',*,*,#2941,.T.) ;
#3167=ORIENTED_EDGE('',*,*,#2948,.T.) ;
#3168=ORIENTED_EDGE('',*,*,#2955,.T.) ;
#3169=ORIENTED_EDGE('',*,*,#2962,.T.) ;
#3170=ORIENTED_EDGE('',*,*,#2969,.T.) ;
#3171=ORIENTED_EDGE('',*,*,#2976,.T.) ;
#3172=ORIENTED_EDGE('',*,*,#2983,.T.) ;
#3173=ORIENTED_EDGE('',*,*,#2990,.T.) ;
#3174=ORIENTED_EDGE('',*,*,#2997,.T.) ;
#3175=ORIENTED_EDGE('',*,*,#3004,.T.) ;
#3176=ORIENTED_EDGE('',*,*,#3011,.T.) ;
#3177=ORIENTED_EDGE('',*,*,#3018,.T.) ;
#3178=ORIENTED_EDGE('',*,*,#3025,.T.) ;
#3179=ORIENTED_EDGE('',*,*,#3032,.T.) ;
#3180=ORIENTED_EDGE('',*,*,#3039,.T.) ;
#3181=ORIENTED_EDGE('',*,*,#3046,.T.) ;
#3182=ORIENTED_EDGE('',*,*,#3053,.T.) ;
#3183=ORIENTED_EDGE('',*,*,#3060,.T.) ;
#3184=ORIENTED_EDGE('',*,*,#3067,.T.) ;
#3185=ORIENTED_EDGE('',*,*,#3074,.T.) ;
#3186=ORIENTED_EDGE('',*,*,#3081,.T.) ;
#3187=ORIENTED_EDGE('',*,*,#3088,.T.) ;
#3188=ORIENTED_EDGE('',*,*,#3095,.T.) ;
#3189=ORIENTED_EDGE('',*,*,#3102,.T.) ;
#3190=ORIENTED_EDGE('',*,*,#3109,.T.) ;
#3191=ORIENTED_EDGE('',*,*,#3116,.T.) ;
#3192=ORIENTED_EDGE('',*,*,#3123,.T.) ;
#3193=ORIENTED_EDGE('',*,*,#3130,.T.) ;
#3194=ORIENTED_EDGE('',*,*,#3137,.T.) ;
#3195=ORIENTED_EDGE('',*,*,#3144,.T.) ;
#3196=ORIENTED_EDGE('',*,*,#3151,.T.) ;
#3197=ORIENTED_EDGE('',*,*,#3158,.T.) ;
#3198=ORIENTED_EDGE('',*,*,#3163,.T.) ;
#4167=ORIENTED_EDGE('',*,*,#3208,.T.) ;
#4168=ORIENTED_EDGE('',*,*,#3215,.T.) ;
#4169=ORIENTED_EDGE('',*,*,#3222,.T.) ;
#4170=ORIENTED_EDGE('',*,*,#3229,.T.) ;
#4171=ORIENTED_EDGE('',*,*,#3236,.T.) ;
#4172=ORIENTED_EDGE('',*,*,#3243,.T.) ;
#4173=ORIENTED_EDGE('',*,*,#3250,.T.) ;
#4174=ORIENTED_EDGE('',*,*,#3257,.T.) ;
#4175=ORIENTED_EDGE('',*,*,#3264,.T.) ;
#4176=ORIENTED_EDGE('',*,*,#3271,.T.) ;
#4177=ORIENTED_EDGE('',*,*,#3278,.T.) ;
#4178=ORIENTED_EDGE('',*,*,#3285,.T.) ;
#4179=ORIENTED_EDGE('',*,*,#3292,.T.) ;
#4180=ORIENTED_EDGE('',*,*,#3299,.T.) ;
#4181=ORIENTED_EDGE('',*,*,#3306,.T.) ;
#4182=ORIENTED_EDGE('',*,*,#3313,.T.) ;
#4183=ORIENTED_EDGE('',*,*,#3320,.T.) ;
#4184=ORIENTED_EDGE('',*,*,#3327,.T.) ;
#4185=ORIENTED_EDGE('',*,*,#3334,.T.) ;
#4186=ORIENTED_EDGE('',*,*,#3341,.T.) ;
#4187=ORIENTED_EDGE('',*,*,#3348,.T.) ;
#4188=ORIENTED_EDGE('',*,*,#3355,.T.) ;
#4189=ORIENTED_EDGE('',*,*,#3362,.T.) ;
#4190=ORIENTED_EDGE('',*,*,#3369,.T.) ;
#4191=ORIENTED_EDGE('',*,*,#3376,.T.) ;
#4192=ORIENTED_EDGE('',*,*,#3383,.T.) ;
#4193=ORIENTED_EDGE('',*,*,#3390,.T.) ;
#4194=ORIENTED_EDGE('',*,*,#3397,.T.) ;
#4195=ORIENTED_EDGE('',*,*,#3404,.T.) ;
#4196=ORIENTED_EDGE('',*,*,#3411,.T.) ;
#4197=ORIENTED_EDGE('',*,*,#3418,.T.) ;
#4198=ORIENTED_EDGE('',*,*,#3425,.T.) ;
#4199=ORIENTED_EDGE('',*,*,#3432,.T.) ;
#4200=ORIENTED_EDGE('',*,*,#3439,.T.) ;
#4201=ORIENTED_EDGE('',*,*,#3446,.T.) ;
#4202=ORIENTED_EDGE('',*,*,#3453,.T.) ;
#4203=ORIENTED_EDGE('',*,*,#3460,.T.) ;
#4204=ORIENTED_EDGE('',*,*,#3467,.T.) ;
#4205=ORIENTED_EDGE('',*,*,#3474,.T.) ;
#4206=ORIENTED_EDGE('',*,*,#3481,.T.) ;
#4207=ORIENTED_EDGE('',*,*,#3488,.T.) ;
#4208=ORIENTED_EDGE('',*,*,#3495,.T.) ;
#4209=ORIENTED_EDGE('',*,*,#3502,.T.) ;
#4210=ORIENTED_EDGE('',*,*,#3509,.T.) ;
#4211=ORIENTED_EDGE('',*,*,#3516,.T.) ;
#4212=ORIENTED_EDGE('',*,*,#3523,.T.) ;
#4213=ORIENTED_EDGE('',*,*,#3530,.T.) ;
#4214=ORIENTED_EDGE('',*,*,#3537,.T.) ;
#4215=ORIENTED_EDGE('',*,*,#3544,.T.) ;
#4216=ORIENTED_EDGE('',*,*,#3551,.T.) ;
#4217=ORIENTED_EDGE('',*,*,#3558,.T.) ;
#4218=ORIENTED_EDGE('',*,*,#3565,.T.) ;
#4219=ORIENTED_EDGE('',*,*,#3572,.T.) ;
#4220=ORIENTED_EDGE('',*,*,#3579,.T.) ;
#4221=ORIENTED_EDGE('',*,*,#3586,.T.) ;
#4222=ORIENTED_EDGE('',*,*,#3593,.T.) ;
#4223=ORIENTED_EDGE('',*,*,#3600,.T.) ;
#4224=ORIENTED_EDGE('',*,*,#3607,.T.) ;
#4225=ORIENTED_EDGE('',*,*,#3614,.T.) ;
#4226=ORIENTED_EDGE('',*,*,#3621,.T.) ;
#4227=ORIENTED_EDGE('',*,*,#3628,.T.) ;
#4228=ORIENTED_EDGE('',*,*,#3635,.T.) ;
#4229=ORIENTED_EDGE('',*,*,#3642,.T.) ;
#4230=ORIENTED_EDGE('',*,*,#3649,.T.) ;
#4231=ORIENTED_EDGE('',*,*,#3656,.T.) ;
#4232=ORIENTED_EDGE('',*,*,#3663,.T.) ;
#4233=ORIENTED_EDGE('',*,*,#3670,.T.) ;
#4234=ORIENTED_EDGE('',*,*,#3677,.T.) ;
#4235=ORIENTED_EDGE('',*,*,#3684,.T.) ;
#4236=ORIENTED_EDGE('',*,*,#3691,.T.) ;
#4237=ORIENTED_EDGE('',*,*,#3698,.T.) ;
#4238=ORIENTED_EDGE('',*,*,#3705,.T.) ;
#4239=ORIENTED_EDGE('',*,*,#3712,.T.) ;
#4240=ORIENTED_EDGE('',*,*,#3719,.T.) ;
#4241=ORIENTED_EDGE('',*,*,#3726,.T.) ;
#4242=ORIENTED_EDGE('',*,*,#3733,.T.) ;
#4243=ORIENTED_EDGE('',*,*,#3740,.T.) ;
#4244=ORIENTED_EDGE('',*,*,#3747,.T.) ;
#4245=ORIENTED_EDGE('',*,*,#3754,.T.) ;
#4246=ORIENTED_EDGE('',*,*,#3761,.T.) ;
#4247=ORIENTED_EDGE('',*,*,#3768,.T.) ;
#4248=ORIENTED_EDGE('',*,*,#3775,.T.) ;
#4249=ORIENTED_EDGE('',*,*,#3782,.T.) ;
#4250=ORIENTED_EDGE('',*,*,#3789,.T.) ;
#4251=ORIENTED_EDGE('',*,*,#3796,.T.) ;
#4252=ORIENTED_EDGE('',*,*,#3803,.T.) ;
#4253=ORIENTED_EDGE('',*,*,#3810,.T.) ;
#4254=ORIENTED_EDGE('',*,*,#3817,.T.) ;
#4255=ORIENTED_EDGE('',*,*,#3824,.T.) ;
#4256=ORIENTED_EDGE('',*,*,#3831,.T.) ;
#4257=ORIENTED_EDGE('',*,*,#3838,.T.) ;
#4258=ORIENTED_EDGE('',*,*,#3845,.T.) ;
#4259=ORIENTED_EDGE('',*,*,#3852,.T.) ;
#4260=ORIENTED_EDGE('',*,*,#3859,.T.) ;
#4261=ORIENTED_EDGE('',*,*,#3866,.T.) ;
#4262=ORIENTED_EDGE('',*,*,#3873,.T.) ;
#4263=ORIENTED_EDGE('',*,*,#3880,.T.) ;
#4264=ORIENTED_EDGE('',*,*,#3887,.T.) ;
#4265=ORIENTED_EDGE('',*,*,#3894,.T.) ;
#4266=ORIENTED_EDGE('',*,*,#3901,.T.) ;
#4267=ORIENTED_EDGE('',*,*,#3908,.T.) ;
#4268=ORIENTED_EDGE('',*,*,#3915,.T.) ;
#4269=ORIENTED_EDGE('',*,*,#3922,.T.) ;
#4270=ORIENTED_EDGE('',*,*,#3929,.T.) ;
#4271=ORIENTED_EDGE('',*,*,#3936,.T.) ;
#4272=ORIENTED_EDGE('',*,*,#3943,.T.) ;
#4273=ORIENTED_EDGE('',*,*,#3950,.T.) ;
#4274=ORIENTED_EDGE('',*,*,#3957,.T.) ;
#4275=ORIENTED_EDGE('',*,*,#3964,.T.) ;
#4276=ORIENTED_EDGE('',*,*,#3971,.T.) ;
#4277=ORIENTED_EDGE('',*,*,#3978,.T.) ;
#4278=ORIENTED_EDGE('',*,*,#3985,.T.) ;
#4279=ORIENTED_EDGE('',*,*,#3992,.T.) ;
#4280=ORIENTED_EDGE('',*,*,#3999,.T.) ;
#4281=ORIENTED_EDGE('',*,*,#4006,.T.) ;
#4282=ORIENTED_EDGE('',*,*,#4013,.T.) ;
#4283=ORIENTED_EDGE('',*,*,#4020,.T.) ;
#4284=ORIENTED_EDGE('',*,*,#4027,.T.) ;
#4285=ORIENTED_EDGE('',*,*,#4034,.T.) ;
#4286=ORIENTED_EDGE('',*,*,#4041,.T.) ;
#4287=ORIENTED_EDGE('',*,*,#4048,.T.) ;
#4288=ORIENTED_EDGE('',*,*,#4055,.T.) ;
#4289=ORIENTED_EDGE('',*,*,#4062,.T.) ;
#4290=ORIENTED_EDGE('',*,*,#4069,.T.) ;
#4291=ORIENTED_EDGE('',*,*,#4076,.T.) ;
#4292=ORIENTED_EDGE('',*,*,#4083,.T.) ;
#4293=ORIENTED_EDGE('',*,*,#4090,.T.) ;
#4294=ORIENTED_EDGE('',*,*,#4097,.T.) ;
#4295=ORIENTED_EDGE('',*,*,#4104,.T.) ;
#4296=ORIENTED_EDGE('',*,*,#4111,.T.) ;
#4297=ORIENTED_EDGE('',*,*,#4118,.T.) ;
#4298=ORIENTED_EDGE('',*,*,#4125,.T.) ;
#4299=ORIENTED_EDGE('',*,*,#4132,.T.) ;
#4300=ORIENTED_EDGE('',*,*,#4139,.T.) ;
#4301=ORIENTED_EDGE('',*,*,#4146,.T.) ;
#4302=ORIENTED_EDGE('',*,*,#4153,.T.) ;
#4303=ORIENTED_EDGE('',*,*,#4160,.T.) ;
#4304=ORIENTED_EDGE('',*,*,#4165,.T.) ;
#4461=ORIENTED_EDGE('',*,*,#4314,.T.) ;
#4462=ORIENTED_EDGE('',*,*,#4321,.T.) ;
#4463=ORIENTED_EDGE('',*,*,#4328,.T.) ;
#4464=ORIENTED_EDGE('',*,*,#4335,.T.) ;
#4465=ORIENTED_EDGE('',*,*,#4342,.T.) ;
#4466=ORIENTED_EDGE('',*,*,#4349,.T.) ;
#4467=ORIENTED_EDGE('',*,*,#4356,.T.) ;
#4468=ORIENTED_EDGE('',*,*,#4363,.T.) ;
#4469=ORIENTED_EDGE('',*,*,#4370,.T.) ;
#4470=ORIENTED_EDGE('',*,*,#4377,.T.) ;
#4471=ORIENTED_EDGE('',*,*,#4384,.T.) ;
#4472=ORIENTED_EDGE('',*,*,#4391,.T.) ;
#4473=ORIENTED_EDGE('',*,*,#4398,.T.) ;
#4474=ORIENTED_EDGE('',*,*,#4405,.T.) ;
#4475=ORIENTED_EDGE('',*,*,#4412,.T.) ;
#4476=ORIENTED_EDGE('',*,*,#4419,.T.) ;
#4477=ORIENTED_EDGE('',*,*,#4426,.T.) ;
#4478=ORIENTED_EDGE('',*,*,#4433,.T.) ;
#4479=ORIENTED_EDGE('',*,*,#4440,.T.) ;
#4480=ORIENTED_EDGE('',*,*,#4447,.T.) ;
#4481=ORIENTED_EDGE('',*,*,#4454,.T.) ;
#4482=ORIENTED_EDGE('',*,*,#4459,.T.) ;
#4513=ORIENTED_EDGE('',*,*,#4492,.T.) ;
#4514=ORIENTED_EDGE('',*,*,#4499,.T.) ;
#4515=ORIENTED_EDGE('',*,*,#4506,.T.) ;
#4516=ORIENTED_EDGE('',*,*,#4511,.T.) ;
#4589=ORIENTED_EDGE('',*,*,#4526,.T.) ;
#4590=ORIENTED_EDGE('',*,*,#4533,.T.) ;
#4591=ORIENTED_EDGE('',*,*,#4540,.T.) ;
#4592=ORIENTED_EDGE('',*,*,#4547,.T.) ;
#4593=ORIENTED_EDGE('',*,*,#4554,.T.) ;
#4594=ORIENTED_EDGE('',*,*,#4561,.T.) ;
#4595=ORIENTED_EDGE('',*,*,#4568,.T.) ;
#4596=ORIENTED_EDGE('',*,*,#4575,.T.) ;
#4597=ORIENTED_EDGE('',*,*,#4582,.T.) ;
#4598=ORIENTED_EDGE('',*,*,#4587,.T.) ;
#4616=ORIENTED_EDGE('',*,*,#4609,.F.) ;
#4617=ORIENTED_EDGE('',*,*,#4614,.F.) ;
#4635=ORIENTED_EDGE('',*,*,#4628,.F.) ;
#4636=ORIENTED_EDGE('',*,*,#4633,.F.) ;
#4654=ORIENTED_EDGE('',*,*,#4647,.F.) ;
#4655=ORIENTED_EDGE('',*,*,#4652,.F.) ;
#4673=ORIENTED_EDGE('',*,*,#4666,.F.) ;
#4674=ORIENTED_EDGE('',*,*,#4671,.F.) ;
#4692=ORIENTED_EDGE('',*,*,#4685,.F.) ;
#4693=ORIENTED_EDGE('',*,*,#4690,.F.) ;
#4711=ORIENTED_EDGE('',*,*,#4704,.F.) ;
#4712=ORIENTED_EDGE('',*,*,#4709,.F.) ;
#4730=ORIENTED_EDGE('',*,*,#4723,.F.) ;
#4731=ORIENTED_EDGE('',*,*,#4728,.F.) ;
#4749=ORIENTED_EDGE('',*,*,#4742,.F.) ;
#4750=ORIENTED_EDGE('',*,*,#4747,.F.) ;
#5725=ORIENTED_EDGE('',*,*,#4766,.T.) ;
#5726=ORIENTED_EDGE('',*,*,#4773,.T.) ;
#5727=ORIENTED_EDGE('',*,*,#4780,.T.) ;
#5728=ORIENTED_EDGE('',*,*,#4787,.T.) ;
#5729=ORIENTED_EDGE('',*,*,#4794,.T.) ;
#5730=ORIENTED_EDGE('',*,*,#4801,.T.) ;
#5731=ORIENTED_EDGE('',*,*,#4808,.T.) ;
#5732=ORIENTED_EDGE('',*,*,#4815,.T.) ;
#5733=ORIENTED_EDGE('',*,*,#4822,.T.) ;
#5734=ORIENTED_EDGE('',*,*,#4829,.T.) ;
#5735=ORIENTED_EDGE('',*,*,#4836,.T.) ;
#5736=ORIENTED_EDGE('',*,*,#4843,.T.) ;
#5737=ORIENTED_EDGE('',*,*,#4850,.T.) ;
#5738=ORIENTED_EDGE('',*,*,#4857,.T.) ;
#5739=ORIENTED_EDGE('',*,*,#4864,.T.) ;
#5740=ORIENTED_EDGE('',*,*,#4871,.T.) ;
#5741=ORIENTED_EDGE('',*,*,#4878,.T.) ;
#5742=ORIENTED_EDGE('',*,*,#4885,.T.) ;
#5743=ORIENTED_EDGE('',*,*,#4892,.T.) ;
#5744=ORIENTED_EDGE('',*,*,#4899,.T.) ;
#5745=ORIENTED_EDGE('',*,*,#4906,.T.) ;
#5746=ORIENTED_EDGE('',*,*,#4913,.T.) ;
#5747=ORIENTED_EDGE('',*,*,#4920,.T.) ;
#5748=ORIENTED_EDGE('',*,*,#4927,.T.) ;
#5749=ORIENTED_EDGE('',*,*,#4934,.T.) ;
#5750=ORIENTED_EDGE('',*,*,#4941,.T.) ;
#5751=ORIENTED_EDGE('',*,*,#4948,.T.) ;
#5752=ORIENTED_EDGE('',*,*,#4955,.T.) ;
#5753=ORIENTED_EDGE('',*,*,#4962,.T.) ;
#5754=ORIENTED_EDGE('',*,*,#4969,.T.) ;
#5755=ORIENTED_EDGE('',*,*,#4976,.T.) ;
#5756=ORIENTED_EDGE('',*,*,#4983,.T.) ;
#5757=ORIENTED_EDGE('',*,*,#4990,.T.) ;
#5758=ORIENTED_EDGE('',*,*,#4997,.T.) ;
#5759=ORIENTED_EDGE('',*,*,#5004,.T.) ;
#5760=ORIENTED_EDGE('',*,*,#5011,.T.) ;
#5761=ORIENTED_EDGE('',*,*,#5018,.T.) ;
#5762=ORIENTED_EDGE('',*,*,#5025,.T.) ;
#5763=ORIENTED_EDGE('',*,*,#5032,.T.) ;
#5764=ORIENTED_EDGE('',*,*,#5039,.T.) ;
#5765=ORIENTED_EDGE('',*,*,#5046,.T.) ;
#5766=ORIENTED_EDGE('',*,*,#5053,.T.) ;
#5767=ORIENTED_EDGE('',*,*,#5060,.T.) ;
#5768=ORIENTED_EDGE('',*,*,#5067,.T.) ;
#5769=ORIENTED_EDGE('',*,*,#5074,.T.) ;
#5770=ORIENTED_EDGE('',*,*,#5081,.T.) ;
#5771=ORIENTED_EDGE('',*,*,#5088,.T.) ;
#5772=ORIENTED_EDGE('',*,*,#5095,.T.) ;
#5773=ORIENTED_EDGE('',*,*,#5102,.T.) ;
#5774=ORIENTED_EDGE('',*,*,#5109,.T.) ;
#5775=ORIENTED_EDGE('',*,*,#5116,.T.) ;
#5776=ORIENTED_EDGE('',*,*,#5123,.T.) ;
#5777=ORIENTED_EDGE('',*,*,#5130,.T.) ;
#5778=ORIENTED_EDGE('',*,*,#5137,.T.) ;
#5779=ORIENTED_EDGE('',*,*,#5144,.T.) ;
#5780=ORIENTED_EDGE('',*,*,#5151,.T.) ;
#5781=ORIENTED_EDGE('',*,*,#5158,.T.) ;
#5782=ORIENTED_EDGE('',*,*,#5165,.T.) ;
#5783=ORIENTED_EDGE('',*,*,#5172,.T.) ;
#5784=ORIENTED_EDGE('',*,*,#5179,.T.) ;
#5785=ORIENTED_EDGE('',*,*,#5186,.T.) ;
#5786=ORIENTED_EDGE('',*,*,#5193,.T.) ;
#5787=ORIENTED_EDGE('',*,*,#5200,.T.) ;
#5788=ORIENTED_EDGE('',*,*,#5207,.T.) ;
#5789=ORIENTED_EDGE('',*,*,#5214,.T.) ;
#5790=ORIENTED_EDGE('',*,*,#5221,.T.) ;
#5791=ORIENTED_EDGE('',*,*,#5228,.T.) ;
#5792=ORIENTED_EDGE('',*,*,#5235,.T.) ;
#5793=ORIENTED_EDGE('',*,*,#5242,.T.) ;
#5794=ORIENTED_EDGE('',*,*,#5249,.T.) ;
#5795=ORIENTED_EDGE('',*,*,#5256,.T.) ;
#5796=ORIENTED_EDGE('',*,*,#5263,.T.) ;
#5797=ORIENTED_EDGE('',*,*,#5270,.T.) ;
#5798=ORIENTED_EDGE('',*,*,#5277,.T.) ;
#5799=ORIENTED_EDGE('',*,*,#5284,.T.) ;
#5800=ORIENTED_EDGE('',*,*,#5291,.T.) ;
#5801=ORIENTED_EDGE('',*,*,#5298,.T.) ;
#5802=ORIENTED_EDGE('',*,*,#5305,.T.) ;
#5803=ORIENTED_EDGE('',*,*,#5312,.T.) ;
#5804=ORIENTED_EDGE('',*,*,#5319,.T.) ;
#5805=ORIENTED_EDGE('',*,*,#5326,.T.) ;
#5806=ORIENTED_EDGE('',*,*,#5333,.T.) ;
#5807=ORIENTED_EDGE('',*,*,#5340,.T.) ;
#5808=ORIENTED_EDGE('',*,*,#5347,.T.) ;
#5809=ORIENTED_EDGE('',*,*,#5354,.T.) ;
#5810=ORIENTED_EDGE('',*,*,#5361,.T.) ;
#5811=ORIENTED_EDGE('',*,*,#5368,.T.) ;
#5812=ORIENTED_EDGE('',*,*,#5375,.T.) ;
#5813=ORIENTED_EDGE('',*,*,#5382,.T.) ;
#5814=ORIENTED_EDGE('',*,*,#5389,.T.) ;
#5815=ORIENTED_EDGE('',*,*,#5396,.T.) ;
#5816=ORIENTED_EDGE('',*,*,#5403,.T.) ;
#5817=ORIENTED_EDGE('',*,*,#5410,.T.) ;
#5818=ORIENTED_EDGE('',*,*,#5417,.T.) ;
#5819=ORIENTED_EDGE('',*,*,#5424,.T.) ;
#5820=ORIENTED_EDGE('',*,*,#5431,.T.) ;
#5821=ORIENTED_EDGE('',*,*,#5438,.T.) ;
#5822=ORIENTED_EDGE('',*,*,#5445,.T.) ;
#5823=ORIENTED_EDGE('',*,*,#5452,.T.) ;
#5824=ORIENTED_EDGE('',*,*,#5459,.T.) ;
#5825=ORIENTED_EDGE('',*,*,#5466,.T.) ;
#5826=ORIENTED_EDGE('',*,*,#5473,.T.) ;
#5827=ORIENTED_EDGE('',*,*,#5480,.T.) ;
#5828=ORIENTED_EDGE('',*,*,#5487,.T.) ;
#5829=ORIENTED_EDGE('',*,*,#5494,.T.) ;
#5830=ORIENTED_EDGE('',*,*,#5501,.T.) ;
#5831=ORIENTED_EDGE('',*,*,#5508,.T.) ;
#5832=ORIENTED_EDGE('',*,*,#5515,.T.) ;
#5833=ORIENTED_EDGE('',*,*,#5522,.T.) ;
#5834=ORIENTED_EDGE('',*,*,#5529,.T.) ;
#5835=ORIENTED_EDGE('',*,*,#5536,.T.) ;
#5836=ORIENTED_EDGE('',*,*,#5543,.T.) ;
#5837=ORIENTED_EDGE('',*,*,#5550,.T.) ;
#5838=ORIENTED_EDGE('',*,*,#5557,.T.) ;
#5839=ORIENTED_EDGE('',*,*,#5564,.T.) ;
#5840=ORIENTED_EDGE('',*,*,#5571,.T.) ;
#5841=ORIENTED_EDGE('',*,*,#5578,.T.) ;
#5842=ORIENTED_EDGE('',*,*,#5585,.T.) ;
#5843=ORIENTED_EDGE('',*,*,#5592,.T.) ;
#5844=ORIENTED_EDGE('',*,*,#5599,.T.) ;
#5845=ORIENTED_EDGE('',*,*,#5606,.T.) ;
#5846=ORIENTED_EDGE('',*,*,#5613,.T.) ;
#5847=ORIENTED_EDGE('',*,*,#5620,.T.) ;
#5848=ORIENTED_EDGE('',*,*,#5627,.T.) ;
#5849=ORIENTED_EDGE('',*,*,#5634,.T.) ;
#5850=ORIENTED_EDGE('',*,*,#5641,.T.) ;
#5851=ORIENTED_EDGE('',*,*,#5648,.T.) ;
#5852=ORIENTED_EDGE('',*,*,#5655,.T.) ;
#5853=ORIENTED_EDGE('',*,*,#5662,.T.) ;
#5854=ORIENTED_EDGE('',*,*,#5669,.T.) ;
#5855=ORIENTED_EDGE('',*,*,#5676,.T.) ;
#5856=ORIENTED_EDGE('',*,*,#5683,.T.) ;
#5857=ORIENTED_EDGE('',*,*,#5690,.T.) ;
#5858=ORIENTED_EDGE('',*,*,#5697,.T.) ;
#5859=ORIENTED_EDGE('',*,*,#5704,.T.) ;
#5860=ORIENTED_EDGE('',*,*,#5711,.T.) ;
#5861=ORIENTED_EDGE('',*,*,#5718,.T.) ;
#5862=ORIENTED_EDGE('',*,*,#5723,.T.) ;
#5889=ORIENTED_EDGE('',*,*,#4160,.F.) ;
#5890=ORIENTED_EDGE('',*,*,#5882,.T.) ;
#5891=ORIENTED_EDGE('',*,*,#4766,.F.) ;
#5892=ORIENTED_EDGE('',*,*,#5887,.F.) ;
#5913=ORIENTED_EDGE('',*,*,#4153,.F.) ;
#5914=ORIENTED_EDGE('',*,*,#5911,.T.) ;
#5915=ORIENTED_EDGE('',*,*,#4773,.F.) ;
#5916=ORIENTED_EDGE('',*,*,#5882,.F.) ;
#5937=ORIENTED_EDGE('',*,*,#4146,.F.) ;
#5938=ORIENTED_EDGE('',*,*,#5935,.T.) ;
#5939=ORIENTED_EDGE('',*,*,#4780,.F.) ;
#5940=ORIENTED_EDGE('',*,*,#5911,.F.) ;
#5961=ORIENTED_EDGE('',*,*,#4139,.F.) ;
#5962=ORIENTED_EDGE('',*,*,#5959,.T.) ;
#5963=ORIENTED_EDGE('',*,*,#4787,.F.) ;
#5964=ORIENTED_EDGE('',*,*,#5935,.F.) ;
#5985=ORIENTED_EDGE('',*,*,#4132,.F.) ;
#5986=ORIENTED_EDGE('',*,*,#5983,.T.) ;
#5987=ORIENTED_EDGE('',*,*,#4794,.F.) ;
#5988=ORIENTED_EDGE('',*,*,#5959,.F.) ;
#6009=ORIENTED_EDGE('',*,*,#4125,.F.) ;
#6010=ORIENTED_EDGE('',*,*,#6007,.T.) ;
#6011=ORIENTED_EDGE('',*,*,#4801,.F.) ;
#6012=ORIENTED_EDGE('',*,*,#5983,.F.) ;
#6033=ORIENTED_EDGE('',*,*,#4118,.F.) ;
#6034=ORIENTED_EDGE('',*,*,#6031,.T.) ;
#6035=ORIENTED_EDGE('',*,*,#4808,.F.) ;
#6036=ORIENTED_EDGE('',*,*,#6007,.F.) ;
#6057=ORIENTED_EDGE('',*,*,#4111,.F.) ;
#6058=ORIENTED_EDGE('',*,*,#6055,.T.) ;
#6059=ORIENTED_EDGE('',*,*,#4815,.F.) ;
#6060=ORIENTED_EDGE('',*,*,#6031,.F.) ;
#6081=ORIENTED_EDGE('',*,*,#4104,.F.) ;
#6082=ORIENTED_EDGE('',*,*,#6079,.T.) ;
#6083=ORIENTED_EDGE('',*,*,#4822,.F.) ;
#6084=ORIENTED_EDGE('',*,*,#6055,.F.) ;
#6105=ORIENTED_EDGE('',*,*,#4097,.F.) ;
#6106=ORIENTED_EDGE('',*,*,#6103,.T.) ;
#6107=ORIENTED_EDGE('',*,*,#4829,.F.) ;
#6108=ORIENTED_EDGE('',*,*,#6079,.F.) ;
#6129=ORIENTED_EDGE('',*,*,#4090,.F.) ;
#6130=ORIENTED_EDGE('',*,*,#6127,.T.) ;
#6131=ORIENTED_EDGE('',*,*,#4836,.F.) ;
#6132=ORIENTED_EDGE('',*,*,#6103,.F.) ;
#6153=ORIENTED_EDGE('',*,*,#4083,.F.) ;
#6154=ORIENTED_EDGE('',*,*,#6151,.T.) ;
#6155=ORIENTED_EDGE('',*,*,#4843,.F.) ;
#6156=ORIENTED_EDGE('',*,*,#6127,.F.) ;
#6177=ORIENTED_EDGE('',*,*,#4076,.F.) ;
#6178=ORIENTED_EDGE('',*,*,#6175,.T.) ;
#6179=ORIENTED_EDGE('',*,*,#4850,.F.) ;
#6180=ORIENTED_EDGE('',*,*,#6151,.F.) ;
#6201=ORIENTED_EDGE('',*,*,#4069,.F.) ;
#6202=ORIENTED_EDGE('',*,*,#6199,.T.) ;
#6203=ORIENTED_EDGE('',*,*,#4857,.F.) ;
#6204=ORIENTED_EDGE('',*,*,#6175,.F.) ;
#6225=ORIENTED_EDGE('',*,*,#4062,.F.) ;
#6226=ORIENTED_EDGE('',*,*,#6223,.T.) ;
#6227=ORIENTED_EDGE('',*,*,#4864,.F.) ;
#6228=ORIENTED_EDGE('',*,*,#6199,.F.) ;
#6249=ORIENTED_EDGE('',*,*,#4055,.F.) ;
#6250=ORIENTED_EDGE('',*,*,#6247,.T.) ;
#6251=ORIENTED_EDGE('',*,*,#4871,.F.) ;
#6252=ORIENTED_EDGE('',*,*,#6223,.F.) ;
#6273=ORIENTED_EDGE('',*,*,#4048,.F.) ;
#6274=ORIENTED_EDGE('',*,*,#6271,.T.) ;
#6275=ORIENTED_EDGE('',*,*,#4878,.F.) ;
#6276=ORIENTED_EDGE('',*,*,#6247,.F.) ;
#6297=ORIENTED_EDGE('',*,*,#4041,.F.) ;
#6298=ORIENTED_EDGE('',*,*,#6295,.T.) ;
#6299=ORIENTED_EDGE('',*,*,#4885,.F.) ;
#6300=ORIENTED_EDGE('',*,*,#6271,.F.) ;
#6321=ORIENTED_EDGE('',*,*,#4034,.F.) ;
#6322=ORIENTED_EDGE('',*,*,#6319,.T.) ;
#6323=ORIENTED_EDGE('',*,*,#4892,.F.) ;
#6324=ORIENTED_EDGE('',*,*,#6295,.F.) ;
#6345=ORIENTED_EDGE('',*,*,#4027,.F.) ;
#6346=ORIENTED_EDGE('',*,*,#6343,.T.) ;
#6347=ORIENTED_EDGE('',*,*,#4899,.F.) ;
#6348=ORIENTED_EDGE('',*,*,#6319,.F.) ;
#6369=ORIENTED_EDGE('',*,*,#4020,.F.) ;
#6370=ORIENTED_EDGE('',*,*,#6367,.T.) ;
#6371=ORIENTED_EDGE('',*,*,#4906,.F.) ;
#6372=ORIENTED_EDGE('',*,*,#6343,.F.) ;
#6393=ORIENTED_EDGE('',*,*,#4013,.F.) ;
#6394=ORIENTED_EDGE('',*,*,#6391,.T.) ;
#6395=ORIENTED_EDGE('',*,*,#4913,.F.) ;
#6396=ORIENTED_EDGE('',*,*,#6367,.F.) ;
#6417=ORIENTED_EDGE('',*,*,#4006,.F.) ;
#6418=ORIENTED_EDGE('',*,*,#6415,.T.) ;
#6419=ORIENTED_EDGE('',*,*,#4920,.F.) ;
#6420=ORIENTED_EDGE('',*,*,#6391,.F.) ;
#6441=ORIENTED_EDGE('',*,*,#3999,.F.) ;
#6442=ORIENTED_EDGE('',*,*,#6439,.T.) ;
#6443=ORIENTED_EDGE('',*,*,#4927,.F.) ;
#6444=ORIENTED_EDGE('',*,*,#6415,.F.) ;
#6465=ORIENTED_EDGE('',*,*,#3992,.F.) ;
#6466=ORIENTED_EDGE('',*,*,#6463,.T.) ;
#6467=ORIENTED_EDGE('',*,*,#4934,.F.) ;
#6468=ORIENTED_EDGE('',*,*,#6439,.F.) ;
#6484=ORIENTED_EDGE('',*,*,#3985,.F.) ;
#6485=ORIENTED_EDGE('',*,*,#6482,.T.) ;
#6486=ORIENTED_EDGE('',*,*,#4941,.F.) ;
#6487=ORIENTED_EDGE('',*,*,#6463,.F.) ;
#6508=ORIENTED_EDGE('',*,*,#3978,.F.) ;
#6509=ORIENTED_EDGE('',*,*,#6506,.T.) ;
#6510=ORIENTED_EDGE('',*,*,#4948,.F.) ;
#6511=ORIENTED_EDGE('',*,*,#6482,.F.) ;
#6532=ORIENTED_EDGE('',*,*,#3971,.F.) ;
#6533=ORIENTED_EDGE('',*,*,#6530,.T.) ;
#6534=ORIENTED_EDGE('',*,*,#4955,.F.) ;
#6535=ORIENTED_EDGE('',*,*,#6506,.F.) ;
#6556=ORIENTED_EDGE('',*,*,#3964,.F.) ;
#6557=ORIENTED_EDGE('',*,*,#6554,.T.) ;
#6558=ORIENTED_EDGE('',*,*,#4962,.F.) ;
#6559=ORIENTED_EDGE('',*,*,#6530,.F.) ;
#6580=ORIENTED_EDGE('',*,*,#3957,.F.) ;
#6581=ORIENTED_EDGE('',*,*,#6578,.T.) ;
#6582=ORIENTED_EDGE('',*,*,#4969,.F.) ;
#6583=ORIENTED_EDGE('',*,*,#6554,.F.) ;
#6604=ORIENTED_EDGE('',*,*,#3950,.F.) ;
#6605=ORIENTED_EDGE('',*,*,#6602,.T.) ;
#6606=ORIENTED_EDGE('',*,*,#4976,.F.) ;
#6607=ORIENTED_EDGE('',*,*,#6578,.F.) ;
#6628=ORIENTED_EDGE('',*,*,#3943,.F.) ;
#6629=ORIENTED_EDGE('',*,*,#6626,.T.) ;
#6630=ORIENTED_EDGE('',*,*,#4983,.F.) ;
#6631=ORIENTED_EDGE('',*,*,#6602,.F.) ;
#6652=ORIENTED_EDGE('',*,*,#3936,.F.) ;
#6653=ORIENTED_EDGE('',*,*,#6650,.T.) ;
#6654=ORIENTED_EDGE('',*,*,#4990,.F.) ;
#6655=ORIENTED_EDGE('',*,*,#6626,.F.) ;
#6676=ORIENTED_EDGE('',*,*,#3929,.F.) ;
#6677=ORIENTED_EDGE('',*,*,#6674,.T.) ;
#6678=ORIENTED_EDGE('',*,*,#4997,.F.) ;
#6679=ORIENTED_EDGE('',*,*,#6650,.F.) ;
#6700=ORIENTED_EDGE('',*,*,#3922,.F.) ;
#6701=ORIENTED_EDGE('',*,*,#6698,.T.) ;
#6702=ORIENTED_EDGE('',*,*,#5004,.F.) ;
#6703=ORIENTED_EDGE('',*,*,#6674,.F.) ;
#6724=ORIENTED_EDGE('',*,*,#3915,.F.) ;
#6725=ORIENTED_EDGE('',*,*,#6722,.T.) ;
#6726=ORIENTED_EDGE('',*,*,#5011,.F.) ;
#6727=ORIENTED_EDGE('',*,*,#6698,.F.) ;
#6748=ORIENTED_EDGE('',*,*,#3908,.F.) ;
#6749=ORIENTED_EDGE('',*,*,#6746,.T.) ;
#6750=ORIENTED_EDGE('',*,*,#5018,.F.) ;
#6751=ORIENTED_EDGE('',*,*,#6722,.F.) ;
#6772=ORIENTED_EDGE('',*,*,#3901,.F.) ;
#6773=ORIENTED_EDGE('',*,*,#6770,.T.) ;
#6774=ORIENTED_EDGE('',*,*,#5025,.F.) ;
#6775=ORIENTED_EDGE('',*,*,#6746,.F.) ;
#6796=ORIENTED_EDGE('',*,*,#3894,.F.) ;
#6797=ORIENTED_EDGE('',*,*,#6794,.T.) ;
#6798=ORIENTED_EDGE('',*,*,#5032,.F.) ;
#6799=ORIENTED_EDGE('',*,*,#6770,.F.) ;
#6820=ORIENTED_EDGE('',*,*,#3887,.F.) ;
#6821=ORIENTED_EDGE('',*,*,#6818,.T.) ;
#6822=ORIENTED_EDGE('',*,*,#5039,.F.) ;
#6823=ORIENTED_EDGE('',*,*,#6794,.F.) ;
#6844=ORIENTED_EDGE('',*,*,#3880,.F.) ;
#6845=ORIENTED_EDGE('',*,*,#6842,.T.) ;
#6846=ORIENTED_EDGE('',*,*,#5046,.F.) ;
#6847=ORIENTED_EDGE('',*,*,#6818,.F.) ;
#6868=ORIENTED_EDGE('',*,*,#3873,.F.) ;
#6869=ORIENTED_EDGE('',*,*,#6866,.T.) ;
#6870=ORIENTED_EDGE('',*,*,#5053,.F.) ;
#6871=ORIENTED_EDGE('',*,*,#6842,.F.) ;
#6892=ORIENTED_EDGE('',*,*,#3866,.F.) ;
#6893=ORIENTED_EDGE('',*,*,#6890,.T.) ;
#6894=ORIENTED_EDGE('',*,*,#5060,.F.) ;
#6895=ORIENTED_EDGE('',*,*,#6866,.F.) ;
#6916=ORIENTED_EDGE('',*,*,#3859,.F.) ;
#6917=ORIENTED_EDGE('',*,*,#6914,.T.) ;
#6918=ORIENTED_EDGE('',*,*,#5067,.F.) ;
#6919=ORIENTED_EDGE('',*,*,#6890,.F.) ;
#6940=ORIENTED_EDGE('',*,*,#3852,.F.) ;
#6941=ORIENTED_EDGE('',*,*,#6938,.T.) ;
#6942=ORIENTED_EDGE('',*,*,#5074,.F.) ;
#6943=ORIENTED_EDGE('',*,*,#6914,.F.) ;
#6964=ORIENTED_EDGE('',*,*,#3845,.F.) ;
#6965=ORIENTED_EDGE('',*,*,#6962,.T.) ;
#6966=ORIENTED_EDGE('',*,*,#5081,.F.) ;
#6967=ORIENTED_EDGE('',*,*,#6938,.F.) ;
#6988=ORIENTED_EDGE('',*,*,#3838,.F.) ;
#6989=ORIENTED_EDGE('',*,*,#6986,.T.) ;
#6990=ORIENTED_EDGE('',*,*,#5088,.F.) ;
#6991=ORIENTED_EDGE('',*,*,#6962,.F.) ;
#7007=ORIENTED_EDGE('',*,*,#3831,.F.) ;
#7008=ORIENTED_EDGE('',*,*,#7005,.T.) ;
#7009=ORIENTED_EDGE('',*,*,#5095,.F.) ;
#7010=ORIENTED_EDGE('',*,*,#6986,.F.) ;
#7031=ORIENTED_EDGE('',*,*,#3824,.F.) ;
#7032=ORIENTED_EDGE('',*,*,#7029,.T.) ;
#7033=ORIENTED_EDGE('',*,*,#5102,.F.) ;
#7034=ORIENTED_EDGE('',*,*,#7005,.F.) ;
#7055=ORIENTED_EDGE('',*,*,#3817,.F.) ;
#7056=ORIENTED_EDGE('',*,*,#7053,.T.) ;
#7057=ORIENTED_EDGE('',*,*,#5109,.F.) ;
#7058=ORIENTED_EDGE('',*,*,#7029,.F.) ;
#7079=ORIENTED_EDGE('',*,*,#3810,.F.) ;
#7080=ORIENTED_EDGE('',*,*,#7077,.T.) ;
#7081=ORIENTED_EDGE('',*,*,#5116,.F.) ;
#7082=ORIENTED_EDGE('',*,*,#7053,.F.) ;
#7103=ORIENTED_EDGE('',*,*,#3803,.F.) ;
#7104=ORIENTED_EDGE('',*,*,#7101,.T.) ;
#7105=ORIENTED_EDGE('',*,*,#5123,.F.) ;
#7106=ORIENTED_EDGE('',*,*,#7077,.F.) ;
#7127=ORIENTED_EDGE('',*,*,#3796,.F.) ;
#7128=ORIENTED_EDGE('',*,*,#7125,.T.) ;
#7129=ORIENTED_EDGE('',*,*,#5130,.F.) ;
#7130=ORIENTED_EDGE('',*,*,#7101,.F.) ;
#7151=ORIENTED_EDGE('',*,*,#3789,.F.) ;
#7152=ORIENTED_EDGE('',*,*,#7149,.T.) ;
#7153=ORIENTED_EDGE('',*,*,#5137,.F.) ;
#7154=ORIENTED_EDGE('',*,*,#7125,.F.) ;
#7175=ORIENTED_EDGE('',*,*,#3782,.F.) ;
#7176=ORIENTED_EDGE('',*,*,#7173,.T.) ;
#7177=ORIENTED_EDGE('',*,*,#5144,.F.) ;
#7178=ORIENTED_EDGE('',*,*,#7149,.F.) ;
#7199=ORIENTED_EDGE('',*,*,#3775,.F.) ;
#7200=ORIENTED_EDGE('',*,*,#7197,.T.) ;
#7201=ORIENTED_EDGE('',*,*,#5151,.F.) ;
#7202=ORIENTED_EDGE('',*,*,#7173,.F.) ;
#7223=ORIENTED_EDGE('',*,*,#3768,.F.) ;
#7224=ORIENTED_EDGE('',*,*,#7221,.T.) ;
#7225=ORIENTED_EDGE('',*,*,#5158,.F.) ;
#7226=ORIENTED_EDGE('',*,*,#7197,.F.) ;
#7247=ORIENTED_EDGE('',*,*,#3761,.F.) ;
#7248=ORIENTED_EDGE('',*,*,#7245,.T.) ;
#7249=ORIENTED_EDGE('',*,*,#5165,.F.) ;
#7250=ORIENTED_EDGE('',*,*,#7221,.F.) ;
#7271=ORIENTED_EDGE('',*,*,#3754,.F.) ;
#7272=ORIENTED_EDGE('',*,*,#7269,.T.) ;
#7273=ORIENTED_EDGE('',*,*,#5172,.F.) ;
#7274=ORIENTED_EDGE('',*,*,#7245,.F.) ;
#7295=ORIENTED_EDGE('',*,*,#3747,.F.) ;
#7296=ORIENTED_EDGE('',*,*,#7293,.T.) ;
#7297=ORIENTED_EDGE('',*,*,#5179,.F.) ;
#7298=ORIENTED_EDGE('',*,*,#7269,.F.) ;
#7319=ORIENTED_EDGE('',*,*,#3740,.F.) ;
#7320=ORIENTED_EDGE('',*,*,#7317,.T.) ;
#7321=ORIENTED_EDGE('',*,*,#5186,.F.) ;
#7322=ORIENTED_EDGE('',*,*,#7293,.F.) ;
#7343=ORIENTED_EDGE('',*,*,#3733,.F.) ;
#7344=ORIENTED_EDGE('',*,*,#7341,.T.) ;
#7345=ORIENTED_EDGE('',*,*,#5193,.F.) ;
#7346=ORIENTED_EDGE('',*,*,#7317,.F.) ;
#7367=ORIENTED_EDGE('',*,*,#3726,.F.) ;
#7368=ORIENTED_EDGE('',*,*,#7365,.T.) ;
#7369=ORIENTED_EDGE('',*,*,#5200,.F.) ;
#7370=ORIENTED_EDGE('',*,*,#7341,.F.) ;
#7391=ORIENTED_EDGE('',*,*,#3719,.F.) ;
#7392=ORIENTED_EDGE('',*,*,#7389,.T.) ;
#7393=ORIENTED_EDGE('',*,*,#5207,.F.) ;
#7394=ORIENTED_EDGE('',*,*,#7365,.F.) ;
#7415=ORIENTED_EDGE('',*,*,#3712,.F.) ;
#7416=ORIENTED_EDGE('',*,*,#7413,.T.) ;
#7417=ORIENTED_EDGE('',*,*,#5214,.F.) ;
#7418=ORIENTED_EDGE('',*,*,#7389,.F.) ;
#7439=ORIENTED_EDGE('',*,*,#3705,.F.) ;
#7440=ORIENTED_EDGE('',*,*,#7437,.T.) ;
#7441=ORIENTED_EDGE('',*,*,#5221,.F.) ;
#7442=ORIENTED_EDGE('',*,*,#7413,.F.) ;
#7463=ORIENTED_EDGE('',*,*,#3698,.F.) ;
#7464=ORIENTED_EDGE('',*,*,#7461,.T.) ;
#7465=ORIENTED_EDGE('',*,*,#5228,.F.) ;
#7466=ORIENTED_EDGE('',*,*,#7437,.F.) ;
#7487=ORIENTED_EDGE('',*,*,#3691,.F.) ;
#7488=ORIENTED_EDGE('',*,*,#7485,.T.) ;
#7489=ORIENTED_EDGE('',*,*,#5235,.F.) ;
#7490=ORIENTED_EDGE('',*,*,#7461,.F.) ;
#7511=ORIENTED_EDGE('',*,*,#3684,.F.) ;
#7512=ORIENTED_EDGE('',*,*,#7509,.T.) ;
#7513=ORIENTED_EDGE('',*,*,#5242,.F.) ;
#7514=ORIENTED_EDGE('',*,*,#7485,.F.) ;
#7535=ORIENTED_EDGE('',*,*,#3677,.F.) ;
#7536=ORIENTED_EDGE('',*,*,#7533,.T.) ;
#7537=ORIENTED_EDGE('',*,*,#5249,.F.) ;
#7538=ORIENTED_EDGE('',*,*,#7509,.F.) ;
#7559=ORIENTED_EDGE('',*,*,#3670,.F.) ;
#7560=ORIENTED_EDGE('',*,*,#7557,.T.) ;
#7561=ORIENTED_EDGE('',*,*,#5256,.F.) ;
#7562=ORIENTED_EDGE('',*,*,#7533,.F.) ;
#7583=ORIENTED_EDGE('',*,*,#3663,.F.) ;
#7584=ORIENTED_EDGE('',*,*,#7581,.T.) ;
#7585=ORIENTED_EDGE('',*,*,#5263,.F.) ;
#7586=ORIENTED_EDGE('',*,*,#7557,.F.) ;
#7607=ORIENTED_EDGE('',*,*,#3656,.F.) ;
#7608=ORIENTED_EDGE('',*,*,#7605,.T.) ;
#7609=ORIENTED_EDGE('',*,*,#5270,.F.) ;
#7610=ORIENTED_EDGE('',*,*,#7581,.F.) ;
#7631=ORIENTED_EDGE('',*,*,#3649,.F.) ;
#7632=ORIENTED_EDGE('',*,*,#7629,.T.) ;
#7633=ORIENTED_EDGE('',*,*,#5277,.F.) ;
#7634=ORIENTED_EDGE('',*,*,#7605,.F.) ;
#7655=ORIENTED_EDGE('',*,*,#3642,.F.) ;
#7656=ORIENTED_EDGE('',*,*,#7653,.T.) ;
#7657=ORIENTED_EDGE('',*,*,#5284,.F.) ;
#7658=ORIENTED_EDGE('',*,*,#7629,.F.) ;
#7679=ORIENTED_EDGE('',*,*,#3635,.F.) ;
#7680=ORIENTED_EDGE('',*,*,#7677,.T.) ;
#7681=ORIENTED_EDGE('',*,*,#5291,.F.) ;
#7682=ORIENTED_EDGE('',*,*,#7653,.F.) ;
#7703=ORIENTED_EDGE('',*,*,#3628,.F.) ;
#7704=ORIENTED_EDGE('',*,*,#7701,.T.) ;
#7705=ORIENTED_EDGE('',*,*,#5298,.F.) ;
#7706=ORIENTED_EDGE('',*,*,#7677,.F.) ;
#7727=ORIENTED_EDGE('',*,*,#3621,.F.) ;
#7728=ORIENTED_EDGE('',*,*,#7725,.T.) ;
#7729=ORIENTED_EDGE('',*,*,#5305,.F.) ;
#7730=ORIENTED_EDGE('',*,*,#7701,.F.) ;
#7751=ORIENTED_EDGE('',*,*,#3614,.F.) ;
#7752=ORIENTED_EDGE('',*,*,#7749,.T.) ;
#7753=ORIENTED_EDGE('',*,*,#5312,.F.) ;
#7754=ORIENTED_EDGE('',*,*,#7725,.F.) ;
#7775=ORIENTED_EDGE('',*,*,#3607,.F.) ;
#7776=ORIENTED_EDGE('',*,*,#7773,.T.) ;
#7777=ORIENTED_EDGE('',*,*,#5319,.F.) ;
#7778=ORIENTED_EDGE('',*,*,#7749,.F.) ;
#7799=ORIENTED_EDGE('',*,*,#3600,.F.) ;
#7800=ORIENTED_EDGE('',*,*,#7797,.T.) ;
#7801=ORIENTED_EDGE('',*,*,#5326,.F.) ;
#7802=ORIENTED_EDGE('',*,*,#7773,.F.) ;
#7823=ORIENTED_EDGE('',*,*,#3593,.F.) ;
#7824=ORIENTED_EDGE('',*,*,#7821,.T.) ;
#7825=ORIENTED_EDGE('',*,*,#5333,.F.) ;
#7826=ORIENTED_EDGE('',*,*,#7797,.F.) ;
#7847=ORIENTED_EDGE('',*,*,#3586,.F.) ;
#7848=ORIENTED_EDGE('',*,*,#7845,.T.) ;
#7849=ORIENTED_EDGE('',*,*,#5340,.F.) ;
#7850=ORIENTED_EDGE('',*,*,#7821,.F.) ;
#7871=ORIENTED_EDGE('',*,*,#3579,.F.) ;
#7872=ORIENTED_EDGE('',*,*,#7869,.T.) ;
#7873=ORIENTED_EDGE('',*,*,#5347,.F.) ;
#7874=ORIENTED_EDGE('',*,*,#7845,.F.) ;
#7895=ORIENTED_EDGE('',*,*,#3572,.F.) ;
#7896=ORIENTED_EDGE('',*,*,#7893,.T.) ;
#7897=ORIENTED_EDGE('',*,*,#5354,.F.) ;
#7898=ORIENTED_EDGE('',*,*,#7869,.F.) ;
#7919=ORIENTED_EDGE('',*,*,#3565,.F.) ;
#7920=ORIENTED_EDGE('',*,*,#7917,.T.) ;
#7921=ORIENTED_EDGE('',*,*,#5361,.F.) ;
#7922=ORIENTED_EDGE('',*,*,#7893,.F.) ;
#7943=ORIENTED_EDGE('',*,*,#3558,.F.) ;
#7944=ORIENTED_EDGE('',*,*,#7941,.T.) ;
#7945=ORIENTED_EDGE('',*,*,#5368,.F.) ;
#7946=ORIENTED_EDGE('',*,*,#7917,.F.) ;
#7967=ORIENTED_EDGE('',*,*,#3551,.F.) ;
#7968=ORIENTED_EDGE('',*,*,#7965,.T.) ;
#7969=ORIENTED_EDGE('',*,*,#5375,.F.) ;
#7970=ORIENTED_EDGE('',*,*,#7941,.F.) ;
#7991=ORIENTED_EDGE('',*,*,#3544,.F.) ;
#7992=ORIENTED_EDGE('',*,*,#7989,.T.) ;
#7993=ORIENTED_EDGE('',*,*,#5382,.F.) ;
#7994=ORIENTED_EDGE('',*,*,#7965,.F.) ;
#8015=ORIENTED_EDGE('',*,*,#3537,.F.) ;
#8016=ORIENTED_EDGE('',*,*,#8013,.T.) ;
#8017=ORIENTED_EDGE('',*,*,#5389,.F.) ;
#8018=ORIENTED_EDGE('',*,*,#7989,.F.) ;
#8039=ORIENTED_EDGE('',*,*,#3530,.F.) ;
#8040=ORIENTED_EDGE('',*,*,#8037,.T.) ;
#8041=ORIENTED_EDGE('',*,*,#5396,.F.) ;
#8042=ORIENTED_EDGE('',*,*,#8013,.F.) ;
#8063=ORIENTED_EDGE('',*,*,#3523,.F.) ;
#8064=ORIENTED_EDGE('',*,*,#8061,.T.) ;
#8065=ORIENTED_EDGE('',*,*,#5403,.F.) ;
#8066=ORIENTED_EDGE('',*,*,#8037,.F.) ;
#8087=ORIENTED_EDGE('',*,*,#3516,.F.) ;
#8088=ORIENTED_EDGE('',*,*,#8085,.T.) ;
#8089=ORIENTED_EDGE('',*,*,#5410,.F.) ;
#8090=ORIENTED_EDGE('',*,*,#8061,.F.) ;
#8111=ORIENTED_EDGE('',*,*,#3509,.F.) ;
#8112=ORIENTED_EDGE('',*,*,#8109,.T.) ;
#8113=ORIENTED_EDGE('',*,*,#5417,.F.) ;
#8114=ORIENTED_EDGE('',*,*,#8085,.F.) ;
#8130=ORIENTED_EDGE('',*,*,#3502,.F.) ;
#8131=ORIENTED_EDGE('',*,*,#8128,.T.) ;
#8132=ORIENTED_EDGE('',*,*,#5424,.F.) ;
#8133=ORIENTED_EDGE('',*,*,#8109,.F.) ;
#8149=ORIENTED_EDGE('',*,*,#3495,.F.) ;
#8150=ORIENTED_EDGE('',*,*,#8147,.T.) ;
#8151=ORIENTED_EDGE('',*,*,#5431,.F.) ;
#8152=ORIENTED_EDGE('',*,*,#8128,.F.) ;
#8173=ORIENTED_EDGE('',*,*,#3488,.F.) ;
#8174=ORIENTED_EDGE('',*,*,#8171,.T.) ;
#8175=ORIENTED_EDGE('',*,*,#5438,.F.) ;
#8176=ORIENTED_EDGE('',*,*,#8147,.F.) ;
#8197=ORIENTED_EDGE('',*,*,#3481,.F.) ;
#8198=ORIENTED_EDGE('',*,*,#8195,.T.) ;
#8199=ORIENTED_EDGE('',*,*,#5445,.F.) ;
#8200=ORIENTED_EDGE('',*,*,#8171,.F.) ;
#8221=ORIENTED_EDGE('',*,*,#3474,.F.) ;
#8222=ORIENTED_EDGE('',*,*,#8219,.T.) ;
#8223=ORIENTED_EDGE('',*,*,#5452,.F.) ;
#8224=ORIENTED_EDGE('',*,*,#8195,.F.) ;
#8245=ORIENTED_EDGE('',*,*,#3467,.F.) ;
#8246=ORIENTED_EDGE('',*,*,#8243,.T.) ;
#8247=ORIENTED_EDGE('',*,*,#5459,.F.) ;
#8248=ORIENTED_EDGE('',*,*,#8219,.F.) ;
#8269=ORIENTED_EDGE('',*,*,#3460,.F.) ;
#8270=ORIENTED_EDGE('',*,*,#8267,.T.) ;
#8271=ORIENTED_EDGE('',*,*,#5466,.F.) ;
#8272=ORIENTED_EDGE('',*,*,#8243,.F.) ;
#8293=ORIENTED_EDGE('',*,*,#3453,.F.) ;
#8294=ORIENTED_EDGE('',*,*,#8291,.T.) ;
#8295=ORIENTED_EDGE('',*,*,#5473,.F.) ;
#8296=ORIENTED_EDGE('',*,*,#8267,.F.) ;
#8317=ORIENTED_EDGE('',*,*,#3446,.F.) ;
#8318=ORIENTED_EDGE('',*,*,#8315,.T.) ;
#8319=ORIENTED_EDGE('',*,*,#5480,.F.) ;
#8320=ORIENTED_EDGE('',*,*,#8291,.F.) ;
#8341=ORIENTED_EDGE('',*,*,#3439,.F.) ;
#8342=ORIENTED_EDGE('',*,*,#8339,.T.) ;
#8343=ORIENTED_EDGE('',*,*,#5487,.F.) ;
#8344=ORIENTED_EDGE('',*,*,#8315,.F.) ;
#8365=ORIENTED_EDGE('',*,*,#3432,.F.) ;
#8366=ORIENTED_EDGE('',*,*,#8363,.T.) ;
#8367=ORIENTED_EDGE('',*,*,#5494,.F.) ;
#8368=ORIENTED_EDGE('',*,*,#8339,.F.) ;
#8389=ORIENTED_EDGE('',*,*,#3425,.F.) ;
#8390=ORIENTED_EDGE('',*,*,#8387,.T.) ;
#8391=ORIENTED_EDGE('',*,*,#5501,.F.) ;
#8392=ORIENTED_EDGE('',*,*,#8363,.F.) ;
#8413=ORIENTED_EDGE('',*,*,#3418,.F.) ;
#8414=ORIENTED_EDGE('',*,*,#8411,.T.) ;
#8415=ORIENTED_EDGE('',*,*,#5508,.F.) ;
#8416=ORIENTED_EDGE('',*,*,#8387,.F.) ;
#8437=ORIENTED_EDGE('',*,*,#3411,.F.) ;
#8438=ORIENTED_EDGE('',*,*,#8435,.T.) ;
#8439=ORIENTED_EDGE('',*,*,#5515,.F.) ;
#8440=ORIENTED_EDGE('',*,*,#8411,.F.) ;
#8461=ORIENTED_EDGE('',*,*,#3404,.F.) ;
#8462=ORIENTED_EDGE('',*,*,#8459,.T.) ;
#8463=ORIENTED_EDGE('',*,*,#5522,.F.) ;
#8464=ORIENTED_EDGE('',*,*,#8435,.F.) ;
#8485=ORIENTED_EDGE('',*,*,#3397,.F.) ;
#8486=ORIENTED_EDGE('',*,*,#8483,.T.) ;
#8487=ORIENTED_EDGE('',*,*,#5529,.F.) ;
#8488=ORIENTED_EDGE('',*,*,#8459,.F.) ;
#8509=ORIENTED_EDGE('',*,*,#3390,.F.) ;
#8510=ORIENTED_EDGE('',*,*,#8507,.T.) ;
#8511=ORIENTED_EDGE('',*,*,#5536,.F.) ;
#8512=ORIENTED_EDGE('',*,*,#8483,.F.) ;
#8533=ORIENTED_EDGE('',*,*,#3383,.F.) ;
#8534=ORIENTED_EDGE('',*,*,#8531,.T.) ;
#8535=ORIENTED_EDGE('',*,*,#5543,.F.) ;
#8536=ORIENTED_EDGE('',*,*,#8507,.F.) ;
#8557=ORIENTED_EDGE('',*,*,#3376,.F.) ;
#8558=ORIENTED_EDGE('',*,*,#8555,.T.) ;
#8559=ORIENTED_EDGE('',*,*,#5550,.F.) ;
#8560=ORIENTED_EDGE('',*,*,#8531,.F.) ;
#8581=ORIENTED_EDGE('',*,*,#3369,.F.) ;
#8582=ORIENTED_EDGE('',*,*,#8579,.T.) ;
#8583=ORIENTED_EDGE('',*,*,#5557,.F.) ;
#8584=ORIENTED_EDGE('',*,*,#8555,.F.) ;
#8605=ORIENTED_EDGE('',*,*,#3362,.F.) ;
#8606=ORIENTED_EDGE('',*,*,#8603,.T.) ;
#8607=ORIENTED_EDGE('',*,*,#5564,.F.) ;
#8608=ORIENTED_EDGE('',*,*,#8579,.F.) ;
#8629=ORIENTED_EDGE('',*,*,#3355,.F.) ;
#8630=ORIENTED_EDGE('',*,*,#8627,.T.) ;
#8631=ORIENTED_EDGE('',*,*,#5571,.F.) ;
#8632=ORIENTED_EDGE('',*,*,#8603,.F.) ;
#8653=ORIENTED_EDGE('',*,*,#3348,.F.) ;
#8654=ORIENTED_EDGE('',*,*,#8651,.T.) ;
#8655=ORIENTED_EDGE('',*,*,#5578,.F.) ;
#8656=ORIENTED_EDGE('',*,*,#8627,.F.) ;
#8677=ORIENTED_EDGE('',*,*,#3341,.F.) ;
#8678=ORIENTED_EDGE('',*,*,#8675,.T.) ;
#8679=ORIENTED_EDGE('',*,*,#5585,.F.) ;
#8680=ORIENTED_EDGE('',*,*,#8651,.F.) ;
#8701=ORIENTED_EDGE('',*,*,#3334,.F.) ;
#8702=ORIENTED_EDGE('',*,*,#8699,.T.) ;
#8703=ORIENTED_EDGE('',*,*,#5592,.F.) ;
#8704=ORIENTED_EDGE('',*,*,#8675,.F.) ;
#8725=ORIENTED_EDGE('',*,*,#3327,.F.) ;
#8726=ORIENTED_EDGE('',*,*,#8723,.T.) ;
#8727=ORIENTED_EDGE('',*,*,#5599,.F.) ;
#8728=ORIENTED_EDGE('',*,*,#8699,.F.) ;
#8749=ORIENTED_EDGE('',*,*,#3320,.F.) ;
#8750=ORIENTED_EDGE('',*,*,#8747,.T.) ;
#8751=ORIENTED_EDGE('',*,*,#5606,.F.) ;
#8752=ORIENTED_EDGE('',*,*,#8723,.F.) ;
#8773=ORIENTED_EDGE('',*,*,#3313,.F.) ;
#8774=ORIENTED_EDGE('',*,*,#8771,.T.) ;
#8775=ORIENTED_EDGE('',*,*,#5613,.F.) ;
#8776=ORIENTED_EDGE('',*,*,#8747,.F.) ;
#8797=ORIENTED_EDGE('',*,*,#3306,.F.) ;
#8798=ORIENTED_EDGE('',*,*,#8795,.T.) ;
#8799=ORIENTED_EDGE('',*,*,#5620,.F.) ;
#8800=ORIENTED_EDGE('',*,*,#8771,.F.) ;
#8821=ORIENTED_EDGE('',*,*,#3299,.F.) ;
#8822=ORIENTED_EDGE('',*,*,#8819,.T.) ;
#8823=ORIENTED_EDGE('',*,*,#5627,.F.) ;
#8824=ORIENTED_EDGE('',*,*,#8795,.F.) ;
#8845=ORIENTED_EDGE('',*,*,#3292,.F.) ;
#8846=ORIENTED_EDGE('',*,*,#8843,.T.) ;
#8847=ORIENTED_EDGE('',*,*,#5634,.F.) ;
#8848=ORIENTED_EDGE('',*,*,#8819,.F.) ;
#8869=ORIENTED_EDGE('',*,*,#3285,.F.) ;
#8870=ORIENTED_EDGE('',*,*,#8867,.T.) ;
#8871=ORIENTED_EDGE('',*,*,#5641,.F.) ;
#8872=ORIENTED_EDGE('',*,*,#8843,.F.) ;
#8893=ORIENTED_EDGE('',*,*,#3278,.F.) ;
#8894=ORIENTED_EDGE('',*,*,#8891,.T.) ;
#8895=ORIENTED_EDGE('',*,*,#5648,.F.) ;
#8896=ORIENTED_EDGE('',*,*,#8867,.F.) ;
#8917=ORIENTED_EDGE('',*,*,#3271,.F.) ;
#8918=ORIENTED_EDGE('',*,*,#8915,.T.) ;
#8919=ORIENTED_EDGE('',*,*,#5655,.F.) ;
#8920=ORIENTED_EDGE('',*,*,#8891,.F.) ;
#8941=ORIENTED_EDGE('',*,*,#3264,.F.) ;
#8942=ORIENTED_EDGE('',*,*,#8939,.T.) ;
#8943=ORIENTED_EDGE('',*,*,#5662,.F.) ;
#8944=ORIENTED_EDGE('',*,*,#8915,.F.) ;
#8965=ORIENTED_EDGE('',*,*,#3257,.F.) ;
#8966=ORIENTED_EDGE('',*,*,#8963,.T.) ;
#8967=ORIENTED_EDGE('',*,*,#5669,.F.) ;
#8968=ORIENTED_EDGE('',*,*,#8939,.F.) ;
#8989=ORIENTED_EDGE('',*,*,#3250,.F.) ;
#8990=ORIENTED_EDGE('',*,*,#8987,.T.) ;
#8991=ORIENTED_EDGE('',*,*,#5676,.F.) ;
#8992=ORIENTED_EDGE('',*,*,#8963,.F.) ;
#9013=ORIENTED_EDGE('',*,*,#3243,.F.) ;
#9014=ORIENTED_EDGE('',*,*,#9011,.T.) ;
#9015=ORIENTED_EDGE('',*,*,#5683,.F.) ;
#9016=ORIENTED_EDGE('',*,*,#8987,.F.) ;
#9037=ORIENTED_EDGE('',*,*,#3236,.F.) ;
#9038=ORIENTED_EDGE('',*,*,#9035,.T.) ;
#9039=ORIENTED_EDGE('',*,*,#5690,.F.) ;
#9040=ORIENTED_EDGE('',*,*,#9011,.F.) ;
#9061=ORIENTED_EDGE('',*,*,#3229,.F.) ;
#9062=ORIENTED_EDGE('',*,*,#9059,.T.) ;
#9063=ORIENTED_EDGE('',*,*,#5697,.F.) ;
#9064=ORIENTED_EDGE('',*,*,#9035,.F.) ;
#9085=ORIENTED_EDGE('',*,*,#3222,.F.) ;
#9086=ORIENTED_EDGE('',*,*,#9083,.T.) ;
#9087=ORIENTED_EDGE('',*,*,#5704,.F.) ;
#9088=ORIENTED_EDGE('',*,*,#9059,.F.) ;
#9109=ORIENTED_EDGE('',*,*,#3215,.F.) ;
#9110=ORIENTED_EDGE('',*,*,#9107,.T.) ;
#9111=ORIENTED_EDGE('',*,*,#5711,.F.) ;
#9112=ORIENTED_EDGE('',*,*,#9083,.F.) ;
#9133=ORIENTED_EDGE('',*,*,#3208,.F.) ;
#9134=ORIENTED_EDGE('',*,*,#9131,.T.) ;
#9135=ORIENTED_EDGE('',*,*,#5718,.F.) ;
#9136=ORIENTED_EDGE('',*,*,#9107,.F.) ;
#9152=ORIENTED_EDGE('',*,*,#4165,.F.) ;
#9153=ORIENTED_EDGE('',*,*,#5887,.T.) ;
#9154=ORIENTED_EDGE('',*,*,#5723,.F.) ;
#9155=ORIENTED_EDGE('',*,*,#9131,.F.) ;
#9992=ORIENTED_EDGE('',*,*,#9173,.T.) ;
#9993=ORIENTED_EDGE('',*,*,#9180,.T.) ;
#9994=ORIENTED_EDGE('',*,*,#9187,.T.) ;
#9995=ORIENTED_EDGE('',*,*,#9194,.T.) ;
#9996=ORIENTED_EDGE('',*,*,#9201,.T.) ;
#9997=ORIENTED_EDGE('',*,*,#9208,.T.) ;
#9998=ORIENTED_EDGE('',*,*,#9215,.T.) ;
#9999=ORIENTED_EDGE('',*,*,#9222,.T.) ;
#10000=ORIENTED_EDGE('',*,*,#9229,.T.) ;
#10001=ORIENTED_EDGE('',*,*,#9236,.T.) ;
#10002=ORIENTED_EDGE('',*,*,#9243,.T.) ;
#10003=ORIENTED_EDGE('',*,*,#9250,.T.) ;
#10004=ORIENTED_EDGE('',*,*,#9257,.T.) ;
#10005=ORIENTED_EDGE('',*,*,#9264,.T.) ;
#10006=ORIENTED_EDGE('',*,*,#9271,.T.) ;
#10007=ORIENTED_EDGE('',*,*,#9278,.T.) ;
#10008=ORIENTED_EDGE('',*,*,#9285,.T.) ;
#10009=ORIENTED_EDGE('',*,*,#9292,.T.) ;
#10010=ORIENTED_EDGE('',*,*,#9299,.T.) ;
#10011=ORIENTED_EDGE('',*,*,#9306,.T.) ;
#10012=ORIENTED_EDGE('',*,*,#9313,.T.) ;
#10013=ORIENTED_EDGE('',*,*,#9320,.T.) ;
#10014=ORIENTED_EDGE('',*,*,#9327,.T.) ;
#10015=ORIENTED_EDGE('',*,*,#9334,.T.) ;
#10016=ORIENTED_EDGE('',*,*,#9341,.T.) ;
#10017=ORIENTED_EDGE('',*,*,#9348,.T.) ;
#10018=ORIENTED_EDGE('',*,*,#9355,.T.) ;
#10019=ORIENTED_EDGE('',*,*,#9362,.T.) ;
#10020=ORIENTED_EDGE('',*,*,#9369,.T.) ;
#10021=ORIENTED_EDGE('',*,*,#9376,.T.) ;
#10022=ORIENTED_EDGE('',*,*,#9383,.T.) ;
#10023=ORIENTED_EDGE('',*,*,#9390,.T.) ;
#10024=ORIENTED_EDGE('',*,*,#9397,.T.) ;
#10025=ORIENTED_EDGE('',*,*,#9404,.T.) ;
#10026=ORIENTED_EDGE('',*,*,#9411,.T.) ;
#10027=ORIENTED_EDGE('',*,*,#9418,.T.) ;
#10028=ORIENTED_EDGE('',*,*,#9425,.T.) ;
#10029=ORIENTED_EDGE('',*,*,#9432,.T.) ;
#10030=ORIENTED_EDGE('',*,*,#9439,.T.) ;
#10031=ORIENTED_EDGE('',*,*,#9446,.T.) ;
#10032=ORIENTED_EDGE('',*,*,#9453,.T.) ;
#10033=ORIENTED_EDGE('',*,*,#9460,.T.) ;
#10034=ORIENTED_EDGE('',*,*,#9467,.T.) ;
#10035=ORIENTED_EDGE('',*,*,#9474,.T.) ;
#10036=ORIENTED_EDGE('',*,*,#9481,.T.) ;
#10037=ORIENTED_EDGE('',*,*,#9488,.T.) ;
#10038=ORIENTED_EDGE('',*,*,#9495,.T.) ;
#10039=ORIENTED_EDGE('',*,*,#9502,.T.) ;
#10040=ORIENTED_EDGE('',*,*,#9509,.T.) ;
#10041=ORIENTED_EDGE('',*,*,#9516,.T.) ;
#10042=ORIENTED_EDGE('',*,*,#9523,.T.) ;
#10043=ORIENTED_EDGE('',*,*,#9530,.T.) ;
#10044=ORIENTED_EDGE('',*,*,#9537,.T.) ;
#10045=ORIENTED_EDGE('',*,*,#9544,.T.) ;
#10046=ORIENTED_EDGE('',*,*,#9551,.T.) ;
#10047=ORIENTED_EDGE('',*,*,#9558,.T.) ;
#10048=ORIENTED_EDGE('',*,*,#9565,.T.) ;
#10049=ORIENTED_EDGE('',*,*,#9572,.T.) ;
#10050=ORIENTED_EDGE('',*,*,#9579,.T.) ;
#10051=ORIENTED_EDGE('',*,*,#9586,.T.) ;
#10052=ORIENTED_EDGE('',*,*,#9593,.T.) ;
#10053=ORIENTED_EDGE('',*,*,#9600,.T.) ;
#10054=ORIENTED_EDGE('',*,*,#9607,.T.) ;
#10055=ORIENTED_EDGE('',*,*,#9614,.T.) ;
#10056=ORIENTED_EDGE('',*,*,#9621,.T.) ;
#10057=ORIENTED_EDGE('',*,*,#9628,.T.) ;
#10058=ORIENTED_EDGE('',*,*,#9635,.T.) ;
#10059=ORIENTED_EDGE('',*,*,#9642,.T.) ;
#10060=ORIENTED_EDGE('',*,*,#9649,.T.) ;
#10061=ORIENTED_EDGE('',*,*,#9656,.T.) ;
#10062=ORIENTED_EDGE('',*,*,#9663,.T.) ;
#10063=ORIENTED_EDGE('',*,*,#9670,.T.) ;
#10064=ORIENTED_EDGE('',*,*,#9677,.T.) ;
#10065=ORIENTED_EDGE('',*,*,#9684,.T.) ;
#10066=ORIENTED_EDGE('',*,*,#9691,.T.) ;
#10067=ORIENTED_EDGE('',*,*,#9698,.T.) ;
#10068=ORIENTED_EDGE('',*,*,#9705,.T.) ;
#10069=ORIENTED_EDGE('',*,*,#9712,.T.) ;
#10070=ORIENTED_EDGE('',*,*,#9719,.T.) ;
#10071=ORIENTED_EDGE('',*,*,#9726,.T.) ;
#10072=ORIENTED_EDGE('',*,*,#9733,.T.) ;
#10073=ORIENTED_EDGE('',*,*,#9740,.T.) ;
#10074=ORIENTED_EDGE('',*,*,#9747,.T.) ;
#10075=ORIENTED_EDGE('',*,*,#9754,.T.) ;
#10076=ORIENTED_EDGE('',*,*,#9761,.T.) ;
#10077=ORIENTED_EDGE('',*,*,#9768,.T.) ;
#10078=ORIENTED_EDGE('',*,*,#9775,.T.) ;
#10079=ORIENTED_EDGE('',*,*,#9782,.T.) ;
#10080=ORIENTED_EDGE('',*,*,#9789,.T.) ;
#10081=ORIENTED_EDGE('',*,*,#9796,.T.) ;
#10082=ORIENTED_EDGE('',*,*,#9803,.T.) ;
#10083=ORIENTED_EDGE('',*,*,#9810,.T.) ;
#10084=ORIENTED_EDGE('',*,*,#9817,.T.) ;
#10085=ORIENTED_EDGE('',*,*,#9824,.T.) ;
#10086=ORIENTED_EDGE('',*,*,#9831,.T.) ;
#10087=ORIENTED_EDGE('',*,*,#9838,.T.) ;
#10088=ORIENTED_EDGE('',*,*,#9845,.T.) ;
#10089=ORIENTED_EDGE('',*,*,#9852,.T.) ;
#10090=ORIENTED_EDGE('',*,*,#9859,.T.) ;
#10091=ORIENTED_EDGE('',*,*,#9866,.T.) ;
#10092=ORIENTED_EDGE('',*,*,#9873,.T.) ;
#10093=ORIENTED_EDGE('',*,*,#9880,.T.) ;
#10094=ORIENTED_EDGE('',*,*,#9887,.T.) ;
#10095=ORIENTED_EDGE('',*,*,#9894,.T.) ;
#10096=ORIENTED_EDGE('',*,*,#9901,.T.) ;
#10097=ORIENTED_EDGE('',*,*,#9908,.T.) ;
#10098=ORIENTED_EDGE('',*,*,#9915,.T.) ;
#10099=ORIENTED_EDGE('',*,*,#9922,.T.) ;
#10100=ORIENTED_EDGE('',*,*,#9929,.T.) ;
#10101=ORIENTED_EDGE('',*,*,#9936,.T.) ;
#10102=ORIENTED_EDGE('',*,*,#9943,.T.) ;
#10103=ORIENTED_EDGE('',*,*,#9950,.T.) ;
#10104=ORIENTED_EDGE('',*,*,#9957,.T.) ;
#10105=ORIENTED_EDGE('',*,*,#9964,.T.) ;
#10106=ORIENTED_EDGE('',*,*,#9971,.T.) ;
#10107=ORIENTED_EDGE('',*,*,#9978,.T.) ;
#10108=ORIENTED_EDGE('',*,*,#9985,.T.) ;
#10109=ORIENTED_EDGE('',*,*,#9990,.T.) ;
#10135=ORIENTED_EDGE('',*,*,#2622,.F.) ;
#10136=ORIENTED_EDGE('',*,*,#10128,.T.) ;
#10137=ORIENTED_EDGE('',*,*,#9173,.F.) ;
#10138=ORIENTED_EDGE('',*,*,#10133,.F.) ;
#10159=ORIENTED_EDGE('',*,*,#2615,.F.) ;
#10160=ORIENTED_EDGE('',*,*,#10157,.T.) ;
#10161=ORIENTED_EDGE('',*,*,#9180,.F.) ;
#10162=ORIENTED_EDGE('',*,*,#10128,.F.) ;
#10183=ORIENTED_EDGE('',*,*,#2608,.F.) ;
#10184=ORIENTED_EDGE('',*,*,#10181,.T.) ;
#10185=ORIENTED_EDGE('',*,*,#9187,.F.) ;
#10186=ORIENTED_EDGE('',*,*,#10157,.F.) ;
#10207=ORIENTED_EDGE('',*,*,#2601,.F.) ;
#10208=ORIENTED_EDGE('',*,*,#10205,.T.) ;
#10209=ORIENTED_EDGE('',*,*,#9194,.F.) ;
#10210=ORIENTED_EDGE('',*,*,#10181,.F.) ;
#10231=ORIENTED_EDGE('',*,*,#2594,.F.) ;
#10232=ORIENTED_EDGE('',*,*,#10229,.T.) ;
#10233=ORIENTED_EDGE('',*,*,#9201,.F.) ;
#10234=ORIENTED_EDGE('',*,*,#10205,.F.) ;
#10255=ORIENTED_EDGE('',*,*,#2587,.F.) ;
#10256=ORIENTED_EDGE('',*,*,#10253,.T.) ;
#10257=ORIENTED_EDGE('',*,*,#9208,.F.) ;
#10258=ORIENTED_EDGE('',*,*,#10229,.F.) ;
#10279=ORIENTED_EDGE('',*,*,#2580,.F.) ;
#10280=ORIENTED_EDGE('',*,*,#10277,.T.) ;
#10281=ORIENTED_EDGE('',*,*,#9215,.F.) ;
#10282=ORIENTED_EDGE('',*,*,#10253,.F.) ;
#10303=ORIENTED_EDGE('',*,*,#2573,.F.) ;
#10304=ORIENTED_EDGE('',*,*,#10301,.T.) ;
#10305=ORIENTED_EDGE('',*,*,#9222,.F.) ;
#10306=ORIENTED_EDGE('',*,*,#10277,.F.) ;
#10327=ORIENTED_EDGE('',*,*,#2566,.F.) ;
#10328=ORIENTED_EDGE('',*,*,#10325,.T.) ;
#10329=ORIENTED_EDGE('',*,*,#9229,.F.) ;
#10330=ORIENTED_EDGE('',*,*,#10301,.F.) ;
#10351=ORIENTED_EDGE('',*,*,#2559,.F.) ;
#10352=ORIENTED_EDGE('',*,*,#10349,.T.) ;
#10353=ORIENTED_EDGE('',*,*,#9236,.F.) ;
#10354=ORIENTED_EDGE('',*,*,#10325,.F.) ;
#10375=ORIENTED_EDGE('',*,*,#2552,.F.) ;
#10376=ORIENTED_EDGE('',*,*,#10373,.T.) ;
#10377=ORIENTED_EDGE('',*,*,#9243,.F.) ;
#10378=ORIENTED_EDGE('',*,*,#10349,.F.) ;
#10399=ORIENTED_EDGE('',*,*,#2545,.F.) ;
#10400=ORIENTED_EDGE('',*,*,#10397,.T.) ;
#10401=ORIENTED_EDGE('',*,*,#9250,.F.) ;
#10402=ORIENTED_EDGE('',*,*,#10373,.F.) ;
#10423=ORIENTED_EDGE('',*,*,#2538,.F.) ;
#10424=ORIENTED_EDGE('',*,*,#10421,.T.) ;
#10425=ORIENTED_EDGE('',*,*,#9257,.F.) ;
#10426=ORIENTED_EDGE('',*,*,#10397,.F.) ;
#10447=ORIENTED_EDGE('',*,*,#2531,.F.) ;
#10448=ORIENTED_EDGE('',*,*,#10445,.T.) ;
#10449=ORIENTED_EDGE('',*,*,#9264,.F.) ;
#10450=ORIENTED_EDGE('',*,*,#10421,.F.) ;
#10471=ORIENTED_EDGE('',*,*,#2524,.F.) ;
#10472=ORIENTED_EDGE('',*,*,#10469,.T.) ;
#10473=ORIENTED_EDGE('',*,*,#9271,.F.) ;
#10474=ORIENTED_EDGE('',*,*,#10445,.F.) ;
#10495=ORIENTED_EDGE('',*,*,#2517,.F.) ;
#10496=ORIENTED_EDGE('',*,*,#10493,.T.) ;
#10497=ORIENTED_EDGE('',*,*,#9278,.F.) ;
#10498=ORIENTED_EDGE('',*,*,#10469,.F.) ;
#10519=ORIENTED_EDGE('',*,*,#2510,.F.) ;
#10520=ORIENTED_EDGE('',*,*,#10517,.T.) ;
#10521=ORIENTED_EDGE('',*,*,#9285,.F.) ;
#10522=ORIENTED_EDGE('',*,*,#10493,.F.) ;
#10543=ORIENTED_EDGE('',*,*,#2503,.F.) ;
#10544=ORIENTED_EDGE('',*,*,#10541,.T.) ;
#10545=ORIENTED_EDGE('',*,*,#9292,.F.) ;
#10546=ORIENTED_EDGE('',*,*,#10517,.F.) ;
#10567=ORIENTED_EDGE('',*,*,#2496,.F.) ;
#10568=ORIENTED_EDGE('',*,*,#10565,.T.) ;
#10569=ORIENTED_EDGE('',*,*,#9299,.F.) ;
#10570=ORIENTED_EDGE('',*,*,#10541,.F.) ;
#10591=ORIENTED_EDGE('',*,*,#2489,.F.) ;
#10592=ORIENTED_EDGE('',*,*,#10589,.T.) ;
#10593=ORIENTED_EDGE('',*,*,#9306,.F.) ;
#10594=ORIENTED_EDGE('',*,*,#10565,.F.) ;
#10615=ORIENTED_EDGE('',*,*,#2482,.F.) ;
#10616=ORIENTED_EDGE('',*,*,#10613,.T.) ;
#10617=ORIENTED_EDGE('',*,*,#9313,.F.) ;
#10618=ORIENTED_EDGE('',*,*,#10589,.F.) ;
#10639=ORIENTED_EDGE('',*,*,#2475,.F.) ;
#10640=ORIENTED_EDGE('',*,*,#10637,.T.) ;
#10641=ORIENTED_EDGE('',*,*,#9320,.F.) ;
#10642=ORIENTED_EDGE('',*,*,#10613,.F.) ;
#10663=ORIENTED_EDGE('',*,*,#2468,.F.) ;
#10664=ORIENTED_EDGE('',*,*,#10661,.T.) ;
#10665=ORIENTED_EDGE('',*,*,#9327,.F.) ;
#10666=ORIENTED_EDGE('',*,*,#10637,.F.) ;
#10687=ORIENTED_EDGE('',*,*,#2461,.F.) ;
#10688=ORIENTED_EDGE('',*,*,#10685,.T.) ;
#10689=ORIENTED_EDGE('',*,*,#9334,.F.) ;
#10690=ORIENTED_EDGE('',*,*,#10661,.F.) ;
#10711=ORIENTED_EDGE('',*,*,#2454,.F.) ;
#10712=ORIENTED_EDGE('',*,*,#10709,.T.) ;
#10713=ORIENTED_EDGE('',*,*,#9341,.F.) ;
#10714=ORIENTED_EDGE('',*,*,#10685,.F.) ;
#10735=ORIENTED_EDGE('',*,*,#2447,.F.) ;
#10736=ORIENTED_EDGE('',*,*,#10733,.T.) ;
#10737=ORIENTED_EDGE('',*,*,#9348,.F.) ;
#10738=ORIENTED_EDGE('',*,*,#10709,.F.) ;
#10759=ORIENTED_EDGE('',*,*,#2440,.F.) ;
#10760=ORIENTED_EDGE('',*,*,#10757,.T.) ;
#10761=ORIENTED_EDGE('',*,*,#9355,.F.) ;
#10762=ORIENTED_EDGE('',*,*,#10733,.F.) ;
#10783=ORIENTED_EDGE('',*,*,#2433,.F.) ;
#10784=ORIENTED_EDGE('',*,*,#10781,.T.) ;
#10785=ORIENTED_EDGE('',*,*,#9362,.F.) ;
#10786=ORIENTED_EDGE('',*,*,#10757,.F.) ;
#10807=ORIENTED_EDGE('',*,*,#2426,.F.) ;
#10808=ORIENTED_EDGE('',*,*,#10805,.T.) ;
#10809=ORIENTED_EDGE('',*,*,#9369,.F.) ;
#10810=ORIENTED_EDGE('',*,*,#10781,.F.) ;
#10831=ORIENTED_EDGE('',*,*,#2419,.F.) ;
#10832=ORIENTED_EDGE('',*,*,#10829,.T.) ;
#10833=ORIENTED_EDGE('',*,*,#9376,.F.) ;
#10834=ORIENTED_EDGE('',*,*,#10805,.F.) ;
#10855=ORIENTED_EDGE('',*,*,#2412,.F.) ;
#10856=ORIENTED_EDGE('',*,*,#10853,.T.) ;
#10857=ORIENTED_EDGE('',*,*,#9383,.F.) ;
#10858=ORIENTED_EDGE('',*,*,#10829,.F.) ;
#10879=ORIENTED_EDGE('',*,*,#2405,.F.) ;
#10880=ORIENTED_EDGE('',*,*,#10877,.T.) ;
#10881=ORIENTED_EDGE('',*,*,#9390,.F.) ;
#10882=ORIENTED_EDGE('',*,*,#10853,.F.) ;
#10903=ORIENTED_EDGE('',*,*,#2398,.F.) ;
#10904=ORIENTED_EDGE('',*,*,#10901,.T.) ;
#10905=ORIENTED_EDGE('',*,*,#9397,.F.) ;
#10906=ORIENTED_EDGE('',*,*,#10877,.F.) ;
#10927=ORIENTED_EDGE('',*,*,#2391,.F.) ;
#10928=ORIENTED_EDGE('',*,*,#10925,.T.) ;
#10929=ORIENTED_EDGE('',*,*,#9404,.F.) ;
#10930=ORIENTED_EDGE('',*,*,#10901,.F.) ;
#10951=ORIENTED_EDGE('',*,*,#2384,.F.) ;
#10952=ORIENTED_EDGE('',*,*,#10949,.T.) ;
#10953=ORIENTED_EDGE('',*,*,#9411,.F.) ;
#10954=ORIENTED_EDGE('',*,*,#10925,.F.) ;
#10975=ORIENTED_EDGE('',*,*,#2377,.F.) ;
#10976=ORIENTED_EDGE('',*,*,#10973,.T.) ;
#10977=ORIENTED_EDGE('',*,*,#9418,.F.) ;
#10978=ORIENTED_EDGE('',*,*,#10949,.F.) ;
#10999=ORIENTED_EDGE('',*,*,#2370,.F.) ;
#11000=ORIENTED_EDGE('',*,*,#10997,.T.) ;
#11001=ORIENTED_EDGE('',*,*,#9425,.F.) ;
#11002=ORIENTED_EDGE('',*,*,#10973,.F.) ;
#11023=ORIENTED_EDGE('',*,*,#2363,.F.) ;
#11024=ORIENTED_EDGE('',*,*,#11021,.T.) ;
#11025=ORIENTED_EDGE('',*,*,#9432,.F.) ;
#11026=ORIENTED_EDGE('',*,*,#10997,.F.) ;
#11047=ORIENTED_EDGE('',*,*,#2356,.F.) ;
#11048=ORIENTED_EDGE('',*,*,#11045,.T.) ;
#11049=ORIENTED_EDGE('',*,*,#9439,.F.) ;
#11050=ORIENTED_EDGE('',*,*,#11021,.F.) ;
#11071=ORIENTED_EDGE('',*,*,#2349,.F.) ;
#11072=ORIENTED_EDGE('',*,*,#11069,.T.) ;
#11073=ORIENTED_EDGE('',*,*,#9446,.F.) ;
#11074=ORIENTED_EDGE('',*,*,#11045,.F.) ;
#11095=ORIENTED_EDGE('',*,*,#2342,.F.) ;
#11096=ORIENTED_EDGE('',*,*,#11093,.T.) ;
#11097=ORIENTED_EDGE('',*,*,#9453,.F.) ;
#11098=ORIENTED_EDGE('',*,*,#11069,.F.) ;
#11119=ORIENTED_EDGE('',*,*,#2335,.F.) ;
#11120=ORIENTED_EDGE('',*,*,#11117,.T.) ;
#11121=ORIENTED_EDGE('',*,*,#9460,.F.) ;
#11122=ORIENTED_EDGE('',*,*,#11093,.F.) ;
#11143=ORIENTED_EDGE('',*,*,#2328,.F.) ;
#11144=ORIENTED_EDGE('',*,*,#11141,.T.) ;
#11145=ORIENTED_EDGE('',*,*,#9467,.F.) ;
#11146=ORIENTED_EDGE('',*,*,#11117,.F.) ;
#11167=ORIENTED_EDGE('',*,*,#2321,.F.) ;
#11168=ORIENTED_EDGE('',*,*,#11165,.T.) ;
#11169=ORIENTED_EDGE('',*,*,#9474,.F.) ;
#11170=ORIENTED_EDGE('',*,*,#11141,.F.) ;
#11191=ORIENTED_EDGE('',*,*,#2314,.F.) ;
#11192=ORIENTED_EDGE('',*,*,#11189,.T.) ;
#11193=ORIENTED_EDGE('',*,*,#9481,.F.) ;
#11194=ORIENTED_EDGE('',*,*,#11165,.F.) ;
#11215=ORIENTED_EDGE('',*,*,#2307,.F.) ;
#11216=ORIENTED_EDGE('',*,*,#11213,.T.) ;
#11217=ORIENTED_EDGE('',*,*,#9488,.F.) ;
#11218=ORIENTED_EDGE('',*,*,#11189,.F.) ;
#11239=ORIENTED_EDGE('',*,*,#2300,.F.) ;
#11240=ORIENTED_EDGE('',*,*,#11237,.T.) ;
#11241=ORIENTED_EDGE('',*,*,#9495,.F.) ;
#11242=ORIENTED_EDGE('',*,*,#11213,.F.) ;
#11263=ORIENTED_EDGE('',*,*,#2293,.F.) ;
#11264=ORIENTED_EDGE('',*,*,#11261,.T.) ;
#11265=ORIENTED_EDGE('',*,*,#9502,.F.) ;
#11266=ORIENTED_EDGE('',*,*,#11237,.F.) ;
#11287=ORIENTED_EDGE('',*,*,#2286,.F.) ;
#11288=ORIENTED_EDGE('',*,*,#11285,.T.) ;
#11289=ORIENTED_EDGE('',*,*,#9509,.F.) ;
#11290=ORIENTED_EDGE('',*,*,#11261,.F.) ;
#11311=ORIENTED_EDGE('',*,*,#2279,.F.) ;
#11312=ORIENTED_EDGE('',*,*,#11309,.T.) ;
#11313=ORIENTED_EDGE('',*,*,#9516,.F.) ;
#11314=ORIENTED_EDGE('',*,*,#11285,.F.) ;
#11335=ORIENTED_EDGE('',*,*,#2272,.F.) ;
#11336=ORIENTED_EDGE('',*,*,#11333,.T.) ;
#11337=ORIENTED_EDGE('',*,*,#9523,.F.) ;
#11338=ORIENTED_EDGE('',*,*,#11309,.F.) ;
#11359=ORIENTED_EDGE('',*,*,#2265,.F.) ;
#11360=ORIENTED_EDGE('',*,*,#11357,.T.) ;
#11361=ORIENTED_EDGE('',*,*,#9530,.F.) ;
#11362=ORIENTED_EDGE('',*,*,#11333,.F.) ;
#11383=ORIENTED_EDGE('',*,*,#2258,.F.) ;
#11384=ORIENTED_EDGE('',*,*,#11381,.T.) ;
#11385=ORIENTED_EDGE('',*,*,#9537,.F.) ;
#11386=ORIENTED_EDGE('',*,*,#11357,.F.) ;
#11407=ORIENTED_EDGE('',*,*,#2251,.F.) ;
#11408=ORIENTED_EDGE('',*,*,#11405,.T.) ;
#11409=ORIENTED_EDGE('',*,*,#9544,.F.) ;
#11410=ORIENTED_EDGE('',*,*,#11381,.F.) ;
#11431=ORIENTED_EDGE('',*,*,#2244,.F.) ;
#11432=ORIENTED_EDGE('',*,*,#11429,.T.) ;
#11433=ORIENTED_EDGE('',*,*,#9551,.F.) ;
#11434=ORIENTED_EDGE('',*,*,#11405,.F.) ;
#11455=ORIENTED_EDGE('',*,*,#2237,.F.) ;
#11456=ORIENTED_EDGE('',*,*,#11453,.T.) ;
#11457=ORIENTED_EDGE('',*,*,#9558,.F.) ;
#11458=ORIENTED_EDGE('',*,*,#11429,.F.) ;
#11479=ORIENTED_EDGE('',*,*,#2230,.F.) ;
#11480=ORIENTED_EDGE('',*,*,#11477,.T.) ;
#11481=ORIENTED_EDGE('',*,*,#9565,.F.) ;
#11482=ORIENTED_EDGE('',*,*,#11453,.F.) ;
#11503=ORIENTED_EDGE('',*,*,#2223,.F.) ;
#11504=ORIENTED_EDGE('',*,*,#11501,.T.) ;
#11505=ORIENTED_EDGE('',*,*,#9572,.F.) ;
#11506=ORIENTED_EDGE('',*,*,#11477,.F.) ;
#11527=ORIENTED_EDGE('',*,*,#2216,.F.) ;
#11528=ORIENTED_EDGE('',*,*,#11525,.T.) ;
#11529=ORIENTED_EDGE('',*,*,#9579,.F.) ;
#11530=ORIENTED_EDGE('',*,*,#11501,.F.) ;
#11551=ORIENTED_EDGE('',*,*,#2209,.F.) ;
#11552=ORIENTED_EDGE('',*,*,#11549,.T.) ;
#11553=ORIENTED_EDGE('',*,*,#9586,.F.) ;
#11554=ORIENTED_EDGE('',*,*,#11525,.F.) ;
#11575=ORIENTED_EDGE('',*,*,#2202,.F.) ;
#11576=ORIENTED_EDGE('',*,*,#11573,.T.) ;
#11577=ORIENTED_EDGE('',*,*,#9593,.F.) ;
#11578=ORIENTED_EDGE('',*,*,#11549,.F.) ;
#11599=ORIENTED_EDGE('',*,*,#2195,.F.) ;
#11600=ORIENTED_EDGE('',*,*,#11597,.T.) ;
#11601=ORIENTED_EDGE('',*,*,#9600,.F.) ;
#11602=ORIENTED_EDGE('',*,*,#11573,.F.) ;
#11623=ORIENTED_EDGE('',*,*,#2188,.F.) ;
#11624=ORIENTED_EDGE('',*,*,#11621,.T.) ;
#11625=ORIENTED_EDGE('',*,*,#9607,.F.) ;
#11626=ORIENTED_EDGE('',*,*,#11597,.F.) ;
#11647=ORIENTED_EDGE('',*,*,#2181,.F.) ;
#11648=ORIENTED_EDGE('',*,*,#11645,.T.) ;
#11649=ORIENTED_EDGE('',*,*,#9614,.F.) ;
#11650=ORIENTED_EDGE('',*,*,#11621,.F.) ;
#11671=ORIENTED_EDGE('',*,*,#2174,.F.) ;
#11672=ORIENTED_EDGE('',*,*,#11669,.T.) ;
#11673=ORIENTED_EDGE('',*,*,#9621,.F.) ;
#11674=ORIENTED_EDGE('',*,*,#11645,.F.) ;
#11695=ORIENTED_EDGE('',*,*,#2167,.F.) ;
#11696=ORIENTED_EDGE('',*,*,#11693,.T.) ;
#11697=ORIENTED_EDGE('',*,*,#9628,.F.) ;
#11698=ORIENTED_EDGE('',*,*,#11669,.F.) ;
#11719=ORIENTED_EDGE('',*,*,#2160,.F.) ;
#11720=ORIENTED_EDGE('',*,*,#11717,.T.) ;
#11721=ORIENTED_EDGE('',*,*,#9635,.F.) ;
#11722=ORIENTED_EDGE('',*,*,#11693,.F.) ;
#11743=ORIENTED_EDGE('',*,*,#2153,.F.) ;
#11744=ORIENTED_EDGE('',*,*,#11741,.T.) ;
#11745=ORIENTED_EDGE('',*,*,#9642,.F.) ;
#11746=ORIENTED_EDGE('',*,*,#11717,.F.) ;
#11767=ORIENTED_EDGE('',*,*,#2146,.F.) ;
#11768=ORIENTED_EDGE('',*,*,#11765,.T.) ;
#11769=ORIENTED_EDGE('',*,*,#9649,.F.) ;
#11770=ORIENTED_EDGE('',*,*,#11741,.F.) ;
#11791=ORIENTED_EDGE('',*,*,#2139,.F.) ;
#11792=ORIENTED_EDGE('',*,*,#11789,.T.) ;
#11793=ORIENTED_EDGE('',*,*,#9656,.F.) ;
#11794=ORIENTED_EDGE('',*,*,#11765,.F.) ;
#11815=ORIENTED_EDGE('',*,*,#2132,.F.) ;
#11816=ORIENTED_EDGE('',*,*,#11813,.T.) ;
#11817=ORIENTED_EDGE('',*,*,#9663,.F.) ;
#11818=ORIENTED_EDGE('',*,*,#11789,.F.) ;
#11839=ORIENTED_EDGE('',*,*,#2125,.F.) ;
#11840=ORIENTED_EDGE('',*,*,#11837,.T.) ;
#11841=ORIENTED_EDGE('',*,*,#9670,.F.) ;
#11842=ORIENTED_EDGE('',*,*,#11813,.F.) ;
#11863=ORIENTED_EDGE('',*,*,#2118,.F.) ;
#11864=ORIENTED_EDGE('',*,*,#11861,.T.) ;
#11865=ORIENTED_EDGE('',*,*,#9677,.F.) ;
#11866=ORIENTED_EDGE('',*,*,#11837,.F.) ;
#11887=ORIENTED_EDGE('',*,*,#2111,.F.) ;
#11888=ORIENTED_EDGE('',*,*,#11885,.T.) ;
#11889=ORIENTED_EDGE('',*,*,#9684,.F.) ;
#11890=ORIENTED_EDGE('',*,*,#11861,.F.) ;
#11911=ORIENTED_EDGE('',*,*,#2104,.F.) ;
#11912=ORIENTED_EDGE('',*,*,#11909,.T.) ;
#11913=ORIENTED_EDGE('',*,*,#9691,.F.) ;
#11914=ORIENTED_EDGE('',*,*,#11885,.F.) ;
#11935=ORIENTED_EDGE('',*,*,#2097,.F.) ;
#11936=ORIENTED_EDGE('',*,*,#11933,.T.) ;
#11937=ORIENTED_EDGE('',*,*,#9698,.F.) ;
#11938=ORIENTED_EDGE('',*,*,#11909,.F.) ;
#11959=ORIENTED_EDGE('',*,*,#2090,.F.) ;
#11960=ORIENTED_EDGE('',*,*,#11957,.T.) ;
#11961=ORIENTED_EDGE('',*,*,#9705,.F.) ;
#11962=ORIENTED_EDGE('',*,*,#11933,.F.) ;
#11983=ORIENTED_EDGE('',*,*,#2083,.F.) ;
#11984=ORIENTED_EDGE('',*,*,#11981,.T.) ;
#11985=ORIENTED_EDGE('',*,*,#9712,.F.) ;
#11986=ORIENTED_EDGE('',*,*,#11957,.F.) ;
#12007=ORIENTED_EDGE('',*,*,#2076,.F.) ;
#12008=ORIENTED_EDGE('',*,*,#12005,.T.) ;
#12009=ORIENTED_EDGE('',*,*,#9719,.F.) ;
#12010=ORIENTED_EDGE('',*,*,#11981,.F.) ;
#12031=ORIENTED_EDGE('',*,*,#2069,.F.) ;
#12032=ORIENTED_EDGE('',*,*,#12029,.T.) ;
#12033=ORIENTED_EDGE('',*,*,#9726,.F.) ;
#12034=ORIENTED_EDGE('',*,*,#12005,.F.) ;
#12055=ORIENTED_EDGE('',*,*,#2062,.F.) ;
#12056=ORIENTED_EDGE('',*,*,#12053,.T.) ;
#12057=ORIENTED_EDGE('',*,*,#9733,.F.) ;
#12058=ORIENTED_EDGE('',*,*,#12029,.F.) ;
#12079=ORIENTED_EDGE('',*,*,#2055,.F.) ;
#12080=ORIENTED_EDGE('',*,*,#12077,.T.) ;
#12081=ORIENTED_EDGE('',*,*,#9740,.F.) ;
#12082=ORIENTED_EDGE('',*,*,#12053,.F.) ;
#12103=ORIENTED_EDGE('',*,*,#2048,.F.) ;
#12104=ORIENTED_EDGE('',*,*,#12101,.T.) ;
#12105=ORIENTED_EDGE('',*,*,#9747,.F.) ;
#12106=ORIENTED_EDGE('',*,*,#12077,.F.) ;
#12127=ORIENTED_EDGE('',*,*,#2041,.F.) ;
#12128=ORIENTED_EDGE('',*,*,#12125,.T.) ;
#12129=ORIENTED_EDGE('',*,*,#9754,.F.) ;
#12130=ORIENTED_EDGE('',*,*,#12101,.F.) ;
#12151=ORIENTED_EDGE('',*,*,#2034,.F.) ;
#12152=ORIENTED_EDGE('',*,*,#12149,.T.) ;
#12153=ORIENTED_EDGE('',*,*,#9761,.F.) ;
#12154=ORIENTED_EDGE('',*,*,#12125,.F.) ;
#12175=ORIENTED_EDGE('',*,*,#2027,.F.) ;
#12176=ORIENTED_EDGE('',*,*,#12173,.T.) ;
#12177=ORIENTED_EDGE('',*,*,#9768,.F.) ;
#12178=ORIENTED_EDGE('',*,*,#12149,.F.) ;
#12199=ORIENTED_EDGE('',*,*,#2020,.F.) ;
#12200=ORIENTED_EDGE('',*,*,#12197,.T.) ;
#12201=ORIENTED_EDGE('',*,*,#9775,.F.) ;
#12202=ORIENTED_EDGE('',*,*,#12173,.F.) ;
#12223=ORIENTED_EDGE('',*,*,#2013,.F.) ;
#12224=ORIENTED_EDGE('',*,*,#12221,.T.) ;
#12225=ORIENTED_EDGE('',*,*,#9782,.F.) ;
#12226=ORIENTED_EDGE('',*,*,#12197,.F.) ;
#12247=ORIENTED_EDGE('',*,*,#2006,.F.) ;
#12248=ORIENTED_EDGE('',*,*,#12245,.T.) ;
#12249=ORIENTED_EDGE('',*,*,#9789,.F.) ;
#12250=ORIENTED_EDGE('',*,*,#12221,.F.) ;
#12271=ORIENTED_EDGE('',*,*,#1999,.F.) ;
#12272=ORIENTED_EDGE('',*,*,#12269,.T.) ;
#12273=ORIENTED_EDGE('',*,*,#9796,.F.) ;
#12274=ORIENTED_EDGE('',*,*,#12245,.F.) ;
#12295=ORIENTED_EDGE('',*,*,#1992,.F.) ;
#12296=ORIENTED_EDGE('',*,*,#12293,.T.) ;
#12297=ORIENTED_EDGE('',*,*,#9803,.F.) ;
#12298=ORIENTED_EDGE('',*,*,#12269,.F.) ;
#12319=ORIENTED_EDGE('',*,*,#1985,.F.) ;
#12320=ORIENTED_EDGE('',*,*,#12317,.T.) ;
#12321=ORIENTED_EDGE('',*,*,#9810,.F.) ;
#12322=ORIENTED_EDGE('',*,*,#12293,.F.) ;
#12343=ORIENTED_EDGE('',*,*,#1978,.F.) ;
#12344=ORIENTED_EDGE('',*,*,#12341,.T.) ;
#12345=ORIENTED_EDGE('',*,*,#9817,.F.) ;
#12346=ORIENTED_EDGE('',*,*,#12317,.F.) ;
#12367=ORIENTED_EDGE('',*,*,#1971,.F.) ;
#12368=ORIENTED_EDGE('',*,*,#12365,.T.) ;
#12369=ORIENTED_EDGE('',*,*,#9824,.F.) ;
#12370=ORIENTED_EDGE('',*,*,#12341,.F.) ;
#12391=ORIENTED_EDGE('',*,*,#1964,.F.) ;
#12392=ORIENTED_EDGE('',*,*,#12389,.T.) ;
#12393=ORIENTED_EDGE('',*,*,#9831,.F.) ;
#12394=ORIENTED_EDGE('',*,*,#12365,.F.) ;
#12415=ORIENTED_EDGE('',*,*,#1957,.F.) ;
#12416=ORIENTED_EDGE('',*,*,#12413,.T.) ;
#12417=ORIENTED_EDGE('',*,*,#9838,.F.) ;
#12418=ORIENTED_EDGE('',*,*,#12389,.F.) ;
#12439=ORIENTED_EDGE('',*,*,#1950,.F.) ;
#12440=ORIENTED_EDGE('',*,*,#12437,.T.) ;
#12441=ORIENTED_EDGE('',*,*,#9845,.F.) ;
#12442=ORIENTED_EDGE('',*,*,#12413,.F.) ;
#12463=ORIENTED_EDGE('',*,*,#1943,.F.) ;
#12464=ORIENTED_EDGE('',*,*,#12461,.T.) ;
#12465=ORIENTED_EDGE('',*,*,#9852,.F.) ;
#12466=ORIENTED_EDGE('',*,*,#12437,.F.) ;
#12487=ORIENTED_EDGE('',*,*,#1936,.F.) ;
#12488=ORIENTED_EDGE('',*,*,#12485,.T.) ;
#12489=ORIENTED_EDGE('',*,*,#9859,.F.) ;
#12490=ORIENTED_EDGE('',*,*,#12461,.F.) ;
#12511=ORIENTED_EDGE('',*,*,#1929,.F.) ;
#12512=ORIENTED_EDGE('',*,*,#12509,.T.) ;
#12513=ORIENTED_EDGE('',*,*,#9866,.F.) ;
#12514=ORIENTED_EDGE('',*,*,#12485,.F.) ;
#12535=ORIENTED_EDGE('',*,*,#1922,.F.) ;
#12536=ORIENTED_EDGE('',*,*,#12533,.T.) ;
#12537=ORIENTED_EDGE('',*,*,#9873,.F.) ;
#12538=ORIENTED_EDGE('',*,*,#12509,.F.) ;
#12559=ORIENTED_EDGE('',*,*,#1915,.F.) ;
#12560=ORIENTED_EDGE('',*,*,#12557,.T.) ;
#12561=ORIENTED_EDGE('',*,*,#9880,.F.) ;
#12562=ORIENTED_EDGE('',*,*,#12533,.F.) ;
#12583=ORIENTED_EDGE('',*,*,#1908,.F.) ;
#12584=ORIENTED_EDGE('',*,*,#12581,.T.) ;
#12585=ORIENTED_EDGE('',*,*,#9887,.F.) ;
#12586=ORIENTED_EDGE('',*,*,#12557,.F.) ;
#12607=ORIENTED_EDGE('',*,*,#1901,.F.) ;
#12608=ORIENTED_EDGE('',*,*,#12605,.T.) ;
#12609=ORIENTED_EDGE('',*,*,#9894,.F.) ;
#12610=ORIENTED_EDGE('',*,*,#12581,.F.) ;
#12631=ORIENTED_EDGE('',*,*,#1894,.F.) ;
#12632=ORIENTED_EDGE('',*,*,#12629,.T.) ;
#12633=ORIENTED_EDGE('',*,*,#9901,.F.) ;
#12634=ORIENTED_EDGE('',*,*,#12605,.F.) ;
#12655=ORIENTED_EDGE('',*,*,#1887,.F.) ;
#12656=ORIENTED_EDGE('',*,*,#12653,.T.) ;
#12657=ORIENTED_EDGE('',*,*,#9908,.F.) ;
#12658=ORIENTED_EDGE('',*,*,#12629,.F.) ;
#12679=ORIENTED_EDGE('',*,*,#1880,.F.) ;
#12680=ORIENTED_EDGE('',*,*,#12677,.T.) ;
#12681=ORIENTED_EDGE('',*,*,#9915,.F.) ;
#12682=ORIENTED_EDGE('',*,*,#12653,.F.) ;
#12703=ORIENTED_EDGE('',*,*,#1873,.F.) ;
#12704=ORIENTED_EDGE('',*,*,#12701,.T.) ;
#12705=ORIENTED_EDGE('',*,*,#9922,.F.) ;
#12706=ORIENTED_EDGE('',*,*,#12677,.F.) ;
#12727=ORIENTED_EDGE('',*,*,#1866,.F.) ;
#12728=ORIENTED_EDGE('',*,*,#12725,.T.) ;
#12729=ORIENTED_EDGE('',*,*,#9929,.F.) ;
#12730=ORIENTED_EDGE('',*,*,#12701,.F.) ;
#12751=ORIENTED_EDGE('',*,*,#1859,.F.) ;
#12752=ORIENTED_EDGE('',*,*,#12749,.T.) ;
#12753=ORIENTED_EDGE('',*,*,#9936,.F.) ;
#12754=ORIENTED_EDGE('',*,*,#12725,.F.) ;
#12775=ORIENTED_EDGE('',*,*,#1852,.F.) ;
#12776=ORIENTED_EDGE('',*,*,#12773,.T.) ;
#12777=ORIENTED_EDGE('',*,*,#9943,.F.) ;
#12778=ORIENTED_EDGE('',*,*,#12749,.F.) ;
#12799=ORIENTED_EDGE('',*,*,#1845,.F.) ;
#12800=ORIENTED_EDGE('',*,*,#12797,.T.) ;
#12801=ORIENTED_EDGE('',*,*,#9950,.F.) ;
#12802=ORIENTED_EDGE('',*,*,#12773,.F.) ;
#12823=ORIENTED_EDGE('',*,*,#1838,.F.) ;
#12824=ORIENTED_EDGE('',*,*,#12821,.T.) ;
#12825=ORIENTED_EDGE('',*,*,#9957,.F.) ;
#12826=ORIENTED_EDGE('',*,*,#12797,.F.) ;
#12847=ORIENTED_EDGE('',*,*,#1831,.F.) ;
#12848=ORIENTED_EDGE('',*,*,#12845,.T.) ;
#12849=ORIENTED_EDGE('',*,*,#9964,.F.) ;
#12850=ORIENTED_EDGE('',*,*,#12821,.F.) ;
#12871=ORIENTED_EDGE('',*,*,#1824,.F.) ;
#12872=ORIENTED_EDGE('',*,*,#12869,.T.) ;
#12873=ORIENTED_EDGE('',*,*,#9971,.F.) ;
#12874=ORIENTED_EDGE('',*,*,#12845,.F.) ;
#12895=ORIENTED_EDGE('',*,*,#1817,.F.) ;
#12896=ORIENTED_EDGE('',*,*,#12893,.T.) ;
#12897=ORIENTED_EDGE('',*,*,#9978,.F.) ;
#12898=ORIENTED_EDGE('',*,*,#12869,.F.) ;
#12919=ORIENTED_EDGE('',*,*,#1810,.F.) ;
#12920=ORIENTED_EDGE('',*,*,#12917,.T.) ;
#12921=ORIENTED_EDGE('',*,*,#9985,.F.) ;
#12922=ORIENTED_EDGE('',*,*,#12893,.F.) ;
#12938=ORIENTED_EDGE('',*,*,#2627,.F.) ;
#12939=ORIENTED_EDGE('',*,*,#10133,.T.) ;
#12940=ORIENTED_EDGE('',*,*,#9990,.F.) ;
#12941=ORIENTED_EDGE('',*,*,#12917,.F.) ;
#12980=ORIENTED_EDGE('',*,*,#12959,.T.) ;
#12981=ORIENTED_EDGE('',*,*,#12966,.T.) ;
#12982=ORIENTED_EDGE('',*,*,#12973,.T.) ;
#12983=ORIENTED_EDGE('',*,*,#12978,.T.) ;
#13009=ORIENTED_EDGE('',*,*,#4506,.F.) ;
#13010=ORIENTED_EDGE('',*,*,#13002,.T.) ;
#13011=ORIENTED_EDGE('',*,*,#12959,.F.) ;
#13012=ORIENTED_EDGE('',*,*,#13007,.F.) ;
#13033=ORIENTED_EDGE('',*,*,#4499,.F.) ;
#13034=ORIENTED_EDGE('',*,*,#13031,.T.) ;
#13035=ORIENTED_EDGE('',*,*,#12966,.F.) ;
#13036=ORIENTED_EDGE('',*,*,#13002,.F.) ;
#13057=ORIENTED_EDGE('',*,*,#4492,.F.) ;
#13058=ORIENTED_EDGE('',*,*,#13055,.T.) ;
#13059=ORIENTED_EDGE('',*,*,#12973,.F.) ;
#13060=ORIENTED_EDGE('',*,*,#13031,.F.) ;
#13076=ORIENTED_EDGE('',*,*,#4511,.F.) ;
#13077=ORIENTED_EDGE('',*,*,#13007,.T.) ;
#13078=ORIENTED_EDGE('',*,*,#12978,.F.) ;
#13079=ORIENTED_EDGE('',*,*,#13055,.F.) ;
#13244=ORIENTED_EDGE('',*,*,#13097,.T.) ;
#13245=ORIENTED_EDGE('',*,*,#13104,.T.) ;
#13246=ORIENTED_EDGE('',*,*,#13111,.T.) ;
#13247=ORIENTED_EDGE('',*,*,#13118,.T.) ;
#13248=ORIENTED_EDGE('',*,*,#13125,.T.) ;
#13249=ORIENTED_EDGE('',*,*,#13132,.T.) ;
#13250=ORIENTED_EDGE('',*,*,#13139,.T.) ;
#13251=ORIENTED_EDGE('',*,*,#13146,.T.) ;
#13252=ORIENTED_EDGE('',*,*,#13153,.T.) ;
#13253=ORIENTED_EDGE('',*,*,#13160,.T.) ;
#13254=ORIENTED_EDGE('',*,*,#13167,.T.) ;
#13255=ORIENTED_EDGE('',*,*,#13174,.T.) ;
#13256=ORIENTED_EDGE('',*,*,#13181,.T.) ;
#13257=ORIENTED_EDGE('',*,*,#13188,.T.) ;
#13258=ORIENTED_EDGE('',*,*,#13195,.T.) ;
#13259=ORIENTED_EDGE('',*,*,#13202,.T.) ;
#13260=ORIENTED_EDGE('',*,*,#13209,.T.) ;
#13261=ORIENTED_EDGE('',*,*,#13216,.T.) ;
#13262=ORIENTED_EDGE('',*,*,#13223,.T.) ;
#13263=ORIENTED_EDGE('',*,*,#13230,.T.) ;
#13264=ORIENTED_EDGE('',*,*,#13237,.T.) ;
#13265=ORIENTED_EDGE('',*,*,#13242,.T.) ;
#13291=ORIENTED_EDGE('',*,*,#2896,.F.) ;
#13292=ORIENTED_EDGE('',*,*,#13284,.T.) ;
#13293=ORIENTED_EDGE('',*,*,#13097,.F.) ;
#13294=ORIENTED_EDGE('',*,*,#13289,.F.) ;
#13315=ORIENTED_EDGE('',*,*,#2889,.F.) ;
#13316=ORIENTED_EDGE('',*,*,#13313,.T.) ;
#13317=ORIENTED_EDGE('',*,*,#13104,.F.) ;
#13318=ORIENTED_EDGE('',*,*,#13284,.F.) ;
#13339=ORIENTED_EDGE('',*,*,#2882,.F.) ;
#13340=ORIENTED_EDGE('',*,*,#13337,.T.) ;
#13341=ORIENTED_EDGE('',*,*,#13111,.F.) ;
#13342=ORIENTED_EDGE('',*,*,#13313,.F.) ;
#13363=ORIENTED_EDGE('',*,*,#2875,.F.) ;
#13364=ORIENTED_EDGE('',*,*,#13361,.T.) ;
#13365=ORIENTED_EDGE('',*,*,#13118,.F.) ;
#13366=ORIENTED_EDGE('',*,*,#13337,.F.) ;
#13387=ORIENTED_EDGE('',*,*,#2868,.F.) ;
#13388=ORIENTED_EDGE('',*,*,#13385,.T.) ;
#13389=ORIENTED_EDGE('',*,*,#13125,.F.) ;
#13390=ORIENTED_EDGE('',*,*,#13361,.F.) ;
#13411=ORIENTED_EDGE('',*,*,#2861,.F.) ;
#13412=ORIENTED_EDGE('',*,*,#13409,.T.) ;
#13413=ORIENTED_EDGE('',*,*,#13132,.F.) ;
#13414=ORIENTED_EDGE('',*,*,#13385,.F.) ;
#13435=ORIENTED_EDGE('',*,*,#2854,.F.) ;
#13436=ORIENTED_EDGE('',*,*,#13433,.T.) ;
#13437=ORIENTED_EDGE('',*,*,#13139,.F.) ;
#13438=ORIENTED_EDGE('',*,*,#13409,.F.) ;
#13459=ORIENTED_EDGE('',*,*,#2847,.F.) ;
#13460=ORIENTED_EDGE('',*,*,#13457,.T.) ;
#13461=ORIENTED_EDGE('',*,*,#13146,.F.) ;
#13462=ORIENTED_EDGE('',*,*,#13433,.F.) ;
#13483=ORIENTED_EDGE('',*,*,#2840,.F.) ;
#13484=ORIENTED_EDGE('',*,*,#13481,.T.) ;
#13485=ORIENTED_EDGE('',*,*,#13153,.F.) ;
#13486=ORIENTED_EDGE('',*,*,#13457,.F.) ;
#13507=ORIENTED_EDGE('',*,*,#2833,.F.) ;
#13508=ORIENTED_EDGE('',*,*,#13505,.T.) ;
#13509=ORIENTED_EDGE('',*,*,#13160,.F.) ;
#13510=ORIENTED_EDGE('',*,*,#13481,.F.) ;
#13531=ORIENTED_EDGE('',*,*,#2826,.F.) ;
#13532=ORIENTED_EDGE('',*,*,#13529,.T.) ;
#13533=ORIENTED_EDGE('',*,*,#13167,.F.) ;
#13534=ORIENTED_EDGE('',*,*,#13505,.F.) ;
#13555=ORIENTED_EDGE('',*,*,#2819,.F.) ;
#13556=ORIENTED_EDGE('',*,*,#13553,.T.) ;
#13557=ORIENTED_EDGE('',*,*,#13174,.F.) ;
#13558=ORIENTED_EDGE('',*,*,#13529,.F.) ;
#13579=ORIENTED_EDGE('',*,*,#2812,.F.) ;
#13580=ORIENTED_EDGE('',*,*,#13577,.T.) ;
#13581=ORIENTED_EDGE('',*,*,#13181,.F.) ;
#13582=ORIENTED_EDGE('',*,*,#13553,.F.) ;
#13603=ORIENTED_EDGE('',*,*,#2805,.F.) ;
#13604=ORIENTED_EDGE('',*,*,#13601,.T.) ;
#13605=ORIENTED_EDGE('',*,*,#13188,.F.) ;
#13606=ORIENTED_EDGE('',*,*,#13577,.F.) ;
#13627=ORIENTED_EDGE('',*,*,#2798,.F.) ;
#13628=ORIENTED_EDGE('',*,*,#13625,.T.) ;
#13629=ORIENTED_EDGE('',*,*,#13195,.F.) ;
#13630=ORIENTED_EDGE('',*,*,#13601,.F.) ;
#13651=ORIENTED_EDGE('',*,*,#2791,.F.) ;
#13652=ORIENTED_EDGE('',*,*,#13649,.T.) ;
#13653=ORIENTED_EDGE('',*,*,#13202,.F.) ;
#13654=ORIENTED_EDGE('',*,*,#13625,.F.) ;
#13675=ORIENTED_EDGE('',*,*,#2784,.F.) ;
#13676=ORIENTED_EDGE('',*,*,#13673,.T.) ;
#13677=ORIENTED_EDGE('',*,*,#13209,.F.) ;
#13678=ORIENTED_EDGE('',*,*,#13649,.F.) ;
#13699=ORIENTED_EDGE('',*,*,#2777,.F.) ;
#13700=ORIENTED_EDGE('',*,*,#13697,.T.) ;
#13701=ORIENTED_EDGE('',*,*,#13216,.F.) ;
#13702=ORIENTED_EDGE('',*,*,#13673,.F.) ;
#13723=ORIENTED_EDGE('',*,*,#2770,.F.) ;
#13724=ORIENTED_EDGE('',*,*,#13721,.T.) ;
#13725=ORIENTED_EDGE('',*,*,#13223,.F.) ;
#13726=ORIENTED_EDGE('',*,*,#13697,.F.) ;
#13747=ORIENTED_EDGE('',*,*,#2763,.F.) ;
#13748=ORIENTED_EDGE('',*,*,#13745,.T.) ;
#13749=ORIENTED_EDGE('',*,*,#13230,.F.) ;
#13750=ORIENTED_EDGE('',*,*,#13721,.F.) ;
#13771=ORIENTED_EDGE('',*,*,#2756,.F.) ;
#13772=ORIENTED_EDGE('',*,*,#13769,.T.) ;
#13773=ORIENTED_EDGE('',*,*,#13237,.F.) ;
#13774=ORIENTED_EDGE('',*,*,#13745,.F.) ;
#13790=ORIENTED_EDGE('',*,*,#2901,.F.) ;
#13791=ORIENTED_EDGE('',*,*,#13289,.T.) ;
#13792=ORIENTED_EDGE('',*,*,#13242,.F.) ;
#13793=ORIENTED_EDGE('',*,*,#13769,.F.) ;
#13958=ORIENTED_EDGE('',*,*,#13811,.T.) ;
#13959=ORIENTED_EDGE('',*,*,#13818,.T.) ;
#13960=ORIENTED_EDGE('',*,*,#13825,.T.) ;
#13961=ORIENTED_EDGE('',*,*,#13832,.T.) ;
#13962=ORIENTED_EDGE('',*,*,#13839,.T.) ;
#13963=ORIENTED_EDGE('',*,*,#13846,.T.) ;
#13964=ORIENTED_EDGE('',*,*,#13853,.T.) ;
#13965=ORIENTED_EDGE('',*,*,#13860,.T.) ;
#13966=ORIENTED_EDGE('',*,*,#13867,.T.) ;
#13967=ORIENTED_EDGE('',*,*,#13874,.T.) ;
#13968=ORIENTED_EDGE('',*,*,#13881,.T.) ;
#13969=ORIENTED_EDGE('',*,*,#13888,.T.) ;
#13970=ORIENTED_EDGE('',*,*,#13895,.T.) ;
#13971=ORIENTED_EDGE('',*,*,#13902,.T.) ;
#13972=ORIENTED_EDGE('',*,*,#13909,.T.) ;
#13973=ORIENTED_EDGE('',*,*,#13916,.T.) ;
#13974=ORIENTED_EDGE('',*,*,#13923,.T.) ;
#13975=ORIENTED_EDGE('',*,*,#13930,.T.) ;
#13976=ORIENTED_EDGE('',*,*,#13937,.T.) ;
#13977=ORIENTED_EDGE('',*,*,#13944,.T.) ;
#13978=ORIENTED_EDGE('',*,*,#13951,.T.) ;
#13979=ORIENTED_EDGE('',*,*,#13956,.T.) ;
#14005=ORIENTED_EDGE('',*,*,#4454,.F.) ;
#14006=ORIENTED_EDGE('',*,*,#13998,.T.) ;
#14007=ORIENTED_EDGE('',*,*,#13811,.F.) ;
#14008=ORIENTED_EDGE('',*,*,#14003,.F.) ;
#14029=ORIENTED_EDGE('',*,*,#4447,.F.) ;
#14030=ORIENTED_EDGE('',*,*,#14027,.T.) ;
#14031=ORIENTED_EDGE('',*,*,#13818,.F.) ;
#14032=ORIENTED_EDGE('',*,*,#13998,.F.) ;
#14053=ORIENTED_EDGE('',*,*,#4440,.F.) ;
#14054=ORIENTED_EDGE('',*,*,#14051,.T.) ;
#14055=ORIENTED_EDGE('',*,*,#13825,.F.) ;
#14056=ORIENTED_EDGE('',*,*,#14027,.F.) ;
#14077=ORIENTED_EDGE('',*,*,#4433,.F.) ;
#14078=ORIENTED_EDGE('',*,*,#14075,.T.) ;
#14079=ORIENTED_EDGE('',*,*,#13832,.F.) ;
#14080=ORIENTED_EDGE('',*,*,#14051,.F.) ;
#14101=ORIENTED_EDGE('',*,*,#4426,.F.) ;
#14102=ORIENTED_EDGE('',*,*,#14099,.T.) ;
#14103=ORIENTED_EDGE('',*,*,#13839,.F.) ;
#14104=ORIENTED_EDGE('',*,*,#14075,.F.) ;
#14125=ORIENTED_EDGE('',*,*,#4419,.F.) ;
#14126=ORIENTED_EDGE('',*,*,#14123,.T.) ;
#14127=ORIENTED_EDGE('',*,*,#13846,.F.) ;
#14128=ORIENTED_EDGE('',*,*,#14099,.F.) ;
#14149=ORIENTED_EDGE('',*,*,#4412,.F.) ;
#14150=ORIENTED_EDGE('',*,*,#14147,.T.) ;
#14151=ORIENTED_EDGE('',*,*,#13853,.F.) ;
#14152=ORIENTED_EDGE('',*,*,#14123,.F.) ;
#14173=ORIENTED_EDGE('',*,*,#4405,.F.) ;
#14174=ORIENTED_EDGE('',*,*,#14171,.T.) ;
#14175=ORIENTED_EDGE('',*,*,#13860,.F.) ;
#14176=ORIENTED_EDGE('',*,*,#14147,.F.) ;
#14197=ORIENTED_EDGE('',*,*,#4398,.F.) ;
#14198=ORIENTED_EDGE('',*,*,#14195,.T.) ;
#14199=ORIENTED_EDGE('',*,*,#13867,.F.) ;
#14200=ORIENTED_EDGE('',*,*,#14171,.F.) ;
#14221=ORIENTED_EDGE('',*,*,#4391,.F.) ;
#14222=ORIENTED_EDGE('',*,*,#14219,.T.) ;
#14223=ORIENTED_EDGE('',*,*,#13874,.F.) ;
#14224=ORIENTED_EDGE('',*,*,#14195,.F.) ;
#14245=ORIENTED_EDGE('',*,*,#4384,.F.) ;
#14246=ORIENTED_EDGE('',*,*,#14243,.T.) ;
#14247=ORIENTED_EDGE('',*,*,#13881,.F.) ;
#14248=ORIENTED_EDGE('',*,*,#14219,.F.) ;
#14269=ORIENTED_EDGE('',*,*,#4377,.F.) ;
#14270=ORIENTED_EDGE('',*,*,#14267,.T.) ;
#14271=ORIENTED_EDGE('',*,*,#13888,.F.) ;
#14272=ORIENTED_EDGE('',*,*,#14243,.F.) ;
#14293=ORIENTED_EDGE('',*,*,#4370,.F.) ;
#14294=ORIENTED_EDGE('',*,*,#14291,.T.) ;
#14295=ORIENTED_EDGE('',*,*,#13895,.F.) ;
#14296=ORIENTED_EDGE('',*,*,#14267,.F.) ;
#14317=ORIENTED_EDGE('',*,*,#4363,.F.) ;
#14318=ORIENTED_EDGE('',*,*,#14315,.T.) ;
#14319=ORIENTED_EDGE('',*,*,#13902,.F.) ;
#14320=ORIENTED_EDGE('',*,*,#14291,.F.) ;
#14341=ORIENTED_EDGE('',*,*,#4356,.F.) ;
#14342=ORIENTED_EDGE('',*,*,#14339,.T.) ;
#14343=ORIENTED_EDGE('',*,*,#13909,.F.) ;
#14344=ORIENTED_EDGE('',*,*,#14315,.F.) ;
#14365=ORIENTED_EDGE('',*,*,#4349,.F.) ;
#14366=ORIENTED_EDGE('',*,*,#14363,.T.) ;
#14367=ORIENTED_EDGE('',*,*,#13916,.F.) ;
#14368=ORIENTED_EDGE('',*,*,#14339,.F.) ;
#14389=ORIENTED_EDGE('',*,*,#4342,.F.) ;
#14390=ORIENTED_EDGE('',*,*,#14387,.T.) ;
#14391=ORIENTED_EDGE('',*,*,#13923,.F.) ;
#14392=ORIENTED_EDGE('',*,*,#14363,.F.) ;
#14413=ORIENTED_EDGE('',*,*,#4335,.F.) ;
#14414=ORIENTED_EDGE('',*,*,#14411,.T.) ;
#14415=ORIENTED_EDGE('',*,*,#13930,.F.) ;
#14416=ORIENTED_EDGE('',*,*,#14387,.F.) ;
#14437=ORIENTED_EDGE('',*,*,#4328,.F.) ;
#14438=ORIENTED_EDGE('',*,*,#14435,.T.) ;
#14439=ORIENTED_EDGE('',*,*,#13937,.F.) ;
#14440=ORIENTED_EDGE('',*,*,#14411,.F.) ;
#14461=ORIENTED_EDGE('',*,*,#4321,.F.) ;
#14462=ORIENTED_EDGE('',*,*,#14459,.T.) ;
#14463=ORIENTED_EDGE('',*,*,#13944,.F.) ;
#14464=ORIENTED_EDGE('',*,*,#14435,.F.) ;
#14485=ORIENTED_EDGE('',*,*,#4314,.F.) ;
#14486=ORIENTED_EDGE('',*,*,#14483,.T.) ;
#14487=ORIENTED_EDGE('',*,*,#13951,.F.) ;
#14488=ORIENTED_EDGE('',*,*,#14459,.F.) ;
#14504=ORIENTED_EDGE('',*,*,#4459,.F.) ;
#14505=ORIENTED_EDGE('',*,*,#14003,.T.) ;
#14506=ORIENTED_EDGE('',*,*,#13956,.F.) ;
#14507=ORIENTED_EDGE('',*,*,#14483,.F.) ;
#14756=ORIENTED_EDGE('',*,*,#14525,.T.) ;
#14757=ORIENTED_EDGE('',*,*,#14532,.T.) ;
#14758=ORIENTED_EDGE('',*,*,#14539,.T.) ;
#14759=ORIENTED_EDGE('',*,*,#14546,.T.) ;
#14760=ORIENTED_EDGE('',*,*,#14553,.T.) ;
#14761=ORIENTED_EDGE('',*,*,#14560,.T.) ;
#14762=ORIENTED_EDGE('',*,*,#14567,.T.) ;
#14763=ORIENTED_EDGE('',*,*,#14574,.T.) ;
#14764=ORIENTED_EDGE('',*,*,#14581,.T.) ;
#14765=ORIENTED_EDGE('',*,*,#14588,.T.) ;
#14766=ORIENTED_EDGE('',*,*,#14595,.T.) ;
#14767=ORIENTED_EDGE('',*,*,#14602,.T.) ;
#14768=ORIENTED_EDGE('',*,*,#14609,.T.) ;
#14769=ORIENTED_EDGE('',*,*,#14616,.T.) ;
#14770=ORIENTED_EDGE('',*,*,#14623,.T.) ;
#14771=ORIENTED_EDGE('',*,*,#14630,.T.) ;
#14772=ORIENTED_EDGE('',*,*,#14637,.T.) ;
#14773=ORIENTED_EDGE('',*,*,#14644,.T.) ;
#14774=ORIENTED_EDGE('',*,*,#14651,.T.) ;
#14775=ORIENTED_EDGE('',*,*,#14658,.T.) ;
#14776=ORIENTED_EDGE('',*,*,#14665,.T.) ;
#14777=ORIENTED_EDGE('',*,*,#14672,.T.) ;
#14778=ORIENTED_EDGE('',*,*,#14679,.T.) ;
#14779=ORIENTED_EDGE('',*,*,#14686,.T.) ;
#14780=ORIENTED_EDGE('',*,*,#14693,.T.) ;
#14781=ORIENTED_EDGE('',*,*,#14700,.T.) ;
#14782=ORIENTED_EDGE('',*,*,#14707,.T.) ;
#14783=ORIENTED_EDGE('',*,*,#14714,.T.) ;
#14784=ORIENTED_EDGE('',*,*,#14721,.T.) ;
#14785=ORIENTED_EDGE('',*,*,#14728,.T.) ;
#14786=ORIENTED_EDGE('',*,*,#14735,.T.) ;
#14787=ORIENTED_EDGE('',*,*,#14742,.T.) ;
#14788=ORIENTED_EDGE('',*,*,#14749,.T.) ;
#14789=ORIENTED_EDGE('',*,*,#14754,.T.) ;
#14815=ORIENTED_EDGE('',*,*,#3158,.F.) ;
#14816=ORIENTED_EDGE('',*,*,#14808,.T.) ;
#14817=ORIENTED_EDGE('',*,*,#14525,.F.) ;
#14818=ORIENTED_EDGE('',*,*,#14813,.F.) ;
#14839=ORIENTED_EDGE('',*,*,#3151,.F.) ;
#14840=ORIENTED_EDGE('',*,*,#14837,.T.) ;
#14841=ORIENTED_EDGE('',*,*,#14532,.F.) ;
#14842=ORIENTED_EDGE('',*,*,#14808,.F.) ;
#14863=ORIENTED_EDGE('',*,*,#3144,.F.) ;
#14864=ORIENTED_EDGE('',*,*,#14861,.T.) ;
#14865=ORIENTED_EDGE('',*,*,#14539,.F.) ;
#14866=ORIENTED_EDGE('',*,*,#14837,.F.) ;
#14887=ORIENTED_EDGE('',*,*,#3137,.F.) ;
#14888=ORIENTED_EDGE('',*,*,#14885,.T.) ;
#14889=ORIENTED_EDGE('',*,*,#14546,.F.) ;
#14890=ORIENTED_EDGE('',*,*,#14861,.F.) ;
#14911=ORIENTED_EDGE('',*,*,#3130,.F.) ;
#14912=ORIENTED_EDGE('',*,*,#14909,.T.) ;
#14913=ORIENTED_EDGE('',*,*,#14553,.F.) ;
#14914=ORIENTED_EDGE('',*,*,#14885,.F.) ;
#14935=ORIENTED_EDGE('',*,*,#3123,.F.) ;
#14936=ORIENTED_EDGE('',*,*,#14933,.T.) ;
#14937=ORIENTED_EDGE('',*,*,#14560,.F.) ;
#14938=ORIENTED_EDGE('',*,*,#14909,.F.) ;
#14959=ORIENTED_EDGE('',*,*,#3116,.F.) ;
#14960=ORIENTED_EDGE('',*,*,#14957,.T.) ;
#14961=ORIENTED_EDGE('',*,*,#14567,.F.) ;
#14962=ORIENTED_EDGE('',*,*,#14933,.F.) ;
#14983=ORIENTED_EDGE('',*,*,#3109,.F.) ;
#14984=ORIENTED_EDGE('',*,*,#14981,.T.) ;
#14985=ORIENTED_EDGE('',*,*,#14574,.F.) ;
#14986=ORIENTED_EDGE('',*,*,#14957,.F.) ;
#15007=ORIENTED_EDGE('',*,*,#3102,.F.) ;
#15008=ORIENTED_EDGE('',*,*,#15005,.T.) ;
#15009=ORIENTED_EDGE('',*,*,#14581,.F.) ;
#15010=ORIENTED_EDGE('',*,*,#14981,.F.) ;
#15031=ORIENTED_EDGE('',*,*,#3095,.F.) ;
#15032=ORIENTED_EDGE('',*,*,#15029,.T.) ;
#15033=ORIENTED_EDGE('',*,*,#14588,.F.) ;
#15034=ORIENTED_EDGE('',*,*,#15005,.F.) ;
#15055=ORIENTED_EDGE('',*,*,#3088,.F.) ;
#15056=ORIENTED_EDGE('',*,*,#15053,.T.) ;
#15057=ORIENTED_EDGE('',*,*,#14595,.F.) ;
#15058=ORIENTED_EDGE('',*,*,#15029,.F.) ;
#15079=ORIENTED_EDGE('',*,*,#3081,.F.) ;
#15080=ORIENTED_EDGE('',*,*,#15077,.T.) ;
#15081=ORIENTED_EDGE('',*,*,#14602,.F.) ;
#15082=ORIENTED_EDGE('',*,*,#15053,.F.) ;
#15103=ORIENTED_EDGE('',*,*,#3074,.F.) ;
#15104=ORIENTED_EDGE('',*,*,#15101,.T.) ;
#15105=ORIENTED_EDGE('',*,*,#14609,.F.) ;
#15106=ORIENTED_EDGE('',*,*,#15077,.F.) ;
#15127=ORIENTED_EDGE('',*,*,#3067,.F.) ;
#15128=ORIENTED_EDGE('',*,*,#15125,.T.) ;
#15129=ORIENTED_EDGE('',*,*,#14616,.F.) ;
#15130=ORIENTED_EDGE('',*,*,#15101,.F.) ;
#15151=ORIENTED_EDGE('',*,*,#3060,.F.) ;
#15152=ORIENTED_EDGE('',*,*,#15149,.T.) ;
#15153=ORIENTED_EDGE('',*,*,#14623,.F.) ;
#15154=ORIENTED_EDGE('',*,*,#15125,.F.) ;
#15175=ORIENTED_EDGE('',*,*,#3053,.F.) ;
#15176=ORIENTED_EDGE('',*,*,#15173,.T.) ;
#15177=ORIENTED_EDGE('',*,*,#14630,.F.) ;
#15178=ORIENTED_EDGE('',*,*,#15149,.F.) ;
#15199=ORIENTED_EDGE('',*,*,#3046,.F.) ;
#15200=ORIENTED_EDGE('',*,*,#15197,.T.) ;
#15201=ORIENTED_EDGE('',*,*,#14637,.F.) ;
#15202=ORIENTED_EDGE('',*,*,#15173,.F.) ;
#15223=ORIENTED_EDGE('',*,*,#3039,.F.) ;
#15224=ORIENTED_EDGE('',*,*,#15221,.T.) ;
#15225=ORIENTED_EDGE('',*,*,#14644,.F.) ;
#15226=ORIENTED_EDGE('',*,*,#15197,.F.) ;
#15247=ORIENTED_EDGE('',*,*,#3032,.F.) ;
#15248=ORIENTED_EDGE('',*,*,#15245,.T.) ;
#15249=ORIENTED_EDGE('',*,*,#14651,.F.) ;
#15250=ORIENTED_EDGE('',*,*,#15221,.F.) ;
#15271=ORIENTED_EDGE('',*,*,#3025,.F.) ;
#15272=ORIENTED_EDGE('',*,*,#15269,.T.) ;
#15273=ORIENTED_EDGE('',*,*,#14658,.F.) ;
#15274=ORIENTED_EDGE('',*,*,#15245,.F.) ;
#15295=ORIENTED_EDGE('',*,*,#3018,.F.) ;
#15296=ORIENTED_EDGE('',*,*,#15293,.T.) ;
#15297=ORIENTED_EDGE('',*,*,#14665,.F.) ;
#15298=ORIENTED_EDGE('',*,*,#15269,.F.) ;
#15319=ORIENTED_EDGE('',*,*,#3011,.F.) ;
#15320=ORIENTED_EDGE('',*,*,#15317,.T.) ;
#15321=ORIENTED_EDGE('',*,*,#14672,.F.) ;
#15322=ORIENTED_EDGE('',*,*,#15293,.F.) ;
#15343=ORIENTED_EDGE('',*,*,#3004,.F.) ;
#15344=ORIENTED_EDGE('',*,*,#15341,.T.) ;
#15345=ORIENTED_EDGE('',*,*,#14679,.F.) ;
#15346=ORIENTED_EDGE('',*,*,#15317,.F.) ;
#15367=ORIENTED_EDGE('',*,*,#2997,.F.) ;
#15368=ORIENTED_EDGE('',*,*,#15365,.T.) ;
#15369=ORIENTED_EDGE('',*,*,#14686,.F.) ;
#15370=ORIENTED_EDGE('',*,*,#15341,.F.) ;
#15391=ORIENTED_EDGE('',*,*,#2990,.F.) ;
#15392=ORIENTED_EDGE('',*,*,#15389,.T.) ;
#15393=ORIENTED_EDGE('',*,*,#14693,.F.) ;
#15394=ORIENTED_EDGE('',*,*,#15365,.F.) ;
#15415=ORIENTED_EDGE('',*,*,#2983,.F.) ;
#15416=ORIENTED_EDGE('',*,*,#15413,.T.) ;
#15417=ORIENTED_EDGE('',*,*,#14700,.F.) ;
#15418=ORIENTED_EDGE('',*,*,#15389,.F.) ;
#15439=ORIENTED_EDGE('',*,*,#2976,.F.) ;
#15440=ORIENTED_EDGE('',*,*,#15437,.T.) ;
#15441=ORIENTED_EDGE('',*,*,#14707,.F.) ;
#15442=ORIENTED_EDGE('',*,*,#15413,.F.) ;
#15463=ORIENTED_EDGE('',*,*,#2969,.F.) ;
#15464=ORIENTED_EDGE('',*,*,#15461,.T.) ;
#15465=ORIENTED_EDGE('',*,*,#14714,.F.) ;
#15466=ORIENTED_EDGE('',*,*,#15437,.F.) ;
#15487=ORIENTED_EDGE('',*,*,#2962,.F.) ;
#15488=ORIENTED_EDGE('',*,*,#15485,.T.) ;
#15489=ORIENTED_EDGE('',*,*,#14721,.F.) ;
#15490=ORIENTED_EDGE('',*,*,#15461,.F.) ;
#15511=ORIENTED_EDGE('',*,*,#2955,.F.) ;
#15512=ORIENTED_EDGE('',*,*,#15509,.T.) ;
#15513=ORIENTED_EDGE('',*,*,#14728,.F.) ;
#15514=ORIENTED_EDGE('',*,*,#15485,.F.) ;
#15535=ORIENTED_EDGE('',*,*,#2948,.F.) ;
#15536=ORIENTED_EDGE('',*,*,#15533,.T.) ;
#15537=ORIENTED_EDGE('',*,*,#14735,.F.) ;
#15538=ORIENTED_EDGE('',*,*,#15509,.F.) ;
#15559=ORIENTED_EDGE('',*,*,#2941,.F.) ;
#15560=ORIENTED_EDGE('',*,*,#15557,.T.) ;
#15561=ORIENTED_EDGE('',*,*,#14742,.F.) ;
#15562=ORIENTED_EDGE('',*,*,#15533,.F.) ;
#15583=ORIENTED_EDGE('',*,*,#2934,.F.) ;
#15584=ORIENTED_EDGE('',*,*,#15581,.T.) ;
#15585=ORIENTED_EDGE('',*,*,#14749,.F.) ;
#15586=ORIENTED_EDGE('',*,*,#15557,.F.) ;
#15602=ORIENTED_EDGE('',*,*,#3163,.F.) ;
#15603=ORIENTED_EDGE('',*,*,#14813,.T.) ;
#15604=ORIENTED_EDGE('',*,*,#14754,.F.) ;
#15605=ORIENTED_EDGE('',*,*,#15581,.F.) ;
#15686=ORIENTED_EDGE('',*,*,#15623,.T.) ;
#15687=ORIENTED_EDGE('',*,*,#15630,.T.) ;
#15688=ORIENTED_EDGE('',*,*,#15637,.T.) ;
#15689=ORIENTED_EDGE('',*,*,#15644,.T.) ;
#15690=ORIENTED_EDGE('',*,*,#15651,.T.) ;
#15691=ORIENTED_EDGE('',*,*,#15658,.T.) ;
#15692=ORIENTED_EDGE('',*,*,#15665,.T.) ;
#15693=ORIENTED_EDGE('',*,*,#15672,.T.) ;
#15694=ORIENTED_EDGE('',*,*,#15679,.T.) ;
#15695=ORIENTED_EDGE('',*,*,#15684,.T.) ;
#15721=ORIENTED_EDGE('',*,*,#4582,.F.) ;
#15722=ORIENTED_EDGE('',*,*,#15714,.T.) ;
#15723=ORIENTED_EDGE('',*,*,#15623,.F.) ;
#15724=ORIENTED_EDGE('',*,*,#15719,.F.) ;
#15745=ORIENTED_EDGE('',*,*,#4575,.F.) ;
#15746=ORIENTED_EDGE('',*,*,#15743,.T.) ;
#15747=ORIENTED_EDGE('',*,*,#15630,.F.) ;
#15748=ORIENTED_EDGE('',*,*,#15714,.F.) ;
#15764=ORIENTED_EDGE('',*,*,#4568,.F.) ;
#15765=ORIENTED_EDGE('',*,*,#15762,.T.) ;
#15766=ORIENTED_EDGE('',*,*,#15637,.F.) ;
#15767=ORIENTED_EDGE('',*,*,#15743,.F.) ;
#15788=ORIENTED_EDGE('',*,*,#4561,.F.) ;
#15789=ORIENTED_EDGE('',*,*,#15786,.T.) ;
#15790=ORIENTED_EDGE('',*,*,#15644,.F.) ;
#15791=ORIENTED_EDGE('',*,*,#15762,.F.) ;
#15807=ORIENTED_EDGE('',*,*,#4554,.F.) ;
#15808=ORIENTED_EDGE('',*,*,#15805,.T.) ;
#15809=ORIENTED_EDGE('',*,*,#15651,.F.) ;
#15810=ORIENTED_EDGE('',*,*,#15786,.F.) ;
#15831=ORIENTED_EDGE('',*,*,#4547,.F.) ;
#15832=ORIENTED_EDGE('',*,*,#15829,.T.) ;
#15833=ORIENTED_EDGE('',*,*,#15658,.F.) ;
#15834=ORIENTED_EDGE('',*,*,#15805,.F.) ;
#15850=ORIENTED_EDGE('',*,*,#4540,.F.) ;
#15851=ORIENTED_EDGE('',*,*,#15848,.T.) ;
#15852=ORIENTED_EDGE('',*,*,#15665,.F.) ;
#15853=ORIENTED_EDGE('',*,*,#15829,.F.) ;
#15874=ORIENTED_EDGE('',*,*,#4533,.F.) ;
#15875=ORIENTED_EDGE('',*,*,#15872,.T.) ;
#15876=ORIENTED_EDGE('',*,*,#15672,.F.) ;
#15877=ORIENTED_EDGE('',*,*,#15848,.F.) ;
#15893=ORIENTED_EDGE('',*,*,#4526,.F.) ;
#15894=ORIENTED_EDGE('',*,*,#15891,.T.) ;
#15895=ORIENTED_EDGE('',*,*,#15679,.F.) ;
#15896=ORIENTED_EDGE('',*,*,#15872,.F.) ;
#15912=ORIENTED_EDGE('',*,*,#4587,.F.) ;
#15913=ORIENTED_EDGE('',*,*,#15719,.T.) ;
#15914=ORIENTED_EDGE('',*,*,#15684,.F.) ;
#15915=ORIENTED_EDGE('',*,*,#15891,.F.) ;
#15940=ORIENTED_EDGE('',*,*,#15933,.T.) ;
#15941=ORIENTED_EDGE('',*,*,#15938,.T.) ;
#15958=ORIENTED_EDGE('',*,*,#15951,.F.) ;
#15959=ORIENTED_EDGE('',*,*,#15956,.F.) ;
#15976=ORIENTED_EDGE('',*,*,#15969,.F.) ;
#15977=ORIENTED_EDGE('',*,*,#15974,.F.) ;
#15994=ORIENTED_EDGE('',*,*,#15987,.F.) ;
#15995=ORIENTED_EDGE('',*,*,#15992,.F.) ;
#16012=ORIENTED_EDGE('',*,*,#16005,.F.) ;
#16013=ORIENTED_EDGE('',*,*,#16010,.F.) ;
#16030=ORIENTED_EDGE('',*,*,#16023,.F.) ;
#16031=ORIENTED_EDGE('',*,*,#16028,.F.) ;
#16048=ORIENTED_EDGE('',*,*,#16041,.F.) ;
#16049=ORIENTED_EDGE('',*,*,#16046,.F.) ;
#16066=ORIENTED_EDGE('',*,*,#16059,.F.) ;
#16067=ORIENTED_EDGE('',*,*,#16064,.F.) ;
#16084=ORIENTED_EDGE('',*,*,#16077,.F.) ;
#16085=ORIENTED_EDGE('',*,*,#16082,.F.) ;
#16102=ORIENTED_EDGE('',*,*,#16095,.F.) ;
#16103=ORIENTED_EDGE('',*,*,#16100,.F.) ;
#16129=ORIENTED_EDGE('',*,*,#1778,.F.) ;
#16130=ORIENTED_EDGE('',*,*,#16122,.T.) ;
#16131=ORIENTED_EDGE('',*,*,#15933,.F.) ;
#16132=ORIENTED_EDGE('',*,*,#16127,.F.) ;
#16143=ORIENTED_EDGE('',*,*,#1773,.F.) ;
#16144=ORIENTED_EDGE('',*,*,#16127,.T.) ;
#16145=ORIENTED_EDGE('',*,*,#15938,.F.) ;
#16146=ORIENTED_EDGE('',*,*,#16122,.F.) ;
#16172=ORIENTED_EDGE('',*,*,#16165,.T.) ;
#16173=ORIENTED_EDGE('',*,*,#15951,.T.) ;
#16174=ORIENTED_EDGE('',*,*,#16170,.F.) ;
#16175=ORIENTED_EDGE('',*,*,#1792,.T.) ;
#16186=ORIENTED_EDGE('',*,*,#16170,.T.) ;
#16187=ORIENTED_EDGE('',*,*,#15956,.T.) ;
#16188=ORIENTED_EDGE('',*,*,#16165,.F.) ;
#16189=ORIENTED_EDGE('',*,*,#1797,.T.) ;
#16215=ORIENTED_EDGE('',*,*,#16208,.T.) ;
#16216=ORIENTED_EDGE('',*,*,#15969,.T.) ;
#16217=ORIENTED_EDGE('',*,*,#16213,.F.) ;
#16218=ORIENTED_EDGE('',*,*,#4609,.T.) ;
#16229=ORIENTED_EDGE('',*,*,#16213,.T.) ;
#16230=ORIENTED_EDGE('',*,*,#15974,.T.) ;
#16231=ORIENTED_EDGE('',*,*,#16208,.F.) ;
#16232=ORIENTED_EDGE('',*,*,#4614,.T.) ;
#16258=ORIENTED_EDGE('',*,*,#16251,.T.) ;
#16259=ORIENTED_EDGE('',*,*,#15987,.T.) ;
#16260=ORIENTED_EDGE('',*,*,#16256,.F.) ;
#16261=ORIENTED_EDGE('',*,*,#4628,.T.) ;
#16272=ORIENTED_EDGE('',*,*,#16256,.T.) ;
#16273=ORIENTED_EDGE('',*,*,#15992,.T.) ;
#16274=ORIENTED_EDGE('',*,*,#16251,.F.) ;
#16275=ORIENTED_EDGE('',*,*,#4633,.T.) ;
#16301=ORIENTED_EDGE('',*,*,#16294,.T.) ;
#16302=ORIENTED_EDGE('',*,*,#16005,.T.) ;
#16303=ORIENTED_EDGE('',*,*,#16299,.F.) ;
#16304=ORIENTED_EDGE('',*,*,#4647,.T.) ;
#16315=ORIENTED_EDGE('',*,*,#16299,.T.) ;
#16316=ORIENTED_EDGE('',*,*,#16010,.T.) ;
#16317=ORIENTED_EDGE('',*,*,#16294,.F.) ;
#16318=ORIENTED_EDGE('',*,*,#4652,.T.) ;
#16344=ORIENTED_EDGE('',*,*,#16337,.T.) ;
#16345=ORIENTED_EDGE('',*,*,#16023,.T.) ;
#16346=ORIENTED_EDGE('',*,*,#16342,.F.) ;
#16347=ORIENTED_EDGE('',*,*,#4666,.T.) ;
#16358=ORIENTED_EDGE('',*,*,#16342,.T.) ;
#16359=ORIENTED_EDGE('',*,*,#16028,.T.) ;
#16360=ORIENTED_EDGE('',*,*,#16337,.F.) ;
#16361=ORIENTED_EDGE('',*,*,#4671,.T.) ;
#16387=ORIENTED_EDGE('',*,*,#16380,.T.) ;
#16388=ORIENTED_EDGE('',*,*,#16041,.T.) ;
#16389=ORIENTED_EDGE('',*,*,#16385,.F.) ;
#16390=ORIENTED_EDGE('',*,*,#4685,.T.) ;
#16401=ORIENTED_EDGE('',*,*,#16385,.T.) ;
#16402=ORIENTED_EDGE('',*,*,#16046,.T.) ;
#16403=ORIENTED_EDGE('',*,*,#16380,.F.) ;
#16404=ORIENTED_EDGE('',*,*,#4690,.T.) ;
#16430=ORIENTED_EDGE('',*,*,#16423,.T.) ;
#16431=ORIENTED_EDGE('',*,*,#16059,.T.) ;
#16432=ORIENTED_EDGE('',*,*,#16428,.F.) ;
#16433=ORIENTED_EDGE('',*,*,#4704,.T.) ;
#16444=ORIENTED_EDGE('',*,*,#16428,.T.) ;
#16445=ORIENTED_EDGE('',*,*,#16064,.T.) ;
#16446=ORIENTED_EDGE('',*,*,#16423,.F.) ;
#16447=ORIENTED_EDGE('',*,*,#4709,.T.) ;
#16473=ORIENTED_EDGE('',*,*,#16466,.T.) ;
#16474=ORIENTED_EDGE('',*,*,#16077,.T.) ;
#16475=ORIENTED_EDGE('',*,*,#16471,.F.) ;
#16476=ORIENTED_EDGE('',*,*,#4723,.T.) ;
#16487=ORIENTED_EDGE('',*,*,#16471,.T.) ;
#16488=ORIENTED_EDGE('',*,*,#16082,.T.) ;
#16489=ORIENTED_EDGE('',*,*,#16466,.F.) ;
#16490=ORIENTED_EDGE('',*,*,#4728,.T.) ;
#16516=ORIENTED_EDGE('',*,*,#16509,.T.) ;
#16517=ORIENTED_EDGE('',*,*,#16095,.T.) ;
#16518=ORIENTED_EDGE('',*,*,#16514,.F.) ;
#16519=ORIENTED_EDGE('',*,*,#4742,.T.) ;
#16530=ORIENTED_EDGE('',*,*,#16514,.T.) ;
#16531=ORIENTED_EDGE('',*,*,#16100,.T.) ;
#16532=ORIENTED_EDGE('',*,*,#16509,.F.) ;
#16533=ORIENTED_EDGE('',*,*,#4747,.T.) ;
#423=FACE_BOUND('',#420,.T.) ;
#442=FACE_BOUND('',#439,.T.) ;
#507=FACE_BOUND('',#504,.T.) ;
#511=FACE_BOUND('',#508,.T.) ;
#529=FACE_BOUND('',#526,.T.) ;
#547=FACE_BOUND('',#544,.T.) ;
#565=FACE_BOUND('',#562,.T.) ;
#583=FACE_BOUND('',#580,.T.) ;
#601=FACE_BOUND('',#598,.T.) ;
#619=FACE_BOUND('',#616,.T.) ;
#637=FACE_BOUND('',#634,.T.) ;
#655=FACE_BOUND('',#652,.T.) ;
#673=FACE_BOUND('',#670,.T.) ;
#691=FACE_BOUND('',#688,.T.) ;
#709=FACE_BOUND('',#706,.T.) ;
#727=FACE_BOUND('',#724,.T.) ;
#745=FACE_BOUND('',#742,.T.) ;
#763=FACE_BOUND('',#760,.T.) ;
#781=FACE_BOUND('',#778,.T.) ;
#799=FACE_BOUND('',#796,.T.) ;
#817=FACE_BOUND('',#814,.T.) ;
#835=FACE_BOUND('',#832,.T.) ;
#853=FACE_BOUND('',#850,.T.) ;
#1684=FACE_BOUND('',#1681,.T.) ;
#1688=FACE_BOUND('',#1685,.T.) ;
#1692=FACE_BOUND('',#1689,.T.) ;
#1696=FACE_BOUND('',#1693,.T.) ;
#1700=FACE_BOUND('',#1697,.T.) ;
#1704=FACE_BOUND('',#1701,.T.) ;
#1708=FACE_BOUND('',#1705,.T.) ;
#1712=FACE_BOUND('',#1709,.T.) ;
#1716=FACE_BOUND('',#1713,.T.) ;
#1720=FACE_BOUND('',#1717,.T.) ;
#1724=FACE_BOUND('',#1721,.T.) ;
#1728=FACE_BOUND('',#1725,.T.) ;
#1732=FACE_BOUND('',#1729,.T.) ;
#1736=FACE_BOUND('',#1733,.T.) ;
#1740=FACE_BOUND('',#1737,.T.) ;
#1744=FACE_BOUND('',#1741,.T.) ;
#1748=FACE_BOUND('',#1745,.T.) ;
#1752=FACE_BOUND('',#1749,.T.) ;
#1756=FACE_BOUND('',#1753,.T.) ;
#1760=FACE_BOUND('',#1757,.T.) ;
#1764=FACE_BOUND('',#1761,.T.) ;
#1782=FACE_BOUND('',#1779,.T.) ;
#2747=FACE_BOUND('',#2628,.T.) ;
#2925=FACE_BOUND('',#2902,.T.) ;
#3199=FACE_BOUND('',#3164,.T.) ;
#4305=FACE_BOUND('',#4166,.T.) ;
#4483=FACE_BOUND('',#4460,.T.) ;
#4517=FACE_BOUND('',#4512,.T.) ;
#4599=FACE_BOUND('',#4588,.T.) ;
#15960=FACE_BOUND('',#15957,.T.) ;
#15978=FACE_BOUND('',#15975,.T.) ;
#15996=FACE_BOUND('',#15993,.T.) ;
#16014=FACE_BOUND('',#16011,.T.) ;
#16032=FACE_BOUND('',#16029,.T.) ;
#16050=FACE_BOUND('',#16047,.T.) ;
#16068=FACE_BOUND('',#16065,.T.) ;
#16086=FACE_BOUND('',#16083,.T.) ;
#16104=FACE_BOUND('',#16101,.T.) ;
#34=CLOSED_SHELL('Closed Shell',(#74,#91,#131,#148,#188,#205,#236,#248,#287,#307,#339,#379,#396,#424,#443,#451,#482,#494,#854,#885,#897,#928,#940,#971,#983,#1014,#1026,#1057,#1069,#1100,#1112,#1143,#1155,#1186,#1198,#1229,#1241,#1272,#1284,#1315,#1327,#1358,#1370,#1401,#1413,#1444,#1456,#1487,#1499,#1530,#1542,#1573,#1585,#1616,#1628,#1659,#1671,#1783,#4600,#4619,#4638,#4657,#4676,#4695,#4714,#4733,#4752,#5864,#5894,#5918,#5942,#5966,#5990,#6014,#6038,#6062,#6086,#6110,#6134,#6158,#6182,#6206,#6230,#6254,#6278,#6302,#6326,#6350,#6374,#6398,#6422,#6446,#6470,#6489,#6513,#6537,#6561,#6585,#6609,#6633,#6657,#6681,#6705,#6729,#6753,#6777,#6801,#6825,#6849,#6873,#6897,#6921,#6945,#6969,#6993,#7012,#7036,#7060,#7084,#7108,#7132,#7156,#7180,#7204,#7228,#7252,#7276,#7300,#7324,#7348,#7372,#7396,#7420,#7444,#7468,#7492,#7516,#7540,#7564,#7588,#7612,#7636,#7660,#7684,#7708,#7732,#7756,#7780,#7804,#7828,#7852,#7876,#7900,#7924,#7948,#7972,#7996,#8020,#8044,#8068,#8092,#8116,#8135,#8154,#8178,#8202,#8226,#8250,#8274,#8298,#8322,#8346,#8370,#8394,#8418,#8442,#8466,#8490,#8514,#8538,#8562,#8586,#8610,#8634,#8658,#8682,#8706,#8730,#8754,#8778,#8802,#8826,#8850,#8874,#8898,#8922,#8946,#8970,#8994,#9018,#9042,#9066,#9090,#9114,#9138,#9157,#10111,#10140,#10164,#10188,#10212,#10236,#10260,#10284,#10308,#10332,#10356,#10380,#10404,#10428,#10452,#10476,#10500,#10524,#10548,#10572,#10596,#10620,#10644,#10668,#10692,#10716,#10740,#10764,#10788,#10812,#10836,#10860,#10884,#10908,#10932,#10956,#10980,#11004,#11028,#11052,#11076,#11100,#11124,#11148,#11172,#11196,#11220,#11244,#11268,#11292,#11316,#11340,#11364,#11388,#11412,#11436,#11460,#11484,#11508,#11532,#11556,#11580,#11604,#11628,#11652,#11676,#11700,#11724,#11748,#11772,#11796,#11820,#11844,#11868,#11892,#11916,#11940,#11964,#11988,#12012,#12036,#12060,#12084,#12108,#12132,#12156,#12180,#12204,#12228,#12252,#12276,#12300,#12324,#12348,#12372,#12396,#12420,#12444,#12468,#12492,#12516,#12540,#12564,#12588,#12612,#12636,#12660,#12684,#12708,#12732,#12756,#12780,#12804,#12828,#12852,#12876,#12900,#12924,#12943,#12985,#13014,#13038,#13062,#13081,#13267,#13296,#13320,#13344,#13368,#13392,#13416,#13440,#13464,#13488,#13512,#13536,#13560,#13584,#13608,#13632,#13656,#13680,#13704,#13728,#13752,#13776,#13795,#13981,#14010,#14034,#14058,#14082,#14106,#14130,#14154,#14178,#14202,#14226,#14250,#14274,#14298,#14322,#14346,#14370,#14394,#14418,#14442,#14466,#14490,#14509,#14791,#14820,#14844,#14868,#14892,#14916,#14940,#14964,#14988,#15012,#15036,#15060,#15084,#15108,#15132,#15156,#15180,#15204,#15228,#15252,#15276,#15300,#15324,#15348,#15372,#15396,#15420,#15444,#15468,#15492,#15516,#15540,#15564,#15588,#15607,#15697,#15726,#15750,#15769,#15793,#15812,#15836,#15855,#15879,#15898,#15917,#16105,#16134,#16148,#16177,#16191,#16220,#16234,#16263,#16277,#16306,#16320,#16349,#16363,#16392,#16406,#16435,#16449,#16478,#16492,#16521,#16535)) ;
#16543=ADVANCED_BREP_SHAPE_REPRESENTATION('NONE',(#25),#20) ;
#74=ADVANCED_FACE('PartBody',(#73),#39,.F.) ;
#91=ADVANCED_FACE('PartBody',(#90),#39,.F.) ;
#131=ADVANCED_FACE('PartBody',(#130),#96,.T.) ;
#148=ADVANCED_FACE('PartBody',(#147),#96,.T.) ;
#188=ADVANCED_FACE('PartBody',(#187),#153,.F.) ;
#205=ADVANCED_FACE('PartBody',(#204),#153,.F.) ;
#236=ADVANCED_FACE('PartBody',(#235),#210,.T.) ;
#248=ADVANCED_FACE('PartBody',(#247),#210,.T.) ;
#287=ADVANCED_FACE('PartBody',(#286),#253,.T.) ;
#307=ADVANCED_FACE('PartBody',(#306),#253,.T.) ;
#339=ADVANCED_FACE('PartBody',(#338),#312,.T.) ;
#379=ADVANCED_FACE('PartBody',(#378),#344,.F.) ;
#396=ADVANCED_FACE('PartBody',(#395),#344,.F.) ;
#424=ADVANCED_FACE('PartBody',(#419,#423),#401,.T.) ;
#443=ADVANCED_FACE('PartBody',(#438,#442),#429,.F.) ;
#451=ADVANCED_FACE('PartBody',(#450),#312,.T.) ;
#482=ADVANCED_FACE('PartBody',(#481),#456,.T.) ;
#494=ADVANCED_FACE('PartBody',(#493),#456,.T.) ;
#854=ADVANCED_FACE('PartBody',(#503,#507,#511,#529,#547,#565,#583,#601,#619,#637,#655,#673,#691,#709,#727,#745,#763,#781,#799,#817,#835,#853),#499,.T.) ;
#885=ADVANCED_FACE('PartBody',(#884),#859,.F.) ;
#897=ADVANCED_FACE('PartBody',(#896),#859,.F.) ;
#928=ADVANCED_FACE('PartBody',(#927),#902,.F.) ;
#940=ADVANCED_FACE('PartBody',(#939),#902,.F.) ;
#971=ADVANCED_FACE('PartBody',(#970),#945,.F.) ;
#983=ADVANCED_FACE('PartBody',(#982),#945,.F.) ;
#1014=ADVANCED_FACE('PartBody',(#1013),#988,.F.) ;
#1026=ADVANCED_FACE('PartBody',(#1025),#988,.F.) ;
#1057=ADVANCED_FACE('PartBody',(#1056),#1031,.F.) ;
#1069=ADVANCED_FACE('PartBody',(#1068),#1031,.F.) ;
#1100=ADVANCED_FACE('PartBody',(#1099),#1074,.F.) ;
#1112=ADVANCED_FACE('PartBody',(#1111),#1074,.F.) ;
#1143=ADVANCED_FACE('PartBody',(#1142),#1117,.F.) ;
#1155=ADVANCED_FACE('PartBody',(#1154),#1117,.F.) ;
#1186=ADVANCED_FACE('PartBody',(#1185),#1160,.F.) ;
#1198=ADVANCED_FACE('PartBody',(#1197),#1160,.F.) ;
#1229=ADVANCED_FACE('PartBody',(#1228),#1203,.F.) ;
#1241=ADVANCED_FACE('PartBody',(#1240),#1203,.F.) ;
#1272=ADVANCED_FACE('PartBody',(#1271),#1246,.F.) ;
#1284=ADVANCED_FACE('PartBody',(#1283),#1246,.F.) ;
#1315=ADVANCED_FACE('PartBody',(#1314),#1289,.F.) ;
#1327=ADVANCED_FACE('PartBody',(#1326),#1289,.F.) ;
#1358=ADVANCED_FACE('PartBody',(#1357),#1332,.F.) ;
#1370=ADVANCED_FACE('PartBody',(#1369),#1332,.F.) ;
#1401=ADVANCED_FACE('PartBody',(#1400),#1375,.F.) ;
#1413=ADVANCED_FACE('PartBody',(#1412),#1375,.F.) ;
#1444=ADVANCED_FACE('PartBody',(#1443),#1418,.F.) ;
#1456=ADVANCED_FACE('PartBody',(#1455),#1418,.F.) ;
#1487=ADVANCED_FACE('PartBody',(#1486),#1461,.F.) ;
#1499=ADVANCED_FACE('PartBody',(#1498),#1461,.F.) ;
#1530=ADVANCED_FACE('PartBody',(#1529),#1504,.F.) ;
#1542=ADVANCED_FACE('PartBody',(#1541),#1504,.F.) ;
#1573=ADVANCED_FACE('PartBody',(#1572),#1547,.F.) ;
#1585=ADVANCED_FACE('PartBody',(#1584),#1547,.F.) ;
#1616=ADVANCED_FACE('PartBody',(#1615),#1590,.F.) ;
#1628=ADVANCED_FACE('PartBody',(#1627),#1590,.F.) ;
#1659=ADVANCED_FACE('PartBody',(#1658),#1633,.F.) ;
#1671=ADVANCED_FACE('PartBody',(#1670),#1633,.F.) ;
#1783=ADVANCED_FACE('PartBody',(#1680,#1684,#1688,#1692,#1696,#1700,#1704,#1708,#1712,#1716,#1720,#1724,#1728,#1732,#1736,#1740,#1744,#1748,#1752,#1756,#1760,#1764,#1782),#1676,.F.) ;
#4600=ADVANCED_FACE('PartBody',(#1801,#2747,#2925,#3199,#4305,#4483,#4517,#4599),#1676,.F.) ;
#4619=ADVANCED_FACE('PartBody',(#4618),#1676,.F.) ;
#4638=ADVANCED_FACE('PartBody',(#4637),#1676,.F.) ;
#4657=ADVANCED_FACE('PartBody',(#4656),#1676,.F.) ;
#4676=ADVANCED_FACE('PartBody',(#4675),#1676,.F.) ;
#4695=ADVANCED_FACE('PartBody',(#4694),#1676,.F.) ;
#4714=ADVANCED_FACE('PartBody',(#4713),#1676,.F.) ;
#4733=ADVANCED_FACE('PartBody',(#4732),#1676,.F.) ;
#4752=ADVANCED_FACE('PartBody',(#4751),#1676,.F.) ;
#5864=ADVANCED_FACE('PartBody',(#5863),#4757,.T.) ;
#5894=ADVANCED_FACE('PartBody',(#5893),#5877,.F.) ;
#5918=ADVANCED_FACE('PartBody',(#5917),#5906,.F.) ;
#5942=ADVANCED_FACE('PartBody',(#5941),#5930,.F.) ;
#5966=ADVANCED_FACE('PartBody',(#5965),#5954,.F.) ;
#5990=ADVANCED_FACE('PartBody',(#5989),#5978,.F.) ;
#6014=ADVANCED_FACE('PartBody',(#6013),#6002,.F.) ;
#6038=ADVANCED_FACE('PartBody',(#6037),#6026,.F.) ;
#6062=ADVANCED_FACE('PartBody',(#6061),#6050,.F.) ;
#6086=ADVANCED_FACE('PartBody',(#6085),#6074,.F.) ;
#6110=ADVANCED_FACE('PartBody',(#6109),#6098,.F.) ;
#6134=ADVANCED_FACE('PartBody',(#6133),#6122,.F.) ;
#6158=ADVANCED_FACE('PartBody',(#6157),#6146,.F.) ;
#6182=ADVANCED_FACE('PartBody',(#6181),#6170,.F.) ;
#6206=ADVANCED_FACE('PartBody',(#6205),#6194,.F.) ;
#6230=ADVANCED_FACE('PartBody',(#6229),#6218,.F.) ;
#6254=ADVANCED_FACE('PartBody',(#6253),#6242,.F.) ;
#6278=ADVANCED_FACE('PartBody',(#6277),#6266,.F.) ;
#6302=ADVANCED_FACE('PartBody',(#6301),#6290,.F.) ;
#6326=ADVANCED_FACE('PartBody',(#6325),#6314,.F.) ;
#6350=ADVANCED_FACE('PartBody',(#6349),#6338,.F.) ;
#6374=ADVANCED_FACE('PartBody',(#6373),#6362,.F.) ;
#6398=ADVANCED_FACE('PartBody',(#6397),#6386,.F.) ;
#6422=ADVANCED_FACE('PartBody',(#6421),#6410,.F.) ;
#6446=ADVANCED_FACE('PartBody',(#6445),#6434,.F.) ;
#6470=ADVANCED_FACE('PartBody',(#6469),#6458,.F.) ;
#6489=ADVANCED_FACE('PartBody',(#6488),#5906,.F.) ;
#6513=ADVANCED_FACE('PartBody',(#6512),#6501,.F.) ;
#6537=ADVANCED_FACE('PartBody',(#6536),#6525,.F.) ;
#6561=ADVANCED_FACE('PartBody',(#6560),#6549,.F.) ;
#6585=ADVANCED_FACE('PartBody',(#6584),#6573,.F.) ;
#6609=ADVANCED_FACE('PartBody',(#6608),#6597,.F.) ;
#6633=ADVANCED_FACE('PartBody',(#6632),#6621,.F.) ;
#6657=ADVANCED_FACE('PartBody',(#6656),#6645,.F.) ;
#6681=ADVANCED_FACE('PartBody',(#6680),#6669,.F.) ;
#6705=ADVANCED_FACE('PartBody',(#6704),#6693,.F.) ;
#6729=ADVANCED_FACE('PartBody',(#6728),#6717,.F.) ;
#6753=ADVANCED_FACE('PartBody',(#6752),#6741,.F.) ;
#6777=ADVANCED_FACE('PartBody',(#6776),#6765,.F.) ;
#6801=ADVANCED_FACE('PartBody',(#6800),#6789,.F.) ;
#6825=ADVANCED_FACE('PartBody',(#6824),#6813,.F.) ;
#6849=ADVANCED_FACE('PartBody',(#6848),#6837,.F.) ;
#6873=ADVANCED_FACE('PartBody',(#6872),#6861,.F.) ;
#6897=ADVANCED_FACE('PartBody',(#6896),#6885,.F.) ;
#6921=ADVANCED_FACE('PartBody',(#6920),#6909,.F.) ;
#6945=ADVANCED_FACE('PartBody',(#6944),#6933,.F.) ;
#6969=ADVANCED_FACE('PartBody',(#6968),#6957,.F.) ;
#6993=ADVANCED_FACE('PartBody',(#6992),#6981,.F.) ;
#7012=ADVANCED_FACE('PartBody',(#7011),#5906,.F.) ;
#7036=ADVANCED_FACE('PartBody',(#7035),#7024,.F.) ;
#7060=ADVANCED_FACE('PartBody',(#7059),#7048,.F.) ;
#7084=ADVANCED_FACE('PartBody',(#7083),#7072,.F.) ;
#7108=ADVANCED_FACE('PartBody',(#7107),#7096,.F.) ;
#7132=ADVANCED_FACE('PartBody',(#7131),#7120,.F.) ;
#7156=ADVANCED_FACE('PartBody',(#7155),#7144,.F.) ;
#7180=ADVANCED_FACE('PartBody',(#7179),#7168,.F.) ;
#7204=ADVANCED_FACE('PartBody',(#7203),#7192,.F.) ;
#7228=ADVANCED_FACE('PartBody',(#7227),#7216,.F.) ;
#7252=ADVANCED_FACE('PartBody',(#7251),#7240,.F.) ;
#7276=ADVANCED_FACE('PartBody',(#7275),#7264,.F.) ;
#7300=ADVANCED_FACE('PartBody',(#7299),#7288,.F.) ;
#7324=ADVANCED_FACE('PartBody',(#7323),#7312,.F.) ;
#7348=ADVANCED_FACE('PartBody',(#7347),#7336,.F.) ;
#7372=ADVANCED_FACE('PartBody',(#7371),#7360,.F.) ;
#7396=ADVANCED_FACE('PartBody',(#7395),#7384,.F.) ;
#7420=ADVANCED_FACE('PartBody',(#7419),#7408,.F.) ;
#7444=ADVANCED_FACE('PartBody',(#7443),#7432,.F.) ;
#7468=ADVANCED_FACE('PartBody',(#7467),#7456,.F.) ;
#7492=ADVANCED_FACE('PartBody',(#7491),#7480,.F.) ;
#7516=ADVANCED_FACE('PartBody',(#7515),#7504,.F.) ;
#7540=ADVANCED_FACE('PartBody',(#7539),#7528,.F.) ;
#7564=ADVANCED_FACE('PartBody',(#7563),#7552,.F.) ;
#7588=ADVANCED_FACE('PartBody',(#7587),#7576,.F.) ;
#7612=ADVANCED_FACE('PartBody',(#7611),#7600,.F.) ;
#7636=ADVANCED_FACE('PartBody',(#7635),#7624,.F.) ;
#7660=ADVANCED_FACE('PartBody',(#7659),#7648,.F.) ;
#7684=ADVANCED_FACE('PartBody',(#7683),#7672,.F.) ;
#7708=ADVANCED_FACE('PartBody',(#7707),#7696,.F.) ;
#7732=ADVANCED_FACE('PartBody',(#7731),#7720,.F.) ;
#7756=ADVANCED_FACE('PartBody',(#7755),#7744,.F.) ;
#7780=ADVANCED_FACE('PartBody',(#7779),#7768,.F.) ;
#7804=ADVANCED_FACE('PartBody',(#7803),#7792,.F.) ;
#7828=ADVANCED_FACE('PartBody',(#7827),#7816,.F.) ;
#7852=ADVANCED_FACE('PartBody',(#7851),#7840,.F.) ;
#7876=ADVANCED_FACE('PartBody',(#7875),#7864,.F.) ;
#7900=ADVANCED_FACE('PartBody',(#7899),#7888,.F.) ;
#7924=ADVANCED_FACE('PartBody',(#7923),#7912,.F.) ;
#7948=ADVANCED_FACE('PartBody',(#7947),#7936,.F.) ;
#7972=ADVANCED_FACE('PartBody',(#7971),#7960,.F.) ;
#7996=ADVANCED_FACE('PartBody',(#7995),#7984,.F.) ;
#8020=ADVANCED_FACE('PartBody',(#8019),#8008,.F.) ;
#8044=ADVANCED_FACE('PartBody',(#8043),#8032,.F.) ;
#8068=ADVANCED_FACE('PartBody',(#8067),#8056,.F.) ;
#8092=ADVANCED_FACE('PartBody',(#8091),#8080,.F.) ;
#8116=ADVANCED_FACE('PartBody',(#8115),#8104,.F.) ;
#8135=ADVANCED_FACE('PartBody',(#8134),#7216,.F.) ;
#8154=ADVANCED_FACE('PartBody',(#8153),#7096,.F.) ;
#8178=ADVANCED_FACE('PartBody',(#8177),#8166,.F.) ;
#8202=ADVANCED_FACE('PartBody',(#8201),#8190,.F.) ;
#8226=ADVANCED_FACE('PartBody',(#8225),#8214,.F.) ;
#8250=ADVANCED_FACE('PartBody',(#8249),#8238,.F.) ;
#8274=ADVANCED_FACE('PartBody',(#8273),#8262,.F.) ;
#8298=ADVANCED_FACE('PartBody',(#8297),#8286,.F.) ;
#8322=ADVANCED_FACE('PartBody',(#8321),#8310,.F.) ;
#8346=ADVANCED_FACE('PartBody',(#8345),#8334,.F.) ;
#8370=ADVANCED_FACE('PartBody',(#8369),#8358,.F.) ;
#8394=ADVANCED_FACE('PartBody',(#8393),#8382,.F.) ;
#8418=ADVANCED_FACE('PartBody',(#8417),#8406,.F.) ;
#8442=ADVANCED_FACE('PartBody',(#8441),#8430,.F.) ;
#8466=ADVANCED_FACE('PartBody',(#8465),#8454,.F.) ;
#8490=ADVANCED_FACE('PartBody',(#8489),#8478,.F.) ;
#8514=ADVANCED_FACE('PartBody',(#8513),#8502,.F.) ;
#8538=ADVANCED_FACE('PartBody',(#8537),#8526,.F.) ;
#8562=ADVANCED_FACE('PartBody',(#8561),#8550,.F.) ;
#8586=ADVANCED_FACE('PartBody',(#8585),#8574,.F.) ;
#8610=ADVANCED_FACE('PartBody',(#8609),#8598,.F.) ;
#8634=ADVANCED_FACE('PartBody',(#8633),#8622,.F.) ;
#8658=ADVANCED_FACE('PartBody',(#8657),#8646,.F.) ;
#8682=ADVANCED_FACE('PartBody',(#8681),#8670,.F.) ;
#8706=ADVANCED_FACE('PartBody',(#8705),#8694,.F.) ;
#8730=ADVANCED_FACE('PartBody',(#8729),#8718,.F.) ;
#8754=ADVANCED_FACE('PartBody',(#8753),#8742,.F.) ;
#8778=ADVANCED_FACE('PartBody',(#8777),#8766,.F.) ;
#8802=ADVANCED_FACE('PartBody',(#8801),#8790,.F.) ;
#8826=ADVANCED_FACE('PartBody',(#8825),#8814,.F.) ;
#8850=ADVANCED_FACE('PartBody',(#8849),#8838,.F.) ;
#8874=ADVANCED_FACE('PartBody',(#8873),#8862,.F.) ;
#8898=ADVANCED_FACE('PartBody',(#8897),#8886,.F.) ;
#8922=ADVANCED_FACE('PartBody',(#8921),#8910,.F.) ;
#8946=ADVANCED_FACE('PartBody',(#8945),#8934,.F.) ;
#8970=ADVANCED_FACE('PartBody',(#8969),#8958,.F.) ;
#8994=ADVANCED_FACE('PartBody',(#8993),#8982,.F.) ;
#9018=ADVANCED_FACE('PartBody',(#9017),#9006,.F.) ;
#9042=ADVANCED_FACE('PartBody',(#9041),#9030,.F.) ;
#9066=ADVANCED_FACE('PartBody',(#9065),#9054,.F.) ;
#9090=ADVANCED_FACE('PartBody',(#9089),#9078,.F.) ;
#9114=ADVANCED_FACE('PartBody',(#9113),#9102,.F.) ;
#9138=ADVANCED_FACE('PartBody',(#9137),#9126,.F.) ;
#9157=ADVANCED_FACE('PartBody',(#9156),#9150,.F.) ;
#10111=ADVANCED_FACE('PartBody',(#10110),#4757,.T.) ;
#10140=ADVANCED_FACE('PartBody',(#10139),#10123,.F.) ;
#10164=ADVANCED_FACE('PartBody',(#10163),#10152,.F.) ;
#10188=ADVANCED_FACE('PartBody',(#10187),#10176,.F.) ;
#10212=ADVANCED_FACE('PartBody',(#10211),#10200,.F.) ;
#10236=ADVANCED_FACE('PartBody',(#10235),#10224,.F.) ;
#10260=ADVANCED_FACE('PartBody',(#10259),#10248,.F.) ;
#10284=ADVANCED_FACE('PartBody',(#10283),#10272,.F.) ;
#10308=ADVANCED_FACE('PartBody',(#10307),#10296,.F.) ;
#10332=ADVANCED_FACE('PartBody',(#10331),#10320,.F.) ;
#10356=ADVANCED_FACE('PartBody',(#10355),#10344,.F.) ;
#10380=ADVANCED_FACE('PartBody',(#10379),#10368,.F.) ;
#10404=ADVANCED_FACE('PartBody',(#10403),#10392,.F.) ;
#10428=ADVANCED_FACE('PartBody',(#10427),#10416,.F.) ;
#10452=ADVANCED_FACE('PartBody',(#10451),#10440,.F.) ;
#10476=ADVANCED_FACE('PartBody',(#10475),#10464,.F.) ;
#10500=ADVANCED_FACE('PartBody',(#10499),#10488,.F.) ;
#10524=ADVANCED_FACE('PartBody',(#10523),#10512,.F.) ;
#10548=ADVANCED_FACE('PartBody',(#10547),#10536,.F.) ;
#10572=ADVANCED_FACE('PartBody',(#10571),#10560,.F.) ;
#10596=ADVANCED_FACE('PartBody',(#10595),#10584,.F.) ;
#10620=ADVANCED_FACE('PartBody',(#10619),#10608,.F.) ;
#10644=ADVANCED_FACE('PartBody',(#10643),#10632,.F.) ;
#10668=ADVANCED_FACE('PartBody',(#10667),#10656,.F.) ;
#10692=ADVANCED_FACE('PartBody',(#10691),#10680,.F.) ;
#10716=ADVANCED_FACE('PartBody',(#10715),#10704,.F.) ;
#10740=ADVANCED_FACE('PartBody',(#10739),#10728,.F.) ;
#10764=ADVANCED_FACE('PartBody',(#10763),#10752,.F.) ;
#10788=ADVANCED_FACE('PartBody',(#10787),#10776,.F.) ;
#10812=ADVANCED_FACE('PartBody',(#10811),#10800,.F.) ;
#10836=ADVANCED_FACE('PartBody',(#10835),#10824,.F.) ;
#10860=ADVANCED_FACE('PartBody',(#10859),#10848,.F.) ;
#10884=ADVANCED_FACE('PartBody',(#10883),#10872,.F.) ;
#10908=ADVANCED_FACE('PartBody',(#10907),#10896,.F.) ;
#10932=ADVANCED_FACE('PartBody',(#10931),#10920,.F.) ;
#10956=ADVANCED_FACE('PartBody',(#10955),#10944,.F.) ;
#10980=ADVANCED_FACE('PartBody',(#10979),#10968,.F.) ;
#11004=ADVANCED_FACE('PartBody',(#11003),#10992,.F.) ;
#11028=ADVANCED_FACE('PartBody',(#11027),#11016,.F.) ;
#11052=ADVANCED_FACE('PartBody',(#11051),#11040,.F.) ;
#11076=ADVANCED_FACE('PartBody',(#11075),#11064,.F.) ;
#11100=ADVANCED_FACE('PartBody',(#11099),#11088,.F.) ;
#11124=ADVANCED_FACE('PartBody',(#11123),#11112,.F.) ;
#11148=ADVANCED_FACE('PartBody',(#11147),#11136,.F.) ;
#11172=ADVANCED_FACE('PartBody',(#11171),#11160,.F.) ;
#11196=ADVANCED_FACE('PartBody',(#11195),#11184,.F.) ;
#11220=ADVANCED_FACE('PartBody',(#11219),#11208,.F.) ;
#11244=ADVANCED_FACE('PartBody',(#11243),#11232,.F.) ;
#11268=ADVANCED_FACE('PartBody',(#11267),#11256,.F.) ;
#11292=ADVANCED_FACE('PartBody',(#11291),#11280,.F.) ;
#11316=ADVANCED_FACE('PartBody',(#11315),#11304,.F.) ;
#11340=ADVANCED_FACE('PartBody',(#11339),#11328,.F.) ;
#11364=ADVANCED_FACE('PartBody',(#11363),#11352,.F.) ;
#11388=ADVANCED_FACE('PartBody',(#11387),#11376,.F.) ;
#11412=ADVANCED_FACE('PartBody',(#11411),#11400,.F.) ;
#11436=ADVANCED_FACE('PartBody',(#11435),#11424,.F.) ;
#11460=ADVANCED_FACE('PartBody',(#11459),#11448,.F.) ;
#11484=ADVANCED_FACE('PartBody',(#11483),#11472,.F.) ;
#11508=ADVANCED_FACE('PartBody',(#11507),#11496,.F.) ;
#11532=ADVANCED_FACE('PartBody',(#11531),#11520,.F.) ;
#11556=ADVANCED_FACE('PartBody',(#11555),#11544,.F.) ;
#11580=ADVANCED_FACE('PartBody',(#11579),#11568,.F.) ;
#11604=ADVANCED_FACE('PartBody',(#11603),#11592,.F.) ;
#11628=ADVANCED_FACE('PartBody',(#11627),#11616,.F.) ;
#11652=ADVANCED_FACE('PartBody',(#11651),#11640,.F.) ;
#11676=ADVANCED_FACE('PartBody',(#11675),#11664,.F.) ;
#11700=ADVANCED_FACE('PartBody',(#11699),#11688,.F.) ;
#11724=ADVANCED_FACE('PartBody',(#11723),#11712,.F.) ;
#11748=ADVANCED_FACE('PartBody',(#11747),#11736,.F.) ;
#11772=ADVANCED_FACE('PartBody',(#11771),#11760,.F.) ;
#11796=ADVANCED_FACE('PartBody',(#11795),#11784,.F.) ;
#11820=ADVANCED_FACE('PartBody',(#11819),#11808,.F.) ;
#11844=ADVANCED_FACE('PartBody',(#11843),#11832,.F.) ;
#11868=ADVANCED_FACE('PartBody',(#11867),#11856,.F.) ;
#11892=ADVANCED_FACE('PartBody',(#11891),#11880,.F.) ;
#11916=ADVANCED_FACE('PartBody',(#11915),#11904,.F.) ;
#11940=ADVANCED_FACE('PartBody',(#11939),#11928,.F.) ;
#11964=ADVANCED_FACE('PartBody',(#11963),#11952,.F.) ;
#11988=ADVANCED_FACE('PartBody',(#11987),#11976,.F.) ;
#12012=ADVANCED_FACE('PartBody',(#12011),#12000,.F.) ;
#12036=ADVANCED_FACE('PartBody',(#12035),#12024,.F.) ;
#12060=ADVANCED_FACE('PartBody',(#12059),#12048,.F.) ;
#12084=ADVANCED_FACE('PartBody',(#12083),#12072,.F.) ;
#12108=ADVANCED_FACE('PartBody',(#12107),#12096,.F.) ;
#12132=ADVANCED_FACE('PartBody',(#12131),#12120,.F.) ;
#12156=ADVANCED_FACE('PartBody',(#12155),#12144,.F.) ;
#12180=ADVANCED_FACE('PartBody',(#12179),#12168,.F.) ;
#12204=ADVANCED_FACE('PartBody',(#12203),#12192,.F.) ;
#12228=ADVANCED_FACE('PartBody',(#12227),#12216,.F.) ;
#12252=ADVANCED_FACE('PartBody',(#12251),#12240,.F.) ;
#12276=ADVANCED_FACE('PartBody',(#12275),#12264,.F.) ;
#12300=ADVANCED_FACE('PartBody',(#12299),#12288,.F.) ;
#12324=ADVANCED_FACE('PartBody',(#12323),#12312,.F.) ;
#12348=ADVANCED_FACE('PartBody',(#12347),#12336,.F.) ;
#12372=ADVANCED_FACE('PartBody',(#12371),#12360,.F.) ;
#12396=ADVANCED_FACE('PartBody',(#12395),#12384,.F.) ;
#12420=ADVANCED_FACE('PartBody',(#12419),#12408,.F.) ;
#12444=ADVANCED_FACE('PartBody',(#12443),#12432,.F.) ;
#12468=ADVANCED_FACE('PartBody',(#12467),#12456,.F.) ;
#12492=ADVANCED_FACE('PartBody',(#12491),#12480,.F.) ;
#12516=ADVANCED_FACE('PartBody',(#12515),#12504,.F.) ;
#12540=ADVANCED_FACE('PartBody',(#12539),#12528,.F.) ;
#12564=ADVANCED_FACE('PartBody',(#12563),#12552,.F.) ;
#12588=ADVANCED_FACE('PartBody',(#12587),#12576,.F.) ;
#12612=ADVANCED_FACE('PartBody',(#12611),#12600,.F.) ;
#12636=ADVANCED_FACE('PartBody',(#12635),#12624,.F.) ;
#12660=ADVANCED_FACE('PartBody',(#12659),#12648,.F.) ;
#12684=ADVANCED_FACE('PartBody',(#12683),#12672,.F.) ;
#12708=ADVANCED_FACE('PartBody',(#12707),#12696,.F.) ;
#12732=ADVANCED_FACE('PartBody',(#12731),#12720,.F.) ;
#12756=ADVANCED_FACE('PartBody',(#12755),#12744,.F.) ;
#12780=ADVANCED_FACE('PartBody',(#12779),#12768,.F.) ;
#12804=ADVANCED_FACE('PartBody',(#12803),#12792,.F.) ;
#12828=ADVANCED_FACE('PartBody',(#12827),#12816,.F.) ;
#12852=ADVANCED_FACE('PartBody',(#12851),#12840,.F.) ;
#12876=ADVANCED_FACE('PartBody',(#12875),#12864,.F.) ;
#12900=ADVANCED_FACE('PartBody',(#12899),#12888,.F.) ;
#12924=ADVANCED_FACE('PartBody',(#12923),#12912,.F.) ;
#12943=ADVANCED_FACE('PartBody',(#12942),#12936,.F.) ;
#12985=ADVANCED_FACE('PartBody',(#12984),#4757,.T.) ;
#13014=ADVANCED_FACE('PartBody',(#13013),#12997,.F.) ;
#13038=ADVANCED_FACE('PartBody',(#13037),#13026,.F.) ;
#13062=ADVANCED_FACE('PartBody',(#13061),#13050,.F.) ;
#13081=ADVANCED_FACE('PartBody',(#13080),#13074,.F.) ;
#13267=ADVANCED_FACE('PartBody',(#13266),#4757,.T.) ;
#13296=ADVANCED_FACE('PartBody',(#13295),#13279,.F.) ;
#13320=ADVANCED_FACE('PartBody',(#13319),#13308,.F.) ;
#13344=ADVANCED_FACE('PartBody',(#13343),#13332,.F.) ;
#13368=ADVANCED_FACE('PartBody',(#13367),#13356,.F.) ;
#13392=ADVANCED_FACE('PartBody',(#13391),#13380,.F.) ;
#13416=ADVANCED_FACE('PartBody',(#13415),#13404,.F.) ;
#13440=ADVANCED_FACE('PartBody',(#13439),#13428,.F.) ;
#13464=ADVANCED_FACE('PartBody',(#13463),#13452,.F.) ;
#13488=ADVANCED_FACE('PartBody',(#13487),#13476,.F.) ;
#13512=ADVANCED_FACE('PartBody',(#13511),#13500,.F.) ;
#13536=ADVANCED_FACE('PartBody',(#13535),#13524,.F.) ;
#13560=ADVANCED_FACE('PartBody',(#13559),#13548,.F.) ;
#13584=ADVANCED_FACE('PartBody',(#13583),#13572,.F.) ;
#13608=ADVANCED_FACE('PartBody',(#13607),#13596,.F.) ;
#13632=ADVANCED_FACE('PartBody',(#13631),#13620,.F.) ;
#13656=ADVANCED_FACE('PartBody',(#13655),#13644,.F.) ;
#13680=ADVANCED_FACE('PartBody',(#13679),#13668,.F.) ;
#13704=ADVANCED_FACE('PartBody',(#13703),#13692,.F.) ;
#13728=ADVANCED_FACE('PartBody',(#13727),#13716,.F.) ;
#13752=ADVANCED_FACE('PartBody',(#13751),#13740,.F.) ;
#13776=ADVANCED_FACE('PartBody',(#13775),#13764,.F.) ;
#13795=ADVANCED_FACE('PartBody',(#13794),#13788,.F.) ;
#13981=ADVANCED_FACE('PartBody',(#13980),#4757,.T.) ;
#14010=ADVANCED_FACE('PartBody',(#14009),#13993,.F.) ;
#14034=ADVANCED_FACE('PartBody',(#14033),#14022,.F.) ;
#14058=ADVANCED_FACE('PartBody',(#14057),#14046,.F.) ;
#14082=ADVANCED_FACE('PartBody',(#14081),#14070,.F.) ;
#14106=ADVANCED_FACE('PartBody',(#14105),#14094,.F.) ;
#14130=ADVANCED_FACE('PartBody',(#14129),#14118,.F.) ;
#14154=ADVANCED_FACE('PartBody',(#14153),#14142,.F.) ;
#14178=ADVANCED_FACE('PartBody',(#14177),#14166,.F.) ;
#14202=ADVANCED_FACE('PartBody',(#14201),#14190,.F.) ;
#14226=ADVANCED_FACE('PartBody',(#14225),#14214,.F.) ;
#14250=ADVANCED_FACE('PartBody',(#14249),#14238,.F.) ;
#14274=ADVANCED_FACE('PartBody',(#14273),#14262,.F.) ;
#14298=ADVANCED_FACE('PartBody',(#14297),#14286,.F.) ;
#14322=ADVANCED_FACE('PartBody',(#14321),#14310,.F.) ;
#14346=ADVANCED_FACE('PartBody',(#14345),#14334,.F.) ;
#14370=ADVANCED_FACE('PartBody',(#14369),#14358,.F.) ;
#14394=ADVANCED_FACE('PartBody',(#14393),#14382,.F.) ;
#14418=ADVANCED_FACE('PartBody',(#14417),#14406,.F.) ;
#14442=ADVANCED_FACE('PartBody',(#14441),#14430,.F.) ;
#14466=ADVANCED_FACE('PartBody',(#14465),#14454,.F.) ;
#14490=ADVANCED_FACE('PartBody',(#14489),#14478,.F.) ;
#14509=ADVANCED_FACE('PartBody',(#14508),#14502,.F.) ;
#14791=ADVANCED_FACE('PartBody',(#14790),#4757,.T.) ;
#14820=ADVANCED_FACE('PartBody',(#14819),#14803,.F.) ;
#14844=ADVANCED_FACE('PartBody',(#14843),#14832,.F.) ;
#14868=ADVANCED_FACE('PartBody',(#14867),#14856,.F.) ;
#14892=ADVANCED_FACE('PartBody',(#14891),#14880,.F.) ;
#14916=ADVANCED_FACE('PartBody',(#14915),#14904,.F.) ;
#14940=ADVANCED_FACE('PartBody',(#14939),#14928,.F.) ;
#14964=ADVANCED_FACE('PartBody',(#14963),#14952,.F.) ;
#14988=ADVANCED_FACE('PartBody',(#14987),#14976,.F.) ;
#15012=ADVANCED_FACE('PartBody',(#15011),#15000,.F.) ;
#15036=ADVANCED_FACE('PartBody',(#15035),#15024,.F.) ;
#15060=ADVANCED_FACE('PartBody',(#15059),#15048,.F.) ;
#15084=ADVANCED_FACE('PartBody',(#15083),#15072,.F.) ;
#15108=ADVANCED_FACE('PartBody',(#15107),#15096,.F.) ;
#15132=ADVANCED_FACE('PartBody',(#15131),#15120,.F.) ;
#15156=ADVANCED_FACE('PartBody',(#15155),#15144,.F.) ;
#15180=ADVANCED_FACE('PartBody',(#15179),#15168,.F.) ;
#15204=ADVANCED_FACE('PartBody',(#15203),#15192,.F.) ;
#15228=ADVANCED_FACE('PartBody',(#15227),#15216,.F.) ;
#15252=ADVANCED_FACE('PartBody',(#15251),#15240,.F.) ;
#15276=ADVANCED_FACE('PartBody',(#15275),#15264,.F.) ;
#15300=ADVANCED_FACE('PartBody',(#15299),#15288,.F.) ;
#15324=ADVANCED_FACE('PartBody',(#15323),#15312,.F.) ;
#15348=ADVANCED_FACE('PartBody',(#15347),#15336,.F.) ;
#15372=ADVANCED_FACE('PartBody',(#15371),#15360,.F.) ;
#15396=ADVANCED_FACE('PartBody',(#15395),#15384,.F.) ;
#15420=ADVANCED_FACE('PartBody',(#15419),#15408,.F.) ;
#15444=ADVANCED_FACE('PartBody',(#15443),#15432,.F.) ;
#15468=ADVANCED_FACE('PartBody',(#15467),#15456,.F.) ;
#15492=ADVANCED_FACE('PartBody',(#15491),#15480,.F.) ;
#15516=ADVANCED_FACE('PartBody',(#15515),#15504,.F.) ;
#15540=ADVANCED_FACE('PartBody',(#15539),#15528,.F.) ;
#15564=ADVANCED_FACE('PartBody',(#15563),#15552,.F.) ;
#15588=ADVANCED_FACE('PartBody',(#15587),#15576,.F.) ;
#15607=ADVANCED_FACE('PartBody',(#15606),#15600,.F.) ;
#15697=ADVANCED_FACE('PartBody',(#15696),#4757,.T.) ;
#15726=ADVANCED_FACE('PartBody',(#15725),#15709,.F.) ;
#15750=ADVANCED_FACE('PartBody',(#15749),#15738,.F.) ;
#15769=ADVANCED_FACE('PartBody',(#15768),#8104,.F.) ;
#15793=ADVANCED_FACE('PartBody',(#15792),#15781,.F.) ;
#15812=ADVANCED_FACE('PartBody',(#15811),#15192,.F.) ;
#15836=ADVANCED_FACE('PartBody',(#15835),#15824,.F.) ;
#15855=ADVANCED_FACE('PartBody',(#15854),#15240,.F.) ;
#15879=ADVANCED_FACE('PartBody',(#15878),#15867,.F.) ;
#15898=ADVANCED_FACE('PartBody',(#15897),#7240,.F.) ;
#15917=ADVANCED_FACE('PartBody',(#15916),#15910,.F.) ;
#16105=ADVANCED_FACE('PartBody',(#15942,#15960,#15978,#15996,#16014,#16032,#16050,#16068,#16086,#16104),#4757,.T.) ;
#16134=ADVANCED_FACE('PartBody',(#16133),#16117,.F.) ;
#16148=ADVANCED_FACE('PartBody',(#16147),#16117,.F.) ;
#16177=ADVANCED_FACE('PartBody',(#16176),#16160,.T.) ;
#16191=ADVANCED_FACE('PartBody',(#16190),#16160,.T.) ;
#16220=ADVANCED_FACE('PartBody',(#16219),#16203,.T.) ;
#16234=ADVANCED_FACE('PartBody',(#16233),#16203,.T.) ;
#16263=ADVANCED_FACE('PartBody',(#16262),#16246,.T.) ;
#16277=ADVANCED_FACE('PartBody',(#16276),#16246,.T.) ;
#16306=ADVANCED_FACE('PartBody',(#16305),#16289,.T.) ;
#16320=ADVANCED_FACE('PartBody',(#16319),#16289,.T.) ;
#16349=ADVANCED_FACE('PartBody',(#16348),#16332,.T.) ;
#16363=ADVANCED_FACE('PartBody',(#16362),#16332,.T.) ;
#16392=ADVANCED_FACE('PartBody',(#16391),#16375,.T.) ;
#16406=ADVANCED_FACE('PartBody',(#16405),#16375,.T.) ;
#16435=ADVANCED_FACE('PartBody',(#16434),#16418,.T.) ;
#16449=ADVANCED_FACE('PartBody',(#16448),#16418,.T.) ;
#16478=ADVANCED_FACE('PartBody',(#16477),#16461,.T.) ;
#16492=ADVANCED_FACE('PartBody',(#16491),#16461,.T.) ;
#16521=ADVANCED_FACE('PartBody',(#16520),#16504,.T.) ;
#16535=ADVANCED_FACE('PartBody',(#16534),#16504,.T.) ;
#4=APPLICATION_PROTOCOL_DEFINITION('international standard','automotive_design',2001,#1) ;
#25=MANIFOLD_SOLID_BREP('PartBody',#34) ;
#52=CIRCLE('generated circle',#51,0.625000000002) ;
#66=CIRCLE('generated circle',#65,0.625000000002) ;
#78=CIRCLE('generated circle',#77,0.625000000002) ;
#83=CIRCLE('generated circle',#82,0.625000000002) ;
#100=CIRCLE('generated circle',#99,13.7500000001) ;
#116=CIRCLE('generated circle',#115,13.7500000001) ;
#135=CIRCLE('generated circle',#134,13.7500000001) ;
#140=CIRCLE('generated circle',#139,13.7500000001) ;
#157=CIRCLE('generated circle',#156,11.0895513298) ;
#166=CIRCLE('generated circle',#165,0.12) ;
#173=CIRCLE('generated circle',#172,10.9745137454) ;
#180=CIRCLE('generated circle',#179,0.12) ;
#192=CIRCLE('generated circle',#191,11.0895513298) ;
#197=CIRCLE('generated circle',#196,10.9745137454) ;
#221=CIRCLE('generated circle',#220,10.) ;
#240=CIRCLE('generated circle',#239,10.) ;
#271=CIRCLE('generated circle',#270,10.) ;
#278=CIRCLE('generated circle',#277,10.) ;
#291=CIRCLE('generated circle',#290,10.) ;
#298=CIRCLE('generated circle',#297,10.) ;
#323=CIRCLE('generated circle',#322,9.48474015752) ;
#348=CIRCLE('generated circle',#347,9.40600000004) ;
#364=CIRCLE('generated circle',#363,9.40600000004) ;
#383=CIRCLE('generated circle',#382,9.40600000004) ;
#388=CIRCLE('generated circle',#387,9.40600000004) ;
#405=CIRCLE('generated circle',#404,11.5) ;
#414=CIRCLE('generated circle',#413,11.5) ;
#433=CIRCLE('generated circle',#432,9.48474015752) ;
#467=CIRCLE('generated circle',#466,11.5) ;
#486=CIRCLE('generated circle',#485,11.5) ;
#515=CIRCLE('generated circle',#514,0.625000000002) ;
#524=CIRCLE('generated circle',#523,0.625000000002) ;
#533=CIRCLE('generated circle',#532,0.625000000003) ;
#542=CIRCLE('generated circle',#541,0.625000000003) ;
#551=CIRCLE('generated circle',#550,0.625000000003) ;
#560=CIRCLE('generated circle',#559,0.625000000003) ;
#569=CIRCLE('generated circle',#568,0.625000000002) ;
#578=CIRCLE('generated circle',#577,0.625000000002) ;
#587=CIRCLE('generated circle',#586,0.625000000002) ;
#596=CIRCLE('generated circle',#595,0.625000000002) ;
#605=CIRCLE('generated circle',#604,0.625000000002) ;
#614=CIRCLE('generated circle',#613,0.625000000002) ;
#623=CIRCLE('generated circle',#622,0.625000000003) ;
#632=CIRCLE('generated circle',#631,0.625000000003) ;
#641=CIRCLE('generated circle',#640,0.625000000003) ;
#650=CIRCLE('generated circle',#649,0.625000000003) ;
#659=CIRCLE('generated circle',#658,0.625000000002) ;
#668=CIRCLE('generated circle',#667,0.625000000002) ;
#677=CIRCLE('generated circle',#676,0.625000000003) ;
#686=CIRCLE('generated circle',#685,0.625000000003) ;
#695=CIRCLE('generated circle',#694,0.625000000002) ;
#704=CIRCLE('generated circle',#703,0.625000000002) ;
#713=CIRCLE('generated circle',#712,0.625000000003) ;
#722=CIRCLE('generated circle',#721,0.625000000003) ;
#731=CIRCLE('generated circle',#730,0.625000000003) ;
#740=CIRCLE('generated circle',#739,0.625000000003) ;
#749=CIRCLE('generated circle',#748,0.625000000003) ;
#758=CIRCLE('generated circle',#757,0.625000000003) ;
#767=CIRCLE('generated circle',#766,0.625000000002) ;
#776=CIRCLE('generated circle',#775,0.625000000002) ;
#785=CIRCLE('generated circle',#784,0.625000000002) ;
#794=CIRCLE('generated circle',#793,0.625000000002) ;
#803=CIRCLE('generated circle',#802,0.625000000003) ;
#812=CIRCLE('generated circle',#811,0.625000000003) ;
#821=CIRCLE('generated circle',#820,0.625000000003) ;
#830=CIRCLE('generated circle',#829,0.625000000003) ;
#839=CIRCLE('generated circle',#838,0.625000000003) ;
#848=CIRCLE('generated circle',#847,0.625000000003) ;
#877=CIRCLE('generated circle',#876,0.625000000002) ;
#889=CIRCLE('generated circle',#888,0.625000000002) ;
#920=CIRCLE('generated circle',#919,0.625000000003) ;
#932=CIRCLE('generated circle',#931,0.625000000003) ;
#963=CIRCLE('generated circle',#962,0.625000000003) ;
#975=CIRCLE('generated circle',#974,0.625000000003) ;
#1006=CIRCLE('generated circle',#1005,0.625000000003) ;
#1018=CIRCLE('generated circle',#1017,0.625000000003) ;
#1049=CIRCLE('generated circle',#1048,0.625000000003) ;
#1061=CIRCLE('generated circle',#1060,0.625000000003) ;
#1092=CIRCLE('generated circle',#1091,0.625000000002) ;
#1104=CIRCLE('generated circle',#1103,0.625000000002) ;
#1135=CIRCLE('generated circle',#1134,0.625000000003) ;
#1147=CIRCLE('generated circle',#1146,0.625000000003) ;
#1178=CIRCLE('generated circle',#1177,0.625000000002) ;
#1190=CIRCLE('generated circle',#1189,0.625000000002) ;
#1221=CIRCLE('generated circle',#1220,0.625000000002) ;
#1233=CIRCLE('generated circle',#1232,0.625000000002) ;
#1264=CIRCLE('generated circle',#1263,0.625000000002) ;
#1276=CIRCLE('generated circle',#1275,0.625000000002) ;
#1307=CIRCLE('generated circle',#1306,0.625000000002) ;
#1319=CIRCLE('generated circle',#1318,0.625000000002) ;
#1350=CIRCLE('generated circle',#1349,0.625000000003) ;
#1362=CIRCLE('generated circle',#1361,0.625000000003) ;
#1393=CIRCLE('generated circle',#1392,0.625000000003) ;
#1405=CIRCLE('generated circle',#1404,0.625000000003) ;
#1436=CIRCLE('generated circle',#1435,0.625000000003) ;
#1448=CIRCLE('generated circle',#1447,0.625000000003) ;
#1479=CIRCLE('generated circle',#1478,0.625000000003) ;
#1491=CIRCLE('generated circle',#1490,0.625000000003) ;
#1522=CIRCLE('generated circle',#1521,0.625000000002) ;
#1534=CIRCLE('generated circle',#1533,0.625000000002) ;
#1565=CIRCLE('generated circle',#1564,0.625000000003) ;
#1577=CIRCLE('generated circle',#1576,0.625000000003) ;
#1608=CIRCLE('generated circle',#1607,0.625000000003) ;
#1620=CIRCLE('generated circle',#1619,0.625000000003) ;
#1651=CIRCLE('generated circle',#1650,0.625000000002) ;
#1663=CIRCLE('generated circle',#1662,0.625000000002) ;
#1768=CIRCLE('generated circle',#1767,0.247500000001) ;
#1777=CIRCLE('generated circle',#1776,0.247500000001) ;
#1787=CIRCLE('generated circle',#1786,0.195000000001) ;
#1796=CIRCLE('generated circle',#1795,0.195000000001) ;
#4604=CIRCLE('generated circle',#4603,0.0150000000001) ;
#4613=CIRCLE('generated circle',#4612,0.0150000000001) ;
#4623=CIRCLE('generated circle',#4622,0.0150000000001) ;
#4632=CIRCLE('generated circle',#4631,0.0150000000001) ;
#4642=CIRCLE('generated circle',#4641,0.0150000000001) ;
#4651=CIRCLE('generated circle',#4650,0.0150000000001) ;
#4661=CIRCLE('generated circle',#4660,0.0150000000001) ;
#4670=CIRCLE('generated circle',#4669,0.0150000000001) ;
#4680=CIRCLE('generated circle',#4679,0.0150000000001) ;
#4689=CIRCLE('generated circle',#4688,0.0150000000001) ;
#4699=CIRCLE('generated circle',#4698,0.0150000000001) ;
#4708=CIRCLE('generated circle',#4707,0.0150000000001) ;
#4718=CIRCLE('generated circle',#4717,0.0150000000001) ;
#4727=CIRCLE('generated circle',#4726,0.0150000000001) ;
#4737=CIRCLE('generated circle',#4736,0.0150000000001) ;
#4746=CIRCLE('generated circle',#4745,0.0150000000001) ;
#15928=CIRCLE('generated circle',#15927,0.247500000001) ;
#15937=CIRCLE('generated circle',#15936,0.247500000001) ;
#15946=CIRCLE('generated circle',#15945,0.195000000001) ;
#15955=CIRCLE('generated circle',#15954,0.195000000001) ;
#15964=CIRCLE('generated circle',#15963,0.0150000000001) ;
#15973=CIRCLE('generated circle',#15972,0.0150000000001) ;
#15982=CIRCLE('generated circle',#15981,0.0150000000001) ;
#15991=CIRCLE('generated circle',#15990,0.0150000000001) ;
#16000=CIRCLE('generated circle',#15999,0.0150000000001) ;
#16009=CIRCLE('generated circle',#16008,0.0150000000001) ;
#16018=CIRCLE('generated circle',#16017,0.0150000000001) ;
#16027=CIRCLE('generated circle',#16026,0.0150000000001) ;
#16036=CIRCLE('generated circle',#16035,0.0150000000001) ;
#16045=CIRCLE('generated circle',#16044,0.0150000000001) ;
#16054=CIRCLE('generated circle',#16053,0.0150000000001) ;
#16063=CIRCLE('generated circle',#16062,0.0150000000001) ;
#16072=CIRCLE('generated circle',#16071,0.0150000000001) ;
#16081=CIRCLE('generated circle',#16080,0.0150000000001) ;
#16090=CIRCLE('generated circle',#16089,0.0150000000001) ;
#16099=CIRCLE('generated circle',#16098,0.0150000000001) ;
#26=COLOUR_RGB('Colour',0.494117647059,0.635294117647,0.592156862745) ;
#210=CONICAL_SURFACE('Cone',#209,10.,0.288588520797) ;
#312=CONICAL_SURFACE('Cone',#311,9.48474015752,0.916297857297) ;
#5872=OVER_RIDING_STYLED_ITEM(' ',(#5871),#5864,#33) ;
#5901=OVER_RIDING_STYLED_ITEM(' ',(#5900),#5894,#33) ;
#5925=OVER_RIDING_STYLED_ITEM(' ',(#5924),#5918,#33) ;
#5949=OVER_RIDING_STYLED_ITEM(' ',(#5948),#5942,#33) ;
#5973=OVER_RIDING_STYLED_ITEM(' ',(#5972),#5966,#33) ;
#5997=OVER_RIDING_STYLED_ITEM(' ',(#5996),#5990,#33) ;
#6021=OVER_RIDING_STYLED_ITEM(' ',(#6020),#6014,#33) ;
#6045=OVER_RIDING_STYLED_ITEM(' ',(#6044),#6038,#33) ;
#6069=OVER_RIDING_STYLED_ITEM(' ',(#6068),#6062,#33) ;
#6093=OVER_RIDING_STYLED_ITEM(' ',(#6092),#6086,#33) ;
#6117=OVER_RIDING_STYLED_ITEM(' ',(#6116),#6110,#33) ;
#6141=OVER_RIDING_STYLED_ITEM(' ',(#6140),#6134,#33) ;
#6165=OVER_RIDING_STYLED_ITEM(' ',(#6164),#6158,#33) ;
#6189=OVER_RIDING_STYLED_ITEM(' ',(#6188),#6182,#33) ;
#6213=OVER_RIDING_STYLED_ITEM(' ',(#6212),#6206,#33) ;
#6237=OVER_RIDING_STYLED_ITEM(' ',(#6236),#6230,#33) ;
#6261=OVER_RIDING_STYLED_ITEM(' ',(#6260),#6254,#33) ;
#6285=OVER_RIDING_STYLED_ITEM(' ',(#6284),#6278,#33) ;
#6309=OVER_RIDING_STYLED_ITEM(' ',(#6308),#6302,#33) ;
#6333=OVER_RIDING_STYLED_ITEM(' ',(#6332),#6326,#33) ;
#6357=OVER_RIDING_STYLED_ITEM(' ',(#6356),#6350,#33) ;
#6381=OVER_RIDING_STYLED_ITEM(' ',(#6380),#6374,#33) ;
#6405=OVER_RIDING_STYLED_ITEM(' ',(#6404),#6398,#33) ;
#6429=OVER_RIDING_STYLED_ITEM(' ',(#6428),#6422,#33) ;
#6453=OVER_RIDING_STYLED_ITEM(' ',(#6452),#6446,#33) ;
#6477=OVER_RIDING_STYLED_ITEM(' ',(#6476),#6470,#33) ;
#6496=OVER_RIDING_STYLED_ITEM(' ',(#6495),#6489,#33) ;
#6520=OVER_RIDING_STYLED_ITEM(' ',(#6519),#6513,#33) ;
#6544=OVER_RIDING_STYLED_ITEM(' ',(#6543),#6537,#33) ;
#6568=OVER_RIDING_STYLED_ITEM(' ',(#6567),#6561,#33) ;
#6592=OVER_RIDING_STYLED_ITEM(' ',(#6591),#6585,#33) ;
#6616=OVER_RIDING_STYLED_ITEM(' ',(#6615),#6609,#33) ;
#6640=OVER_RIDING_STYLED_ITEM(' ',(#6639),#6633,#33) ;
#6664=OVER_RIDING_STYLED_ITEM(' ',(#6663),#6657,#33) ;
#6688=OVER_RIDING_STYLED_ITEM(' ',(#6687),#6681,#33) ;
#6712=OVER_RIDING_STYLED_ITEM(' ',(#6711),#6705,#33) ;
#6736=OVER_RIDING_STYLED_ITEM(' ',(#6735),#6729,#33) ;
#6760=OVER_RIDING_STYLED_ITEM(' ',(#6759),#6753,#33) ;
#6784=OVER_RIDING_STYLED_ITEM(' ',(#6783),#6777,#33) ;
#6808=OVER_RIDING_STYLED_ITEM(' ',(#6807),#6801,#33) ;
#6832=OVER_RIDING_STYLED_ITEM(' ',(#6831),#6825,#33) ;
#6856=OVER_RIDING_STYLED_ITEM(' ',(#6855),#6849,#33) ;
#6880=OVER_RIDING_STYLED_ITEM(' ',(#6879),#6873,#33) ;
#6904=OVER_RIDING_STYLED_ITEM(' ',(#6903),#6897,#33) ;
#6928=OVER_RIDING_STYLED_ITEM(' ',(#6927),#6921,#33) ;
#6952=OVER_RIDING_STYLED_ITEM(' ',(#6951),#6945,#33) ;
#6976=OVER_RIDING_STYLED_ITEM(' ',(#6975),#6969,#33) ;
#7000=OVER_RIDING_STYLED_ITEM(' ',(#6999),#6993,#33) ;
#7019=OVER_RIDING_STYLED_ITEM(' ',(#7018),#7012,#33) ;
#7043=OVER_RIDING_STYLED_ITEM(' ',(#7042),#7036,#33) ;
#7067=OVER_RIDING_STYLED_ITEM(' ',(#7066),#7060,#33) ;
#7091=OVER_RIDING_STYLED_ITEM(' ',(#7090),#7084,#33) ;
#7115=OVER_RIDING_STYLED_ITEM(' ',(#7114),#7108,#33) ;
#7139=OVER_RIDING_STYLED_ITEM(' ',(#7138),#7132,#33) ;
#7163=OVER_RIDING_STYLED_ITEM(' ',(#7162),#7156,#33) ;
#7187=OVER_RIDING_STYLED_ITEM(' ',(#7186),#7180,#33) ;
#7211=OVER_RIDING_STYLED_ITEM(' ',(#7210),#7204,#33) ;
#7235=OVER_RIDING_STYLED_ITEM(' ',(#7234),#7228,#33) ;
#7259=OVER_RIDING_STYLED_ITEM(' ',(#7258),#7252,#33) ;
#7283=OVER_RIDING_STYLED_ITEM(' ',(#7282),#7276,#33) ;
#7307=OVER_RIDING_STYLED_ITEM(' ',(#7306),#7300,#33) ;
#7331=OVER_RIDING_STYLED_ITEM(' ',(#7330),#7324,#33) ;
#7355=OVER_RIDING_STYLED_ITEM(' ',(#7354),#7348,#33) ;
#7379=OVER_RIDING_STYLED_ITEM(' ',(#7378),#7372,#33) ;
#7403=OVER_RIDING_STYLED_ITEM(' ',(#7402),#7396,#33) ;
#7427=OVER_RIDING_STYLED_ITEM(' ',(#7426),#7420,#33) ;
#7451=OVER_RIDING_STYLED_ITEM(' ',(#7450),#7444,#33) ;
#7475=OVER_RIDING_STYLED_ITEM(' ',(#7474),#7468,#33) ;
#7499=OVER_RIDING_STYLED_ITEM(' ',(#7498),#7492,#33) ;
#7523=OVER_RIDING_STYLED_ITEM(' ',(#7522),#7516,#33) ;
#7547=OVER_RIDING_STYLED_ITEM(' ',(#7546),#7540,#33) ;
#7571=OVER_RIDING_STYLED_ITEM(' ',(#7570),#7564,#33) ;
#7595=OVER_RIDING_STYLED_ITEM(' ',(#7594),#7588,#33) ;
#7619=OVER_RIDING_STYLED_ITEM(' ',(#7618),#7612,#33) ;
#7643=OVER_RIDING_STYLED_ITEM(' ',(#7642),#7636,#33) ;
#7667=OVER_RIDING_STYLED_ITEM(' ',(#7666),#7660,#33) ;
#7691=OVER_RIDING_STYLED_ITEM(' ',(#7690),#7684,#33) ;
#7715=OVER_RIDING_STYLED_ITEM(' ',(#7714),#7708,#33) ;
#7739=OVER_RIDING_STYLED_ITEM(' ',(#7738),#7732,#33) ;
#7763=OVER_RIDING_STYLED_ITEM(' ',(#7762),#7756,#33) ;
#7787=OVER_RIDING_STYLED_ITEM(' ',(#7786),#7780,#33) ;
#7811=OVER_RIDING_STYLED_ITEM(' ',(#7810),#7804,#33) ;
#7835=OVER_RIDING_STYLED_ITEM(' ',(#7834),#7828,#33) ;
#7859=OVER_RIDING_STYLED_ITEM(' ',(#7858),#7852,#33) ;
#7883=OVER_RIDING_STYLED_ITEM(' ',(#7882),#7876,#33) ;
#7907=OVER_RIDING_STYLED_ITEM(' ',(#7906),#7900,#33) ;
#7931=OVER_RIDING_STYLED_ITEM(' ',(#7930),#7924,#33) ;
#7955=OVER_RIDING_STYLED_ITEM(' ',(#7954),#7948,#33) ;
#7979=OVER_RIDING_STYLED_ITEM(' ',(#7978),#7972,#33) ;
#8003=OVER_RIDING_STYLED_ITEM(' ',(#8002),#7996,#33) ;
#8027=OVER_RIDING_STYLED_ITEM(' ',(#8026),#8020,#33) ;
#8051=OVER_RIDING_STYLED_ITEM(' ',(#8050),#8044,#33) ;
#8075=OVER_RIDING_STYLED_ITEM(' ',(#8074),#8068,#33) ;
#8099=OVER_RIDING_STYLED_ITEM(' ',(#8098),#8092,#33) ;
#8123=OVER_RIDING_STYLED_ITEM(' ',(#8122),#8116,#33) ;
#8142=OVER_RIDING_STYLED_ITEM(' ',(#8141),#8135,#33) ;
#8161=OVER_RIDING_STYLED_ITEM(' ',(#8160),#8154,#33) ;
#8185=OVER_RIDING_STYLED_ITEM(' ',(#8184),#8178,#33) ;
#8209=OVER_RIDING_STYLED_ITEM(' ',(#8208),#8202,#33) ;
#8233=OVER_RIDING_STYLED_ITEM(' ',(#8232),#8226,#33) ;
#8257=OVER_RIDING_STYLED_ITEM(' ',(#8256),#8250,#33) ;
#8281=OVER_RIDING_STYLED_ITEM(' ',(#8280),#8274,#33) ;
#8305=OVER_RIDING_STYLED_ITEM(' ',(#8304),#8298,#33) ;
#8329=OVER_RIDING_STYLED_ITEM(' ',(#8328),#8322,#33) ;
#8353=OVER_RIDING_STYLED_ITEM(' ',(#8352),#8346,#33) ;
#8377=OVER_RIDING_STYLED_ITEM(' ',(#8376),#8370,#33) ;
#8401=OVER_RIDING_STYLED_ITEM(' ',(#8400),#8394,#33) ;
#8425=OVER_RIDING_STYLED_ITEM(' ',(#8424),#8418,#33) ;
#8449=OVER_RIDING_STYLED_ITEM(' ',(#8448),#8442,#33) ;
#8473=OVER_RIDING_STYLED_ITEM(' ',(#8472),#8466,#33) ;
#8497=OVER_RIDING_STYLED_ITEM(' ',(#8496),#8490,#33) ;
#8521=OVER_RIDING_STYLED_ITEM(' ',(#8520),#8514,#33) ;
#8545=OVER_RIDING_STYLED_ITEM(' ',(#8544),#8538,#33) ;
#8569=OVER_RIDING_STYLED_ITEM(' ',(#8568),#8562,#33) ;
#8593=OVER_RIDING_STYLED_ITEM(' ',(#8592),#8586,#33) ;
#8617=OVER_RIDING_STYLED_ITEM(' ',(#8616),#8610,#33) ;
#8641=OVER_RIDING_STYLED_ITEM(' ',(#8640),#8634,#33) ;
#8665=OVER_RIDING_STYLED_ITEM(' ',(#8664),#8658,#33) ;
#8689=OVER_RIDING_STYLED_ITEM(' ',(#8688),#8682,#33) ;
#8713=OVER_RIDING_STYLED_ITEM(' ',(#8712),#8706,#33) ;
#8737=OVER_RIDING_STYLED_ITEM(' ',(#8736),#8730,#33) ;
#8761=OVER_RIDING_STYLED_ITEM(' ',(#8760),#8754,#33) ;
#8785=OVER_RIDING_STYLED_ITEM(' ',(#8784),#8778,#33) ;
#8809=OVER_RIDING_STYLED_ITEM(' ',(#8808),#8802,#33) ;
#8833=OVER_RIDING_STYLED_ITEM(' ',(#8832),#8826,#33) ;
#8857=OVER_RIDING_STYLED_ITEM(' ',(#8856),#8850,#33) ;
#8881=OVER_RIDING_STYLED_ITEM(' ',(#8880),#8874,#33) ;
#8905=OVER_RIDING_STYLED_ITEM(' ',(#8904),#8898,#33) ;
#8929=OVER_RIDING_STYLED_ITEM(' ',(#8928),#8922,#33) ;
#8953=OVER_RIDING_STYLED_ITEM(' ',(#8952),#8946,#33) ;
#8977=OVER_RIDING_STYLED_ITEM(' ',(#8976),#8970,#33) ;
#9001=OVER_RIDING_STYLED_ITEM(' ',(#9000),#8994,#33) ;
#9025=OVER_RIDING_STYLED_ITEM(' ',(#9024),#9018,#33) ;
#9049=OVER_RIDING_STYLED_ITEM(' ',(#9048),#9042,#33) ;
#9073=OVER_RIDING_STYLED_ITEM(' ',(#9072),#9066,#33) ;
#9097=OVER_RIDING_STYLED_ITEM(' ',(#9096),#9090,#33) ;
#9121=OVER_RIDING_STYLED_ITEM(' ',(#9120),#9114,#33) ;
#9145=OVER_RIDING_STYLED_ITEM(' ',(#9144),#9138,#33) ;
#9164=OVER_RIDING_STYLED_ITEM(' ',(#9163),#9157,#33) ;
#10118=OVER_RIDING_STYLED_ITEM(' ',(#10117),#10111,#33) ;
#10147=OVER_RIDING_STYLED_ITEM(' ',(#10146),#10140,#33) ;
#10171=OVER_RIDING_STYLED_ITEM(' ',(#10170),#10164,#33) ;
#10195=OVER_RIDING_STYLED_ITEM(' ',(#10194),#10188,#33) ;
#10219=OVER_RIDING_STYLED_ITEM(' ',(#10218),#10212,#33) ;
#10243=OVER_RIDING_STYLED_ITEM(' ',(#10242),#10236,#33) ;
#10267=OVER_RIDING_STYLED_ITEM(' ',(#10266),#10260,#33) ;
#10291=OVER_RIDING_STYLED_ITEM(' ',(#10290),#10284,#33) ;
#10315=OVER_RIDING_STYLED_ITEM(' ',(#10314),#10308,#33) ;
#10339=OVER_RIDING_STYLED_ITEM(' ',(#10338),#10332,#33) ;
#10363=OVER_RIDING_STYLED_ITEM(' ',(#10362),#10356,#33) ;
#10387=OVER_RIDING_STYLED_ITEM(' ',(#10386),#10380,#33) ;
#10411=OVER_RIDING_STYLED_ITEM(' ',(#10410),#10404,#33) ;
#10435=OVER_RIDING_STYLED_ITEM(' ',(#10434),#10428,#33) ;
#10459=OVER_RIDING_STYLED_ITEM(' ',(#10458),#10452,#33) ;
#10483=OVER_RIDING_STYLED_ITEM(' ',(#10482),#10476,#33) ;
#10507=OVER_RIDING_STYLED_ITEM(' ',(#10506),#10500,#33) ;
#10531=OVER_RIDING_STYLED_ITEM(' ',(#10530),#10524,#33) ;
#10555=OVER_RIDING_STYLED_ITEM(' ',(#10554),#10548,#33) ;
#10579=OVER_RIDING_STYLED_ITEM(' ',(#10578),#10572,#33) ;
#10603=OVER_RIDING_STYLED_ITEM(' ',(#10602),#10596,#33) ;
#10627=OVER_RIDING_STYLED_ITEM(' ',(#10626),#10620,#33) ;
#10651=OVER_RIDING_STYLED_ITEM(' ',(#10650),#10644,#33) ;
#10675=OVER_RIDING_STYLED_ITEM(' ',(#10674),#10668,#33) ;
#10699=OVER_RIDING_STYLED_ITEM(' ',(#10698),#10692,#33) ;
#10723=OVER_RIDING_STYLED_ITEM(' ',(#10722),#10716,#33) ;
#10747=OVER_RIDING_STYLED_ITEM(' ',(#10746),#10740,#33) ;
#10771=OVER_RIDING_STYLED_ITEM(' ',(#10770),#10764,#33) ;
#10795=OVER_RIDING_STYLED_ITEM(' ',(#10794),#10788,#33) ;
#10819=OVER_RIDING_STYLED_ITEM(' ',(#10818),#10812,#33) ;
#10843=OVER_RIDING_STYLED_ITEM(' ',(#10842),#10836,#33) ;
#10867=OVER_RIDING_STYLED_ITEM(' ',(#10866),#10860,#33) ;
#10891=OVER_RIDING_STYLED_ITEM(' ',(#10890),#10884,#33) ;
#10915=OVER_RIDING_STYLED_ITEM(' ',(#10914),#10908,#33) ;
#10939=OVER_RIDING_STYLED_ITEM(' ',(#10938),#10932,#33) ;
#10963=OVER_RIDING_STYLED_ITEM(' ',(#10962),#10956,#33) ;
#10987=OVER_RIDING_STYLED_ITEM(' ',(#10986),#10980,#33) ;
#11011=OVER_RIDING_STYLED_ITEM(' ',(#11010),#11004,#33) ;
#11035=OVER_RIDING_STYLED_ITEM(' ',(#11034),#11028,#33) ;
#11059=OVER_RIDING_STYLED_ITEM(' ',(#11058),#11052,#33) ;
#11083=OVER_RIDING_STYLED_ITEM(' ',(#11082),#11076,#33) ;
#11107=OVER_RIDING_STYLED_ITEM(' ',(#11106),#11100,#33) ;
#11131=OVER_RIDING_STYLED_ITEM(' ',(#11130),#11124,#33) ;
#11155=OVER_RIDING_STYLED_ITEM(' ',(#11154),#11148,#33) ;
#11179=OVER_RIDING_STYLED_ITEM(' ',(#11178),#11172,#33) ;
#11203=OVER_RIDING_STYLED_ITEM(' ',(#11202),#11196,#33) ;
#11227=OVER_RIDING_STYLED_ITEM(' ',(#11226),#11220,#33) ;
#11251=OVER_RIDING_STYLED_ITEM(' ',(#11250),#11244,#33) ;
#11275=OVER_RIDING_STYLED_ITEM(' ',(#11274),#11268,#33) ;
#11299=OVER_RIDING_STYLED_ITEM(' ',(#11298),#11292,#33) ;
#11323=OVER_RIDING_STYLED_ITEM(' ',(#11322),#11316,#33) ;
#11347=OVER_RIDING_STYLED_ITEM(' ',(#11346),#11340,#33) ;
#11371=OVER_RIDING_STYLED_ITEM(' ',(#11370),#11364,#33) ;
#11395=OVER_RIDING_STYLED_ITEM(' ',(#11394),#11388,#33) ;
#11419=OVER_RIDING_STYLED_ITEM(' ',(#11418),#11412,#33) ;
#11443=OVER_RIDING_STYLED_ITEM(' ',(#11442),#11436,#33) ;
#11467=OVER_RIDING_STYLED_ITEM(' ',(#11466),#11460,#33) ;
#11491=OVER_RIDING_STYLED_ITEM(' ',(#11490),#11484,#33) ;
#11515=OVER_RIDING_STYLED_ITEM(' ',(#11514),#11508,#33) ;
#11539=OVER_RIDING_STYLED_ITEM(' ',(#11538),#11532,#33) ;
#11563=OVER_RIDING_STYLED_ITEM(' ',(#11562),#11556,#33) ;
#11587=OVER_RIDING_STYLED_ITEM(' ',(#11586),#11580,#33) ;
#11611=OVER_RIDING_STYLED_ITEM(' ',(#11610),#11604,#33) ;
#11635=OVER_RIDING_STYLED_ITEM(' ',(#11634),#11628,#33) ;
#11659=OVER_RIDING_STYLED_ITEM(' ',(#11658),#11652,#33) ;
#11683=OVER_RIDING_STYLED_ITEM(' ',(#11682),#11676,#33) ;
#11707=OVER_RIDING_STYLED_ITEM(' ',(#11706),#11700,#33) ;
#11731=OVER_RIDING_STYLED_ITEM(' ',(#11730),#11724,#33) ;
#11755=OVER_RIDING_STYLED_ITEM(' ',(#11754),#11748,#33) ;
#11779=OVER_RIDING_STYLED_ITEM(' ',(#11778),#11772,#33) ;
#11803=OVER_RIDING_STYLED_ITEM(' ',(#11802),#11796,#33) ;
#11827=OVER_RIDING_STYLED_ITEM(' ',(#11826),#11820,#33) ;
#11851=OVER_RIDING_STYLED_ITEM(' ',(#11850),#11844,#33) ;
#11875=OVER_RIDING_STYLED_ITEM(' ',(#11874),#11868,#33) ;
#11899=OVER_RIDING_STYLED_ITEM(' ',(#11898),#11892,#33) ;
#11923=OVER_RIDING_STYLED_ITEM(' ',(#11922),#11916,#33) ;
#11947=OVER_RIDING_STYLED_ITEM(' ',(#11946),#11940,#33) ;
#11971=OVER_RIDING_STYLED_ITEM(' ',(#11970),#11964,#33) ;
#11995=OVER_RIDING_STYLED_ITEM(' ',(#11994),#11988,#33) ;
#12019=OVER_RIDING_STYLED_ITEM(' ',(#12018),#12012,#33) ;
#12043=OVER_RIDING_STYLED_ITEM(' ',(#12042),#12036,#33) ;
#12067=OVER_RIDING_STYLED_ITEM(' ',(#12066),#12060,#33) ;
#12091=OVER_RIDING_STYLED_ITEM(' ',(#12090),#12084,#33) ;
#12115=OVER_RIDING_STYLED_ITEM(' ',(#12114),#12108,#33) ;
#12139=OVER_RIDING_STYLED_ITEM(' ',(#12138),#12132,#33) ;
#12163=OVER_RIDING_STYLED_ITEM(' ',(#12162),#12156,#33) ;
#12187=OVER_RIDING_STYLED_ITEM(' ',(#12186),#12180,#33) ;
#12211=OVER_RIDING_STYLED_ITEM(' ',(#12210),#12204,#33) ;
#12235=OVER_RIDING_STYLED_ITEM(' ',(#12234),#12228,#33) ;
#12259=OVER_RIDING_STYLED_ITEM(' ',(#12258),#12252,#33) ;
#12283=OVER_RIDING_STYLED_ITEM(' ',(#12282),#12276,#33) ;
#12307=OVER_RIDING_STYLED_ITEM(' ',(#12306),#12300,#33) ;
#12331=OVER_RIDING_STYLED_ITEM(' ',(#12330),#12324,#33) ;
#12355=OVER_RIDING_STYLED_ITEM(' ',(#12354),#12348,#33) ;
#12379=OVER_RIDING_STYLED_ITEM(' ',(#12378),#12372,#33) ;
#12403=OVER_RIDING_STYLED_ITEM(' ',(#12402),#12396,#33) ;
#12427=OVER_RIDING_STYLED_ITEM(' ',(#12426),#12420,#33) ;
#12451=OVER_RIDING_STYLED_ITEM(' ',(#12450),#12444,#33) ;
#12475=OVER_RIDING_STYLED_ITEM(' ',(#12474),#12468,#33) ;
#12499=OVER_RIDING_STYLED_ITEM(' ',(#12498),#12492,#33) ;
#12523=OVER_RIDING_STYLED_ITEM(' ',(#12522),#12516,#33) ;
#12547=OVER_RIDING_STYLED_ITEM(' ',(#12546),#12540,#33) ;
#12571=OVER_RIDING_STYLED_ITEM(' ',(#12570),#12564,#33) ;
#12595=OVER_RIDING_STYLED_ITEM(' ',(#12594),#12588,#33) ;
#12619=OVER_RIDING_STYLED_ITEM(' ',(#12618),#12612,#33) ;
#12643=OVER_RIDING_STYLED_ITEM(' ',(#12642),#12636,#33) ;
#12667=OVER_RIDING_STYLED_ITEM(' ',(#12666),#12660,#33) ;
#12691=OVER_RIDING_STYLED_ITEM(' ',(#12690),#12684,#33) ;
#12715=OVER_RIDING_STYLED_ITEM(' ',(#12714),#12708,#33) ;
#12739=OVER_RIDING_STYLED_ITEM(' ',(#12738),#12732,#33) ;
#12763=OVER_RIDING_STYLED_ITEM(' ',(#12762),#12756,#33) ;
#12787=OVER_RIDING_STYLED_ITEM(' ',(#12786),#12780,#33) ;
#12811=OVER_RIDING_STYLED_ITEM(' ',(#12810),#12804,#33) ;
#12835=OVER_RIDING_STYLED_ITEM(' ',(#12834),#12828,#33) ;
#12859=OVER_RIDING_STYLED_ITEM(' ',(#12858),#12852,#33) ;
#12883=OVER_RIDING_STYLED_ITEM(' ',(#12882),#12876,#33) ;
#12907=OVER_RIDING_STYLED_ITEM(' ',(#12906),#12900,#33) ;
#12931=OVER_RIDING_STYLED_ITEM(' ',(#12930),#12924,#33) ;
#12950=OVER_RIDING_STYLED_ITEM(' ',(#12949),#12943,#33) ;
#12992=OVER_RIDING_STYLED_ITEM(' ',(#12991),#12985,#33) ;
#13021=OVER_RIDING_STYLED_ITEM(' ',(#13020),#13014,#33) ;
#13045=OVER_RIDING_STYLED_ITEM(' ',(#13044),#13038,#33) ;
#13069=OVER_RIDING_STYLED_ITEM(' ',(#13068),#13062,#33) ;
#13088=OVER_RIDING_STYLED_ITEM(' ',(#13087),#13081,#33) ;
#13274=OVER_RIDING_STYLED_ITEM(' ',(#13273),#13267,#33) ;
#13303=OVER_RIDING_STYLED_ITEM(' ',(#13302),#13296,#33) ;
#13327=OVER_RIDING_STYLED_ITEM(' ',(#13326),#13320,#33) ;
#13351=OVER_RIDING_STYLED_ITEM(' ',(#13350),#13344,#33) ;
#13375=OVER_RIDING_STYLED_ITEM(' ',(#13374),#13368,#33) ;
#13399=OVER_RIDING_STYLED_ITEM(' ',(#13398),#13392,#33) ;
#13423=OVER_RIDING_STYLED_ITEM(' ',(#13422),#13416,#33) ;
#13447=OVER_RIDING_STYLED_ITEM(' ',(#13446),#13440,#33) ;
#13471=OVER_RIDING_STYLED_ITEM(' ',(#13470),#13464,#33) ;
#13495=OVER_RIDING_STYLED_ITEM(' ',(#13494),#13488,#33) ;
#13519=OVER_RIDING_STYLED_ITEM(' ',(#13518),#13512,#33) ;
#13543=OVER_RIDING_STYLED_ITEM(' ',(#13542),#13536,#33) ;
#13567=OVER_RIDING_STYLED_ITEM(' ',(#13566),#13560,#33) ;
#13591=OVER_RIDING_STYLED_ITEM(' ',(#13590),#13584,#33) ;
#13615=OVER_RIDING_STYLED_ITEM(' ',(#13614),#13608,#33) ;
#13639=OVER_RIDING_STYLED_ITEM(' ',(#13638),#13632,#33) ;
#13663=OVER_RIDING_STYLED_ITEM(' ',(#13662),#13656,#33) ;
#13687=OVER_RIDING_STYLED_ITEM(' ',(#13686),#13680,#33) ;
#13711=OVER_RIDING_STYLED_ITEM(' ',(#13710),#13704,#33) ;
#13735=OVER_RIDING_STYLED_ITEM(' ',(#13734),#13728,#33) ;
#13759=OVER_RIDING_STYLED_ITEM(' ',(#13758),#13752,#33) ;
#13783=OVER_RIDING_STYLED_ITEM(' ',(#13782),#13776,#33) ;
#13802=OVER_RIDING_STYLED_ITEM(' ',(#13801),#13795,#33) ;
#13988=OVER_RIDING_STYLED_ITEM(' ',(#13987),#13981,#33) ;
#14017=OVER_RIDING_STYLED_ITEM(' ',(#14016),#14010,#33) ;
#14041=OVER_RIDING_STYLED_ITEM(' ',(#14040),#14034,#33) ;
#14065=OVER_RIDING_STYLED_ITEM(' ',(#14064),#14058,#33) ;
#14089=OVER_RIDING_STYLED_ITEM(' ',(#14088),#14082,#33) ;
#14113=OVER_RIDING_STYLED_ITEM(' ',(#14112),#14106,#33) ;
#14137=OVER_RIDING_STYLED_ITEM(' ',(#14136),#14130,#33) ;
#14161=OVER_RIDING_STYLED_ITEM(' ',(#14160),#14154,#33) ;
#14185=OVER_RIDING_STYLED_ITEM(' ',(#14184),#14178,#33) ;
#14209=OVER_RIDING_STYLED_ITEM(' ',(#14208),#14202,#33) ;
#14233=OVER_RIDING_STYLED_ITEM(' ',(#14232),#14226,#33) ;
#14257=OVER_RIDING_STYLED_ITEM(' ',(#14256),#14250,#33) ;
#14281=OVER_RIDING_STYLED_ITEM(' ',(#14280),#14274,#33) ;
#14305=OVER_RIDING_STYLED_ITEM(' ',(#14304),#14298,#33) ;
#14329=OVER_RIDING_STYLED_ITEM(' ',(#14328),#14322,#33) ;
#14353=OVER_RIDING_STYLED_ITEM(' ',(#14352),#14346,#33) ;
#14377=OVER_RIDING_STYLED_ITEM(' ',(#14376),#14370,#33) ;
#14401=OVER_RIDING_STYLED_ITEM(' ',(#14400),#14394,#33) ;
#14425=OVER_RIDING_STYLED_ITEM(' ',(#14424),#14418,#33) ;
#14449=OVER_RIDING_STYLED_ITEM(' ',(#14448),#14442,#33) ;
#14473=OVER_RIDING_STYLED_ITEM(' ',(#14472),#14466,#33) ;
#14497=OVER_RIDING_STYLED_ITEM(' ',(#14496),#14490,#33) ;
#14516=OVER_RIDING_STYLED_ITEM(' ',(#14515),#14509,#33) ;
#14798=OVER_RIDING_STYLED_ITEM(' ',(#14797),#14791,#33) ;
#14827=OVER_RIDING_STYLED_ITEM(' ',(#14826),#14820,#33) ;
#14851=OVER_RIDING_STYLED_ITEM(' ',(#14850),#14844,#33) ;
#14875=OVER_RIDING_STYLED_ITEM(' ',(#14874),#14868,#33) ;
#14899=OVER_RIDING_STYLED_ITEM(' ',(#14898),#14892,#33) ;
#14923=OVER_RIDING_STYLED_ITEM(' ',(#14922),#14916,#33) ;
#14947=OVER_RIDING_STYLED_ITEM(' ',(#14946),#14940,#33) ;
#14971=OVER_RIDING_STYLED_ITEM(' ',(#14970),#14964,#33) ;
#14995=OVER_RIDING_STYLED_ITEM(' ',(#14994),#14988,#33) ;
#15019=OVER_RIDING_STYLED_ITEM(' ',(#15018),#15012,#33) ;
#15043=OVER_RIDING_STYLED_ITEM(' ',(#15042),#15036,#33) ;
#15067=OVER_RIDING_STYLED_ITEM(' ',(#15066),#15060,#33) ;
#15091=OVER_RIDING_STYLED_ITEM(' ',(#15090),#15084,#33) ;
#15115=OVER_RIDING_STYLED_ITEM(' ',(#15114),#15108,#33) ;
#15139=OVER_RIDING_STYLED_ITEM(' ',(#15138),#15132,#33) ;
#15163=OVER_RIDING_STYLED_ITEM(' ',(#15162),#15156,#33) ;
#15187=OVER_RIDING_STYLED_ITEM(' ',(#15186),#15180,#33) ;
#15211=OVER_RIDING_STYLED_ITEM(' ',(#15210),#15204,#33) ;
#15235=OVER_RIDING_STYLED_ITEM(' ',(#15234),#15228,#33) ;
#15259=OVER_RIDING_STYLED_ITEM(' ',(#15258),#15252,#33) ;
#15283=OVER_RIDING_STYLED_ITEM(' ',(#15282),#15276,#33) ;
#15307=OVER_RIDING_STYLED_ITEM(' ',(#15306),#15300,#33) ;
#15331=OVER_RIDING_STYLED_ITEM(' ',(#15330),#15324,#33) ;
#15355=OVER_RIDING_STYLED_ITEM(' ',(#15354),#15348,#33) ;
#15379=OVER_RIDING_STYLED_ITEM(' ',(#15378),#15372,#33) ;
#15403=OVER_RIDING_STYLED_ITEM(' ',(#15402),#15396,#33) ;
#15427=OVER_RIDING_STYLED_ITEM(' ',(#15426),#15420,#33) ;
#15451=OVER_RIDING_STYLED_ITEM(' ',(#15450),#15444,#33) ;
#15475=OVER_RIDING_STYLED_ITEM(' ',(#15474),#15468,#33) ;
#15499=OVER_RIDING_STYLED_ITEM(' ',(#15498),#15492,#33) ;
#15523=OVER_RIDING_STYLED_ITEM(' ',(#15522),#15516,#33) ;
#15547=OVER_RIDING_STYLED_ITEM(' ',(#15546),#15540,#33) ;
#15571=OVER_RIDING_STYLED_ITEM(' ',(#15570),#15564,#33) ;
#15595=OVER_RIDING_STYLED_ITEM(' ',(#15594),#15588,#33) ;
#15614=OVER_RIDING_STYLED_ITEM(' ',(#15613),#15607,#33) ;
#15704=OVER_RIDING_STYLED_ITEM(' ',(#15703),#15697,#33) ;
#15733=OVER_RIDING_STYLED_ITEM(' ',(#15732),#15726,#33) ;
#15757=OVER_RIDING_STYLED_ITEM(' ',(#15756),#15750,#33) ;
#15776=OVER_RIDING_STYLED_ITEM(' ',(#15775),#15769,#33) ;
#15800=OVER_RIDING_STYLED_ITEM(' ',(#15799),#15793,#33) ;
#15819=OVER_RIDING_STYLED_ITEM(' ',(#15818),#15812,#33) ;
#15843=OVER_RIDING_STYLED_ITEM(' ',(#15842),#15836,#33) ;
#15862=OVER_RIDING_STYLED_ITEM(' ',(#15861),#15855,#33) ;
#15886=OVER_RIDING_STYLED_ITEM(' ',(#15885),#15879,#33) ;
#15905=OVER_RIDING_STYLED_ITEM(' ',(#15904),#15898,#33) ;
#15924=OVER_RIDING_STYLED_ITEM(' ',(#15923),#15917,#33) ;
#16112=OVER_RIDING_STYLED_ITEM(' ',(#16111),#16105,#33) ;
#16141=OVER_RIDING_STYLED_ITEM(' ',(#16140),#16134,#33) ;
#16155=OVER_RIDING_STYLED_ITEM(' ',(#16154),#16148,#33) ;
#16184=OVER_RIDING_STYLED_ITEM(' ',(#16183),#16177,#33) ;
#16198=OVER_RIDING_STYLED_ITEM(' ',(#16197),#16191,#33) ;
#16227=OVER_RIDING_STYLED_ITEM(' ',(#16226),#16220,#33) ;
#16241=OVER_RIDING_STYLED_ITEM(' ',(#16240),#16234,#33) ;
#16270=OVER_RIDING_STYLED_ITEM(' ',(#16269),#16263,#33) ;
#16284=OVER_RIDING_STYLED_ITEM(' ',(#16283),#16277,#33) ;
#16313=OVER_RIDING_STYLED_ITEM(' ',(#16312),#16306,#33) ;
#16327=OVER_RIDING_STYLED_ITEM(' ',(#16326),#16320,#33) ;
#16356=OVER_RIDING_STYLED_ITEM(' ',(#16355),#16349,#33) ;
#16370=OVER_RIDING_STYLED_ITEM(' ',(#16369),#16363,#33) ;
#16399=OVER_RIDING_STYLED_ITEM(' ',(#16398),#16392,#33) ;
#16413=OVER_RIDING_STYLED_ITEM(' ',(#16412),#16406,#33) ;
#16442=OVER_RIDING_STYLED_ITEM(' ',(#16441),#16435,#33) ;
#16456=OVER_RIDING_STYLED_ITEM(' ',(#16455),#16449,#33) ;
#16485=OVER_RIDING_STYLED_ITEM(' ',(#16484),#16478,#33) ;
#16499=OVER_RIDING_STYLED_ITEM(' ',(#16498),#16492,#33) ;
#16528=OVER_RIDING_STYLED_ITEM(' ',(#16527),#16521,#33) ;
#16542=OVER_RIDING_STYLED_ITEM(' ',(#16541),#16535,#33) ;
#39=CYLINDRICAL_SURFACE('generated cylinder',#38,0.625000000002) ;
#96=CYLINDRICAL_SURFACE('generated cylinder',#95,13.7500000001) ;
#253=CYLINDRICAL_SURFACE('generated cylinder',#252,10.) ;
#344=CYLINDRICAL_SURFACE('generated cylinder',#343,9.40600000004) ;
#456=CYLINDRICAL_SURFACE('generated cylinder',#455,11.5) ;
#859=CYLINDRICAL_SURFACE('generated cylinder',#858,0.625000000002) ;
#902=CYLINDRICAL_SURFACE('generated cylinder',#901,0.625000000003) ;
#945=CYLINDRICAL_SURFACE('generated cylinder',#944,0.625000000003) ;
#988=CYLINDRICAL_SURFACE('generated cylinder',#987,0.625000000003) ;
#1031=CYLINDRICAL_SURFACE('generated cylinder',#1030,0.625000000003) ;
#1074=CYLINDRICAL_SURFACE('generated cylinder',#1073,0.625000000002) ;
#1117=CYLINDRICAL_SURFACE('generated cylinder',#1116,0.625000000003) ;
#1160=CYLINDRICAL_SURFACE('generated cylinder',#1159,0.625000000002) ;
#1203=CYLINDRICAL_SURFACE('generated cylinder',#1202,0.625000000002) ;
#1246=CYLINDRICAL_SURFACE('generated cylinder',#1245,0.625000000002) ;
#1289=CYLINDRICAL_SURFACE('generated cylinder',#1288,0.625000000002) ;
#1332=CYLINDRICAL_SURFACE('generated cylinder',#1331,0.625000000003) ;
#1375=CYLINDRICAL_SURFACE('generated cylinder',#1374,0.625000000003) ;
#1418=CYLINDRICAL_SURFACE('generated cylinder',#1417,0.625000000003) ;
#1461=CYLINDRICAL_SURFACE('generated cylinder',#1460,0.625000000003) ;
#1504=CYLINDRICAL_SURFACE('generated cylinder',#1503,0.625000000002) ;
#1547=CYLINDRICAL_SURFACE('generated cylinder',#1546,0.625000000003) ;
#1590=CYLINDRICAL_SURFACE('generated cylinder',#1589,0.625000000003) ;
#1633=CYLINDRICAL_SURFACE('generated cylinder',#1632,0.625000000002) ;
#16117=CYLINDRICAL_SURFACE('generated cylinder',#16116,0.247500000001) ;
#16160=CYLINDRICAL_SURFACE('generated cylinder',#16159,0.195000000001) ;
#16203=CYLINDRICAL_SURFACE('generated cylinder',#16202,0.0150000000001) ;
#16246=CYLINDRICAL_SURFACE('generated cylinder',#16245,0.0150000000001) ;
#16289=CYLINDRICAL_SURFACE('generated cylinder',#16288,0.0150000000001) ;
#16332=CYLINDRICAL_SURFACE('generated cylinder',#16331,0.0150000000001) ;
#16375=CYLINDRICAL_SURFACE('generated cylinder',#16374,0.0150000000001) ;
#16418=CYLINDRICAL_SURFACE('generated cylinder',#16417,0.0150000000001) ;
#16461=CYLINDRICAL_SURFACE('generated cylinder',#16460,0.0150000000001) ;
#16504=CYLINDRICAL_SURFACE('generated cylinder',#16503,0.0150000000001) ;
#153=TOROIDAL_SURFACE('homeo Torus',#152,11.0895513298,0.12) ;
#5865=DRAUGHTING_PRE_DEFINED_COLOUR('green') ;
#48=EDGE_CURVE('',#45,#47,#43,.F.) ;
#55=EDGE_CURVE('',#45,#54,#52,.T.) ;
#62=EDGE_CURVE('',#54,#61,#59,.F.) ;
#67=EDGE_CURVE('',#47,#61,#66,.T.) ;
#79=EDGE_CURVE('',#54,#45,#78,.T.) ;
#84=EDGE_CURVE('',#61,#47,#83,.T.) ;
#105=EDGE_CURVE('',#102,#104,#100,.T.) ;
#112=EDGE_CURVE('',#102,#111,#109,.F.) ;
#119=EDGE_CURVE('',#111,#118,#116,.T.) ;
#124=EDGE_CURVE('',#104,#118,#123,.F.) ;
#136=EDGE_CURVE('',#104,#102,#135,.T.) ;
#141=EDGE_CURVE('',#118,#111,#140,.T.) ;
#162=EDGE_CURVE('',#159,#161,#157,.T.) ;
#169=EDGE_CURVE('',#159,#168,#166,.T.) ;
#176=EDGE_CURVE('',#168,#175,#173,.T.) ;
#181=EDGE_CURVE('',#161,#175,#180,.T.) ;
#193=EDGE_CURVE('',#161,#159,#192,.T.) ;
#198=EDGE_CURVE('',#175,#168,#197,.T.) ;
#217=EDGE_CURVE('',#168,#216,#214,.F.) ;
#224=EDGE_CURVE('',#216,#223,#221,.T.) ;
#229=EDGE_CURVE('',#175,#223,#228,.F.) ;
#241=EDGE_CURVE('',#223,#216,#240,.T.) ;
#260=EDGE_CURVE('',#223,#259,#257,.F.) ;
#267=EDGE_CURVE('',#216,#266,#264,.F.) ;
#274=EDGE_CURVE('',#273,#266,#271,.F.) ;
#279=EDGE_CURVE('',#273,#259,#278,.T.) ;
#294=EDGE_CURVE('',#293,#259,#291,.F.) ;
#299=EDGE_CURVE('',#293,#266,#298,.T.) ;
#319=EDGE_CURVE('',#318,#273,#316,.T.) ;
#326=EDGE_CURVE('',#325,#318,#323,.F.) ;
#331=EDGE_CURVE('',#325,#293,#330,.T.) ;
#353=EDGE_CURVE('',#350,#352,#348,.T.) ;
#360=EDGE_CURVE('',#350,#359,#357,.T.) ;
#367=EDGE_CURVE('',#359,#366,#364,.T.) ;
#372=EDGE_CURVE('',#352,#366,#371,.T.) ;
#384=EDGE_CURVE('',#352,#350,#383,.T.) ;
#389=EDGE_CURVE('',#366,#359,#388,.T.) ;
#410=EDGE_CURVE('',#407,#409,#405,.T.) ;
#415=EDGE_CURVE('',#409,#407,#414,.T.) ;
#434=EDGE_CURVE('',#318,#325,#433,.F.) ;
#463=EDGE_CURVE('',#407,#462,#460,.F.) ;
#470=EDGE_CURVE('',#462,#469,#467,.T.) ;
#475=EDGE_CURVE('',#409,#469,#474,.F.) ;
#487=EDGE_CURVE('',#469,#462,#486,.T.) ;
#520=EDGE_CURVE('',#517,#519,#515,.T.) ;
#525=EDGE_CURVE('',#519,#517,#524,.T.) ;
#538=EDGE_CURVE('',#535,#537,#533,.T.) ;
#543=EDGE_CURVE('',#537,#535,#542,.T.) ;
#556=EDGE_CURVE('',#553,#555,#551,.T.) ;
#561=EDGE_CURVE('',#555,#553,#560,.T.) ;
#574=EDGE_CURVE('',#571,#573,#569,.T.) ;
#579=EDGE_CURVE('',#573,#571,#578,.T.) ;
#592=EDGE_CURVE('',#589,#591,#587,.T.) ;
#597=EDGE_CURVE('',#591,#589,#596,.T.) ;
#610=EDGE_CURVE('',#607,#609,#605,.T.) ;
#615=EDGE_CURVE('',#609,#607,#614,.T.) ;
#628=EDGE_CURVE('',#625,#627,#623,.T.) ;
#633=EDGE_CURVE('',#627,#625,#632,.T.) ;
#646=EDGE_CURVE('',#643,#645,#641,.T.) ;
#651=EDGE_CURVE('',#645,#643,#650,.T.) ;
#664=EDGE_CURVE('',#661,#663,#659,.T.) ;
#669=EDGE_CURVE('',#663,#661,#668,.T.) ;
#682=EDGE_CURVE('',#679,#681,#677,.T.) ;
#687=EDGE_CURVE('',#681,#679,#686,.T.) ;
#700=EDGE_CURVE('',#697,#699,#695,.T.) ;
#705=EDGE_CURVE('',#699,#697,#704,.T.) ;
#718=EDGE_CURVE('',#715,#717,#713,.T.) ;
#723=EDGE_CURVE('',#717,#715,#722,.T.) ;
#736=EDGE_CURVE('',#733,#735,#731,.T.) ;
#741=EDGE_CURVE('',#735,#733,#740,.T.) ;
#754=EDGE_CURVE('',#751,#753,#749,.T.) ;
#759=EDGE_CURVE('',#753,#751,#758,.T.) ;
#772=EDGE_CURVE('',#769,#771,#767,.T.) ;
#777=EDGE_CURVE('',#771,#769,#776,.T.) ;
#790=EDGE_CURVE('',#787,#789,#785,.T.) ;
#795=EDGE_CURVE('',#789,#787,#794,.T.) ;
#808=EDGE_CURVE('',#805,#807,#803,.T.) ;
#813=EDGE_CURVE('',#807,#805,#812,.T.) ;
#826=EDGE_CURVE('',#823,#825,#821,.T.) ;
#831=EDGE_CURVE('',#825,#823,#830,.T.) ;
#844=EDGE_CURVE('',#841,#843,#839,.T.) ;
#849=EDGE_CURVE('',#843,#841,#848,.T.) ;
#866=EDGE_CURVE('',#697,#865,#863,.F.) ;
#873=EDGE_CURVE('',#699,#872,#870,.F.) ;
#878=EDGE_CURVE('',#865,#872,#877,.T.) ;
#890=EDGE_CURVE('',#872,#865,#889,.T.) ;
#909=EDGE_CURVE('',#535,#908,#906,.F.) ;
#916=EDGE_CURVE('',#537,#915,#913,.F.) ;
#921=EDGE_CURVE('',#908,#915,#920,.T.) ;
#933=EDGE_CURVE('',#915,#908,#932,.T.) ;
#952=EDGE_CURVE('',#715,#951,#949,.F.) ;
#959=EDGE_CURVE('',#717,#958,#956,.F.) ;
#964=EDGE_CURVE('',#951,#958,#963,.T.) ;
#976=EDGE_CURVE('',#958,#951,#975,.T.) ;
#995=EDGE_CURVE('',#553,#994,#992,.F.) ;
#1002=EDGE_CURVE('',#555,#1001,#999,.F.) ;
#1007=EDGE_CURVE('',#994,#1001,#1006,.T.) ;
#1019=EDGE_CURVE('',#1001,#994,#1018,.T.) ;
#1038=EDGE_CURVE('',#733,#1037,#1035,.F.) ;
#1045=EDGE_CURVE('',#735,#1044,#1042,.F.) ;
#1050=EDGE_CURVE('',#1037,#1044,#1049,.T.) ;
#1062=EDGE_CURVE('',#1044,#1037,#1061,.T.) ;
#1081=EDGE_CURVE('',#571,#1080,#1078,.F.) ;
#1088=EDGE_CURVE('',#573,#1087,#1085,.F.) ;
#1093=EDGE_CURVE('',#1080,#1087,#1092,.T.) ;
#1105=EDGE_CURVE('',#1087,#1080,#1104,.T.) ;
#1124=EDGE_CURVE('',#751,#1123,#1121,.F.) ;
#1131=EDGE_CURVE('',#753,#1130,#1128,.F.) ;
#1136=EDGE_CURVE('',#1123,#1130,#1135,.T.) ;
#1148=EDGE_CURVE('',#1130,#1123,#1147,.T.) ;
#1167=EDGE_CURVE('',#589,#1166,#1164,.F.) ;
#1174=EDGE_CURVE('',#591,#1173,#1171,.F.) ;
#1179=EDGE_CURVE('',#1166,#1173,#1178,.T.) ;
#1191=EDGE_CURVE('',#1173,#1166,#1190,.T.) ;
#1210=EDGE_CURVE('',#769,#1209,#1207,.F.) ;
#1217=EDGE_CURVE('',#771,#1216,#1214,.F.) ;
#1222=EDGE_CURVE('',#1209,#1216,#1221,.T.) ;
#1234=EDGE_CURVE('',#1216,#1209,#1233,.T.) ;
#1253=EDGE_CURVE('',#607,#1252,#1250,.F.) ;
#1260=EDGE_CURVE('',#609,#1259,#1257,.F.) ;
#1265=EDGE_CURVE('',#1252,#1259,#1264,.T.) ;
#1277=EDGE_CURVE('',#1259,#1252,#1276,.T.) ;
#1296=EDGE_CURVE('',#787,#1295,#1293,.F.) ;
#1303=EDGE_CURVE('',#789,#1302,#1300,.F.) ;
#1308=EDGE_CURVE('',#1295,#1302,#1307,.T.) ;
#1320=EDGE_CURVE('',#1302,#1295,#1319,.T.) ;
#1339=EDGE_CURVE('',#625,#1338,#1336,.F.) ;
#1346=EDGE_CURVE('',#627,#1345,#1343,.F.) ;
#1351=EDGE_CURVE('',#1338,#1345,#1350,.T.) ;
#1363=EDGE_CURVE('',#1345,#1338,#1362,.T.) ;
#1382=EDGE_CURVE('',#805,#1381,#1379,.F.) ;
#1389=EDGE_CURVE('',#807,#1388,#1386,.F.) ;
#1394=EDGE_CURVE('',#1381,#1388,#1393,.T.) ;
#1406=EDGE_CURVE('',#1388,#1381,#1405,.T.) ;
#1425=EDGE_CURVE('',#643,#1424,#1422,.F.) ;
#1432=EDGE_CURVE('',#645,#1431,#1429,.F.) ;
#1437=EDGE_CURVE('',#1424,#1431,#1436,.T.) ;
#1449=EDGE_CURVE('',#1431,#1424,#1448,.T.) ;
#1468=EDGE_CURVE('',#823,#1467,#1465,.F.) ;
#1475=EDGE_CURVE('',#825,#1474,#1472,.F.) ;
#1480=EDGE_CURVE('',#1467,#1474,#1479,.T.) ;
#1492=EDGE_CURVE('',#1474,#1467,#1491,.T.) ;
#1511=EDGE_CURVE('',#661,#1510,#1508,.F.) ;
#1518=EDGE_CURVE('',#663,#1517,#1515,.F.) ;
#1523=EDGE_CURVE('',#1510,#1517,#1522,.T.) ;
#1535=EDGE_CURVE('',#1517,#1510,#1534,.T.) ;
#1554=EDGE_CURVE('',#841,#1553,#1551,.F.) ;
#1561=EDGE_CURVE('',#843,#1560,#1558,.F.) ;
#1566=EDGE_CURVE('',#1553,#1560,#1565,.T.) ;
#1578=EDGE_CURVE('',#1560,#1553,#1577,.T.) ;
#1597=EDGE_CURVE('',#679,#1596,#1594,.F.) ;
#1604=EDGE_CURVE('',#681,#1603,#1601,.F.) ;
#1609=EDGE_CURVE('',#1596,#1603,#1608,.T.) ;
#1621=EDGE_CURVE('',#1603,#1596,#1620,.T.) ;
#1640=EDGE_CURVE('',#517,#1639,#1637,.F.) ;
#1647=EDGE_CURVE('',#519,#1646,#1644,.F.) ;
#1652=EDGE_CURVE('',#1639,#1646,#1651,.T.) ;
#1664=EDGE_CURVE('',#1646,#1639,#1663,.T.) ;
#1773=EDGE_CURVE('',#1770,#1772,#1768,.T.) ;
#1778=EDGE_CURVE('',#1772,#1770,#1777,.T.) ;
#1792=EDGE_CURVE('',#1789,#1791,#1787,.T.) ;
#1797=EDGE_CURVE('',#1791,#1789,#1796,.T.) ;
#1810=EDGE_CURVE('',#1807,#1809,#1805,.T.) ;
#1817=EDGE_CURVE('',#1809,#1816,#1814,.T.) ;
#1824=EDGE_CURVE('',#1816,#1823,#1821,.T.) ;
#1831=EDGE_CURVE('',#1823,#1830,#1828,.T.) ;
#1838=EDGE_CURVE('',#1830,#1837,#1835,.T.) ;
#1845=EDGE_CURVE('',#1837,#1844,#1842,.T.) ;
#1852=EDGE_CURVE('',#1844,#1851,#1849,.T.) ;
#1859=EDGE_CURVE('',#1851,#1858,#1856,.T.) ;
#1866=EDGE_CURVE('',#1858,#1865,#1863,.T.) ;
#1873=EDGE_CURVE('',#1865,#1872,#1870,.T.) ;
#1880=EDGE_CURVE('',#1872,#1879,#1877,.T.) ;
#1887=EDGE_CURVE('',#1879,#1886,#1884,.T.) ;
#1894=EDGE_CURVE('',#1886,#1893,#1891,.T.) ;
#1901=EDGE_CURVE('',#1893,#1900,#1898,.T.) ;
#1908=EDGE_CURVE('',#1900,#1907,#1905,.T.) ;
#1915=EDGE_CURVE('',#1907,#1914,#1912,.T.) ;
#1922=EDGE_CURVE('',#1914,#1921,#1919,.T.) ;
#1929=EDGE_CURVE('',#1921,#1928,#1926,.T.) ;
#1936=EDGE_CURVE('',#1928,#1935,#1933,.T.) ;
#1943=EDGE_CURVE('',#1935,#1942,#1940,.T.) ;
#1950=EDGE_CURVE('',#1942,#1949,#1947,.T.) ;
#1957=EDGE_CURVE('',#1949,#1956,#1954,.T.) ;
#1964=EDGE_CURVE('',#1956,#1963,#1961,.T.) ;
#1971=EDGE_CURVE('',#1963,#1970,#1968,.T.) ;
#1978=EDGE_CURVE('',#1970,#1977,#1975,.T.) ;
#1985=EDGE_CURVE('',#1977,#1984,#1982,.T.) ;
#1992=EDGE_CURVE('',#1984,#1991,#1989,.T.) ;
#1999=EDGE_CURVE('',#1991,#1998,#1996,.T.) ;
#2006=EDGE_CURVE('',#1998,#2005,#2003,.T.) ;
#2013=EDGE_CURVE('',#2005,#2012,#2010,.T.) ;
#2020=EDGE_CURVE('',#2012,#2019,#2017,.T.) ;
#2027=EDGE_CURVE('',#2019,#2026,#2024,.T.) ;
#2034=EDGE_CURVE('',#2026,#2033,#2031,.T.) ;
#2041=EDGE_CURVE('',#2033,#2040,#2038,.T.) ;
#2048=EDGE_CURVE('',#2040,#2047,#2045,.T.) ;
#2055=EDGE_CURVE('',#2047,#2054,#2052,.T.) ;
#2062=EDGE_CURVE('',#2054,#2061,#2059,.T.) ;
#2069=EDGE_CURVE('',#2061,#2068,#2066,.T.) ;
#2076=EDGE_CURVE('',#2068,#2075,#2073,.T.) ;
#2083=EDGE_CURVE('',#2075,#2082,#2080,.T.) ;
#2090=EDGE_CURVE('',#2082,#2089,#2087,.T.) ;
#2097=EDGE_CURVE('',#2089,#2096,#2094,.T.) ;
#2104=EDGE_CURVE('',#2096,#2103,#2101,.T.) ;
#2111=EDGE_CURVE('',#2103,#2110,#2108,.T.) ;
#2118=EDGE_CURVE('',#2110,#2117,#2115,.T.) ;
#2125=EDGE_CURVE('',#2117,#2124,#2122,.T.) ;
#2132=EDGE_CURVE('',#2124,#2131,#2129,.T.) ;
#2139=EDGE_CURVE('',#2131,#2138,#2136,.T.) ;
#2146=EDGE_CURVE('',#2138,#2145,#2143,.T.) ;
#2153=EDGE_CURVE('',#2145,#2152,#2150,.T.) ;
#2160=EDGE_CURVE('',#2152,#2159,#2157,.T.) ;
#2167=EDGE_CURVE('',#2159,#2166,#2164,.T.) ;
#2174=EDGE_CURVE('',#2166,#2173,#2171,.T.) ;
#2181=EDGE_CURVE('',#2173,#2180,#2178,.T.) ;
#2188=EDGE_CURVE('',#2180,#2187,#2185,.T.) ;
#2195=EDGE_CURVE('',#2187,#2194,#2192,.T.) ;
#2202=EDGE_CURVE('',#2194,#2201,#2199,.T.) ;
#2209=EDGE_CURVE('',#2201,#2208,#2206,.T.) ;
#2216=EDGE_CURVE('',#2208,#2215,#2213,.T.) ;
#2223=EDGE_CURVE('',#2215,#2222,#2220,.T.) ;
#2230=EDGE_CURVE('',#2222,#2229,#2227,.T.) ;
#2237=EDGE_CURVE('',#2229,#2236,#2234,.T.) ;
#2244=EDGE_CURVE('',#2236,#2243,#2241,.T.) ;
#2251=EDGE_CURVE('',#2243,#2250,#2248,.T.) ;
#2258=EDGE_CURVE('',#2250,#2257,#2255,.T.) ;
#2265=EDGE_CURVE('',#2257,#2264,#2262,.T.) ;
#2272=EDGE_CURVE('',#2264,#2271,#2269,.T.) ;
#2279=EDGE_CURVE('',#2271,#2278,#2276,.T.) ;
#2286=EDGE_CURVE('',#2278,#2285,#2283,.T.) ;
#2293=EDGE_CURVE('',#2285,#2292,#2290,.T.) ;
#2300=EDGE_CURVE('',#2292,#2299,#2297,.T.) ;
#2307=EDGE_CURVE('',#2299,#2306,#2304,.T.) ;
#2314=EDGE_CURVE('',#2306,#2313,#2311,.T.) ;
#2321=EDGE_CURVE('',#2313,#2320,#2318,.T.) ;
#2328=EDGE_CURVE('',#2320,#2327,#2325,.T.) ;
#2335=EDGE_CURVE('',#2327,#2334,#2332,.T.) ;
#2342=EDGE_CURVE('',#2334,#2341,#2339,.T.) ;
#2349=EDGE_CURVE('',#2341,#2348,#2346,.T.) ;
#2356=EDGE_CURVE('',#2348,#2355,#2353,.T.) ;
#2363=EDGE_CURVE('',#2355,#2362,#2360,.T.) ;
#2370=EDGE_CURVE('',#2362,#2369,#2367,.T.) ;
#2377=EDGE_CURVE('',#2369,#2376,#2374,.T.) ;
#2384=EDGE_CURVE('',#2376,#2383,#2381,.T.) ;
#2391=EDGE_CURVE('',#2383,#2390,#2388,.T.) ;
#2398=EDGE_CURVE('',#2390,#2397,#2395,.T.) ;
#2405=EDGE_CURVE('',#2397,#2404,#2402,.T.) ;
#2412=EDGE_CURVE('',#2404,#2411,#2409,.T.) ;
#2419=EDGE_CURVE('',#2411,#2418,#2416,.T.) ;
#2426=EDGE_CURVE('',#2418,#2425,#2423,.T.) ;
#2433=EDGE_CURVE('',#2425,#2432,#2430,.T.) ;
#2440=EDGE_CURVE('',#2432,#2439,#2437,.T.) ;
#2447=EDGE_CURVE('',#2439,#2446,#2444,.T.) ;
#2454=EDGE_CURVE('',#2446,#2453,#2451,.T.) ;
#2461=EDGE_CURVE('',#2453,#2460,#2458,.T.) ;
#2468=EDGE_CURVE('',#2460,#2467,#2465,.T.) ;
#2475=EDGE_CURVE('',#2467,#2474,#2472,.T.) ;
#2482=EDGE_CURVE('',#2474,#2481,#2479,.T.) ;
#2489=EDGE_CURVE('',#2481,#2488,#2486,.T.) ;
#2496=EDGE_CURVE('',#2488,#2495,#2493,.T.) ;
#2503=EDGE_CURVE('',#2495,#2502,#2500,.T.) ;
#2510=EDGE_CURVE('',#2502,#2509,#2507,.T.) ;
#2517=EDGE_CURVE('',#2509,#2516,#2514,.T.) ;
#2524=EDGE_CURVE('',#2516,#2523,#2521,.T.) ;
#2531=EDGE_CURVE('',#2523,#2530,#2528,.T.) ;
#2538=EDGE_CURVE('',#2530,#2537,#2535,.T.) ;
#2545=EDGE_CURVE('',#2537,#2544,#2542,.T.) ;
#2552=EDGE_CURVE('',#2544,#2551,#2549,.T.) ;
#2559=EDGE_CURVE('',#2551,#2558,#2556,.T.) ;
#2566=EDGE_CURVE('',#2558,#2565,#2563,.T.) ;
#2573=EDGE_CURVE('',#2565,#2572,#2570,.T.) ;
#2580=EDGE_CURVE('',#2572,#2579,#2577,.T.) ;
#2587=EDGE_CURVE('',#2579,#2586,#2584,.T.) ;
#2594=EDGE_CURVE('',#2586,#2593,#2591,.T.) ;
#2601=EDGE_CURVE('',#2593,#2600,#2598,.T.) ;
#2608=EDGE_CURVE('',#2600,#2607,#2605,.T.) ;
#2615=EDGE_CURVE('',#2607,#2614,#2612,.T.) ;
#2622=EDGE_CURVE('',#2614,#2621,#2619,.T.) ;
#2627=EDGE_CURVE('',#2621,#1807,#2626,.T.) ;
#2756=EDGE_CURVE('',#2753,#2755,#2751,.T.) ;
#2763=EDGE_CURVE('',#2755,#2762,#2760,.T.) ;
#2770=EDGE_CURVE('',#2762,#2769,#2767,.T.) ;
#2777=EDGE_CURVE('',#2769,#2776,#2774,.T.) ;
#2784=EDGE_CURVE('',#2776,#2783,#2781,.T.) ;
#2791=EDGE_CURVE('',#2783,#2790,#2788,.T.) ;
#2798=EDGE_CURVE('',#2790,#2797,#2795,.T.) ;
#2805=EDGE_CURVE('',#2797,#2804,#2802,.T.) ;
#2812=EDGE_CURVE('',#2804,#2811,#2809,.T.) ;
#2819=EDGE_CURVE('',#2811,#2818,#2816,.T.) ;
#2826=EDGE_CURVE('',#2818,#2825,#2823,.T.) ;
#2833=EDGE_CURVE('',#2825,#2832,#2830,.T.) ;
#2840=EDGE_CURVE('',#2832,#2839,#2837,.T.) ;
#2847=EDGE_CURVE('',#2839,#2846,#2844,.T.) ;
#2854=EDGE_CURVE('',#2846,#2853,#2851,.T.) ;
#2861=EDGE_CURVE('',#2853,#2860,#2858,.T.) ;
#2868=EDGE_CURVE('',#2860,#2867,#2865,.T.) ;
#2875=EDGE_CURVE('',#2867,#2874,#2872,.T.) ;
#2882=EDGE_CURVE('',#2874,#2881,#2879,.T.) ;
#2889=EDGE_CURVE('',#2881,#2888,#2886,.T.) ;
#2896=EDGE_CURVE('',#2888,#2895,#2893,.T.) ;
#2901=EDGE_CURVE('',#2895,#2753,#2900,.T.) ;
#2934=EDGE_CURVE('',#2931,#2933,#2929,.T.) ;
#2941=EDGE_CURVE('',#2933,#2940,#2938,.T.) ;
#2948=EDGE_CURVE('',#2940,#2947,#2945,.T.) ;
#2955=EDGE_CURVE('',#2947,#2954,#2952,.T.) ;
#2962=EDGE_CURVE('',#2954,#2961,#2959,.T.) ;
#2969=EDGE_CURVE('',#2961,#2968,#2966,.T.) ;
#2976=EDGE_CURVE('',#2968,#2975,#2973,.T.) ;
#2983=EDGE_CURVE('',#2975,#2982,#2980,.T.) ;
#2990=EDGE_CURVE('',#2982,#2989,#2987,.T.) ;
#2997=EDGE_CURVE('',#2989,#2996,#2994,.T.) ;
#3004=EDGE_CURVE('',#2996,#3003,#3001,.T.) ;
#3011=EDGE_CURVE('',#3003,#3010,#3008,.T.) ;
#3018=EDGE_CURVE('',#3010,#3017,#3015,.T.) ;
#3025=EDGE_CURVE('',#3017,#3024,#3022,.T.) ;
#3032=EDGE_CURVE('',#3024,#3031,#3029,.T.) ;
#3039=EDGE_CURVE('',#3031,#3038,#3036,.T.) ;
#3046=EDGE_CURVE('',#3038,#3045,#3043,.T.) ;
#3053=EDGE_CURVE('',#3045,#3052,#3050,.T.) ;
#3060=EDGE_CURVE('',#3052,#3059,#3057,.T.) ;
#3067=EDGE_CURVE('',#3059,#3066,#3064,.T.) ;
#3074=EDGE_CURVE('',#3066,#3073,#3071,.T.) ;
#3081=EDGE_CURVE('',#3073,#3080,#3078,.T.) ;
#3088=EDGE_CURVE('',#3080,#3087,#3085,.T.) ;
#3095=EDGE_CURVE('',#3087,#3094,#3092,.T.) ;
#3102=EDGE_CURVE('',#3094,#3101,#3099,.T.) ;
#3109=EDGE_CURVE('',#3101,#3108,#3106,.T.) ;
#3116=EDGE_CURVE('',#3108,#3115,#3113,.T.) ;
#3123=EDGE_CURVE('',#3115,#3122,#3120,.T.) ;
#3130=EDGE_CURVE('',#3122,#3129,#3127,.T.) ;
#3137=EDGE_CURVE('',#3129,#3136,#3134,.T.) ;
#3144=EDGE_CURVE('',#3136,#3143,#3141,.T.) ;
#3151=EDGE_CURVE('',#3143,#3150,#3148,.T.) ;
#3158=EDGE_CURVE('',#3150,#3157,#3155,.T.) ;
#3163=EDGE_CURVE('',#3157,#2931,#3162,.T.) ;
#3208=EDGE_CURVE('',#3205,#3207,#3203,.T.) ;
#3215=EDGE_CURVE('',#3207,#3214,#3212,.T.) ;
#3222=EDGE_CURVE('',#3214,#3221,#3219,.T.) ;
#3229=EDGE_CURVE('',#3221,#3228,#3226,.T.) ;
#3236=EDGE_CURVE('',#3228,#3235,#3233,.T.) ;
#3243=EDGE_CURVE('',#3235,#3242,#3240,.T.) ;
#3250=EDGE_CURVE('',#3242,#3249,#3247,.T.) ;
#3257=EDGE_CURVE('',#3249,#3256,#3254,.T.) ;
#3264=EDGE_CURVE('',#3256,#3263,#3261,.T.) ;
#3271=EDGE_CURVE('',#3263,#3270,#3268,.T.) ;
#3278=EDGE_CURVE('',#3270,#3277,#3275,.T.) ;
#3285=EDGE_CURVE('',#3277,#3284,#3282,.T.) ;
#3292=EDGE_CURVE('',#3284,#3291,#3289,.T.) ;
#3299=EDGE_CURVE('',#3291,#3298,#3296,.T.) ;
#3306=EDGE_CURVE('',#3298,#3305,#3303,.T.) ;
#3313=EDGE_CURVE('',#3305,#3312,#3310,.T.) ;
#3320=EDGE_CURVE('',#3312,#3319,#3317,.T.) ;
#3327=EDGE_CURVE('',#3319,#3326,#3324,.T.) ;
#3334=EDGE_CURVE('',#3326,#3333,#3331,.T.) ;
#3341=EDGE_CURVE('',#3333,#3340,#3338,.T.) ;
#3348=EDGE_CURVE('',#3340,#3347,#3345,.T.) ;
#3355=EDGE_CURVE('',#3347,#3354,#3352,.T.) ;
#3362=EDGE_CURVE('',#3354,#3361,#3359,.T.) ;
#3369=EDGE_CURVE('',#3361,#3368,#3366,.T.) ;
#3376=EDGE_CURVE('',#3368,#3375,#3373,.T.) ;
#3383=EDGE_CURVE('',#3375,#3382,#3380,.T.) ;
#3390=EDGE_CURVE('',#3382,#3389,#3387,.T.) ;
#3397=EDGE_CURVE('',#3389,#3396,#3394,.T.) ;
#3404=EDGE_CURVE('',#3396,#3403,#3401,.T.) ;
#3411=EDGE_CURVE('',#3403,#3410,#3408,.T.) ;
#3418=EDGE_CURVE('',#3410,#3417,#3415,.T.) ;
#3425=EDGE_CURVE('',#3417,#3424,#3422,.T.) ;
#3432=EDGE_CURVE('',#3424,#3431,#3429,.T.) ;
#3439=EDGE_CURVE('',#3431,#3438,#3436,.T.) ;
#3446=EDGE_CURVE('',#3438,#3445,#3443,.T.) ;
#3453=EDGE_CURVE('',#3445,#3452,#3450,.T.) ;
#3460=EDGE_CURVE('',#3452,#3459,#3457,.T.) ;
#3467=EDGE_CURVE('',#3459,#3466,#3464,.T.) ;
#3474=EDGE_CURVE('',#3466,#3473,#3471,.T.) ;
#3481=EDGE_CURVE('',#3473,#3480,#3478,.T.) ;
#3488=EDGE_CURVE('',#3480,#3487,#3485,.T.) ;
#3495=EDGE_CURVE('',#3487,#3494,#3492,.T.) ;
#3502=EDGE_CURVE('',#3494,#3501,#3499,.T.) ;
#3509=EDGE_CURVE('',#3501,#3508,#3506,.T.) ;
#3516=EDGE_CURVE('',#3508,#3515,#3513,.T.) ;
#3523=EDGE_CURVE('',#3515,#3522,#3520,.T.) ;
#3530=EDGE_CURVE('',#3522,#3529,#3527,.T.) ;
#3537=EDGE_CURVE('',#3529,#3536,#3534,.T.) ;
#3544=EDGE_CURVE('',#3536,#3543,#3541,.T.) ;
#3551=EDGE_CURVE('',#3543,#3550,#3548,.T.) ;
#3558=EDGE_CURVE('',#3550,#3557,#3555,.T.) ;
#3565=EDGE_CURVE('',#3557,#3564,#3562,.T.) ;
#3572=EDGE_CURVE('',#3564,#3571,#3569,.T.) ;
#3579=EDGE_CURVE('',#3571,#3578,#3576,.T.) ;
#3586=EDGE_CURVE('',#3578,#3585,#3583,.T.) ;
#3593=EDGE_CURVE('',#3585,#3592,#3590,.T.) ;
#3600=EDGE_CURVE('',#3592,#3599,#3597,.T.) ;
#3607=EDGE_CURVE('',#3599,#3606,#3604,.T.) ;
#3614=EDGE_CURVE('',#3606,#3613,#3611,.T.) ;
#3621=EDGE_CURVE('',#3613,#3620,#3618,.T.) ;
#3628=EDGE_CURVE('',#3620,#3627,#3625,.T.) ;
#3635=EDGE_CURVE('',#3627,#3634,#3632,.T.) ;
#3642=EDGE_CURVE('',#3634,#3641,#3639,.T.) ;
#3649=EDGE_CURVE('',#3641,#3648,#3646,.T.) ;
#3656=EDGE_CURVE('',#3648,#3655,#3653,.T.) ;
#3663=EDGE_CURVE('',#3655,#3662,#3660,.T.) ;
#3670=EDGE_CURVE('',#3662,#3669,#3667,.T.) ;
#3677=EDGE_CURVE('',#3669,#3676,#3674,.T.) ;
#3684=EDGE_CURVE('',#3676,#3683,#3681,.T.) ;
#3691=EDGE_CURVE('',#3683,#3690,#3688,.T.) ;
#3698=EDGE_CURVE('',#3690,#3697,#3695,.T.) ;
#3705=EDGE_CURVE('',#3697,#3704,#3702,.T.) ;
#3712=EDGE_CURVE('',#3704,#3711,#3709,.T.) ;
#3719=EDGE_CURVE('',#3711,#3718,#3716,.T.) ;
#3726=EDGE_CURVE('',#3718,#3725,#3723,.T.) ;
#3733=EDGE_CURVE('',#3725,#3732,#3730,.T.) ;
#3740=EDGE_CURVE('',#3732,#3739,#3737,.T.) ;
#3747=EDGE_CURVE('',#3739,#3746,#3744,.T.) ;
#3754=EDGE_CURVE('',#3746,#3753,#3751,.T.) ;
#3761=EDGE_CURVE('',#3753,#3760,#3758,.T.) ;
#3768=EDGE_CURVE('',#3760,#3767,#3765,.T.) ;
#3775=EDGE_CURVE('',#3767,#3774,#3772,.T.) ;
#3782=EDGE_CURVE('',#3774,#3781,#3779,.T.) ;
#3789=EDGE_CURVE('',#3781,#3788,#3786,.T.) ;
#3796=EDGE_CURVE('',#3788,#3795,#3793,.T.) ;
#3803=EDGE_CURVE('',#3795,#3802,#3800,.T.) ;
#3810=EDGE_CURVE('',#3802,#3809,#3807,.T.) ;
#3817=EDGE_CURVE('',#3809,#3816,#3814,.T.) ;
#3824=EDGE_CURVE('',#3816,#3823,#3821,.T.) ;
#3831=EDGE_CURVE('',#3823,#3830,#3828,.T.) ;
#3838=EDGE_CURVE('',#3830,#3837,#3835,.T.) ;
#3845=EDGE_CURVE('',#3837,#3844,#3842,.T.) ;
#3852=EDGE_CURVE('',#3844,#3851,#3849,.T.) ;
#3859=EDGE_CURVE('',#3851,#3858,#3856,.T.) ;
#3866=EDGE_CURVE('',#3858,#3865,#3863,.T.) ;
#3873=EDGE_CURVE('',#3865,#3872,#3870,.T.) ;
#3880=EDGE_CURVE('',#3872,#3879,#3877,.T.) ;
#3887=EDGE_CURVE('',#3879,#3886,#3884,.T.) ;
#3894=EDGE_CURVE('',#3886,#3893,#3891,.T.) ;
#3901=EDGE_CURVE('',#3893,#3900,#3898,.T.) ;
#3908=EDGE_CURVE('',#3900,#3907,#3905,.T.) ;
#3915=EDGE_CURVE('',#3907,#3914,#3912,.T.) ;
#3922=EDGE_CURVE('',#3914,#3921,#3919,.T.) ;
#3929=EDGE_CURVE('',#3921,#3928,#3926,.T.) ;
#3936=EDGE_CURVE('',#3928,#3935,#3933,.T.) ;
#3943=EDGE_CURVE('',#3935,#3942,#3940,.T.) ;
#3950=EDGE_CURVE('',#3942,#3949,#3947,.T.) ;
#3957=EDGE_CURVE('',#3949,#3956,#3954,.T.) ;
#3964=EDGE_CURVE('',#3956,#3963,#3961,.T.) ;
#3971=EDGE_CURVE('',#3963,#3970,#3968,.T.) ;
#3978=EDGE_CURVE('',#3970,#3977,#3975,.T.) ;
#3985=EDGE_CURVE('',#3977,#3984,#3982,.T.) ;
#3992=EDGE_CURVE('',#3984,#3991,#3989,.T.) ;
#3999=EDGE_CURVE('',#3991,#3998,#3996,.T.) ;
#4006=EDGE_CURVE('',#3998,#4005,#4003,.T.) ;
#4013=EDGE_CURVE('',#4005,#4012,#4010,.T.) ;
#4020=EDGE_CURVE('',#4012,#4019,#4017,.T.) ;
#4027=EDGE_CURVE('',#4019,#4026,#4024,.T.) ;
#4034=EDGE_CURVE('',#4026,#4033,#4031,.T.) ;
#4041=EDGE_CURVE('',#4033,#4040,#4038,.T.) ;
#4048=EDGE_CURVE('',#4040,#4047,#4045,.T.) ;
#4055=EDGE_CURVE('',#4047,#4054,#4052,.T.) ;
#4062=EDGE_CURVE('',#4054,#4061,#4059,.T.) ;
#4069=EDGE_CURVE('',#4061,#4068,#4066,.T.) ;
#4076=EDGE_CURVE('',#4068,#4075,#4073,.T.) ;
#4083=EDGE_CURVE('',#4075,#4082,#4080,.T.) ;
#4090=EDGE_CURVE('',#4082,#4089,#4087,.T.) ;
#4097=EDGE_CURVE('',#4089,#4096,#4094,.T.) ;
#4104=EDGE_CURVE('',#4096,#4103,#4101,.T.) ;
#4111=EDGE_CURVE('',#4103,#4110,#4108,.T.) ;
#4118=EDGE_CURVE('',#4110,#4117,#4115,.T.) ;
#4125=EDGE_CURVE('',#4117,#4124,#4122,.T.) ;
#4132=EDGE_CURVE('',#4124,#4131,#4129,.T.) ;
#4139=EDGE_CURVE('',#4131,#4138,#4136,.T.) ;
#4146=EDGE_CURVE('',#4138,#4145,#4143,.T.) ;
#4153=EDGE_CURVE('',#4145,#4152,#4150,.T.) ;
#4160=EDGE_CURVE('',#4152,#4159,#4157,.T.) ;
#4165=EDGE_CURVE('',#4159,#3205,#4164,.T.) ;
#4314=EDGE_CURVE('',#4311,#4313,#4309,.T.) ;
#4321=EDGE_CURVE('',#4313,#4320,#4318,.T.) ;
#4328=EDGE_CURVE('',#4320,#4327,#4325,.T.) ;
#4335=EDGE_CURVE('',#4327,#4334,#4332,.T.) ;
#4342=EDGE_CURVE('',#4334,#4341,#4339,.T.) ;
#4349=EDGE_CURVE('',#4341,#4348,#4346,.T.) ;
#4356=EDGE_CURVE('',#4348,#4355,#4353,.T.) ;
#4363=EDGE_CURVE('',#4355,#4362,#4360,.T.) ;
#4370=EDGE_CURVE('',#4362,#4369,#4367,.T.) ;
#4377=EDGE_CURVE('',#4369,#4376,#4374,.T.) ;
#4384=EDGE_CURVE('',#4376,#4383,#4381,.T.) ;
#4391=EDGE_CURVE('',#4383,#4390,#4388,.T.) ;
#4398=EDGE_CURVE('',#4390,#4397,#4395,.T.) ;
#4405=EDGE_CURVE('',#4397,#4404,#4402,.T.) ;
#4412=EDGE_CURVE('',#4404,#4411,#4409,.T.) ;
#4419=EDGE_CURVE('',#4411,#4418,#4416,.T.) ;
#4426=EDGE_CURVE('',#4418,#4425,#4423,.T.) ;
#4433=EDGE_CURVE('',#4425,#4432,#4430,.T.) ;
#4440=EDGE_CURVE('',#4432,#4439,#4437,.T.) ;
#4447=EDGE_CURVE('',#4439,#4446,#4444,.T.) ;
#4454=EDGE_CURVE('',#4446,#4453,#4451,.T.) ;
#4459=EDGE_CURVE('',#4453,#4311,#4458,.T.) ;
#4492=EDGE_CURVE('',#4489,#4491,#4487,.T.) ;
#4499=EDGE_CURVE('',#4491,#4498,#4496,.T.) ;
#4506=EDGE_CURVE('',#4498,#4505,#4503,.T.) ;
#4511=EDGE_CURVE('',#4505,#4489,#4510,.T.) ;
#4526=EDGE_CURVE('',#4523,#4525,#4521,.T.) ;
#4533=EDGE_CURVE('',#4525,#4532,#4530,.T.) ;
#4540=EDGE_CURVE('',#4532,#4539,#4537,.T.) ;
#4547=EDGE_CURVE('',#4539,#4546,#4544,.T.) ;
#4554=EDGE_CURVE('',#4546,#4553,#4551,.T.) ;
#4561=EDGE_CURVE('',#4553,#4560,#4558,.T.) ;
#4568=EDGE_CURVE('',#4560,#4567,#4565,.T.) ;
#4575=EDGE_CURVE('',#4567,#4574,#4572,.T.) ;
#4582=EDGE_CURVE('',#4574,#4581,#4579,.T.) ;
#4587=EDGE_CURVE('',#4581,#4523,#4586,.T.) ;
#4609=EDGE_CURVE('',#4606,#4608,#4604,.T.) ;
#4614=EDGE_CURVE('',#4608,#4606,#4613,.T.) ;
#4628=EDGE_CURVE('',#4625,#4627,#4623,.T.) ;
#4633=EDGE_CURVE('',#4627,#4625,#4632,.T.) ;
#4647=EDGE_CURVE('',#4644,#4646,#4642,.T.) ;
#4652=EDGE_CURVE('',#4646,#4644,#4651,.T.) ;
#4666=EDGE_CURVE('',#4663,#4665,#4661,.T.) ;
#4671=EDGE_CURVE('',#4665,#4663,#4670,.T.) ;
#4685=EDGE_CURVE('',#4682,#4684,#4680,.T.) ;
#4690=EDGE_CURVE('',#4684,#4682,#4689,.T.) ;
#4704=EDGE_CURVE('',#4701,#4703,#4699,.T.) ;
#4709=EDGE_CURVE('',#4703,#4701,#4708,.T.) ;
#4723=EDGE_CURVE('',#4720,#4722,#4718,.T.) ;
#4728=EDGE_CURVE('',#4722,#4720,#4727,.T.) ;
#4742=EDGE_CURVE('',#4739,#4741,#4737,.T.) ;
#4747=EDGE_CURVE('',#4741,#4739,#4746,.T.) ;
#4766=EDGE_CURVE('',#4763,#4765,#4761,.F.) ;
#4773=EDGE_CURVE('',#4765,#4772,#4770,.F.) ;
#4780=EDGE_CURVE('',#4772,#4779,#4777,.F.) ;
#4787=EDGE_CURVE('',#4779,#4786,#4784,.F.) ;
#4794=EDGE_CURVE('',#4786,#4793,#4791,.F.) ;
#4801=EDGE_CURVE('',#4793,#4800,#4798,.F.) ;
#4808=EDGE_CURVE('',#4800,#4807,#4805,.F.) ;
#4815=EDGE_CURVE('',#4807,#4814,#4812,.F.) ;
#4822=EDGE_CURVE('',#4814,#4821,#4819,.F.) ;
#4829=EDGE_CURVE('',#4821,#4828,#4826,.F.) ;
#4836=EDGE_CURVE('',#4828,#4835,#4833,.F.) ;
#4843=EDGE_CURVE('',#4835,#4842,#4840,.F.) ;
#4850=EDGE_CURVE('',#4842,#4849,#4847,.F.) ;
#4857=EDGE_CURVE('',#4849,#4856,#4854,.F.) ;
#4864=EDGE_CURVE('',#4856,#4863,#4861,.F.) ;
#4871=EDGE_CURVE('',#4863,#4870,#4868,.F.) ;
#4878=EDGE_CURVE('',#4870,#4877,#4875,.F.) ;
#4885=EDGE_CURVE('',#4877,#4884,#4882,.F.) ;
#4892=EDGE_CURVE('',#4884,#4891,#4889,.F.) ;
#4899=EDGE_CURVE('',#4891,#4898,#4896,.F.) ;
#4906=EDGE_CURVE('',#4898,#4905,#4903,.F.) ;
#4913=EDGE_CURVE('',#4905,#4912,#4910,.F.) ;
#4920=EDGE_CURVE('',#4912,#4919,#4917,.F.) ;
#4927=EDGE_CURVE('',#4919,#4926,#4924,.F.) ;
#4934=EDGE_CURVE('',#4926,#4933,#4931,.F.) ;
#4941=EDGE_CURVE('',#4933,#4940,#4938,.F.) ;
#4948=EDGE_CURVE('',#4940,#4947,#4945,.F.) ;
#4955=EDGE_CURVE('',#4947,#4954,#4952,.F.) ;
#4962=EDGE_CURVE('',#4954,#4961,#4959,.F.) ;
#4969=EDGE_CURVE('',#4961,#4968,#4966,.F.) ;
#4976=EDGE_CURVE('',#4968,#4975,#4973,.F.) ;
#4983=EDGE_CURVE('',#4975,#4982,#4980,.F.) ;
#4990=EDGE_CURVE('',#4982,#4989,#4987,.F.) ;
#4997=EDGE_CURVE('',#4989,#4996,#4994,.F.) ;
#5004=EDGE_CURVE('',#4996,#5003,#5001,.F.) ;
#5011=EDGE_CURVE('',#5003,#5010,#5008,.F.) ;
#5018=EDGE_CURVE('',#5010,#5017,#5015,.F.) ;
#5025=EDGE_CURVE('',#5017,#5024,#5022,.F.) ;
#5032=EDGE_CURVE('',#5024,#5031,#5029,.F.) ;
#5039=EDGE_CURVE('',#5031,#5038,#5036,.F.) ;
#5046=EDGE_CURVE('',#5038,#5045,#5043,.F.) ;
#5053=EDGE_CURVE('',#5045,#5052,#5050,.F.) ;
#5060=EDGE_CURVE('',#5052,#5059,#5057,.F.) ;
#5067=EDGE_CURVE('',#5059,#5066,#5064,.F.) ;
#5074=EDGE_CURVE('',#5066,#5073,#5071,.F.) ;
#5081=EDGE_CURVE('',#5073,#5080,#5078,.F.) ;
#5088=EDGE_CURVE('',#5080,#5087,#5085,.F.) ;
#5095=EDGE_CURVE('',#5087,#5094,#5092,.F.) ;
#5102=EDGE_CURVE('',#5094,#5101,#5099,.F.) ;
#5109=EDGE_CURVE('',#5101,#5108,#5106,.F.) ;
#5116=EDGE_CURVE('',#5108,#5115,#5113,.F.) ;
#5123=EDGE_CURVE('',#5115,#5122,#5120,.F.) ;
#5130=EDGE_CURVE('',#5122,#5129,#5127,.F.) ;
#5137=EDGE_CURVE('',#5129,#5136,#5134,.F.) ;
#5144=EDGE_CURVE('',#5136,#5143,#5141,.F.) ;
#5151=EDGE_CURVE('',#5143,#5150,#5148,.F.) ;
#5158=EDGE_CURVE('',#5150,#5157,#5155,.F.) ;
#5165=EDGE_CURVE('',#5157,#5164,#5162,.F.) ;
#5172=EDGE_CURVE('',#5164,#5171,#5169,.F.) ;
#5179=EDGE_CURVE('',#5171,#5178,#5176,.F.) ;
#5186=EDGE_CURVE('',#5178,#5185,#5183,.F.) ;
#5193=EDGE_CURVE('',#5185,#5192,#5190,.F.) ;
#5200=EDGE_CURVE('',#5192,#5199,#5197,.F.) ;
#5207=EDGE_CURVE('',#5199,#5206,#5204,.F.) ;
#5214=EDGE_CURVE('',#5206,#5213,#5211,.F.) ;
#5221=EDGE_CURVE('',#5213,#5220,#5218,.F.) ;
#5228=EDGE_CURVE('',#5220,#5227,#5225,.F.) ;
#5235=EDGE_CURVE('',#5227,#5234,#5232,.F.) ;
#5242=EDGE_CURVE('',#5234,#5241,#5239,.F.) ;
#5249=EDGE_CURVE('',#5241,#5248,#5246,.F.) ;
#5256=EDGE_CURVE('',#5248,#5255,#5253,.F.) ;
#5263=EDGE_CURVE('',#5255,#5262,#5260,.F.) ;
#5270=EDGE_CURVE('',#5262,#5269,#5267,.F.) ;
#5277=EDGE_CURVE('',#5269,#5276,#5274,.F.) ;
#5284=EDGE_CURVE('',#5276,#5283,#5281,.F.) ;
#5291=EDGE_CURVE('',#5283,#5290,#5288,.F.) ;
#5298=EDGE_CURVE('',#5290,#5297,#5295,.F.) ;
#5305=EDGE_CURVE('',#5297,#5304,#5302,.F.) ;
#5312=EDGE_CURVE('',#5304,#5311,#5309,.F.) ;
#5319=EDGE_CURVE('',#5311,#5318,#5316,.F.) ;
#5326=EDGE_CURVE('',#5318,#5325,#5323,.F.) ;
#5333=EDGE_CURVE('',#5325,#5332,#5330,.F.) ;
#5340=EDGE_CURVE('',#5332,#5339,#5337,.F.) ;
#5347=EDGE_CURVE('',#5339,#5346,#5344,.F.) ;
#5354=EDGE_CURVE('',#5346,#5353,#5351,.F.) ;
#5361=EDGE_CURVE('',#5353,#5360,#5358,.F.) ;
#5368=EDGE_CURVE('',#5360,#5367,#5365,.F.) ;
#5375=EDGE_CURVE('',#5367,#5374,#5372,.F.) ;
#5382=EDGE_CURVE('',#5374,#5381,#5379,.F.) ;
#5389=EDGE_CURVE('',#5381,#5388,#5386,.F.) ;
#5396=EDGE_CURVE('',#5388,#5395,#5393,.F.) ;
#5403=EDGE_CURVE('',#5395,#5402,#5400,.F.) ;
#5410=EDGE_CURVE('',#5402,#5409,#5407,.F.) ;
#5417=EDGE_CURVE('',#5409,#5416,#5414,.F.) ;
#5424=EDGE_CURVE('',#5416,#5423,#5421,.F.) ;
#5431=EDGE_CURVE('',#5423,#5430,#5428,.F.) ;
#5438=EDGE_CURVE('',#5430,#5437,#5435,.F.) ;
#5445=EDGE_CURVE('',#5437,#5444,#5442,.F.) ;
#5452=EDGE_CURVE('',#5444,#5451,#5449,.F.) ;
#5459=EDGE_CURVE('',#5451,#5458,#5456,.F.) ;
#5466=EDGE_CURVE('',#5458,#5465,#5463,.F.) ;
#5473=EDGE_CURVE('',#5465,#5472,#5470,.F.) ;
#5480=EDGE_CURVE('',#5472,#5479,#5477,.F.) ;
#5487=EDGE_CURVE('',#5479,#5486,#5484,.F.) ;
#5494=EDGE_CURVE('',#5486,#5493,#5491,.F.) ;
#5501=EDGE_CURVE('',#5493,#5500,#5498,.F.) ;
#5508=EDGE_CURVE('',#5500,#5507,#5505,.F.) ;
#5515=EDGE_CURVE('',#5507,#5514,#5512,.F.) ;
#5522=EDGE_CURVE('',#5514,#5521,#5519,.F.) ;
#5529=EDGE_CURVE('',#5521,#5528,#5526,.F.) ;
#5536=EDGE_CURVE('',#5528,#5535,#5533,.F.) ;
#5543=EDGE_CURVE('',#5535,#5542,#5540,.F.) ;
#5550=EDGE_CURVE('',#5542,#5549,#5547,.F.) ;
#5557=EDGE_CURVE('',#5549,#5556,#5554,.F.) ;
#5564=EDGE_CURVE('',#5556,#5563,#5561,.F.) ;
#5571=EDGE_CURVE('',#5563,#5570,#5568,.F.) ;
#5578=EDGE_CURVE('',#5570,#5577,#5575,.F.) ;
#5585=EDGE_CURVE('',#5577,#5584,#5582,.F.) ;
#5592=EDGE_CURVE('',#5584,#5591,#5589,.F.) ;
#5599=EDGE_CURVE('',#5591,#5598,#5596,.F.) ;
#5606=EDGE_CURVE('',#5598,#5605,#5603,.F.) ;
#5613=EDGE_CURVE('',#5605,#5612,#5610,.F.) ;
#5620=EDGE_CURVE('',#5612,#5619,#5617,.F.) ;
#5627=EDGE_CURVE('',#5619,#5626,#5624,.F.) ;
#5634=EDGE_CURVE('',#5626,#5633,#5631,.F.) ;
#5641=EDGE_CURVE('',#5633,#5640,#5638,.F.) ;
#5648=EDGE_CURVE('',#5640,#5647,#5645,.F.) ;
#5655=EDGE_CURVE('',#5647,#5654,#5652,.F.) ;
#5662=EDGE_CURVE('',#5654,#5661,#5659,.F.) ;
#5669=EDGE_CURVE('',#5661,#5668,#5666,.F.) ;
#5676=EDGE_CURVE('',#5668,#5675,#5673,.F.) ;
#5683=EDGE_CURVE('',#5675,#5682,#5680,.F.) ;
#5690=EDGE_CURVE('',#5682,#5689,#5687,.F.) ;
#5697=EDGE_CURVE('',#5689,#5696,#5694,.F.) ;
#5704=EDGE_CURVE('',#5696,#5703,#5701,.F.) ;
#5711=EDGE_CURVE('',#5703,#5710,#5708,.F.) ;
#5718=EDGE_CURVE('',#5710,#5717,#5715,.F.) ;
#5723=EDGE_CURVE('',#5717,#4763,#5722,.F.) ;
#5882=EDGE_CURVE('',#4152,#4765,#5881,.T.) ;
#5887=EDGE_CURVE('',#4159,#4763,#5886,.T.) ;
#5911=EDGE_CURVE('',#4145,#4772,#5910,.T.) ;
#5935=EDGE_CURVE('',#4138,#4779,#5934,.T.) ;
#5959=EDGE_CURVE('',#4131,#4786,#5958,.T.) ;
#5983=EDGE_CURVE('',#4124,#4793,#5982,.T.) ;
#6007=EDGE_CURVE('',#4117,#4800,#6006,.T.) ;
#6031=EDGE_CURVE('',#4110,#4807,#6030,.T.) ;
#6055=EDGE_CURVE('',#4103,#4814,#6054,.T.) ;
#6079=EDGE_CURVE('',#4096,#4821,#6078,.T.) ;
#6103=EDGE_CURVE('',#4089,#4828,#6102,.T.) ;
#6127=EDGE_CURVE('',#4082,#4835,#6126,.T.) ;
#6151=EDGE_CURVE('',#4075,#4842,#6150,.T.) ;
#6175=EDGE_CURVE('',#4068,#4849,#6174,.T.) ;
#6199=EDGE_CURVE('',#4061,#4856,#6198,.T.) ;
#6223=EDGE_CURVE('',#4054,#4863,#6222,.T.) ;
#6247=EDGE_CURVE('',#4047,#4870,#6246,.T.) ;
#6271=EDGE_CURVE('',#4040,#4877,#6270,.T.) ;
#6295=EDGE_CURVE('',#4033,#4884,#6294,.T.) ;
#6319=EDGE_CURVE('',#4026,#4891,#6318,.T.) ;
#6343=EDGE_CURVE('',#4019,#4898,#6342,.T.) ;
#6367=EDGE_CURVE('',#4012,#4905,#6366,.T.) ;
#6391=EDGE_CURVE('',#4005,#4912,#6390,.T.) ;
#6415=EDGE_CURVE('',#3998,#4919,#6414,.T.) ;
#6439=EDGE_CURVE('',#3991,#4926,#6438,.T.) ;
#6463=EDGE_CURVE('',#3984,#4933,#6462,.T.) ;
#6482=EDGE_CURVE('',#3977,#4940,#6481,.T.) ;
#6506=EDGE_CURVE('',#3970,#4947,#6505,.T.) ;
#6530=EDGE_CURVE('',#3963,#4954,#6529,.T.) ;
#6554=EDGE_CURVE('',#3956,#4961,#6553,.T.) ;
#6578=EDGE_CURVE('',#3949,#4968,#6577,.T.) ;
#6602=EDGE_CURVE('',#3942,#4975,#6601,.T.) ;
#6626=EDGE_CURVE('',#3935,#4982,#6625,.T.) ;
#6650=EDGE_CURVE('',#3928,#4989,#6649,.T.) ;
#6674=EDGE_CURVE('',#3921,#4996,#6673,.T.) ;
#6698=EDGE_CURVE('',#3914,#5003,#6697,.T.) ;
#6722=EDGE_CURVE('',#3907,#5010,#6721,.T.) ;
#6746=EDGE_CURVE('',#3900,#5017,#6745,.T.) ;
#6770=EDGE_CURVE('',#3893,#5024,#6769,.T.) ;
#6794=EDGE_CURVE('',#3886,#5031,#6793,.T.) ;
#6818=EDGE_CURVE('',#3879,#5038,#6817,.T.) ;
#6842=EDGE_CURVE('',#3872,#5045,#6841,.T.) ;
#6866=EDGE_CURVE('',#3865,#5052,#6865,.T.) ;
#6890=EDGE_CURVE('',#3858,#5059,#6889,.T.) ;
#6914=EDGE_CURVE('',#3851,#5066,#6913,.T.) ;
#6938=EDGE_CURVE('',#3844,#5073,#6937,.T.) ;
#6962=EDGE_CURVE('',#3837,#5080,#6961,.T.) ;
#6986=EDGE_CURVE('',#3830,#5087,#6985,.T.) ;
#7005=EDGE_CURVE('',#3823,#5094,#7004,.T.) ;
#7029=EDGE_CURVE('',#3816,#5101,#7028,.T.) ;
#7053=EDGE_CURVE('',#3809,#5108,#7052,.T.) ;
#7077=EDGE_CURVE('',#3802,#5115,#7076,.T.) ;
#7101=EDGE_CURVE('',#3795,#5122,#7100,.T.) ;
#7125=EDGE_CURVE('',#3788,#5129,#7124,.T.) ;
#7149=EDGE_CURVE('',#3781,#5136,#7148,.T.) ;
#7173=EDGE_CURVE('',#3774,#5143,#7172,.T.) ;
#7197=EDGE_CURVE('',#3767,#5150,#7196,.T.) ;
#7221=EDGE_CURVE('',#3760,#5157,#7220,.T.) ;
#7245=EDGE_CURVE('',#3753,#5164,#7244,.T.) ;
#7269=EDGE_CURVE('',#3746,#5171,#7268,.T.) ;
#7293=EDGE_CURVE('',#3739,#5178,#7292,.T.) ;
#7317=EDGE_CURVE('',#3732,#5185,#7316,.T.) ;
#7341=EDGE_CURVE('',#3725,#5192,#7340,.T.) ;
#7365=EDGE_CURVE('',#3718,#5199,#7364,.T.) ;
#7389=EDGE_CURVE('',#3711,#5206,#7388,.T.) ;
#7413=EDGE_CURVE('',#3704,#5213,#7412,.T.) ;
#7437=EDGE_CURVE('',#3697,#5220,#7436,.T.) ;
#7461=EDGE_CURVE('',#3690,#5227,#7460,.T.) ;
#7485=EDGE_CURVE('',#3683,#5234,#7484,.T.) ;
#7509=EDGE_CURVE('',#3676,#5241,#7508,.T.) ;
#7533=EDGE_CURVE('',#3669,#5248,#7532,.T.) ;
#7557=EDGE_CURVE('',#3662,#5255,#7556,.T.) ;
#7581=EDGE_CURVE('',#3655,#5262,#7580,.T.) ;
#7605=EDGE_CURVE('',#3648,#5269,#7604,.T.) ;
#7629=EDGE_CURVE('',#3641,#5276,#7628,.T.) ;
#7653=EDGE_CURVE('',#3634,#5283,#7652,.T.) ;
#7677=EDGE_CURVE('',#3627,#5290,#7676,.T.) ;
#7701=EDGE_CURVE('',#3620,#5297,#7700,.T.) ;
#7725=EDGE_CURVE('',#3613,#5304,#7724,.T.) ;
#7749=EDGE_CURVE('',#3606,#5311,#7748,.T.) ;
#7773=EDGE_CURVE('',#3599,#5318,#7772,.T.) ;
#7797=EDGE_CURVE('',#3592,#5325,#7796,.T.) ;
#7821=EDGE_CURVE('',#3585,#5332,#7820,.T.) ;
#7845=EDGE_CURVE('',#3578,#5339,#7844,.T.) ;
#7869=EDGE_CURVE('',#3571,#5346,#7868,.T.) ;
#7893=EDGE_CURVE('',#3564,#5353,#7892,.T.) ;
#7917=EDGE_CURVE('',#3557,#5360,#7916,.T.) ;
#7941=EDGE_CURVE('',#3550,#5367,#7940,.T.) ;
#7965=EDGE_CURVE('',#3543,#5374,#7964,.T.) ;
#7989=EDGE_CURVE('',#3536,#5381,#7988,.T.) ;
#8013=EDGE_CURVE('',#3529,#5388,#8012,.T.) ;
#8037=EDGE_CURVE('',#3522,#5395,#8036,.T.) ;
#8061=EDGE_CURVE('',#3515,#5402,#8060,.T.) ;
#8085=EDGE_CURVE('',#3508,#5409,#8084,.T.) ;
#8109=EDGE_CURVE('',#3501,#5416,#8108,.T.) ;
#8128=EDGE_CURVE('',#3494,#5423,#8127,.T.) ;
#8147=EDGE_CURVE('',#3487,#5430,#8146,.T.) ;
#8171=EDGE_CURVE('',#3480,#5437,#8170,.T.) ;
#8195=EDGE_CURVE('',#3473,#5444,#8194,.T.) ;
#8219=EDGE_CURVE('',#3466,#5451,#8218,.T.) ;
#8243=EDGE_CURVE('',#3459,#5458,#8242,.T.) ;
#8267=EDGE_CURVE('',#3452,#5465,#8266,.T.) ;
#8291=EDGE_CURVE('',#3445,#5472,#8290,.T.) ;
#8315=EDGE_CURVE('',#3438,#5479,#8314,.T.) ;
#8339=EDGE_CURVE('',#3431,#5486,#8338,.T.) ;
#8363=EDGE_CURVE('',#3424,#5493,#8362,.T.) ;
#8387=EDGE_CURVE('',#3417,#5500,#8386,.T.) ;
#8411=EDGE_CURVE('',#3410,#5507,#8410,.T.) ;
#8435=EDGE_CURVE('',#3403,#5514,#8434,.T.) ;
#8459=EDGE_CURVE('',#3396,#5521,#8458,.T.) ;
#8483=EDGE_CURVE('',#3389,#5528,#8482,.T.) ;
#8507=EDGE_CURVE('',#3382,#5535,#8506,.T.) ;
#8531=EDGE_CURVE('',#3375,#5542,#8530,.T.) ;
#8555=EDGE_CURVE('',#3368,#5549,#8554,.T.) ;
#8579=EDGE_CURVE('',#3361,#5556,#8578,.T.) ;
#8603=EDGE_CURVE('',#3354,#5563,#8602,.T.) ;
#8627=EDGE_CURVE('',#3347,#5570,#8626,.T.) ;
#8651=EDGE_CURVE('',#3340,#5577,#8650,.T.) ;
#8675=EDGE_CURVE('',#3333,#5584,#8674,.T.) ;
#8699=EDGE_CURVE('',#3326,#5591,#8698,.T.) ;
#8723=EDGE_CURVE('',#3319,#5598,#8722,.T.) ;
#8747=EDGE_CURVE('',#3312,#5605,#8746,.T.) ;
#8771=EDGE_CURVE('',#3305,#5612,#8770,.T.) ;
#8795=EDGE_CURVE('',#3298,#5619,#8794,.T.) ;
#8819=EDGE_CURVE('',#3291,#5626,#8818,.T.) ;
#8843=EDGE_CURVE('',#3284,#5633,#8842,.T.) ;
#8867=EDGE_CURVE('',#3277,#5640,#8866,.T.) ;
#8891=EDGE_CURVE('',#3270,#5647,#8890,.T.) ;
#8915=EDGE_CURVE('',#3263,#5654,#8914,.T.) ;
#8939=EDGE_CURVE('',#3256,#5661,#8938,.T.) ;
#8963=EDGE_CURVE('',#3249,#5668,#8962,.T.) ;
#8987=EDGE_CURVE('',#3242,#5675,#8986,.T.) ;
#9011=EDGE_CURVE('',#3235,#5682,#9010,.T.) ;
#9035=EDGE_CURVE('',#3228,#5689,#9034,.T.) ;
#9059=EDGE_CURVE('',#3221,#5696,#9058,.T.) ;
#9083=EDGE_CURVE('',#3214,#5703,#9082,.T.) ;
#9107=EDGE_CURVE('',#3207,#5710,#9106,.T.) ;
#9131=EDGE_CURVE('',#3205,#5717,#9130,.T.) ;
#9173=EDGE_CURVE('',#9170,#9172,#9168,.F.) ;
#9180=EDGE_CURVE('',#9172,#9179,#9177,.F.) ;
#9187=EDGE_CURVE('',#9179,#9186,#9184,.F.) ;
#9194=EDGE_CURVE('',#9186,#9193,#9191,.F.) ;
#9201=EDGE_CURVE('',#9193,#9200,#9198,.F.) ;
#9208=EDGE_CURVE('',#9200,#9207,#9205,.F.) ;
#9215=EDGE_CURVE('',#9207,#9214,#9212,.F.) ;
#9222=EDGE_CURVE('',#9214,#9221,#9219,.F.) ;
#9229=EDGE_CURVE('',#9221,#9228,#9226,.F.) ;
#9236=EDGE_CURVE('',#9228,#9235,#9233,.F.) ;
#9243=EDGE_CURVE('',#9235,#9242,#9240,.F.) ;
#9250=EDGE_CURVE('',#9242,#9249,#9247,.F.) ;
#9257=EDGE_CURVE('',#9249,#9256,#9254,.F.) ;
#9264=EDGE_CURVE('',#9256,#9263,#9261,.F.) ;
#9271=EDGE_CURVE('',#9263,#9270,#9268,.F.) ;
#9278=EDGE_CURVE('',#9270,#9277,#9275,.F.) ;
#9285=EDGE_CURVE('',#9277,#9284,#9282,.F.) ;
#9292=EDGE_CURVE('',#9284,#9291,#9289,.F.) ;
#9299=EDGE_CURVE('',#9291,#9298,#9296,.F.) ;
#9306=EDGE_CURVE('',#9298,#9305,#9303,.F.) ;
#9313=EDGE_CURVE('',#9305,#9312,#9310,.F.) ;
#9320=EDGE_CURVE('',#9312,#9319,#9317,.F.) ;
#9327=EDGE_CURVE('',#9319,#9326,#9324,.F.) ;
#9334=EDGE_CURVE('',#9326,#9333,#9331,.F.) ;
#9341=EDGE_CURVE('',#9333,#9340,#9338,.F.) ;
#9348=EDGE_CURVE('',#9340,#9347,#9345,.F.) ;
#9355=EDGE_CURVE('',#9347,#9354,#9352,.F.) ;
#9362=EDGE_CURVE('',#9354,#9361,#9359,.F.) ;
#9369=EDGE_CURVE('',#9361,#9368,#9366,.F.) ;
#9376=EDGE_CURVE('',#9368,#9375,#9373,.F.) ;
#9383=EDGE_CURVE('',#9375,#9382,#9380,.F.) ;
#9390=EDGE_CURVE('',#9382,#9389,#9387,.F.) ;
#9397=EDGE_CURVE('',#9389,#9396,#9394,.F.) ;
#9404=EDGE_CURVE('',#9396,#9403,#9401,.F.) ;
#9411=EDGE_CURVE('',#9403,#9410,#9408,.F.) ;
#9418=EDGE_CURVE('',#9410,#9417,#9415,.F.) ;
#9425=EDGE_CURVE('',#9417,#9424,#9422,.F.) ;
#9432=EDGE_CURVE('',#9424,#9431,#9429,.F.) ;
#9439=EDGE_CURVE('',#9431,#9438,#9436,.F.) ;
#9446=EDGE_CURVE('',#9438,#9445,#9443,.F.) ;
#9453=EDGE_CURVE('',#9445,#9452,#9450,.F.) ;
#9460=EDGE_CURVE('',#9452,#9459,#9457,.F.) ;
#9467=EDGE_CURVE('',#9459,#9466,#9464,.F.) ;
#9474=EDGE_CURVE('',#9466,#9473,#9471,.F.) ;
#9481=EDGE_CURVE('',#9473,#9480,#9478,.F.) ;
#9488=EDGE_CURVE('',#9480,#9487,#9485,.F.) ;
#9495=EDGE_CURVE('',#9487,#9494,#9492,.F.) ;
#9502=EDGE_CURVE('',#9494,#9501,#9499,.F.) ;
#9509=EDGE_CURVE('',#9501,#9508,#9506,.F.) ;
#9516=EDGE_CURVE('',#9508,#9515,#9513,.F.) ;
#9523=EDGE_CURVE('',#9515,#9522,#9520,.F.) ;
#9530=EDGE_CURVE('',#9522,#9529,#9527,.F.) ;
#9537=EDGE_CURVE('',#9529,#9536,#9534,.F.) ;
#9544=EDGE_CURVE('',#9536,#9543,#9541,.F.) ;
#9551=EDGE_CURVE('',#9543,#9550,#9548,.F.) ;
#9558=EDGE_CURVE('',#9550,#9557,#9555,.F.) ;
#9565=EDGE_CURVE('',#9557,#9564,#9562,.F.) ;
#9572=EDGE_CURVE('',#9564,#9571,#9569,.F.) ;
#9579=EDGE_CURVE('',#9571,#9578,#9576,.F.) ;
#9586=EDGE_CURVE('',#9578,#9585,#9583,.F.) ;
#9593=EDGE_CURVE('',#9585,#9592,#9590,.F.) ;
#9600=EDGE_CURVE('',#9592,#9599,#9597,.F.) ;
#9607=EDGE_CURVE('',#9599,#9606,#9604,.F.) ;
#9614=EDGE_CURVE('',#9606,#9613,#9611,.F.) ;
#9621=EDGE_CURVE('',#9613,#9620,#9618,.F.) ;
#9628=EDGE_CURVE('',#9620,#9627,#9625,.F.) ;
#9635=EDGE_CURVE('',#9627,#9634,#9632,.F.) ;
#9642=EDGE_CURVE('',#9634,#9641,#9639,.F.) ;
#9649=EDGE_CURVE('',#9641,#9648,#9646,.F.) ;
#9656=EDGE_CURVE('',#9648,#9655,#9653,.F.) ;
#9663=EDGE_CURVE('',#9655,#9662,#9660,.F.) ;
#9670=EDGE_CURVE('',#9662,#9669,#9667,.F.) ;
#9677=EDGE_CURVE('',#9669,#9676,#9674,.F.) ;
#9684=EDGE_CURVE('',#9676,#9683,#9681,.F.) ;
#9691=EDGE_CURVE('',#9683,#9690,#9688,.F.) ;
#9698=EDGE_CURVE('',#9690,#9697,#9695,.F.) ;
#9705=EDGE_CURVE('',#9697,#9704,#9702,.F.) ;
#9712=EDGE_CURVE('',#9704,#9711,#9709,.F.) ;
#9719=EDGE_CURVE('',#9711,#9718,#9716,.F.) ;
#9726=EDGE_CURVE('',#9718,#9725,#9723,.F.) ;
#9733=EDGE_CURVE('',#9725,#9732,#9730,.F.) ;
#9740=EDGE_CURVE('',#9732,#9739,#9737,.F.) ;
#9747=EDGE_CURVE('',#9739,#9746,#9744,.F.) ;
#9754=EDGE_CURVE('',#9746,#9753,#9751,.F.) ;
#9761=EDGE_CURVE('',#9753,#9760,#9758,.F.) ;
#9768=EDGE_CURVE('',#9760,#9767,#9765,.F.) ;
#9775=EDGE_CURVE('',#9767,#9774,#9772,.F.) ;
#9782=EDGE_CURVE('',#9774,#9781,#9779,.F.) ;
#9789=EDGE_CURVE('',#9781,#9788,#9786,.F.) ;
#9796=EDGE_CURVE('',#9788,#9795,#9793,.F.) ;
#9803=EDGE_CURVE('',#9795,#9802,#9800,.F.) ;
#9810=EDGE_CURVE('',#9802,#9809,#9807,.F.) ;
#9817=EDGE_CURVE('',#9809,#9816,#9814,.F.) ;
#9824=EDGE_CURVE('',#9816,#9823,#9821,.F.) ;
#9831=EDGE_CURVE('',#9823,#9830,#9828,.F.) ;
#9838=EDGE_CURVE('',#9830,#9837,#9835,.F.) ;
#9845=EDGE_CURVE('',#9837,#9844,#9842,.F.) ;
#9852=EDGE_CURVE('',#9844,#9851,#9849,.F.) ;
#9859=EDGE_CURVE('',#9851,#9858,#9856,.F.) ;
#9866=EDGE_CURVE('',#9858,#9865,#9863,.F.) ;
#9873=EDGE_CURVE('',#9865,#9872,#9870,.F.) ;
#9880=EDGE_CURVE('',#9872,#9879,#9877,.F.) ;
#9887=EDGE_CURVE('',#9879,#9886,#9884,.F.) ;
#9894=EDGE_CURVE('',#9886,#9893,#9891,.F.) ;
#9901=EDGE_CURVE('',#9893,#9900,#9898,.F.) ;
#9908=EDGE_CURVE('',#9900,#9907,#9905,.F.) ;
#9915=EDGE_CURVE('',#9907,#9914,#9912,.F.) ;
#9922=EDGE_CURVE('',#9914,#9921,#9919,.F.) ;
#9929=EDGE_CURVE('',#9921,#9928,#9926,.F.) ;
#9936=EDGE_CURVE('',#9928,#9935,#9933,.F.) ;
#9943=EDGE_CURVE('',#9935,#9942,#9940,.F.) ;
#9950=EDGE_CURVE('',#9942,#9949,#9947,.F.) ;
#9957=EDGE_CURVE('',#9949,#9956,#9954,.F.) ;
#9964=EDGE_CURVE('',#9956,#9963,#9961,.F.) ;
#9971=EDGE_CURVE('',#9963,#9970,#9968,.F.) ;
#9978=EDGE_CURVE('',#9970,#9977,#9975,.F.) ;
#9985=EDGE_CURVE('',#9977,#9984,#9982,.F.) ;
#9990=EDGE_CURVE('',#9984,#9170,#9989,.F.) ;
#10128=EDGE_CURVE('',#2614,#9172,#10127,.T.) ;
#10133=EDGE_CURVE('',#2621,#9170,#10132,.T.) ;
#10157=EDGE_CURVE('',#2607,#9179,#10156,.T.) ;
#10181=EDGE_CURVE('',#2600,#9186,#10180,.T.) ;
#10205=EDGE_CURVE('',#2593,#9193,#10204,.T.) ;
#10229=EDGE_CURVE('',#2586,#9200,#10228,.T.) ;
#10253=EDGE_CURVE('',#2579,#9207,#10252,.T.) ;
#10277=EDGE_CURVE('',#2572,#9214,#10276,.T.) ;
#10301=EDGE_CURVE('',#2565,#9221,#10300,.T.) ;
#10325=EDGE_CURVE('',#2558,#9228,#10324,.T.) ;
#10349=EDGE_CURVE('',#2551,#9235,#10348,.T.) ;
#10373=EDGE_CURVE('',#2544,#9242,#10372,.T.) ;
#10397=EDGE_CURVE('',#2537,#9249,#10396,.T.) ;
#10421=EDGE_CURVE('',#2530,#9256,#10420,.T.) ;
#10445=EDGE_CURVE('',#2523,#9263,#10444,.T.) ;
#10469=EDGE_CURVE('',#2516,#9270,#10468,.T.) ;
#10493=EDGE_CURVE('',#2509,#9277,#10492,.T.) ;
#10517=EDGE_CURVE('',#2502,#9284,#10516,.T.) ;
#10541=EDGE_CURVE('',#2495,#9291,#10540,.T.) ;
#10565=EDGE_CURVE('',#2488,#9298,#10564,.T.) ;
#10589=EDGE_CURVE('',#2481,#9305,#10588,.T.) ;
#10613=EDGE_CURVE('',#2474,#9312,#10612,.T.) ;
#10637=EDGE_CURVE('',#2467,#9319,#10636,.T.) ;
#10661=EDGE_CURVE('',#2460,#9326,#10660,.T.) ;
#10685=EDGE_CURVE('',#2453,#9333,#10684,.T.) ;
#10709=EDGE_CURVE('',#2446,#9340,#10708,.T.) ;
#10733=EDGE_CURVE('',#2439,#9347,#10732,.T.) ;
#10757=EDGE_CURVE('',#2432,#9354,#10756,.T.) ;
#10781=EDGE_CURVE('',#2425,#9361,#10780,.T.) ;
#10805=EDGE_CURVE('',#2418,#9368,#10804,.T.) ;
#10829=EDGE_CURVE('',#2411,#9375,#10828,.T.) ;
#10853=EDGE_CURVE('',#2404,#9382,#10852,.T.) ;
#10877=EDGE_CURVE('',#2397,#9389,#10876,.T.) ;
#10901=EDGE_CURVE('',#2390,#9396,#10900,.T.) ;
#10925=EDGE_CURVE('',#2383,#9403,#10924,.T.) ;
#10949=EDGE_CURVE('',#2376,#9410,#10948,.T.) ;
#10973=EDGE_CURVE('',#2369,#9417,#10972,.T.) ;
#10997=EDGE_CURVE('',#2362,#9424,#10996,.T.) ;
#11021=EDGE_CURVE('',#2355,#9431,#11020,.T.) ;
#11045=EDGE_CURVE('',#2348,#9438,#11044,.T.) ;
#11069=EDGE_CURVE('',#2341,#9445,#11068,.T.) ;
#11093=EDGE_CURVE('',#2334,#9452,#11092,.T.) ;
#11117=EDGE_CURVE('',#2327,#9459,#11116,.T.) ;
#11141=EDGE_CURVE('',#2320,#9466,#11140,.T.) ;
#11165=EDGE_CURVE('',#2313,#9473,#11164,.T.) ;
#11189=EDGE_CURVE('',#2306,#9480,#11188,.T.) ;
#11213=EDGE_CURVE('',#2299,#9487,#11212,.T.) ;
#11237=EDGE_CURVE('',#2292,#9494,#11236,.T.) ;
#11261=EDGE_CURVE('',#2285,#9501,#11260,.T.) ;
#11285=EDGE_CURVE('',#2278,#9508,#11284,.T.) ;
#11309=EDGE_CURVE('',#2271,#9515,#11308,.T.) ;
#11333=EDGE_CURVE('',#2264,#9522,#11332,.T.) ;
#11357=EDGE_CURVE('',#2257,#9529,#11356,.T.) ;
#11381=EDGE_CURVE('',#2250,#9536,#11380,.T.) ;
#11405=EDGE_CURVE('',#2243,#9543,#11404,.T.) ;
#11429=EDGE_CURVE('',#2236,#9550,#11428,.T.) ;
#11453=EDGE_CURVE('',#2229,#9557,#11452,.T.) ;
#11477=EDGE_CURVE('',#2222,#9564,#11476,.T.) ;
#11501=EDGE_CURVE('',#2215,#9571,#11500,.T.) ;
#11525=EDGE_CURVE('',#2208,#9578,#11524,.T.) ;
#11549=EDGE_CURVE('',#2201,#9585,#11548,.T.) ;
#11573=EDGE_CURVE('',#2194,#9592,#11572,.T.) ;
#11597=EDGE_CURVE('',#2187,#9599,#11596,.T.) ;
#11621=EDGE_CURVE('',#2180,#9606,#11620,.T.) ;
#11645=EDGE_CURVE('',#2173,#9613,#11644,.T.) ;
#11669=EDGE_CURVE('',#2166,#9620,#11668,.T.) ;
#11693=EDGE_CURVE('',#2159,#9627,#11692,.T.) ;
#11717=EDGE_CURVE('',#2152,#9634,#11716,.T.) ;
#11741=EDGE_CURVE('',#2145,#9641,#11740,.T.) ;
#11765=EDGE_CURVE('',#2138,#9648,#11764,.T.) ;
#11789=EDGE_CURVE('',#2131,#9655,#11788,.T.) ;
#11813=EDGE_CURVE('',#2124,#9662,#11812,.T.) ;
#11837=EDGE_CURVE('',#2117,#9669,#11836,.T.) ;
#11861=EDGE_CURVE('',#2110,#9676,#11860,.T.) ;
#11885=EDGE_CURVE('',#2103,#9683,#11884,.T.) ;
#11909=EDGE_CURVE('',#2096,#9690,#11908,.T.) ;
#11933=EDGE_CURVE('',#2089,#9697,#11932,.T.) ;
#11957=EDGE_CURVE('',#2082,#9704,#11956,.T.) ;
#11981=EDGE_CURVE('',#2075,#9711,#11980,.T.) ;
#12005=EDGE_CURVE('',#2068,#9718,#12004,.T.) ;
#12029=EDGE_CURVE('',#2061,#9725,#12028,.T.) ;
#12053=EDGE_CURVE('',#2054,#9732,#12052,.T.) ;
#12077=EDGE_CURVE('',#2047,#9739,#12076,.T.) ;
#12101=EDGE_CURVE('',#2040,#9746,#12100,.T.) ;
#12125=EDGE_CURVE('',#2033,#9753,#12124,.T.) ;
#12149=EDGE_CURVE('',#2026,#9760,#12148,.T.) ;
#12173=EDGE_CURVE('',#2019,#9767,#12172,.T.) ;
#12197=EDGE_CURVE('',#2012,#9774,#12196,.T.) ;
#12221=EDGE_CURVE('',#2005,#9781,#12220,.T.) ;
#12245=EDGE_CURVE('',#1998,#9788,#12244,.T.) ;
#12269=EDGE_CURVE('',#1991,#9795,#12268,.T.) ;
#12293=EDGE_CURVE('',#1984,#9802,#12292,.T.) ;
#12317=EDGE_CURVE('',#1977,#9809,#12316,.T.) ;
#12341=EDGE_CURVE('',#1970,#9816,#12340,.T.) ;
#12365=EDGE_CURVE('',#1963,#9823,#12364,.T.) ;
#12389=EDGE_CURVE('',#1956,#9830,#12388,.T.) ;
#12413=EDGE_CURVE('',#1949,#9837,#12412,.T.) ;
#12437=EDGE_CURVE('',#1942,#9844,#12436,.T.) ;
#12461=EDGE_CURVE('',#1935,#9851,#12460,.T.) ;
#12485=EDGE_CURVE('',#1928,#9858,#12484,.T.) ;
#12509=EDGE_CURVE('',#1921,#9865,#12508,.T.) ;
#12533=EDGE_CURVE('',#1914,#9872,#12532,.T.) ;
#12557=EDGE_CURVE('',#1907,#9879,#12556,.T.) ;
#12581=EDGE_CURVE('',#1900,#9886,#12580,.T.) ;
#12605=EDGE_CURVE('',#1893,#9893,#12604,.T.) ;
#12629=EDGE_CURVE('',#1886,#9900,#12628,.T.) ;
#12653=EDGE_CURVE('',#1879,#9907,#12652,.T.) ;
#12677=EDGE_CURVE('',#1872,#9914,#12676,.T.) ;
#12701=EDGE_CURVE('',#1865,#9921,#12700,.T.) ;
#12725=EDGE_CURVE('',#1858,#9928,#12724,.T.) ;
#12749=EDGE_CURVE('',#1851,#9935,#12748,.T.) ;
#12773=EDGE_CURVE('',#1844,#9942,#12772,.T.) ;
#12797=EDGE_CURVE('',#1837,#9949,#12796,.T.) ;
#12821=EDGE_CURVE('',#1830,#9956,#12820,.T.) ;
#12845=EDGE_CURVE('',#1823,#9963,#12844,.T.) ;
#12869=EDGE_CURVE('',#1816,#9970,#12868,.T.) ;
#12893=EDGE_CURVE('',#1809,#9977,#12892,.T.) ;
#12917=EDGE_CURVE('',#1807,#9984,#12916,.T.) ;
#12959=EDGE_CURVE('',#12956,#12958,#12954,.F.) ;
#12966=EDGE_CURVE('',#12958,#12965,#12963,.F.) ;
#12973=EDGE_CURVE('',#12965,#12972,#12970,.F.) ;
#12978=EDGE_CURVE('',#12972,#12956,#12977,.F.) ;
#13002=EDGE_CURVE('',#4498,#12958,#13001,.T.) ;
#13007=EDGE_CURVE('',#4505,#12956,#13006,.T.) ;
#13031=EDGE_CURVE('',#4491,#12965,#13030,.T.) ;
#13055=EDGE_CURVE('',#4489,#12972,#13054,.T.) ;
#13097=EDGE_CURVE('',#13094,#13096,#13092,.F.) ;
#13104=EDGE_CURVE('',#13096,#13103,#13101,.F.) ;
#13111=EDGE_CURVE('',#13103,#13110,#13108,.F.) ;
#13118=EDGE_CURVE('',#13110,#13117,#13115,.F.) ;
#13125=EDGE_CURVE('',#13117,#13124,#13122,.F.) ;
#13132=EDGE_CURVE('',#13124,#13131,#13129,.F.) ;
#13139=EDGE_CURVE('',#13131,#13138,#13136,.F.) ;
#13146=EDGE_CURVE('',#13138,#13145,#13143,.F.) ;
#13153=EDGE_CURVE('',#13145,#13152,#13150,.F.) ;
#13160=EDGE_CURVE('',#13152,#13159,#13157,.F.) ;
#13167=EDGE_CURVE('',#13159,#13166,#13164,.F.) ;
#13174=EDGE_CURVE('',#13166,#13173,#13171,.F.) ;
#13181=EDGE_CURVE('',#13173,#13180,#13178,.F.) ;
#13188=EDGE_CURVE('',#13180,#13187,#13185,.F.) ;
#13195=EDGE_CURVE('',#13187,#13194,#13192,.F.) ;
#13202=EDGE_CURVE('',#13194,#13201,#13199,.F.) ;
#13209=EDGE_CURVE('',#13201,#13208,#13206,.F.) ;
#13216=EDGE_CURVE('',#13208,#13215,#13213,.F.) ;
#13223=EDGE_CURVE('',#13215,#13222,#13220,.F.) ;
#13230=EDGE_CURVE('',#13222,#13229,#13227,.F.) ;
#13237=EDGE_CURVE('',#13229,#13236,#13234,.F.) ;
#13242=EDGE_CURVE('',#13236,#13094,#13241,.F.) ;
#13284=EDGE_CURVE('',#2888,#13096,#13283,.T.) ;
#13289=EDGE_CURVE('',#2895,#13094,#13288,.T.) ;
#13313=EDGE_CURVE('',#2881,#13103,#13312,.T.) ;
#13337=EDGE_CURVE('',#2874,#13110,#13336,.T.) ;
#13361=EDGE_CURVE('',#2867,#13117,#13360,.T.) ;
#13385=EDGE_CURVE('',#2860,#13124,#13384,.T.) ;
#13409=EDGE_CURVE('',#2853,#13131,#13408,.T.) ;
#13433=EDGE_CURVE('',#2846,#13138,#13432,.T.) ;
#13457=EDGE_CURVE('',#2839,#13145,#13456,.T.) ;
#13481=EDGE_CURVE('',#2832,#13152,#13480,.T.) ;
#13505=EDGE_CURVE('',#2825,#13159,#13504,.T.) ;
#13529=EDGE_CURVE('',#2818,#13166,#13528,.T.) ;
#13553=EDGE_CURVE('',#2811,#13173,#13552,.T.) ;
#13577=EDGE_CURVE('',#2804,#13180,#13576,.T.) ;
#13601=EDGE_CURVE('',#2797,#13187,#13600,.T.) ;
#13625=EDGE_CURVE('',#2790,#13194,#13624,.T.) ;
#13649=EDGE_CURVE('',#2783,#13201,#13648,.T.) ;
#13673=EDGE_CURVE('',#2776,#13208,#13672,.T.) ;
#13697=EDGE_CURVE('',#2769,#13215,#13696,.T.) ;
#13721=EDGE_CURVE('',#2762,#13222,#13720,.T.) ;
#13745=EDGE_CURVE('',#2755,#13229,#13744,.T.) ;
#13769=EDGE_CURVE('',#2753,#13236,#13768,.T.) ;
#13811=EDGE_CURVE('',#13808,#13810,#13806,.F.) ;
#13818=EDGE_CURVE('',#13810,#13817,#13815,.F.) ;
#13825=EDGE_CURVE('',#13817,#13824,#13822,.F.) ;
#13832=EDGE_CURVE('',#13824,#13831,#13829,.F.) ;
#13839=EDGE_CURVE('',#13831,#13838,#13836,.F.) ;
#13846=EDGE_CURVE('',#13838,#13845,#13843,.F.) ;
#13853=EDGE_CURVE('',#13845,#13852,#13850,.F.) ;
#13860=EDGE_CURVE('',#13852,#13859,#13857,.F.) ;
#13867=EDGE_CURVE('',#13859,#13866,#13864,.F.) ;
#13874=EDGE_CURVE('',#13866,#13873,#13871,.F.) ;
#13881=EDGE_CURVE('',#13873,#13880,#13878,.F.) ;
#13888=EDGE_CURVE('',#13880,#13887,#13885,.F.) ;
#13895=EDGE_CURVE('',#13887,#13894,#13892,.F.) ;
#13902=EDGE_CURVE('',#13894,#13901,#13899,.F.) ;
#13909=EDGE_CURVE('',#13901,#13908,#13906,.F.) ;
#13916=EDGE_CURVE('',#13908,#13915,#13913,.F.) ;
#13923=EDGE_CURVE('',#13915,#13922,#13920,.F.) ;
#13930=EDGE_CURVE('',#13922,#13929,#13927,.F.) ;
#13937=EDGE_CURVE('',#13929,#13936,#13934,.F.) ;
#13944=EDGE_CURVE('',#13936,#13943,#13941,.F.) ;
#13951=EDGE_CURVE('',#13943,#13950,#13948,.F.) ;
#13956=EDGE_CURVE('',#13950,#13808,#13955,.F.) ;
#13998=EDGE_CURVE('',#4446,#13810,#13997,.T.) ;
#14003=EDGE_CURVE('',#4453,#13808,#14002,.T.) ;
#14027=EDGE_CURVE('',#4439,#13817,#14026,.T.) ;
#14051=EDGE_CURVE('',#4432,#13824,#14050,.T.) ;
#14075=EDGE_CURVE('',#4425,#13831,#14074,.T.) ;
#14099=EDGE_CURVE('',#4418,#13838,#14098,.T.) ;
#14123=EDGE_CURVE('',#4411,#13845,#14122,.T.) ;
#14147=EDGE_CURVE('',#4404,#13852,#14146,.T.) ;
#14171=EDGE_CURVE('',#4397,#13859,#14170,.T.) ;
#14195=EDGE_CURVE('',#4390,#13866,#14194,.T.) ;
#14219=EDGE_CURVE('',#4383,#13873,#14218,.T.) ;
#14243=EDGE_CURVE('',#4376,#13880,#14242,.T.) ;
#14267=EDGE_CURVE('',#4369,#13887,#14266,.T.) ;
#14291=EDGE_CURVE('',#4362,#13894,#14290,.T.) ;
#14315=EDGE_CURVE('',#4355,#13901,#14314,.T.) ;
#14339=EDGE_CURVE('',#4348,#13908,#14338,.T.) ;
#14363=EDGE_CURVE('',#4341,#13915,#14362,.T.) ;
#14387=EDGE_CURVE('',#4334,#13922,#14386,.T.) ;
#14411=EDGE_CURVE('',#4327,#13929,#14410,.T.) ;
#14435=EDGE_CURVE('',#4320,#13936,#14434,.T.) ;
#14459=EDGE_CURVE('',#4313,#13943,#14458,.T.) ;
#14483=EDGE_CURVE('',#4311,#13950,#14482,.T.) ;
#14525=EDGE_CURVE('',#14522,#14524,#14520,.F.) ;
#14532=EDGE_CURVE('',#14524,#14531,#14529,.F.) ;
#14539=EDGE_CURVE('',#14531,#14538,#14536,.F.) ;
#14546=EDGE_CURVE('',#14538,#14545,#14543,.F.) ;
#14553=EDGE_CURVE('',#14545,#14552,#14550,.F.) ;
#14560=EDGE_CURVE('',#14552,#14559,#14557,.F.) ;
#14567=EDGE_CURVE('',#14559,#14566,#14564,.F.) ;
#14574=EDGE_CURVE('',#14566,#14573,#14571,.F.) ;
#14581=EDGE_CURVE('',#14573,#14580,#14578,.F.) ;
#14588=EDGE_CURVE('',#14580,#14587,#14585,.F.) ;
#14595=EDGE_CURVE('',#14587,#14594,#14592,.F.) ;
#14602=EDGE_CURVE('',#14594,#14601,#14599,.F.) ;
#14609=EDGE_CURVE('',#14601,#14608,#14606,.F.) ;
#14616=EDGE_CURVE('',#14608,#14615,#14613,.F.) ;
#14623=EDGE_CURVE('',#14615,#14622,#14620,.F.) ;
#14630=EDGE_CURVE('',#14622,#14629,#14627,.F.) ;
#14637=EDGE_CURVE('',#14629,#14636,#14634,.F.) ;
#14644=EDGE_CURVE('',#14636,#14643,#14641,.F.) ;
#14651=EDGE_CURVE('',#14643,#14650,#14648,.F.) ;
#14658=EDGE_CURVE('',#14650,#14657,#14655,.F.) ;
#14665=EDGE_CURVE('',#14657,#14664,#14662,.F.) ;
#14672=EDGE_CURVE('',#14664,#14671,#14669,.F.) ;
#14679=EDGE_CURVE('',#14671,#14678,#14676,.F.) ;
#14686=EDGE_CURVE('',#14678,#14685,#14683,.F.) ;
#14693=EDGE_CURVE('',#14685,#14692,#14690,.F.) ;
#14700=EDGE_CURVE('',#14692,#14699,#14697,.F.) ;
#14707=EDGE_CURVE('',#14699,#14706,#14704,.F.) ;
#14714=EDGE_CURVE('',#14706,#14713,#14711,.F.) ;
#14721=EDGE_CURVE('',#14713,#14720,#14718,.F.) ;
#14728=EDGE_CURVE('',#14720,#14727,#14725,.F.) ;
#14735=EDGE_CURVE('',#14727,#14734,#14732,.F.) ;
#14742=EDGE_CURVE('',#14734,#14741,#14739,.F.) ;
#14749=EDGE_CURVE('',#14741,#14748,#14746,.F.) ;
#14754=EDGE_CURVE('',#14748,#14522,#14753,.F.) ;
#14808=EDGE_CURVE('',#3150,#14524,#14807,.T.) ;
#14813=EDGE_CURVE('',#3157,#14522,#14812,.T.) ;
#14837=EDGE_CURVE('',#3143,#14531,#14836,.T.) ;
#14861=EDGE_CURVE('',#3136,#14538,#14860,.T.) ;
#14885=EDGE_CURVE('',#3129,#14545,#14884,.T.) ;
#14909=EDGE_CURVE('',#3122,#14552,#14908,.T.) ;
#14933=EDGE_CURVE('',#3115,#14559,#14932,.T.) ;
#14957=EDGE_CURVE('',#3108,#14566,#14956,.T.) ;
#14981=EDGE_CURVE('',#3101,#14573,#14980,.T.) ;
#15005=EDGE_CURVE('',#3094,#14580,#15004,.T.) ;
#15029=EDGE_CURVE('',#3087,#14587,#15028,.T.) ;
#15053=EDGE_CURVE('',#3080,#14594,#15052,.T.) ;
#15077=EDGE_CURVE('',#3073,#14601,#15076,.T.) ;
#15101=EDGE_CURVE('',#3066,#14608,#15100,.T.) ;
#15125=EDGE_CURVE('',#3059,#14615,#15124,.T.) ;
#15149=EDGE_CURVE('',#3052,#14622,#15148,.T.) ;
#15173=EDGE_CURVE('',#3045,#14629,#15172,.T.) ;
#15197=EDGE_CURVE('',#3038,#14636,#15196,.T.) ;
#15221=EDGE_CURVE('',#3031,#14643,#15220,.T.) ;
#15245=EDGE_CURVE('',#3024,#14650,#15244,.T.) ;
#15269=EDGE_CURVE('',#3017,#14657,#15268,.T.) ;
#15293=EDGE_CURVE('',#3010,#14664,#15292,.T.) ;
#15317=EDGE_CURVE('',#3003,#14671,#15316,.T.) ;
#15341=EDGE_CURVE('',#2996,#14678,#15340,.T.) ;
#15365=EDGE_CURVE('',#2989,#14685,#15364,.T.) ;
#15389=EDGE_CURVE('',#2982,#14692,#15388,.T.) ;
#15413=EDGE_CURVE('',#2975,#14699,#15412,.T.) ;
#15437=EDGE_CURVE('',#2968,#14706,#15436,.T.) ;
#15461=EDGE_CURVE('',#2961,#14713,#15460,.T.) ;
#15485=EDGE_CURVE('',#2954,#14720,#15484,.T.) ;
#15509=EDGE_CURVE('',#2947,#14727,#15508,.T.) ;
#15533=EDGE_CURVE('',#2940,#14734,#15532,.T.) ;
#15557=EDGE_CURVE('',#2933,#14741,#15556,.T.) ;
#15581=EDGE_CURVE('',#2931,#14748,#15580,.T.) ;
#15623=EDGE_CURVE('',#15620,#15622,#15618,.F.) ;
#15630=EDGE_CURVE('',#15622,#15629,#15627,.F.) ;
#15637=EDGE_CURVE('',#15629,#15636,#15634,.F.) ;
#15644=EDGE_CURVE('',#15636,#15643,#15641,.F.) ;
#15651=EDGE_CURVE('',#15643,#15650,#15648,.F.) ;
#15658=EDGE_CURVE('',#15650,#15657,#15655,.F.) ;
#15665=EDGE_CURVE('',#15657,#15664,#15662,.F.) ;
#15672=EDGE_CURVE('',#15664,#15671,#15669,.F.) ;
#15679=EDGE_CURVE('',#15671,#15678,#15676,.F.) ;
#15684=EDGE_CURVE('',#15678,#15620,#15683,.F.) ;
#15714=EDGE_CURVE('',#4574,#15622,#15713,.T.) ;
#15719=EDGE_CURVE('',#4581,#15620,#15718,.T.) ;
#15743=EDGE_CURVE('',#4567,#15629,#15742,.T.) ;
#15762=EDGE_CURVE('',#4560,#15636,#15761,.T.) ;
#15786=EDGE_CURVE('',#4553,#15643,#15785,.T.) ;
#15805=EDGE_CURVE('',#4546,#15650,#15804,.T.) ;
#15829=EDGE_CURVE('',#4539,#15657,#15828,.T.) ;
#15848=EDGE_CURVE('',#4532,#15664,#15847,.T.) ;
#15872=EDGE_CURVE('',#4525,#15671,#15871,.T.) ;
#15891=EDGE_CURVE('',#4523,#15678,#15890,.T.) ;
#15933=EDGE_CURVE('',#15930,#15932,#15928,.T.) ;
#15938=EDGE_CURVE('',#15932,#15930,#15937,.T.) ;
#15951=EDGE_CURVE('',#15948,#15950,#15946,.T.) ;
#15956=EDGE_CURVE('',#15950,#15948,#15955,.T.) ;
#15969=EDGE_CURVE('',#15966,#15968,#15964,.T.) ;
#15974=EDGE_CURVE('',#15968,#15966,#15973,.T.) ;
#15987=EDGE_CURVE('',#15984,#15986,#15982,.T.) ;
#15992=EDGE_CURVE('',#15986,#15984,#15991,.T.) ;
#16005=EDGE_CURVE('',#16002,#16004,#16000,.T.) ;
#16010=EDGE_CURVE('',#16004,#16002,#16009,.T.) ;
#16023=EDGE_CURVE('',#16020,#16022,#16018,.T.) ;
#16028=EDGE_CURVE('',#16022,#16020,#16027,.T.) ;
#16041=EDGE_CURVE('',#16038,#16040,#16036,.T.) ;
#16046=EDGE_CURVE('',#16040,#16038,#16045,.T.) ;
#16059=EDGE_CURVE('',#16056,#16058,#16054,.T.) ;
#16064=EDGE_CURVE('',#16058,#16056,#16063,.T.) ;
#16077=EDGE_CURVE('',#16074,#16076,#16072,.T.) ;
#16082=EDGE_CURVE('',#16076,#16074,#16081,.T.) ;
#16095=EDGE_CURVE('',#16092,#16094,#16090,.T.) ;
#16100=EDGE_CURVE('',#16094,#16092,#16099,.T.) ;
#16122=EDGE_CURVE('',#1772,#15932,#16121,.F.) ;
#16127=EDGE_CURVE('',#1770,#15930,#16126,.F.) ;
#16165=EDGE_CURVE('',#1791,#15948,#16164,.F.) ;
#16170=EDGE_CURVE('',#1789,#15950,#16169,.F.) ;
#16208=EDGE_CURVE('',#4608,#15966,#16207,.F.) ;
#16213=EDGE_CURVE('',#4606,#15968,#16212,.F.) ;
#16251=EDGE_CURVE('',#4627,#15984,#16250,.F.) ;
#16256=EDGE_CURVE('',#4625,#15986,#16255,.F.) ;
#16294=EDGE_CURVE('',#4646,#16002,#16293,.F.) ;
#16299=EDGE_CURVE('',#4644,#16004,#16298,.F.) ;
#16337=EDGE_CURVE('',#4665,#16020,#16336,.F.) ;
#16342=EDGE_CURVE('',#4663,#16022,#16341,.F.) ;
#16380=EDGE_CURVE('',#4684,#16038,#16379,.F.) ;
#16385=EDGE_CURVE('',#4682,#16040,#16384,.F.) ;
#16423=EDGE_CURVE('',#4703,#16056,#16422,.F.) ;
#16428=EDGE_CURVE('',#4701,#16058,#16427,.F.) ;
#16466=EDGE_CURVE('',#4722,#16074,#16465,.F.) ;
#16471=EDGE_CURVE('',#4720,#16076,#16470,.F.) ;
#16509=EDGE_CURVE('',#4741,#16092,#16508,.F.) ;
#16514=EDGE_CURVE('',#4739,#16094,#16513,.F.) ;
#68=EDGE_LOOP('',(#69,#70,#71,#72)) ;
#85=EDGE_LOOP('',(#86,#87,#88,#89)) ;
#125=EDGE_LOOP('',(#126,#127,#128,#129)) ;
#142=EDGE_LOOP('',(#143,#144,#145,#146)) ;
#182=EDGE_LOOP('',(#183,#184,#185,#186)) ;
#199=EDGE_LOOP('',(#200,#201,#202,#203)) ;
#230=EDGE_LOOP('',(#231,#232,#233,#234)) ;
#242=EDGE_LOOP('',(#243,#244,#245,#246)) ;
#280=EDGE_LOOP('',(#281,#282,#283,#284,#285)) ;
#300=EDGE_LOOP('',(#301,#302,#303,#304,#305)) ;
#332=EDGE_LOOP('',(#333,#334,#335,#336,#337)) ;
#373=EDGE_LOOP('',(#374,#375,#376,#377)) ;
#390=EDGE_LOOP('',(#391,#392,#393,#394)) ;
#416=EDGE_LOOP('',(#417,#418)) ;
#420=EDGE_LOOP('',(#421,#422)) ;
#435=EDGE_LOOP('',(#436,#437)) ;
#439=EDGE_LOOP('',(#440,#441)) ;
#444=EDGE_LOOP('',(#445,#446,#447,#448,#449)) ;
#476=EDGE_LOOP('',(#477,#478,#479,#480)) ;
#488=EDGE_LOOP('',(#489,#490,#491,#492)) ;
#500=EDGE_LOOP('',(#501,#502)) ;
#504=EDGE_LOOP('',(#505,#506)) ;
#508=EDGE_LOOP('',(#509,#510)) ;
#526=EDGE_LOOP('',(#527,#528)) ;
#544=EDGE_LOOP('',(#545,#546)) ;
#562=EDGE_LOOP('',(#563,#564)) ;
#580=EDGE_LOOP('',(#581,#582)) ;
#598=EDGE_LOOP('',(#599,#600)) ;
#616=EDGE_LOOP('',(#617,#618)) ;
#634=EDGE_LOOP('',(#635,#636)) ;
#652=EDGE_LOOP('',(#653,#654)) ;
#670=EDGE_LOOP('',(#671,#672)) ;
#688=EDGE_LOOP('',(#689,#690)) ;
#706=EDGE_LOOP('',(#707,#708)) ;
#724=EDGE_LOOP('',(#725,#726)) ;
#742=EDGE_LOOP('',(#743,#744)) ;
#760=EDGE_LOOP('',(#761,#762)) ;
#778=EDGE_LOOP('',(#779,#780)) ;
#796=EDGE_LOOP('',(#797,#798)) ;
#814=EDGE_LOOP('',(#815,#816)) ;
#832=EDGE_LOOP('',(#833,#834)) ;
#850=EDGE_LOOP('',(#851,#852)) ;
#879=EDGE_LOOP('',(#880,#881,#882,#883)) ;
#891=EDGE_LOOP('',(#892,#893,#894,#895)) ;
#922=EDGE_LOOP('',(#923,#924,#925,#926)) ;
#934=EDGE_LOOP('',(#935,#936,#937,#938)) ;
#965=EDGE_LOOP('',(#966,#967,#968,#969)) ;
#977=EDGE_LOOP('',(#978,#979,#980,#981)) ;
#1008=EDGE_LOOP('',(#1009,#1010,#1011,#1012)) ;
#1020=EDGE_LOOP('',(#1021,#1022,#1023,#1024)) ;
#1051=EDGE_LOOP('',(#1052,#1053,#1054,#1055)) ;
#1063=EDGE_LOOP('',(#1064,#1065,#1066,#1067)) ;
#1094=EDGE_LOOP('',(#1095,#1096,#1097,#1098)) ;
#1106=EDGE_LOOP('',(#1107,#1108,#1109,#1110)) ;
#1137=EDGE_LOOP('',(#1138,#1139,#1140,#1141)) ;
#1149=EDGE_LOOP('',(#1150,#1151,#1152,#1153)) ;
#1180=EDGE_LOOP('',(#1181,#1182,#1183,#1184)) ;
#1192=EDGE_LOOP('',(#1193,#1194,#1195,#1196)) ;
#1223=EDGE_LOOP('',(#1224,#1225,#1226,#1227)) ;
#1235=EDGE_LOOP('',(#1236,#1237,#1238,#1239)) ;
#1266=EDGE_LOOP('',(#1267,#1268,#1269,#1270)) ;
#1278=EDGE_LOOP('',(#1279,#1280,#1281,#1282)) ;
#1309=EDGE_LOOP('',(#1310,#1311,#1312,#1313)) ;
#1321=EDGE_LOOP('',(#1322,#1323,#1324,#1325)) ;
#1352=EDGE_LOOP('',(#1353,#1354,#1355,#1356)) ;
#1364=EDGE_LOOP('',(#1365,#1366,#1367,#1368)) ;
#1395=EDGE_LOOP('',(#1396,#1397,#1398,#1399)) ;
#1407=EDGE_LOOP('',(#1408,#1409,#1410,#1411)) ;
#1438=EDGE_LOOP('',(#1439,#1440,#1441,#1442)) ;
#1450=EDGE_LOOP('',(#1451,#1452,#1453,#1454)) ;
#1481=EDGE_LOOP('',(#1482,#1483,#1484,#1485)) ;
#1493=EDGE_LOOP('',(#1494,#1495,#1496,#1497)) ;
#1524=EDGE_LOOP('',(#1525,#1526,#1527,#1528)) ;
#1536=EDGE_LOOP('',(#1537,#1538,#1539,#1540)) ;
#1567=EDGE_LOOP('',(#1568,#1569,#1570,#1571)) ;
#1579=EDGE_LOOP('',(#1580,#1581,#1582,#1583)) ;
#1610=EDGE_LOOP('',(#1611,#1612,#1613,#1614)) ;
#1622=EDGE_LOOP('',(#1623,#1624,#1625,#1626)) ;
#1653=EDGE_LOOP('',(#1654,#1655,#1656,#1657)) ;
#1665=EDGE_LOOP('',(#1666,#1667,#1668,#1669)) ;
#1677=EDGE_LOOP('',(#1678,#1679)) ;
#1681=EDGE_LOOP('',(#1682,#1683)) ;
#1685=EDGE_LOOP('',(#1686,#1687)) ;
#1689=EDGE_LOOP('',(#1690,#1691)) ;
#1693=EDGE_LOOP('',(#1694,#1695)) ;
#1697=EDGE_LOOP('',(#1698,#1699)) ;
#1701=EDGE_LOOP('',(#1702,#1703)) ;
#1705=EDGE_LOOP('',(#1706,#1707)) ;
#1709=EDGE_LOOP('',(#1710,#1711)) ;
#1713=EDGE_LOOP('',(#1714,#1715)) ;
#1717=EDGE_LOOP('',(#1718,#1719)) ;
#1721=EDGE_LOOP('',(#1722,#1723)) ;
#1725=EDGE_LOOP('',(#1726,#1727)) ;
#1729=EDGE_LOOP('',(#1730,#1731)) ;
#1733=EDGE_LOOP('',(#1734,#1735)) ;
#1737=EDGE_LOOP('',(#1738,#1739)) ;
#1741=EDGE_LOOP('',(#1742,#1743)) ;
#1745=EDGE_LOOP('',(#1746,#1747)) ;
#1749=EDGE_LOOP('',(#1750,#1751)) ;
#1753=EDGE_LOOP('',(#1754,#1755)) ;
#1757=EDGE_LOOP('',(#1758,#1759)) ;
#1761=EDGE_LOOP('',(#1762,#1763)) ;
#1779=EDGE_LOOP('',(#1780,#1781)) ;
#1798=EDGE_LOOP('',(#1799,#1800)) ;
#2628=EDGE_LOOP('',(#2629,#2630,#2631,#2632,#2633,#2634,#2635,#2636,#2637,#2638,#2639,#2640,#2641,#2642,#2643,#2644,#2645,#2646,#2647,#2648,#2649,#2650,#2651,#2652,#2653,#2654,#2655,#2656,#2657,#2658,#2659,#2660,#2661,#2662,#2663,#2664,#2665,#2666,#2667,#2668,#2669,#2670,#2671,#2672,#2673,#2674,#2675,#2676,#2677,#2678,#2679,#2680,#2681,#2682,#2683,#2684,#2685,#2686,#2687,#2688,#2689,#2690,#2691,#2692,#2693,#2694,#2695,#2696,#2697,#2698,#2699,#2700,#2701,#2702,#2703,#2704,#2705,#2706,#2707,#2708,#2709,#2710,#2711,#2712,#2713,#2714,#2715,#2716,#2717,#2718,#2719,#2720,#2721,#2722,#2723,#2724,#2725,#2726,#2727,#2728,#2729,#2730,#2731,#2732,#2733,#2734,#2735,#2736,#2737,#2738,#2739,#2740,#2741,#2742,#2743,#2744,#2745,#2746)) ;
#2902=EDGE_LOOP('',(#2903,#2904,#2905,#2906,#2907,#2908,#2909,#2910,#2911,#2912,#2913,#2914,#2915,#2916,#2917,#2918,#2919,#2920,#2921,#2922,#2923,#2924)) ;
#3164=EDGE_LOOP('',(#3165,#3166,#3167,#3168,#3169,#3170,#3171,#3172,#3173,#3174,#3175,#3176,#3177,#3178,#3179,#3180,#3181,#3182,#3183,#3184,#3185,#3186,#3187,#3188,#3189,#3190,#3191,#3192,#3193,#3194,#3195,#3196,#3197,#3198)) ;
#4166=EDGE_LOOP('',(#4167,#4168,#4169,#4170,#4171,#4172,#4173,#4174,#4175,#4176,#4177,#4178,#4179,#4180,#4181,#4182,#4183,#4184,#4185,#4186,#4187,#4188,#4189,#4190,#4191,#4192,#4193,#4194,#4195,#4196,#4197,#4198,#4199,#4200,#4201,#4202,#4203,#4204,#4205,#4206,#4207,#4208,#4209,#4210,#4211,#4212,#4213,#4214,#4215,#4216,#4217,#4218,#4219,#4220,#4221,#4222,#4223,#4224,#4225,#4226,#4227,#4228,#4229,#4230,#4231,#4232,#4233,#4234,#4235,#4236,#4237,#4238,#4239,#4240,#4241,#4242,#4243,#4244,#4245,#4246,#4247,#4248,#4249,#4250,#4251,#4252,#4253,#4254,#4255,#4256,#4257,#4258,#4259,#4260,#4261,#4262,#4263,#4264,#4265,#4266,#4267,#4268,#4269,#4270,#4271,#4272,#4273,#4274,#4275,#4276,#4277,#4278,#4279,#4280,#4281,#4282,#4283,#4284,#4285,#4286,#4287,#4288,#4289,#4290,#4291,#4292,#4293,#4294,#4295,#4296,#4297,#4298,#4299,#4300,#4301,#4302,#4303,#4304)) ;
#4460=EDGE_LOOP('',(#4461,#4462,#4463,#4464,#4465,#4466,#4467,#4468,#4469,#4470,#4471,#4472,#4473,#4474,#4475,#4476,#4477,#4478,#4479,#4480,#4481,#4482)) ;
#4512=EDGE_LOOP('',(#4513,#4514,#4515,#4516)) ;
#4588=EDGE_LOOP('',(#4589,#4590,#4591,#4592,#4593,#4594,#4595,#4596,#4597,#4598)) ;
#4615=EDGE_LOOP('',(#4616,#4617)) ;
#4634=EDGE_LOOP('',(#4635,#4636)) ;
#4653=EDGE_LOOP('',(#4654,#4655)) ;
#4672=EDGE_LOOP('',(#4673,#4674)) ;
#4691=EDGE_LOOP('',(#4692,#4693)) ;
#4710=EDGE_LOOP('',(#4711,#4712)) ;
#4729=EDGE_LOOP('',(#4730,#4731)) ;
#4748=EDGE_LOOP('',(#4749,#4750)) ;
#5724=EDGE_LOOP('',(#5725,#5726,#5727,#5728,#5729,#5730,#5731,#5732,#5733,#5734,#5735,#5736,#5737,#5738,#5739,#5740,#5741,#5742,#5743,#5744,#5745,#5746,#5747,#5748,#5749,#5750,#5751,#5752,#5753,#5754,#5755,#5756,#5757,#5758,#5759,#5760,#5761,#5762,#5763,#5764,#5765,#5766,#5767,#5768,#5769,#5770,#5771,#5772,#5773,#5774,#5775,#5776,#5777,#5778,#5779,#5780,#5781,#5782,#5783,#5784,#5785,#5786,#5787,#5788,#5789,#5790,#5791,#5792,#5793,#5794,#5795,#5796,#5797,#5798,#5799,#5800,#5801,#5802,#5803,#5804,#5805,#5806,#5807,#5808,#5809,#5810,#5811,#5812,#5813,#5814,#5815,#5816,#5817,#5818,#5819,#5820,#5821,#5822,#5823,#5824,#5825,#5826,#5827,#5828,#5829,#5830,#5831,#5832,#5833,#5834,#5835,#5836,#5837,#5838,#5839,#5840,#5841,#5842,#5843,#5844,#5845,#5846,#5847,#5848,#5849,#5850,#5851,#5852,#5853,#5854,#5855,#5856,#5857,#5858,#5859,#5860,#5861,#5862)) ;
#5888=EDGE_LOOP('',(#5889,#5890,#5891,#5892)) ;
#5912=EDGE_LOOP('',(#5913,#5914,#5915,#5916)) ;
#5936=EDGE_LOOP('',(#5937,#5938,#5939,#5940)) ;
#5960=EDGE_LOOP('',(#5961,#5962,#5963,#5964)) ;
#5984=EDGE_LOOP('',(#5985,#5986,#5987,#5988)) ;
#6008=EDGE_LOOP('',(#6009,#6010,#6011,#6012)) ;
#6032=EDGE_LOOP('',(#6033,#6034,#6035,#6036)) ;
#6056=EDGE_LOOP('',(#6057,#6058,#6059,#6060)) ;
#6080=EDGE_LOOP('',(#6081,#6082,#6083,#6084)) ;
#6104=EDGE_LOOP('',(#6105,#6106,#6107,#6108)) ;
#6128=EDGE_LOOP('',(#6129,#6130,#6131,#6132)) ;
#6152=EDGE_LOOP('',(#6153,#6154,#6155,#6156)) ;
#6176=EDGE_LOOP('',(#6177,#6178,#6179,#6180)) ;
#6200=EDGE_LOOP('',(#6201,#6202,#6203,#6204)) ;
#6224=EDGE_LOOP('',(#6225,#6226,#6227,#6228)) ;
#6248=EDGE_LOOP('',(#6249,#6250,#6251,#6252)) ;
#6272=EDGE_LOOP('',(#6273,#6274,#6275,#6276)) ;
#6296=EDGE_LOOP('',(#6297,#6298,#6299,#6300)) ;
#6320=EDGE_LOOP('',(#6321,#6322,#6323,#6324)) ;
#6344=EDGE_LOOP('',(#6345,#6346,#6347,#6348)) ;
#6368=EDGE_LOOP('',(#6369,#6370,#6371,#6372)) ;
#6392=EDGE_LOOP('',(#6393,#6394,#6395,#6396)) ;
#6416=EDGE_LOOP('',(#6417,#6418,#6419,#6420)) ;
#6440=EDGE_LOOP('',(#6441,#6442,#6443,#6444)) ;
#6464=EDGE_LOOP('',(#6465,#6466,#6467,#6468)) ;
#6483=EDGE_LOOP('',(#6484,#6485,#6486,#6487)) ;
#6507=EDGE_LOOP('',(#6508,#6509,#6510,#6511)) ;
#6531=EDGE_LOOP('',(#6532,#6533,#6534,#6535)) ;
#6555=EDGE_LOOP('',(#6556,#6557,#6558,#6559)) ;
#6579=EDGE_LOOP('',(#6580,#6581,#6582,#6583)) ;
#6603=EDGE_LOOP('',(#6604,#6605,#6606,#6607)) ;
#6627=EDGE_LOOP('',(#6628,#6629,#6630,#6631)) ;
#6651=EDGE_LOOP('',(#6652,#6653,#6654,#6655)) ;
#6675=EDGE_LOOP('',(#6676,#6677,#6678,#6679)) ;
#6699=EDGE_LOOP('',(#6700,#6701,#6702,#6703)) ;
#6723=EDGE_LOOP('',(#6724,#6725,#6726,#6727)) ;
#6747=EDGE_LOOP('',(#6748,#6749,#6750,#6751)) ;
#6771=EDGE_LOOP('',(#6772,#6773,#6774,#6775)) ;
#6795=EDGE_LOOP('',(#6796,#6797,#6798,#6799)) ;
#6819=EDGE_LOOP('',(#6820,#6821,#6822,#6823)) ;
#6843=EDGE_LOOP('',(#6844,#6845,#6846,#6847)) ;
#6867=EDGE_LOOP('',(#6868,#6869,#6870,#6871)) ;
#6891=EDGE_LOOP('',(#6892,#6893,#6894,#6895)) ;
#6915=EDGE_LOOP('',(#6916,#6917,#6918,#6919)) ;
#6939=EDGE_LOOP('',(#6940,#6941,#6942,#6943)) ;
#6963=EDGE_LOOP('',(#6964,#6965,#6966,#6967)) ;
#6987=EDGE_LOOP('',(#6988,#6989,#6990,#6991)) ;
#7006=EDGE_LOOP('',(#7007,#7008,#7009,#7010)) ;
#7030=EDGE_LOOP('',(#7031,#7032,#7033,#7034)) ;
#7054=EDGE_LOOP('',(#7055,#7056,#7057,#7058)) ;
#7078=EDGE_LOOP('',(#7079,#7080,#7081,#7082)) ;
#7102=EDGE_LOOP('',(#7103,#7104,#7105,#7106)) ;
#7126=EDGE_LOOP('',(#7127,#7128,#7129,#7130)) ;
#7150=EDGE_LOOP('',(#7151,#7152,#7153,#7154)) ;
#7174=EDGE_LOOP('',(#7175,#7176,#7177,#7178)) ;
#7198=EDGE_LOOP('',(#7199,#7200,#7201,#7202)) ;
#7222=EDGE_LOOP('',(#7223,#7224,#7225,#7226)) ;
#7246=EDGE_LOOP('',(#7247,#7248,#7249,#7250)) ;
#7270=EDGE_LOOP('',(#7271,#7272,#7273,#7274)) ;
#7294=EDGE_LOOP('',(#7295,#7296,#7297,#7298)) ;
#7318=EDGE_LOOP('',(#7319,#7320,#7321,#7322)) ;
#7342=EDGE_LOOP('',(#7343,#7344,#7345,#7346)) ;
#7366=EDGE_LOOP('',(#7367,#7368,#7369,#7370)) ;
#7390=EDGE_LOOP('',(#7391,#7392,#7393,#7394)) ;
#7414=EDGE_LOOP('',(#7415,#7416,#7417,#7418)) ;
#7438=EDGE_LOOP('',(#7439,#7440,#7441,#7442)) ;
#7462=EDGE_LOOP('',(#7463,#7464,#7465,#7466)) ;
#7486=EDGE_LOOP('',(#7487,#7488,#7489,#7490)) ;
#7510=EDGE_LOOP('',(#7511,#7512,#7513,#7514)) ;
#7534=EDGE_LOOP('',(#7535,#7536,#7537,#7538)) ;
#7558=EDGE_LOOP('',(#7559,#7560,#7561,#7562)) ;
#7582=EDGE_LOOP('',(#7583,#7584,#7585,#7586)) ;
#7606=EDGE_LOOP('',(#7607,#7608,#7609,#7610)) ;
#7630=EDGE_LOOP('',(#7631,#7632,#7633,#7634)) ;
#7654=EDGE_LOOP('',(#7655,#7656,#7657,#7658)) ;
#7678=EDGE_LOOP('',(#7679,#7680,#7681,#7682)) ;
#7702=EDGE_LOOP('',(#7703,#7704,#7705,#7706)) ;
#7726=EDGE_LOOP('',(#7727,#7728,#7729,#7730)) ;
#7750=EDGE_LOOP('',(#7751,#7752,#7753,#7754)) ;
#7774=EDGE_LOOP('',(#7775,#7776,#7777,#7778)) ;
#7798=EDGE_LOOP('',(#7799,#7800,#7801,#7802)) ;
#7822=EDGE_LOOP('',(#7823,#7824,#7825,#7826)) ;
#7846=EDGE_LOOP('',(#7847,#7848,#7849,#7850)) ;
#7870=EDGE_LOOP('',(#7871,#7872,#7873,#7874)) ;
#7894=EDGE_LOOP('',(#7895,#7896,#7897,#7898)) ;
#7918=EDGE_LOOP('',(#7919,#7920,#7921,#7922)) ;
#7942=EDGE_LOOP('',(#7943,#7944,#7945,#7946)) ;
#7966=EDGE_LOOP('',(#7967,#7968,#7969,#7970)) ;
#7990=EDGE_LOOP('',(#7991,#7992,#7993,#7994)) ;
#8014=EDGE_LOOP('',(#8015,#8016,#8017,#8018)) ;
#8038=EDGE_LOOP('',(#8039,#8040,#8041,#8042)) ;
#8062=EDGE_LOOP('',(#8063,#8064,#8065,#8066)) ;
#8086=EDGE_LOOP('',(#8087,#8088,#8089,#8090)) ;
#8110=EDGE_LOOP('',(#8111,#8112,#8113,#8114)) ;
#8129=EDGE_LOOP('',(#8130,#8131,#8132,#8133)) ;
#8148=EDGE_LOOP('',(#8149,#8150,#8151,#8152)) ;
#8172=EDGE_LOOP('',(#8173,#8174,#8175,#8176)) ;
#8196=EDGE_LOOP('',(#8197,#8198,#8199,#8200)) ;
#8220=EDGE_LOOP('',(#8221,#8222,#8223,#8224)) ;
#8244=EDGE_LOOP('',(#8245,#8246,#8247,#8248)) ;
#8268=EDGE_LOOP('',(#8269,#8270,#8271,#8272)) ;
#8292=EDGE_LOOP('',(#8293,#8294,#8295,#8296)) ;
#8316=EDGE_LOOP('',(#8317,#8318,#8319,#8320)) ;
#8340=EDGE_LOOP('',(#8341,#8342,#8343,#8344)) ;
#8364=EDGE_LOOP('',(#8365,#8366,#8367,#8368)) ;
#8388=EDGE_LOOP('',(#8389,#8390,#8391,#8392)) ;
#8412=EDGE_LOOP('',(#8413,#8414,#8415,#8416)) ;
#8436=EDGE_LOOP('',(#8437,#8438,#8439,#8440)) ;
#8460=EDGE_LOOP('',(#8461,#8462,#8463,#8464)) ;
#8484=EDGE_LOOP('',(#8485,#8486,#8487,#8488)) ;
#8508=EDGE_LOOP('',(#8509,#8510,#8511,#8512)) ;
#8532=EDGE_LOOP('',(#8533,#8534,#8535,#8536)) ;
#8556=EDGE_LOOP('',(#8557,#8558,#8559,#8560)) ;
#8580=EDGE_LOOP('',(#8581,#8582,#8583,#8584)) ;
#8604=EDGE_LOOP('',(#8605,#8606,#8607,#8608)) ;
#8628=EDGE_LOOP('',(#8629,#8630,#8631,#8632)) ;
#8652=EDGE_LOOP('',(#8653,#8654,#8655,#8656)) ;
#8676=EDGE_LOOP('',(#8677,#8678,#8679,#8680)) ;
#8700=EDGE_LOOP('',(#8701,#8702,#8703,#8704)) ;
#8724=EDGE_LOOP('',(#8725,#8726,#8727,#8728)) ;
#8748=EDGE_LOOP('',(#8749,#8750,#8751,#8752)) ;
#8772=EDGE_LOOP('',(#8773,#8774,#8775,#8776)) ;
#8796=EDGE_LOOP('',(#8797,#8798,#8799,#8800)) ;
#8820=EDGE_LOOP('',(#8821,#8822,#8823,#8824)) ;
#8844=EDGE_LOOP('',(#8845,#8846,#8847,#8848)) ;
#8868=EDGE_LOOP('',(#8869,#8870,#8871,#8872)) ;
#8892=EDGE_LOOP('',(#8893,#8894,#8895,#8896)) ;
#8916=EDGE_LOOP('',(#8917,#8918,#8919,#8920)) ;
#8940=EDGE_LOOP('',(#8941,#8942,#8943,#8944)) ;
#8964=EDGE_LOOP('',(#8965,#8966,#8967,#8968)) ;
#8988=EDGE_LOOP('',(#8989,#8990,#8991,#8992)) ;
#9012=EDGE_LOOP('',(#9013,#9014,#9015,#9016)) ;
#9036=EDGE_LOOP('',(#9037,#9038,#9039,#9040)) ;
#9060=EDGE_LOOP('',(#9061,#9062,#9063,#9064)) ;
#9084=EDGE_LOOP('',(#9085,#9086,#9087,#9088)) ;
#9108=EDGE_LOOP('',(#9109,#9110,#9111,#9112)) ;
#9132=EDGE_LOOP('',(#9133,#9134,#9135,#9136)) ;
#9151=EDGE_LOOP('',(#9152,#9153,#9154,#9155)) ;
#9991=EDGE_LOOP('',(#9992,#9993,#9994,#9995,#9996,#9997,#9998,#9999,#10000,#10001,#10002,#10003,#10004,#10005,#10006,#10007,#10008,#10009,#10010,#10011,#10012,#10013,#10014,#10015,#10016,#10017,#10018,#10019,#10020,#10021,#10022,#10023,#10024,#10025,#10026,#10027,#10028,#10029,#10030,#10031,#10032,#10033,#10034,#10035,#10036,#10037,#10038,#10039,#10040,#10041,#10042,#10043,#10044,#10045,#10046,#10047,#10048,#10049,#10050,#10051,#10052,#10053,#10054,#10055,#10056,#10057,#10058,#10059,#10060,#10061,#10062,#10063,#10064,#10065,#10066,#10067,#10068,#10069,#10070,#10071,#10072,#10073,#10074,#10075,#10076,#10077,#10078,#10079,#10080,#10081,#10082,#10083,#10084,#10085,#10086,#10087,#10088,#10089,#10090,#10091,#10092,#10093,#10094,#10095,#10096,#10097,#10098,#10099,#10100,#10101,#10102,#10103,#10104,#10105,#10106,#10107,#10108,#10109)) ;
#10134=EDGE_LOOP('',(#10135,#10136,#10137,#10138)) ;
#10158=EDGE_LOOP('',(#10159,#10160,#10161,#10162)) ;
#10182=EDGE_LOOP('',(#10183,#10184,#10185,#10186)) ;
#10206=EDGE_LOOP('',(#10207,#10208,#10209,#10210)) ;
#10230=EDGE_LOOP('',(#10231,#10232,#10233,#10234)) ;
#10254=EDGE_LOOP('',(#10255,#10256,#10257,#10258)) ;
#10278=EDGE_LOOP('',(#10279,#10280,#10281,#10282)) ;
#10302=EDGE_LOOP('',(#10303,#10304,#10305,#10306)) ;
#10326=EDGE_LOOP('',(#10327,#10328,#10329,#10330)) ;
#10350=EDGE_LOOP('',(#10351,#10352,#10353,#10354)) ;
#10374=EDGE_LOOP('',(#10375,#10376,#10377,#10378)) ;
#10398=EDGE_LOOP('',(#10399,#10400,#10401,#10402)) ;
#10422=EDGE_LOOP('',(#10423,#10424,#10425,#10426)) ;
#10446=EDGE_LOOP('',(#10447,#10448,#10449,#10450)) ;
#10470=EDGE_LOOP('',(#10471,#10472,#10473,#10474)) ;
#10494=EDGE_LOOP('',(#10495,#10496,#10497,#10498)) ;
#10518=EDGE_LOOP('',(#10519,#10520,#10521,#10522)) ;
#10542=EDGE_LOOP('',(#10543,#10544,#10545,#10546)) ;
#10566=EDGE_LOOP('',(#10567,#10568,#10569,#10570)) ;
#10590=EDGE_LOOP('',(#10591,#10592,#10593,#10594)) ;
#10614=EDGE_LOOP('',(#10615,#10616,#10617,#10618)) ;
#10638=EDGE_LOOP('',(#10639,#10640,#10641,#10642)) ;
#10662=EDGE_LOOP('',(#10663,#10664,#10665,#10666)) ;
#10686=EDGE_LOOP('',(#10687,#10688,#10689,#10690)) ;
#10710=EDGE_LOOP('',(#10711,#10712,#10713,#10714)) ;
#10734=EDGE_LOOP('',(#10735,#10736,#10737,#10738)) ;
#10758=EDGE_LOOP('',(#10759,#10760,#10761,#10762)) ;
#10782=EDGE_LOOP('',(#10783,#10784,#10785,#10786)) ;
#10806=EDGE_LOOP('',(#10807,#10808,#10809,#10810)) ;
#10830=EDGE_LOOP('',(#10831,#10832,#10833,#10834)) ;
#10854=EDGE_LOOP('',(#10855,#10856,#10857,#10858)) ;
#10878=EDGE_LOOP('',(#10879,#10880,#10881,#10882)) ;
#10902=EDGE_LOOP('',(#10903,#10904,#10905,#10906)) ;
#10926=EDGE_LOOP('',(#10927,#10928,#10929,#10930)) ;
#10950=EDGE_LOOP('',(#10951,#10952,#10953,#10954)) ;
#10974=EDGE_LOOP('',(#10975,#10976,#10977,#10978)) ;
#10998=EDGE_LOOP('',(#10999,#11000,#11001,#11002)) ;
#11022=EDGE_LOOP('',(#11023,#11024,#11025,#11026)) ;
#11046=EDGE_LOOP('',(#11047,#11048,#11049,#11050)) ;
#11070=EDGE_LOOP('',(#11071,#11072,#11073,#11074)) ;
#11094=EDGE_LOOP('',(#11095,#11096,#11097,#11098)) ;
#11118=EDGE_LOOP('',(#11119,#11120,#11121,#11122)) ;
#11142=EDGE_LOOP('',(#11143,#11144,#11145,#11146)) ;
#11166=EDGE_LOOP('',(#11167,#11168,#11169,#11170)) ;
#11190=EDGE_LOOP('',(#11191,#11192,#11193,#11194)) ;
#11214=EDGE_LOOP('',(#11215,#11216,#11217,#11218)) ;
#11238=EDGE_LOOP('',(#11239,#11240,#11241,#11242)) ;
#11262=EDGE_LOOP('',(#11263,#11264,#11265,#11266)) ;
#11286=EDGE_LOOP('',(#11287,#11288,#11289,#11290)) ;
#11310=EDGE_LOOP('',(#11311,#11312,#11313,#11314)) ;
#11334=EDGE_LOOP('',(#11335,#11336,#11337,#11338)) ;
#11358=EDGE_LOOP('',(#11359,#11360,#11361,#11362)) ;
#11382=EDGE_LOOP('',(#11383,#11384,#11385,#11386)) ;
#11406=EDGE_LOOP('',(#11407,#11408,#11409,#11410)) ;
#11430=EDGE_LOOP('',(#11431,#11432,#11433,#11434)) ;
#11454=EDGE_LOOP('',(#11455,#11456,#11457,#11458)) ;
#11478=EDGE_LOOP('',(#11479,#11480,#11481,#11482)) ;
#11502=EDGE_LOOP('',(#11503,#11504,#11505,#11506)) ;
#11526=EDGE_LOOP('',(#11527,#11528,#11529,#11530)) ;
#11550=EDGE_LOOP('',(#11551,#11552,#11553,#11554)) ;
#11574=EDGE_LOOP('',(#11575,#11576,#11577,#11578)) ;
#11598=EDGE_LOOP('',(#11599,#11600,#11601,#11602)) ;
#11622=EDGE_LOOP('',(#11623,#11624,#11625,#11626)) ;
#11646=EDGE_LOOP('',(#11647,#11648,#11649,#11650)) ;
#11670=EDGE_LOOP('',(#11671,#11672,#11673,#11674)) ;
#11694=EDGE_LOOP('',(#11695,#11696,#11697,#11698)) ;
#11718=EDGE_LOOP('',(#11719,#11720,#11721,#11722)) ;
#11742=EDGE_LOOP('',(#11743,#11744,#11745,#11746)) ;
#11766=EDGE_LOOP('',(#11767,#11768,#11769,#11770)) ;
#11790=EDGE_LOOP('',(#11791,#11792,#11793,#11794)) ;
#11814=EDGE_LOOP('',(#11815,#11816,#11817,#11818)) ;
#11838=EDGE_LOOP('',(#11839,#11840,#11841,#11842)) ;
#11862=EDGE_LOOP('',(#11863,#11864,#11865,#11866)) ;
#11886=EDGE_LOOP('',(#11887,#11888,#11889,#11890)) ;
#11910=EDGE_LOOP('',(#11911,#11912,#11913,#11914)) ;
#11934=EDGE_LOOP('',(#11935,#11936,#11937,#11938)) ;
#11958=EDGE_LOOP('',(#11959,#11960,#11961,#11962)) ;
#11982=EDGE_LOOP('',(#11983,#11984,#11985,#11986)) ;
#12006=EDGE_LOOP('',(#12007,#12008,#12009,#12010)) ;
#12030=EDGE_LOOP('',(#12031,#12032,#12033,#12034)) ;
#12054=EDGE_LOOP('',(#12055,#12056,#12057,#12058)) ;
#12078=EDGE_LOOP('',(#12079,#12080,#12081,#12082)) ;
#12102=EDGE_LOOP('',(#12103,#12104,#12105,#12106)) ;
#12126=EDGE_LOOP('',(#12127,#12128,#12129,#12130)) ;
#12150=EDGE_LOOP('',(#12151,#12152,#12153,#12154)) ;
#12174=EDGE_LOOP('',(#12175,#12176,#12177,#12178)) ;
#12198=EDGE_LOOP('',(#12199,#12200,#12201,#12202)) ;
#12222=EDGE_LOOP('',(#12223,#12224,#12225,#12226)) ;
#12246=EDGE_LOOP('',(#12247,#12248,#12249,#12250)) ;
#12270=EDGE_LOOP('',(#12271,#12272,#12273,#12274)) ;
#12294=EDGE_LOOP('',(#12295,#12296,#12297,#12298)) ;
#12318=EDGE_LOOP('',(#12319,#12320,#12321,#12322)) ;
#12342=EDGE_LOOP('',(#12343,#12344,#12345,#12346)) ;
#12366=EDGE_LOOP('',(#12367,#12368,#12369,#12370)) ;
#12390=EDGE_LOOP('',(#12391,#12392,#12393,#12394)) ;
#12414=EDGE_LOOP('',(#12415,#12416,#12417,#12418)) ;
#12438=EDGE_LOOP('',(#12439,#12440,#12441,#12442)) ;
#12462=EDGE_LOOP('',(#12463,#12464,#12465,#12466)) ;
#12486=EDGE_LOOP('',(#12487,#12488,#12489,#12490)) ;
#12510=EDGE_LOOP('',(#12511,#12512,#12513,#12514)) ;
#12534=EDGE_LOOP('',(#12535,#12536,#12537,#12538)) ;
#12558=EDGE_LOOP('',(#12559,#12560,#12561,#12562)) ;
#12582=EDGE_LOOP('',(#12583,#12584,#12585,#12586)) ;
#12606=EDGE_LOOP('',(#12607,#12608,#12609,#12610)) ;
#12630=EDGE_LOOP('',(#12631,#12632,#12633,#12634)) ;
#12654=EDGE_LOOP('',(#12655,#12656,#12657,#12658)) ;
#12678=EDGE_LOOP('',(#12679,#12680,#12681,#12682)) ;
#12702=EDGE_LOOP('',(#12703,#12704,#12705,#12706)) ;
#12726=EDGE_LOOP('',(#12727,#12728,#12729,#12730)) ;
#12750=EDGE_LOOP('',(#12751,#12752,#12753,#12754)) ;
#12774=EDGE_LOOP('',(#12775,#12776,#12777,#12778)) ;
#12798=EDGE_LOOP('',(#12799,#12800,#12801,#12802)) ;
#12822=EDGE_LOOP('',(#12823,#12824,#12825,#12826)) ;
#12846=EDGE_LOOP('',(#12847,#12848,#12849,#12850)) ;
#12870=EDGE_LOOP('',(#12871,#12872,#12873,#12874)) ;
#12894=EDGE_LOOP('',(#12895,#12896,#12897,#12898)) ;
#12918=EDGE_LOOP('',(#12919,#12920,#12921,#12922)) ;
#12937=EDGE_LOOP('',(#12938,#12939,#12940,#12941)) ;
#12979=EDGE_LOOP('',(#12980,#12981,#12982,#12983)) ;
#13008=EDGE_LOOP('',(#13009,#13010,#13011,#13012)) ;
#13032=EDGE_LOOP('',(#13033,#13034,#13035,#13036)) ;
#13056=EDGE_LOOP('',(#13057,#13058,#13059,#13060)) ;
#13075=EDGE_LOOP('',(#13076,#13077,#13078,#13079)) ;
#13243=EDGE_LOOP('',(#13244,#13245,#13246,#13247,#13248,#13249,#13250,#13251,#13252,#13253,#13254,#13255,#13256,#13257,#13258,#13259,#13260,#13261,#13262,#13263,#13264,#13265)) ;
#13290=EDGE_LOOP('',(#13291,#13292,#13293,#13294)) ;
#13314=EDGE_LOOP('',(#13315,#13316,#13317,#13318)) ;
#13338=EDGE_LOOP('',(#13339,#13340,#13341,#13342)) ;
#13362=EDGE_LOOP('',(#13363,#13364,#13365,#13366)) ;
#13386=EDGE_LOOP('',(#13387,#13388,#13389,#13390)) ;
#13410=EDGE_LOOP('',(#13411,#13412,#13413,#13414)) ;
#13434=EDGE_LOOP('',(#13435,#13436,#13437,#13438)) ;
#13458=EDGE_LOOP('',(#13459,#13460,#13461,#13462)) ;
#13482=EDGE_LOOP('',(#13483,#13484,#13485,#13486)) ;
#13506=EDGE_LOOP('',(#13507,#13508,#13509,#13510)) ;
#13530=EDGE_LOOP('',(#13531,#13532,#13533,#13534)) ;
#13554=EDGE_LOOP('',(#13555,#13556,#13557,#13558)) ;
#13578=EDGE_LOOP('',(#13579,#13580,#13581,#13582)) ;
#13602=EDGE_LOOP('',(#13603,#13604,#13605,#13606)) ;
#13626=EDGE_LOOP('',(#13627,#13628,#13629,#13630)) ;
#13650=EDGE_LOOP('',(#13651,#13652,#13653,#13654)) ;
#13674=EDGE_LOOP('',(#13675,#13676,#13677,#13678)) ;
#13698=EDGE_LOOP('',(#13699,#13700,#13701,#13702)) ;
#13722=EDGE_LOOP('',(#13723,#13724,#13725,#13726)) ;
#13746=EDGE_LOOP('',(#13747,#13748,#13749,#13750)) ;
#13770=EDGE_LOOP('',(#13771,#13772,#13773,#13774)) ;
#13789=EDGE_LOOP('',(#13790,#13791,#13792,#13793)) ;
#13957=EDGE_LOOP('',(#13958,#13959,#13960,#13961,#13962,#13963,#13964,#13965,#13966,#13967,#13968,#13969,#13970,#13971,#13972,#13973,#13974,#13975,#13976,#13977,#13978,#13979)) ;
#14004=EDGE_LOOP('',(#14005,#14006,#14007,#14008)) ;
#14028=EDGE_LOOP('',(#14029,#14030,#14031,#14032)) ;
#14052=EDGE_LOOP('',(#14053,#14054,#14055,#14056)) ;
#14076=EDGE_LOOP('',(#14077,#14078,#14079,#14080)) ;
#14100=EDGE_LOOP('',(#14101,#14102,#14103,#14104)) ;
#14124=EDGE_LOOP('',(#14125,#14126,#14127,#14128)) ;
#14148=EDGE_LOOP('',(#14149,#14150,#14151,#14152)) ;
#14172=EDGE_LOOP('',(#14173,#14174,#14175,#14176)) ;
#14196=EDGE_LOOP('',(#14197,#14198,#14199,#14200)) ;
#14220=EDGE_LOOP('',(#14221,#14222,#14223,#14224)) ;
#14244=EDGE_LOOP('',(#14245,#14246,#14247,#14248)) ;
#14268=EDGE_LOOP('',(#14269,#14270,#14271,#14272)) ;
#14292=EDGE_LOOP('',(#14293,#14294,#14295,#14296)) ;
#14316=EDGE_LOOP('',(#14317,#14318,#14319,#14320)) ;
#14340=EDGE_LOOP('',(#14341,#14342,#14343,#14344)) ;
#14364=EDGE_LOOP('',(#14365,#14366,#14367,#14368)) ;
#14388=EDGE_LOOP('',(#14389,#14390,#14391,#14392)) ;
#14412=EDGE_LOOP('',(#14413,#14414,#14415,#14416)) ;
#14436=EDGE_LOOP('',(#14437,#14438,#14439,#14440)) ;
#14460=EDGE_LOOP('',(#14461,#14462,#14463,#14464)) ;
#14484=EDGE_LOOP('',(#14485,#14486,#14487,#14488)) ;
#14503=EDGE_LOOP('',(#14504,#14505,#14506,#14507)) ;
#14755=EDGE_LOOP('',(#14756,#14757,#14758,#14759,#14760,#14761,#14762,#14763,#14764,#14765,#14766,#14767,#14768,#14769,#14770,#14771,#14772,#14773,#14774,#14775,#14776,#14777,#14778,#14779,#14780,#14781,#14782,#14783,#14784,#14785,#14786,#14787,#14788,#14789)) ;
#14814=EDGE_LOOP('',(#14815,#14816,#14817,#14818)) ;
#14838=EDGE_LOOP('',(#14839,#14840,#14841,#14842)) ;
#14862=EDGE_LOOP('',(#14863,#14864,#14865,#14866)) ;
#14886=EDGE_LOOP('',(#14887,#14888,#14889,#14890)) ;
#14910=EDGE_LOOP('',(#14911,#14912,#14913,#14914)) ;
#14934=EDGE_LOOP('',(#14935,#14936,#14937,#14938)) ;
#14958=EDGE_LOOP('',(#14959,#14960,#14961,#14962)) ;
#14982=EDGE_LOOP('',(#14983,#14984,#14985,#14986)) ;
#15006=EDGE_LOOP('',(#15007,#15008,#15009,#15010)) ;
#15030=EDGE_LOOP('',(#15031,#15032,#15033,#15034)) ;
#15054=EDGE_LOOP('',(#15055,#15056,#15057,#15058)) ;
#15078=EDGE_LOOP('',(#15079,#15080,#15081,#15082)) ;
#15102=EDGE_LOOP('',(#15103,#15104,#15105,#15106)) ;
#15126=EDGE_LOOP('',(#15127,#15128,#15129,#15130)) ;
#15150=EDGE_LOOP('',(#15151,#15152,#15153,#15154)) ;
#15174=EDGE_LOOP('',(#15175,#15176,#15177,#15178)) ;
#15198=EDGE_LOOP('',(#15199,#15200,#15201,#15202)) ;
#15222=EDGE_LOOP('',(#15223,#15224,#15225,#15226)) ;
#15246=EDGE_LOOP('',(#15247,#15248,#15249,#15250)) ;
#15270=EDGE_LOOP('',(#15271,#15272,#15273,#15274)) ;
#15294=EDGE_LOOP('',(#15295,#15296,#15297,#15298)) ;
#15318=EDGE_LOOP('',(#15319,#15320,#15321,#15322)) ;
#15342=EDGE_LOOP('',(#15343,#15344,#15345,#15346)) ;
#15366=EDGE_LOOP('',(#15367,#15368,#15369,#15370)) ;
#15390=EDGE_LOOP('',(#15391,#15392,#15393,#15394)) ;
#15414=EDGE_LOOP('',(#15415,#15416,#15417,#15418)) ;
#15438=EDGE_LOOP('',(#15439,#15440,#15441,#15442)) ;
#15462=EDGE_LOOP('',(#15463,#15464,#15465,#15466)) ;
#15486=EDGE_LOOP('',(#15487,#15488,#15489,#15490)) ;
#15510=EDGE_LOOP('',(#15511,#15512,#15513,#15514)) ;
#15534=EDGE_LOOP('',(#15535,#15536,#15537,#15538)) ;
#15558=EDGE_LOOP('',(#15559,#15560,#15561,#15562)) ;
#15582=EDGE_LOOP('',(#15583,#15584,#15585,#15586)) ;
#15601=EDGE_LOOP('',(#15602,#15603,#15604,#15605)) ;
#15685=EDGE_LOOP('',(#15686,#15687,#15688,#15689,#15690,#15691,#15692,#15693,#15694,#15695)) ;
#15720=EDGE_LOOP('',(#15721,#15722,#15723,#15724)) ;
#15744=EDGE_LOOP('',(#15745,#15746,#15747,#15748)) ;
#15763=EDGE_LOOP('',(#15764,#15765,#15766,#15767)) ;
#15787=EDGE_LOOP('',(#15788,#15789,#15790,#15791)) ;
#15806=EDGE_LOOP('',(#15807,#15808,#15809,#15810)) ;
#15830=EDGE_LOOP('',(#15831,#15832,#15833,#15834)) ;
#15849=EDGE_LOOP('',(#15850,#15851,#15852,#15853)) ;
#15873=EDGE_LOOP('',(#15874,#15875,#15876,#15877)) ;
#15892=EDGE_LOOP('',(#15893,#15894,#15895,#15896)) ;
#15911=EDGE_LOOP('',(#15912,#15913,#15914,#15915)) ;
#15939=EDGE_LOOP('',(#15940,#15941)) ;
#15957=EDGE_LOOP('',(#15958,#15959)) ;
#15975=EDGE_LOOP('',(#15976,#15977)) ;
#15993=EDGE_LOOP('',(#15994,#15995)) ;
#16011=EDGE_LOOP('',(#16012,#16013)) ;
#16029=EDGE_LOOP('',(#16030,#16031)) ;
#16047=EDGE_LOOP('',(#16048,#16049)) ;
#16065=EDGE_LOOP('',(#16066,#16067)) ;
#16083=EDGE_LOOP('',(#16084,#16085)) ;
#16101=EDGE_LOOP('',(#16102,#16103)) ;
#16128=EDGE_LOOP('',(#16129,#16130,#16131,#16132)) ;
#16142=EDGE_LOOP('',(#16143,#16144,#16145,#16146)) ;
#16171=EDGE_LOOP('',(#16172,#16173,#16174,#16175)) ;
#16185=EDGE_LOOP('',(#16186,#16187,#16188,#16189)) ;
#16214=EDGE_LOOP('',(#16215,#16216,#16217,#16218)) ;
#16228=EDGE_LOOP('',(#16229,#16230,#16231,#16232)) ;
#16257=EDGE_LOOP('',(#16258,#16259,#16260,#16261)) ;
#16271=EDGE_LOOP('',(#16272,#16273,#16274,#16275)) ;
#16300=EDGE_LOOP('',(#16301,#16302,#16303,#16304)) ;
#16314=EDGE_LOOP('',(#16315,#16316,#16317,#16318)) ;
#16343=EDGE_LOOP('',(#16344,#16345,#16346,#16347)) ;
#16357=EDGE_LOOP('',(#16358,#16359,#16360,#16361)) ;
#16386=EDGE_LOOP('',(#16387,#16388,#16389,#16390)) ;
#16400=EDGE_LOOP('',(#16401,#16402,#16403,#16404)) ;
#16429=EDGE_LOOP('',(#16430,#16431,#16432,#16433)) ;
#16443=EDGE_LOOP('',(#16444,#16445,#16446,#16447)) ;
#16472=EDGE_LOOP('',(#16473,#16474,#16475,#16476)) ;
#16486=EDGE_LOOP('',(#16487,#16488,#16489,#16490)) ;
#16515=EDGE_LOOP('',(#16516,#16517,#16518,#16519)) ;
#16529=EDGE_LOOP('',(#16530,#16531,#16532,#16533)) ;
#73=FACE_OUTER_BOUND('',#68,.T.) ;
#90=FACE_OUTER_BOUND('',#85,.T.) ;
#130=FACE_OUTER_BOUND('',#125,.T.) ;
#147=FACE_OUTER_BOUND('',#142,.T.) ;
#187=FACE_OUTER_BOUND('',#182,.T.) ;
#204=FACE_OUTER_BOUND('',#199,.T.) ;
#235=FACE_OUTER_BOUND('',#230,.T.) ;
#247=FACE_OUTER_BOUND('',#242,.T.) ;
#286=FACE_OUTER_BOUND('',#280,.T.) ;
#306=FACE_OUTER_BOUND('',#300,.T.) ;
#338=FACE_OUTER_BOUND('',#332,.T.) ;
#378=FACE_OUTER_BOUND('',#373,.T.) ;
#395=FACE_OUTER_BOUND('',#390,.T.) ;
#419=FACE_OUTER_BOUND('',#416,.T.) ;
#438=FACE_OUTER_BOUND('',#435,.T.) ;
#450=FACE_OUTER_BOUND('',#444,.T.) ;
#481=FACE_OUTER_BOUND('',#476,.T.) ;
#493=FACE_OUTER_BOUND('',#488,.T.) ;
#503=FACE_OUTER_BOUND('',#500,.T.) ;
#884=FACE_OUTER_BOUND('',#879,.T.) ;
#896=FACE_OUTER_BOUND('',#891,.T.) ;
#927=FACE_OUTER_BOUND('',#922,.T.) ;
#939=FACE_OUTER_BOUND('',#934,.T.) ;
#970=FACE_OUTER_BOUND('',#965,.T.) ;
#982=FACE_OUTER_BOUND('',#977,.T.) ;
#1013=FACE_OUTER_BOUND('',#1008,.T.) ;
#1025=FACE_OUTER_BOUND('',#1020,.T.) ;
#1056=FACE_OUTER_BOUND('',#1051,.T.) ;
#1068=FACE_OUTER_BOUND('',#1063,.T.) ;
#1099=FACE_OUTER_BOUND('',#1094,.T.) ;
#1111=FACE_OUTER_BOUND('',#1106,.T.) ;
#1142=FACE_OUTER_BOUND('',#1137,.T.) ;
#1154=FACE_OUTER_BOUND('',#1149,.T.) ;
#1185=FACE_OUTER_BOUND('',#1180,.T.) ;
#1197=FACE_OUTER_BOUND('',#1192,.T.) ;
#1228=FACE_OUTER_BOUND('',#1223,.T.) ;
#1240=FACE_OUTER_BOUND('',#1235,.T.) ;
#1271=FACE_OUTER_BOUND('',#1266,.T.) ;
#1283=FACE_OUTER_BOUND('',#1278,.T.) ;
#1314=FACE_OUTER_BOUND('',#1309,.T.) ;
#1326=FACE_OUTER_BOUND('',#1321,.T.) ;
#1357=FACE_OUTER_BOUND('',#1352,.T.) ;
#1369=FACE_OUTER_BOUND('',#1364,.T.) ;
#1400=FACE_OUTER_BOUND('',#1395,.T.) ;
#1412=FACE_OUTER_BOUND('',#1407,.T.) ;
#1443=FACE_OUTER_BOUND('',#1438,.T.) ;
#1455=FACE_OUTER_BOUND('',#1450,.T.) ;
#1486=FACE_OUTER_BOUND('',#1481,.T.) ;
#1498=FACE_OUTER_BOUND('',#1493,.T.) ;
#1529=FACE_OUTER_BOUND('',#1524,.T.) ;
#1541=FACE_OUTER_BOUND('',#1536,.T.) ;
#1572=FACE_OUTER_BOUND('',#1567,.T.) ;
#1584=FACE_OUTER_BOUND('',#1579,.T.) ;
#1615=FACE_OUTER_BOUND('',#1610,.T.) ;
#1627=FACE_OUTER_BOUND('',#1622,.T.) ;
#1658=FACE_OUTER_BOUND('',#1653,.T.) ;
#1670=FACE_OUTER_BOUND('',#1665,.T.) ;
#1680=FACE_OUTER_BOUND('',#1677,.T.) ;
#1801=FACE_OUTER_BOUND('',#1798,.T.) ;
#4618=FACE_OUTER_BOUND('',#4615,.T.) ;
#4637=FACE_OUTER_BOUND('',#4634,.T.) ;
#4656=FACE_OUTER_BOUND('',#4653,.T.) ;
#4675=FACE_OUTER_BOUND('',#4672,.T.) ;
#4694=FACE_OUTER_BOUND('',#4691,.T.) ;
#4713=FACE_OUTER_BOUND('',#4710,.T.) ;
#4732=FACE_OUTER_BOUND('',#4729,.T.) ;
#4751=FACE_OUTER_BOUND('',#4748,.T.) ;
#5863=FACE_OUTER_BOUND('',#5724,.T.) ;
#5893=FACE_OUTER_BOUND('',#5888,.T.) ;
#5917=FACE_OUTER_BOUND('',#5912,.T.) ;
#5941=FACE_OUTER_BOUND('',#5936,.T.) ;
#5965=FACE_OUTER_BOUND('',#5960,.T.) ;
#5989=FACE_OUTER_BOUND('',#5984,.T.) ;
#6013=FACE_OUTER_BOUND('',#6008,.T.) ;
#6037=FACE_OUTER_BOUND('',#6032,.T.) ;
#6061=FACE_OUTER_BOUND('',#6056,.T.) ;
#6085=FACE_OUTER_BOUND('',#6080,.T.) ;
#6109=FACE_OUTER_BOUND('',#6104,.T.) ;
#6133=FACE_OUTER_BOUND('',#6128,.T.) ;
#6157=FACE_OUTER_BOUND('',#6152,.T.) ;
#6181=FACE_OUTER_BOUND('',#6176,.T.) ;
#6205=FACE_OUTER_BOUND('',#6200,.T.) ;
#6229=FACE_OUTER_BOUND('',#6224,.T.) ;
#6253=FACE_OUTER_BOUND('',#6248,.T.) ;
#6277=FACE_OUTER_BOUND('',#6272,.T.) ;
#6301=FACE_OUTER_BOUND('',#6296,.T.) ;
#6325=FACE_OUTER_BOUND('',#6320,.T.) ;
#6349=FACE_OUTER_BOUND('',#6344,.T.) ;
#6373=FACE_OUTER_BOUND('',#6368,.T.) ;
#6397=FACE_OUTER_BOUND('',#6392,.T.) ;
#6421=FACE_OUTER_BOUND('',#6416,.T.) ;
#6445=FACE_OUTER_BOUND('',#6440,.T.) ;
#6469=FACE_OUTER_BOUND('',#6464,.T.) ;
#6488=FACE_OUTER_BOUND('',#6483,.T.) ;
#6512=FACE_OUTER_BOUND('',#6507,.T.) ;
#6536=FACE_OUTER_BOUND('',#6531,.T.) ;
#6560=FACE_OUTER_BOUND('',#6555,.T.) ;
#6584=FACE_OUTER_BOUND('',#6579,.T.) ;
#6608=FACE_OUTER_BOUND('',#6603,.T.) ;
#6632=FACE_OUTER_BOUND('',#6627,.T.) ;
#6656=FACE_OUTER_BOUND('',#6651,.T.) ;
#6680=FACE_OUTER_BOUND('',#6675,.T.) ;
#6704=FACE_OUTER_BOUND('',#6699,.T.) ;
#6728=FACE_OUTER_BOUND('',#6723,.T.) ;
#6752=FACE_OUTER_BOUND('',#6747,.T.) ;
#6776=FACE_OUTER_BOUND('',#6771,.T.) ;
#6800=FACE_OUTER_BOUND('',#6795,.T.) ;
#6824=FACE_OUTER_BOUND('',#6819,.T.) ;
#6848=FACE_OUTER_BOUND('',#6843,.T.) ;
#6872=FACE_OUTER_BOUND('',#6867,.T.) ;
#6896=FACE_OUTER_BOUND('',#6891,.T.) ;
#6920=FACE_OUTER_BOUND('',#6915,.T.) ;
#6944=FACE_OUTER_BOUND('',#6939,.T.) ;
#6968=FACE_OUTER_BOUND('',#6963,.T.) ;
#6992=FACE_OUTER_BOUND('',#6987,.T.) ;
#7011=FACE_OUTER_BOUND('',#7006,.T.) ;
#7035=FACE_OUTER_BOUND('',#7030,.T.) ;
#7059=FACE_OUTER_BOUND('',#7054,.T.) ;
#7083=FACE_OUTER_BOUND('',#7078,.T.) ;
#7107=FACE_OUTER_BOUND('',#7102,.T.) ;
#7131=FACE_OUTER_BOUND('',#7126,.T.) ;
#7155=FACE_OUTER_BOUND('',#7150,.T.) ;
#7179=FACE_OUTER_BOUND('',#7174,.T.) ;
#7203=FACE_OUTER_BOUND('',#7198,.T.) ;
#7227=FACE_OUTER_BOUND('',#7222,.T.) ;
#7251=FACE_OUTER_BOUND('',#7246,.T.) ;
#7275=FACE_OUTER_BOUND('',#7270,.T.) ;
#7299=FACE_OUTER_BOUND('',#7294,.T.) ;
#7323=FACE_OUTER_BOUND('',#7318,.T.) ;
#7347=FACE_OUTER_BOUND('',#7342,.T.) ;
#7371=FACE_OUTER_BOUND('',#7366,.T.) ;
#7395=FACE_OUTER_BOUND('',#7390,.T.) ;
#7419=FACE_OUTER_BOUND('',#7414,.T.) ;
#7443=FACE_OUTER_BOUND('',#7438,.T.) ;
#7467=FACE_OUTER_BOUND('',#7462,.T.) ;
#7491=FACE_OUTER_BOUND('',#7486,.T.) ;
#7515=FACE_OUTER_BOUND('',#7510,.T.) ;
#7539=FACE_OUTER_BOUND('',#7534,.T.) ;
#7563=FACE_OUTER_BOUND('',#7558,.T.) ;
#7587=FACE_OUTER_BOUND('',#7582,.T.) ;
#7611=FACE_OUTER_BOUND('',#7606,.T.) ;
#7635=FACE_OUTER_BOUND('',#7630,.T.) ;
#7659=FACE_OUTER_BOUND('',#7654,.T.) ;
#7683=FACE_OUTER_BOUND('',#7678,.T.) ;
#7707=FACE_OUTER_BOUND('',#7702,.T.) ;
#7731=FACE_OUTER_BOUND('',#7726,.T.) ;
#7755=FACE_OUTER_BOUND('',#7750,.T.) ;
#7779=FACE_OUTER_BOUND('',#7774,.T.) ;
#7803=FACE_OUTER_BOUND('',#7798,.T.) ;
#7827=FACE_OUTER_BOUND('',#7822,.T.) ;
#7851=FACE_OUTER_BOUND('',#7846,.T.) ;
#7875=FACE_OUTER_BOUND('',#7870,.T.) ;
#7899=FACE_OUTER_BOUND('',#7894,.T.) ;
#7923=FACE_OUTER_BOUND('',#7918,.T.) ;
#7947=FACE_OUTER_BOUND('',#7942,.T.) ;
#7971=FACE_OUTER_BOUND('',#7966,.T.) ;
#7995=FACE_OUTER_BOUND('',#7990,.T.) ;
#8019=FACE_OUTER_BOUND('',#8014,.T.) ;
#8043=FACE_OUTER_BOUND('',#8038,.T.) ;
#8067=FACE_OUTER_BOUND('',#8062,.T.) ;
#8091=FACE_OUTER_BOUND('',#8086,.T.) ;
#8115=FACE_OUTER_BOUND('',#8110,.T.) ;
#8134=FACE_OUTER_BOUND('',#8129,.T.) ;
#8153=FACE_OUTER_BOUND('',#8148,.T.) ;
#8177=FACE_OUTER_BOUND('',#8172,.T.) ;
#8201=FACE_OUTER_BOUND('',#8196,.T.) ;
#8225=FACE_OUTER_BOUND('',#8220,.T.) ;
#8249=FACE_OUTER_BOUND('',#8244,.T.) ;
#8273=FACE_OUTER_BOUND('',#8268,.T.) ;
#8297=FACE_OUTER_BOUND('',#8292,.T.) ;
#8321=FACE_OUTER_BOUND('',#8316,.T.) ;
#8345=FACE_OUTER_BOUND('',#8340,.T.) ;
#8369=FACE_OUTER_BOUND('',#8364,.T.) ;
#8393=FACE_OUTER_BOUND('',#8388,.T.) ;
#8417=FACE_OUTER_BOUND('',#8412,.T.) ;
#8441=FACE_OUTER_BOUND('',#8436,.T.) ;
#8465=FACE_OUTER_BOUND('',#8460,.T.) ;
#8489=FACE_OUTER_BOUND('',#8484,.T.) ;
#8513=FACE_OUTER_BOUND('',#8508,.T.) ;
#8537=FACE_OUTER_BOUND('',#8532,.T.) ;
#8561=FACE_OUTER_BOUND('',#8556,.T.) ;
#8585=FACE_OUTER_BOUND('',#8580,.T.) ;
#8609=FACE_OUTER_BOUND('',#8604,.T.) ;
#8633=FACE_OUTER_BOUND('',#8628,.T.) ;
#8657=FACE_OUTER_BOUND('',#8652,.T.) ;
#8681=FACE_OUTER_BOUND('',#8676,.T.) ;
#8705=FACE_OUTER_BOUND('',#8700,.T.) ;
#8729=FACE_OUTER_BOUND('',#8724,.T.) ;
#8753=FACE_OUTER_BOUND('',#8748,.T.) ;
#8777=FACE_OUTER_BOUND('',#8772,.T.) ;
#8801=FACE_OUTER_BOUND('',#8796,.T.) ;
#8825=FACE_OUTER_BOUND('',#8820,.T.) ;
#8849=FACE_OUTER_BOUND('',#8844,.T.) ;
#8873=FACE_OUTER_BOUND('',#8868,.T.) ;
#8897=FACE_OUTER_BOUND('',#8892,.T.) ;
#8921=FACE_OUTER_BOUND('',#8916,.T.) ;
#8945=FACE_OUTER_BOUND('',#8940,.T.) ;
#8969=FACE_OUTER_BOUND('',#8964,.T.) ;
#8993=FACE_OUTER_BOUND('',#8988,.T.) ;
#9017=FACE_OUTER_BOUND('',#9012,.T.) ;
#9041=FACE_OUTER_BOUND('',#9036,.T.) ;
#9065=FACE_OUTER_BOUND('',#9060,.T.) ;
#9089=FACE_OUTER_BOUND('',#9084,.T.) ;
#9113=FACE_OUTER_BOUND('',#9108,.T.) ;
#9137=FACE_OUTER_BOUND('',#9132,.T.) ;
#9156=FACE_OUTER_BOUND('',#9151,.T.) ;
#10110=FACE_OUTER_BOUND('',#9991,.T.) ;
#10139=FACE_OUTER_BOUND('',#10134,.T.) ;
#10163=FACE_OUTER_BOUND('',#10158,.T.) ;
#10187=FACE_OUTER_BOUND('',#10182,.T.) ;
#10211=FACE_OUTER_BOUND('',#10206,.T.) ;
#10235=FACE_OUTER_BOUND('',#10230,.T.) ;
#10259=FACE_OUTER_BOUND('',#10254,.T.) ;
#10283=FACE_OUTER_BOUND('',#10278,.T.) ;
#10307=FACE_OUTER_BOUND('',#10302,.T.) ;
#10331=FACE_OUTER_BOUND('',#10326,.T.) ;
#10355=FACE_OUTER_BOUND('',#10350,.T.) ;
#10379=FACE_OUTER_BOUND('',#10374,.T.) ;
#10403=FACE_OUTER_BOUND('',#10398,.T.) ;
#10427=FACE_OUTER_BOUND('',#10422,.T.) ;
#10451=FACE_OUTER_BOUND('',#10446,.T.) ;
#10475=FACE_OUTER_BOUND('',#10470,.T.) ;
#10499=FACE_OUTER_BOUND('',#10494,.T.) ;
#10523=FACE_OUTER_BOUND('',#10518,.T.) ;
#10547=FACE_OUTER_BOUND('',#10542,.T.) ;
#10571=FACE_OUTER_BOUND('',#10566,.T.) ;
#10595=FACE_OUTER_BOUND('',#10590,.T.) ;
#10619=FACE_OUTER_BOUND('',#10614,.T.) ;
#10643=FACE_OUTER_BOUND('',#10638,.T.) ;
#10667=FACE_OUTER_BOUND('',#10662,.T.) ;
#10691=FACE_OUTER_BOUND('',#10686,.T.) ;
#10715=FACE_OUTER_BOUND('',#10710,.T.) ;
#10739=FACE_OUTER_BOUND('',#10734,.T.) ;
#10763=FACE_OUTER_BOUND('',#10758,.T.) ;
#10787=FACE_OUTER_BOUND('',#10782,.T.) ;
#10811=FACE_OUTER_BOUND('',#10806,.T.) ;
#10835=FACE_OUTER_BOUND('',#10830,.T.) ;
#10859=FACE_OUTER_BOUND('',#10854,.T.) ;
#10883=FACE_OUTER_BOUND('',#10878,.T.) ;
#10907=FACE_OUTER_BOUND('',#10902,.T.) ;
#10931=FACE_OUTER_BOUND('',#10926,.T.) ;
#10955=FACE_OUTER_BOUND('',#10950,.T.) ;
#10979=FACE_OUTER_BOUND('',#10974,.T.) ;
#11003=FACE_OUTER_BOUND('',#10998,.T.) ;
#11027=FACE_OUTER_BOUND('',#11022,.T.) ;
#11051=FACE_OUTER_BOUND('',#11046,.T.) ;
#11075=FACE_OUTER_BOUND('',#11070,.T.) ;
#11099=FACE_OUTER_BOUND('',#11094,.T.) ;
#11123=FACE_OUTER_BOUND('',#11118,.T.) ;
#11147=FACE_OUTER_BOUND('',#11142,.T.) ;
#11171=FACE_OUTER_BOUND('',#11166,.T.) ;
#11195=FACE_OUTER_BOUND('',#11190,.T.) ;
#11219=FACE_OUTER_BOUND('',#11214,.T.) ;
#11243=FACE_OUTER_BOUND('',#11238,.T.) ;
#11267=FACE_OUTER_BOUND('',#11262,.T.) ;
#11291=FACE_OUTER_BOUND('',#11286,.T.) ;
#11315=FACE_OUTER_BOUND('',#11310,.T.) ;
#11339=FACE_OUTER_BOUND('',#11334,.T.) ;
#11363=FACE_OUTER_BOUND('',#11358,.T.) ;
#11387=FACE_OUTER_BOUND('',#11382,.T.) ;
#11411=FACE_OUTER_BOUND('',#11406,.T.) ;
#11435=FACE_OUTER_BOUND('',#11430,.T.) ;
#11459=FACE_OUTER_BOUND('',#11454,.T.) ;
#11483=FACE_OUTER_BOUND('',#11478,.T.) ;
#11507=FACE_OUTER_BOUND('',#11502,.T.) ;
#11531=FACE_OUTER_BOUND('',#11526,.T.) ;
#11555=FACE_OUTER_BOUND('',#11550,.T.) ;
#11579=FACE_OUTER_BOUND('',#11574,.T.) ;
#11603=FACE_OUTER_BOUND('',#11598,.T.) ;
#11627=FACE_OUTER_BOUND('',#11622,.T.) ;
#11651=FACE_OUTER_BOUND('',#11646,.T.) ;
#11675=FACE_OUTER_BOUND('',#11670,.T.) ;
#11699=FACE_OUTER_BOUND('',#11694,.T.) ;
#11723=FACE_OUTER_BOUND('',#11718,.T.) ;
#11747=FACE_OUTER_BOUND('',#11742,.T.) ;
#11771=FACE_OUTER_BOUND('',#11766,.T.) ;
#11795=FACE_OUTER_BOUND('',#11790,.T.) ;
#11819=FACE_OUTER_BOUND('',#11814,.T.) ;
#11843=FACE_OUTER_BOUND('',#11838,.T.) ;
#11867=FACE_OUTER_BOUND('',#11862,.T.) ;
#11891=FACE_OUTER_BOUND('',#11886,.T.) ;
#11915=FACE_OUTER_BOUND('',#11910,.T.) ;
#11939=FACE_OUTER_BOUND('',#11934,.T.) ;
#11963=FACE_OUTER_BOUND('',#11958,.T.) ;
#11987=FACE_OUTER_BOUND('',#11982,.T.) ;
#12011=FACE_OUTER_BOUND('',#12006,.T.) ;
#12035=FACE_OUTER_BOUND('',#12030,.T.) ;
#12059=FACE_OUTER_BOUND('',#12054,.T.) ;
#12083=FACE_OUTER_BOUND('',#12078,.T.) ;
#12107=FACE_OUTER_BOUND('',#12102,.T.) ;
#12131=FACE_OUTER_BOUND('',#12126,.T.) ;
#12155=FACE_OUTER_BOUND('',#12150,.T.) ;
#12179=FACE_OUTER_BOUND('',#12174,.T.) ;
#12203=FACE_OUTER_BOUND('',#12198,.T.) ;
#12227=FACE_OUTER_BOUND('',#12222,.T.) ;
#12251=FACE_OUTER_BOUND('',#12246,.T.) ;
#12275=FACE_OUTER_BOUND('',#12270,.T.) ;
#12299=FACE_OUTER_BOUND('',#12294,.T.) ;
#12323=FACE_OUTER_BOUND('',#12318,.T.) ;
#12347=FACE_OUTER_BOUND('',#12342,.T.) ;
#12371=FACE_OUTER_BOUND('',#12366,.T.) ;
#12395=FACE_OUTER_BOUND('',#12390,.T.) ;
#12419=FACE_OUTER_BOUND('',#12414,.T.) ;
#12443=FACE_OUTER_BOUND('',#12438,.T.) ;
#12467=FACE_OUTER_BOUND('',#12462,.T.) ;
#12491=FACE_OUTER_BOUND('',#12486,.T.) ;
#12515=FACE_OUTER_BOUND('',#12510,.T.) ;
#12539=FACE_OUTER_BOUND('',#12534,.T.) ;
#12563=FACE_OUTER_BOUND('',#12558,.T.) ;
#12587=FACE_OUTER_BOUND('',#12582,.T.) ;
#12611=FACE_OUTER_BOUND('',#12606,.T.) ;
#12635=FACE_OUTER_BOUND('',#12630,.T.) ;
#12659=FACE_OUTER_BOUND('',#12654,.T.) ;
#12683=FACE_OUTER_BOUND('',#12678,.T.) ;
#12707=FACE_OUTER_BOUND('',#12702,.T.) ;
#12731=FACE_OUTER_BOUND('',#12726,.T.) ;
#12755=FACE_OUTER_BOUND('',#12750,.T.) ;
#12779=FACE_OUTER_BOUND('',#12774,.T.) ;
#12803=FACE_OUTER_BOUND('',#12798,.T.) ;
#12827=FACE_OUTER_BOUND('',#12822,.T.) ;
#12851=FACE_OUTER_BOUND('',#12846,.T.) ;
#12875=FACE_OUTER_BOUND('',#12870,.T.) ;
#12899=FACE_OUTER_BOUND('',#12894,.T.) ;
#12923=FACE_OUTER_BOUND('',#12918,.T.) ;
#12942=FACE_OUTER_BOUND('',#12937,.T.) ;
#12984=FACE_OUTER_BOUND('',#12979,.T.) ;
#13013=FACE_OUTER_BOUND('',#13008,.T.) ;
#13037=FACE_OUTER_BOUND('',#13032,.T.) ;
#13061=FACE_OUTER_BOUND('',#13056,.T.) ;
#13080=FACE_OUTER_BOUND('',#13075,.T.) ;
#13266=FACE_OUTER_BOUND('',#13243,.T.) ;
#13295=FACE_OUTER_BOUND('',#13290,.T.) ;
#13319=FACE_OUTER_BOUND('',#13314,.T.) ;
#13343=FACE_OUTER_BOUND('',#13338,.T.) ;
#13367=FACE_OUTER_BOUND('',#13362,.T.) ;
#13391=FACE_OUTER_BOUND('',#13386,.T.) ;
#13415=FACE_OUTER_BOUND('',#13410,.T.) ;
#13439=FACE_OUTER_BOUND('',#13434,.T.) ;
#13463=FACE_OUTER_BOUND('',#13458,.T.) ;
#13487=FACE_OUTER_BOUND('',#13482,.T.) ;
#13511=FACE_OUTER_BOUND('',#13506,.T.) ;
#13535=FACE_OUTER_BOUND('',#13530,.T.) ;
#13559=FACE_OUTER_BOUND('',#13554,.T.) ;
#13583=FACE_OUTER_BOUND('',#13578,.T.) ;
#13607=FACE_OUTER_BOUND('',#13602,.T.) ;
#13631=FACE_OUTER_BOUND('',#13626,.T.) ;
#13655=FACE_OUTER_BOUND('',#13650,.T.) ;
#13679=FACE_OUTER_BOUND('',#13674,.T.) ;
#13703=FACE_OUTER_BOUND('',#13698,.T.) ;
#13727=FACE_OUTER_BOUND('',#13722,.T.) ;
#13751=FACE_OUTER_BOUND('',#13746,.T.) ;
#13775=FACE_OUTER_BOUND('',#13770,.T.) ;
#13794=FACE_OUTER_BOUND('',#13789,.T.) ;
#13980=FACE_OUTER_BOUND('',#13957,.T.) ;
#14009=FACE_OUTER_BOUND('',#14004,.T.) ;
#14033=FACE_OUTER_BOUND('',#14028,.T.) ;
#14057=FACE_OUTER_BOUND('',#14052,.T.) ;
#14081=FACE_OUTER_BOUND('',#14076,.T.) ;
#14105=FACE_OUTER_BOUND('',#14100,.T.) ;
#14129=FACE_OUTER_BOUND('',#14124,.T.) ;
#14153=FACE_OUTER_BOUND('',#14148,.T.) ;
#14177=FACE_OUTER_BOUND('',#14172,.T.) ;
#14201=FACE_OUTER_BOUND('',#14196,.T.) ;
#14225=FACE_OUTER_BOUND('',#14220,.T.) ;
#14249=FACE_OUTER_BOUND('',#14244,.T.) ;
#14273=FACE_OUTER_BOUND('',#14268,.T.) ;
#14297=FACE_OUTER_BOUND('',#14292,.T.) ;
#14321=FACE_OUTER_BOUND('',#14316,.T.) ;
#14345=FACE_OUTER_BOUND('',#14340,.T.) ;
#14369=FACE_OUTER_BOUND('',#14364,.T.) ;
#14393=FACE_OUTER_BOUND('',#14388,.T.) ;
#14417=FACE_OUTER_BOUND('',#14412,.T.) ;
#14441=FACE_OUTER_BOUND('',#14436,.T.) ;
#14465=FACE_OUTER_BOUND('',#14460,.T.) ;
#14489=FACE_OUTER_BOUND('',#14484,.T.) ;
#14508=FACE_OUTER_BOUND('',#14503,.T.) ;
#14790=FACE_OUTER_BOUND('',#14755,.T.) ;
#14819=FACE_OUTER_BOUND('',#14814,.T.) ;
#14843=FACE_OUTER_BOUND('',#14838,.T.) ;
#14867=FACE_OUTER_BOUND('',#14862,.T.) ;
#14891=FACE_OUTER_BOUND('',#14886,.T.) ;
#14915=FACE_OUTER_BOUND('',#14910,.T.) ;
#14939=FACE_OUTER_BOUND('',#14934,.T.) ;
#14963=FACE_OUTER_BOUND('',#14958,.T.) ;
#14987=FACE_OUTER_BOUND('',#14982,.T.) ;
#15011=FACE_OUTER_BOUND('',#15006,.T.) ;
#15035=FACE_OUTER_BOUND('',#15030,.T.) ;
#15059=FACE_OUTER_BOUND('',#15054,.T.) ;
#15083=FACE_OUTER_BOUND('',#15078,.T.) ;
#15107=FACE_OUTER_BOUND('',#15102,.T.) ;
#15131=FACE_OUTER_BOUND('',#15126,.T.) ;
#15155=FACE_OUTER_BOUND('',#15150,.T.) ;
#15179=FACE_OUTER_BOUND('',#15174,.T.) ;
#15203=FACE_OUTER_BOUND('',#15198,.T.) ;
#15227=FACE_OUTER_BOUND('',#15222,.T.) ;
#15251=FACE_OUTER_BOUND('',#15246,.T.) ;
#15275=FACE_OUTER_BOUND('',#15270,.T.) ;
#15299=FACE_OUTER_BOUND('',#15294,.T.) ;
#15323=FACE_OUTER_BOUND('',#15318,.T.) ;
#15347=FACE_OUTER_BOUND('',#15342,.T.) ;
#15371=FACE_OUTER_BOUND('',#15366,.T.) ;
#15395=FACE_OUTER_BOUND('',#15390,.T.) ;
#15419=FACE_OUTER_BOUND('',#15414,.T.) ;
#15443=FACE_OUTER_BOUND('',#15438,.T.) ;
#15467=FACE_OUTER_BOUND('',#15462,.T.) ;
#15491=FACE_OUTER_BOUND('',#15486,.T.) ;
#15515=FACE_OUTER_BOUND('',#15510,.T.) ;
#15539=FACE_OUTER_BOUND('',#15534,.T.) ;
#15563=FACE_OUTER_BOUND('',#15558,.T.) ;
#15587=FACE_OUTER_BOUND('',#15582,.T.) ;
#15606=FACE_OUTER_BOUND('',#15601,.T.) ;
#15696=FACE_OUTER_BOUND('',#15685,.T.) ;
#15725=FACE_OUTER_BOUND('',#15720,.T.) ;
#15749=FACE_OUTER_BOUND('',#15744,.T.) ;
#15768=FACE_OUTER_BOUND('',#15763,.T.) ;
#15792=FACE_OUTER_BOUND('',#15787,.T.) ;
#15811=FACE_OUTER_BOUND('',#15806,.T.) ;
#15835=FACE_OUTER_BOUND('',#15830,.T.) ;
#15854=FACE_OUTER_BOUND('',#15849,.T.) ;
#15878=FACE_OUTER_BOUND('',#15873,.T.) ;
#15897=FACE_OUTER_BOUND('',#15892,.T.) ;
#15916=FACE_OUTER_BOUND('',#15911,.T.) ;
#15942=FACE_OUTER_BOUND('',#15939,.T.) ;
#16133=FACE_OUTER_BOUND('',#16128,.T.) ;
#16147=FACE_OUTER_BOUND('',#16142,.T.) ;
#16176=FACE_OUTER_BOUND('',#16171,.T.) ;
#16190=FACE_OUTER_BOUND('',#16185,.T.) ;
#16219=FACE_OUTER_BOUND('',#16214,.T.) ;
#16233=FACE_OUTER_BOUND('',#16228,.T.) ;
#16262=FACE_OUTER_BOUND('',#16257,.T.) ;
#16276=FACE_OUTER_BOUND('',#16271,.T.) ;
#16305=FACE_OUTER_BOUND('',#16300,.T.) ;
#16319=FACE_OUTER_BOUND('',#16314,.T.) ;
#16348=FACE_OUTER_BOUND('',#16343,.T.) ;
#16362=FACE_OUTER_BOUND('',#16357,.T.) ;
#16391=FACE_OUTER_BOUND('',#16386,.T.) ;
#16405=FACE_OUTER_BOUND('',#16400,.T.) ;
#16434=FACE_OUTER_BOUND('',#16429,.T.) ;
#16448=FACE_OUTER_BOUND('',#16443,.T.) ;
#16477=FACE_OUTER_BOUND('',#16472,.T.) ;
#16491=FACE_OUTER_BOUND('',#16486,.T.) ;
#16520=FACE_OUTER_BOUND('',#16515,.T.) ;
#16534=FACE_OUTER_BOUND('',#16529,.T.) ;
#16=LENGTH_MEASURE_WITH_UNIT(LENGTH_MEASURE(25.4),#12) ;
#43=LINE('Line',#40,#42) ;
#59=LINE('Line',#56,#58) ;
#109=LINE('Line',#106,#108) ;
#123=LINE('Line',#120,#122) ;
#214=LINE('Line',#211,#213) ;
#228=LINE('Line',#225,#227) ;
#257=LINE('Line',#254,#256) ;
#264=LINE('Line',#261,#263) ;
#316=LINE('Line',#313,#315) ;
#330=LINE('Line',#327,#329) ;
#357=LINE('Line',#354,#356) ;
#371=LINE('Line',#368,#370) ;
#460=LINE('Line',#457,#459) ;
#474=LINE('Line',#471,#473) ;
#863=LINE('Line',#860,#862) ;
#870=LINE('Line',#867,#869) ;
#906=LINE('Line',#903,#905) ;
#913=LINE('Line',#910,#912) ;
#949=LINE('Line',#946,#948) ;
#956=LINE('Line',#953,#955) ;
#992=LINE('Line',#989,#991) ;
#999=LINE('Line',#996,#998) ;
#1035=LINE('Line',#1032,#1034) ;
#1042=LINE('Line',#1039,#1041) ;
#1078=LINE('Line',#1075,#1077) ;
#1085=LINE('Line',#1082,#1084) ;
#1121=LINE('Line',#1118,#1120) ;
#1128=LINE('Line',#1125,#1127) ;
#1164=LINE('Line',#1161,#1163) ;
#1171=LINE('Line',#1168,#1170) ;
#1207=LINE('Line',#1204,#1206) ;
#1214=LINE('Line',#1211,#1213) ;
#1250=LINE('Line',#1247,#1249) ;
#1257=LINE('Line',#1254,#1256) ;
#1293=LINE('Line',#1290,#1292) ;
#1300=LINE('Line',#1297,#1299) ;
#1336=LINE('Line',#1333,#1335) ;
#1343=LINE('Line',#1340,#1342) ;
#1379=LINE('Line',#1376,#1378) ;
#1386=LINE('Line',#1383,#1385) ;
#1422=LINE('Line',#1419,#1421) ;
#1429=LINE('Line',#1426,#1428) ;
#1465=LINE('Line',#1462,#1464) ;
#1472=LINE('Line',#1469,#1471) ;
#1508=LINE('Line',#1505,#1507) ;
#1515=LINE('Line',#1512,#1514) ;
#1551=LINE('Line',#1548,#1550) ;
#1558=LINE('Line',#1555,#1557) ;
#1594=LINE('Line',#1591,#1593) ;
#1601=LINE('Line',#1598,#1600) ;
#1637=LINE('Line',#1634,#1636) ;
#1644=LINE('Line',#1641,#1643) ;
#1805=LINE('Line',#1802,#1804) ;
#1814=LINE('Line',#1811,#1813) ;
#1821=LINE('Line',#1818,#1820) ;
#1828=LINE('Line',#1825,#1827) ;
#1835=LINE('Line',#1832,#1834) ;
#1842=LINE('Line',#1839,#1841) ;
#1849=LINE('Line',#1846,#1848) ;
#1856=LINE('Line',#1853,#1855) ;
#1863=LINE('Line',#1860,#1862) ;
#1870=LINE('Line',#1867,#1869) ;
#1877=LINE('Line',#1874,#1876) ;
#1884=LINE('Line',#1881,#1883) ;
#1891=LINE('Line',#1888,#1890) ;
#1898=LINE('Line',#1895,#1897) ;
#1905=LINE('Line',#1902,#1904) ;
#1912=LINE('Line',#1909,#1911) ;
#1919=LINE('Line',#1916,#1918) ;
#1926=LINE('Line',#1923,#1925) ;
#1933=LINE('Line',#1930,#1932) ;
#1940=LINE('Line',#1937,#1939) ;
#1947=LINE('Line',#1944,#1946) ;
#1954=LINE('Line',#1951,#1953) ;
#1961=LINE('Line',#1958,#1960) ;
#1968=LINE('Line',#1965,#1967) ;
#1975=LINE('Line',#1972,#1974) ;
#1982=LINE('Line',#1979,#1981) ;
#1989=LINE('Line',#1986,#1988) ;
#1996=LINE('Line',#1993,#1995) ;
#2003=LINE('Line',#2000,#2002) ;
#2010=LINE('Line',#2007,#2009) ;
#2017=LINE('Line',#2014,#2016) ;
#2024=LINE('Line',#2021,#2023) ;
#2031=LINE('Line',#2028,#2030) ;
#2038=LINE('Line',#2035,#2037) ;
#2045=LINE('Line',#2042,#2044) ;
#2052=LINE('Line',#2049,#2051) ;
#2059=LINE('Line',#2056,#2058) ;
#2066=LINE('Line',#2063,#2065) ;
#2073=LINE('Line',#2070,#2072) ;
#2080=LINE('Line',#2077,#2079) ;
#2087=LINE('Line',#2084,#2086) ;
#2094=LINE('Line',#2091,#2093) ;
#2101=LINE('Line',#2098,#2100) ;
#2108=LINE('Line',#2105,#2107) ;
#2115=LINE('Line',#2112,#2114) ;
#2122=LINE('Line',#2119,#2121) ;
#2129=LINE('Line',#2126,#2128) ;
#2136=LINE('Line',#2133,#2135) ;
#2143=LINE('Line',#2140,#2142) ;
#2150=LINE('Line',#2147,#2149) ;
#2157=LINE('Line',#2154,#2156) ;
#2164=LINE('Line',#2161,#2163) ;
#2171=LINE('Line',#2168,#2170) ;
#2178=LINE('Line',#2175,#2177) ;
#2185=LINE('Line',#2182,#2184) ;
#2192=LINE('Line',#2189,#2191) ;
#2199=LINE('Line',#2196,#2198) ;
#2206=LINE('Line',#2203,#2205) ;
#2213=LINE('Line',#2210,#2212) ;
#2220=LINE('Line',#2217,#2219) ;
#2227=LINE('Line',#2224,#2226) ;
#2234=LINE('Line',#2231,#2233) ;
#2241=LINE('Line',#2238,#2240) ;
#2248=LINE('Line',#2245,#2247) ;
#2255=LINE('Line',#2252,#2254) ;
#2262=LINE('Line',#2259,#2261) ;
#2269=LINE('Line',#2266,#2268) ;
#2276=LINE('Line',#2273,#2275) ;
#2283=LINE('Line',#2280,#2282) ;
#2290=LINE('Line',#2287,#2289) ;
#2297=LINE('Line',#2294,#2296) ;
#2304=LINE('Line',#2301,#2303) ;
#2311=LINE('Line',#2308,#2310) ;
#2318=LINE('Line',#2315,#2317) ;
#2325=LINE('Line',#2322,#2324) ;
#2332=LINE('Line',#2329,#2331) ;
#2339=LINE('Line',#2336,#2338) ;
#2346=LINE('Line',#2343,#2345) ;
#2353=LINE('Line',#2350,#2352) ;
#2360=LINE('Line',#2357,#2359) ;
#2367=LINE('Line',#2364,#2366) ;
#2374=LINE('Line',#2371,#2373) ;
#2381=LINE('Line',#2378,#2380) ;
#2388=LINE('Line',#2385,#2387) ;
#2395=LINE('Line',#2392,#2394) ;
#2402=LINE('Line',#2399,#2401) ;
#2409=LINE('Line',#2406,#2408) ;
#2416=LINE('Line',#2413,#2415) ;
#2423=LINE('Line',#2420,#2422) ;
#2430=LINE('Line',#2427,#2429) ;
#2437=LINE('Line',#2434,#2436) ;
#2444=LINE('Line',#2441,#2443) ;
#2451=LINE('Line',#2448,#2450) ;
#2458=LINE('Line',#2455,#2457) ;
#2465=LINE('Line',#2462,#2464) ;
#2472=LINE('Line',#2469,#2471) ;
#2479=LINE('Line',#2476,#2478) ;
#2486=LINE('Line',#2483,#2485) ;
#2493=LINE('Line',#2490,#2492) ;
#2500=LINE('Line',#2497,#2499) ;
#2507=LINE('Line',#2504,#2506) ;
#2514=LINE('Line',#2511,#2513) ;
#2521=LINE('Line',#2518,#2520) ;
#2528=LINE('Line',#2525,#2527) ;
#2535=LINE('Line',#2532,#2534) ;
#2542=LINE('Line',#2539,#2541) ;
#2549=LINE('Line',#2546,#2548) ;
#2556=LINE('Line',#2553,#2555) ;
#2563=LINE('Line',#2560,#2562) ;
#2570=LINE('Line',#2567,#2569) ;
#2577=LINE('Line',#2574,#2576) ;
#2584=LINE('Line',#2581,#2583) ;
#2591=LINE('Line',#2588,#2590) ;
#2598=LINE('Line',#2595,#2597) ;
#2605=LINE('Line',#2602,#2604) ;
#2612=LINE('Line',#2609,#2611) ;
#2619=LINE('Line',#2616,#2618) ;
#2626=LINE('Line',#2623,#2625) ;
#2751=LINE('Line',#2748,#2750) ;
#2760=LINE('Line',#2757,#2759) ;
#2767=LINE('Line',#2764,#2766) ;
#2774=LINE('Line',#2771,#2773) ;
#2781=LINE('Line',#2778,#2780) ;
#2788=LINE('Line',#2785,#2787) ;
#2795=LINE('Line',#2792,#2794) ;
#2802=LINE('Line',#2799,#2801) ;
#2809=LINE('Line',#2806,#2808) ;
#2816=LINE('Line',#2813,#2815) ;
#2823=LINE('Line',#2820,#2822) ;
#2830=LINE('Line',#2827,#2829) ;
#2837=LINE('Line',#2834,#2836) ;
#2844=LINE('Line',#2841,#2843) ;
#2851=LINE('Line',#2848,#2850) ;
#2858=LINE('Line',#2855,#2857) ;
#2865=LINE('Line',#2862,#2864) ;
#2872=LINE('Line',#2869,#2871) ;
#2879=LINE('Line',#2876,#2878) ;
#2886=LINE('Line',#2883,#2885) ;
#2893=LINE('Line',#2890,#2892) ;
#2900=LINE('Line',#2897,#2899) ;
#2929=LINE('Line',#2926,#2928) ;
#2938=LINE('Line',#2935,#2937) ;
#2945=LINE('Line',#2942,#2944) ;
#2952=LINE('Line',#2949,#2951) ;
#2959=LINE('Line',#2956,#2958) ;
#2966=LINE('Line',#2963,#2965) ;
#2973=LINE('Line',#2970,#2972) ;
#2980=LINE('Line',#2977,#2979) ;
#2987=LINE('Line',#2984,#2986) ;
#2994=LINE('Line',#2991,#2993) ;
#3001=LINE('Line',#2998,#3000) ;
#3008=LINE('Line',#3005,#3007) ;
#3015=LINE('Line',#3012,#3014) ;
#3022=LINE('Line',#3019,#3021) ;
#3029=LINE('Line',#3026,#3028) ;
#3036=LINE('Line',#3033,#3035) ;
#3043=LINE('Line',#3040,#3042) ;
#3050=LINE('Line',#3047,#3049) ;
#3057=LINE('Line',#3054,#3056) ;
#3064=LINE('Line',#3061,#3063) ;
#3071=LINE('Line',#3068,#3070) ;
#3078=LINE('Line',#3075,#3077) ;
#3085=LINE('Line',#3082,#3084) ;
#3092=LINE('Line',#3089,#3091) ;
#3099=LINE('Line',#3096,#3098) ;
#3106=LINE('Line',#3103,#3105) ;
#3113=LINE('Line',#3110,#3112) ;
#3120=LINE('Line',#3117,#3119) ;
#3127=LINE('Line',#3124,#3126) ;
#3134=LINE('Line',#3131,#3133) ;
#3141=LINE('Line',#3138,#3140) ;
#3148=LINE('Line',#3145,#3147) ;
#3155=LINE('Line',#3152,#3154) ;
#3162=LINE('Line',#3159,#3161) ;
#3203=LINE('Line',#3200,#3202) ;
#3212=LINE('Line',#3209,#3211) ;
#3219=LINE('Line',#3216,#3218) ;
#3226=LINE('Line',#3223,#3225) ;
#3233=LINE('Line',#3230,#3232) ;
#3240=LINE('Line',#3237,#3239) ;
#3247=LINE('Line',#3244,#3246) ;
#3254=LINE('Line',#3251,#3253) ;
#3261=LINE('Line',#3258,#3260) ;
#3268=LINE('Line',#3265,#3267) ;
#3275=LINE('Line',#3272,#3274) ;
#3282=LINE('Line',#3279,#3281) ;
#3289=LINE('Line',#3286,#3288) ;
#3296=LINE('Line',#3293,#3295) ;
#3303=LINE('Line',#3300,#3302) ;
#3310=LINE('Line',#3307,#3309) ;
#3317=LINE('Line',#3314,#3316) ;
#3324=LINE('Line',#3321,#3323) ;
#3331=LINE('Line',#3328,#3330) ;
#3338=LINE('Line',#3335,#3337) ;
#3345=LINE('Line',#3342,#3344) ;
#3352=LINE('Line',#3349,#3351) ;
#3359=LINE('Line',#3356,#3358) ;
#3366=LINE('Line',#3363,#3365) ;
#3373=LINE('Line',#3370,#3372) ;
#3380=LINE('Line',#3377,#3379) ;
#3387=LINE('Line',#3384,#3386) ;
#3394=LINE('Line',#3391,#3393) ;
#3401=LINE('Line',#3398,#3400) ;
#3408=LINE('Line',#3405,#3407) ;
#3415=LINE('Line',#3412,#3414) ;
#3422=LINE('Line',#3419,#3421) ;
#3429=LINE('Line',#3426,#3428) ;
#3436=LINE('Line',#3433,#3435) ;
#3443=LINE('Line',#3440,#3442) ;
#3450=LINE('Line',#3447,#3449) ;
#3457=LINE('Line',#3454,#3456) ;
#3464=LINE('Line',#3461,#3463) ;
#3471=LINE('Line',#3468,#3470) ;
#3478=LINE('Line',#3475,#3477) ;
#3485=LINE('Line',#3482,#3484) ;
#3492=LINE('Line',#3489,#3491) ;
#3499=LINE('Line',#3496,#3498) ;
#3506=LINE('Line',#3503,#3505) ;
#3513=LINE('Line',#3510,#3512) ;
#3520=LINE('Line',#3517,#3519) ;
#3527=LINE('Line',#3524,#3526) ;
#3534=LINE('Line',#3531,#3533) ;
#3541=LINE('Line',#3538,#3540) ;
#3548=LINE('Line',#3545,#3547) ;
#3555=LINE('Line',#3552,#3554) ;
#3562=LINE('Line',#3559,#3561) ;
#3569=LINE('Line',#3566,#3568) ;
#3576=LINE('Line',#3573,#3575) ;
#3583=LINE('Line',#3580,#3582) ;
#3590=LINE('Line',#3587,#3589) ;
#3597=LINE('Line',#3594,#3596) ;
#3604=LINE('Line',#3601,#3603) ;
#3611=LINE('Line',#3608,#3610) ;
#3618=LINE('Line',#3615,#3617) ;
#3625=LINE('Line',#3622,#3624) ;
#3632=LINE('Line',#3629,#3631) ;
#3639=LINE('Line',#3636,#3638) ;
#3646=LINE('Line',#3643,#3645) ;
#3653=LINE('Line',#3650,#3652) ;
#3660=LINE('Line',#3657,#3659) ;
#3667=LINE('Line',#3664,#3666) ;
#3674=LINE('Line',#3671,#3673) ;
#3681=LINE('Line',#3678,#3680) ;
#3688=LINE('Line',#3685,#3687) ;
#3695=LINE('Line',#3692,#3694) ;
#3702=LINE('Line',#3699,#3701) ;
#3709=LINE('Line',#3706,#3708) ;
#3716=LINE('Line',#3713,#3715) ;
#3723=LINE('Line',#3720,#3722) ;
#3730=LINE('Line',#3727,#3729) ;
#3737=LINE('Line',#3734,#3736) ;
#3744=LINE('Line',#3741,#3743) ;
#3751=LINE('Line',#3748,#3750) ;
#3758=LINE('Line',#3755,#3757) ;
#3765=LINE('Line',#3762,#3764) ;
#3772=LINE('Line',#3769,#3771) ;
#3779=LINE('Line',#3776,#3778) ;
#3786=LINE('Line',#3783,#3785) ;
#3793=LINE('Line',#3790,#3792) ;
#3800=LINE('Line',#3797,#3799) ;
#3807=LINE('Line',#3804,#3806) ;
#3814=LINE('Line',#3811,#3813) ;
#3821=LINE('Line',#3818,#3820) ;
#3828=LINE('Line',#3825,#3827) ;
#3835=LINE('Line',#3832,#3834) ;
#3842=LINE('Line',#3839,#3841) ;
#3849=LINE('Line',#3846,#3848) ;
#3856=LINE('Line',#3853,#3855) ;
#3863=LINE('Line',#3860,#3862) ;
#3870=LINE('Line',#3867,#3869) ;
#3877=LINE('Line',#3874,#3876) ;
#3884=LINE('Line',#3881,#3883) ;
#3891=LINE('Line',#3888,#3890) ;
#3898=LINE('Line',#3895,#3897) ;
#3905=LINE('Line',#3902,#3904) ;
#3912=LINE('Line',#3909,#3911) ;
#3919=LINE('Line',#3916,#3918) ;
#3926=LINE('Line',#3923,#3925) ;
#3933=LINE('Line',#3930,#3932) ;
#3940=LINE('Line',#3937,#3939) ;
#3947=LINE('Line',#3944,#3946) ;
#3954=LINE('Line',#3951,#3953) ;
#3961=LINE('Line',#3958,#3960) ;
#3968=LINE('Line',#3965,#3967) ;
#3975=LINE('Line',#3972,#3974) ;
#3982=LINE('Line',#3979,#3981) ;
#3989=LINE('Line',#3986,#3988) ;
#3996=LINE('Line',#3993,#3995) ;
#4003=LINE('Line',#4000,#4002) ;
#4010=LINE('Line',#4007,#4009) ;
#4017=LINE('Line',#4014,#4016) ;
#4024=LINE('Line',#4021,#4023) ;
#4031=LINE('Line',#4028,#4030) ;
#4038=LINE('Line',#4035,#4037) ;
#4045=LINE('Line',#4042,#4044) ;
#4052=LINE('Line',#4049,#4051) ;
#4059=LINE('Line',#4056,#4058) ;
#4066=LINE('Line',#4063,#4065) ;
#4073=LINE('Line',#4070,#4072) ;
#4080=LINE('Line',#4077,#4079) ;
#4087=LINE('Line',#4084,#4086) ;
#4094=LINE('Line',#4091,#4093) ;
#4101=LINE('Line',#4098,#4100) ;
#4108=LINE('Line',#4105,#4107) ;
#4115=LINE('Line',#4112,#4114) ;
#4122=LINE('Line',#4119,#4121) ;
#4129=LINE('Line',#4126,#4128) ;
#4136=LINE('Line',#4133,#4135) ;
#4143=LINE('Line',#4140,#4142) ;
#4150=LINE('Line',#4147,#4149) ;
#4157=LINE('Line',#4154,#4156) ;
#4164=LINE('Line',#4161,#4163) ;
#4309=LINE('Line',#4306,#4308) ;
#4318=LINE('Line',#4315,#4317) ;
#4325=LINE('Line',#4322,#4324) ;
#4332=LINE('Line',#4329,#4331) ;
#4339=LINE('Line',#4336,#4338) ;
#4346=LINE('Line',#4343,#4345) ;
#4353=LINE('Line',#4350,#4352) ;
#4360=LINE('Line',#4357,#4359) ;
#4367=LINE('Line',#4364,#4366) ;
#4374=LINE('Line',#4371,#4373) ;
#4381=LINE('Line',#4378,#4380) ;
#4388=LINE('Line',#4385,#4387) ;
#4395=LINE('Line',#4392,#4394) ;
#4402=LINE('Line',#4399,#4401) ;
#4409=LINE('Line',#4406,#4408) ;
#4416=LINE('Line',#4413,#4415) ;
#4423=LINE('Line',#4420,#4422) ;
#4430=LINE('Line',#4427,#4429) ;
#4437=LINE('Line',#4434,#4436) ;
#4444=LINE('Line',#4441,#4443) ;
#4451=LINE('Line',#4448,#4450) ;
#4458=LINE('Line',#4455,#4457) ;
#4487=LINE('Line',#4484,#4486) ;
#4496=LINE('Line',#4493,#4495) ;
#4503=LINE('Line',#4500,#4502) ;
#4510=LINE('Line',#4507,#4509) ;
#4521=LINE('Line',#4518,#4520) ;
#4530=LINE('Line',#4527,#4529) ;
#4537=LINE('Line',#4534,#4536) ;
#4544=LINE('Line',#4541,#4543) ;
#4551=LINE('Line',#4548,#4550) ;
#4558=LINE('Line',#4555,#4557) ;
#4565=LINE('Line',#4562,#4564) ;
#4572=LINE('Line',#4569,#4571) ;
#4579=LINE('Line',#4576,#4578) ;
#4586=LINE('Line',#4583,#4585) ;
#4761=LINE('Line',#4758,#4760) ;
#4770=LINE('Line',#4767,#4769) ;
#4777=LINE('Line',#4774,#4776) ;
#4784=LINE('Line',#4781,#4783) ;
#4791=LINE('Line',#4788,#4790) ;
#4798=LINE('Line',#4795,#4797) ;
#4805=LINE('Line',#4802,#4804) ;
#4812=LINE('Line',#4809,#4811) ;
#4819=LINE('Line',#4816,#4818) ;
#4826=LINE('Line',#4823,#4825) ;
#4833=LINE('Line',#4830,#4832) ;
#4840=LINE('Line',#4837,#4839) ;
#4847=LINE('Line',#4844,#4846) ;
#4854=LINE('Line',#4851,#4853) ;
#4861=LINE('Line',#4858,#4860) ;
#4868=LINE('Line',#4865,#4867) ;
#4875=LINE('Line',#4872,#4874) ;
#4882=LINE('Line',#4879,#4881) ;
#4889=LINE('Line',#4886,#4888) ;
#4896=LINE('Line',#4893,#4895) ;
#4903=LINE('Line',#4900,#4902) ;
#4910=LINE('Line',#4907,#4909) ;
#4917=LINE('Line',#4914,#4916) ;
#4924=LINE('Line',#4921,#4923) ;
#4931=LINE('Line',#4928,#4930) ;
#4938=LINE('Line',#4935,#4937) ;
#4945=LINE('Line',#4942,#4944) ;
#4952=LINE('Line',#4949,#4951) ;
#4959=LINE('Line',#4956,#4958) ;
#4966=LINE('Line',#4963,#4965) ;
#4973=LINE('Line',#4970,#4972) ;
#4980=LINE('Line',#4977,#4979) ;
#4987=LINE('Line',#4984,#4986) ;
#4994=LINE('Line',#4991,#4993) ;
#5001=LINE('Line',#4998,#5000) ;
#5008=LINE('Line',#5005,#5007) ;
#5015=LINE('Line',#5012,#5014) ;
#5022=LINE('Line',#5019,#5021) ;
#5029=LINE('Line',#5026,#5028) ;
#5036=LINE('Line',#5033,#5035) ;
#5043=LINE('Line',#5040,#5042) ;
#5050=LINE('Line',#5047,#5049) ;
#5057=LINE('Line',#5054,#5056) ;
#5064=LINE('Line',#5061,#5063) ;
#5071=LINE('Line',#5068,#5070) ;
#5078=LINE('Line',#5075,#5077) ;
#5085=LINE('Line',#5082,#5084) ;
#5092=LINE('Line',#5089,#5091) ;
#5099=LINE('Line',#5096,#5098) ;
#5106=LINE('Line',#5103,#5105) ;
#5113=LINE('Line',#5110,#5112) ;
#5120=LINE('Line',#5117,#5119) ;
#5127=LINE('Line',#5124,#5126) ;
#5134=LINE('Line',#5131,#5133) ;
#5141=LINE('Line',#5138,#5140) ;
#5148=LINE('Line',#5145,#5147) ;
#5155=LINE('Line',#5152,#5154) ;
#5162=LINE('Line',#5159,#5161) ;
#5169=LINE('Line',#5166,#5168) ;
#5176=LINE('Line',#5173,#5175) ;
#5183=LINE('Line',#5180,#5182) ;
#5190=LINE('Line',#5187,#5189) ;
#5197=LINE('Line',#5194,#5196) ;
#5204=LINE('Line',#5201,#5203) ;
#5211=LINE('Line',#5208,#5210) ;
#5218=LINE('Line',#5215,#5217) ;
#5225=LINE('Line',#5222,#5224) ;
#5232=LINE('Line',#5229,#5231) ;
#5239=LINE('Line',#5236,#5238) ;
#5246=LINE('Line',#5243,#5245) ;
#5253=LINE('Line',#5250,#5252) ;
#5260=LINE('Line',#5257,#5259) ;
#5267=LINE('Line',#5264,#5266) ;
#5274=LINE('Line',#5271,#5273) ;
#5281=LINE('Line',#5278,#5280) ;
#5288=LINE('Line',#5285,#5287) ;
#5295=LINE('Line',#5292,#5294) ;
#5302=LINE('Line',#5299,#5301) ;
#5309=LINE('Line',#5306,#5308) ;
#5316=LINE('Line',#5313,#5315) ;
#5323=LINE('Line',#5320,#5322) ;
#5330=LINE('Line',#5327,#5329) ;
#5337=LINE('Line',#5334,#5336) ;
#5344=LINE('Line',#5341,#5343) ;
#5351=LINE('Line',#5348,#5350) ;
#5358=LINE('Line',#5355,#5357) ;
#5365=LINE('Line',#5362,#5364) ;
#5372=LINE('Line',#5369,#5371) ;
#5379=LINE('Line',#5376,#5378) ;
#5386=LINE('Line',#5383,#5385) ;
#5393=LINE('Line',#5390,#5392) ;
#5400=LINE('Line',#5397,#5399) ;
#5407=LINE('Line',#5404,#5406) ;
#5414=LINE('Line',#5411,#5413) ;
#5421=LINE('Line',#5418,#5420) ;
#5428=LINE('Line',#5425,#5427) ;
#5435=LINE('Line',#5432,#5434) ;
#5442=LINE('Line',#5439,#5441) ;
#5449=LINE('Line',#5446,#5448) ;
#5456=LINE('Line',#5453,#5455) ;
#5463=LINE('Line',#5460,#5462) ;
#5470=LINE('Line',#5467,#5469) ;
#5477=LINE('Line',#5474,#5476) ;
#5484=LINE('Line',#5481,#5483) ;
#5491=LINE('Line',#5488,#5490) ;
#5498=LINE('Line',#5495,#5497) ;
#5505=LINE('Line',#5502,#5504) ;
#5512=LINE('Line',#5509,#5511) ;
#5519=LINE('Line',#5516,#5518) ;
#5526=LINE('Line',#5523,#5525) ;
#5533=LINE('Line',#5530,#5532) ;
#5540=LINE('Line',#5537,#5539) ;
#5547=LINE('Line',#5544,#5546) ;
#5554=LINE('Line',#5551,#5553) ;
#5561=LINE('Line',#5558,#5560) ;
#5568=LINE('Line',#5565,#5567) ;
#5575=LINE('Line',#5572,#5574) ;
#5582=LINE('Line',#5579,#5581) ;
#5589=LINE('Line',#5586,#5588) ;
#5596=LINE('Line',#5593,#5595) ;
#5603=LINE('Line',#5600,#5602) ;
#5610=LINE('Line',#5607,#5609) ;
#5617=LINE('Line',#5614,#5616) ;
#5624=LINE('Line',#5621,#5623) ;
#5631=LINE('Line',#5628,#5630) ;
#5638=LINE('Line',#5635,#5637) ;
#5645=LINE('Line',#5642,#5644) ;
#5652=LINE('Line',#5649,#5651) ;
#5659=LINE('Line',#5656,#5658) ;
#5666=LINE('Line',#5663,#5665) ;
#5673=LINE('Line',#5670,#5672) ;
#5680=LINE('Line',#5677,#5679) ;
#5687=LINE('Line',#5684,#5686) ;
#5694=LINE('Line',#5691,#5693) ;
#5701=LINE('Line',#5698,#5700) ;
#5708=LINE('Line',#5705,#5707) ;
#5715=LINE('Line',#5712,#5714) ;
#5722=LINE('Line',#5719,#5721) ;
#5881=LINE('Line',#5878,#5880) ;
#5886=LINE('Line',#5883,#5885) ;
#5910=LINE('Line',#5907,#5909) ;
#5934=LINE('Line',#5931,#5933) ;
#5958=LINE('Line',#5955,#5957) ;
#5982=LINE('Line',#5979,#5981) ;
#6006=LINE('Line',#6003,#6005) ;
#6030=LINE('Line',#6027,#6029) ;
#6054=LINE('Line',#6051,#6053) ;
#6078=LINE('Line',#6075,#6077) ;
#6102=LINE('Line',#6099,#6101) ;
#6126=LINE('Line',#6123,#6125) ;
#6150=LINE('Line',#6147,#6149) ;
#6174=LINE('Line',#6171,#6173) ;
#6198=LINE('Line',#6195,#6197) ;
#6222=LINE('Line',#6219,#6221) ;
#6246=LINE('Line',#6243,#6245) ;
#6270=LINE('Line',#6267,#6269) ;
#6294=LINE('Line',#6291,#6293) ;
#6318=LINE('Line',#6315,#6317) ;
#6342=LINE('Line',#6339,#6341) ;
#6366=LINE('Line',#6363,#6365) ;
#6390=LINE('Line',#6387,#6389) ;
#6414=LINE('Line',#6411,#6413) ;
#6438=LINE('Line',#6435,#6437) ;
#6462=LINE('Line',#6459,#6461) ;
#6481=LINE('Line',#6478,#6480) ;
#6505=LINE('Line',#6502,#6504) ;
#6529=LINE('Line',#6526,#6528) ;
#6553=LINE('Line',#6550,#6552) ;
#6577=LINE('Line',#6574,#6576) ;
#6601=LINE('Line',#6598,#6600) ;
#6625=LINE('Line',#6622,#6624) ;
#6649=LINE('Line',#6646,#6648) ;
#6673=LINE('Line',#6670,#6672) ;
#6697=LINE('Line',#6694,#6696) ;
#6721=LINE('Line',#6718,#6720) ;
#6745=LINE('Line',#6742,#6744) ;
#6769=LINE('Line',#6766,#6768) ;
#6793=LINE('Line',#6790,#6792) ;
#6817=LINE('Line',#6814,#6816) ;
#6841=LINE('Line',#6838,#6840) ;
#6865=LINE('Line',#6862,#6864) ;
#6889=LINE('Line',#6886,#6888) ;
#6913=LINE('Line',#6910,#6912) ;
#6937=LINE('Line',#6934,#6936) ;
#6961=LINE('Line',#6958,#6960) ;
#6985=LINE('Line',#6982,#6984) ;
#7004=LINE('Line',#7001,#7003) ;
#7028=LINE('Line',#7025,#7027) ;
#7052=LINE('Line',#7049,#7051) ;
#7076=LINE('Line',#7073,#7075) ;
#7100=LINE('Line',#7097,#7099) ;
#7124=LINE('Line',#7121,#7123) ;
#7148=LINE('Line',#7145,#7147) ;
#7172=LINE('Line',#7169,#7171) ;
#7196=LINE('Line',#7193,#7195) ;
#7220=LINE('Line',#7217,#7219) ;
#7244=LINE('Line',#7241,#7243) ;
#7268=LINE('Line',#7265,#7267) ;
#7292=LINE('Line',#7289,#7291) ;
#7316=LINE('Line',#7313,#7315) ;
#7340=LINE('Line',#7337,#7339) ;
#7364=LINE('Line',#7361,#7363) ;
#7388=LINE('Line',#7385,#7387) ;
#7412=LINE('Line',#7409,#7411) ;
#7436=LINE('Line',#7433,#7435) ;
#7460=LINE('Line',#7457,#7459) ;
#7484=LINE('Line',#7481,#7483) ;
#7508=LINE('Line',#7505,#7507) ;
#7532=LINE('Line',#7529,#7531) ;
#7556=LINE('Line',#7553,#7555) ;
#7580=LINE('Line',#7577,#7579) ;
#7604=LINE('Line',#7601,#7603) ;
#7628=LINE('Line',#7625,#7627) ;
#7652=LINE('Line',#7649,#7651) ;
#7676=LINE('Line',#7673,#7675) ;
#7700=LINE('Line',#7697,#7699) ;
#7724=LINE('Line',#7721,#7723) ;
#7748=LINE('Line',#7745,#7747) ;
#7772=LINE('Line',#7769,#7771) ;
#7796=LINE('Line',#7793,#7795) ;
#7820=LINE('Line',#7817,#7819) ;
#7844=LINE('Line',#7841,#7843) ;
#7868=LINE('Line',#7865,#7867) ;
#7892=LINE('Line',#7889,#7891) ;
#7916=LINE('Line',#7913,#7915) ;
#7940=LINE('Line',#7937,#7939) ;
#7964=LINE('Line',#7961,#7963) ;
#7988=LINE('Line',#7985,#7987) ;
#8012=LINE('Line',#8009,#8011) ;
#8036=LINE('Line',#8033,#8035) ;
#8060=LINE('Line',#8057,#8059) ;
#8084=LINE('Line',#8081,#8083) ;
#8108=LINE('Line',#8105,#8107) ;
#8127=LINE('Line',#8124,#8126) ;
#8146=LINE('Line',#8143,#8145) ;
#8170=LINE('Line',#8167,#8169) ;
#8194=LINE('Line',#8191,#8193) ;
#8218=LINE('Line',#8215,#8217) ;
#8242=LINE('Line',#8239,#8241) ;
#8266=LINE('Line',#8263,#8265) ;
#8290=LINE('Line',#8287,#8289) ;
#8314=LINE('Line',#8311,#8313) ;
#8338=LINE('Line',#8335,#8337) ;
#8362=LINE('Line',#8359,#8361) ;
#8386=LINE('Line',#8383,#8385) ;
#8410=LINE('Line',#8407,#8409) ;
#8434=LINE('Line',#8431,#8433) ;
#8458=LINE('Line',#8455,#8457) ;
#8482=LINE('Line',#8479,#8481) ;
#8506=LINE('Line',#8503,#8505) ;
#8530=LINE('Line',#8527,#8529) ;
#8554=LINE('Line',#8551,#8553) ;
#8578=LINE('Line',#8575,#8577) ;
#8602=LINE('Line',#8599,#8601) ;
#8626=LINE('Line',#8623,#8625) ;
#8650=LINE('Line',#8647,#8649) ;
#8674=LINE('Line',#8671,#8673) ;
#8698=LINE('Line',#8695,#8697) ;
#8722=LINE('Line',#8719,#8721) ;
#8746=LINE('Line',#8743,#8745) ;
#8770=LINE('Line',#8767,#8769) ;
#8794=LINE('Line',#8791,#8793) ;
#8818=LINE('Line',#8815,#8817) ;
#8842=LINE('Line',#8839,#8841) ;
#8866=LINE('Line',#8863,#8865) ;
#8890=LINE('Line',#8887,#8889) ;
#8914=LINE('Line',#8911,#8913) ;
#8938=LINE('Line',#8935,#8937) ;
#8962=LINE('Line',#8959,#8961) ;
#8986=LINE('Line',#8983,#8985) ;
#9010=LINE('Line',#9007,#9009) ;
#9034=LINE('Line',#9031,#9033) ;
#9058=LINE('Line',#9055,#9057) ;
#9082=LINE('Line',#9079,#9081) ;
#9106=LINE('Line',#9103,#9105) ;
#9130=LINE('Line',#9127,#9129) ;
#9168=LINE('Line',#9165,#9167) ;
#9177=LINE('Line',#9174,#9176) ;
#9184=LINE('Line',#9181,#9183) ;
#9191=LINE('Line',#9188,#9190) ;
#9198=LINE('Line',#9195,#9197) ;
#9205=LINE('Line',#9202,#9204) ;
#9212=LINE('Line',#9209,#9211) ;
#9219=LINE('Line',#9216,#9218) ;
#9226=LINE('Line',#9223,#9225) ;
#9233=LINE('Line',#9230,#9232) ;
#9240=LINE('Line',#9237,#9239) ;
#9247=LINE('Line',#9244,#9246) ;
#9254=LINE('Line',#9251,#9253) ;
#9261=LINE('Line',#9258,#9260) ;
#9268=LINE('Line',#9265,#9267) ;
#9275=LINE('Line',#9272,#9274) ;
#9282=LINE('Line',#9279,#9281) ;
#9289=LINE('Line',#9286,#9288) ;
#9296=LINE('Line',#9293,#9295) ;
#9303=LINE('Line',#9300,#9302) ;
#9310=LINE('Line',#9307,#9309) ;
#9317=LINE('Line',#9314,#9316) ;
#9324=LINE('Line',#9321,#9323) ;
#9331=LINE('Line',#9328,#9330) ;
#9338=LINE('Line',#9335,#9337) ;
#9345=LINE('Line',#9342,#9344) ;
#9352=LINE('Line',#9349,#9351) ;
#9359=LINE('Line',#9356,#9358) ;
#9366=LINE('Line',#9363,#9365) ;
#9373=LINE('Line',#9370,#9372) ;
#9380=LINE('Line',#9377,#9379) ;
#9387=LINE('Line',#9384,#9386) ;
#9394=LINE('Line',#9391,#9393) ;
#9401=LINE('Line',#9398,#9400) ;
#9408=LINE('Line',#9405,#9407) ;
#9415=LINE('Line',#9412,#9414) ;
#9422=LINE('Line',#9419,#9421) ;
#9429=LINE('Line',#9426,#9428) ;
#9436=LINE('Line',#9433,#9435) ;
#9443=LINE('Line',#9440,#9442) ;
#9450=LINE('Line',#9447,#9449) ;
#9457=LINE('Line',#9454,#9456) ;
#9464=LINE('Line',#9461,#9463) ;
#9471=LINE('Line',#9468,#9470) ;
#9478=LINE('Line',#9475,#9477) ;
#9485=LINE('Line',#9482,#9484) ;
#9492=LINE('Line',#9489,#9491) ;
#9499=LINE('Line',#9496,#9498) ;
#9506=LINE('Line',#9503,#9505) ;
#9513=LINE('Line',#9510,#9512) ;
#9520=LINE('Line',#9517,#9519) ;
#9527=LINE('Line',#9524,#9526) ;
#9534=LINE('Line',#9531,#9533) ;
#9541=LINE('Line',#9538,#9540) ;
#9548=LINE('Line',#9545,#9547) ;
#9555=LINE('Line',#9552,#9554) ;
#9562=LINE('Line',#9559,#9561) ;
#9569=LINE('Line',#9566,#9568) ;
#9576=LINE('Line',#9573,#9575) ;
#9583=LINE('Line',#9580,#9582) ;
#9590=LINE('Line',#9587,#9589) ;
#9597=LINE('Line',#9594,#9596) ;
#9604=LINE('Line',#9601,#9603) ;
#9611=LINE('Line',#9608,#9610) ;
#9618=LINE('Line',#9615,#9617) ;
#9625=LINE('Line',#9622,#9624) ;
#9632=LINE('Line',#9629,#9631) ;
#9639=LINE('Line',#9636,#9638) ;
#9646=LINE('Line',#9643,#9645) ;
#9653=LINE('Line',#9650,#9652) ;
#9660=LINE('Line',#9657,#9659) ;
#9667=LINE('Line',#9664,#9666) ;
#9674=LINE('Line',#9671,#9673) ;
#9681=LINE('Line',#9678,#9680) ;
#9688=LINE('Line',#9685,#9687) ;
#9695=LINE('Line',#9692,#9694) ;
#9702=LINE('Line',#9699,#9701) ;
#9709=LINE('Line',#9706,#9708) ;
#9716=LINE('Line',#9713,#9715) ;
#9723=LINE('Line',#9720,#9722) ;
#9730=LINE('Line',#9727,#9729) ;
#9737=LINE('Line',#9734,#9736) ;
#9744=LINE('Line',#9741,#9743) ;
#9751=LINE('Line',#9748,#9750) ;
#9758=LINE('Line',#9755,#9757) ;
#9765=LINE('Line',#9762,#9764) ;
#9772=LINE('Line',#9769,#9771) ;
#9779=LINE('Line',#9776,#9778) ;
#9786=LINE('Line',#9783,#9785) ;
#9793=LINE('Line',#9790,#9792) ;
#9800=LINE('Line',#9797,#9799) ;
#9807=LINE('Line',#9804,#9806) ;
#9814=LINE('Line',#9811,#9813) ;
#9821=LINE('Line',#9818,#9820) ;
#9828=LINE('Line',#9825,#9827) ;
#9835=LINE('Line',#9832,#9834) ;
#9842=LINE('Line',#9839,#9841) ;
#9849=LINE('Line',#9846,#9848) ;
#9856=LINE('Line',#9853,#9855) ;
#9863=LINE('Line',#9860,#9862) ;
#9870=LINE('Line',#9867,#9869) ;
#9877=LINE('Line',#9874,#9876) ;
#9884=LINE('Line',#9881,#9883) ;
#9891=LINE('Line',#9888,#9890) ;
#9898=LINE('Line',#9895,#9897) ;
#9905=LINE('Line',#9902,#9904) ;
#9912=LINE('Line',#9909,#9911) ;
#9919=LINE('Line',#9916,#9918) ;
#9926=LINE('Line',#9923,#9925) ;
#9933=LINE('Line',#9930,#9932) ;
#9940=LINE('Line',#9937,#9939) ;
#9947=LINE('Line',#9944,#9946) ;
#9954=LINE('Line',#9951,#9953) ;
#9961=LINE('Line',#9958,#9960) ;
#9968=LINE('Line',#9965,#9967) ;
#9975=LINE('Line',#9972,#9974) ;
#9982=LINE('Line',#9979,#9981) ;
#9989=LINE('Line',#9986,#9988) ;
#10127=LINE('Line',#10124,#10126) ;
#10132=LINE('Line',#10129,#10131) ;
#10156=LINE('Line',#10153,#10155) ;
#10180=LINE('Line',#10177,#10179) ;
#10204=LINE('Line',#10201,#10203) ;
#10228=LINE('Line',#10225,#10227) ;
#10252=LINE('Line',#10249,#10251) ;
#10276=LINE('Line',#10273,#10275) ;
#10300=LINE('Line',#10297,#10299) ;
#10324=LINE('Line',#10321,#10323) ;
#10348=LINE('Line',#10345,#10347) ;
#10372=LINE('Line',#10369,#10371) ;
#10396=LINE('Line',#10393,#10395) ;
#10420=LINE('Line',#10417,#10419) ;
#10444=LINE('Line',#10441,#10443) ;
#10468=LINE('Line',#10465,#10467) ;
#10492=LINE('Line',#10489,#10491) ;
#10516=LINE('Line',#10513,#10515) ;
#10540=LINE('Line',#10537,#10539) ;
#10564=LINE('Line',#10561,#10563) ;
#10588=LINE('Line',#10585,#10587) ;
#10612=LINE('Line',#10609,#10611) ;
#10636=LINE('Line',#10633,#10635) ;
#10660=LINE('Line',#10657,#10659) ;
#10684=LINE('Line',#10681,#10683) ;
#10708=LINE('Line',#10705,#10707) ;
#10732=LINE('Line',#10729,#10731) ;
#10756=LINE('Line',#10753,#10755) ;
#10780=LINE('Line',#10777,#10779) ;
#10804=LINE('Line',#10801,#10803) ;
#10828=LINE('Line',#10825,#10827) ;
#10852=LINE('Line',#10849,#10851) ;
#10876=LINE('Line',#10873,#10875) ;
#10900=LINE('Line',#10897,#10899) ;
#10924=LINE('Line',#10921,#10923) ;
#10948=LINE('Line',#10945,#10947) ;
#10972=LINE('Line',#10969,#10971) ;
#10996=LINE('Line',#10993,#10995) ;
#11020=LINE('Line',#11017,#11019) ;
#11044=LINE('Line',#11041,#11043) ;
#11068=LINE('Line',#11065,#11067) ;
#11092=LINE('Line',#11089,#11091) ;
#11116=LINE('Line',#11113,#11115) ;
#11140=LINE('Line',#11137,#11139) ;
#11164=LINE('Line',#11161,#11163) ;
#11188=LINE('Line',#11185,#11187) ;
#11212=LINE('Line',#11209,#11211) ;
#11236=LINE('Line',#11233,#11235) ;
#11260=LINE('Line',#11257,#11259) ;
#11284=LINE('Line',#11281,#11283) ;
#11308=LINE('Line',#11305,#11307) ;
#11332=LINE('Line',#11329,#11331) ;
#11356=LINE('Line',#11353,#11355) ;
#11380=LINE('Line',#11377,#11379) ;
#11404=LINE('Line',#11401,#11403) ;
#11428=LINE('Line',#11425,#11427) ;
#11452=LINE('Line',#11449,#11451) ;
#11476=LINE('Line',#11473,#11475) ;
#11500=LINE('Line',#11497,#11499) ;
#11524=LINE('Line',#11521,#11523) ;
#11548=LINE('Line',#11545,#11547) ;
#11572=LINE('Line',#11569,#11571) ;
#11596=LINE('Line',#11593,#11595) ;
#11620=LINE('Line',#11617,#11619) ;
#11644=LINE('Line',#11641,#11643) ;
#11668=LINE('Line',#11665,#11667) ;
#11692=LINE('Line',#11689,#11691) ;
#11716=LINE('Line',#11713,#11715) ;
#11740=LINE('Line',#11737,#11739) ;
#11764=LINE('Line',#11761,#11763) ;
#11788=LINE('Line',#11785,#11787) ;
#11812=LINE('Line',#11809,#11811) ;
#11836=LINE('Line',#11833,#11835) ;
#11860=LINE('Line',#11857,#11859) ;
#11884=LINE('Line',#11881,#11883) ;
#11908=LINE('Line',#11905,#11907) ;
#11932=LINE('Line',#11929,#11931) ;
#11956=LINE('Line',#11953,#11955) ;
#11980=LINE('Line',#11977,#11979) ;
#12004=LINE('Line',#12001,#12003) ;
#12028=LINE('Line',#12025,#12027) ;
#12052=LINE('Line',#12049,#12051) ;
#12076=LINE('Line',#12073,#12075) ;
#12100=LINE('Line',#12097,#12099) ;
#12124=LINE('Line',#12121,#12123) ;
#12148=LINE('Line',#12145,#12147) ;
#12172=LINE('Line',#12169,#12171) ;
#12196=LINE('Line',#12193,#12195) ;
#12220=LINE('Line',#12217,#12219) ;
#12244=LINE('Line',#12241,#12243) ;
#12268=LINE('Line',#12265,#12267) ;
#12292=LINE('Line',#12289,#12291) ;
#12316=LINE('Line',#12313,#12315) ;
#12340=LINE('Line',#12337,#12339) ;
#12364=LINE('Line',#12361,#12363) ;
#12388=LINE('Line',#12385,#12387) ;
#12412=LINE('Line',#12409,#12411) ;
#12436=LINE('Line',#12433,#12435) ;
#12460=LINE('Line',#12457,#12459) ;
#12484=LINE('Line',#12481,#12483) ;
#12508=LINE('Line',#12505,#12507) ;
#12532=LINE('Line',#12529,#12531) ;
#12556=LINE('Line',#12553,#12555) ;
#12580=LINE('Line',#12577,#12579) ;
#12604=LINE('Line',#12601,#12603) ;
#12628=LINE('Line',#12625,#12627) ;
#12652=LINE('Line',#12649,#12651) ;
#12676=LINE('Line',#12673,#12675) ;
#12700=LINE('Line',#12697,#12699) ;
#12724=LINE('Line',#12721,#12723) ;
#12748=LINE('Line',#12745,#12747) ;
#12772=LINE('Line',#12769,#12771) ;
#12796=LINE('Line',#12793,#12795) ;
#12820=LINE('Line',#12817,#12819) ;
#12844=LINE('Line',#12841,#12843) ;
#12868=LINE('Line',#12865,#12867) ;
#12892=LINE('Line',#12889,#12891) ;
#12916=LINE('Line',#12913,#12915) ;
#12954=LINE('Line',#12951,#12953) ;
#12963=LINE('Line',#12960,#12962) ;
#12970=LINE('Line',#12967,#12969) ;
#12977=LINE('Line',#12974,#12976) ;
#13001=LINE('Line',#12998,#13000) ;
#13006=LINE('Line',#13003,#13005) ;
#13030=LINE('Line',#13027,#13029) ;
#13054=LINE('Line',#13051,#13053) ;
#13092=LINE('Line',#13089,#13091) ;
#13101=LINE('Line',#13098,#13100) ;
#13108=LINE('Line',#13105,#13107) ;
#13115=LINE('Line',#13112,#13114) ;
#13122=LINE('Line',#13119,#13121) ;
#13129=LINE('Line',#13126,#13128) ;
#13136=LINE('Line',#13133,#13135) ;
#13143=LINE('Line',#13140,#13142) ;
#13150=LINE('Line',#13147,#13149) ;
#13157=LINE('Line',#13154,#13156) ;
#13164=LINE('Line',#13161,#13163) ;
#13171=LINE('Line',#13168,#13170) ;
#13178=LINE('Line',#13175,#13177) ;
#13185=LINE('Line',#13182,#13184) ;
#13192=LINE('Line',#13189,#13191) ;
#13199=LINE('Line',#13196,#13198) ;
#13206=LINE('Line',#13203,#13205) ;
#13213=LINE('Line',#13210,#13212) ;
#13220=LINE('Line',#13217,#13219) ;
#13227=LINE('Line',#13224,#13226) ;
#13234=LINE('Line',#13231,#13233) ;
#13241=LINE('Line',#13238,#13240) ;
#13283=LINE('Line',#13280,#13282) ;
#13288=LINE('Line',#13285,#13287) ;
#13312=LINE('Line',#13309,#13311) ;
#13336=LINE('Line',#13333,#13335) ;
#13360=LINE('Line',#13357,#13359) ;
#13384=LINE('Line',#13381,#13383) ;
#13408=LINE('Line',#13405,#13407) ;
#13432=LINE('Line',#13429,#13431) ;
#13456=LINE('Line',#13453,#13455) ;
#13480=LINE('Line',#13477,#13479) ;
#13504=LINE('Line',#13501,#13503) ;
#13528=LINE('Line',#13525,#13527) ;
#13552=LINE('Line',#13549,#13551) ;
#13576=LINE('Line',#13573,#13575) ;
#13600=LINE('Line',#13597,#13599) ;
#13624=LINE('Line',#13621,#13623) ;
#13648=LINE('Line',#13645,#13647) ;
#13672=LINE('Line',#13669,#13671) ;
#13696=LINE('Line',#13693,#13695) ;
#13720=LINE('Line',#13717,#13719) ;
#13744=LINE('Line',#13741,#13743) ;
#13768=LINE('Line',#13765,#13767) ;
#13806=LINE('Line',#13803,#13805) ;
#13815=LINE('Line',#13812,#13814) ;
#13822=LINE('Line',#13819,#13821) ;
#13829=LINE('Line',#13826,#13828) ;
#13836=LINE('Line',#13833,#13835) ;
#13843=LINE('Line',#13840,#13842) ;
#13850=LINE('Line',#13847,#13849) ;
#13857=LINE('Line',#13854,#13856) ;
#13864=LINE('Line',#13861,#13863) ;
#13871=LINE('Line',#13868,#13870) ;
#13878=LINE('Line',#13875,#13877) ;
#13885=LINE('Line',#13882,#13884) ;
#13892=LINE('Line',#13889,#13891) ;
#13899=LINE('Line',#13896,#13898) ;
#13906=LINE('Line',#13903,#13905) ;
#13913=LINE('Line',#13910,#13912) ;
#13920=LINE('Line',#13917,#13919) ;
#13927=LINE('Line',#13924,#13926) ;
#13934=LINE('Line',#13931,#13933) ;
#13941=LINE('Line',#13938,#13940) ;
#13948=LINE('Line',#13945,#13947) ;
#13955=LINE('Line',#13952,#13954) ;
#13997=LINE('Line',#13994,#13996) ;
#14002=LINE('Line',#13999,#14001) ;
#14026=LINE('Line',#14023,#14025) ;
#14050=LINE('Line',#14047,#14049) ;
#14074=LINE('Line',#14071,#14073) ;
#14098=LINE('Line',#14095,#14097) ;
#14122=LINE('Line',#14119,#14121) ;
#14146=LINE('Line',#14143,#14145) ;
#14170=LINE('Line',#14167,#14169) ;
#14194=LINE('Line',#14191,#14193) ;
#14218=LINE('Line',#14215,#14217) ;
#14242=LINE('Line',#14239,#14241) ;
#14266=LINE('Line',#14263,#14265) ;
#14290=LINE('Line',#14287,#14289) ;
#14314=LINE('Line',#14311,#14313) ;
#14338=LINE('Line',#14335,#14337) ;
#14362=LINE('Line',#14359,#14361) ;
#14386=LINE('Line',#14383,#14385) ;
#14410=LINE('Line',#14407,#14409) ;
#14434=LINE('Line',#14431,#14433) ;
#14458=LINE('Line',#14455,#14457) ;
#14482=LINE('Line',#14479,#14481) ;
#14520=LINE('Line',#14517,#14519) ;
#14529=LINE('Line',#14526,#14528) ;
#14536=LINE('Line',#14533,#14535) ;
#14543=LINE('Line',#14540,#14542) ;
#14550=LINE('Line',#14547,#14549) ;
#14557=LINE('Line',#14554,#14556) ;
#14564=LINE('Line',#14561,#14563) ;
#14571=LINE('Line',#14568,#14570) ;
#14578=LINE('Line',#14575,#14577) ;
#14585=LINE('Line',#14582,#14584) ;
#14592=LINE('Line',#14589,#14591) ;
#14599=LINE('Line',#14596,#14598) ;
#14606=LINE('Line',#14603,#14605) ;
#14613=LINE('Line',#14610,#14612) ;
#14620=LINE('Line',#14617,#14619) ;
#14627=LINE('Line',#14624,#14626) ;
#14634=LINE('Line',#14631,#14633) ;
#14641=LINE('Line',#14638,#14640) ;
#14648=LINE('Line',#14645,#14647) ;
#14655=LINE('Line',#14652,#14654) ;
#14662=LINE('Line',#14659,#14661) ;
#14669=LINE('Line',#14666,#14668) ;
#14676=LINE('Line',#14673,#14675) ;
#14683=LINE('Line',#14680,#14682) ;
#14690=LINE('Line',#14687,#14689) ;
#14697=LINE('Line',#14694,#14696) ;
#14704=LINE('Line',#14701,#14703) ;
#14711=LINE('Line',#14708,#14710) ;
#14718=LINE('Line',#14715,#14717) ;
#14725=LINE('Line',#14722,#14724) ;
#14732=LINE('Line',#14729,#14731) ;
#14739=LINE('Line',#14736,#14738) ;
#14746=LINE('Line',#14743,#14745) ;
#14753=LINE('Line',#14750,#14752) ;
#14807=LINE('Line',#14804,#14806) ;
#14812=LINE('Line',#14809,#14811) ;
#14836=LINE('Line',#14833,#14835) ;
#14860=LINE('Line',#14857,#14859) ;
#14884=LINE('Line',#14881,#14883) ;
#14908=LINE('Line',#14905,#14907) ;
#14932=LINE('Line',#14929,#14931) ;
#14956=LINE('Line',#14953,#14955) ;
#14980=LINE('Line',#14977,#14979) ;
#15004=LINE('Line',#15001,#15003) ;
#15028=LINE('Line',#15025,#15027) ;
#15052=LINE('Line',#15049,#15051) ;
#15076=LINE('Line',#15073,#15075) ;
#15100=LINE('Line',#15097,#15099) ;
#15124=LINE('Line',#15121,#15123) ;
#15148=LINE('Line',#15145,#15147) ;
#15172=LINE('Line',#15169,#15171) ;
#15196=LINE('Line',#15193,#15195) ;
#15220=LINE('Line',#15217,#15219) ;
#15244=LINE('Line',#15241,#15243) ;
#15268=LINE('Line',#15265,#15267) ;
#15292=LINE('Line',#15289,#15291) ;
#15316=LINE('Line',#15313,#15315) ;
#15340=LINE('Line',#15337,#15339) ;
#15364=LINE('Line',#15361,#15363) ;
#15388=LINE('Line',#15385,#15387) ;
#15412=LINE('Line',#15409,#15411) ;
#15436=LINE('Line',#15433,#15435) ;
#15460=LINE('Line',#15457,#15459) ;
#15484=LINE('Line',#15481,#15483) ;
#15508=LINE('Line',#15505,#15507) ;
#15532=LINE('Line',#15529,#15531) ;
#15556=LINE('Line',#15553,#15555) ;
#15580=LINE('Line',#15577,#15579) ;
#15618=LINE('Line',#15615,#15617) ;
#15627=LINE('Line',#15624,#15626) ;
#15634=LINE('Line',#15631,#15633) ;
#15641=LINE('Line',#15638,#15640) ;
#15648=LINE('Line',#15645,#15647) ;
#15655=LINE('Line',#15652,#15654) ;
#15662=LINE('Line',#15659,#15661) ;
#15669=LINE('Line',#15666,#15668) ;
#15676=LINE('Line',#15673,#15675) ;
#15683=LINE('Line',#15680,#15682) ;
#15713=LINE('Line',#15710,#15712) ;
#15718=LINE('Line',#15715,#15717) ;
#15742=LINE('Line',#15739,#15741) ;
#15761=LINE('Line',#15758,#15760) ;
#15785=LINE('Line',#15782,#15784) ;
#15804=LINE('Line',#15801,#15803) ;
#15828=LINE('Line',#15825,#15827) ;
#15847=LINE('Line',#15844,#15846) ;
#15871=LINE('Line',#15868,#15870) ;
#15890=LINE('Line',#15887,#15889) ;
#16121=LINE('Line',#16118,#16120) ;
#16126=LINE('Line',#16123,#16125) ;
#16164=LINE('Line',#16161,#16163) ;
#16169=LINE('Line',#16166,#16168) ;
#16207=LINE('Line',#16204,#16206) ;
#16212=LINE('Line',#16209,#16211) ;
#16250=LINE('Line',#16247,#16249) ;
#16255=LINE('Line',#16252,#16254) ;
#16293=LINE('Line',#16290,#16292) ;
#16298=LINE('Line',#16295,#16297) ;
#16336=LINE('Line',#16333,#16335) ;
#16341=LINE('Line',#16338,#16340) ;
#16379=LINE('Line',#16376,#16378) ;
#16384=LINE('Line',#16381,#16383) ;
#16422=LINE('Line',#16419,#16421) ;
#16427=LINE('Line',#16424,#16426) ;
#16465=LINE('Line',#16462,#16464) ;
#16470=LINE('Line',#16467,#16469) ;
#16508=LINE('Line',#16505,#16507) ;
#16513=LINE('Line',#16510,#16512) ;
#401=PLANE('',#400) ;
#429=PLANE('',#428) ;
#499=PLANE('',#498) ;
#1676=PLANE('',#1675) ;
#4757=PLANE('',#4756) ;
#5877=PLANE('',#5876) ;
#5906=PLANE('',#5905) ;
#5930=PLANE('',#5929) ;
#5954=PLANE('',#5953) ;
#5978=PLANE('',#5977) ;
#6002=PLANE('',#6001) ;
#6026=PLANE('',#6025) ;
#6050=PLANE('',#6049) ;
#6074=PLANE('',#6073) ;
#6098=PLANE('',#6097) ;
#6122=PLANE('',#6121) ;
#6146=PLANE('',#6145) ;
#6170=PLANE('',#6169) ;
#6194=PLANE('',#6193) ;
#6218=PLANE('',#6217) ;
#6242=PLANE('',#6241) ;
#6266=PLANE('',#6265) ;
#6290=PLANE('',#6289) ;
#6314=PLANE('',#6313) ;
#6338=PLANE('',#6337) ;
#6362=PLANE('',#6361) ;
#6386=PLANE('',#6385) ;
#6410=PLANE('',#6409) ;
#6434=PLANE('',#6433) ;
#6458=PLANE('',#6457) ;
#6501=PLANE('',#6500) ;
#6525=PLANE('',#6524) ;
#6549=PLANE('',#6548) ;
#6573=PLANE('',#6572) ;
#6597=PLANE('',#6596) ;
#6621=PLANE('',#6620) ;
#6645=PLANE('',#6644) ;
#6669=PLANE('',#6668) ;
#6693=PLANE('',#6692) ;
#6717=PLANE('',#6716) ;
#6741=PLANE('',#6740) ;
#6765=PLANE('',#6764) ;
#6789=PLANE('',#6788) ;
#6813=PLANE('',#6812) ;
#6837=PLANE('',#6836) ;
#6861=PLANE('',#6860) ;
#6885=PLANE('',#6884) ;
#6909=PLANE('',#6908) ;
#6933=PLANE('',#6932) ;
#6957=PLANE('',#6956) ;
#6981=PLANE('',#6980) ;
#7024=PLANE('',#7023) ;
#7048=PLANE('',#7047) ;
#7072=PLANE('',#7071) ;
#7096=PLANE('',#7095) ;
#7120=PLANE('',#7119) ;
#7144=PLANE('',#7143) ;
#7168=PLANE('',#7167) ;
#7192=PLANE('',#7191) ;
#7216=PLANE('',#7215) ;
#7240=PLANE('',#7239) ;
#7264=PLANE('',#7263) ;
#7288=PLANE('',#7287) ;
#7312=PLANE('',#7311) ;
#7336=PLANE('',#7335) ;
#7360=PLANE('',#7359) ;
#7384=PLANE('',#7383) ;
#7408=PLANE('',#7407) ;
#7432=PLANE('',#7431) ;
#7456=PLANE('',#7455) ;
#7480=PLANE('',#7479) ;
#7504=PLANE('',#7503) ;
#7528=PLANE('',#7527) ;
#7552=PLANE('',#7551) ;
#7576=PLANE('',#7575) ;
#7600=PLANE('',#7599) ;
#7624=PLANE('',#7623) ;
#7648=PLANE('',#7647) ;
#7672=PLANE('',#7671) ;
#7696=PLANE('',#7695) ;
#7720=PLANE('',#7719) ;
#7744=PLANE('',#7743) ;
#7768=PLANE('',#7767) ;
#7792=PLANE('',#7791) ;
#7816=PLANE('',#7815) ;
#7840=PLANE('',#7839) ;
#7864=PLANE('',#7863) ;
#7888=PLANE('',#7887) ;
#7912=PLANE('',#7911) ;
#7936=PLANE('',#7935) ;
#7960=PLANE('',#7959) ;
#7984=PLANE('',#7983) ;
#8008=PLANE('',#8007) ;
#8032=PLANE('',#8031) ;
#8056=PLANE('',#8055) ;
#8080=PLANE('',#8079) ;
#8104=PLANE('',#8103) ;
#8166=PLANE('',#8165) ;
#8190=PLANE('',#8189) ;
#8214=PLANE('',#8213) ;
#8238=PLANE('',#8237) ;
#8262=PLANE('',#8261) ;
#8286=PLANE('',#8285) ;
#8310=PLANE('',#8309) ;
#8334=PLANE('',#8333) ;
#8358=PLANE('',#8357) ;
#8382=PLANE('',#8381) ;
#8406=PLANE('',#8405) ;
#8430=PLANE('',#8429) ;
#8454=PLANE('',#8453) ;
#8478=PLANE('',#8477) ;
#8502=PLANE('',#8501) ;
#8526=PLANE('',#8525) ;
#8550=PLANE('',#8549) ;
#8574=PLANE('',#8573) ;
#8598=PLANE('',#8597) ;
#8622=PLANE('',#8621) ;
#8646=PLANE('',#8645) ;
#8670=PLANE('',#8669) ;
#8694=PLANE('',#8693) ;
#8718=PLANE('',#8717) ;
#8742=PLANE('',#8741) ;
#8766=PLANE('',#8765) ;
#8790=PLANE('',#8789) ;
#8814=PLANE('',#8813) ;
#8838=PLANE('',#8837) ;
#8862=PLANE('',#8861) ;
#8886=PLANE('',#8885) ;
#8910=PLANE('',#8909) ;
#8934=PLANE('',#8933) ;
#8958=PLANE('',#8957) ;
#8982=PLANE('',#8981) ;
#9006=PLANE('',#9005) ;
#9030=PLANE('',#9029) ;
#9054=PLANE('',#9053) ;
#9078=PLANE('',#9077) ;
#9102=PLANE('',#9101) ;
#9126=PLANE('',#9125) ;
#9150=PLANE('',#9149) ;
#10123=PLANE('',#10122) ;
#10152=PLANE('',#10151) ;
#10176=PLANE('',#10175) ;
#10200=PLANE('',#10199) ;
#10224=PLANE('',#10223) ;
#10248=PLANE('',#10247) ;
#10272=PLANE('',#10271) ;
#10296=PLANE('',#10295) ;
#10320=PLANE('',#10319) ;
#10344=PLANE('',#10343) ;
#10368=PLANE('',#10367) ;
#10392=PLANE('',#10391) ;
#10416=PLANE('',#10415) ;
#10440=PLANE('',#10439) ;
#10464=PLANE('',#10463) ;
#10488=PLANE('',#10487) ;
#10512=PLANE('',#10511) ;
#10536=PLANE('',#10535) ;
#10560=PLANE('',#10559) ;
#10584=PLANE('',#10583) ;
#10608=PLANE('',#10607) ;
#10632=PLANE('',#10631) ;
#10656=PLANE('',#10655) ;
#10680=PLANE('',#10679) ;
#10704=PLANE('',#10703) ;
#10728=PLANE('',#10727) ;
#10752=PLANE('',#10751) ;
#10776=PLANE('',#10775) ;
#10800=PLANE('',#10799) ;
#10824=PLANE('',#10823) ;
#10848=PLANE('',#10847) ;
#10872=PLANE('',#10871) ;
#10896=PLANE('',#10895) ;
#10920=PLANE('',#10919) ;
#10944=PLANE('',#10943) ;
#10968=PLANE('',#10967) ;
#10992=PLANE('',#10991) ;
#11016=PLANE('',#11015) ;
#11040=PLANE('',#11039) ;
#11064=PLANE('',#11063) ;
#11088=PLANE('',#11087) ;
#11112=PLANE('',#11111) ;
#11136=PLANE('',#11135) ;
#11160=PLANE('',#11159) ;
#11184=PLANE('',#11183) ;
#11208=PLANE('',#11207) ;
#11232=PLANE('',#11231) ;
#11256=PLANE('',#11255) ;
#11280=PLANE('',#11279) ;
#11304=PLANE('',#11303) ;
#11328=PLANE('',#11327) ;
#11352=PLANE('',#11351) ;
#11376=PLANE('',#11375) ;
#11400=PLANE('',#11399) ;
#11424=PLANE('',#11423) ;
#11448=PLANE('',#11447) ;
#11472=PLANE('',#11471) ;
#11496=PLANE('',#11495) ;
#11520=PLANE('',#11519) ;
#11544=PLANE('',#11543) ;
#11568=PLANE('',#11567) ;
#11592=PLANE('',#11591) ;
#11616=PLANE('',#11615) ;
#11640=PLANE('',#11639) ;
#11664=PLANE('',#11663) ;
#11688=PLANE('',#11687) ;
#11712=PLANE('',#11711) ;
#11736=PLANE('',#11735) ;
#11760=PLANE('',#11759) ;
#11784=PLANE('',#11783) ;
#11808=PLANE('',#11807) ;
#11832=PLANE('',#11831) ;
#11856=PLANE('',#11855) ;
#11880=PLANE('',#11879) ;
#11904=PLANE('',#11903) ;
#11928=PLANE('',#11927) ;
#11952=PLANE('',#11951) ;
#11976=PLANE('',#11975) ;
#12000=PLANE('',#11999) ;
#12024=PLANE('',#12023) ;
#12048=PLANE('',#12047) ;
#12072=PLANE('',#12071) ;
#12096=PLANE('',#12095) ;
#12120=PLANE('',#12119) ;
#12144=PLANE('',#12143) ;
#12168=PLANE('',#12167) ;
#12192=PLANE('',#12191) ;
#12216=PLANE('',#12215) ;
#12240=PLANE('',#12239) ;
#12264=PLANE('',#12263) ;
#12288=PLANE('',#12287) ;
#12312=PLANE('',#12311) ;
#12336=PLANE('',#12335) ;
#12360=PLANE('',#12359) ;
#12384=PLANE('',#12383) ;
#12408=PLANE('',#12407) ;
#12432=PLANE('',#12431) ;
#12456=PLANE('',#12455) ;
#12480=PLANE('',#12479) ;
#12504=PLANE('',#12503) ;
#12528=PLANE('',#12527) ;
#12552=PLANE('',#12551) ;
#12576=PLANE('',#12575) ;
#12600=PLANE('',#12599) ;
#12624=PLANE('',#12623) ;
#12648=PLANE('',#12647) ;
#12672=PLANE('',#12671) ;
#12696=PLANE('',#12695) ;
#12720=PLANE('',#12719) ;
#12744=PLANE('',#12743) ;
#12768=PLANE('',#12767) ;
#12792=PLANE('',#12791) ;
#12816=PLANE('',#12815) ;
#12840=PLANE('',#12839) ;
#12864=PLANE('',#12863) ;
#12888=PLANE('',#12887) ;
#12912=PLANE('',#12911) ;
#12936=PLANE('',#12935) ;
#12997=PLANE('',#12996) ;
#13026=PLANE('',#13025) ;
#13050=PLANE('',#13049) ;
#13074=PLANE('',#13073) ;
#13279=PLANE('',#13278) ;
#13308=PLANE('',#13307) ;
#13332=PLANE('',#13331) ;
#13356=PLANE('',#13355) ;
#13380=PLANE('',#13379) ;
#13404=PLANE('',#13403) ;
#13428=PLANE('',#13427) ;
#13452=PLANE('',#13451) ;
#13476=PLANE('',#13475) ;
#13500=PLANE('',#13499) ;
#13524=PLANE('',#13523) ;
#13548=PLANE('',#13547) ;
#13572=PLANE('',#13571) ;
#13596=PLANE('',#13595) ;
#13620=PLANE('',#13619) ;
#13644=PLANE('',#13643) ;
#13668=PLANE('',#13667) ;
#13692=PLANE('',#13691) ;
#13716=PLANE('',#13715) ;
#13740=PLANE('',#13739) ;
#13764=PLANE('',#13763) ;
#13788=PLANE('',#13787) ;
#13993=PLANE('',#13992) ;
#14022=PLANE('',#14021) ;
#14046=PLANE('',#14045) ;
#14070=PLANE('',#14069) ;
#14094=PLANE('',#14093) ;
#14118=PLANE('',#14117) ;
#14142=PLANE('',#14141) ;
#14166=PLANE('',#14165) ;
#14190=PLANE('',#14189) ;
#14214=PLANE('',#14213) ;
#14238=PLANE('',#14237) ;
#14262=PLANE('',#14261) ;
#14286=PLANE('',#14285) ;
#14310=PLANE('',#14309) ;
#14334=PLANE('',#14333) ;
#14358=PLANE('',#14357) ;
#14382=PLANE('',#14381) ;
#14406=PLANE('',#14405) ;
#14430=PLANE('',#14429) ;
#14454=PLANE('',#14453) ;
#14478=PLANE('',#14477) ;
#14502=PLANE('',#14501) ;
#14803=PLANE('',#14802) ;
#14832=PLANE('',#14831) ;
#14856=PLANE('',#14855) ;
#14880=PLANE('',#14879) ;
#14904=PLANE('',#14903) ;
#14928=PLANE('',#14927) ;
#14952=PLANE('',#14951) ;
#14976=PLANE('',#14975) ;
#15000=PLANE('',#14999) ;
#15024=PLANE('',#15023) ;
#15048=PLANE('',#15047) ;
#15072=PLANE('',#15071) ;
#15096=PLANE('',#15095) ;
#15120=PLANE('',#15119) ;
#15144=PLANE('',#15143) ;
#15168=PLANE('',#15167) ;
#15192=PLANE('',#15191) ;
#15216=PLANE('',#15215) ;
#15240=PLANE('',#15239) ;
#15264=PLANE('',#15263) ;
#15288=PLANE('',#15287) ;
#15312=PLANE('',#15311) ;
#15336=PLANE('',#15335) ;
#15360=PLANE('',#15359) ;
#15384=PLANE('',#15383) ;
#15408=PLANE('',#15407) ;
#15432=PLANE('',#15431) ;
#15456=PLANE('',#15455) ;
#15480=PLANE('',#15479) ;
#15504=PLANE('',#15503) ;
#15528=PLANE('',#15527) ;
#15552=PLANE('',#15551) ;
#15576=PLANE('',#15575) ;
#15600=PLANE('',#15599) ;
#15709=PLANE('',#15708) ;
#15738=PLANE('',#15737) ;
#15781=PLANE('',#15780) ;
#15824=PLANE('',#15823) ;
#15867=PLANE('',#15866) ;
#15910=PLANE('',#15909) ;
#14=PLANE_ANGLE_MEASURE_WITH_UNIT(PLANE_ANGLE_MEASURE(0.0174532925199),#13) ;
#9=PRODUCT_CATEGORY_RELATIONSHIP(' ',' ',#7,#8) ;
#6=PRODUCT_DEFINITION_FORMATION_WITH_SPECIFIED_SOURCE('-',' ',#5,.NOT_KNOWN.) ;
#24=SHAPE_DEFINITION_REPRESENTATION(#11,#23) ;
#45=VERTEX_POINT('',#44) ;
#47=VERTEX_POINT('',#46) ;
#54=VERTEX_POINT('',#53) ;
#61=VERTEX_POINT('',#60) ;
#102=VERTEX_POINT('',#101) ;
#104=VERTEX_POINT('',#103) ;
#111=VERTEX_POINT('',#110) ;
#118=VERTEX_POINT('',#117) ;
#159=VERTEX_POINT('',#158) ;
#161=VERTEX_POINT('',#160) ;
#168=VERTEX_POINT('',#167) ;
#175=VERTEX_POINT('',#174) ;
#216=VERTEX_POINT('',#215) ;
#223=VERTEX_POINT('',#222) ;
#259=VERTEX_POINT('',#258) ;
#266=VERTEX_POINT('',#265) ;
#273=VERTEX_POINT('',#272) ;
#293=VERTEX_POINT('',#292) ;
#318=VERTEX_POINT('',#317) ;
#325=VERTEX_POINT('',#324) ;
#350=VERTEX_POINT('',#349) ;
#352=VERTEX_POINT('',#351) ;
#359=VERTEX_POINT('',#358) ;
#366=VERTEX_POINT('',#365) ;
#407=VERTEX_POINT('',#406) ;
#409=VERTEX_POINT('',#408) ;
#462=VERTEX_POINT('',#461) ;
#469=VERTEX_POINT('',#468) ;
#517=VERTEX_POINT('',#516) ;
#519=VERTEX_POINT('',#518) ;
#535=VERTEX_POINT('',#534) ;
#537=VERTEX_POINT('',#536) ;
#553=VERTEX_POINT('',#552) ;
#555=VERTEX_POINT('',#554) ;
#571=VERTEX_POINT('',#570) ;
#573=VERTEX_POINT('',#572) ;
#589=VERTEX_POINT('',#588) ;
#591=VERTEX_POINT('',#590) ;
#607=VERTEX_POINT('',#606) ;
#609=VERTEX_POINT('',#608) ;
#625=VERTEX_POINT('',#624) ;
#627=VERTEX_POINT('',#626) ;
#643=VERTEX_POINT('',#642) ;
#645=VERTEX_POINT('',#644) ;
#661=VERTEX_POINT('',#660) ;
#663=VERTEX_POINT('',#662) ;
#679=VERTEX_POINT('',#678) ;
#681=VERTEX_POINT('',#680) ;
#697=VERTEX_POINT('',#696) ;
#699=VERTEX_POINT('',#698) ;
#715=VERTEX_POINT('',#714) ;
#717=VERTEX_POINT('',#716) ;
#733=VERTEX_POINT('',#732) ;
#735=VERTEX_POINT('',#734) ;
#751=VERTEX_POINT('',#750) ;
#753=VERTEX_POINT('',#752) ;
#769=VERTEX_POINT('',#768) ;
#771=VERTEX_POINT('',#770) ;
#787=VERTEX_POINT('',#786) ;
#789=VERTEX_POINT('',#788) ;
#805=VERTEX_POINT('',#804) ;
#807=VERTEX_POINT('',#806) ;
#823=VERTEX_POINT('',#822) ;
#825=VERTEX_POINT('',#824) ;
#841=VERTEX_POINT('',#840) ;
#843=VERTEX_POINT('',#842) ;
#865=VERTEX_POINT('',#864) ;
#872=VERTEX_POINT('',#871) ;
#908=VERTEX_POINT('',#907) ;
#915=VERTEX_POINT('',#914) ;
#951=VERTEX_POINT('',#950) ;
#958=VERTEX_POINT('',#957) ;
#994=VERTEX_POINT('',#993) ;
#1001=VERTEX_POINT('',#1000) ;
#1037=VERTEX_POINT('',#1036) ;
#1044=VERTEX_POINT('',#1043) ;
#1080=VERTEX_POINT('',#1079) ;
#1087=VERTEX_POINT('',#1086) ;
#1123=VERTEX_POINT('',#1122) ;
#1130=VERTEX_POINT('',#1129) ;
#1166=VERTEX_POINT('',#1165) ;
#1173=VERTEX_POINT('',#1172) ;
#1209=VERTEX_POINT('',#1208) ;
#1216=VERTEX_POINT('',#1215) ;
#1252=VERTEX_POINT('',#1251) ;
#1259=VERTEX_POINT('',#1258) ;
#1295=VERTEX_POINT('',#1294) ;
#1302=VERTEX_POINT('',#1301) ;
#1338=VERTEX_POINT('',#1337) ;
#1345=VERTEX_POINT('',#1344) ;
#1381=VERTEX_POINT('',#1380) ;
#1388=VERTEX_POINT('',#1387) ;
#1424=VERTEX_POINT('',#1423) ;
#1431=VERTEX_POINT('',#1430) ;
#1467=VERTEX_POINT('',#1466) ;
#1474=VERTEX_POINT('',#1473) ;
#1510=VERTEX_POINT('',#1509) ;
#1517=VERTEX_POINT('',#1516) ;
#1553=VERTEX_POINT('',#1552) ;
#1560=VERTEX_POINT('',#1559) ;
#1596=VERTEX_POINT('',#1595) ;
#1603=VERTEX_POINT('',#1602) ;
#1639=VERTEX_POINT('',#1638) ;
#1646=VERTEX_POINT('',#1645) ;
#1770=VERTEX_POINT('',#1769) ;
#1772=VERTEX_POINT('',#1771) ;
#1789=VERTEX_POINT('',#1788) ;
#1791=VERTEX_POINT('',#1790) ;
#1807=VERTEX_POINT('',#1806) ;
#1809=VERTEX_POINT('',#1808) ;
#1816=VERTEX_POINT('',#1815) ;
#1823=VERTEX_POINT('',#1822) ;
#1830=VERTEX_POINT('',#1829) ;
#1837=VERTEX_POINT('',#1836) ;
#1844=VERTEX_POINT('',#1843) ;
#1851=VERTEX_POINT('',#1850) ;
#1858=VERTEX_POINT('',#1857) ;
#1865=VERTEX_POINT('',#1864) ;
#1872=VERTEX_POINT('',#1871) ;
#1879=VERTEX_POINT('',#1878) ;
#1886=VERTEX_POINT('',#1885) ;
#1893=VERTEX_POINT('',#1892) ;
#1900=VERTEX_POINT('',#1899) ;
#1907=VERTEX_POINT('',#1906) ;
#1914=VERTEX_POINT('',#1913) ;
#1921=VERTEX_POINT('',#1920) ;
#1928=VERTEX_POINT('',#1927) ;
#1935=VERTEX_POINT('',#1934) ;
#1942=VERTEX_POINT('',#1941) ;
#1949=VERTEX_POINT('',#1948) ;
#1956=VERTEX_POINT('',#1955) ;
#1963=VERTEX_POINT('',#1962) ;
#1970=VERTEX_POINT('',#1969) ;
#1977=VERTEX_POINT('',#1976) ;
#1984=VERTEX_POINT('',#1983) ;
#1991=VERTEX_POINT('',#1990) ;
#1998=VERTEX_POINT('',#1997) ;
#2005=VERTEX_POINT('',#2004) ;
#2012=VERTEX_POINT('',#2011) ;
#2019=VERTEX_POINT('',#2018) ;
#2026=VERTEX_POINT('',#2025) ;
#2033=VERTEX_POINT('',#2032) ;
#2040=VERTEX_POINT('',#2039) ;
#2047=VERTEX_POINT('',#2046) ;
#2054=VERTEX_POINT('',#2053) ;
#2061=VERTEX_POINT('',#2060) ;
#2068=VERTEX_POINT('',#2067) ;
#2075=VERTEX_POINT('',#2074) ;
#2082=VERTEX_POINT('',#2081) ;
#2089=VERTEX_POINT('',#2088) ;
#2096=VERTEX_POINT('',#2095) ;
#2103=VERTEX_POINT('',#2102) ;
#2110=VERTEX_POINT('',#2109) ;
#2117=VERTEX_POINT('',#2116) ;
#2124=VERTEX_POINT('',#2123) ;
#2131=VERTEX_POINT('',#2130) ;
#2138=VERTEX_POINT('',#2137) ;
#2145=VERTEX_POINT('',#2144) ;
#2152=VERTEX_POINT('',#2151) ;
#2159=VERTEX_POINT('',#2158) ;
#2166=VERTEX_POINT('',#2165) ;
#2173=VERTEX_POINT('',#2172) ;
#2180=VERTEX_POINT('',#2179) ;
#2187=VERTEX_POINT('',#2186) ;
#2194=VERTEX_POINT('',#2193) ;
#2201=VERTEX_POINT('',#2200) ;
#2208=VERTEX_POINT('',#2207) ;
#2215=VERTEX_POINT('',#2214) ;
#2222=VERTEX_POINT('',#2221) ;
#2229=VERTEX_POINT('',#2228) ;
#2236=VERTEX_POINT('',#2235) ;
#2243=VERTEX_POINT('',#2242) ;
#2250=VERTEX_POINT('',#2249) ;
#2257=VERTEX_POINT('',#2256) ;
#2264=VERTEX_POINT('',#2263) ;
#2271=VERTEX_POINT('',#2270) ;
#2278=VERTEX_POINT('',#2277) ;
#2285=VERTEX_POINT('',#2284) ;
#2292=VERTEX_POINT('',#2291) ;
#2299=VERTEX_POINT('',#2298) ;
#2306=VERTEX_POINT('',#2305) ;
#2313=VERTEX_POINT('',#2312) ;
#2320=VERTEX_POINT('',#2319) ;
#2327=VERTEX_POINT('',#2326) ;
#2334=VERTEX_POINT('',#2333) ;
#2341=VERTEX_POINT('',#2340) ;
#2348=VERTEX_POINT('',#2347) ;
#2355=VERTEX_POINT('',#2354) ;
#2362=VERTEX_POINT('',#2361) ;
#2369=VERTEX_POINT('',#2368) ;
#2376=VERTEX_POINT('',#2375) ;
#2383=VERTEX_POINT('',#2382) ;
#2390=VERTEX_POINT('',#2389) ;
#2397=VERTEX_POINT('',#2396) ;
#2404=VERTEX_POINT('',#2403) ;
#2411=VERTEX_POINT('',#2410) ;
#2418=VERTEX_POINT('',#2417) ;
#2425=VERTEX_POINT('',#2424) ;
#2432=VERTEX_POINT('',#2431) ;
#2439=VERTEX_POINT('',#2438) ;
#2446=VERTEX_POINT('',#2445) ;
#2453=VERTEX_POINT('',#2452) ;
#2460=VERTEX_POINT('',#2459) ;
#2467=VERTEX_POINT('',#2466) ;
#2474=VERTEX_POINT('',#2473) ;
#2481=VERTEX_POINT('',#2480) ;
#2488=VERTEX_POINT('',#2487) ;
#2495=VERTEX_POINT('',#2494) ;
#2502=VERTEX_POINT('',#2501) ;
#2509=VERTEX_POINT('',#2508) ;
#2516=VERTEX_POINT('',#2515) ;
#2523=VERTEX_POINT('',#2522) ;
#2530=VERTEX_POINT('',#2529) ;
#2537=VERTEX_POINT('',#2536) ;
#2544=VERTEX_POINT('',#2543) ;
#2551=VERTEX_POINT('',#2550) ;
#2558=VERTEX_POINT('',#2557) ;
#2565=VERTEX_POINT('',#2564) ;
#2572=VERTEX_POINT('',#2571) ;
#2579=VERTEX_POINT('',#2578) ;
#2586=VERTEX_POINT('',#2585) ;
#2593=VERTEX_POINT('',#2592) ;
#2600=VERTEX_POINT('',#2599) ;
#2607=VERTEX_POINT('',#2606) ;
#2614=VERTEX_POINT('',#2613) ;
#2621=VERTEX_POINT('',#2620) ;
#2753=VERTEX_POINT('',#2752) ;
#2755=VERTEX_POINT('',#2754) ;
#2762=VERTEX_POINT('',#2761) ;
#2769=VERTEX_POINT('',#2768) ;
#2776=VERTEX_POINT('',#2775) ;
#2783=VERTEX_POINT('',#2782) ;
#2790=VERTEX_POINT('',#2789) ;
#2797=VERTEX_POINT('',#2796) ;
#2804=VERTEX_POINT('',#2803) ;
#2811=VERTEX_POINT('',#2810) ;
#2818=VERTEX_POINT('',#2817) ;
#2825=VERTEX_POINT('',#2824) ;
#2832=VERTEX_POINT('',#2831) ;
#2839=VERTEX_POINT('',#2838) ;
#2846=VERTEX_POINT('',#2845) ;
#2853=VERTEX_POINT('',#2852) ;
#2860=VERTEX_POINT('',#2859) ;
#2867=VERTEX_POINT('',#2866) ;
#2874=VERTEX_POINT('',#2873) ;
#2881=VERTEX_POINT('',#2880) ;
#2888=VERTEX_POINT('',#2887) ;
#2895=VERTEX_POINT('',#2894) ;
#2931=VERTEX_POINT('',#2930) ;
#2933=VERTEX_POINT('',#2932) ;
#2940=VERTEX_POINT('',#2939) ;
#2947=VERTEX_POINT('',#2946) ;
#2954=VERTEX_POINT('',#2953) ;
#2961=VERTEX_POINT('',#2960) ;
#2968=VERTEX_POINT('',#2967) ;
#2975=VERTEX_POINT('',#2974) ;
#2982=VERTEX_POINT('',#2981) ;
#2989=VERTEX_POINT('',#2988) ;
#2996=VERTEX_POINT('',#2995) ;
#3003=VERTEX_POINT('',#3002) ;
#3010=VERTEX_POINT('',#3009) ;
#3017=VERTEX_POINT('',#3016) ;
#3024=VERTEX_POINT('',#3023) ;
#3031=VERTEX_POINT('',#3030) ;
#3038=VERTEX_POINT('',#3037) ;
#3045=VERTEX_POINT('',#3044) ;
#3052=VERTEX_POINT('',#3051) ;
#3059=VERTEX_POINT('',#3058) ;
#3066=VERTEX_POINT('',#3065) ;
#3073=VERTEX_POINT('',#3072) ;
#3080=VERTEX_POINT('',#3079) ;
#3087=VERTEX_POINT('',#3086) ;
#3094=VERTEX_POINT('',#3093) ;
#3101=VERTEX_POINT('',#3100) ;
#3108=VERTEX_POINT('',#3107) ;
#3115=VERTEX_POINT('',#3114) ;
#3122=VERTEX_POINT('',#3121) ;
#3129=VERTEX_POINT('',#3128) ;
#3136=VERTEX_POINT('',#3135) ;
#3143=VERTEX_POINT('',#3142) ;
#3150=VERTEX_POINT('',#3149) ;
#3157=VERTEX_POINT('',#3156) ;
#3205=VERTEX_POINT('',#3204) ;
#3207=VERTEX_POINT('',#3206) ;
#3214=VERTEX_POINT('',#3213) ;
#3221=VERTEX_POINT('',#3220) ;
#3228=VERTEX_POINT('',#3227) ;
#3235=VERTEX_POINT('',#3234) ;
#3242=VERTEX_POINT('',#3241) ;
#3249=VERTEX_POINT('',#3248) ;
#3256=VERTEX_POINT('',#3255) ;
#3263=VERTEX_POINT('',#3262) ;
#3270=VERTEX_POINT('',#3269) ;
#3277=VERTEX_POINT('',#3276) ;
#3284=VERTEX_POINT('',#3283) ;
#3291=VERTEX_POINT('',#3290) ;
#3298=VERTEX_POINT('',#3297) ;
#3305=VERTEX_POINT('',#3304) ;
#3312=VERTEX_POINT('',#3311) ;
#3319=VERTEX_POINT('',#3318) ;
#3326=VERTEX_POINT('',#3325) ;
#3333=VERTEX_POINT('',#3332) ;
#3340=VERTEX_POINT('',#3339) ;
#3347=VERTEX_POINT('',#3346) ;
#3354=VERTEX_POINT('',#3353) ;
#3361=VERTEX_POINT('',#3360) ;
#3368=VERTEX_POINT('',#3367) ;
#3375=VERTEX_POINT('',#3374) ;
#3382=VERTEX_POINT('',#3381) ;
#3389=VERTEX_POINT('',#3388) ;
#3396=VERTEX_POINT('',#3395) ;
#3403=VERTEX_POINT('',#3402) ;
#3410=VERTEX_POINT('',#3409) ;
#3417=VERTEX_POINT('',#3416) ;
#3424=VERTEX_POINT('',#3423) ;
#3431=VERTEX_POINT('',#3430) ;
#3438=VERTEX_POINT('',#3437) ;
#3445=VERTEX_POINT('',#3444) ;
#3452=VERTEX_POINT('',#3451) ;
#3459=VERTEX_POINT('',#3458) ;
#3466=VERTEX_POINT('',#3465) ;
#3473=VERTEX_POINT('',#3472) ;
#3480=VERTEX_POINT('',#3479) ;
#3487=VERTEX_POINT('',#3486) ;
#3494=VERTEX_POINT('',#3493) ;
#3501=VERTEX_POINT('',#3500) ;
#3508=VERTEX_POINT('',#3507) ;
#3515=VERTEX_POINT('',#3514) ;
#3522=VERTEX_POINT('',#3521) ;
#3529=VERTEX_POINT('',#3528) ;
#3536=VERTEX_POINT('',#3535) ;
#3543=VERTEX_POINT('',#3542) ;
#3550=VERTEX_POINT('',#3549) ;
#3557=VERTEX_POINT('',#3556) ;
#3564=VERTEX_POINT('',#3563) ;
#3571=VERTEX_POINT('',#3570) ;
#3578=VERTEX_POINT('',#3577) ;
#3585=VERTEX_POINT('',#3584) ;
#3592=VERTEX_POINT('',#3591) ;
#3599=VERTEX_POINT('',#3598) ;
#3606=VERTEX_POINT('',#3605) ;
#3613=VERTEX_POINT('',#3612) ;
#3620=VERTEX_POINT('',#3619) ;
#3627=VERTEX_POINT('',#3626) ;
#3634=VERTEX_POINT('',#3633) ;
#3641=VERTEX_POINT('',#3640) ;
#3648=VERTEX_POINT('',#3647) ;
#3655=VERTEX_POINT('',#3654) ;
#3662=VERTEX_POINT('',#3661) ;
#3669=VERTEX_POINT('',#3668) ;
#3676=VERTEX_POINT('',#3675) ;
#3683=VERTEX_POINT('',#3682) ;
#3690=VERTEX_POINT('',#3689) ;
#3697=VERTEX_POINT('',#3696) ;
#3704=VERTEX_POINT('',#3703) ;
#3711=VERTEX_POINT('',#3710) ;
#3718=VERTEX_POINT('',#3717) ;
#3725=VERTEX_POINT('',#3724) ;
#3732=VERTEX_POINT('',#3731) ;
#3739=VERTEX_POINT('',#3738) ;
#3746=VERTEX_POINT('',#3745) ;
#3753=VERTEX_POINT('',#3752) ;
#3760=VERTEX_POINT('',#3759) ;
#3767=VERTEX_POINT('',#3766) ;
#3774=VERTEX_POINT('',#3773) ;
#3781=VERTEX_POINT('',#3780) ;
#3788=VERTEX_POINT('',#3787) ;
#3795=VERTEX_POINT('',#3794) ;
#3802=VERTEX_POINT('',#3801) ;
#3809=VERTEX_POINT('',#3808) ;
#3816=VERTEX_POINT('',#3815) ;
#3823=VERTEX_POINT('',#3822) ;
#3830=VERTEX_POINT('',#3829) ;
#3837=VERTEX_POINT('',#3836) ;
#3844=VERTEX_POINT('',#3843) ;
#3851=VERTEX_POINT('',#3850) ;
#3858=VERTEX_POINT('',#3857) ;
#3865=VERTEX_POINT('',#3864) ;
#3872=VERTEX_POINT('',#3871) ;
#3879=VERTEX_POINT('',#3878) ;
#3886=VERTEX_POINT('',#3885) ;
#3893=VERTEX_POINT('',#3892) ;
#3900=VERTEX_POINT('',#3899) ;
#3907=VERTEX_POINT('',#3906) ;
#3914=VERTEX_POINT('',#3913) ;
#3921=VERTEX_POINT('',#3920) ;
#3928=VERTEX_POINT('',#3927) ;
#3935=VERTEX_POINT('',#3934) ;
#3942=VERTEX_POINT('',#3941) ;
#3949=VERTEX_POINT('',#3948) ;
#3956=VERTEX_POINT('',#3955) ;
#3963=VERTEX_POINT('',#3962) ;
#3970=VERTEX_POINT('',#3969) ;
#3977=VERTEX_POINT('',#3976) ;
#3984=VERTEX_POINT('',#3983) ;
#3991=VERTEX_POINT('',#3990) ;
#3998=VERTEX_POINT('',#3997) ;
#4005=VERTEX_POINT('',#4004) ;
#4012=VERTEX_POINT('',#4011) ;
#4019=VERTEX_POINT('',#4018) ;
#4026=VERTEX_POINT('',#4025) ;
#4033=VERTEX_POINT('',#4032) ;
#4040=VERTEX_POINT('',#4039) ;
#4047=VERTEX_POINT('',#4046) ;
#4054=VERTEX_POINT('',#4053) ;
#4061=VERTEX_POINT('',#4060) ;
#4068=VERTEX_POINT('',#4067) ;
#4075=VERTEX_POINT('',#4074) ;
#4082=VERTEX_POINT('',#4081) ;
#4089=VERTEX_POINT('',#4088) ;
#4096=VERTEX_POINT('',#4095) ;
#4103=VERTEX_POINT('',#4102) ;
#4110=VERTEX_POINT('',#4109) ;
#4117=VERTEX_POINT('',#4116) ;
#4124=VERTEX_POINT('',#4123) ;
#4131=VERTEX_POINT('',#4130) ;
#4138=VERTEX_POINT('',#4137) ;
#4145=VERTEX_POINT('',#4144) ;
#4152=VERTEX_POINT('',#4151) ;
#4159=VERTEX_POINT('',#4158) ;
#4311=VERTEX_POINT('',#4310) ;
#4313=VERTEX_POINT('',#4312) ;
#4320=VERTEX_POINT('',#4319) ;
#4327=VERTEX_POINT('',#4326) ;
#4334=VERTEX_POINT('',#4333) ;
#4341=VERTEX_POINT('',#4340) ;
#4348=VERTEX_POINT('',#4347) ;
#4355=VERTEX_POINT('',#4354) ;
#4362=VERTEX_POINT('',#4361) ;
#4369=VERTEX_POINT('',#4368) ;
#4376=VERTEX_POINT('',#4375) ;
#4383=VERTEX_POINT('',#4382) ;
#4390=VERTEX_POINT('',#4389) ;
#4397=VERTEX_POINT('',#4396) ;
#4404=VERTEX_POINT('',#4403) ;
#4411=VERTEX_POINT('',#4410) ;
#4418=VERTEX_POINT('',#4417) ;
#4425=VERTEX_POINT('',#4424) ;
#4432=VERTEX_POINT('',#4431) ;
#4439=VERTEX_POINT('',#4438) ;
#4446=VERTEX_POINT('',#4445) ;
#4453=VERTEX_POINT('',#4452) ;
#4489=VERTEX_POINT('',#4488) ;
#4491=VERTEX_POINT('',#4490) ;
#4498=VERTEX_POINT('',#4497) ;
#4505=VERTEX_POINT('',#4504) ;
#4523=VERTEX_POINT('',#4522) ;
#4525=VERTEX_POINT('',#4524) ;
#4532=VERTEX_POINT('',#4531) ;
#4539=VERTEX_POINT('',#4538) ;
#4546=VERTEX_POINT('',#4545) ;
#4553=VERTEX_POINT('',#4552) ;
#4560=VERTEX_POINT('',#4559) ;
#4567=VERTEX_POINT('',#4566) ;
#4574=VERTEX_POINT('',#4573) ;
#4581=VERTEX_POINT('',#4580) ;
#4606=VERTEX_POINT('',#4605) ;
#4608=VERTEX_POINT('',#4607) ;
#4625=VERTEX_POINT('',#4624) ;
#4627=VERTEX_POINT('',#4626) ;
#4644=VERTEX_POINT('',#4643) ;
#4646=VERTEX_POINT('',#4645) ;
#4663=VERTEX_POINT('',#4662) ;
#4665=VERTEX_POINT('',#4664) ;
#4682=VERTEX_POINT('',#4681) ;
#4684=VERTEX_POINT('',#4683) ;
#4701=VERTEX_POINT('',#4700) ;
#4703=VERTEX_POINT('',#4702) ;
#4720=VERTEX_POINT('',#4719) ;
#4722=VERTEX_POINT('',#4721) ;
#4739=VERTEX_POINT('',#4738) ;
#4741=VERTEX_POINT('',#4740) ;
#4763=VERTEX_POINT('',#4762) ;
#4765=VERTEX_POINT('',#4764) ;
#4772=VERTEX_POINT('',#4771) ;
#4779=VERTEX_POINT('',#4778) ;
#4786=VERTEX_POINT('',#4785) ;
#4793=VERTEX_POINT('',#4792) ;
#4800=VERTEX_POINT('',#4799) ;
#4807=VERTEX_POINT('',#4806) ;
#4814=VERTEX_POINT('',#4813) ;
#4821=VERTEX_POINT('',#4820) ;
#4828=VERTEX_POINT('',#4827) ;
#4835=VERTEX_POINT('',#4834) ;
#4842=VERTEX_POINT('',#4841) ;
#4849=VERTEX_POINT('',#4848) ;
#4856=VERTEX_POINT('',#4855) ;
#4863=VERTEX_POINT('',#4862) ;
#4870=VERTEX_POINT('',#4869) ;
#4877=VERTEX_POINT('',#4876) ;
#4884=VERTEX_POINT('',#4883) ;
#4891=VERTEX_POINT('',#4890) ;
#4898=VERTEX_POINT('',#4897) ;
#4905=VERTEX_POINT('',#4904) ;
#4912=VERTEX_POINT('',#4911) ;
#4919=VERTEX_POINT('',#4918) ;
#4926=VERTEX_POINT('',#4925) ;
#4933=VERTEX_POINT('',#4932) ;
#4940=VERTEX_POINT('',#4939) ;
#4947=VERTEX_POINT('',#4946) ;
#4954=VERTEX_POINT('',#4953) ;
#4961=VERTEX_POINT('',#4960) ;
#4968=VERTEX_POINT('',#4967) ;
#4975=VERTEX_POINT('',#4974) ;
#4982=VERTEX_POINT('',#4981) ;
#4989=VERTEX_POINT('',#4988) ;
#4996=VERTEX_POINT('',#4995) ;
#5003=VERTEX_POINT('',#5002) ;
#5010=VERTEX_POINT('',#5009) ;
#5017=VERTEX_POINT('',#5016) ;
#5024=VERTEX_POINT('',#5023) ;
#5031=VERTEX_POINT('',#5030) ;
#5038=VERTEX_POINT('',#5037) ;
#5045=VERTEX_POINT('',#5044) ;
#5052=VERTEX_POINT('',#5051) ;
#5059=VERTEX_POINT('',#5058) ;
#5066=VERTEX_POINT('',#5065) ;
#5073=VERTEX_POINT('',#5072) ;
#5080=VERTEX_POINT('',#5079) ;
#5087=VERTEX_POINT('',#5086) ;
#5094=VERTEX_POINT('',#5093) ;
#5101=VERTEX_POINT('',#5100) ;
#5108=VERTEX_POINT('',#5107) ;
#5115=VERTEX_POINT('',#5114) ;
#5122=VERTEX_POINT('',#5121) ;
#5129=VERTEX_POINT('',#5128) ;
#5136=VERTEX_POINT('',#5135) ;
#5143=VERTEX_POINT('',#5142) ;
#5150=VERTEX_POINT('',#5149) ;
#5157=VERTEX_POINT('',#5156) ;
#5164=VERTEX_POINT('',#5163) ;
#5171=VERTEX_POINT('',#5170) ;
#5178=VERTEX_POINT('',#5177) ;
#5185=VERTEX_POINT('',#5184) ;
#5192=VERTEX_POINT('',#5191) ;
#5199=VERTEX_POINT('',#5198) ;
#5206=VERTEX_POINT('',#5205) ;
#5213=VERTEX_POINT('',#5212) ;
#5220=VERTEX_POINT('',#5219) ;
#5227=VERTEX_POINT('',#5226) ;
#5234=VERTEX_POINT('',#5233) ;
#5241=VERTEX_POINT('',#5240) ;
#5248=VERTEX_POINT('',#5247) ;
#5255=VERTEX_POINT('',#5254) ;
#5262=VERTEX_POINT('',#5261) ;
#5269=VERTEX_POINT('',#5268) ;
#5276=VERTEX_POINT('',#5275) ;
#5283=VERTEX_POINT('',#5282) ;
#5290=VERTEX_POINT('',#5289) ;
#5297=VERTEX_POINT('',#5296) ;
#5304=VERTEX_POINT('',#5303) ;
#5311=VERTEX_POINT('',#5310) ;
#5318=VERTEX_POINT('',#5317) ;
#5325=VERTEX_POINT('',#5324) ;
#5332=VERTEX_POINT('',#5331) ;
#5339=VERTEX_POINT('',#5338) ;
#5346=VERTEX_POINT('',#5345) ;
#5353=VERTEX_POINT('',#5352) ;
#5360=VERTEX_POINT('',#5359) ;
#5367=VERTEX_POINT('',#5366) ;
#5374=VERTEX_POINT('',#5373) ;
#5381=VERTEX_POINT('',#5380) ;
#5388=VERTEX_POINT('',#5387) ;
#5395=VERTEX_POINT('',#5394) ;
#5402=VERTEX_POINT('',#5401) ;
#5409=VERTEX_POINT('',#5408) ;
#5416=VERTEX_POINT('',#5415) ;
#5423=VERTEX_POINT('',#5422) ;
#5430=VERTEX_POINT('',#5429) ;
#5437=VERTEX_POINT('',#5436) ;
#5444=VERTEX_POINT('',#5443) ;
#5451=VERTEX_POINT('',#5450) ;
#5458=VERTEX_POINT('',#5457) ;
#5465=VERTEX_POINT('',#5464) ;
#5472=VERTEX_POINT('',#5471) ;
#5479=VERTEX_POINT('',#5478) ;
#5486=VERTEX_POINT('',#5485) ;
#5493=VERTEX_POINT('',#5492) ;
#5500=VERTEX_POINT('',#5499) ;
#5507=VERTEX_POINT('',#5506) ;
#5514=VERTEX_POINT('',#5513) ;
#5521=VERTEX_POINT('',#5520) ;
#5528=VERTEX_POINT('',#5527) ;
#5535=VERTEX_POINT('',#5534) ;
#5542=VERTEX_POINT('',#5541) ;
#5549=VERTEX_POINT('',#5548) ;
#5556=VERTEX_POINT('',#5555) ;
#5563=VERTEX_POINT('',#5562) ;
#5570=VERTEX_POINT('',#5569) ;
#5577=VERTEX_POINT('',#5576) ;
#5584=VERTEX_POINT('',#5583) ;
#5591=VERTEX_POINT('',#5590) ;
#5598=VERTEX_POINT('',#5597) ;
#5605=VERTEX_POINT('',#5604) ;
#5612=VERTEX_POINT('',#5611) ;
#5619=VERTEX_POINT('',#5618) ;
#5626=VERTEX_POINT('',#5625) ;
#5633=VERTEX_POINT('',#5632) ;
#5640=VERTEX_POINT('',#5639) ;
#5647=VERTEX_POINT('',#5646) ;
#5654=VERTEX_POINT('',#5653) ;
#5661=VERTEX_POINT('',#5660) ;
#5668=VERTEX_POINT('',#5667) ;
#5675=VERTEX_POINT('',#5674) ;
#5682=VERTEX_POINT('',#5681) ;
#5689=VERTEX_POINT('',#5688) ;
#5696=VERTEX_POINT('',#5695) ;
#5703=VERTEX_POINT('',#5702) ;
#5710=VERTEX_POINT('',#5709) ;
#5717=VERTEX_POINT('',#5716) ;
#9170=VERTEX_POINT('',#9169) ;
#9172=VERTEX_POINT('',#9171) ;
#9179=VERTEX_POINT('',#9178) ;
#9186=VERTEX_POINT('',#9185) ;
#9193=VERTEX_POINT('',#9192) ;
#9200=VERTEX_POINT('',#9199) ;
#9207=VERTEX_POINT('',#9206) ;
#9214=VERTEX_POINT('',#9213) ;
#9221=VERTEX_POINT('',#9220) ;
#9228=VERTEX_POINT('',#9227) ;
#9235=VERTEX_POINT('',#9234) ;
#9242=VERTEX_POINT('',#9241) ;
#9249=VERTEX_POINT('',#9248) ;
#9256=VERTEX_POINT('',#9255) ;
#9263=VERTEX_POINT('',#9262) ;
#9270=VERTEX_POINT('',#9269) ;
#9277=VERTEX_POINT('',#9276) ;
#9284=VERTEX_POINT('',#9283) ;
#9291=VERTEX_POINT('',#9290) ;
#9298=VERTEX_POINT('',#9297) ;
#9305=VERTEX_POINT('',#9304) ;
#9312=VERTEX_POINT('',#9311) ;
#9319=VERTEX_POINT('',#9318) ;
#9326=VERTEX_POINT('',#9325) ;
#9333=VERTEX_POINT('',#9332) ;
#9340=VERTEX_POINT('',#9339) ;
#9347=VERTEX_POINT('',#9346) ;
#9354=VERTEX_POINT('',#9353) ;
#9361=VERTEX_POINT('',#9360) ;
#9368=VERTEX_POINT('',#9367) ;
#9375=VERTEX_POINT('',#9374) ;
#9382=VERTEX_POINT('',#9381) ;
#9389=VERTEX_POINT('',#9388) ;
#9396=VERTEX_POINT('',#9395) ;
#9403=VERTEX_POINT('',#9402) ;
#9410=VERTEX_POINT('',#9409) ;
#9417=VERTEX_POINT('',#9416) ;
#9424=VERTEX_POINT('',#9423) ;
#9431=VERTEX_POINT('',#9430) ;
#9438=VERTEX_POINT('',#9437) ;
#9445=VERTEX_POINT('',#9444) ;
#9452=VERTEX_POINT('',#9451) ;
#9459=VERTEX_POINT('',#9458) ;
#9466=VERTEX_POINT('',#9465) ;
#9473=VERTEX_POINT('',#9472) ;
#9480=VERTEX_POINT('',#9479) ;
#9487=VERTEX_POINT('',#9486) ;
#9494=VERTEX_POINT('',#9493) ;
#9501=VERTEX_POINT('',#9500) ;
#9508=VERTEX_POINT('',#9507) ;
#9515=VERTEX_POINT('',#9514) ;
#9522=VERTEX_POINT('',#9521) ;
#9529=VERTEX_POINT('',#9528) ;
#9536=VERTEX_POINT('',#9535) ;
#9543=VERTEX_POINT('',#9542) ;
#9550=VERTEX_POINT('',#9549) ;
#9557=VERTEX_POINT('',#9556) ;
#9564=VERTEX_POINT('',#9563) ;
#9571=VERTEX_POINT('',#9570) ;
#9578=VERTEX_POINT('',#9577) ;
#9585=VERTEX_POINT('',#9584) ;
#9592=VERTEX_POINT('',#9591) ;
#9599=VERTEX_POINT('',#9598) ;
#9606=VERTEX_POINT('',#9605) ;
#9613=VERTEX_POINT('',#9612) ;
#9620=VERTEX_POINT('',#9619) ;
#9627=VERTEX_POINT('',#9626) ;
#9634=VERTEX_POINT('',#9633) ;
#9641=VERTEX_POINT('',#9640) ;
#9648=VERTEX_POINT('',#9647) ;
#9655=VERTEX_POINT('',#9654) ;
#9662=VERTEX_POINT('',#9661) ;
#9669=VERTEX_POINT('',#9668) ;
#9676=VERTEX_POINT('',#9675) ;
#9683=VERTEX_POINT('',#9682) ;
#9690=VERTEX_POINT('',#9689) ;
#9697=VERTEX_POINT('',#9696) ;
#9704=VERTEX_POINT('',#9703) ;
#9711=VERTEX_POINT('',#9710) ;
#9718=VERTEX_POINT('',#9717) ;
#9725=VERTEX_POINT('',#9724) ;
#9732=VERTEX_POINT('',#9731) ;
#9739=VERTEX_POINT('',#9738) ;
#9746=VERTEX_POINT('',#9745) ;
#9753=VERTEX_POINT('',#9752) ;
#9760=VERTEX_POINT('',#9759) ;
#9767=VERTEX_POINT('',#9766) ;
#9774=VERTEX_POINT('',#9773) ;
#9781=VERTEX_POINT('',#9780) ;
#9788=VERTEX_POINT('',#9787) ;
#9795=VERTEX_POINT('',#9794) ;
#9802=VERTEX_POINT('',#9801) ;
#9809=VERTEX_POINT('',#9808) ;
#9816=VERTEX_POINT('',#9815) ;
#9823=VERTEX_POINT('',#9822) ;
#9830=VERTEX_POINT('',#9829) ;
#9837=VERTEX_POINT('',#9836) ;
#9844=VERTEX_POINT('',#9843) ;
#9851=VERTEX_POINT('',#9850) ;
#9858=VERTEX_POINT('',#9857) ;
#9865=VERTEX_POINT('',#9864) ;
#9872=VERTEX_POINT('',#9871) ;
#9879=VERTEX_POINT('',#9878) ;
#9886=VERTEX_POINT('',#9885) ;
#9893=VERTEX_POINT('',#9892) ;
#9900=VERTEX_POINT('',#9899) ;
#9907=VERTEX_POINT('',#9906) ;
#9914=VERTEX_POINT('',#9913) ;
#9921=VERTEX_POINT('',#9920) ;
#9928=VERTEX_POINT('',#9927) ;
#9935=VERTEX_POINT('',#9934) ;
#9942=VERTEX_POINT('',#9941) ;
#9949=VERTEX_POINT('',#9948) ;
#9956=VERTEX_POINT('',#9955) ;
#9963=VERTEX_POINT('',#9962) ;
#9970=VERTEX_POINT('',#9969) ;
#9977=VERTEX_POINT('',#9976) ;
#9984=VERTEX_POINT('',#9983) ;
#12956=VERTEX_POINT('',#12955) ;
#12958=VERTEX_POINT('',#12957) ;
#12965=VERTEX_POINT('',#12964) ;
#12972=VERTEX_POINT('',#12971) ;
#13094=VERTEX_POINT('',#13093) ;
#13096=VERTEX_POINT('',#13095) ;
#13103=VERTEX_POINT('',#13102) ;
#13110=VERTEX_POINT('',#13109) ;
#13117=VERTEX_POINT('',#13116) ;
#13124=VERTEX_POINT('',#13123) ;
#13131=VERTEX_POINT('',#13130) ;
#13138=VERTEX_POINT('',#13137) ;
#13145=VERTEX_POINT('',#13144) ;
#13152=VERTEX_POINT('',#13151) ;
#13159=VERTEX_POINT('',#13158) ;
#13166=VERTEX_POINT('',#13165) ;
#13173=VERTEX_POINT('',#13172) ;
#13180=VERTEX_POINT('',#13179) ;
#13187=VERTEX_POINT('',#13186) ;
#13194=VERTEX_POINT('',#13193) ;
#13201=VERTEX_POINT('',#13200) ;
#13208=VERTEX_POINT('',#13207) ;
#13215=VERTEX_POINT('',#13214) ;
#13222=VERTEX_POINT('',#13221) ;
#13229=VERTEX_POINT('',#13228) ;
#13236=VERTEX_POINT('',#13235) ;
#13808=VERTEX_POINT('',#13807) ;
#13810=VERTEX_POINT('',#13809) ;
#13817=VERTEX_POINT('',#13816) ;
#13824=VERTEX_POINT('',#13823) ;
#13831=VERTEX_POINT('',#13830) ;
#13838=VERTEX_POINT('',#13837) ;
#13845=VERTEX_POINT('',#13844) ;
#13852=VERTEX_POINT('',#13851) ;
#13859=VERTEX_POINT('',#13858) ;
#13866=VERTEX_POINT('',#13865) ;
#13873=VERTEX_POINT('',#13872) ;
#13880=VERTEX_POINT('',#13879) ;
#13887=VERTEX_POINT('',#13886) ;
#13894=VERTEX_POINT('',#13893) ;
#13901=VERTEX_POINT('',#13900) ;
#13908=VERTEX_POINT('',#13907) ;
#13915=VERTEX_POINT('',#13914) ;
#13922=VERTEX_POINT('',#13921) ;
#13929=VERTEX_POINT('',#13928) ;
#13936=VERTEX_POINT('',#13935) ;
#13943=VERTEX_POINT('',#13942) ;
#13950=VERTEX_POINT('',#13949) ;
#14522=VERTEX_POINT('',#14521) ;
#14524=VERTEX_POINT('',#14523) ;
#14531=VERTEX_POINT('',#14530) ;
#14538=VERTEX_POINT('',#14537) ;
#14545=VERTEX_POINT('',#14544) ;
#14552=VERTEX_POINT('',#14551) ;
#14559=VERTEX_POINT('',#14558) ;
#14566=VERTEX_POINT('',#14565) ;
#14573=VERTEX_POINT('',#14572) ;
#14580=VERTEX_POINT('',#14579) ;
#14587=VERTEX_POINT('',#14586) ;
#14594=VERTEX_POINT('',#14593) ;
#14601=VERTEX_POINT('',#14600) ;
#14608=VERTEX_POINT('',#14607) ;
#14615=VERTEX_POINT('',#14614) ;
#14622=VERTEX_POINT('',#14621) ;
#14629=VERTEX_POINT('',#14628) ;
#14636=VERTEX_POINT('',#14635) ;
#14643=VERTEX_POINT('',#14642) ;
#14650=VERTEX_POINT('',#14649) ;
#14657=VERTEX_POINT('',#14656) ;
#14664=VERTEX_POINT('',#14663) ;
#14671=VERTEX_POINT('',#14670) ;
#14678=VERTEX_POINT('',#14677) ;
#14685=VERTEX_POINT('',#14684) ;
#14692=VERTEX_POINT('',#14691) ;
#14699=VERTEX_POINT('',#14698) ;
#14706=VERTEX_POINT('',#14705) ;
#14713=VERTEX_POINT('',#14712) ;
#14720=VERTEX_POINT('',#14719) ;
#14727=VERTEX_POINT('',#14726) ;
#14734=VERTEX_POINT('',#14733) ;
#14741=VERTEX_POINT('',#14740) ;
#14748=VERTEX_POINT('',#14747) ;
#15620=VERTEX_POINT('',#15619) ;
#15622=VERTEX_POINT('',#15621) ;
#15629=VERTEX_POINT('',#15628) ;
#15636=VERTEX_POINT('',#15635) ;
#15643=VERTEX_POINT('',#15642) ;
#15650=VERTEX_POINT('',#15649) ;
#15657=VERTEX_POINT('',#15656) ;
#15664=VERTEX_POINT('',#15663) ;
#15671=VERTEX_POINT('',#15670) ;
#15678=VERTEX_POINT('',#15677) ;
#15930=VERTEX_POINT('',#15929) ;
#15932=VERTEX_POINT('',#15931) ;
#15948=VERTEX_POINT('',#15947) ;
#15950=VERTEX_POINT('',#15949) ;
#15966=VERTEX_POINT('',#15965) ;
#15968=VERTEX_POINT('',#15967) ;
#15984=VERTEX_POINT('',#15983) ;
#15986=VERTEX_POINT('',#15985) ;
#16002=VERTEX_POINT('',#16001) ;
#16004=VERTEX_POINT('',#16003) ;
#16020=VERTEX_POINT('',#16019) ;
#16022=VERTEX_POINT('',#16021) ;
#16038=VERTEX_POINT('',#16037) ;
#16040=VERTEX_POINT('',#16039) ;
#16056=VERTEX_POINT('',#16055) ;
#16058=VERTEX_POINT('',#16057) ;
#16074=VERTEX_POINT('',#16073) ;
#16076=VERTEX_POINT('',#16075) ;
#16092=VERTEX_POINT('',#16091) ;
#16094=VERTEX_POINT('',#16093) ;
#12=(LENGTH_UNIT()NAMED_UNIT(*)SI_UNIT(.MILLI.,.METRE.)) ;
#13=(NAMED_UNIT(*)PLANE_ANGLE_UNIT()SI_UNIT($,.RADIAN.)) ;
#15=(NAMED_UNIT(*)SI_UNIT($,.STERADIAN.)SOLID_ANGLE_UNIT()) ;
#18=(CONVERSION_BASED_UNIT('INCH',#16)LENGTH_UNIT()NAMED_UNIT(#17)) ;
#20=(GEOMETRIC_REPRESENTATION_CONTEXT(3)GLOBAL_UNCERTAINTY_ASSIGNED_CONTEXT((#19))GLOBAL_UNIT_ASSIGNED_CONTEXT((#18,#13,#15))REPRESENTATION_CONTEXT(' ',' ')) ;
ENDSEC;
END-ISO-10303-21;
