ISO-10303-21;
HEADER;
FILE_DESCRIPTION(('3D STEP'),'2;1');

FILE_NAME('Y:\\parts\\TexasFlange\\Export\\B16_5-C150\\RFWN\\Neutral-Files\\3-150-WELD-NECK-RF-40-FLANGE.stp','2013-01-26T05:13:44+00:00',('Texas Flange'),('sales@texasflange.comv'),'CATIA Version 5 Release 20 SP 6 (IN-10)','CATIA V5 STEP AP214','800-826-3801');

FILE_SCHEMA(('AUTOMOTIVE_DESIGN { 1 0 10303 214 1 1 1 1 }'));

ENDSEC;
/* file written by CATIA V5R20 */
DATA;
#5=PRODUCT('3-150-WELD-NECK-RF-40-FLANGE','150-WELD-NECK-RF','',(#2)) ;
#2=PRODUCT_CONTEXT(' ',#1,'mechanical') ;
#1=APPLICATION_CONTEXT('automotive design') ;
#10=PRODUCT_DEFINITION('NOM PIPE SIZE 3 X SCH 40',' ',#6,#3) ;
#3=PRODUCT_DEFINITION_CONTEXT('part definition',#1,' ') ;
#11=PRODUCT_DEFINITION_SHAPE(' ',' ',#10) ;
#17=DIMENSIONAL_EXPONENTS(1.,0.,0.,0.,0.,0.,0.) ;
#15505=MECHANICAL_DESIGN_GEOMETRIC_PRESENTATION_REPRESENTATION(' ',(#4832,#4861,#4885,#4909,#4933,#4957,#4981,#5005,#5029,#5053,#5077,#5101,#5125,#5149,#5173,#5197,#5221,#5245,#5269,#5293,#5317,#5341,#5365,#5389,#5413,#5437,#5456,#5480,#5504,#5528,#5552,#5576,#5600,#5624,#5648,#5672,#5696,#5720,#5744,#5768,#5792,#5816,#5840,#5864,#5888,#5912,#5936,#5960,#5979,#6003,#6027,#6051,#6075,#6099,#6123,#6147,#6171,#6195,#6219,#6243,#6267,#6291,#6315,#6339,#6363,#6387,#6411,#6435,#6459,#6483,#6507,#6531,#6555,#6579,#6603,#6627,#6651,#6675,#6699,#6723,#6747,#6771,#6795,#6819,#6843,#6867,#6891,#6915,#6939,#6963,#6987,#7011,#7035,#7059,#7083,#7102,#7121,#7145,#7169,#7193,#7217,#7241,#7265,#7289,#7313,#7337,#7361,#7385,#7409,#7433,#7457,#7481,#7505,#7529,#7553,#7577,#7601,#7625,#7649,#7673,#7697,#7721,#7745,#7769,#7793,#7817,#7841,#7865,#7889,#7913,#7937,#7961,#7985,#8009,#8033,#8057,#8081,#8105,#8124,#9078,#9107,#9131,#9155,#9179,#9203,#9227,#9251,#9275,#9299,#9323,#9347,#9371,#9395,#9419,#9443,#9467,#9491,#9515,#9539,#9563,#9587,#9611,#9635,#9659,#9683,#9707,#9731,#9755,#9779,#9803,#9827,#9851,#9875,#9899,#9923,#9947,#9971,#9995,#10019,#10043,#10067,#10091,#10115,#10139,#10163,#10187,#10211,#10235,#10259,#10283,#10307,#10331,#10355,#10379,#10403,#10427,#10451,#10475,#10499,#10523,#10547,#10571,#10595,#10619,#10643,#10667,#10691,#10715,#10739,#10763,#10787,#10811,#10835,#10859,#10883,#10907,#10931,#10955,#10979,#11003,#11027,#11051,#11075,#11099,#11123,#11147,#11171,#11195,#11219,#11243,#11267,#11291,#11315,#11339,#11363,#11387,#11411,#11435,#11459,#11483,#11507,#11531,#11555,#11579,#11603,#11627,#11651,#11675,#11699,#11723,#11747,#11771,#11795,#11819,#11843,#11867,#11891,#11910,#11952,#11981,#12005,#12029,#12048,#12234,#12263,#12287,#12311,#12335,#12359,#12383,#12407,#12431,#12455,#12479,#12503,#12527,#12551,#12575,#12599,#12623,#12647,#12671,#12695,#12719,#12743,#12762,#12948,#12977,#13001,#13025,#13049,#13073,#13097,#13121,#13145,#13169,#13193,#13217,#13241,#13265,#13289,#13313,#13337,#13361,#13385,#13409,#13433,#13457,#13476,#13758,#13787,#13811,#13835,#13859,#13883,#13907,#13931,#13955,#13979,#14003,#14027,#14051,#14075,#14099,#14123,#14147,#14171,#14195,#14219,#14243,#14267,#14291,#14315,#14339,#14363,#14387,#14411,#14435,#14459,#14483,#14507,#14531,#14555,#14574,#14664,#14693,#14717,#14736,#14760,#14779,#14803,#14822,#14846,#14865,#14884,#15072,#15101,#15115,#15144,#15158,#15187,#15201,#15230,#15244,#15273,#15287,#15316,#15330,#15359,#15373,#15402,#15416,#15445,#15459,#15488,#15502,#33),#20) ;
#23=SHAPE_REPRESENTATION(' ',(#22),#20) ;
#22=AXIS2_PLACEMENT_3D(' ',#21,$,$) ;
#38=AXIS2_PLACEMENT_3D('Cylinder Axis2P3D',#35,#36,#37) ;
#51=AXIS2_PLACEMENT_3D('Circle Axis2P3D',#49,#50,$) ;
#65=AXIS2_PLACEMENT_3D('Circle Axis2P3D',#63,#64,$) ;
#77=AXIS2_PLACEMENT_3D('Circle Axis2P3D',#75,#76,$) ;
#82=AXIS2_PLACEMENT_3D('Circle Axis2P3D',#80,#81,$) ;
#95=AXIS2_PLACEMENT_3D('Cylinder Axis2P3D',#92,#93,#94) ;
#99=AXIS2_PLACEMENT_3D('Circle Axis2P3D',#97,#98,$) ;
#115=AXIS2_PLACEMENT_3D('Circle Axis2P3D',#113,#114,$) ;
#134=AXIS2_PLACEMENT_3D('Circle Axis2P3D',#132,#133,$) ;
#139=AXIS2_PLACEMENT_3D('Circle Axis2P3D',#137,#138,$) ;
#152=AXIS2_PLACEMENT_3D('Torus Axis2P3D',#149,#150,#151) ;
#156=AXIS2_PLACEMENT_3D('Circle Axis2P3D',#154,#155,$) ;
#165=AXIS2_PLACEMENT_3D('Circle Axis2P3D',#163,#164,$) ;
#172=AXIS2_PLACEMENT_3D('Circle Axis2P3D',#170,#171,$) ;
#179=AXIS2_PLACEMENT_3D('Circle Axis2P3D',#177,#178,$) ;
#191=AXIS2_PLACEMENT_3D('Circle Axis2P3D',#189,#190,$) ;
#196=AXIS2_PLACEMENT_3D('Circle Axis2P3D',#194,#195,$) ;
#209=AXIS2_PLACEMENT_3D('Cone Axis2P3D',#206,#207,#208) ;
#220=AXIS2_PLACEMENT_3D('Circle Axis2P3D',#218,#219,$) ;
#239=AXIS2_PLACEMENT_3D('Circle Axis2P3D',#237,#238,$) ;
#252=AXIS2_PLACEMENT_3D('Cylinder Axis2P3D',#249,#250,#251) ;
#270=AXIS2_PLACEMENT_3D('Circle Axis2P3D',#268,#269,$) ;
#277=AXIS2_PLACEMENT_3D('Circle Axis2P3D',#275,#276,$) ;
#290=AXIS2_PLACEMENT_3D('Circle Axis2P3D',#288,#289,$) ;
#297=AXIS2_PLACEMENT_3D('Circle Axis2P3D',#295,#296,$) ;
#311=AXIS2_PLACEMENT_3D('Cone Axis2P3D',#308,#309,#310) ;
#322=AXIS2_PLACEMENT_3D('Circle Axis2P3D',#320,#321,$) ;
#343=AXIS2_PLACEMENT_3D('Cylinder Axis2P3D',#340,#341,#342) ;
#347=AXIS2_PLACEMENT_3D('Circle Axis2P3D',#345,#346,$) ;
#363=AXIS2_PLACEMENT_3D('Circle Axis2P3D',#361,#362,$) ;
#382=AXIS2_PLACEMENT_3D('Circle Axis2P3D',#380,#381,$) ;
#387=AXIS2_PLACEMENT_3D('Circle Axis2P3D',#385,#386,$) ;
#400=AXIS2_PLACEMENT_3D('Plane Axis2P3D',#397,#398,#399) ;
#404=AXIS2_PLACEMENT_3D('Circle Axis2P3D',#402,#403,$) ;
#413=AXIS2_PLACEMENT_3D('Circle Axis2P3D',#411,#412,$) ;
#428=AXIS2_PLACEMENT_3D('Plane Axis2P3D',#425,#426,#427) ;
#432=AXIS2_PLACEMENT_3D('Circle Axis2P3D',#430,#431,$) ;
#455=AXIS2_PLACEMENT_3D('Cylinder Axis2P3D',#452,#453,#454) ;
#466=AXIS2_PLACEMENT_3D('Circle Axis2P3D',#464,#465,$) ;
#485=AXIS2_PLACEMENT_3D('Circle Axis2P3D',#483,#484,$) ;
#498=AXIS2_PLACEMENT_3D('Plane Axis2P3D',#495,#496,#497) ;
#514=AXIS2_PLACEMENT_3D('Circle Axis2P3D',#512,#513,$) ;
#523=AXIS2_PLACEMENT_3D('Circle Axis2P3D',#521,#522,$) ;
#532=AXIS2_PLACEMENT_3D('Circle Axis2P3D',#530,#531,$) ;
#541=AXIS2_PLACEMENT_3D('Circle Axis2P3D',#539,#540,$) ;
#550=AXIS2_PLACEMENT_3D('Circle Axis2P3D',#548,#549,$) ;
#559=AXIS2_PLACEMENT_3D('Circle Axis2P3D',#557,#558,$) ;
#570=AXIS2_PLACEMENT_3D('Cylinder Axis2P3D',#567,#568,#569) ;
#588=AXIS2_PLACEMENT_3D('Circle Axis2P3D',#586,#587,$) ;
#600=AXIS2_PLACEMENT_3D('Circle Axis2P3D',#598,#599,$) ;
#613=AXIS2_PLACEMENT_3D('Cylinder Axis2P3D',#610,#611,#612) ;
#631=AXIS2_PLACEMENT_3D('Circle Axis2P3D',#629,#630,$) ;
#643=AXIS2_PLACEMENT_3D('Circle Axis2P3D',#641,#642,$) ;
#656=AXIS2_PLACEMENT_3D('Cylinder Axis2P3D',#653,#654,#655) ;
#674=AXIS2_PLACEMENT_3D('Circle Axis2P3D',#672,#673,$) ;
#686=AXIS2_PLACEMENT_3D('Circle Axis2P3D',#684,#685,$) ;
#699=AXIS2_PLACEMENT_3D('Plane Axis2P3D',#696,#697,#698) ;
#727=AXIS2_PLACEMENT_3D('Circle Axis2P3D',#725,#726,$) ;
#736=AXIS2_PLACEMENT_3D('Circle Axis2P3D',#734,#735,$) ;
#746=AXIS2_PLACEMENT_3D('Circle Axis2P3D',#744,#745,$) ;
#755=AXIS2_PLACEMENT_3D('Circle Axis2P3D',#753,#754,$) ;
#3563=AXIS2_PLACEMENT_3D('Circle Axis2P3D',#3561,#3562,$) ;
#3572=AXIS2_PLACEMENT_3D('Circle Axis2P3D',#3570,#3571,$) ;
#3582=AXIS2_PLACEMENT_3D('Circle Axis2P3D',#3580,#3581,$) ;
#3591=AXIS2_PLACEMENT_3D('Circle Axis2P3D',#3589,#3590,$) ;
#3601=AXIS2_PLACEMENT_3D('Circle Axis2P3D',#3599,#3600,$) ;
#3610=AXIS2_PLACEMENT_3D('Circle Axis2P3D',#3608,#3609,$) ;
#3620=AXIS2_PLACEMENT_3D('Circle Axis2P3D',#3618,#3619,$) ;
#3629=AXIS2_PLACEMENT_3D('Circle Axis2P3D',#3627,#3628,$) ;
#3639=AXIS2_PLACEMENT_3D('Circle Axis2P3D',#3637,#3638,$) ;
#3648=AXIS2_PLACEMENT_3D('Circle Axis2P3D',#3646,#3647,$) ;
#3658=AXIS2_PLACEMENT_3D('Circle Axis2P3D',#3656,#3657,$) ;
#3667=AXIS2_PLACEMENT_3D('Circle Axis2P3D',#3665,#3666,$) ;
#3677=AXIS2_PLACEMENT_3D('Circle Axis2P3D',#3675,#3676,$) ;
#3686=AXIS2_PLACEMENT_3D('Circle Axis2P3D',#3684,#3685,$) ;
#3696=AXIS2_PLACEMENT_3D('Circle Axis2P3D',#3694,#3695,$) ;
#3705=AXIS2_PLACEMENT_3D('Circle Axis2P3D',#3703,#3704,$) ;
#3716=AXIS2_PLACEMENT_3D('Plane Axis2P3D',#3713,#3714,#3715) ;
#4836=AXIS2_PLACEMENT_3D('Plane Axis2P3D',#4833,#4834,#4835) ;
#4865=AXIS2_PLACEMENT_3D('Plane Axis2P3D',#4862,#4863,#4864) ;
#4889=AXIS2_PLACEMENT_3D('Plane Axis2P3D',#4886,#4887,#4888) ;
#4913=AXIS2_PLACEMENT_3D('Plane Axis2P3D',#4910,#4911,#4912) ;
#4937=AXIS2_PLACEMENT_3D('Plane Axis2P3D',#4934,#4935,#4936) ;
#4961=AXIS2_PLACEMENT_3D('Plane Axis2P3D',#4958,#4959,#4960) ;
#4985=AXIS2_PLACEMENT_3D('Plane Axis2P3D',#4982,#4983,#4984) ;
#5009=AXIS2_PLACEMENT_3D('Plane Axis2P3D',#5006,#5007,#5008) ;
#5033=AXIS2_PLACEMENT_3D('Plane Axis2P3D',#5030,#5031,#5032) ;
#5057=AXIS2_PLACEMENT_3D('Plane Axis2P3D',#5054,#5055,#5056) ;
#5081=AXIS2_PLACEMENT_3D('Plane Axis2P3D',#5078,#5079,#5080) ;
#5105=AXIS2_PLACEMENT_3D('Plane Axis2P3D',#5102,#5103,#5104) ;
#5129=AXIS2_PLACEMENT_3D('Plane Axis2P3D',#5126,#5127,#5128) ;
#5153=AXIS2_PLACEMENT_3D('Plane Axis2P3D',#5150,#5151,#5152) ;
#5177=AXIS2_PLACEMENT_3D('Plane Axis2P3D',#5174,#5175,#5176) ;
#5201=AXIS2_PLACEMENT_3D('Plane Axis2P3D',#5198,#5199,#5200) ;
#5225=AXIS2_PLACEMENT_3D('Plane Axis2P3D',#5222,#5223,#5224) ;
#5249=AXIS2_PLACEMENT_3D('Plane Axis2P3D',#5246,#5247,#5248) ;
#5273=AXIS2_PLACEMENT_3D('Plane Axis2P3D',#5270,#5271,#5272) ;
#5297=AXIS2_PLACEMENT_3D('Plane Axis2P3D',#5294,#5295,#5296) ;
#5321=AXIS2_PLACEMENT_3D('Plane Axis2P3D',#5318,#5319,#5320) ;
#5345=AXIS2_PLACEMENT_3D('Plane Axis2P3D',#5342,#5343,#5344) ;
#5369=AXIS2_PLACEMENT_3D('Plane Axis2P3D',#5366,#5367,#5368) ;
#5393=AXIS2_PLACEMENT_3D('Plane Axis2P3D',#5390,#5391,#5392) ;
#5417=AXIS2_PLACEMENT_3D('Plane Axis2P3D',#5414,#5415,#5416) ;
#5460=AXIS2_PLACEMENT_3D('Plane Axis2P3D',#5457,#5458,#5459) ;
#5484=AXIS2_PLACEMENT_3D('Plane Axis2P3D',#5481,#5482,#5483) ;
#5508=AXIS2_PLACEMENT_3D('Plane Axis2P3D',#5505,#5506,#5507) ;
#5532=AXIS2_PLACEMENT_3D('Plane Axis2P3D',#5529,#5530,#5531) ;
#5556=AXIS2_PLACEMENT_3D('Plane Axis2P3D',#5553,#5554,#5555) ;
#5580=AXIS2_PLACEMENT_3D('Plane Axis2P3D',#5577,#5578,#5579) ;
#5604=AXIS2_PLACEMENT_3D('Plane Axis2P3D',#5601,#5602,#5603) ;
#5628=AXIS2_PLACEMENT_3D('Plane Axis2P3D',#5625,#5626,#5627) ;
#5652=AXIS2_PLACEMENT_3D('Plane Axis2P3D',#5649,#5650,#5651) ;
#5676=AXIS2_PLACEMENT_3D('Plane Axis2P3D',#5673,#5674,#5675) ;
#5700=AXIS2_PLACEMENT_3D('Plane Axis2P3D',#5697,#5698,#5699) ;
#5724=AXIS2_PLACEMENT_3D('Plane Axis2P3D',#5721,#5722,#5723) ;
#5748=AXIS2_PLACEMENT_3D('Plane Axis2P3D',#5745,#5746,#5747) ;
#5772=AXIS2_PLACEMENT_3D('Plane Axis2P3D',#5769,#5770,#5771) ;
#5796=AXIS2_PLACEMENT_3D('Plane Axis2P3D',#5793,#5794,#5795) ;
#5820=AXIS2_PLACEMENT_3D('Plane Axis2P3D',#5817,#5818,#5819) ;
#5844=AXIS2_PLACEMENT_3D('Plane Axis2P3D',#5841,#5842,#5843) ;
#5868=AXIS2_PLACEMENT_3D('Plane Axis2P3D',#5865,#5866,#5867) ;
#5892=AXIS2_PLACEMENT_3D('Plane Axis2P3D',#5889,#5890,#5891) ;
#5916=AXIS2_PLACEMENT_3D('Plane Axis2P3D',#5913,#5914,#5915) ;
#5940=AXIS2_PLACEMENT_3D('Plane Axis2P3D',#5937,#5938,#5939) ;
#5983=AXIS2_PLACEMENT_3D('Plane Axis2P3D',#5980,#5981,#5982) ;
#6007=AXIS2_PLACEMENT_3D('Plane Axis2P3D',#6004,#6005,#6006) ;
#6031=AXIS2_PLACEMENT_3D('Plane Axis2P3D',#6028,#6029,#6030) ;
#6055=AXIS2_PLACEMENT_3D('Plane Axis2P3D',#6052,#6053,#6054) ;
#6079=AXIS2_PLACEMENT_3D('Plane Axis2P3D',#6076,#6077,#6078) ;
#6103=AXIS2_PLACEMENT_3D('Plane Axis2P3D',#6100,#6101,#6102) ;
#6127=AXIS2_PLACEMENT_3D('Plane Axis2P3D',#6124,#6125,#6126) ;
#6151=AXIS2_PLACEMENT_3D('Plane Axis2P3D',#6148,#6149,#6150) ;
#6175=AXIS2_PLACEMENT_3D('Plane Axis2P3D',#6172,#6173,#6174) ;
#6199=AXIS2_PLACEMENT_3D('Plane Axis2P3D',#6196,#6197,#6198) ;
#6223=AXIS2_PLACEMENT_3D('Plane Axis2P3D',#6220,#6221,#6222) ;
#6247=AXIS2_PLACEMENT_3D('Plane Axis2P3D',#6244,#6245,#6246) ;
#6271=AXIS2_PLACEMENT_3D('Plane Axis2P3D',#6268,#6269,#6270) ;
#6295=AXIS2_PLACEMENT_3D('Plane Axis2P3D',#6292,#6293,#6294) ;
#6319=AXIS2_PLACEMENT_3D('Plane Axis2P3D',#6316,#6317,#6318) ;
#6343=AXIS2_PLACEMENT_3D('Plane Axis2P3D',#6340,#6341,#6342) ;
#6367=AXIS2_PLACEMENT_3D('Plane Axis2P3D',#6364,#6365,#6366) ;
#6391=AXIS2_PLACEMENT_3D('Plane Axis2P3D',#6388,#6389,#6390) ;
#6415=AXIS2_PLACEMENT_3D('Plane Axis2P3D',#6412,#6413,#6414) ;
#6439=AXIS2_PLACEMENT_3D('Plane Axis2P3D',#6436,#6437,#6438) ;
#6463=AXIS2_PLACEMENT_3D('Plane Axis2P3D',#6460,#6461,#6462) ;
#6487=AXIS2_PLACEMENT_3D('Plane Axis2P3D',#6484,#6485,#6486) ;
#6511=AXIS2_PLACEMENT_3D('Plane Axis2P3D',#6508,#6509,#6510) ;
#6535=AXIS2_PLACEMENT_3D('Plane Axis2P3D',#6532,#6533,#6534) ;
#6559=AXIS2_PLACEMENT_3D('Plane Axis2P3D',#6556,#6557,#6558) ;
#6583=AXIS2_PLACEMENT_3D('Plane Axis2P3D',#6580,#6581,#6582) ;
#6607=AXIS2_PLACEMENT_3D('Plane Axis2P3D',#6604,#6605,#6606) ;
#6631=AXIS2_PLACEMENT_3D('Plane Axis2P3D',#6628,#6629,#6630) ;
#6655=AXIS2_PLACEMENT_3D('Plane Axis2P3D',#6652,#6653,#6654) ;
#6679=AXIS2_PLACEMENT_3D('Plane Axis2P3D',#6676,#6677,#6678) ;
#6703=AXIS2_PLACEMENT_3D('Plane Axis2P3D',#6700,#6701,#6702) ;
#6727=AXIS2_PLACEMENT_3D('Plane Axis2P3D',#6724,#6725,#6726) ;
#6751=AXIS2_PLACEMENT_3D('Plane Axis2P3D',#6748,#6749,#6750) ;
#6775=AXIS2_PLACEMENT_3D('Plane Axis2P3D',#6772,#6773,#6774) ;
#6799=AXIS2_PLACEMENT_3D('Plane Axis2P3D',#6796,#6797,#6798) ;
#6823=AXIS2_PLACEMENT_3D('Plane Axis2P3D',#6820,#6821,#6822) ;
#6847=AXIS2_PLACEMENT_3D('Plane Axis2P3D',#6844,#6845,#6846) ;
#6871=AXIS2_PLACEMENT_3D('Plane Axis2P3D',#6868,#6869,#6870) ;
#6895=AXIS2_PLACEMENT_3D('Plane Axis2P3D',#6892,#6893,#6894) ;
#6919=AXIS2_PLACEMENT_3D('Plane Axis2P3D',#6916,#6917,#6918) ;
#6943=AXIS2_PLACEMENT_3D('Plane Axis2P3D',#6940,#6941,#6942) ;
#6967=AXIS2_PLACEMENT_3D('Plane Axis2P3D',#6964,#6965,#6966) ;
#6991=AXIS2_PLACEMENT_3D('Plane Axis2P3D',#6988,#6989,#6990) ;
#7015=AXIS2_PLACEMENT_3D('Plane Axis2P3D',#7012,#7013,#7014) ;
#7039=AXIS2_PLACEMENT_3D('Plane Axis2P3D',#7036,#7037,#7038) ;
#7063=AXIS2_PLACEMENT_3D('Plane Axis2P3D',#7060,#7061,#7062) ;
#7125=AXIS2_PLACEMENT_3D('Plane Axis2P3D',#7122,#7123,#7124) ;
#7149=AXIS2_PLACEMENT_3D('Plane Axis2P3D',#7146,#7147,#7148) ;
#7173=AXIS2_PLACEMENT_3D('Plane Axis2P3D',#7170,#7171,#7172) ;
#7197=AXIS2_PLACEMENT_3D('Plane Axis2P3D',#7194,#7195,#7196) ;
#7221=AXIS2_PLACEMENT_3D('Plane Axis2P3D',#7218,#7219,#7220) ;
#7245=AXIS2_PLACEMENT_3D('Plane Axis2P3D',#7242,#7243,#7244) ;
#7269=AXIS2_PLACEMENT_3D('Plane Axis2P3D',#7266,#7267,#7268) ;
#7293=AXIS2_PLACEMENT_3D('Plane Axis2P3D',#7290,#7291,#7292) ;
#7317=AXIS2_PLACEMENT_3D('Plane Axis2P3D',#7314,#7315,#7316) ;
#7341=AXIS2_PLACEMENT_3D('Plane Axis2P3D',#7338,#7339,#7340) ;
#7365=AXIS2_PLACEMENT_3D('Plane Axis2P3D',#7362,#7363,#7364) ;
#7389=AXIS2_PLACEMENT_3D('Plane Axis2P3D',#7386,#7387,#7388) ;
#7413=AXIS2_PLACEMENT_3D('Plane Axis2P3D',#7410,#7411,#7412) ;
#7437=AXIS2_PLACEMENT_3D('Plane Axis2P3D',#7434,#7435,#7436) ;
#7461=AXIS2_PLACEMENT_3D('Plane Axis2P3D',#7458,#7459,#7460) ;
#7485=AXIS2_PLACEMENT_3D('Plane Axis2P3D',#7482,#7483,#7484) ;
#7509=AXIS2_PLACEMENT_3D('Plane Axis2P3D',#7506,#7507,#7508) ;
#7533=AXIS2_PLACEMENT_3D('Plane Axis2P3D',#7530,#7531,#7532) ;
#7557=AXIS2_PLACEMENT_3D('Plane Axis2P3D',#7554,#7555,#7556) ;
#7581=AXIS2_PLACEMENT_3D('Plane Axis2P3D',#7578,#7579,#7580) ;
#7605=AXIS2_PLACEMENT_3D('Plane Axis2P3D',#7602,#7603,#7604) ;
#7629=AXIS2_PLACEMENT_3D('Plane Axis2P3D',#7626,#7627,#7628) ;
#7653=AXIS2_PLACEMENT_3D('Plane Axis2P3D',#7650,#7651,#7652) ;
#7677=AXIS2_PLACEMENT_3D('Plane Axis2P3D',#7674,#7675,#7676) ;
#7701=AXIS2_PLACEMENT_3D('Plane Axis2P3D',#7698,#7699,#7700) ;
#7725=AXIS2_PLACEMENT_3D('Plane Axis2P3D',#7722,#7723,#7724) ;
#7749=AXIS2_PLACEMENT_3D('Plane Axis2P3D',#7746,#7747,#7748) ;
#7773=AXIS2_PLACEMENT_3D('Plane Axis2P3D',#7770,#7771,#7772) ;
#7797=AXIS2_PLACEMENT_3D('Plane Axis2P3D',#7794,#7795,#7796) ;
#7821=AXIS2_PLACEMENT_3D('Plane Axis2P3D',#7818,#7819,#7820) ;
#7845=AXIS2_PLACEMENT_3D('Plane Axis2P3D',#7842,#7843,#7844) ;
#7869=AXIS2_PLACEMENT_3D('Plane Axis2P3D',#7866,#7867,#7868) ;
#7893=AXIS2_PLACEMENT_3D('Plane Axis2P3D',#7890,#7891,#7892) ;
#7917=AXIS2_PLACEMENT_3D('Plane Axis2P3D',#7914,#7915,#7916) ;
#7941=AXIS2_PLACEMENT_3D('Plane Axis2P3D',#7938,#7939,#7940) ;
#7965=AXIS2_PLACEMENT_3D('Plane Axis2P3D',#7962,#7963,#7964) ;
#7989=AXIS2_PLACEMENT_3D('Plane Axis2P3D',#7986,#7987,#7988) ;
#8013=AXIS2_PLACEMENT_3D('Plane Axis2P3D',#8010,#8011,#8012) ;
#8037=AXIS2_PLACEMENT_3D('Plane Axis2P3D',#8034,#8035,#8036) ;
#8061=AXIS2_PLACEMENT_3D('Plane Axis2P3D',#8058,#8059,#8060) ;
#8085=AXIS2_PLACEMENT_3D('Plane Axis2P3D',#8082,#8083,#8084) ;
#8109=AXIS2_PLACEMENT_3D('Plane Axis2P3D',#8106,#8107,#8108) ;
#9082=AXIS2_PLACEMENT_3D('Plane Axis2P3D',#9079,#9080,#9081) ;
#9111=AXIS2_PLACEMENT_3D('Plane Axis2P3D',#9108,#9109,#9110) ;
#9135=AXIS2_PLACEMENT_3D('Plane Axis2P3D',#9132,#9133,#9134) ;
#9159=AXIS2_PLACEMENT_3D('Plane Axis2P3D',#9156,#9157,#9158) ;
#9183=AXIS2_PLACEMENT_3D('Plane Axis2P3D',#9180,#9181,#9182) ;
#9207=AXIS2_PLACEMENT_3D('Plane Axis2P3D',#9204,#9205,#9206) ;
#9231=AXIS2_PLACEMENT_3D('Plane Axis2P3D',#9228,#9229,#9230) ;
#9255=AXIS2_PLACEMENT_3D('Plane Axis2P3D',#9252,#9253,#9254) ;
#9279=AXIS2_PLACEMENT_3D('Plane Axis2P3D',#9276,#9277,#9278) ;
#9303=AXIS2_PLACEMENT_3D('Plane Axis2P3D',#9300,#9301,#9302) ;
#9327=AXIS2_PLACEMENT_3D('Plane Axis2P3D',#9324,#9325,#9326) ;
#9351=AXIS2_PLACEMENT_3D('Plane Axis2P3D',#9348,#9349,#9350) ;
#9375=AXIS2_PLACEMENT_3D('Plane Axis2P3D',#9372,#9373,#9374) ;
#9399=AXIS2_PLACEMENT_3D('Plane Axis2P3D',#9396,#9397,#9398) ;
#9423=AXIS2_PLACEMENT_3D('Plane Axis2P3D',#9420,#9421,#9422) ;
#9447=AXIS2_PLACEMENT_3D('Plane Axis2P3D',#9444,#9445,#9446) ;
#9471=AXIS2_PLACEMENT_3D('Plane Axis2P3D',#9468,#9469,#9470) ;
#9495=AXIS2_PLACEMENT_3D('Plane Axis2P3D',#9492,#9493,#9494) ;
#9519=AXIS2_PLACEMENT_3D('Plane Axis2P3D',#9516,#9517,#9518) ;
#9543=AXIS2_PLACEMENT_3D('Plane Axis2P3D',#9540,#9541,#9542) ;
#9567=AXIS2_PLACEMENT_3D('Plane Axis2P3D',#9564,#9565,#9566) ;
#9591=AXIS2_PLACEMENT_3D('Plane Axis2P3D',#9588,#9589,#9590) ;
#9615=AXIS2_PLACEMENT_3D('Plane Axis2P3D',#9612,#9613,#9614) ;
#9639=AXIS2_PLACEMENT_3D('Plane Axis2P3D',#9636,#9637,#9638) ;
#9663=AXIS2_PLACEMENT_3D('Plane Axis2P3D',#9660,#9661,#9662) ;
#9687=AXIS2_PLACEMENT_3D('Plane Axis2P3D',#9684,#9685,#9686) ;
#9711=AXIS2_PLACEMENT_3D('Plane Axis2P3D',#9708,#9709,#9710) ;
#9735=AXIS2_PLACEMENT_3D('Plane Axis2P3D',#9732,#9733,#9734) ;
#9759=AXIS2_PLACEMENT_3D('Plane Axis2P3D',#9756,#9757,#9758) ;
#9783=AXIS2_PLACEMENT_3D('Plane Axis2P3D',#9780,#9781,#9782) ;
#9807=AXIS2_PLACEMENT_3D('Plane Axis2P3D',#9804,#9805,#9806) ;
#9831=AXIS2_PLACEMENT_3D('Plane Axis2P3D',#9828,#9829,#9830) ;
#9855=AXIS2_PLACEMENT_3D('Plane Axis2P3D',#9852,#9853,#9854) ;
#9879=AXIS2_PLACEMENT_3D('Plane Axis2P3D',#9876,#9877,#9878) ;
#9903=AXIS2_PLACEMENT_3D('Plane Axis2P3D',#9900,#9901,#9902) ;
#9927=AXIS2_PLACEMENT_3D('Plane Axis2P3D',#9924,#9925,#9926) ;
#9951=AXIS2_PLACEMENT_3D('Plane Axis2P3D',#9948,#9949,#9950) ;
#9975=AXIS2_PLACEMENT_3D('Plane Axis2P3D',#9972,#9973,#9974) ;
#9999=AXIS2_PLACEMENT_3D('Plane Axis2P3D',#9996,#9997,#9998) ;
#10023=AXIS2_PLACEMENT_3D('Plane Axis2P3D',#10020,#10021,#10022) ;
#10047=AXIS2_PLACEMENT_3D('Plane Axis2P3D',#10044,#10045,#10046) ;
#10071=AXIS2_PLACEMENT_3D('Plane Axis2P3D',#10068,#10069,#10070) ;
#10095=AXIS2_PLACEMENT_3D('Plane Axis2P3D',#10092,#10093,#10094) ;
#10119=AXIS2_PLACEMENT_3D('Plane Axis2P3D',#10116,#10117,#10118) ;
#10143=AXIS2_PLACEMENT_3D('Plane Axis2P3D',#10140,#10141,#10142) ;
#10167=AXIS2_PLACEMENT_3D('Plane Axis2P3D',#10164,#10165,#10166) ;
#10191=AXIS2_PLACEMENT_3D('Plane Axis2P3D',#10188,#10189,#10190) ;
#10215=AXIS2_PLACEMENT_3D('Plane Axis2P3D',#10212,#10213,#10214) ;
#10239=AXIS2_PLACEMENT_3D('Plane Axis2P3D',#10236,#10237,#10238) ;
#10263=AXIS2_PLACEMENT_3D('Plane Axis2P3D',#10260,#10261,#10262) ;
#10287=AXIS2_PLACEMENT_3D('Plane Axis2P3D',#10284,#10285,#10286) ;
#10311=AXIS2_PLACEMENT_3D('Plane Axis2P3D',#10308,#10309,#10310) ;
#10335=AXIS2_PLACEMENT_3D('Plane Axis2P3D',#10332,#10333,#10334) ;
#10359=AXIS2_PLACEMENT_3D('Plane Axis2P3D',#10356,#10357,#10358) ;
#10383=AXIS2_PLACEMENT_3D('Plane Axis2P3D',#10380,#10381,#10382) ;
#10407=AXIS2_PLACEMENT_3D('Plane Axis2P3D',#10404,#10405,#10406) ;
#10431=AXIS2_PLACEMENT_3D('Plane Axis2P3D',#10428,#10429,#10430) ;
#10455=AXIS2_PLACEMENT_3D('Plane Axis2P3D',#10452,#10453,#10454) ;
#10479=AXIS2_PLACEMENT_3D('Plane Axis2P3D',#10476,#10477,#10478) ;
#10503=AXIS2_PLACEMENT_3D('Plane Axis2P3D',#10500,#10501,#10502) ;
#10527=AXIS2_PLACEMENT_3D('Plane Axis2P3D',#10524,#10525,#10526) ;
#10551=AXIS2_PLACEMENT_3D('Plane Axis2P3D',#10548,#10549,#10550) ;
#10575=AXIS2_PLACEMENT_3D('Plane Axis2P3D',#10572,#10573,#10574) ;
#10599=AXIS2_PLACEMENT_3D('Plane Axis2P3D',#10596,#10597,#10598) ;
#10623=AXIS2_PLACEMENT_3D('Plane Axis2P3D',#10620,#10621,#10622) ;
#10647=AXIS2_PLACEMENT_3D('Plane Axis2P3D',#10644,#10645,#10646) ;
#10671=AXIS2_PLACEMENT_3D('Plane Axis2P3D',#10668,#10669,#10670) ;
#10695=AXIS2_PLACEMENT_3D('Plane Axis2P3D',#10692,#10693,#10694) ;
#10719=AXIS2_PLACEMENT_3D('Plane Axis2P3D',#10716,#10717,#10718) ;
#10743=AXIS2_PLACEMENT_3D('Plane Axis2P3D',#10740,#10741,#10742) ;
#10767=AXIS2_PLACEMENT_3D('Plane Axis2P3D',#10764,#10765,#10766) ;
#10791=AXIS2_PLACEMENT_3D('Plane Axis2P3D',#10788,#10789,#10790) ;
#10815=AXIS2_PLACEMENT_3D('Plane Axis2P3D',#10812,#10813,#10814) ;
#10839=AXIS2_PLACEMENT_3D('Plane Axis2P3D',#10836,#10837,#10838) ;
#10863=AXIS2_PLACEMENT_3D('Plane Axis2P3D',#10860,#10861,#10862) ;
#10887=AXIS2_PLACEMENT_3D('Plane Axis2P3D',#10884,#10885,#10886) ;
#10911=AXIS2_PLACEMENT_3D('Plane Axis2P3D',#10908,#10909,#10910) ;
#10935=AXIS2_PLACEMENT_3D('Plane Axis2P3D',#10932,#10933,#10934) ;
#10959=AXIS2_PLACEMENT_3D('Plane Axis2P3D',#10956,#10957,#10958) ;
#10983=AXIS2_PLACEMENT_3D('Plane Axis2P3D',#10980,#10981,#10982) ;
#11007=AXIS2_PLACEMENT_3D('Plane Axis2P3D',#11004,#11005,#11006) ;
#11031=AXIS2_PLACEMENT_3D('Plane Axis2P3D',#11028,#11029,#11030) ;
#11055=AXIS2_PLACEMENT_3D('Plane Axis2P3D',#11052,#11053,#11054) ;
#11079=AXIS2_PLACEMENT_3D('Plane Axis2P3D',#11076,#11077,#11078) ;
#11103=AXIS2_PLACEMENT_3D('Plane Axis2P3D',#11100,#11101,#11102) ;
#11127=AXIS2_PLACEMENT_3D('Plane Axis2P3D',#11124,#11125,#11126) ;
#11151=AXIS2_PLACEMENT_3D('Plane Axis2P3D',#11148,#11149,#11150) ;
#11175=AXIS2_PLACEMENT_3D('Plane Axis2P3D',#11172,#11173,#11174) ;
#11199=AXIS2_PLACEMENT_3D('Plane Axis2P3D',#11196,#11197,#11198) ;
#11223=AXIS2_PLACEMENT_3D('Plane Axis2P3D',#11220,#11221,#11222) ;
#11247=AXIS2_PLACEMENT_3D('Plane Axis2P3D',#11244,#11245,#11246) ;
#11271=AXIS2_PLACEMENT_3D('Plane Axis2P3D',#11268,#11269,#11270) ;
#11295=AXIS2_PLACEMENT_3D('Plane Axis2P3D',#11292,#11293,#11294) ;
#11319=AXIS2_PLACEMENT_3D('Plane Axis2P3D',#11316,#11317,#11318) ;
#11343=AXIS2_PLACEMENT_3D('Plane Axis2P3D',#11340,#11341,#11342) ;
#11367=AXIS2_PLACEMENT_3D('Plane Axis2P3D',#11364,#11365,#11366) ;
#11391=AXIS2_PLACEMENT_3D('Plane Axis2P3D',#11388,#11389,#11390) ;
#11415=AXIS2_PLACEMENT_3D('Plane Axis2P3D',#11412,#11413,#11414) ;
#11439=AXIS2_PLACEMENT_3D('Plane Axis2P3D',#11436,#11437,#11438) ;
#11463=AXIS2_PLACEMENT_3D('Plane Axis2P3D',#11460,#11461,#11462) ;
#11487=AXIS2_PLACEMENT_3D('Plane Axis2P3D',#11484,#11485,#11486) ;
#11511=AXIS2_PLACEMENT_3D('Plane Axis2P3D',#11508,#11509,#11510) ;
#11535=AXIS2_PLACEMENT_3D('Plane Axis2P3D',#11532,#11533,#11534) ;
#11559=AXIS2_PLACEMENT_3D('Plane Axis2P3D',#11556,#11557,#11558) ;
#11583=AXIS2_PLACEMENT_3D('Plane Axis2P3D',#11580,#11581,#11582) ;
#11607=AXIS2_PLACEMENT_3D('Plane Axis2P3D',#11604,#11605,#11606) ;
#11631=AXIS2_PLACEMENT_3D('Plane Axis2P3D',#11628,#11629,#11630) ;
#11655=AXIS2_PLACEMENT_3D('Plane Axis2P3D',#11652,#11653,#11654) ;
#11679=AXIS2_PLACEMENT_3D('Plane Axis2P3D',#11676,#11677,#11678) ;
#11703=AXIS2_PLACEMENT_3D('Plane Axis2P3D',#11700,#11701,#11702) ;
#11727=AXIS2_PLACEMENT_3D('Plane Axis2P3D',#11724,#11725,#11726) ;
#11751=AXIS2_PLACEMENT_3D('Plane Axis2P3D',#11748,#11749,#11750) ;
#11775=AXIS2_PLACEMENT_3D('Plane Axis2P3D',#11772,#11773,#11774) ;
#11799=AXIS2_PLACEMENT_3D('Plane Axis2P3D',#11796,#11797,#11798) ;
#11823=AXIS2_PLACEMENT_3D('Plane Axis2P3D',#11820,#11821,#11822) ;
#11847=AXIS2_PLACEMENT_3D('Plane Axis2P3D',#11844,#11845,#11846) ;
#11871=AXIS2_PLACEMENT_3D('Plane Axis2P3D',#11868,#11869,#11870) ;
#11895=AXIS2_PLACEMENT_3D('Plane Axis2P3D',#11892,#11893,#11894) ;
#11956=AXIS2_PLACEMENT_3D('Plane Axis2P3D',#11953,#11954,#11955) ;
#11985=AXIS2_PLACEMENT_3D('Plane Axis2P3D',#11982,#11983,#11984) ;
#12009=AXIS2_PLACEMENT_3D('Plane Axis2P3D',#12006,#12007,#12008) ;
#12033=AXIS2_PLACEMENT_3D('Plane Axis2P3D',#12030,#12031,#12032) ;
#12238=AXIS2_PLACEMENT_3D('Plane Axis2P3D',#12235,#12236,#12237) ;
#12267=AXIS2_PLACEMENT_3D('Plane Axis2P3D',#12264,#12265,#12266) ;
#12291=AXIS2_PLACEMENT_3D('Plane Axis2P3D',#12288,#12289,#12290) ;
#12315=AXIS2_PLACEMENT_3D('Plane Axis2P3D',#12312,#12313,#12314) ;
#12339=AXIS2_PLACEMENT_3D('Plane Axis2P3D',#12336,#12337,#12338) ;
#12363=AXIS2_PLACEMENT_3D('Plane Axis2P3D',#12360,#12361,#12362) ;
#12387=AXIS2_PLACEMENT_3D('Plane Axis2P3D',#12384,#12385,#12386) ;
#12411=AXIS2_PLACEMENT_3D('Plane Axis2P3D',#12408,#12409,#12410) ;
#12435=AXIS2_PLACEMENT_3D('Plane Axis2P3D',#12432,#12433,#12434) ;
#12459=AXIS2_PLACEMENT_3D('Plane Axis2P3D',#12456,#12457,#12458) ;
#12483=AXIS2_PLACEMENT_3D('Plane Axis2P3D',#12480,#12481,#12482) ;
#12507=AXIS2_PLACEMENT_3D('Plane Axis2P3D',#12504,#12505,#12506) ;
#12531=AXIS2_PLACEMENT_3D('Plane Axis2P3D',#12528,#12529,#12530) ;
#12555=AXIS2_PLACEMENT_3D('Plane Axis2P3D',#12552,#12553,#12554) ;
#12579=AXIS2_PLACEMENT_3D('Plane Axis2P3D',#12576,#12577,#12578) ;
#12603=AXIS2_PLACEMENT_3D('Plane Axis2P3D',#12600,#12601,#12602) ;
#12627=AXIS2_PLACEMENT_3D('Plane Axis2P3D',#12624,#12625,#12626) ;
#12651=AXIS2_PLACEMENT_3D('Plane Axis2P3D',#12648,#12649,#12650) ;
#12675=AXIS2_PLACEMENT_3D('Plane Axis2P3D',#12672,#12673,#12674) ;
#12699=AXIS2_PLACEMENT_3D('Plane Axis2P3D',#12696,#12697,#12698) ;
#12723=AXIS2_PLACEMENT_3D('Plane Axis2P3D',#12720,#12721,#12722) ;
#12747=AXIS2_PLACEMENT_3D('Plane Axis2P3D',#12744,#12745,#12746) ;
#12952=AXIS2_PLACEMENT_3D('Plane Axis2P3D',#12949,#12950,#12951) ;
#12981=AXIS2_PLACEMENT_3D('Plane Axis2P3D',#12978,#12979,#12980) ;
#13005=AXIS2_PLACEMENT_3D('Plane Axis2P3D',#13002,#13003,#13004) ;
#13029=AXIS2_PLACEMENT_3D('Plane Axis2P3D',#13026,#13027,#13028) ;
#13053=AXIS2_PLACEMENT_3D('Plane Axis2P3D',#13050,#13051,#13052) ;
#13077=AXIS2_PLACEMENT_3D('Plane Axis2P3D',#13074,#13075,#13076) ;
#13101=AXIS2_PLACEMENT_3D('Plane Axis2P3D',#13098,#13099,#13100) ;
#13125=AXIS2_PLACEMENT_3D('Plane Axis2P3D',#13122,#13123,#13124) ;
#13149=AXIS2_PLACEMENT_3D('Plane Axis2P3D',#13146,#13147,#13148) ;
#13173=AXIS2_PLACEMENT_3D('Plane Axis2P3D',#13170,#13171,#13172) ;
#13197=AXIS2_PLACEMENT_3D('Plane Axis2P3D',#13194,#13195,#13196) ;
#13221=AXIS2_PLACEMENT_3D('Plane Axis2P3D',#13218,#13219,#13220) ;
#13245=AXIS2_PLACEMENT_3D('Plane Axis2P3D',#13242,#13243,#13244) ;
#13269=AXIS2_PLACEMENT_3D('Plane Axis2P3D',#13266,#13267,#13268) ;
#13293=AXIS2_PLACEMENT_3D('Plane Axis2P3D',#13290,#13291,#13292) ;
#13317=AXIS2_PLACEMENT_3D('Plane Axis2P3D',#13314,#13315,#13316) ;
#13341=AXIS2_PLACEMENT_3D('Plane Axis2P3D',#13338,#13339,#13340) ;
#13365=AXIS2_PLACEMENT_3D('Plane Axis2P3D',#13362,#13363,#13364) ;
#13389=AXIS2_PLACEMENT_3D('Plane Axis2P3D',#13386,#13387,#13388) ;
#13413=AXIS2_PLACEMENT_3D('Plane Axis2P3D',#13410,#13411,#13412) ;
#13437=AXIS2_PLACEMENT_3D('Plane Axis2P3D',#13434,#13435,#13436) ;
#13461=AXIS2_PLACEMENT_3D('Plane Axis2P3D',#13458,#13459,#13460) ;
#13762=AXIS2_PLACEMENT_3D('Plane Axis2P3D',#13759,#13760,#13761) ;
#13791=AXIS2_PLACEMENT_3D('Plane Axis2P3D',#13788,#13789,#13790) ;
#13815=AXIS2_PLACEMENT_3D('Plane Axis2P3D',#13812,#13813,#13814) ;
#13839=AXIS2_PLACEMENT_3D('Plane Axis2P3D',#13836,#13837,#13838) ;
#13863=AXIS2_PLACEMENT_3D('Plane Axis2P3D',#13860,#13861,#13862) ;
#13887=AXIS2_PLACEMENT_3D('Plane Axis2P3D',#13884,#13885,#13886) ;
#13911=AXIS2_PLACEMENT_3D('Plane Axis2P3D',#13908,#13909,#13910) ;
#13935=AXIS2_PLACEMENT_3D('Plane Axis2P3D',#13932,#13933,#13934) ;
#13959=AXIS2_PLACEMENT_3D('Plane Axis2P3D',#13956,#13957,#13958) ;
#13983=AXIS2_PLACEMENT_3D('Plane Axis2P3D',#13980,#13981,#13982) ;
#14007=AXIS2_PLACEMENT_3D('Plane Axis2P3D',#14004,#14005,#14006) ;
#14031=AXIS2_PLACEMENT_3D('Plane Axis2P3D',#14028,#14029,#14030) ;
#14055=AXIS2_PLACEMENT_3D('Plane Axis2P3D',#14052,#14053,#14054) ;
#14079=AXIS2_PLACEMENT_3D('Plane Axis2P3D',#14076,#14077,#14078) ;
#14103=AXIS2_PLACEMENT_3D('Plane Axis2P3D',#14100,#14101,#14102) ;
#14127=AXIS2_PLACEMENT_3D('Plane Axis2P3D',#14124,#14125,#14126) ;
#14151=AXIS2_PLACEMENT_3D('Plane Axis2P3D',#14148,#14149,#14150) ;
#14175=AXIS2_PLACEMENT_3D('Plane Axis2P3D',#14172,#14173,#14174) ;
#14199=AXIS2_PLACEMENT_3D('Plane Axis2P3D',#14196,#14197,#14198) ;
#14223=AXIS2_PLACEMENT_3D('Plane Axis2P3D',#14220,#14221,#14222) ;
#14247=AXIS2_PLACEMENT_3D('Plane Axis2P3D',#14244,#14245,#14246) ;
#14271=AXIS2_PLACEMENT_3D('Plane Axis2P3D',#14268,#14269,#14270) ;
#14295=AXIS2_PLACEMENT_3D('Plane Axis2P3D',#14292,#14293,#14294) ;
#14319=AXIS2_PLACEMENT_3D('Plane Axis2P3D',#14316,#14317,#14318) ;
#14343=AXIS2_PLACEMENT_3D('Plane Axis2P3D',#14340,#14341,#14342) ;
#14367=AXIS2_PLACEMENT_3D('Plane Axis2P3D',#14364,#14365,#14366) ;
#14391=AXIS2_PLACEMENT_3D('Plane Axis2P3D',#14388,#14389,#14390) ;
#14415=AXIS2_PLACEMENT_3D('Plane Axis2P3D',#14412,#14413,#14414) ;
#14439=AXIS2_PLACEMENT_3D('Plane Axis2P3D',#14436,#14437,#14438) ;
#14463=AXIS2_PLACEMENT_3D('Plane Axis2P3D',#14460,#14461,#14462) ;
#14487=AXIS2_PLACEMENT_3D('Plane Axis2P3D',#14484,#14485,#14486) ;
#14511=AXIS2_PLACEMENT_3D('Plane Axis2P3D',#14508,#14509,#14510) ;
#14535=AXIS2_PLACEMENT_3D('Plane Axis2P3D',#14532,#14533,#14534) ;
#14559=AXIS2_PLACEMENT_3D('Plane Axis2P3D',#14556,#14557,#14558) ;
#14668=AXIS2_PLACEMENT_3D('Plane Axis2P3D',#14665,#14666,#14667) ;
#14697=AXIS2_PLACEMENT_3D('Plane Axis2P3D',#14694,#14695,#14696) ;
#14740=AXIS2_PLACEMENT_3D('Plane Axis2P3D',#14737,#14738,#14739) ;
#14783=AXIS2_PLACEMENT_3D('Plane Axis2P3D',#14780,#14781,#14782) ;
#14826=AXIS2_PLACEMENT_3D('Plane Axis2P3D',#14823,#14824,#14825) ;
#14869=AXIS2_PLACEMENT_3D('Plane Axis2P3D',#14866,#14867,#14868) ;
#14887=AXIS2_PLACEMENT_3D('Circle Axis2P3D',#14885,#14886,$) ;
#14896=AXIS2_PLACEMENT_3D('Circle Axis2P3D',#14894,#14895,$) ;
#14905=AXIS2_PLACEMENT_3D('Circle Axis2P3D',#14903,#14904,$) ;
#14914=AXIS2_PLACEMENT_3D('Circle Axis2P3D',#14912,#14913,$) ;
#14923=AXIS2_PLACEMENT_3D('Circle Axis2P3D',#14921,#14922,$) ;
#14932=AXIS2_PLACEMENT_3D('Circle Axis2P3D',#14930,#14931,$) ;
#14941=AXIS2_PLACEMENT_3D('Circle Axis2P3D',#14939,#14940,$) ;
#14950=AXIS2_PLACEMENT_3D('Circle Axis2P3D',#14948,#14949,$) ;
#14959=AXIS2_PLACEMENT_3D('Circle Axis2P3D',#14957,#14958,$) ;
#14968=AXIS2_PLACEMENT_3D('Circle Axis2P3D',#14966,#14967,$) ;
#14977=AXIS2_PLACEMENT_3D('Circle Axis2P3D',#14975,#14976,$) ;
#14986=AXIS2_PLACEMENT_3D('Circle Axis2P3D',#14984,#14985,$) ;
#14995=AXIS2_PLACEMENT_3D('Circle Axis2P3D',#14993,#14994,$) ;
#15004=AXIS2_PLACEMENT_3D('Circle Axis2P3D',#15002,#15003,$) ;
#15013=AXIS2_PLACEMENT_3D('Circle Axis2P3D',#15011,#15012,$) ;
#15022=AXIS2_PLACEMENT_3D('Circle Axis2P3D',#15020,#15021,$) ;
#15031=AXIS2_PLACEMENT_3D('Circle Axis2P3D',#15029,#15030,$) ;
#15040=AXIS2_PLACEMENT_3D('Circle Axis2P3D',#15038,#15039,$) ;
#15049=AXIS2_PLACEMENT_3D('Circle Axis2P3D',#15047,#15048,$) ;
#15058=AXIS2_PLACEMENT_3D('Circle Axis2P3D',#15056,#15057,$) ;
#15076=AXIS2_PLACEMENT_3D('Cylinder Axis2P3D',#15073,#15074,#15075) ;
#15119=AXIS2_PLACEMENT_3D('Cylinder Axis2P3D',#15116,#15117,#15118) ;
#15162=AXIS2_PLACEMENT_3D('Cylinder Axis2P3D',#15159,#15160,#15161) ;
#15205=AXIS2_PLACEMENT_3D('Cylinder Axis2P3D',#15202,#15203,#15204) ;
#15248=AXIS2_PLACEMENT_3D('Cylinder Axis2P3D',#15245,#15246,#15247) ;
#15291=AXIS2_PLACEMENT_3D('Cylinder Axis2P3D',#15288,#15289,#15290) ;
#15334=AXIS2_PLACEMENT_3D('Cylinder Axis2P3D',#15331,#15332,#15333) ;
#15377=AXIS2_PLACEMENT_3D('Cylinder Axis2P3D',#15374,#15375,#15376) ;
#15420=AXIS2_PLACEMENT_3D('Cylinder Axis2P3D',#15417,#15418,#15419) ;
#15463=AXIS2_PLACEMENT_3D('Cylinder Axis2P3D',#15460,#15461,#15462) ;
#21=CARTESIAN_POINT(' ',(0.,0.,0.)) ;
#35=CARTESIAN_POINT('Axis2P3D Location',(3.00000000001,0.,0.87606299213)) ;
#40=CARTESIAN_POINT('Line Origine',(2.6709065393,0.179784576977,0.440000000002)) ;
#44=CARTESIAN_POINT('Vertex',(2.6709065393,0.179784576977,0.)) ;
#46=CARTESIAN_POINT('Vertex',(2.6709065393,0.179784576977,0.880000000004)) ;
#49=CARTESIAN_POINT('Axis2P3D Location',(3.00000000001,0.,0.)) ;
#53=CARTESIAN_POINT('Vertex',(3.32909346072,-0.179784576977,0.)) ;
#56=CARTESIAN_POINT('Line Origine',(3.32909346072,-0.179784576977,0.440000000002)) ;
#60=CARTESIAN_POINT('Vertex',(3.32909346072,-0.179784576977,0.880000000004)) ;
#63=CARTESIAN_POINT('Axis2P3D Location',(3.00000000001,0.,0.880000000004)) ;
#75=CARTESIAN_POINT('Axis2P3D Location',(3.00000000001,0.,0.)) ;
#80=CARTESIAN_POINT('Axis2P3D Location',(3.00000000001,0.,0.880000000004)) ;
#92=CARTESIAN_POINT('Axis2P3D Location',(0.,0.,1.31375000001)) ;
#97=CARTESIAN_POINT('Axis2P3D Location',(0.,0.,2.79741234551E-016)) ;
#101=CARTESIAN_POINT('Vertex',(-1.79784576977,-3.2909346071,2.79741234551E-016)) ;
#103=CARTESIAN_POINT('Vertex',(1.79784576977,3.2909346071,2.79741234551E-016)) ;
#106=CARTESIAN_POINT('Line Origine',(-1.79784576977,-3.2909346071,0.440000000002)) ;
#110=CARTESIAN_POINT('Vertex',(-1.79784576977,-3.2909346071,0.880000000004)) ;
#113=CARTESIAN_POINT('Axis2P3D Location',(0.,0.,0.880000000004)) ;
#117=CARTESIAN_POINT('Vertex',(1.79784576977,3.2909346071,0.880000000004)) ;
#120=CARTESIAN_POINT('Line Origine',(1.79784576977,3.2909346071,0.440000000002)) ;
#132=CARTESIAN_POINT('Axis2P3D Location',(0.,0.,2.79741234551E-016)) ;
#137=CARTESIAN_POINT('Axis2P3D Location',(0.,0.,0.880000000004)) ;
#149=CARTESIAN_POINT('Axis2P3D Location',(0.,0.,1.)) ;
#154=CARTESIAN_POINT('Axis2P3D Location',(0.,0.,0.880000000004)) ;
#158=CARTESIAN_POINT('Vertex',(1.06346490253,1.94665944655,0.880000000004)) ;
#160=CARTESIAN_POINT('Vertex',(-1.06346490253,-1.94665944655,0.880000000004)) ;
#163=CARTESIAN_POINT('Axis2P3D Location',(1.06346490253,1.94665944655,1.)) ;
#167=CARTESIAN_POINT('Vertex',(1.00772271734,1.84462406098,0.970308437532)) ;
#170=CARTESIAN_POINT('Axis2P3D Location',(0.,0.,0.970308437532)) ;
#174=CARTESIAN_POINT('Vertex',(-1.00772271734,-1.84462406098,0.970308437532)) ;
#177=CARTESIAN_POINT('Axis2P3D Location',(-1.06346490253,-1.94665944655,1.)) ;
#189=CARTESIAN_POINT('Axis2P3D Location',(0.,0.,0.880000000004)) ;
#194=CARTESIAN_POINT('Axis2P3D Location',(0.,0.,0.970308437532)) ;
#206=CARTESIAN_POINT('Axis2P3D Location',(0.,0.,2.34845634604)) ;
#211=CARTESIAN_POINT('Line Origine',(0.923358704951,1.69019677215,1.65938239178)) ;
#215=CARTESIAN_POINT('Vertex',(0.838994692561,1.53576948331,2.34845634604)) ;
#218=CARTESIAN_POINT('Axis2P3D Location',(0.,0.,2.34845634604)) ;
#222=CARTESIAN_POINT('Vertex',(-0.838994692561,-1.53576948331,2.34845634604)) ;
#225=CARTESIAN_POINT('Line Origine',(-0.923358704951,-1.69019677215,1.65938239178)) ;
#237=CARTESIAN_POINT('Axis2P3D Location',(0.,0.,2.34845634604)) ;
#249=CARTESIAN_POINT('Axis2P3D Location',(0.,0.,1.31375000001)) ;
#254=CARTESIAN_POINT('Line Origine',(-0.838994692561,-1.53576948331,2.46656658226)) ;
#258=CARTESIAN_POINT('Vertex',(-0.838994692561,-1.53576948331,2.58467681848)) ;
#261=CARTESIAN_POINT('Line Origine',(0.838994692561,1.53576948331,2.46656658226)) ;
#265=CARTESIAN_POINT('Vertex',(0.838994692561,1.53576948331,2.58467681848)) ;
#268=CARTESIAN_POINT('Axis2P3D Location',(0.,0.,2.58467681848)) ;
#272=CARTESIAN_POINT('Vertex',(0.838994692561,-1.53576948331,2.58467681848)) ;
#275=CARTESIAN_POINT('Axis2P3D Location',(0.,0.,2.58467681848)) ;
#288=CARTESIAN_POINT('Axis2P3D Location',(0.,0.,2.58467681848)) ;
#292=CARTESIAN_POINT('Vertex',(-0.838994692561,1.53576948331,2.58467681848)) ;
#295=CARTESIAN_POINT('Axis2P3D Location',(0.,0.,2.58467681848)) ;
#308=CARTESIAN_POINT('Axis2P3D Location',(0.,0.,2.69000000001)) ;
#313=CARTESIAN_POINT('Line Origine',(0.806091755596,-1.47554106119,2.63733840924)) ;
#317=CARTESIAN_POINT('Vertex',(0.773188818632,-1.41531263907,2.69000000001)) ;
#320=CARTESIAN_POINT('Axis2P3D Location',(0.,0.,2.69000000001)) ;
#324=CARTESIAN_POINT('Vertex',(-0.773188818632,1.41531263907,2.69000000001)) ;
#327=CARTESIAN_POINT('Line Origine',(-0.806091755596,1.47554106119,2.63733840924)) ;
#340=CARTESIAN_POINT('Axis2P3D Location',(0.,0.,1.31375000001)) ;
#345=CARTESIAN_POINT('Axis2P3D Location',(0.,0.,2.69000000001)) ;
#349=CARTESIAN_POINT('Vertex',(0.735438776222,1.34621164995,2.69000000001)) ;
#351=CARTESIAN_POINT('Vertex',(-0.735438776222,-1.34621164995,2.69000000001)) ;
#354=CARTESIAN_POINT('Line Origine',(0.735438776222,1.34621164995,1.31375000001)) ;
#358=CARTESIAN_POINT('Vertex',(0.735438776222,1.34621164995,-0.0625000000003)) ;
#361=CARTESIAN_POINT('Axis2P3D Location',(0.,0.,-0.0625000000003)) ;
#365=CARTESIAN_POINT('Vertex',(-0.735438776222,-1.34621164995,-0.0625000000003)) ;
#368=CARTESIAN_POINT('Line Origine',(-0.735438776222,-1.34621164995,1.31375000001)) ;
#380=CARTESIAN_POINT('Axis2P3D Location',(0.,0.,2.69000000001)) ;
#385=CARTESIAN_POINT('Axis2P3D Location',(0.,0.,-0.0625000000003)) ;
#397=CARTESIAN_POINT('Axis2P3D Location',(0.,1.53400000001,-0.0625000000003)) ;
#402=CARTESIAN_POINT('Axis2P3D Location',(0.,0.,-0.0625000000003)) ;
#406=CARTESIAN_POINT('Vertex',(-1.19856384652,-2.19395640473,-0.0625000000003)) ;
#408=CARTESIAN_POINT('Vertex',(1.19856384652,2.19395640473,-0.0625000000003)) ;
#411=CARTESIAN_POINT('Axis2P3D Location',(0.,0.,-0.0625000000003)) ;
#425=CARTESIAN_POINT('Axis2P3D Location',(0.,1.75000000001,2.69000000001)) ;
#430=CARTESIAN_POINT('Axis2P3D Location',(0.,0.,2.69000000001)) ;
#452=CARTESIAN_POINT('Axis2P3D Location',(0.,0.,1.31375000001)) ;
#457=CARTESIAN_POINT('Line Origine',(-1.19856384652,-2.19395640473,-0.0312500000001)) ;
#461=CARTESIAN_POINT('Vertex',(-1.19856384652,-2.19395640473,0.)) ;
#464=CARTESIAN_POINT('Axis2P3D Location',(0.,0.,2.79741234551E-016)) ;
#468=CARTESIAN_POINT('Vertex',(1.19856384652,2.19395640473,0.)) ;
#471=CARTESIAN_POINT('Line Origine',(1.19856384652,2.19395640473,-0.0312500000001)) ;
#483=CARTESIAN_POINT('Axis2P3D Location',(0.,0.,2.79741234551E-016)) ;
#495=CARTESIAN_POINT('Axis2P3D Location',(0.,2.50000000001,0.)) ;
#512=CARTESIAN_POINT('Axis2P3D Location',(-3.1470888887E-016,-3.00000000001,0.)) ;
#516=CARTESIAN_POINT('Vertex',(0.179784576977,-2.6709065393,0.)) ;
#518=CARTESIAN_POINT('Vertex',(-0.179784576977,-3.32909346072,0.)) ;
#521=CARTESIAN_POINT('Axis2P3D Location',(-3.84644197508E-016,-3.00000000001,0.)) ;
#530=CARTESIAN_POINT('Axis2P3D Location',(-3.00000000001,0.,0.)) ;
#534=CARTESIAN_POINT('Vertex',(-2.6709065393,-0.179784576977,0.)) ;
#536=CARTESIAN_POINT('Vertex',(-3.32909346072,0.179784576977,0.)) ;
#539=CARTESIAN_POINT('Axis2P3D Location',(-3.00000000001,-2.79741234551E-016,0.)) ;
#548=CARTESIAN_POINT('Axis2P3D Location',(-6.2941777774E-016,3.00000000001,0.)) ;
#552=CARTESIAN_POINT('Vertex',(-0.179784576977,2.6709065393,0.)) ;
#554=CARTESIAN_POINT('Vertex',(0.179784576977,3.32909346072,0.)) ;
#557=CARTESIAN_POINT('Axis2P3D Location',(-5.59482469102E-016,3.00000000001,0.)) ;
#567=CARTESIAN_POINT('Axis2P3D Location',(-5.51091059619E-016,3.00000000001,0.87606299213)) ;
#572=CARTESIAN_POINT('Line Origine',(-0.179784576977,2.6709065393,0.440000000002)) ;
#576=CARTESIAN_POINT('Vertex',(-0.179784576977,2.6709065393,0.880000000004)) ;
#579=CARTESIAN_POINT('Line Origine',(0.179784576977,3.32909346072,0.440000000002)) ;
#583=CARTESIAN_POINT('Vertex',(0.179784576977,3.32909346072,0.880000000004)) ;
#586=CARTESIAN_POINT('Axis2P3D Location',(-5.51091059619E-016,3.00000000001,0.880000000004)) ;
#598=CARTESIAN_POINT('Axis2P3D Location',(-5.51091059619E-016,3.00000000001,0.880000000004)) ;
#610=CARTESIAN_POINT('Axis2P3D Location',(-3.00000000001,-3.67394039746E-016,0.87606299213)) ;
#615=CARTESIAN_POINT('Line Origine',(-2.6709065393,-0.179784576977,0.440000000002)) ;
#619=CARTESIAN_POINT('Vertex',(-2.6709065393,-0.179784576977,0.880000000004)) ;
#622=CARTESIAN_POINT('Line Origine',(-3.32909346072,0.179784576977,0.440000000002)) ;
#626=CARTESIAN_POINT('Vertex',(-3.32909346072,0.179784576977,0.880000000004)) ;
#629=CARTESIAN_POINT('Axis2P3D Location',(-3.00000000001,-3.67394039746E-016,0.880000000004)) ;
#641=CARTESIAN_POINT('Axis2P3D Location',(-3.00000000001,-3.67394039746E-016,0.880000000004)) ;
#653=CARTESIAN_POINT('Axis2P3D Location',(-3.7578544923E-016,-3.00000000001,0.87606299213)) ;
#658=CARTESIAN_POINT('Line Origine',(0.179784576977,-2.6709065393,0.440000000002)) ;
#662=CARTESIAN_POINT('Vertex',(0.179784576977,-2.6709065393,0.880000000004)) ;
#665=CARTESIAN_POINT('Line Origine',(-0.179784576977,-3.32909346072,0.440000000002)) ;
#669=CARTESIAN_POINT('Vertex',(-0.179784576977,-3.32909346072,0.880000000004)) ;
#672=CARTESIAN_POINT('Axis2P3D Location',(-3.7578544923E-016,-3.00000000001,0.880000000004)) ;
#684=CARTESIAN_POINT('Axis2P3D Location',(-3.7578544923E-016,-3.00000000001,0.880000000004)) ;
#696=CARTESIAN_POINT('Axis2P3D Location',(0.,3.75000000002,0.880000000004)) ;
#725=CARTESIAN_POINT('Axis2P3D Location',(2.12132034357,2.12132034357,0.880000000004)) ;
#729=CARTESIAN_POINT('Vertex',(1.94631141522,2.29632927191,0.880000000004)) ;
#731=CARTESIAN_POINT('Vertex',(2.29632927191,1.94631141522,0.880000000004)) ;
#734=CARTESIAN_POINT('Axis2P3D Location',(2.12132034357,2.12132034357,0.880000000004)) ;
#744=CARTESIAN_POINT('Axis2P3D Location',(2.12132034357,2.12132034357,0.880000000004)) ;
#748=CARTESIAN_POINT('Vertex',(1.98343452124,2.2592061659,0.880000000004)) ;
#750=CARTESIAN_POINT('Vertex',(2.2592061659,1.98343452124,0.880000000004)) ;
#753=CARTESIAN_POINT('Axis2P3D Location',(2.12132034357,2.12132034357,0.880000000004)) ;
#762=CARTESIAN_POINT('Line Origine',(2.07827079031,2.07168488936,0.880000000004)) ;
#766=CARTESIAN_POINT('Vertex',(2.07057517043,2.06953440086,0.880000000004)) ;
#768=CARTESIAN_POINT('Vertex',(2.08596641018,2.07383537786,0.880000000004)) ;
#771=CARTESIAN_POINT('Line Origine',(2.08673432815,2.07407190507,0.880000000004)) ;
#775=CARTESIAN_POINT('Vertex',(2.08750224611,2.07430843229,0.880000000004)) ;
#778=CARTESIAN_POINT('Line Origine',(2.08829031662,2.07457253667,0.880000000004)) ;
#782=CARTESIAN_POINT('Vertex',(2.08907838713,2.07483664106,0.880000000004)) ;
#785=CARTESIAN_POINT('Line Origine',(2.08988714051,2.07512885293,0.880000000004)) ;
#789=CARTESIAN_POINT('Vertex',(2.09069589389,2.07542106481,0.880000000004)) ;
#792=CARTESIAN_POINT('Line Origine',(2.09152479981,2.07574191451,0.880000000004)) ;
#796=CARTESIAN_POINT('Vertex',(2.09235370574,2.07606276422,0.880000000004)) ;
#799=CARTESIAN_POINT('Line Origine',(2.09320382487,2.07641225174,0.880000000004)) ;
#803=CARTESIAN_POINT('Vertex',(2.09405394399,2.07676173927,0.880000000004)) ;
#806=CARTESIAN_POINT('Line Origine',(2.09492474599,2.07713933429,0.880000000004)) ;
#810=CARTESIAN_POINT('Vertex',(2.095795548,2.07751692931,0.880000000004)) ;
#813=CARTESIAN_POINT('Line Origine',(2.09668703287,2.07792263183,0.880000000004)) ;
#817=CARTESIAN_POINT('Vertex',(2.09757851774,2.07832833434,0.880000000004)) ;
#820=CARTESIAN_POINT('Line Origine',(2.09849068549,2.07876214435,0.880000000004)) ;
#824=CARTESIAN_POINT('Vertex',(2.09940285324,2.07919595436,0.880000000004)) ;
#827=CARTESIAN_POINT('Line Origine',(2.10033517353,2.0796584022,0.880000000004)) ;
#831=CARTESIAN_POINT('Vertex',(2.10126749382,2.08012085003,0.880000000004)) ;
#834=CARTESIAN_POINT('Line Origine',(2.10222155765,2.08061140536,0.880000000004)) ;
#838=CARTESIAN_POINT('Vertex',(2.10317562147,2.08110196069,0.880000000004)) ;
#841=CARTESIAN_POINT('Line Origine',(2.10317509114,2.07995485672,0.880000000004)) ;
#845=CARTESIAN_POINT('Vertex',(2.10317456081,2.07880775274,0.880000000004)) ;
#848=CARTESIAN_POINT('Line Origine',(2.1025609689,2.077731713,0.880000000004)) ;
#852=CARTESIAN_POINT('Vertex',(2.10194737699,2.07665567325,0.880000000004)) ;
#855=CARTESIAN_POINT('Line Origine',(2.10140590997,2.07561357463,0.880000000004)) ;
#859=CARTESIAN_POINT('Vertex',(2.10086444296,2.07457147601,0.880000000004)) ;
#862=CARTESIAN_POINT('Line Origine',(2.1003945705,2.07356490951,0.880000000004)) ;
#866=CARTESIAN_POINT('Vertex',(2.09992469804,2.07255834301,0.880000000004)) ;
#869=CARTESIAN_POINT('Line Origine',(2.09952748081,2.07158624796,0.880000000004)) ;
#873=CARTESIAN_POINT('Vertex',(2.09913026358,2.07061415291,0.880000000004)) ;
#876=CARTESIAN_POINT('Line Origine',(2.09880570156,2.06967758998,0.880000000004)) ;
#880=CARTESIAN_POINT('Vertex',(2.09848113955,2.06874102705,0.880000000004)) ;
#883=CARTESIAN_POINT('Line Origine',(2.09822870243,2.06783840524,0.880000000004)) ;
#887=CARTESIAN_POINT('Vertex',(2.09797626531,2.06693578344,0.880000000004)) ;
#890=CARTESIAN_POINT('Line Origine',(2.09779542275,2.06606869375,0.880000000004)) ;
#894=CARTESIAN_POINT('Vertex',(2.09761458019,2.06520160406,0.880000000004)) ;
#897=CARTESIAN_POINT('Line Origine',(2.09750692318,2.06436845549,0.880000000004)) ;
#901=CARTESIAN_POINT('Vertex',(2.09739926617,2.06353530693,0.880000000004)) ;
#904=CARTESIAN_POINT('Line Origine',(2.09736320373,2.06273769048,0.880000000004)) ;
#908=CARTESIAN_POINT('Vertex',(2.09732714128,2.06194007403,0.880000000004)) ;
#911=CARTESIAN_POINT('Line Origine',(2.09736373406,2.06117692903,0.880000000004)) ;
#915=CARTESIAN_POINT('Vertex',(2.09740032683,2.06041378404,0.880000000004)) ;
#918=CARTESIAN_POINT('Line Origine',(2.09751116582,2.05966336697,0.880000000004)) ;
#922=CARTESIAN_POINT('Vertex',(2.09762200481,2.0589129499,0.880000000004)) ;
#925=CARTESIAN_POINT('Line Origine',(2.09781027199,2.05815298689,0.880000000004)) ;
#929=CARTESIAN_POINT('Vertex',(2.09799853917,2.05739302387,0.880000000004)) ;
#932=CARTESIAN_POINT('Line Origine',(2.09826317388,2.05662351492,0.880000000004)) ;
#936=CARTESIAN_POINT('Vertex',(2.0985278086,2.05585400596,0.880000000004)) ;
#939=CARTESIAN_POINT('Line Origine',(2.0988698715,2.05507495107,0.880000000004)) ;
#943=CARTESIAN_POINT('Vertex',(2.09921193441,2.05429589617,0.880000000004)) ;
#946=CARTESIAN_POINT('Line Origine',(2.09963036485,2.05350729533,0.880000000004)) ;
#950=CARTESIAN_POINT('Vertex',(2.10004879528,2.0527186945,0.880000000004)) ;
#953=CARTESIAN_POINT('Line Origine',(2.10054412358,2.05192001739,0.880000000004)) ;
#957=CARTESIAN_POINT('Vertex',(2.10103945188,2.05112134028,0.880000000004)) ;
#960=CARTESIAN_POINT('Line Origine',(2.10161167805,2.05031364756,0.880000000004)) ;
#964=CARTESIAN_POINT('Vertex',(2.10218390421,2.04950595483,0.880000000004)) ;
#967=CARTESIAN_POINT('Line Origine',(2.10283355856,2.04868871617,0.880000000004)) ;
#971=CARTESIAN_POINT('Vertex',(2.10348321292,2.04787147751,0.880000000004)) ;
#974=CARTESIAN_POINT('Line Origine',(2.10420870448,2.04704416258,0.880000000004)) ;
#978=CARTESIAN_POINT('Vertex',(2.10493419604,2.04621684764,0.880000000004)) ;
#981=CARTESIAN_POINT('Line Origine',(2.10573658546,2.0453805171,0.880000000004)) ;
#985=CARTESIAN_POINT('Vertex',(2.10653897487,2.04454418655,0.880000000004)) ;
#988=CARTESIAN_POINT('Line Origine',(2.10723370729,2.04386218206,0.880000000004)) ;
#992=CARTESIAN_POINT('Vertex',(2.1079284397,2.04318017757,0.880000000004)) ;
#995=CARTESIAN_POINT('Line Origine',(2.1086353697,2.04251037067,0.880000000004)) ;
#999=CARTESIAN_POINT('Vertex',(2.10934229971,2.04184056377,0.880000000004)) ;
#1002=CARTESIAN_POINT('Line Origine',(2.11006089698,2.04118242414,0.880000000004)) ;
#1006=CARTESIAN_POINT('Vertex',(2.11077949424,2.0405242845,0.880000000004)) ;
#1009=CARTESIAN_POINT('Line Origine',(2.11151081943,2.03987887279,0.880000000004)) ;
#1013=CARTESIAN_POINT('Vertex',(2.11224214462,2.03923346107,0.880000000004)) ;
#1016=CARTESIAN_POINT('Line Origine',(2.1129856674,2.03860024695,0.880000000004)) ;
#1020=CARTESIAN_POINT('Vertex',(2.11372919018,2.03796703283,0.880000000004)) ;
#1023=CARTESIAN_POINT('Line Origine',(2.15564011621,2.07896048781,0.880000000004)) ;
#1027=CARTESIAN_POINT('Vertex',(2.19755104223,2.11995394278,0.880000000004)) ;
#1030=CARTESIAN_POINT('Line Origine',(2.19720738834,2.12863438563,0.880000000004)) ;
#1034=CARTESIAN_POINT('Vertex',(2.19686373444,2.13731482848,0.880000000004)) ;
#1037=CARTESIAN_POINT('Line Origine',(2.21433917143,2.11983939149,0.880000000004)) ;
#1041=CARTESIAN_POINT('Vertex',(2.23181460842,2.1023639545,0.880000000004)) ;
#1044=CARTESIAN_POINT('Line Origine',(2.2219870616,2.10324271145,0.880000000004)) ;
#1048=CARTESIAN_POINT('Vertex',(2.21215951478,2.1041214684,0.880000000004)) ;
#1051=CARTESIAN_POINT('Line Origine',(2.17411098277,2.06607293639,0.880000000004)) ;
#1055=CARTESIAN_POINT('Vertex',(2.13606245076,2.02802440438,0.880000000004)) ;
#1058=CARTESIAN_POINT('Line Origine',(2.13873849637,2.02527093057,0.880000000004)) ;
#1062=CARTESIAN_POINT('Vertex',(2.14141454198,2.02251745676,0.880000000004)) ;
#1065=CARTESIAN_POINT('Line Origine',(2.14219518787,2.02176863068,0.880000000004)) ;
#1069=CARTESIAN_POINT('Vertex',(2.14297583376,2.0210198046,0.880000000004)) ;
#1072=CARTESIAN_POINT('Line Origine',(2.1437416304,2.02034628539,0.880000000004)) ;
#1076=CARTESIAN_POINT('Vertex',(2.14450742704,2.01967276618,0.880000000004)) ;
#1079=CARTESIAN_POINT('Line Origine',(2.14525890478,2.01907614484,0.880000000004)) ;
#1083=CARTESIAN_POINT('Vertex',(2.14601038251,2.01847952349,0.880000000004)) ;
#1086=CARTESIAN_POINT('Line Origine',(2.14674754133,2.01795980001,0.880000000004)) ;
#1090=CARTESIAN_POINT('Vertex',(2.14748470015,2.01744007652,0.880000000004)) ;
#1093=CARTESIAN_POINT('Line Origine',(2.14820700972,2.01699672057,0.880000000004)) ;
#1097=CARTESIAN_POINT('Vertex',(2.1489293193,2.01655336462,0.880000000004)) ;
#1100=CARTESIAN_POINT('Line Origine',(2.14963730996,2.01618584587,0.880000000004)) ;
#1104=CARTESIAN_POINT('Vertex',(2.15034530063,2.01581832712,0.880000000004)) ;
#1107=CARTESIAN_POINT('Line Origine',(2.15103791172,2.01552770623,0.880000000004)) ;
#1111=CARTESIAN_POINT('Vertex',(2.15173052281,2.01523708534,0.880000000004)) ;
#1114=CARTESIAN_POINT('Line Origine',(2.15307384892,2.0148854765,0.880000000004)) ;
#1118=CARTESIAN_POINT('Vertex',(2.15441717503,2.01453386765,0.880000000004)) ;
#1121=CARTESIAN_POINT('Line Origine',(2.15571913539,2.01448666827,0.880000000004)) ;
#1125=CARTESIAN_POINT('Vertex',(2.15702109575,2.0144394689,0.880000000004)) ;
#1128=CARTESIAN_POINT('Line Origine',(2.15838563506,2.01469031503,0.880000000004)) ;
#1132=CARTESIAN_POINT('Vertex',(2.15975017437,2.01494116116,0.880000000004)) ;
#1135=CARTESIAN_POINT('Line Origine',(2.1611942632,2.01548899214,0.880000000004)) ;
#1139=CARTESIAN_POINT('Vertex',(2.16263835202,2.01603682311,0.880000000004)) ;
#1142=CARTESIAN_POINT('Line Origine',(2.16339036008,2.01642184276,0.880000000004)) ;
#1146=CARTESIAN_POINT('Vertex',(2.16414236814,2.0168068624,0.880000000004)) ;
#1149=CARTESIAN_POINT('Line Origine',(2.16491399842,2.01726559792,0.880000000004)) ;
#1153=CARTESIAN_POINT('Vertex',(2.16568562869,2.01772433345,0.880000000004)) ;
#1156=CARTESIAN_POINT('Line Origine',(2.16647688118,2.01825784551,0.880000000004)) ;
#1160=CARTESIAN_POINT('Vertex',(2.16726813367,2.01879135758,0.880000000004)) ;
#1163=CARTESIAN_POINT('Line Origine',(2.1680795387,2.01939911586,0.880000000004)) ;
#1167=CARTESIAN_POINT('Vertex',(2.16889094373,2.02000687414,0.880000000004)) ;
#1170=CARTESIAN_POINT('Line Origine',(2.16972250131,2.02068887863,0.880000000004)) ;
#1174=CARTESIAN_POINT('Vertex',(2.17055405888,2.02137088312,0.880000000004)) ;
#1177=CARTESIAN_POINT('Line Origine',(2.17154842779,2.02037651421,0.880000000004)) ;
#1181=CARTESIAN_POINT('Vertex',(2.1725427967,2.0193821453,0.880000000004)) ;
#1184=CARTESIAN_POINT('Line Origine',(2.17157600496,2.018613697,0.880000000004)) ;
#1188=CARTESIAN_POINT('Vertex',(2.17060921321,2.01784524871,0.880000000004)) ;
#1191=CARTESIAN_POINT('Line Origine',(2.16966787731,2.01715953191,0.880000000004)) ;
#1195=CARTESIAN_POINT('Vertex',(2.16872654141,2.0164738151,0.880000000004)) ;
#1198=CARTESIAN_POINT('Line Origine',(2.16780960069,2.01587295112,0.880000000004)) ;
#1202=CARTESIAN_POINT('Vertex',(2.16689265997,2.01527208713,0.880000000004)) ;
#1205=CARTESIAN_POINT('Line Origine',(2.16600064477,2.01475448497,0.880000000004)) ;
#1209=CARTESIAN_POINT('Vertex',(2.16510862956,2.0142368828,0.880000000004)) ;
#1212=CARTESIAN_POINT('Line Origine',(2.16424153987,2.01380254246,0.880000000004)) ;
#1216=CARTESIAN_POINT('Vertex',(2.16337445018,2.01336820212,0.880000000004)) ;
#1219=CARTESIAN_POINT('Line Origine',(2.162532286,2.01301818427,0.880000000004)) ;
#1223=CARTESIAN_POINT('Vertex',(2.16169012183,2.01266816641,0.880000000004)) ;
#1226=CARTESIAN_POINT('Line Origine',(2.16087288316,2.01240247104,0.880000000004)) ;
#1230=CARTESIAN_POINT('Vertex',(2.1600556445,2.01213677566,0.880000000004)) ;
#1233=CARTESIAN_POINT('Line Origine',(2.15926280102,2.01195381178,0.880000000004)) ;
#1237=CARTESIAN_POINT('Vertex',(2.15846995755,2.0117708479,0.880000000004)) ;
#1240=CARTESIAN_POINT('Line Origine',(2.15770256991,2.01167167618,0.880000000004)) ;
#1244=CARTESIAN_POINT('Vertex',(2.15693518228,2.01157250445,0.880000000004)) ;
#1247=CARTESIAN_POINT('Line Origine',(2.15545450068,2.01162659812,0.880000000004)) ;
#1251=CARTESIAN_POINT('Vertex',(2.15397381908,2.01168069179,0.880000000004)) ;
#1254=CARTESIAN_POINT('Line Origine',(2.15322287168,2.01183448751,0.880000000004)) ;
#1258=CARTESIAN_POINT('Vertex',(2.15247192427,2.01198828324,0.880000000004)) ;
#1261=CARTESIAN_POINT('Line Origine',(2.1517055973,2.01222640145,0.880000000004)) ;
#1265=CARTESIAN_POINT('Vertex',(2.15093927033,2.01246451966,0.880000000004)) ;
#1268=CARTESIAN_POINT('Line Origine',(2.1501596851,2.01278696035,0.880000000004)) ;
#1272=CARTESIAN_POINT('Vertex',(2.14938009987,2.01310940104,0.880000000004)) ;
#1275=CARTESIAN_POINT('Line Origine',(2.14858619573,2.01351616422,0.880000000004)) ;
#1279=CARTESIAN_POINT('Vertex',(2.1477922916,2.01392292739,0.880000000004)) ;
#1282=CARTESIAN_POINT('Line Origine',(2.14698353822,2.01441454338,0.880000000004)) ;
#1286=CARTESIAN_POINT('Vertex',(2.14617478483,2.01490615937,0.880000000004)) ;
#1289=CARTESIAN_POINT('Line Origine',(2.14535224287,2.01548262817,0.880000000004)) ;
#1293=CARTESIAN_POINT('Vertex',(2.14452970091,2.01605909698,0.880000000004)) ;
#1296=CARTESIAN_POINT('Line Origine',(2.14369337036,2.01671935793,0.880000000004)) ;
#1300=CARTESIAN_POINT('Vertex',(2.14285703982,2.01737961889,0.880000000004)) ;
#1303=CARTESIAN_POINT('Line Origine',(2.14200639036,2.01812526299,0.880000000004)) ;
#1307=CARTESIAN_POINT('Vertex',(2.1411557409,2.01887090709,0.880000000004)) ;
#1310=CARTESIAN_POINT('Line Origine',(2.14029130286,2.01970034335,0.880000000004)) ;
#1314=CARTESIAN_POINT('Vertex',(2.13942686482,2.0205297796,0.880000000004)) ;
#1317=CARTESIAN_POINT('Line Origine',(2.13717084064,2.02286217132,0.880000000004)) ;
#1321=CARTESIAN_POINT('Vertex',(2.13491481645,2.02519456304,0.880000000004)) ;
#1324=CARTESIAN_POINT('Line Origine',(2.1326206085,2.0237414586,0.880000000004)) ;
#1328=CARTESIAN_POINT('Vertex',(2.13032640055,2.02228835417,0.880000000004)) ;
#1331=CARTESIAN_POINT('Line Origine',(2.13101582966,2.02143346207,0.880000000004)) ;
#1335=CARTESIAN_POINT('Vertex',(2.13170525877,2.02057856997,0.880000000004)) ;
#1338=CARTESIAN_POINT('Line Origine',(2.13239840019,2.01975708867,0.880000000004)) ;
#1342=CARTESIAN_POINT('Vertex',(2.13309154162,2.01893560736,0.880000000004)) ;
#1345=CARTESIAN_POINT('Line Origine',(2.13378733469,2.01814753686,0.880000000004)) ;
#1349=CARTESIAN_POINT('Vertex',(2.13448312776,2.01735946635,0.880000000004)) ;
#1352=CARTESIAN_POINT('Line Origine',(2.13518210281,2.01660533697,0.880000000004)) ;
#1356=CARTESIAN_POINT('Vertex',(2.13588107787,2.01585120758,0.880000000004)) ;
#1359=CARTESIAN_POINT('Line Origine',(2.1365832349,2.01513101933,0.880000000004)) ;
#1363=CARTESIAN_POINT('Vertex',(2.13728539193,2.01441083107,0.880000000004)) ;
#1366=CARTESIAN_POINT('Line Origine',(2.13826438127,2.01347214682,0.880000000004)) ;
#1370=CARTESIAN_POINT('Vertex',(2.13924337061,2.01253346257,0.880000000004)) ;
#1373=CARTESIAN_POINT('Line Origine',(2.14020751071,2.01168917707,0.880000000004)) ;
#1377=CARTESIAN_POINT('Vertex',(2.1411716508,2.01084489157,0.880000000004)) ;
#1380=CARTESIAN_POINT('Line Origine',(2.14212094166,2.01009712615,0.880000000004)) ;
#1384=CARTESIAN_POINT('Vertex',(2.14307023251,2.00934936073,0.880000000004)) ;
#1387=CARTESIAN_POINT('Line Origine',(2.14400520445,2.00869546374,0.880000000004)) ;
#1391=CARTESIAN_POINT('Vertex',(2.14494017639,2.00804156674,0.880000000004)) ;
#1394=CARTESIAN_POINT('Line Origine',(2.14585923843,2.00748312916,0.880000000004)) ;
#1398=CARTESIAN_POINT('Vertex',(2.14677830047,2.00692469158,0.880000000004)) ;
#1401=CARTESIAN_POINT('Line Origine',(2.1476830436,2.00646224374,0.880000000004)) ;
#1405=CARTESIAN_POINT('Vertex',(2.14858778673,2.00599979591,0.880000000004)) ;
#1408=CARTESIAN_POINT('Line Origine',(2.14947715028,2.00563227716,0.880000000004)) ;
#1412=CARTESIAN_POINT('Vertex',(2.15036651383,2.00526475841,0.880000000004)) ;
#1415=CARTESIAN_POINT('Line Origine',(2.15124155847,2.00499216875,0.880000000004)) ;
#1419=CARTESIAN_POINT('Vertex',(2.15211660312,2.00471957908,0.880000000004)) ;
#1422=CARTESIAN_POINT('Line Origine',(2.15297626819,2.0045419185,0.880000000004)) ;
#1426=CARTESIAN_POINT('Vertex',(2.15383593325,2.00436425792,0.880000000004)) ;
#1429=CARTESIAN_POINT('Line Origine',(2.15468074908,2.00428205676,0.880000000004)) ;
#1433=CARTESIAN_POINT('Vertex',(2.15552556491,2.0041998556,0.880000000004)) ;
#1436=CARTESIAN_POINT('Line Origine',(2.1563714414,2.00421311385,0.880000000004)) ;
#1440=CARTESIAN_POINT('Vertex',(2.15721731788,2.0042263721,0.880000000004)) ;
#1443=CARTESIAN_POINT('Line Origine',(2.1580796346,2.00433349878,0.880000000004)) ;
#1447=CARTESIAN_POINT('Vertex',(2.15894195132,2.00444062546,0.880000000004)) ;
#1450=CARTESIAN_POINT('Line Origine',(2.15982017794,2.00464215089,0.880000000004)) ;
#1454=CARTESIAN_POINT('Vertex',(2.16069840457,2.00484367632,0.880000000004)) ;
#1457=CARTESIAN_POINT('Line Origine',(2.16159360175,2.00514066117,0.880000000004)) ;
#1461=CARTESIAN_POINT('Vertex',(2.16248879894,2.00543764602,0.880000000004)) ;
#1464=CARTESIAN_POINT('Line Origine',(2.16339990602,2.00582796896,0.880000000004)) ;
#1468=CARTESIAN_POINT('Vertex',(2.16431101311,2.0062182919,0.880000000004)) ;
#1471=CARTESIAN_POINT('Line Origine',(2.16523909076,2.0067030136,0.880000000004)) ;
#1475=CARTESIAN_POINT('Vertex',(2.16616716841,2.0071877353,0.880000000004)) ;
#1478=CARTESIAN_POINT('Line Origine',(2.1671116863,2.00776738608,0.880000000004)) ;
#1482=CARTESIAN_POINT('Vertex',(2.16805620418,2.00834703687,0.880000000004)) ;
#1485=CARTESIAN_POINT('Line Origine',(2.16901663196,2.00902108641,0.880000000004)) ;
#1489=CARTESIAN_POINT('Vertex',(2.16997705975,2.00969513595,0.880000000004)) ;
#1492=CARTESIAN_POINT('Line Origine',(2.1709544581,2.01046358424,0.880000000004)) ;
#1496=CARTESIAN_POINT('Vertex',(2.17193185645,2.01123203254,0.880000000004)) ;
#1499=CARTESIAN_POINT('Line Origine',(2.1729251647,2.01209487959,0.880000000004)) ;
#1503=CARTESIAN_POINT('Vertex',(2.17391847295,2.01295772664,0.880000000004)) ;
#1506=CARTESIAN_POINT('Line Origine',(2.17364959559,2.01107664582,0.880000000004)) ;
#1510=CARTESIAN_POINT('Vertex',(2.17338071824,2.00919556501,0.880000000004)) ;
#1513=CARTESIAN_POINT('Line Origine',(2.17266318163,2.00771329242,0.880000000004)) ;
#1517=CARTESIAN_POINT('Vertex',(2.17194564503,2.00623101983,0.880000000004)) ;
#1520=CARTESIAN_POINT('Line Origine',(2.17124030601,2.00468775928,0.880000000004)) ;
#1524=CARTESIAN_POINT('Vertex',(2.170534967,2.00314449873,0.880000000004)) ;
#1527=CARTESIAN_POINT('Line Origine',(2.16984076492,2.00154131088,0.880000000004)) ;
#1531=CARTESIAN_POINT('Vertex',(2.16914656283,1.99993812303,0.880000000004)) ;
#1534=CARTESIAN_POINT('Line Origine',(2.16846402801,1.99827447755,0.880000000004)) ;
#1538=CARTESIAN_POINT('Vertex',(2.16778149319,1.99661083207,0.880000000004)) ;
#1541=CARTESIAN_POINT('Line Origine',(2.16711062563,1.99488672896,0.880000000004)) ;
#1545=CARTESIAN_POINT('Vertex',(2.16643975808,1.99316262585,0.880000000004)) ;
#1548=CARTESIAN_POINT('Line Origine',(2.16578002745,1.99137753478,0.880000000004)) ;
#1552=CARTESIAN_POINT('Vertex',(2.16512029682,1.98959244371,0.880000000004)) ;
#1555=CARTESIAN_POINT('Line Origine',(2.16447223346,1.98774689501,0.880000000004)) ;
#1559=CARTESIAN_POINT('Vertex',(2.16382417009,1.98590134631,0.880000000004)) ;
#1562=CARTESIAN_POINT('Line Origine',(2.16318724366,1.98399587032,0.880000000004)) ;
#1566=CARTESIAN_POINT('Vertex',(2.16255031723,1.98209039432,0.880000000004)) ;
#1569=CARTESIAN_POINT('Line Origine',(2.16192558839,1.98012499102,0.880000000004)) ;
#1573=CARTESIAN_POINT('Vertex',(2.16130085954,1.97815958772,0.880000000004)) ;
#1576=CARTESIAN_POINT('Line Origine',(2.11510592708,2.02358872354,0.880000000004)) ;
#1580=CARTESIAN_POINT('Vertex',(2.06891099462,2.06901785935,0.880000000004)) ;
#1583=CARTESIAN_POINT('Line Origine',(2.06974308253,2.06927613011,0.880000000004)) ;
#1708=CARTESIAN_POINT('Line Origine',(2.07274952378,2.0792988384,0.880000000004)) ;
#1712=CARTESIAN_POINT('Vertex',(2.07140778867,2.07902837006,0.880000000004)) ;
#1714=CARTESIAN_POINT('Vertex',(2.0740912589,2.07956930674,0.880000000004)) ;
#1717=CARTESIAN_POINT('Line Origine',(2.07552686244,2.07992303691,0.880000000004)) ;
#1721=CARTESIAN_POINT('Vertex',(2.07696246598,2.08027676708,0.880000000004)) ;
#1724=CARTESIAN_POINT('Line Origine',(2.07849299861,2.08071375907,0.880000000004)) ;
#1728=CARTESIAN_POINT('Vertex',(2.08002353124,2.08115075106,0.880000000004)) ;
#1731=CARTESIAN_POINT('Line Origine',(2.08164740196,2.0816715352,0.880000000004)) ;
#1735=CARTESIAN_POINT('Vertex',(2.08327127269,2.08219231935,0.880000000004)) ;
#1738=CARTESIAN_POINT('Line Origine',(2.08498954216,2.08279583499,0.880000000004)) ;
#1742=CARTESIAN_POINT('Vertex',(2.08670781164,2.08339935062,0.880000000004)) ;
#1745=CARTESIAN_POINT('Line Origine',(2.08851994955,2.08408612809,0.880000000004)) ;
#1749=CARTESIAN_POINT('Vertex',(2.09033208745,2.08477290555,0.880000000004)) ;
#1752=CARTESIAN_POINT('Line Origine',(2.09223809378,2.08554400549,0.880000000004)) ;
#1756=CARTESIAN_POINT('Vertex',(2.09414410011,2.08631510544,0.880000000004)) ;
#1759=CARTESIAN_POINT('Line Origine',(2.09614450519,2.08716893687,0.880000000004)) ;
#1763=CARTESIAN_POINT('Vertex',(2.09814491028,2.08802276831,0.880000000004)) ;
#1766=CARTESIAN_POINT('Line Origine',(2.10023918378,2.08895986157,0.880000000004)) ;
#1770=CARTESIAN_POINT('Vertex',(2.10233345729,2.08989695484,0.880000000004)) ;
#1773=CARTESIAN_POINT('Line Origine',(2.10298364198,2.0885584017,0.880000000004)) ;
#1777=CARTESIAN_POINT('Vertex',(2.10363382666,2.08721984856,0.880000000004)) ;
#1780=CARTESIAN_POINT('Line Origine',(2.10107604466,2.08601971158,0.880000000004)) ;
#1784=CARTESIAN_POINT('Vertex',(2.09851826266,2.08481957459,0.880000000004)) ;
#1787=CARTESIAN_POINT('Line Origine',(2.09651944856,2.08394081764,0.880000000004)) ;
#1791=CARTESIAN_POINT('Vertex',(2.09452063447,2.08306206069,0.880000000004)) ;
#1794=CARTESIAN_POINT('Line Origine',(2.09262152243,2.08227664183,0.880000000004)) ;
#1798=CARTESIAN_POINT('Vertex',(2.09072241039,2.08149122297,0.880000000004)) ;
#1801=CARTESIAN_POINT('Line Origine',(2.08892406107,2.08079808155,0.880000000004)) ;
#1805=CARTESIAN_POINT('Vertex',(2.08712571175,2.08010494013,0.880000000004)) ;
#1808=CARTESIAN_POINT('Line Origine',(2.08542759482,2.07950354581,0.880000000004)) ;
#1812=CARTESIAN_POINT('Vertex',(2.08372947788,2.0789021515,0.880000000004)) ;
#1815=CARTESIAN_POINT('Line Origine',(2.08213159333,2.0783946256,0.880000000004)) ;
#1819=CARTESIAN_POINT('Vertex',(2.08053370878,2.07788709971,0.880000000004)) ;
#1822=CARTESIAN_POINT('Line Origine',(2.07903605662,2.07747132092,0.880000000004)) ;
#1826=CARTESIAN_POINT('Vertex',(2.07753840446,2.07705554214,0.880000000004)) ;
#1829=CARTESIAN_POINT('Line Origine',(2.07614045435,2.07673204078,0.880000000004)) ;
#1833=CARTESIAN_POINT('Vertex',(2.07474250425,2.07640853943,0.880000000004)) ;
#1836=CARTESIAN_POINT('Line Origine',(2.07344478653,2.07617784584,0.880000000004)) ;
#1840=CARTESIAN_POINT('Vertex',(2.0721470688,2.07594715226,0.880000000004)) ;
#1843=CARTESIAN_POINT('Line Origine',(2.0709501138,2.07580979676,0.880000000004)) ;
#1847=CARTESIAN_POINT('Vertex',(2.0697531588,2.07567244127,0.880000000004)) ;
#1850=CARTESIAN_POINT('Line Origine',(2.06933260704,2.07716319914,0.880000000004)) ;
#1854=CARTESIAN_POINT('Vertex',(2.06891205528,2.07865395702,0.880000000004)) ;
#1857=CARTESIAN_POINT('Line Origine',(2.07015992197,2.07884116354,0.880000000004)) ;
#1886=CARTESIAN_POINT('Line Origine',(2.10202798716,2.06729746856,0.880000000004)) ;
#1890=CARTESIAN_POINT('Vertex',(2.1017341843,2.06824145611,0.880000000004)) ;
#1892=CARTESIAN_POINT('Vertex',(2.10232179003,2.066353481,0.880000000004)) ;
#1895=CARTESIAN_POINT('Line Origine',(2.10267339888,2.065428055,0.880000000004)) ;
#1899=CARTESIAN_POINT('Vertex',(2.10302500773,2.064502629,0.880000000004)) ;
#1902=CARTESIAN_POINT('Line Origine',(2.10343495288,2.06359523423,0.880000000004)) ;
#1906=CARTESIAN_POINT('Vertex',(2.10384489804,2.06268783945,0.880000000004)) ;
#1909=CARTESIAN_POINT('Line Origine',(2.1043131795,2.06179953656,0.880000000004)) ;
#1913=CARTESIAN_POINT('Vertex',(2.10478146097,2.06091123366,0.880000000004)) ;
#1916=CARTESIAN_POINT('Line Origine',(2.10530754842,2.06004043166,0.880000000004)) ;
#1920=CARTESIAN_POINT('Vertex',(2.10583363586,2.05916962966,0.880000000004)) ;
#1923=CARTESIAN_POINT('Line Origine',(2.10641805962,2.05831791954,0.880000000004)) ;
#1927=CARTESIAN_POINT('Vertex',(2.10700248337,2.05746620942,0.880000000004)) ;
#1930=CARTESIAN_POINT('Line Origine',(2.1076447131,2.05663306086,0.880000000004)) ;
#1934=CARTESIAN_POINT('Vertex',(2.10828694284,2.05579991229,0.880000000004)) ;
#1937=CARTESIAN_POINT('Line Origine',(2.10898750888,2.05498373429,0.880000000004)) ;
#1941=CARTESIAN_POINT('Vertex',(2.10968807492,2.05416755629,0.880000000004)) ;
#1944=CARTESIAN_POINT('Line Origine',(2.11044644695,2.0533710005,0.880000000004)) ;
#1948=CARTESIAN_POINT('Vertex',(2.11120481897,2.05257444471,0.880000000004)) ;
#1951=CARTESIAN_POINT('Line Origine',(2.1117499983,2.05205047859,0.880000000004)) ;
#1955=CARTESIAN_POINT('Vertex',(2.11229517763,2.05152651246,0.880000000004)) ;
#1958=CARTESIAN_POINT('Line Origine',(2.11287429808,2.0510089103,0.880000000004)) ;
#1962=CARTESIAN_POINT('Vertex',(2.11345341853,2.05049130813,0.880000000004)) ;
#1965=CARTESIAN_POINT('Line Origine',(2.11406701044,2.04998060026,0.880000000004)) ;
#1969=CARTESIAN_POINT('Vertex',(2.11468060235,2.04946989239,0.880000000004)) ;
#1972=CARTESIAN_POINT('Line Origine',(2.15317195999,2.08788594315,0.880000000004)) ;
#1976=CARTESIAN_POINT('Vertex',(2.19166331762,2.12630199391,0.880000000004)) ;
#1979=CARTESIAN_POINT('Line Origine',(2.19277223783,2.13957138299,0.880000000004)) ;
#1983=CARTESIAN_POINT('Vertex',(2.19388115804,2.15284077207,0.880000000004)) ;
#1986=CARTESIAN_POINT('Line Origine',(2.21342170039,2.13330022973,0.880000000004)) ;
#1990=CARTESIAN_POINT('Vertex',(2.23296224273,2.11375968738,0.880000000004)) ;
#1993=CARTESIAN_POINT('Line Origine',(2.23280950767,2.11184731709,0.880000000004)) ;
#1997=CARTESIAN_POINT('Vertex',(2.2326567726,2.1099349468,0.880000000004)) ;
#2000=CARTESIAN_POINT('Line Origine',(2.21433970176,2.12825201764,0.880000000004)) ;
#2004=CARTESIAN_POINT('Vertex',(2.19602263093,2.14656908847,0.880000000004)) ;
#2007=CARTESIAN_POINT('Line Origine',(2.19529554838,2.13559390735,0.880000000004)) ;
#2011=CARTESIAN_POINT('Vertex',(2.19456846583,2.12461872622,0.880000000004)) ;
#2014=CARTESIAN_POINT('Line Origine',(2.15472211483,2.08477237522,0.880000000004)) ;
#2018=CARTESIAN_POINT('Vertex',(2.11487576383,2.04492602421,0.880000000004)) ;
#2021=CARTESIAN_POINT('Line Origine',(2.1127724747,2.0469529458,0.880000000004)) ;
#2025=CARTESIAN_POINT('Vertex',(2.11066918558,2.04897986739,0.880000000004)) ;
#2028=CARTESIAN_POINT('Line Origine',(2.10995536129,2.04970641961,0.880000000004)) ;
#2032=CARTESIAN_POINT('Vertex',(2.10924153699,2.05043297182,0.880000000004)) ;
#2035=CARTESIAN_POINT('Line Origine',(2.10858180637,2.05112770424,0.880000000004)) ;
#2039=CARTESIAN_POINT('Vertex',(2.10792207574,2.05182243665,0.880000000004)) ;
#2042=CARTESIAN_POINT('Line Origine',(2.10731802977,2.05248587959,0.880000000004)) ;
#2046=CARTESIAN_POINT('Vertex',(2.1067139838,2.05314932252,0.880000000004)) ;
#2049=CARTESIAN_POINT('Line Origine',(2.10616509216,2.05378094566,0.880000000004)) ;
#2053=CARTESIAN_POINT('Vertex',(2.10561620053,2.05441256879,0.880000000004)) ;
#2056=CARTESIAN_POINT('Line Origine',(2.10512193289,2.05501396311,0.880000000004)) ;
#2060=CARTESIAN_POINT('Vertex',(2.10462766525,2.05561535742,0.880000000004)) ;
#2063=CARTESIAN_POINT('Line Origine',(2.10380459295,2.05672268664,0.880000000004)) ;
#2067=CARTESIAN_POINT('Vertex',(2.10298152066,2.05783001586,0.880000000004)) ;
#2070=CARTESIAN_POINT('Line Origine',(2.10237906568,2.05881218718,0.880000000004)) ;
#2074=CARTESIAN_POINT('Vertex',(2.1017766107,2.0597943585,0.880000000004)) ;
#2077=CARTESIAN_POINT('Line Origine',(2.10138575743,2.06067099413,0.880000000004)) ;
#2081=CARTESIAN_POINT('Vertex',(2.10099490416,2.06154762976,0.880000000004)) ;
#2084=CARTESIAN_POINT('Line Origine',(2.10076208925,2.06244123596,0.880000000004)) ;
#2088=CARTESIAN_POINT('Vertex',(2.10052927434,2.06333484215,0.880000000004)) ;
#2091=CARTESIAN_POINT('Line Origine',(2.10044707318,2.06426451079,0.880000000004)) ;
#2095=CARTESIAN_POINT('Vertex',(2.10036487202,2.06519417944,0.880000000004)) ;
#2098=CARTESIAN_POINT('Line Origine',(2.10043169361,2.06616044085,0.880000000004)) ;
#2102=CARTESIAN_POINT('Vertex',(2.1004985152,2.06712670227,0.880000000004)) ;
#2105=CARTESIAN_POINT('Line Origine',(2.10071595053,2.06813008679,0.880000000004)) ;
#2109=CARTESIAN_POINT('Vertex',(2.10093338587,2.06913347131,0.880000000004)) ;
#2112=CARTESIAN_POINT('Line Origine',(2.10109831852,2.06964948249,0.880000000004)) ;
#2116=CARTESIAN_POINT('Vertex',(2.10126325118,2.07016549366,0.880000000004)) ;
#2119=CARTESIAN_POINT('Line Origine',(2.10149871774,2.06920347488,0.880000000004)) ;
#2160=CARTESIAN_POINT('Line Origine',(1.98356338291,2.15559371555,0.880000000004)) ;
#2164=CARTESIAN_POINT('Vertex',(1.98248840382,2.15544045015,0.880000000004)) ;
#2166=CARTESIAN_POINT('Vertex',(1.98463836199,2.15574698094,0.880000000004)) ;
#2169=CARTESIAN_POINT('Line Origine',(1.98565871708,2.15590077667,0.880000000004)) ;
#2173=CARTESIAN_POINT('Vertex',(1.98667907216,2.15605457239,0.880000000004)) ;
#2176=CARTESIAN_POINT('Line Origine',(1.98764533358,2.15620836812,0.880000000004)) ;
#2180=CARTESIAN_POINT('Vertex',(1.988611595,2.15636216384,0.880000000004)) ;
#2183=CARTESIAN_POINT('Line Origine',(1.98952429307,2.1565164899,0.880000000004)) ;
#2187=CARTESIAN_POINT('Vertex',(1.99043699115,2.15667081595,0.880000000004)) ;
#2190=CARTESIAN_POINT('Line Origine',(1.99129559556,2.15682514201,0.880000000004)) ;
#2194=CARTESIAN_POINT('Vertex',(1.99215419997,2.15697946806,0.880000000004)) ;
#2197=CARTESIAN_POINT('Line Origine',(1.99295871071,2.15713485478,0.880000000004)) ;
#2201=CARTESIAN_POINT('Vertex',(1.99376322145,2.15729024149,0.880000000004)) ;
#2204=CARTESIAN_POINT('Line Origine',(1.99451469918,2.15744562821,0.880000000004)) ;
#2208=CARTESIAN_POINT('Vertex',(1.99526617691,2.15760101492,0.880000000004)) ;
#2211=CARTESIAN_POINT('Line Origine',(1.99660579071,2.15791284901,0.880000000004)) ;
#2215=CARTESIAN_POINT('Vertex',(1.99794540451,2.1582246831,0.880000000004)) ;
#2218=CARTESIAN_POINT('Line Origine',(1.99912379796,2.15855454842,0.880000000004)) ;
#2222=CARTESIAN_POINT('Vertex',(2.00030219141,2.15888441373,0.880000000004)) ;
#2225=CARTESIAN_POINT('Line Origine',(2.00164498719,2.15932776968,0.880000000004)) ;
#2229=CARTESIAN_POINT('Vertex',(2.00298778296,2.15977112563,0.880000000004)) ;
#2232=CARTESIAN_POINT('Line Origine',(2.00374138202,2.16004212431,0.880000000004)) ;
#2236=CARTESIAN_POINT('Vertex',(2.00449498107,2.16031312298,0.880000000004)) ;
#2239=CARTESIAN_POINT('Line Origine',(2.00530373445,2.16061594146,0.880000000004)) ;
#2243=CARTESIAN_POINT('Vertex',(2.00611248783,2.16091875994,0.880000000004)) ;
#2246=CARTESIAN_POINT('Line Origine',(2.00697533488,2.16125445888,0.880000000004)) ;
#2250=CARTESIAN_POINT('Vertex',(2.00783818193,2.16159015783,0.880000000004)) ;
#2253=CARTESIAN_POINT('Line Origine',(2.00875565298,2.16195820691,0.880000000004)) ;
#2257=CARTESIAN_POINT('Vertex',(2.00967312403,2.16232625599,0.880000000004)) ;
#2260=CARTESIAN_POINT('Line Origine',(2.01064521907,2.1627266552,0.880000000004)) ;
#2264=CARTESIAN_POINT('Vertex',(2.01161731412,2.16312705442,0.880000000004)) ;
#2267=CARTESIAN_POINT('Line Origine',(2.01264403317,2.16355980377,0.880000000004)) ;
#2271=CARTESIAN_POINT('Vertex',(2.01367075221,2.16399255312,0.880000000004)) ;
#2274=CARTESIAN_POINT('Line Origine',(2.01475262559,2.16445818293,0.880000000004)) ;
#2278=CARTESIAN_POINT('Vertex',(2.01583449896,2.16492381275,0.880000000004)) ;
#2281=CARTESIAN_POINT('Line Origine',(2.01690523541,2.16538254827,0.880000000004)) ;
#2285=CARTESIAN_POINT('Vertex',(2.01797597185,2.1658412838,0.880000000004)) ;
#2288=CARTESIAN_POINT('Line Origine',(2.01747640091,2.16433408569,0.880000000004)) ;
#2292=CARTESIAN_POINT('Vertex',(2.01697682997,2.16282688759,0.880000000004)) ;
#2295=CARTESIAN_POINT('Line Origine',(2.01654991425,2.16139340537,0.880000000004)) ;
#2299=CARTESIAN_POINT('Vertex',(2.01612299853,2.15995992314,0.880000000004)) ;
#2302=CARTESIAN_POINT('Line Origine',(2.0157682077,2.15860174779,0.880000000004)) ;
#2306=CARTESIAN_POINT('Vertex',(2.01541341688,2.15724357244,0.880000000004)) ;
#2309=CARTESIAN_POINT('Line Origine',(2.01513075094,2.15595964331,0.880000000004)) ;
#2313=CARTESIAN_POINT('Vertex',(2.01484808501,2.15467571417,0.880000000004)) ;
#2316=CARTESIAN_POINT('Line Origine',(2.01463807429,2.15346656157,0.880000000004)) ;
#2320=CARTESIAN_POINT('Vertex',(2.01442806358,2.15225740898,0.880000000004)) ;
#2323=CARTESIAN_POINT('Line Origine',(2.01429070808,2.15112197226,0.880000000004)) ;
#2327=CARTESIAN_POINT('Vertex',(2.01415335259,2.14998653555,0.880000000004)) ;
#2330=CARTESIAN_POINT('Line Origine',(2.01408759166,2.14892693604,0.880000000004)) ;
#2334=CARTESIAN_POINT('Vertex',(2.01402183073,2.14786733652,0.880000000004)) ;
#2337=CARTESIAN_POINT('Line Origine',(2.01402872502,2.1468814529,0.880000000004)) ;
#2341=CARTESIAN_POINT('Vertex',(2.01403561931,2.14589556927,0.880000000004)) ;
#2344=CARTESIAN_POINT('Line Origine',(2.0141146385,2.14498499251,0.880000000004)) ;
#2348=CARTESIAN_POINT('Vertex',(2.01419365768,2.14407441575,0.880000000004)) ;
#2351=CARTESIAN_POINT('Line Origine',(2.01434427142,2.14323755488,0.880000000004)) ;
#2355=CARTESIAN_POINT('Vertex',(2.01449488517,2.142400694,0.880000000004)) ;
#2358=CARTESIAN_POINT('Line Origine',(2.01473194272,2.14158345534,0.880000000004)) ;
#2362=CARTESIAN_POINT('Vertex',(2.01496900026,2.14076621667,0.880000000004)) ;
#2365=CARTESIAN_POINT('Line Origine',(2.01530363855,2.13991079425,0.880000000004)) ;
#2369=CARTESIAN_POINT('Vertex',(2.01563827683,2.13905537182,0.880000000004)) ;
#2372=CARTESIAN_POINT('Line Origine',(2.01607155651,2.13816388694,0.880000000004)) ;
#2376=CARTESIAN_POINT('Vertex',(2.01650483619,2.13727240207,0.880000000004)) ;
#2379=CARTESIAN_POINT('Line Origine',(2.01703622694,2.13634326376,0.880000000004)) ;
#2383=CARTESIAN_POINT('Vertex',(2.01756761769,2.13541412545,0.880000000004)) ;
#2386=CARTESIAN_POINT('Line Origine',(2.0181971195,2.1344473337,0.880000000004)) ;
#2390=CARTESIAN_POINT('Vertex',(2.01882662131,2.13348054195,0.880000000004)) ;
#2393=CARTESIAN_POINT('Line Origine',(2.01955476452,2.13247768776,0.880000000004)) ;
#2397=CARTESIAN_POINT('Vertex',(2.02028290773,2.13147483357,0.880000000004)) ;
#2400=CARTESIAN_POINT('Line Origine',(2.021109162,2.13043432594,0.880000000004)) ;
#2404=CARTESIAN_POINT('Vertex',(2.02193541627,2.12939381831,0.880000000004)) ;
#2407=CARTESIAN_POINT('Line Origine',(2.02285978161,2.12831671791,0.880000000004)) ;
#2411=CARTESIAN_POINT('Vertex',(2.02378414695,2.1272396175,0.880000000004)) ;
#2414=CARTESIAN_POINT('Line Origine',(2.02480662336,2.12612486366,0.880000000004)) ;
#2418=CARTESIAN_POINT('Vertex',(2.02582909976,2.12501010982,0.880000000004)) ;
#2421=CARTESIAN_POINT('Line Origine',(2.02695021757,2.12385823288,0.880000000004)) ;
#2425=CARTESIAN_POINT('Vertex',(2.02807133537,2.12270635593,0.880000000004)) ;
#2428=CARTESIAN_POINT('Line Origine',(2.03028917579,2.12056488304,0.880000000004)) ;
#2432=CARTESIAN_POINT('Vertex',(2.03250701621,2.11842341016,0.880000000004)) ;
#2435=CARTESIAN_POINT('Line Origine',(2.03617796106,2.11467609777,0.880000000004)) ;
#2439=CARTESIAN_POINT('Vertex',(2.03984890591,2.11092878538,0.880000000004)) ;
#2442=CARTESIAN_POINT('Line Origine',(2.04122564282,2.10947568095,0.880000000004)) ;
#2446=CARTESIAN_POINT('Vertex',(2.04260237972,2.10802257651,0.880000000004)) ;
#2449=CARTESIAN_POINT('Line Origine',(2.0604988988,2.12591909559,0.880000000004)) ;
#2453=CARTESIAN_POINT('Vertex',(2.07839541788,2.14381561467,0.880000000004)) ;
#2456=CARTESIAN_POINT('Line Origine',(2.07606249583,2.14614853672,0.880000000004)) ;
#2460=CARTESIAN_POINT('Vertex',(2.07372957378,2.14848145876,0.880000000004)) ;
#2463=CARTESIAN_POINT('Line Origine',(2.05793634382,2.13268822881,0.880000000004)) ;
#2467=CARTESIAN_POINT('Vertex',(2.04214311387,2.11689499885,0.880000000004)) ;
#2470=CARTESIAN_POINT('Line Origine',(2.04099600989,2.11796573529,0.880000000004)) ;
#2474=CARTESIAN_POINT('Vertex',(2.03984890591,2.11903647174,0.880000000004)) ;
#2477=CARTESIAN_POINT('Line Origine',(2.03884711238,2.11995553377,0.880000000004)) ;
#2481=CARTESIAN_POINT('Vertex',(2.03784531885,2.12087459581,0.880000000004)) ;
#2484=CARTESIAN_POINT('Line Origine',(2.03682814574,2.12182706865,0.880000000004)) ;
#2488=CARTESIAN_POINT('Vertex',(2.03581097264,2.12277954148,0.880000000004)) ;
#2491=CARTESIAN_POINT('Line Origine',(2.03477841996,2.12376648577,0.880000000004)) ;
#2495=CARTESIAN_POINT('Vertex',(2.03374586729,2.12475343006,0.880000000004)) ;
#2498=CARTESIAN_POINT('Line Origine',(2.03269793504,2.12577378515,0.880000000004)) ;
#2502=CARTESIAN_POINT('Vertex',(2.03165000279,2.12679414023,0.880000000004)) ;
#2505=CARTESIAN_POINT('Line Origine',(2.03058722129,2.12784843644,0.880000000004)) ;
#2509=CARTESIAN_POINT('Vertex',(2.0295244398,2.12890273265,0.880000000004)) ;
#2512=CARTESIAN_POINT('Line Origine',(2.02806338042,2.13044440221,0.880000000004)) ;
#2516=CARTESIAN_POINT('Vertex',(2.02660232103,2.13198607177,0.880000000004)) ;
#2519=CARTESIAN_POINT('Line Origine',(2.02533907476,2.13349220922,0.880000000004)) ;
#2523=CARTESIAN_POINT('Vertex',(2.0240758285,2.13499834666,0.880000000004)) ;
#2526=CARTESIAN_POINT('Line Origine',(2.02301039536,2.13646895199,0.880000000004)) ;
#2530=CARTESIAN_POINT('Vertex',(2.02194496221,2.13793955732,0.880000000004)) ;
#2533=CARTESIAN_POINT('Line Origine',(2.02107840285,2.13937356987,0.880000000004)) ;
#2537=CARTESIAN_POINT('Vertex',(2.02021184349,2.14080758242,0.880000000004)) ;
#2540=CARTESIAN_POINT('Line Origine',(2.01954256693,2.14220659319,0.880000000004)) ;
#2544=CARTESIAN_POINT('Vertex',(2.01887329036,2.14360560395,0.880000000004)) ;
#2547=CARTESIAN_POINT('Line Origine',(2.01840288757,2.14496802195,0.880000000004)) ;
#2551=CARTESIAN_POINT('Vertex',(2.01793248478,2.14633043994,0.880000000004)) ;
#2554=CARTESIAN_POINT('Line Origine',(2.01766042545,2.14765679548,0.880000000004)) ;
#2558=CARTESIAN_POINT('Vertex',(2.01738836612,2.14898315103,0.880000000004)) ;
#2561=CARTESIAN_POINT('Line Origine',(2.01731358957,2.15027344412,0.880000000004)) ;
#2565=CARTESIAN_POINT('Vertex',(2.01723881303,2.15156373722,0.880000000004)) ;
#2568=CARTESIAN_POINT('Line Origine',(2.01736237994,2.15281902854,0.880000000004)) ;
#2572=CARTESIAN_POINT('Vertex',(2.01748594685,2.15407431985,0.880000000004)) ;
#2575=CARTESIAN_POINT('Line Origine',(2.01780732688,2.15529301839,0.880000000004)) ;
#2579=CARTESIAN_POINT('Vertex',(2.01812870692,2.15651171692,0.880000000004)) ;
#2582=CARTESIAN_POINT('Line Origine',(2.01821886303,2.15507664371,0.880000000004)) ;
#2586=CARTESIAN_POINT('Vertex',(2.01830901915,2.1536415705,0.880000000004)) ;
#2589=CARTESIAN_POINT('Line Origine',(2.01851849953,2.15227384921,0.880000000004)) ;
#2593=CARTESIAN_POINT('Vertex',(2.01872797991,2.15090612792,0.880000000004)) ;
#2596=CARTESIAN_POINT('Line Origine',(2.0190573149,2.14960628888,0.880000000004)) ;
#2600=CARTESIAN_POINT('Vertex',(2.01938664988,2.14830644984,0.880000000004)) ;
#2603=CARTESIAN_POINT('Line Origine',(2.0198347788,2.14707343239,0.880000000004)) ;
#2607=CARTESIAN_POINT('Vertex',(2.02028290773,2.14584041494,0.880000000004)) ;
#2610=CARTESIAN_POINT('Line Origine',(2.02085036092,2.14467474941,0.880000000004)) ;
#2614=CARTESIAN_POINT('Vertex',(2.02141781411,2.14350908388,0.880000000004)) ;
#2617=CARTESIAN_POINT('Line Origine',(2.02216557953,2.1423073559,0.880000000004)) ;
#2621=CARTESIAN_POINT('Vertex',(2.02291334495,2.14110562793,0.880000000004)) ;
#2624=CARTESIAN_POINT('Line Origine',(2.02337791411,2.1404512006,0.880000000004)) ;
#2628=CARTESIAN_POINT('Vertex',(2.02384248326,2.13979677328,0.880000000004)) ;
#2631=CARTESIAN_POINT('Line Origine',(2.02436751005,2.13910840483,0.880000000004)) ;
#2635=CARTESIAN_POINT('Vertex',(2.02489253683,2.13842003637,0.880000000004)) ;
#2638=CARTESIAN_POINT('Line Origine',(2.02547802125,2.13769560548,0.880000000004)) ;
#2642=CARTESIAN_POINT('Vertex',(2.02606350566,2.13697117458,0.880000000004)) ;
#2645=CARTESIAN_POINT('Line Origine',(2.02670944771,2.1362117419,0.880000000004)) ;
#2649=CARTESIAN_POINT('Vertex',(2.02735538975,2.13545230921,0.880000000004)) ;
#2652=CARTESIAN_POINT('Line Origine',(2.0280612591,2.13465734442,0.880000000004)) ;
#2656=CARTESIAN_POINT('Vertex',(2.02876712844,2.13386237962,0.880000000004)) ;
#2659=CARTESIAN_POINT('Line Origine',(2.02953398574,2.13303294336,0.880000000004)) ;
#2663=CARTESIAN_POINT('Vertex',(2.03030084305,2.13220350711,0.880000000004)) ;
#2666=CARTESIAN_POINT('Line Origine',(2.03112815798,2.13133800841,0.880000000004)) ;
#2670=CARTESIAN_POINT('Vertex',(2.03195547292,2.13047250971,0.880000000004)) ;
#2673=CARTESIAN_POINT('Line Origine',(2.03284271515,2.12957253955,0.880000000004)) ;
#2677=CARTESIAN_POINT('Vertex',(2.03372995738,2.1286725694,0.880000000004)) ;
#2680=CARTESIAN_POINT('Line Origine',(2.03442787178,2.12799056491,0.880000000004)) ;
#2684=CARTESIAN_POINT('Vertex',(2.03512578617,2.12730856042,0.880000000004)) ;
#2687=CARTESIAN_POINT('Line Origine',(2.03590271975,2.12657723523,0.880000000004)) ;
#2691=CARTESIAN_POINT('Vertex',(2.03667965332,2.12584591004,0.880000000004)) ;
#2694=CARTESIAN_POINT('Line Origine',(2.03753613641,2.12506579448,0.880000000004)) ;
#2698=CARTESIAN_POINT('Vertex',(2.0383926195,2.12428567893,0.880000000004)) ;
#2701=CARTESIAN_POINT('Line Origine',(2.0393286521,2.123456773,0.880000000004)) ;
#2705=CARTESIAN_POINT('Vertex',(2.0402646847,2.12262786708,0.880000000004)) ;
#2708=CARTESIAN_POINT('Line Origine',(2.04128079715,2.12174964045,0.880000000004)) ;
#2712=CARTESIAN_POINT('Vertex',(2.04229690959,2.12087141383,0.880000000004)) ;
#2715=CARTESIAN_POINT('Line Origine',(2.05705758687,2.13563209111,0.880000000004)) ;
#2719=CARTESIAN_POINT('Vertex',(2.07181826415,2.15039276839,0.880000000004)) ;
#2722=CARTESIAN_POINT('Line Origine',(2.06604403018,2.15616700237,0.880000000004)) ;
#2726=CARTESIAN_POINT('Vertex',(2.0602697962,2.16194123634,0.880000000004)) ;
#2729=CARTESIAN_POINT('Line Origine',(2.04768877557,2.16159705212,0.880000000004)) ;
#2733=CARTESIAN_POINT('Vertex',(2.03510775495,2.16125286789,0.880000000004)) ;
#2736=CARTESIAN_POINT('Line Origine',(2.05113061783,2.17727573078,0.880000000004)) ;
#2740=CARTESIAN_POINT('Vertex',(2.06715348072,2.19329859366,0.880000000004)) ;
#2743=CARTESIAN_POINT('Line Origine',(2.06722984825,2.18052612387,0.880000000004)) ;
#2747=CARTESIAN_POINT('Vertex',(2.06730621578,2.16775365409,0.880000000004)) ;
#2750=CARTESIAN_POINT('Line Origine',(2.07606302616,2.15899684371,0.880000000004)) ;
#2754=CARTESIAN_POINT('Vertex',(2.08481983654,2.15024003333,0.880000000004)) ;
#2757=CARTESIAN_POINT('Line Origine',(2.10409309252,2.16951328931,0.880000000004)) ;
#2761=CARTESIAN_POINT('Vertex',(2.1233663485,2.18878654529,0.880000000004)) ;
#2764=CARTESIAN_POINT('Line Origine',(2.1234421857,2.19865227588,0.880000000004)) ;
#2768=CARTESIAN_POINT('Vertex',(2.1235180229,2.20851800647,0.880000000004)) ;
#2771=CARTESIAN_POINT('Line Origine',(2.14229382927,2.18974220011,0.880000000004)) ;
#2775=CARTESIAN_POINT('Vertex',(2.16106963563,2.17096639375,0.880000000004)) ;
#2778=CARTESIAN_POINT('Line Origine',(2.14986588223,2.17222857935,0.880000000004)) ;
#2782=CARTESIAN_POINT('Vertex',(2.13866212884,2.17349076495,0.880000000004)) ;
#2785=CARTESIAN_POINT('Line Origine',(2.12221871419,2.15704735031,0.880000000004)) ;
#2789=CARTESIAN_POINT('Vertex',(2.10577529955,2.14060393567,0.880000000004)) ;
#2792=CARTESIAN_POINT('Line Origine',(2.10637934552,2.14004443743,0.880000000004)) ;
#2796=CARTESIAN_POINT('Vertex',(2.10698339149,2.13948493919,0.880000000004)) ;
#2799=CARTESIAN_POINT('Line Origine',(2.10761660561,2.13898430759,0.880000000004)) ;
#2803=CARTESIAN_POINT('Vertex',(2.10824981973,2.13848367599,0.880000000004)) ;
#2806=CARTESIAN_POINT('Line Origine',(2.10891326267,2.13804191102,0.880000000004)) ;
#2810=CARTESIAN_POINT('Vertex',(2.10957670561,2.13760014606,0.880000000004)) ;
#2813=CARTESIAN_POINT('Line Origine',(2.11027037736,2.13721724774,0.880000000004)) ;
#2817=CARTESIAN_POINT('Vertex',(2.11096404911,2.13683434942,0.880000000004)) ;
#2820=CARTESIAN_POINT('Line Origine',(2.11168688902,2.13651031774,0.880000000004)) ;
#2824=CARTESIAN_POINT('Vertex',(2.11240972893,2.13618628605,0.880000000004)) ;
#2827=CARTESIAN_POINT('Line Origine',(2.11316226732,2.13592165134,0.880000000004)) ;
#2831=CARTESIAN_POINT('Vertex',(2.11391480571,2.13565701663,0.880000000004)) ;
#2834=CARTESIAN_POINT('Line Origine',(2.11469810325,2.13545071822,0.880000000004)) ;
#2838=CARTESIAN_POINT('Vertex',(2.11548140078,2.13524441982,0.880000000004)) ;
#2841=CARTESIAN_POINT('Line Origine',(2.11629386647,2.13509698806,0.880000000004)) ;
#2845=CARTESIAN_POINT('Vertex',(2.11710633217,2.13494955629,0.880000000004)) ;
#2848=CARTESIAN_POINT('Line Origine',(2.11794849634,2.1348615215,0.880000000004)) ;
#2852=CARTESIAN_POINT('Vertex',(2.11879066052,2.1347734867,0.880000000004)) ;
#2855=CARTESIAN_POINT('Line Origine',(2.11966358384,2.13474378822,0.880000000004)) ;
#2859=CARTESIAN_POINT('Vertex',(2.12053650716,2.13471408973,0.880000000004)) ;
#2862=CARTESIAN_POINT('Line Origine',(2.12046013963,2.13318461777,0.880000000004)) ;
#2866=CARTESIAN_POINT('Vertex',(2.1203837721,2.1316551458,0.880000000004)) ;
#2869=CARTESIAN_POINT('Line Origine',(2.11946046742,2.13164825151,0.880000000004)) ;
#2873=CARTESIAN_POINT('Vertex',(2.11853716274,2.13164135722,0.880000000004)) ;
#2876=CARTESIAN_POINT('Line Origine',(2.11763348027,2.13171242145,0.880000000004)) ;
#2880=CARTESIAN_POINT('Vertex',(2.11672979781,2.13178348568,0.880000000004)) ;
#2883=CARTESIAN_POINT('Line Origine',(2.11584679821,2.13193250843,0.880000000004)) ;
#2887=CARTESIAN_POINT('Vertex',(2.11496379862,2.13208153119,0.880000000004)) ;
#2890=CARTESIAN_POINT('Line Origine',(2.11409989091,2.1323090428,0.880000000004)) ;
#2894=CARTESIAN_POINT('Vertex',(2.1132359832,2.1325365544,0.880000000004)) ;
#2897=CARTESIAN_POINT('Line Origine',(2.11239275836,2.13284202453,0.880000000004)) ;
#2901=CARTESIAN_POINT('Vertex',(2.11154953353,2.13314749466,0.880000000004)) ;
#2904=CARTESIAN_POINT('Line Origine',(2.1107259309,2.13352986265,0.880000000004)) ;
#2908=CARTESIAN_POINT('Vertex',(2.10990232828,2.13391223064,0.880000000004)) ;
#2911=CARTESIAN_POINT('Line Origine',(2.10909834787,2.13437361782,0.880000000004)) ;
#2915=CARTESIAN_POINT('Vertex',(2.10829436746,2.13483500499,0.880000000004)) ;
#2918=CARTESIAN_POINT('Line Origine',(2.10751053959,2.13537488102,0.880000000004)) ;
#2922=CARTESIAN_POINT('Vertex',(2.10672671173,2.13591475705,0.880000000004)) ;
#2925=CARTESIAN_POINT('Line Origine',(2.10596250607,2.13653153094,0.880000000004)) ;
#2929=CARTESIAN_POINT('Vertex',(2.10519830042,2.13714830483,0.880000000004)) ;
#2932=CARTESIAN_POINT('Line Origine',(2.10445424731,2.13784356757,0.880000000004)) ;
#2936=CARTESIAN_POINT('Vertex',(2.1037101942,2.13853883031,0.880000000004)) ;
#2939=CARTESIAN_POINT('Line Origine',(2.10191290554,2.13674154165,0.880000000004)) ;
#2943=CARTESIAN_POINT('Vertex',(2.10011561687,2.13494425299,0.880000000004)) ;
#2946=CARTESIAN_POINT('Line Origine',(2.10063587069,2.13432641844,0.880000000004)) ;
#2950=CARTESIAN_POINT('Vertex',(2.1011561245,2.13370858389,0.880000000004)) ;
#2953=CARTESIAN_POINT('Line Origine',(2.10170660713,2.13310294693,0.880000000004)) ;
#2957=CARTESIAN_POINT('Vertex',(2.10225708976,2.13249730998,0.880000000004)) ;
#2960=CARTESIAN_POINT('Line Origine',(2.10298841495,2.1318243211,0.880000000004)) ;
#2964=CARTESIAN_POINT('Vertex',(2.10371974014,2.13115133222,0.880000000004)) ;
#2967=CARTESIAN_POINT('Line Origine',(2.10448924909,2.13055577153,0.880000000004)) ;
#2971=CARTESIAN_POINT('Vertex',(2.10525875805,2.12996021084,0.880000000004)) ;
#2974=CARTESIAN_POINT('Line Origine',(2.10606751143,2.12944207835,0.880000000004)) ;
#2978=CARTESIAN_POINT('Vertex',(2.10687626481,2.12892394586,0.880000000004)) ;
#2981=CARTESIAN_POINT('Line Origine',(2.10772373229,2.12848271123,0.880000000004)) ;
#2985=CARTESIAN_POINT('Vertex',(2.10857119976,2.12804147659,0.880000000004)) ;
#2988=CARTESIAN_POINT('Line Origine',(2.109458442,2.12767820049,0.880000000004)) ;
#2992=CARTESIAN_POINT('Vertex',(2.11034568423,2.12731492438,0.880000000004)) ;
#2995=CARTESIAN_POINT('Line Origine',(2.11127111023,2.1270280158,0.880000000004)) ;
#2999=CARTESIAN_POINT('Vertex',(2.11219653623,2.12674110722,0.880000000004)) ;
#3002=CARTESIAN_POINT('Line Origine',(2.11316120666,2.1265326875,0.880000000004)) ;
#3006=CARTESIAN_POINT('Vertex',(2.11412587708,2.12632426778,0.880000000004)) ;
#3009=CARTESIAN_POINT('Line Origine',(2.11512979194,2.12619221558,0.880000000004)) ;
#3013=CARTESIAN_POINT('Vertex',(2.11613370679,2.12606016339,0.880000000004)) ;
#3016=CARTESIAN_POINT('Line Origine',(2.11717686607,2.12600553939,0.880000000004)) ;
#3020=CARTESIAN_POINT('Vertex',(2.11822002535,2.1259509154,0.880000000004)) ;
#3023=CARTESIAN_POINT('Line Origine',(2.11930136839,2.12597371959,0.880000000004)) ;
#3027=CARTESIAN_POINT('Vertex',(2.12038271144,2.12599652378,0.880000000004)) ;
#3030=CARTESIAN_POINT('Line Origine',(2.12003852721,2.12511670617,0.880000000004)) ;
#3034=CARTESIAN_POINT('Vertex',(2.11969434299,2.12423688856,0.880000000004)) ;
#3037=CARTESIAN_POINT('Line Origine',(2.11835950216,2.12367314768,0.880000000004)) ;
#3041=CARTESIAN_POINT('Vertex',(2.11702466133,2.1231094068,0.880000000004)) ;
#3044=CARTESIAN_POINT('Line Origine',(2.11569830579,2.12271855352,0.880000000004)) ;
#3048=CARTESIAN_POINT('Vertex',(2.11437195024,2.12232770025,0.880000000004)) ;
#3051=CARTESIAN_POINT('Line Origine',(2.11305248899,2.12210920425,0.880000000004)) ;
#3055=CARTESIAN_POINT('Vertex',(2.11173302774,2.12189070826,0.880000000004)) ;
#3058=CARTESIAN_POINT('Line Origine',(2.1104209911,2.12184616053,0.880000000004)) ;
#3062=CARTESIAN_POINT('Vertex',(2.10910895447,2.1218016128,0.880000000004)) ;
#3065=CARTESIAN_POINT('Line Origine',(2.10780487279,2.12192942235,0.880000000004)) ;
#3069=CARTESIAN_POINT('Vertex',(2.10650079111,2.1220572319,0.880000000004)) ;
#3072=CARTESIAN_POINT('Line Origine',(2.10520519471,2.12235792906,0.880000000004)) ;
#3076=CARTESIAN_POINT('Vertex',(2.10390959831,2.12265862622,0.880000000004)) ;
#3079=CARTESIAN_POINT('Line Origine',(2.1026208962,2.12313168066,0.880000000004)) ;
#3083=CARTESIAN_POINT('Vertex',(2.10133219409,2.1236047351,0.880000000004)) ;
#3086=CARTESIAN_POINT('Line Origine',(2.1000509166,2.1242517378,0.880000000004)) ;
#3090=CARTESIAN_POINT('Vertex',(2.09876963912,2.12489874051,0.880000000004)) ;
#3093=CARTESIAN_POINT('Line Origine',(2.09749631658,2.12571703983,0.880000000004)) ;
#3097=CARTESIAN_POINT('Vertex',(2.09622299404,2.12653533915,0.880000000004)) ;
#3100=CARTESIAN_POINT('Line Origine',(2.09495709613,2.12752758674,0.880000000004)) ;
#3104=CARTESIAN_POINT('Vertex',(2.09369119821,2.12851983433,0.880000000004)) ;
#3107=CARTESIAN_POINT('Line Origine',(2.07755378403,2.11238242015,0.880000000004)) ;
#3111=CARTESIAN_POINT('Vertex',(2.06141636985,2.09624500596,0.880000000004)) ;
#3114=CARTESIAN_POINT('Line Origine',(2.06164600277,2.08614911212,0.880000000004)) ;
#3118=CARTESIAN_POINT('Vertex',(2.0618756357,2.07605321827,0.880000000004)) ;
#3121=CARTESIAN_POINT('Line Origine',(2.02218201976,2.11574683421,0.880000000004)) ;
#3266=CARTESIAN_POINT('Line Origine',(1.98819846786,2.16661821737,0.880000000004)) ;
#3270=CARTESIAN_POINT('Vertex',(1.98598115777,2.16634509738,0.880000000004)) ;
#3272=CARTESIAN_POINT('Vertex',(1.99041577795,2.16689133737,0.880000000004)) ;
#3275=CARTESIAN_POINT('Line Origine',(1.992530204,2.16722385433,0.880000000004)) ;
#3279=CARTESIAN_POINT('Vertex',(1.99464463005,2.16755637129,0.880000000004)) ;
#3282=CARTESIAN_POINT('Line Origine',(1.9966567024,2.16794881556,0.880000000004)) ;
#3286=CARTESIAN_POINT('Vertex',(1.99866877474,2.16834125982,0.880000000004)) ;
#3289=CARTESIAN_POINT('Line Origine',(2.00057849338,2.16879363138,0.880000000004)) ;
#3293=CARTESIAN_POINT('Vertex',(2.00248821202,2.16924600295,0.880000000004)) ;
#3296=CARTESIAN_POINT('Line Origine',(2.00429557696,2.16975724115,0.880000000004)) ;
#3300=CARTESIAN_POINT('Vertex',(2.00610294189,2.17026847935,0.880000000004)) ;
#3303=CARTESIAN_POINT('Line Origine',(2.00780795311,2.17083964486,0.880000000004)) ;
#3307=CARTESIAN_POINT('Vertex',(2.00951296434,2.17141081036,0.880000000004)) ;
#3310=CARTESIAN_POINT('Line Origine',(2.0111145612,2.17204190316,0.880000000004)) ;
#3314=CARTESIAN_POINT('Vertex',(2.01271615806,2.17267299596,0.880000000004)) ;
#3317=CARTESIAN_POINT('Line Origine',(2.01421646187,2.17336401606,0.880000000004)) ;
#3321=CARTESIAN_POINT('Vertex',(2.01571676569,2.17405503617,0.880000000004)) ;
#3324=CARTESIAN_POINT('Line Origine',(2.01711418546,2.17480545324,0.880000000004)) ;
#3328=CARTESIAN_POINT('Vertex',(2.01851160524,2.17555587031,0.880000000004)) ;
#3331=CARTESIAN_POINT('Line Origine',(2.0187788916,2.17421731717,0.880000000004)) ;
#3335=CARTESIAN_POINT('Vertex',(2.01904617797,2.17287876404,0.880000000004)) ;
#3338=CARTESIAN_POINT('Line Origine',(2.01751564534,2.17201114402,0.880000000004)) ;
#3342=CARTESIAN_POINT('Vertex',(2.01598511271,2.17114352399,0.880000000004)) ;
#3345=CARTESIAN_POINT('Line Origine',(2.01437715189,2.17036181745,0.880000000004)) ;
#3349=CARTESIAN_POINT('Vertex',(2.01276919107,2.1695801109,0.880000000004)) ;
#3352=CARTESIAN_POINT('Line Origine',(2.0110827414,2.16888431783,0.880000000004)) ;
#3356=CARTESIAN_POINT('Vertex',(2.00939629172,2.16818852476,0.880000000004)) ;
#3359=CARTESIAN_POINT('Line Origine',(2.00763188353,2.16757811483,0.880000000004)) ;
#3363=CARTESIAN_POINT('Vertex',(2.00586747533,2.1669677049,0.880000000004)) ;
#3366=CARTESIAN_POINT('Line Origine',(2.00402510861,2.16644267811,0.880000000004)) ;
#3370=CARTESIAN_POINT('Vertex',(2.00218274189,2.16591765133,0.880000000004)) ;
#3373=CARTESIAN_POINT('Line Origine',(2.00026241665,2.16547906835,0.880000000004)) ;
#3377=CARTESIAN_POINT('Vertex',(1.99834209141,2.16504048537,0.880000000004)) ;
#3380=CARTESIAN_POINT('Line Origine',(1.99634380765,2.16468728553,0.880000000004)) ;
#3384=CARTESIAN_POINT('Vertex',(1.99434552388,2.16433408569,0.880000000004)) ;
#3387=CARTESIAN_POINT('Line Origine',(1.99226875127,2.16406573867,0.880000000004)) ;
#3391=CARTESIAN_POINT('Vertex',(1.99019197865,2.16379739164,0.880000000004)) ;
#3394=CARTESIAN_POINT('Line Origine',(1.98803777784,2.16361601876,0.880000000004)) ;
#3398=CARTESIAN_POINT('Vertex',(1.98588357703,2.16343464587,0.880000000004)) ;
#3401=CARTESIAN_POINT('Line Origine',(1.98365088737,2.16333812579,0.880000000004)) ;
#3405=CARTESIAN_POINT('Vertex',(1.98141819771,2.16324160571,0.880000000004)) ;
#3408=CARTESIAN_POINT('Line Origine',(1.98138001394,2.16458015885,0.880000000004)) ;
#3412=CARTESIAN_POINT('Vertex',(1.98134183018,2.16591871199,0.880000000004)) ;
#3415=CARTESIAN_POINT('Line Origine',(1.98366149397,2.16613190468,0.880000000004)) ;
#3444=CARTESIAN_POINT('Line Origine',(2.06566166218,2.2009846676,0.880000000004)) ;
#3448=CARTESIAN_POINT('Vertex',(2.06524111043,2.20255285366,0.880000000004)) ;
#3450=CARTESIAN_POINT('Vertex',(2.06608221394,2.19941648153,0.880000000004)) ;
#3453=CARTESIAN_POINT('Line Origine',(2.04956243177,2.18289669936,0.880000000004)) ;
#3457=CARTESIAN_POINT('Vertex',(2.03304264959,2.16637691718,0.880000000004)) ;
#3460=CARTESIAN_POINT('Line Origine',(2.03262209783,2.16794510325,0.880000000004)) ;
#3464=CARTESIAN_POINT('Vertex',(2.03220154608,2.16951328931,0.880000000004)) ;
#3467=CARTESIAN_POINT('Line Origine',(2.04872132825,2.18603307149,0.880000000004)) ;
#3478=CARTESIAN_POINT('Line Origine',(2.10103361825,2.1796081225,0.880000000004)) ;
#3482=CARTESIAN_POINT('Vertex',(2.08466710147,2.16324160571,0.880000000004)) ;
#3484=CARTESIAN_POINT('Vertex',(2.11740013503,2.19597463928,0.880000000004)) ;
#3487=CARTESIAN_POINT('Line Origine',(2.11900650486,2.21104184735,0.880000000004)) ;
#3491=CARTESIAN_POINT('Vertex',(2.12061287469,2.22610905542,0.880000000004)) ;
#3494=CARTESIAN_POINT('Line Origine',(2.14275415578,2.20396777433,0.880000000004)) ;
#3498=CARTESIAN_POINT('Vertex',(2.16489543687,2.18182649324,0.880000000004)) ;
#3501=CARTESIAN_POINT('Line Origine',(2.164818539,2.17983828575,0.880000000004)) ;
#3505=CARTESIAN_POINT('Vertex',(2.16474164114,2.17785007826,0.880000000004)) ;
#3508=CARTESIAN_POINT('Line Origine',(2.14378617813,2.19880554127,0.880000000004)) ;
#3512=CARTESIAN_POINT('Vertex',(2.12283071511,2.21976100429,0.880000000004)) ;
#3515=CARTESIAN_POINT('Line Origine',(2.12153034574,2.20737143282,0.880000000004)) ;
#3519=CARTESIAN_POINT('Vertex',(2.12022997637,2.19498186136,0.880000000004)) ;
#3522=CARTESIAN_POINT('Line Origine',(2.10237164106,2.17712352604,0.880000000004)) ;
#3526=CARTESIAN_POINT('Vertex',(2.08451330575,2.15926519073,0.880000000004)) ;
#3529=CARTESIAN_POINT('Line Origine',(2.07682723181,2.16695126467,0.880000000004)) ;
#3533=CARTESIAN_POINT('Vertex',(2.06914115788,2.1746373386,0.880000000004)) ;
#3536=CARTESIAN_POINT('Line Origine',(2.06906479035,2.17677881149,0.880000000004)) ;
#3540=CARTESIAN_POINT('Vertex',(2.06898842281,2.17892028437,0.880000000004)) ;
#3543=CARTESIAN_POINT('Line Origine',(2.07682776214,2.17108094504,0.880000000004)) ;
#3561=CARTESIAN_POINT('Axis2P3D Location',(1.96487296823,1.96487296823,0.880000000004)) ;
#3565=CARTESIAN_POINT('Vertex',(1.95426636651,1.97547956995,0.880000000004)) ;
#3567=CARTESIAN_POINT('Vertex',(1.97547956995,1.95426636651,0.880000000004)) ;
#3570=CARTESIAN_POINT('Axis2P3D Location',(1.96487296823,1.96487296823,0.880000000004)) ;
#3580=CARTESIAN_POINT('Axis2P3D Location',(1.96487296823,2.27776771891,0.880000000004)) ;
#3584=CARTESIAN_POINT('Vertex',(1.95426636651,2.28837432062,0.880000000004)) ;
#3586=CARTESIAN_POINT('Vertex',(1.97547956995,2.26716111719,0.880000000004)) ;
#3589=CARTESIAN_POINT('Axis2P3D Location',(1.96487296823,2.27776771891,0.880000000004)) ;
#3599=CARTESIAN_POINT('Axis2P3D Location',(1.90007034357,2.12132034357,0.880000000004)) ;
#3603=CARTESIAN_POINT('Vertex',(1.88946374185,2.13192694529,0.880000000004)) ;
#3605=CARTESIAN_POINT('Vertex',(1.91067694529,2.11071374185,0.880000000004)) ;
#3608=CARTESIAN_POINT('Axis2P3D Location',(1.90007034357,2.12132034357,0.880000000004)) ;
#3618=CARTESIAN_POINT('Axis2P3D Location',(2.27776771891,2.27776771891,0.880000000004)) ;
#3622=CARTESIAN_POINT('Vertex',(2.26716111719,2.28837432062,0.880000000004)) ;
#3624=CARTESIAN_POINT('Vertex',(2.28837432062,2.26716111719,0.880000000004)) ;
#3627=CARTESIAN_POINT('Axis2P3D Location',(2.27776771891,2.27776771891,0.880000000004)) ;
#3637=CARTESIAN_POINT('Axis2P3D Location',(2.12132034357,2.34257034357,0.880000000004)) ;
#3641=CARTESIAN_POINT('Vertex',(2.11071374185,2.35317694529,0.880000000004)) ;
#3643=CARTESIAN_POINT('Vertex',(2.13192694529,2.33196374185,0.880000000004)) ;
#3646=CARTESIAN_POINT('Axis2P3D Location',(2.12132034357,2.34257034357,0.880000000004)) ;
#3656=CARTESIAN_POINT('Axis2P3D Location',(2.27776771891,1.96487296823,0.880000000004)) ;
#3660=CARTESIAN_POINT('Vertex',(2.28837432062,1.95426636651,0.880000000004)) ;
#3662=CARTESIAN_POINT('Vertex',(2.26716111719,1.97547956995,0.880000000004)) ;
#3665=CARTESIAN_POINT('Axis2P3D Location',(2.27776771891,1.96487296823,0.880000000004)) ;
#3675=CARTESIAN_POINT('Axis2P3D Location',(2.12132034357,1.90007034357,0.880000000004)) ;
#3679=CARTESIAN_POINT('Vertex',(2.13192694529,1.88946374185,0.880000000004)) ;
#3681=CARTESIAN_POINT('Vertex',(2.11071374185,1.91067694529,0.880000000004)) ;
#3684=CARTESIAN_POINT('Axis2P3D Location',(2.12132034357,1.90007034357,0.880000000004)) ;
#3694=CARTESIAN_POINT('Axis2P3D Location',(2.34257034357,2.12132034357,0.880000000004)) ;
#3698=CARTESIAN_POINT('Vertex',(2.35317694529,2.11071374185,0.880000000004)) ;
#3700=CARTESIAN_POINT('Vertex',(2.33196374185,2.13192694529,0.880000000004)) ;
#3703=CARTESIAN_POINT('Axis2P3D Location',(2.34257034357,2.12132034357,0.880000000004)) ;
#3713=CARTESIAN_POINT('Axis2P3D Location',(0.,0.,0.865000000003)) ;
#3718=CARTESIAN_POINT('Line Origine',(2.06164600277,2.08614911212,0.865000000003)) ;
#3722=CARTESIAN_POINT('Vertex',(2.0618756357,2.07605321827,0.865000000003)) ;
#3724=CARTESIAN_POINT('Vertex',(2.06141636985,2.09624500596,0.865000000003)) ;
#3727=CARTESIAN_POINT('Line Origine',(2.07755378403,2.11238242015,0.865000000003)) ;
#3731=CARTESIAN_POINT('Vertex',(2.09369119821,2.12851983433,0.865000000003)) ;
#3734=CARTESIAN_POINT('Line Origine',(2.09495709613,2.12752758674,0.865000000003)) ;
#3738=CARTESIAN_POINT('Vertex',(2.09622299404,2.12653533915,0.865000000003)) ;
#3741=CARTESIAN_POINT('Line Origine',(2.09749631658,2.12571703983,0.865000000003)) ;
#3745=CARTESIAN_POINT('Vertex',(2.09876963912,2.12489874051,0.865000000003)) ;
#3748=CARTESIAN_POINT('Line Origine',(2.1000509166,2.1242517378,0.865000000003)) ;
#3752=CARTESIAN_POINT('Vertex',(2.10133219409,2.1236047351,0.865000000003)) ;
#3755=CARTESIAN_POINT('Line Origine',(2.1026208962,2.12313168066,0.865000000003)) ;
#3759=CARTESIAN_POINT('Vertex',(2.10390959831,2.12265862622,0.865000000003)) ;
#3762=CARTESIAN_POINT('Line Origine',(2.10520519471,2.12235792906,0.865000000003)) ;
#3766=CARTESIAN_POINT('Vertex',(2.10650079111,2.1220572319,0.865000000003)) ;
#3769=CARTESIAN_POINT('Line Origine',(2.10780487279,2.12192942235,0.865000000003)) ;
#3773=CARTESIAN_POINT('Vertex',(2.10910895447,2.1218016128,0.865000000003)) ;
#3776=CARTESIAN_POINT('Line Origine',(2.1104209911,2.12184616053,0.865000000003)) ;
#3780=CARTESIAN_POINT('Vertex',(2.11173302774,2.12189070826,0.865000000003)) ;
#3783=CARTESIAN_POINT('Line Origine',(2.11305248899,2.12210920425,0.865000000003)) ;
#3787=CARTESIAN_POINT('Vertex',(2.11437195024,2.12232770025,0.865000000003)) ;
#3790=CARTESIAN_POINT('Line Origine',(2.11569830579,2.12271855352,0.865000000003)) ;
#3794=CARTESIAN_POINT('Vertex',(2.11702466133,2.1231094068,0.865000000003)) ;
#3797=CARTESIAN_POINT('Line Origine',(2.11835950216,2.12367314768,0.865000000003)) ;
#3801=CARTESIAN_POINT('Vertex',(2.11969434299,2.12423688856,0.865000000003)) ;
#3804=CARTESIAN_POINT('Line Origine',(2.12003852721,2.12511670617,0.865000000003)) ;
#3808=CARTESIAN_POINT('Vertex',(2.12038271144,2.12599652378,0.865000000003)) ;
#3811=CARTESIAN_POINT('Line Origine',(2.11930136839,2.12597371959,0.865000000003)) ;
#3815=CARTESIAN_POINT('Vertex',(2.11822002535,2.1259509154,0.865000000003)) ;
#3818=CARTESIAN_POINT('Line Origine',(2.11717686607,2.12600553939,0.865000000003)) ;
#3822=CARTESIAN_POINT('Vertex',(2.11613370679,2.12606016339,0.865000000003)) ;
#3825=CARTESIAN_POINT('Line Origine',(2.11512979194,2.12619221558,0.865000000003)) ;
#3829=CARTESIAN_POINT('Vertex',(2.11412587708,2.12632426778,0.865000000003)) ;
#3832=CARTESIAN_POINT('Line Origine',(2.11316120666,2.1265326875,0.865000000003)) ;
#3836=CARTESIAN_POINT('Vertex',(2.11219653623,2.12674110722,0.865000000003)) ;
#3839=CARTESIAN_POINT('Line Origine',(2.11127111023,2.1270280158,0.865000000003)) ;
#3843=CARTESIAN_POINT('Vertex',(2.11034568423,2.12731492438,0.865000000003)) ;
#3846=CARTESIAN_POINT('Line Origine',(2.109458442,2.12767820049,0.865000000003)) ;
#3850=CARTESIAN_POINT('Vertex',(2.10857119976,2.12804147659,0.865000000003)) ;
#3853=CARTESIAN_POINT('Line Origine',(2.10772373229,2.12848271123,0.865000000003)) ;
#3857=CARTESIAN_POINT('Vertex',(2.10687626481,2.12892394586,0.865000000003)) ;
#3860=CARTESIAN_POINT('Line Origine',(2.10606751143,2.12944207835,0.865000000003)) ;
#3864=CARTESIAN_POINT('Vertex',(2.10525875805,2.12996021084,0.865000000003)) ;
#3867=CARTESIAN_POINT('Line Origine',(2.10448924909,2.13055577153,0.865000000003)) ;
#3871=CARTESIAN_POINT('Vertex',(2.10371974014,2.13115133222,0.865000000003)) ;
#3874=CARTESIAN_POINT('Line Origine',(2.10298841495,2.1318243211,0.865000000003)) ;
#3878=CARTESIAN_POINT('Vertex',(2.10225708976,2.13249730998,0.865000000003)) ;
#3881=CARTESIAN_POINT('Line Origine',(2.10170660713,2.13310294693,0.865000000003)) ;
#3885=CARTESIAN_POINT('Vertex',(2.1011561245,2.13370858389,0.865000000003)) ;
#3888=CARTESIAN_POINT('Line Origine',(2.10063587069,2.13432641844,0.865000000003)) ;
#3892=CARTESIAN_POINT('Vertex',(2.10011561687,2.13494425299,0.865000000003)) ;
#3895=CARTESIAN_POINT('Line Origine',(2.10191290554,2.13674154165,0.865000000003)) ;
#3899=CARTESIAN_POINT('Vertex',(2.1037101942,2.13853883031,0.865000000003)) ;
#3902=CARTESIAN_POINT('Line Origine',(2.10445424731,2.13784356757,0.865000000003)) ;
#3906=CARTESIAN_POINT('Vertex',(2.10519830042,2.13714830483,0.865000000003)) ;
#3909=CARTESIAN_POINT('Line Origine',(2.10596250607,2.13653153094,0.865000000003)) ;
#3913=CARTESIAN_POINT('Vertex',(2.10672671173,2.13591475705,0.865000000003)) ;
#3916=CARTESIAN_POINT('Line Origine',(2.10751053959,2.13537488102,0.865000000003)) ;
#3920=CARTESIAN_POINT('Vertex',(2.10829436746,2.13483500499,0.865000000003)) ;
#3923=CARTESIAN_POINT('Line Origine',(2.10909834787,2.13437361782,0.865000000003)) ;
#3927=CARTESIAN_POINT('Vertex',(2.10990232828,2.13391223064,0.865000000003)) ;
#3930=CARTESIAN_POINT('Line Origine',(2.1107259309,2.13352986265,0.865000000003)) ;
#3934=CARTESIAN_POINT('Vertex',(2.11154953353,2.13314749466,0.865000000003)) ;
#3937=CARTESIAN_POINT('Line Origine',(2.11239275836,2.13284202453,0.865000000003)) ;
#3941=CARTESIAN_POINT('Vertex',(2.1132359832,2.1325365544,0.865000000003)) ;
#3944=CARTESIAN_POINT('Line Origine',(2.11409989091,2.1323090428,0.865000000003)) ;
#3948=CARTESIAN_POINT('Vertex',(2.11496379862,2.13208153119,0.865000000003)) ;
#3951=CARTESIAN_POINT('Line Origine',(2.11584679821,2.13193250843,0.865000000003)) ;
#3955=CARTESIAN_POINT('Vertex',(2.11672979781,2.13178348568,0.865000000003)) ;
#3958=CARTESIAN_POINT('Line Origine',(2.11763348027,2.13171242145,0.865000000003)) ;
#3962=CARTESIAN_POINT('Vertex',(2.11853716274,2.13164135722,0.865000000003)) ;
#3965=CARTESIAN_POINT('Line Origine',(2.11946046742,2.13164825151,0.865000000003)) ;
#3969=CARTESIAN_POINT('Vertex',(2.1203837721,2.1316551458,0.865000000003)) ;
#3972=CARTESIAN_POINT('Line Origine',(2.12046013963,2.13318461777,0.865000000003)) ;
#3976=CARTESIAN_POINT('Vertex',(2.12053650716,2.13471408973,0.865000000003)) ;
#3979=CARTESIAN_POINT('Line Origine',(2.11966358384,2.13474378822,0.865000000003)) ;
#3983=CARTESIAN_POINT('Vertex',(2.11879066052,2.1347734867,0.865000000003)) ;
#3986=CARTESIAN_POINT('Line Origine',(2.11794849634,2.1348615215,0.865000000003)) ;
#3990=CARTESIAN_POINT('Vertex',(2.11710633217,2.13494955629,0.865000000003)) ;
#3993=CARTESIAN_POINT('Line Origine',(2.11629386647,2.13509698806,0.865000000003)) ;
#3997=CARTESIAN_POINT('Vertex',(2.11548140078,2.13524441982,0.865000000003)) ;
#4000=CARTESIAN_POINT('Line Origine',(2.11469810325,2.13545071822,0.865000000003)) ;
#4004=CARTESIAN_POINT('Vertex',(2.11391480571,2.13565701663,0.865000000003)) ;
#4007=CARTESIAN_POINT('Line Origine',(2.11316226732,2.13592165134,0.865000000003)) ;
#4011=CARTESIAN_POINT('Vertex',(2.11240972893,2.13618628605,0.865000000003)) ;
#4014=CARTESIAN_POINT('Line Origine',(2.11168688902,2.13651031774,0.865000000003)) ;
#4018=CARTESIAN_POINT('Vertex',(2.11096404911,2.13683434942,0.865000000003)) ;
#4021=CARTESIAN_POINT('Line Origine',(2.11027037736,2.13721724774,0.865000000003)) ;
#4025=CARTESIAN_POINT('Vertex',(2.10957670561,2.13760014606,0.865000000003)) ;
#4028=CARTESIAN_POINT('Line Origine',(2.10891326267,2.13804191102,0.865000000003)) ;
#4032=CARTESIAN_POINT('Vertex',(2.10824981973,2.13848367599,0.865000000003)) ;
#4035=CARTESIAN_POINT('Line Origine',(2.10761660561,2.13898430759,0.865000000003)) ;
#4039=CARTESIAN_POINT('Vertex',(2.10698339149,2.13948493919,0.865000000003)) ;
#4042=CARTESIAN_POINT('Line Origine',(2.10637934552,2.14004443743,0.865000000003)) ;
#4046=CARTESIAN_POINT('Vertex',(2.10577529955,2.14060393567,0.865000000003)) ;
#4049=CARTESIAN_POINT('Line Origine',(2.12221871419,2.15704735031,0.865000000003)) ;
#4053=CARTESIAN_POINT('Vertex',(2.13866212884,2.17349076495,0.865000000003)) ;
#4056=CARTESIAN_POINT('Line Origine',(2.14986588223,2.17222857935,0.865000000003)) ;
#4060=CARTESIAN_POINT('Vertex',(2.16106963563,2.17096639375,0.865000000003)) ;
#4063=CARTESIAN_POINT('Line Origine',(2.14229382927,2.18974220011,0.865000000003)) ;
#4067=CARTESIAN_POINT('Vertex',(2.1235180229,2.20851800647,0.865000000003)) ;
#4070=CARTESIAN_POINT('Line Origine',(2.1234421857,2.19865227588,0.865000000003)) ;
#4074=CARTESIAN_POINT('Vertex',(2.1233663485,2.18878654529,0.865000000003)) ;
#4077=CARTESIAN_POINT('Line Origine',(2.10409309252,2.16951328931,0.865000000003)) ;
#4081=CARTESIAN_POINT('Vertex',(2.08481983654,2.15024003333,0.865000000003)) ;
#4084=CARTESIAN_POINT('Line Origine',(2.07606302616,2.15899684371,0.865000000003)) ;
#4088=CARTESIAN_POINT('Vertex',(2.06730621578,2.16775365409,0.865000000003)) ;
#4091=CARTESIAN_POINT('Line Origine',(2.06722984825,2.18052612387,0.865000000003)) ;
#4095=CARTESIAN_POINT('Vertex',(2.06715348072,2.19329859366,0.865000000003)) ;
#4098=CARTESIAN_POINT('Line Origine',(2.05113061783,2.17727573078,0.865000000003)) ;
#4102=CARTESIAN_POINT('Vertex',(2.03510775495,2.16125286789,0.865000000003)) ;
#4105=CARTESIAN_POINT('Line Origine',(2.04768877557,2.16159705212,0.865000000003)) ;
#4109=CARTESIAN_POINT('Vertex',(2.0602697962,2.16194123634,0.865000000003)) ;
#4112=CARTESIAN_POINT('Line Origine',(2.06604403018,2.15616700237,0.865000000003)) ;
#4116=CARTESIAN_POINT('Vertex',(2.07181826415,2.15039276839,0.865000000003)) ;
#4119=CARTESIAN_POINT('Line Origine',(2.05705758687,2.13563209111,0.865000000003)) ;
#4123=CARTESIAN_POINT('Vertex',(2.04229690959,2.12087141383,0.865000000003)) ;
#4126=CARTESIAN_POINT('Line Origine',(2.04128079715,2.12174964045,0.865000000003)) ;
#4130=CARTESIAN_POINT('Vertex',(2.0402646847,2.12262786708,0.865000000003)) ;
#4133=CARTESIAN_POINT('Line Origine',(2.0393286521,2.123456773,0.865000000003)) ;
#4137=CARTESIAN_POINT('Vertex',(2.0383926195,2.12428567893,0.865000000003)) ;
#4140=CARTESIAN_POINT('Line Origine',(2.03753613641,2.12506579448,0.865000000003)) ;
#4144=CARTESIAN_POINT('Vertex',(2.03667965332,2.12584591004,0.865000000003)) ;
#4147=CARTESIAN_POINT('Line Origine',(2.03590271975,2.12657723523,0.865000000003)) ;
#4151=CARTESIAN_POINT('Vertex',(2.03512578617,2.12730856042,0.865000000003)) ;
#4154=CARTESIAN_POINT('Line Origine',(2.03442787178,2.12799056491,0.865000000003)) ;
#4158=CARTESIAN_POINT('Vertex',(2.03372995738,2.1286725694,0.865000000003)) ;
#4161=CARTESIAN_POINT('Line Origine',(2.03284271515,2.12957253955,0.865000000003)) ;
#4165=CARTESIAN_POINT('Vertex',(2.03195547292,2.13047250971,0.865000000003)) ;
#4168=CARTESIAN_POINT('Line Origine',(2.03112815798,2.13133800841,0.865000000003)) ;
#4172=CARTESIAN_POINT('Vertex',(2.03030084305,2.13220350711,0.865000000003)) ;
#4175=CARTESIAN_POINT('Line Origine',(2.02953398574,2.13303294336,0.865000000003)) ;
#4179=CARTESIAN_POINT('Vertex',(2.02876712844,2.13386237962,0.865000000003)) ;
#4182=CARTESIAN_POINT('Line Origine',(2.0280612591,2.13465734442,0.865000000003)) ;
#4186=CARTESIAN_POINT('Vertex',(2.02735538975,2.13545230921,0.865000000003)) ;
#4189=CARTESIAN_POINT('Line Origine',(2.02670944771,2.1362117419,0.865000000003)) ;
#4193=CARTESIAN_POINT('Vertex',(2.02606350566,2.13697117458,0.865000000003)) ;
#4196=CARTESIAN_POINT('Line Origine',(2.02547802125,2.13769560548,0.865000000003)) ;
#4200=CARTESIAN_POINT('Vertex',(2.02489253683,2.13842003637,0.865000000003)) ;
#4203=CARTESIAN_POINT('Line Origine',(2.02436751005,2.13910840483,0.865000000003)) ;
#4207=CARTESIAN_POINT('Vertex',(2.02384248326,2.13979677328,0.865000000003)) ;
#4210=CARTESIAN_POINT('Line Origine',(2.02337791411,2.1404512006,0.865000000003)) ;
#4214=CARTESIAN_POINT('Vertex',(2.02291334495,2.14110562793,0.865000000003)) ;
#4217=CARTESIAN_POINT('Line Origine',(2.02216557953,2.1423073559,0.865000000003)) ;
#4221=CARTESIAN_POINT('Vertex',(2.02141781411,2.14350908388,0.865000000003)) ;
#4224=CARTESIAN_POINT('Line Origine',(2.02085036092,2.14467474941,0.865000000003)) ;
#4228=CARTESIAN_POINT('Vertex',(2.02028290773,2.14584041494,0.865000000003)) ;
#4231=CARTESIAN_POINT('Line Origine',(2.0198347788,2.14707343239,0.865000000003)) ;
#4235=CARTESIAN_POINT('Vertex',(2.01938664988,2.14830644984,0.865000000003)) ;
#4238=CARTESIAN_POINT('Line Origine',(2.0190573149,2.14960628888,0.865000000003)) ;
#4242=CARTESIAN_POINT('Vertex',(2.01872797991,2.15090612792,0.865000000003)) ;
#4245=CARTESIAN_POINT('Line Origine',(2.01851849953,2.15227384921,0.865000000003)) ;
#4249=CARTESIAN_POINT('Vertex',(2.01830901915,2.1536415705,0.865000000003)) ;
#4252=CARTESIAN_POINT('Line Origine',(2.01821886303,2.15507664371,0.865000000003)) ;
#4256=CARTESIAN_POINT('Vertex',(2.01812870692,2.15651171692,0.865000000003)) ;
#4259=CARTESIAN_POINT('Line Origine',(2.01780732688,2.15529301839,0.865000000003)) ;
#4263=CARTESIAN_POINT('Vertex',(2.01748594685,2.15407431985,0.865000000003)) ;
#4266=CARTESIAN_POINT('Line Origine',(2.01736237994,2.15281902854,0.865000000003)) ;
#4270=CARTESIAN_POINT('Vertex',(2.01723881303,2.15156373722,0.865000000003)) ;
#4273=CARTESIAN_POINT('Line Origine',(2.01731358957,2.15027344412,0.865000000003)) ;
#4277=CARTESIAN_POINT('Vertex',(2.01738836612,2.14898315103,0.865000000003)) ;
#4280=CARTESIAN_POINT('Line Origine',(2.01766042545,2.14765679548,0.865000000003)) ;
#4284=CARTESIAN_POINT('Vertex',(2.01793248478,2.14633043994,0.865000000003)) ;
#4287=CARTESIAN_POINT('Line Origine',(2.01840288757,2.14496802195,0.865000000003)) ;
#4291=CARTESIAN_POINT('Vertex',(2.01887329036,2.14360560395,0.865000000003)) ;
#4294=CARTESIAN_POINT('Line Origine',(2.01954256693,2.14220659319,0.865000000003)) ;
#4298=CARTESIAN_POINT('Vertex',(2.02021184349,2.14080758242,0.865000000003)) ;
#4301=CARTESIAN_POINT('Line Origine',(2.02107840285,2.13937356987,0.865000000003)) ;
#4305=CARTESIAN_POINT('Vertex',(2.02194496221,2.13793955732,0.865000000003)) ;
#4308=CARTESIAN_POINT('Line Origine',(2.02301039536,2.13646895199,0.865000000003)) ;
#4312=CARTESIAN_POINT('Vertex',(2.0240758285,2.13499834666,0.865000000003)) ;
#4315=CARTESIAN_POINT('Line Origine',(2.02533907476,2.13349220922,0.865000000003)) ;
#4319=CARTESIAN_POINT('Vertex',(2.02660232103,2.13198607177,0.865000000003)) ;
#4322=CARTESIAN_POINT('Line Origine',(2.02806338042,2.13044440221,0.865000000003)) ;
#4326=CARTESIAN_POINT('Vertex',(2.0295244398,2.12890273265,0.865000000003)) ;
#4329=CARTESIAN_POINT('Line Origine',(2.03058722129,2.12784843644,0.865000000003)) ;
#4333=CARTESIAN_POINT('Vertex',(2.03165000279,2.12679414023,0.865000000003)) ;
#4336=CARTESIAN_POINT('Line Origine',(2.03269793504,2.12577378515,0.865000000003)) ;
#4340=CARTESIAN_POINT('Vertex',(2.03374586729,2.12475343006,0.865000000003)) ;
#4343=CARTESIAN_POINT('Line Origine',(2.03477841996,2.12376648577,0.865000000003)) ;
#4347=CARTESIAN_POINT('Vertex',(2.03581097264,2.12277954148,0.865000000003)) ;
#4350=CARTESIAN_POINT('Line Origine',(2.03682814574,2.12182706865,0.865000000003)) ;
#4354=CARTESIAN_POINT('Vertex',(2.03784531885,2.12087459581,0.865000000003)) ;
#4357=CARTESIAN_POINT('Line Origine',(2.03884711238,2.11995553377,0.865000000003)) ;
#4361=CARTESIAN_POINT('Vertex',(2.03984890591,2.11903647174,0.865000000003)) ;
#4364=CARTESIAN_POINT('Line Origine',(2.04099600989,2.11796573529,0.865000000003)) ;
#4368=CARTESIAN_POINT('Vertex',(2.04214311387,2.11689499885,0.865000000003)) ;
#4371=CARTESIAN_POINT('Line Origine',(2.05793634382,2.13268822881,0.865000000003)) ;
#4375=CARTESIAN_POINT('Vertex',(2.07372957378,2.14848145876,0.865000000003)) ;
#4378=CARTESIAN_POINT('Line Origine',(2.07606249583,2.14614853672,0.865000000003)) ;
#4382=CARTESIAN_POINT('Vertex',(2.07839541788,2.14381561467,0.865000000003)) ;
#4385=CARTESIAN_POINT('Line Origine',(2.0604988988,2.12591909559,0.865000000003)) ;
#4389=CARTESIAN_POINT('Vertex',(2.04260237972,2.10802257651,0.865000000003)) ;
#4392=CARTESIAN_POINT('Line Origine',(2.04122564282,2.10947568095,0.865000000003)) ;
#4396=CARTESIAN_POINT('Vertex',(2.03984890591,2.11092878538,0.865000000003)) ;
#4399=CARTESIAN_POINT('Line Origine',(2.03617796106,2.11467609777,0.865000000003)) ;
#4403=CARTESIAN_POINT('Vertex',(2.03250701621,2.11842341016,0.865000000003)) ;
#4406=CARTESIAN_POINT('Line Origine',(2.03028917579,2.12056488304,0.865000000003)) ;
#4410=CARTESIAN_POINT('Vertex',(2.02807133537,2.12270635593,0.865000000003)) ;
#4413=CARTESIAN_POINT('Line Origine',(2.02695021757,2.12385823288,0.865000000003)) ;
#4417=CARTESIAN_POINT('Vertex',(2.02582909976,2.12501010982,0.865000000003)) ;
#4420=CARTESIAN_POINT('Line Origine',(2.02480662336,2.12612486366,0.865000000003)) ;
#4424=CARTESIAN_POINT('Vertex',(2.02378414695,2.1272396175,0.865000000003)) ;
#4427=CARTESIAN_POINT('Line Origine',(2.02285978161,2.12831671791,0.865000000003)) ;
#4431=CARTESIAN_POINT('Vertex',(2.02193541627,2.12939381831,0.865000000003)) ;
#4434=CARTESIAN_POINT('Line Origine',(2.021109162,2.13043432594,0.865000000003)) ;
#4438=CARTESIAN_POINT('Vertex',(2.02028290773,2.13147483357,0.865000000003)) ;
#4441=CARTESIAN_POINT('Line Origine',(2.01955476452,2.13247768776,0.865000000003)) ;
#4445=CARTESIAN_POINT('Vertex',(2.01882662131,2.13348054195,0.865000000003)) ;
#4448=CARTESIAN_POINT('Line Origine',(2.0181971195,2.1344473337,0.865000000003)) ;
#4452=CARTESIAN_POINT('Vertex',(2.01756761769,2.13541412545,0.865000000003)) ;
#4455=CARTESIAN_POINT('Line Origine',(2.01703622694,2.13634326376,0.865000000003)) ;
#4459=CARTESIAN_POINT('Vertex',(2.01650483619,2.13727240207,0.865000000003)) ;
#4462=CARTESIAN_POINT('Line Origine',(2.01607155651,2.13816388694,0.865000000003)) ;
#4466=CARTESIAN_POINT('Vertex',(2.01563827683,2.13905537182,0.865000000003)) ;
#4469=CARTESIAN_POINT('Line Origine',(2.01530363855,2.13991079425,0.865000000003)) ;
#4473=CARTESIAN_POINT('Vertex',(2.01496900026,2.14076621667,0.865000000003)) ;
#4476=CARTESIAN_POINT('Line Origine',(2.01473194272,2.14158345534,0.865000000003)) ;
#4480=CARTESIAN_POINT('Vertex',(2.01449488517,2.142400694,0.865000000003)) ;
#4483=CARTESIAN_POINT('Line Origine',(2.01434427142,2.14323755488,0.865000000003)) ;
#4487=CARTESIAN_POINT('Vertex',(2.01419365768,2.14407441575,0.865000000003)) ;
#4490=CARTESIAN_POINT('Line Origine',(2.0141146385,2.14498499251,0.865000000003)) ;
#4494=CARTESIAN_POINT('Vertex',(2.01403561931,2.14589556927,0.865000000003)) ;
#4497=CARTESIAN_POINT('Line Origine',(2.01402872502,2.1468814529,0.865000000003)) ;
#4501=CARTESIAN_POINT('Vertex',(2.01402183073,2.14786733652,0.865000000003)) ;
#4504=CARTESIAN_POINT('Line Origine',(2.01408759166,2.14892693604,0.865000000003)) ;
#4508=CARTESIAN_POINT('Vertex',(2.01415335259,2.14998653555,0.865000000003)) ;
#4511=CARTESIAN_POINT('Line Origine',(2.01429070808,2.15112197226,0.865000000003)) ;
#4515=CARTESIAN_POINT('Vertex',(2.01442806358,2.15225740898,0.865000000003)) ;
#4518=CARTESIAN_POINT('Line Origine',(2.01463807429,2.15346656157,0.865000000003)) ;
#4522=CARTESIAN_POINT('Vertex',(2.01484808501,2.15467571417,0.865000000003)) ;
#4525=CARTESIAN_POINT('Line Origine',(2.01513075094,2.15595964331,0.865000000003)) ;
#4529=CARTESIAN_POINT('Vertex',(2.01541341688,2.15724357244,0.865000000003)) ;
#4532=CARTESIAN_POINT('Line Origine',(2.0157682077,2.15860174779,0.865000000003)) ;
#4536=CARTESIAN_POINT('Vertex',(2.01612299853,2.15995992314,0.865000000003)) ;
#4539=CARTESIAN_POINT('Line Origine',(2.01654991425,2.16139340537,0.865000000003)) ;
#4543=CARTESIAN_POINT('Vertex',(2.01697682997,2.16282688759,0.865000000003)) ;
#4546=CARTESIAN_POINT('Line Origine',(2.01747640091,2.16433408569,0.865000000003)) ;
#4550=CARTESIAN_POINT('Vertex',(2.01797597185,2.1658412838,0.865000000003)) ;
#4553=CARTESIAN_POINT('Line Origine',(2.01690523541,2.16538254827,0.865000000003)) ;
#4557=CARTESIAN_POINT('Vertex',(2.01583449896,2.16492381275,0.865000000003)) ;
#4560=CARTESIAN_POINT('Line Origine',(2.01475262559,2.16445818293,0.865000000003)) ;
#4564=CARTESIAN_POINT('Vertex',(2.01367075221,2.16399255312,0.865000000003)) ;
#4567=CARTESIAN_POINT('Line Origine',(2.01264403317,2.16355980377,0.865000000003)) ;
#4571=CARTESIAN_POINT('Vertex',(2.01161731412,2.16312705442,0.865000000003)) ;
#4574=CARTESIAN_POINT('Line Origine',(2.01064521907,2.1627266552,0.865000000003)) ;
#4578=CARTESIAN_POINT('Vertex',(2.00967312403,2.16232625599,0.865000000003)) ;
#4581=CARTESIAN_POINT('Line Origine',(2.00875565298,2.16195820691,0.865000000003)) ;
#4585=CARTESIAN_POINT('Vertex',(2.00783818193,2.16159015783,0.865000000003)) ;
#4588=CARTESIAN_POINT('Line Origine',(2.00697533488,2.16125445888,0.865000000003)) ;
#4592=CARTESIAN_POINT('Vertex',(2.00611248783,2.16091875994,0.865000000003)) ;
#4595=CARTESIAN_POINT('Line Origine',(2.00530373445,2.16061594146,0.865000000003)) ;
#4599=CARTESIAN_POINT('Vertex',(2.00449498107,2.16031312298,0.865000000003)) ;
#4602=CARTESIAN_POINT('Line Origine',(2.00374138202,2.16004212431,0.865000000003)) ;
#4606=CARTESIAN_POINT('Vertex',(2.00298778296,2.15977112563,0.865000000003)) ;
#4609=CARTESIAN_POINT('Line Origine',(2.00164498719,2.15932776968,0.865000000003)) ;
#4613=CARTESIAN_POINT('Vertex',(2.00030219141,2.15888441373,0.865000000003)) ;
#4616=CARTESIAN_POINT('Line Origine',(1.99912379796,2.15855454842,0.865000000003)) ;
#4620=CARTESIAN_POINT('Vertex',(1.99794540451,2.1582246831,0.865000000003)) ;
#4623=CARTESIAN_POINT('Line Origine',(1.99660579071,2.15791284901,0.865000000003)) ;
#4627=CARTESIAN_POINT('Vertex',(1.99526617691,2.15760101492,0.865000000003)) ;
#4630=CARTESIAN_POINT('Line Origine',(1.99451469918,2.15744562821,0.865000000003)) ;
#4634=CARTESIAN_POINT('Vertex',(1.99376322145,2.15729024149,0.865000000003)) ;
#4637=CARTESIAN_POINT('Line Origine',(1.99295871071,2.15713485478,0.865000000003)) ;
#4641=CARTESIAN_POINT('Vertex',(1.99215419997,2.15697946806,0.865000000003)) ;
#4644=CARTESIAN_POINT('Line Origine',(1.99129559556,2.15682514201,0.865000000003)) ;
#4648=CARTESIAN_POINT('Vertex',(1.99043699115,2.15667081595,0.865000000003)) ;
#4651=CARTESIAN_POINT('Line Origine',(1.98952429307,2.1565164899,0.865000000003)) ;
#4655=CARTESIAN_POINT('Vertex',(1.988611595,2.15636216384,0.865000000003)) ;
#4658=CARTESIAN_POINT('Line Origine',(1.98764533358,2.15620836812,0.865000000003)) ;
#4662=CARTESIAN_POINT('Vertex',(1.98667907216,2.15605457239,0.865000000003)) ;
#4665=CARTESIAN_POINT('Line Origine',(1.98565871708,2.15590077667,0.865000000003)) ;
#4669=CARTESIAN_POINT('Vertex',(1.98463836199,2.15574698094,0.865000000003)) ;
#4672=CARTESIAN_POINT('Line Origine',(1.98356338291,2.15559371555,0.865000000003)) ;
#4676=CARTESIAN_POINT('Vertex',(1.98248840382,2.15544045015,0.865000000003)) ;
#4679=CARTESIAN_POINT('Line Origine',(2.02218201976,2.11574683421,0.865000000003)) ;
#4833=CARTESIAN_POINT('Axis2P3D Location',(2.06141636985,2.09624500596,0.880000000004)) ;
#4838=CARTESIAN_POINT('Line Origine',(2.06141636985,2.09624500596,0.872500000003)) ;
#4843=CARTESIAN_POINT('Line Origine',(2.0618756357,2.07605321827,0.872500000003)) ;
#4862=CARTESIAN_POINT('Axis2P3D Location',(2.09369119821,2.12851983433,0.880000000004)) ;
#4867=CARTESIAN_POINT('Line Origine',(2.09369119821,2.12851983433,0.872500000003)) ;
#4886=CARTESIAN_POINT('Axis2P3D Location',(2.09622299404,2.12653533915,0.880000000004)) ;
#4891=CARTESIAN_POINT('Line Origine',(2.09622299404,2.12653533915,0.872500000003)) ;
#4910=CARTESIAN_POINT('Axis2P3D Location',(2.09876963912,2.12489874051,0.880000000004)) ;
#4915=CARTESIAN_POINT('Line Origine',(2.09876963912,2.12489874051,0.872500000003)) ;
#4934=CARTESIAN_POINT('Axis2P3D Location',(2.10133219409,2.1236047351,0.880000000004)) ;
#4939=CARTESIAN_POINT('Line Origine',(2.10133219409,2.1236047351,0.872500000003)) ;
#4958=CARTESIAN_POINT('Axis2P3D Location',(2.10390959831,2.12265862622,0.880000000004)) ;
#4963=CARTESIAN_POINT('Line Origine',(2.10390959831,2.12265862622,0.872500000003)) ;
#4982=CARTESIAN_POINT('Axis2P3D Location',(2.10650079111,2.1220572319,0.880000000004)) ;
#4987=CARTESIAN_POINT('Line Origine',(2.10650079111,2.1220572319,0.872500000003)) ;
#5006=CARTESIAN_POINT('Axis2P3D Location',(2.10910895447,2.1218016128,0.880000000004)) ;
#5011=CARTESIAN_POINT('Line Origine',(2.10910895447,2.1218016128,0.872500000003)) ;
#5030=CARTESIAN_POINT('Axis2P3D Location',(2.11173302774,2.12189070826,0.880000000004)) ;
#5035=CARTESIAN_POINT('Line Origine',(2.11173302774,2.12189070826,0.872500000003)) ;
#5054=CARTESIAN_POINT('Axis2P3D Location',(2.11437195024,2.12232770025,0.880000000004)) ;
#5059=CARTESIAN_POINT('Line Origine',(2.11437195024,2.12232770025,0.872500000003)) ;
#5078=CARTESIAN_POINT('Axis2P3D Location',(2.11702466133,2.1231094068,0.880000000004)) ;
#5083=CARTESIAN_POINT('Line Origine',(2.11702466133,2.1231094068,0.872500000003)) ;
#5102=CARTESIAN_POINT('Axis2P3D Location',(2.11969434299,2.12423688856,0.880000000004)) ;
#5107=CARTESIAN_POINT('Line Origine',(2.11969434299,2.12423688856,0.872500000003)) ;
#5126=CARTESIAN_POINT('Axis2P3D Location',(2.12038271144,2.12599652378,0.880000000004)) ;
#5131=CARTESIAN_POINT('Line Origine',(2.12038271144,2.12599652378,0.872500000003)) ;
#5150=CARTESIAN_POINT('Axis2P3D Location',(2.11822002535,2.1259509154,0.880000000004)) ;
#5155=CARTESIAN_POINT('Line Origine',(2.11822002535,2.1259509154,0.872500000003)) ;
#5174=CARTESIAN_POINT('Axis2P3D Location',(2.11613370679,2.12606016339,0.880000000004)) ;
#5179=CARTESIAN_POINT('Line Origine',(2.11613370679,2.12606016339,0.872500000003)) ;
#5198=CARTESIAN_POINT('Axis2P3D Location',(2.11412587708,2.12632426778,0.880000000004)) ;
#5203=CARTESIAN_POINT('Line Origine',(2.11412587708,2.12632426778,0.872500000003)) ;
#5222=CARTESIAN_POINT('Axis2P3D Location',(2.11219653623,2.12674110722,0.880000000004)) ;
#5227=CARTESIAN_POINT('Line Origine',(2.11219653623,2.12674110722,0.872500000003)) ;
#5246=CARTESIAN_POINT('Axis2P3D Location',(2.11034568423,2.12731492438,0.880000000004)) ;
#5251=CARTESIAN_POINT('Line Origine',(2.11034568423,2.12731492438,0.872500000003)) ;
#5270=CARTESIAN_POINT('Axis2P3D Location',(2.10857119976,2.12804147659,0.880000000004)) ;
#5275=CARTESIAN_POINT('Line Origine',(2.10857119976,2.12804147659,0.872500000003)) ;
#5294=CARTESIAN_POINT('Axis2P3D Location',(2.10687626481,2.12892394586,0.880000000004)) ;
#5299=CARTESIAN_POINT('Line Origine',(2.10687626481,2.12892394586,0.872500000003)) ;
#5318=CARTESIAN_POINT('Axis2P3D Location',(2.10525875805,2.12996021084,0.880000000004)) ;
#5323=CARTESIAN_POINT('Line Origine',(2.10525875805,2.12996021084,0.872500000003)) ;
#5342=CARTESIAN_POINT('Axis2P3D Location',(2.10371974014,2.13115133222,0.880000000004)) ;
#5347=CARTESIAN_POINT('Line Origine',(2.10371974014,2.13115133222,0.872500000003)) ;
#5366=CARTESIAN_POINT('Axis2P3D Location',(2.10225708976,2.13249730998,0.880000000004)) ;
#5371=CARTESIAN_POINT('Line Origine',(2.10225708976,2.13249730998,0.872500000003)) ;
#5390=CARTESIAN_POINT('Axis2P3D Location',(2.1011561245,2.13370858389,0.880000000004)) ;
#5395=CARTESIAN_POINT('Line Origine',(2.1011561245,2.13370858389,0.872500000003)) ;
#5414=CARTESIAN_POINT('Axis2P3D Location',(2.10011561687,2.13494425299,0.880000000004)) ;
#5419=CARTESIAN_POINT('Line Origine',(2.10011561687,2.13494425299,0.872500000003)) ;
#5438=CARTESIAN_POINT('Line Origine',(2.1037101942,2.13853883031,0.872500000003)) ;
#5457=CARTESIAN_POINT('Axis2P3D Location',(2.10519830042,2.13714830483,0.880000000004)) ;
#5462=CARTESIAN_POINT('Line Origine',(2.10519830042,2.13714830483,0.872500000003)) ;
#5481=CARTESIAN_POINT('Axis2P3D Location',(2.10672671173,2.13591475705,0.880000000004)) ;
#5486=CARTESIAN_POINT('Line Origine',(2.10672671173,2.13591475705,0.872500000003)) ;
#5505=CARTESIAN_POINT('Axis2P3D Location',(2.10829436746,2.13483500499,0.880000000004)) ;
#5510=CARTESIAN_POINT('Line Origine',(2.10829436746,2.13483500499,0.872500000003)) ;
#5529=CARTESIAN_POINT('Axis2P3D Location',(2.10990232828,2.13391223064,0.880000000004)) ;
#5534=CARTESIAN_POINT('Line Origine',(2.10990232828,2.13391223064,0.872500000003)) ;
#5553=CARTESIAN_POINT('Axis2P3D Location',(2.11154953353,2.13314749466,0.880000000004)) ;
#5558=CARTESIAN_POINT('Line Origine',(2.11154953353,2.13314749466,0.872500000003)) ;
#5577=CARTESIAN_POINT('Axis2P3D Location',(2.1132359832,2.1325365544,0.880000000004)) ;
#5582=CARTESIAN_POINT('Line Origine',(2.1132359832,2.1325365544,0.872500000003)) ;
#5601=CARTESIAN_POINT('Axis2P3D Location',(2.11496379862,2.13208153119,0.880000000004)) ;
#5606=CARTESIAN_POINT('Line Origine',(2.11496379862,2.13208153119,0.872500000003)) ;
#5625=CARTESIAN_POINT('Axis2P3D Location',(2.11672979781,2.13178348568,0.880000000004)) ;
#5630=CARTESIAN_POINT('Line Origine',(2.11672979781,2.13178348568,0.872500000003)) ;
#5649=CARTESIAN_POINT('Axis2P3D Location',(2.11853716274,2.13164135722,0.880000000004)) ;
#5654=CARTESIAN_POINT('Line Origine',(2.11853716274,2.13164135722,0.872500000003)) ;
#5673=CARTESIAN_POINT('Axis2P3D Location',(2.1203837721,2.1316551458,0.880000000004)) ;
#5678=CARTESIAN_POINT('Line Origine',(2.1203837721,2.1316551458,0.872500000003)) ;
#5697=CARTESIAN_POINT('Axis2P3D Location',(2.12053650716,2.13471408973,0.880000000004)) ;
#5702=CARTESIAN_POINT('Line Origine',(2.12053650716,2.13471408973,0.872500000003)) ;
#5721=CARTESIAN_POINT('Axis2P3D Location',(2.11879066052,2.1347734867,0.880000000004)) ;
#5726=CARTESIAN_POINT('Line Origine',(2.11879066052,2.1347734867,0.872500000003)) ;
#5745=CARTESIAN_POINT('Axis2P3D Location',(2.11710633217,2.13494955629,0.880000000004)) ;
#5750=CARTESIAN_POINT('Line Origine',(2.11710633217,2.13494955629,0.872500000003)) ;
#5769=CARTESIAN_POINT('Axis2P3D Location',(2.11548140078,2.13524441982,0.880000000004)) ;
#5774=CARTESIAN_POINT('Line Origine',(2.11548140078,2.13524441982,0.872500000003)) ;
#5793=CARTESIAN_POINT('Axis2P3D Location',(2.11391480571,2.13565701663,0.880000000004)) ;
#5798=CARTESIAN_POINT('Line Origine',(2.11391480571,2.13565701663,0.872500000003)) ;
#5817=CARTESIAN_POINT('Axis2P3D Location',(2.11240972893,2.13618628605,0.880000000004)) ;
#5822=CARTESIAN_POINT('Line Origine',(2.11240972893,2.13618628605,0.872500000003)) ;
#5841=CARTESIAN_POINT('Axis2P3D Location',(2.11096404911,2.13683434942,0.880000000004)) ;
#5846=CARTESIAN_POINT('Line Origine',(2.11096404911,2.13683434942,0.872500000003)) ;
#5865=CARTESIAN_POINT('Axis2P3D Location',(2.10957670561,2.13760014606,0.880000000004)) ;
#5870=CARTESIAN_POINT('Line Origine',(2.10957670561,2.13760014606,0.872500000003)) ;
#5889=CARTESIAN_POINT('Axis2P3D Location',(2.10824981973,2.13848367599,0.880000000004)) ;
#5894=CARTESIAN_POINT('Line Origine',(2.10824981973,2.13848367599,0.872500000003)) ;
#5913=CARTESIAN_POINT('Axis2P3D Location',(2.10698339149,2.13948493919,0.880000000004)) ;
#5918=CARTESIAN_POINT('Line Origine',(2.10698339149,2.13948493919,0.872500000003)) ;
#5937=CARTESIAN_POINT('Axis2P3D Location',(2.10577529955,2.14060393567,0.880000000004)) ;
#5942=CARTESIAN_POINT('Line Origine',(2.10577529955,2.14060393567,0.872500000003)) ;
#5961=CARTESIAN_POINT('Line Origine',(2.13866212884,2.17349076495,0.872500000003)) ;
#5980=CARTESIAN_POINT('Axis2P3D Location',(2.16106963563,2.17096639375,0.880000000004)) ;
#5985=CARTESIAN_POINT('Line Origine',(2.16106963563,2.17096639375,0.872500000003)) ;
#6004=CARTESIAN_POINT('Axis2P3D Location',(2.1235180229,2.20851800647,0.880000000004)) ;
#6009=CARTESIAN_POINT('Line Origine',(2.1235180229,2.20851800647,0.872500000003)) ;
#6028=CARTESIAN_POINT('Axis2P3D Location',(2.1233663485,2.18878654529,0.880000000004)) ;
#6033=CARTESIAN_POINT('Line Origine',(2.1233663485,2.18878654529,0.872500000003)) ;
#6052=CARTESIAN_POINT('Axis2P3D Location',(2.08481983654,2.15024003333,0.880000000004)) ;
#6057=CARTESIAN_POINT('Line Origine',(2.08481983654,2.15024003333,0.872500000003)) ;
#6076=CARTESIAN_POINT('Axis2P3D Location',(2.06730621578,2.16775365409,0.880000000004)) ;
#6081=CARTESIAN_POINT('Line Origine',(2.06730621578,2.16775365409,0.872500000003)) ;
#6100=CARTESIAN_POINT('Axis2P3D Location',(2.06715348072,2.19329859366,0.880000000004)) ;
#6105=CARTESIAN_POINT('Line Origine',(2.06715348072,2.19329859366,0.872500000003)) ;
#6124=CARTESIAN_POINT('Axis2P3D Location',(2.03510775495,2.16125286789,0.880000000004)) ;
#6129=CARTESIAN_POINT('Line Origine',(2.03510775495,2.16125286789,0.872500000003)) ;
#6148=CARTESIAN_POINT('Axis2P3D Location',(2.0602697962,2.16194123634,0.880000000004)) ;
#6153=CARTESIAN_POINT('Line Origine',(2.0602697962,2.16194123634,0.872500000003)) ;
#6172=CARTESIAN_POINT('Axis2P3D Location',(2.07181826415,2.15039276839,0.880000000004)) ;
#6177=CARTESIAN_POINT('Line Origine',(2.07181826415,2.15039276839,0.872500000003)) ;
#6196=CARTESIAN_POINT('Axis2P3D Location',(2.04229690959,2.12087141383,0.880000000004)) ;
#6201=CARTESIAN_POINT('Line Origine',(2.04229690959,2.12087141383,0.872500000003)) ;
#6220=CARTESIAN_POINT('Axis2P3D Location',(2.0402646847,2.12262786708,0.880000000004)) ;
#6225=CARTESIAN_POINT('Line Origine',(2.0402646847,2.12262786708,0.872500000003)) ;
#6244=CARTESIAN_POINT('Axis2P3D Location',(2.0383926195,2.12428567893,0.880000000004)) ;
#6249=CARTESIAN_POINT('Line Origine',(2.0383926195,2.12428567893,0.872500000003)) ;
#6268=CARTESIAN_POINT('Axis2P3D Location',(2.03667965332,2.12584591004,0.880000000004)) ;
#6273=CARTESIAN_POINT('Line Origine',(2.03667965332,2.12584591004,0.872500000003)) ;
#6292=CARTESIAN_POINT('Axis2P3D Location',(2.03512578617,2.12730856042,0.880000000004)) ;
#6297=CARTESIAN_POINT('Line Origine',(2.03512578617,2.12730856042,0.872500000003)) ;
#6316=CARTESIAN_POINT('Axis2P3D Location',(2.03372995738,2.1286725694,0.880000000004)) ;
#6321=CARTESIAN_POINT('Line Origine',(2.03372995738,2.1286725694,0.872500000003)) ;
#6340=CARTESIAN_POINT('Axis2P3D Location',(2.03195547292,2.13047250971,0.880000000004)) ;
#6345=CARTESIAN_POINT('Line Origine',(2.03195547292,2.13047250971,0.872500000003)) ;
#6364=CARTESIAN_POINT('Axis2P3D Location',(2.03030084305,2.13220350711,0.880000000004)) ;
#6369=CARTESIAN_POINT('Line Origine',(2.03030084305,2.13220350711,0.872500000003)) ;
#6388=CARTESIAN_POINT('Axis2P3D Location',(2.02876712844,2.13386237962,0.880000000004)) ;
#6393=CARTESIAN_POINT('Line Origine',(2.02876712844,2.13386237962,0.872500000003)) ;
#6412=CARTESIAN_POINT('Axis2P3D Location',(2.02735538975,2.13545230921,0.880000000004)) ;
#6417=CARTESIAN_POINT('Line Origine',(2.02735538975,2.13545230921,0.872500000003)) ;
#6436=CARTESIAN_POINT('Axis2P3D Location',(2.02606350566,2.13697117458,0.880000000004)) ;
#6441=CARTESIAN_POINT('Line Origine',(2.02606350566,2.13697117458,0.872500000003)) ;
#6460=CARTESIAN_POINT('Axis2P3D Location',(2.02489253683,2.13842003637,0.880000000004)) ;
#6465=CARTESIAN_POINT('Line Origine',(2.02489253683,2.13842003637,0.872500000003)) ;
#6484=CARTESIAN_POINT('Axis2P3D Location',(2.02384248326,2.13979677328,0.880000000004)) ;
#6489=CARTESIAN_POINT('Line Origine',(2.02384248326,2.13979677328,0.872500000003)) ;
#6508=CARTESIAN_POINT('Axis2P3D Location',(2.02291334495,2.14110562793,0.880000000004)) ;
#6513=CARTESIAN_POINT('Line Origine',(2.02291334495,2.14110562793,0.872500000003)) ;
#6532=CARTESIAN_POINT('Axis2P3D Location',(2.02141781411,2.14350908388,0.880000000004)) ;
#6537=CARTESIAN_POINT('Line Origine',(2.02141781411,2.14350908388,0.872500000003)) ;
#6556=CARTESIAN_POINT('Axis2P3D Location',(2.02028290773,2.14584041494,0.880000000004)) ;
#6561=CARTESIAN_POINT('Line Origine',(2.02028290773,2.14584041494,0.872500000003)) ;
#6580=CARTESIAN_POINT('Axis2P3D Location',(2.01938664988,2.14830644984,0.880000000004)) ;
#6585=CARTESIAN_POINT('Line Origine',(2.01938664988,2.14830644984,0.872500000003)) ;
#6604=CARTESIAN_POINT('Axis2P3D Location',(2.01872797991,2.15090612792,0.880000000004)) ;
#6609=CARTESIAN_POINT('Line Origine',(2.01872797991,2.15090612792,0.872500000003)) ;
#6628=CARTESIAN_POINT('Axis2P3D Location',(2.01830901915,2.1536415705,0.880000000004)) ;
#6633=CARTESIAN_POINT('Line Origine',(2.01830901915,2.1536415705,0.872500000003)) ;
#6652=CARTESIAN_POINT('Axis2P3D Location',(2.01812870692,2.15651171692,0.880000000004)) ;
#6657=CARTESIAN_POINT('Line Origine',(2.01812870692,2.15651171692,0.872500000003)) ;
#6676=CARTESIAN_POINT('Axis2P3D Location',(2.01748594685,2.15407431985,0.880000000004)) ;
#6681=CARTESIAN_POINT('Line Origine',(2.01748594685,2.15407431985,0.872500000003)) ;
#6700=CARTESIAN_POINT('Axis2P3D Location',(2.01723881303,2.15156373722,0.880000000004)) ;
#6705=CARTESIAN_POINT('Line Origine',(2.01723881303,2.15156373722,0.872500000003)) ;
#6724=CARTESIAN_POINT('Axis2P3D Location',(2.01738836612,2.14898315103,0.880000000004)) ;
#6729=CARTESIAN_POINT('Line Origine',(2.01738836612,2.14898315103,0.872500000003)) ;
#6748=CARTESIAN_POINT('Axis2P3D Location',(2.01793248478,2.14633043994,0.880000000004)) ;
#6753=CARTESIAN_POINT('Line Origine',(2.01793248478,2.14633043994,0.872500000003)) ;
#6772=CARTESIAN_POINT('Axis2P3D Location',(2.01887329036,2.14360560395,0.880000000004)) ;
#6777=CARTESIAN_POINT('Line Origine',(2.01887329036,2.14360560395,0.872500000003)) ;
#6796=CARTESIAN_POINT('Axis2P3D Location',(2.02021184349,2.14080758242,0.880000000004)) ;
#6801=CARTESIAN_POINT('Line Origine',(2.02021184349,2.14080758242,0.872500000003)) ;
#6820=CARTESIAN_POINT('Axis2P3D Location',(2.02194496221,2.13793955732,0.880000000004)) ;
#6825=CARTESIAN_POINT('Line Origine',(2.02194496221,2.13793955732,0.872500000003)) ;
#6844=CARTESIAN_POINT('Axis2P3D Location',(2.0240758285,2.13499834666,0.880000000004)) ;
#6849=CARTESIAN_POINT('Line Origine',(2.0240758285,2.13499834666,0.872500000003)) ;
#6868=CARTESIAN_POINT('Axis2P3D Location',(2.02660232103,2.13198607177,0.880000000004)) ;
#6873=CARTESIAN_POINT('Line Origine',(2.02660232103,2.13198607177,0.872500000003)) ;
#6892=CARTESIAN_POINT('Axis2P3D Location',(2.0295244398,2.12890273265,0.880000000004)) ;
#6897=CARTESIAN_POINT('Line Origine',(2.0295244398,2.12890273265,0.872500000003)) ;
#6916=CARTESIAN_POINT('Axis2P3D Location',(2.03165000279,2.12679414023,0.880000000004)) ;
#6921=CARTESIAN_POINT('Line Origine',(2.03165000279,2.12679414023,0.872500000003)) ;
#6940=CARTESIAN_POINT('Axis2P3D Location',(2.03374586729,2.12475343006,0.880000000004)) ;
#6945=CARTESIAN_POINT('Line Origine',(2.03374586729,2.12475343006,0.872500000003)) ;
#6964=CARTESIAN_POINT('Axis2P3D Location',(2.03581097264,2.12277954148,0.880000000004)) ;
#6969=CARTESIAN_POINT('Line Origine',(2.03581097264,2.12277954148,0.872500000003)) ;
#6988=CARTESIAN_POINT('Axis2P3D Location',(2.03784531885,2.12087459581,0.880000000004)) ;
#6993=CARTESIAN_POINT('Line Origine',(2.03784531885,2.12087459581,0.872500000003)) ;
#7012=CARTESIAN_POINT('Axis2P3D Location',(2.03984890591,2.11903647174,0.880000000004)) ;
#7017=CARTESIAN_POINT('Line Origine',(2.03984890591,2.11903647174,0.872500000003)) ;
#7036=CARTESIAN_POINT('Axis2P3D Location',(2.04214311387,2.11689499885,0.880000000004)) ;
#7041=CARTESIAN_POINT('Line Origine',(2.04214311387,2.11689499885,0.872500000003)) ;
#7060=CARTESIAN_POINT('Axis2P3D Location',(2.07372957378,2.14848145876,0.880000000004)) ;
#7065=CARTESIAN_POINT('Line Origine',(2.07372957378,2.14848145876,0.872500000003)) ;
#7084=CARTESIAN_POINT('Line Origine',(2.07839541788,2.14381561467,0.872500000003)) ;
#7103=CARTESIAN_POINT('Line Origine',(2.04260237972,2.10802257651,0.872500000003)) ;
#7122=CARTESIAN_POINT('Axis2P3D Location',(2.03984890591,2.11092878538,0.880000000004)) ;
#7127=CARTESIAN_POINT('Line Origine',(2.03984890591,2.11092878538,0.872500000003)) ;
#7146=CARTESIAN_POINT('Axis2P3D Location',(2.03250701621,2.11842341016,0.880000000004)) ;
#7151=CARTESIAN_POINT('Line Origine',(2.03250701621,2.11842341016,0.872500000003)) ;
#7170=CARTESIAN_POINT('Axis2P3D Location',(2.02807133537,2.12270635593,0.880000000004)) ;
#7175=CARTESIAN_POINT('Line Origine',(2.02807133537,2.12270635593,0.872500000003)) ;
#7194=CARTESIAN_POINT('Axis2P3D Location',(2.02582909976,2.12501010982,0.880000000004)) ;
#7199=CARTESIAN_POINT('Line Origine',(2.02582909976,2.12501010982,0.872500000003)) ;
#7218=CARTESIAN_POINT('Axis2P3D Location',(2.02378414695,2.1272396175,0.880000000004)) ;
#7223=CARTESIAN_POINT('Line Origine',(2.02378414695,2.1272396175,0.872500000003)) ;
#7242=CARTESIAN_POINT('Axis2P3D Location',(2.02193541627,2.12939381831,0.880000000004)) ;
#7247=CARTESIAN_POINT('Line Origine',(2.02193541627,2.12939381831,0.872500000003)) ;
#7266=CARTESIAN_POINT('Axis2P3D Location',(2.02028290773,2.13147483357,0.880000000004)) ;
#7271=CARTESIAN_POINT('Line Origine',(2.02028290773,2.13147483357,0.872500000003)) ;
#7290=CARTESIAN_POINT('Axis2P3D Location',(2.01882662131,2.13348054195,0.880000000004)) ;
#7295=CARTESIAN_POINT('Line Origine',(2.01882662131,2.13348054195,0.872500000003)) ;
#7314=CARTESIAN_POINT('Axis2P3D Location',(2.01756761769,2.13541412545,0.880000000004)) ;
#7319=CARTESIAN_POINT('Line Origine',(2.01756761769,2.13541412545,0.872500000003)) ;
#7338=CARTESIAN_POINT('Axis2P3D Location',(2.01650483619,2.13727240207,0.880000000004)) ;
#7343=CARTESIAN_POINT('Line Origine',(2.01650483619,2.13727240207,0.872500000003)) ;
#7362=CARTESIAN_POINT('Axis2P3D Location',(2.01563827683,2.13905537182,0.880000000004)) ;
#7367=CARTESIAN_POINT('Line Origine',(2.01563827683,2.13905537182,0.872500000003)) ;
#7386=CARTESIAN_POINT('Axis2P3D Location',(2.01496900026,2.14076621667,0.880000000004)) ;
#7391=CARTESIAN_POINT('Line Origine',(2.01496900026,2.14076621667,0.872500000003)) ;
#7410=CARTESIAN_POINT('Axis2P3D Location',(2.01449488517,2.142400694,0.880000000004)) ;
#7415=CARTESIAN_POINT('Line Origine',(2.01449488517,2.142400694,0.872500000003)) ;
#7434=CARTESIAN_POINT('Axis2P3D Location',(2.01419365768,2.14407441575,0.880000000004)) ;
#7439=CARTESIAN_POINT('Line Origine',(2.01419365768,2.14407441575,0.872500000003)) ;
#7458=CARTESIAN_POINT('Axis2P3D Location',(2.01403561931,2.14589556927,0.880000000004)) ;
#7463=CARTESIAN_POINT('Line Origine',(2.01403561931,2.14589556927,0.872500000003)) ;
#7482=CARTESIAN_POINT('Axis2P3D Location',(2.01402183073,2.14786733652,0.880000000004)) ;
#7487=CARTESIAN_POINT('Line Origine',(2.01402183073,2.14786733652,0.872500000003)) ;
#7506=CARTESIAN_POINT('Axis2P3D Location',(2.01415335259,2.14998653555,0.880000000004)) ;
#7511=CARTESIAN_POINT('Line Origine',(2.01415335259,2.14998653555,0.872500000003)) ;
#7530=CARTESIAN_POINT('Axis2P3D Location',(2.01442806358,2.15225740898,0.880000000004)) ;
#7535=CARTESIAN_POINT('Line Origine',(2.01442806358,2.15225740898,0.872500000003)) ;
#7554=CARTESIAN_POINT('Axis2P3D Location',(2.01484808501,2.15467571417,0.880000000004)) ;
#7559=CARTESIAN_POINT('Line Origine',(2.01484808501,2.15467571417,0.872500000003)) ;
#7578=CARTESIAN_POINT('Axis2P3D Location',(2.01541341688,2.15724357244,0.880000000004)) ;
#7583=CARTESIAN_POINT('Line Origine',(2.01541341688,2.15724357244,0.872500000003)) ;
#7602=CARTESIAN_POINT('Axis2P3D Location',(2.01612299853,2.15995992314,0.880000000004)) ;
#7607=CARTESIAN_POINT('Line Origine',(2.01612299853,2.15995992314,0.872500000003)) ;
#7626=CARTESIAN_POINT('Axis2P3D Location',(2.01697682997,2.16282688759,0.880000000004)) ;
#7631=CARTESIAN_POINT('Line Origine',(2.01697682997,2.16282688759,0.872500000003)) ;
#7650=CARTESIAN_POINT('Axis2P3D Location',(2.01797597185,2.1658412838,0.880000000004)) ;
#7655=CARTESIAN_POINT('Line Origine',(2.01797597185,2.1658412838,0.872500000003)) ;
#7674=CARTESIAN_POINT('Axis2P3D Location',(2.01583449896,2.16492381275,0.880000000004)) ;
#7679=CARTESIAN_POINT('Line Origine',(2.01583449896,2.16492381275,0.872500000003)) ;
#7698=CARTESIAN_POINT('Axis2P3D Location',(2.01367075221,2.16399255312,0.880000000004)) ;
#7703=CARTESIAN_POINT('Line Origine',(2.01367075221,2.16399255312,0.872500000003)) ;
#7722=CARTESIAN_POINT('Axis2P3D Location',(2.01161731412,2.16312705442,0.880000000004)) ;
#7727=CARTESIAN_POINT('Line Origine',(2.01161731412,2.16312705442,0.872500000003)) ;
#7746=CARTESIAN_POINT('Axis2P3D Location',(2.00967312403,2.16232625599,0.880000000004)) ;
#7751=CARTESIAN_POINT('Line Origine',(2.00967312403,2.16232625599,0.872500000003)) ;
#7770=CARTESIAN_POINT('Axis2P3D Location',(2.00783818193,2.16159015783,0.880000000004)) ;
#7775=CARTESIAN_POINT('Line Origine',(2.00783818193,2.16159015783,0.872500000003)) ;
#7794=CARTESIAN_POINT('Axis2P3D Location',(2.00611248783,2.16091875994,0.880000000004)) ;
#7799=CARTESIAN_POINT('Line Origine',(2.00611248783,2.16091875994,0.872500000003)) ;
#7818=CARTESIAN_POINT('Axis2P3D Location',(2.00449498107,2.16031312298,0.880000000004)) ;
#7823=CARTESIAN_POINT('Line Origine',(2.00449498107,2.16031312298,0.872500000003)) ;
#7842=CARTESIAN_POINT('Axis2P3D Location',(2.00298778296,2.15977112563,0.880000000004)) ;
#7847=CARTESIAN_POINT('Line Origine',(2.00298778296,2.15977112563,0.872500000003)) ;
#7866=CARTESIAN_POINT('Axis2P3D Location',(2.00030219141,2.15888441373,0.880000000004)) ;
#7871=CARTESIAN_POINT('Line Origine',(2.00030219141,2.15888441373,0.872500000003)) ;
#7890=CARTESIAN_POINT('Axis2P3D Location',(1.99794540451,2.1582246831,0.880000000004)) ;
#7895=CARTESIAN_POINT('Line Origine',(1.99794540451,2.1582246831,0.872500000003)) ;
#7914=CARTESIAN_POINT('Axis2P3D Location',(1.99526617691,2.15760101492,0.880000000004)) ;
#7919=CARTESIAN_POINT('Line Origine',(1.99526617691,2.15760101492,0.872500000003)) ;
#7938=CARTESIAN_POINT('Axis2P3D Location',(1.99376322145,2.15729024149,0.880000000004)) ;
#7943=CARTESIAN_POINT('Line Origine',(1.99376322145,2.15729024149,0.872500000003)) ;
#7962=CARTESIAN_POINT('Axis2P3D Location',(1.99215419997,2.15697946806,0.880000000004)) ;
#7967=CARTESIAN_POINT('Line Origine',(1.99215419997,2.15697946806,0.872500000003)) ;
#7986=CARTESIAN_POINT('Axis2P3D Location',(1.99043699115,2.15667081595,0.880000000004)) ;
#7991=CARTESIAN_POINT('Line Origine',(1.99043699115,2.15667081595,0.872500000003)) ;
#8010=CARTESIAN_POINT('Axis2P3D Location',(1.988611595,2.15636216384,0.880000000004)) ;
#8015=CARTESIAN_POINT('Line Origine',(1.988611595,2.15636216384,0.872500000003)) ;
#8034=CARTESIAN_POINT('Axis2P3D Location',(1.98667907216,2.15605457239,0.880000000004)) ;
#8039=CARTESIAN_POINT('Line Origine',(1.98667907216,2.15605457239,0.872500000003)) ;
#8058=CARTESIAN_POINT('Axis2P3D Location',(1.98463836199,2.15574698094,0.880000000004)) ;
#8063=CARTESIAN_POINT('Line Origine',(1.98463836199,2.15574698094,0.872500000003)) ;
#8082=CARTESIAN_POINT('Axis2P3D Location',(1.98248840382,2.15544045015,0.880000000004)) ;
#8087=CARTESIAN_POINT('Line Origine',(1.98248840382,2.15544045015,0.872500000003)) ;
#8106=CARTESIAN_POINT('Axis2P3D Location',(2.0618756357,2.07605321827,0.880000000004)) ;
#8125=CARTESIAN_POINT('Line Origine',(2.11510592708,2.02358872354,0.865000000003)) ;
#8129=CARTESIAN_POINT('Vertex',(2.06891099462,2.06901785935,0.865000000003)) ;
#8131=CARTESIAN_POINT('Vertex',(2.16130085954,1.97815958772,0.865000000003)) ;
#8134=CARTESIAN_POINT('Line Origine',(2.16192558839,1.98012499102,0.865000000003)) ;
#8138=CARTESIAN_POINT('Vertex',(2.16255031723,1.98209039432,0.865000000003)) ;
#8141=CARTESIAN_POINT('Line Origine',(2.16318724366,1.98399587032,0.865000000003)) ;
#8145=CARTESIAN_POINT('Vertex',(2.16382417009,1.98590134631,0.865000000003)) ;
#8148=CARTESIAN_POINT('Line Origine',(2.16447223346,1.98774689501,0.865000000003)) ;
#8152=CARTESIAN_POINT('Vertex',(2.16512029682,1.98959244371,0.865000000003)) ;
#8155=CARTESIAN_POINT('Line Origine',(2.16578002745,1.99137753478,0.865000000003)) ;
#8159=CARTESIAN_POINT('Vertex',(2.16643975808,1.99316262585,0.865000000003)) ;
#8162=CARTESIAN_POINT('Line Origine',(2.16711062563,1.99488672896,0.865000000003)) ;
#8166=CARTESIAN_POINT('Vertex',(2.16778149319,1.99661083207,0.865000000003)) ;
#8169=CARTESIAN_POINT('Line Origine',(2.16846402801,1.99827447755,0.865000000003)) ;
#8173=CARTESIAN_POINT('Vertex',(2.16914656283,1.99993812303,0.865000000003)) ;
#8176=CARTESIAN_POINT('Line Origine',(2.16984076492,2.00154131088,0.865000000003)) ;
#8180=CARTESIAN_POINT('Vertex',(2.170534967,2.00314449873,0.865000000003)) ;
#8183=CARTESIAN_POINT('Line Origine',(2.17124030601,2.00468775928,0.865000000003)) ;
#8187=CARTESIAN_POINT('Vertex',(2.17194564503,2.00623101983,0.865000000003)) ;
#8190=CARTESIAN_POINT('Line Origine',(2.17266318163,2.00771329242,0.865000000003)) ;
#8194=CARTESIAN_POINT('Vertex',(2.17338071824,2.00919556501,0.865000000003)) ;
#8197=CARTESIAN_POINT('Line Origine',(2.17364959559,2.01107664582,0.865000000003)) ;
#8201=CARTESIAN_POINT('Vertex',(2.17391847295,2.01295772664,0.865000000003)) ;
#8204=CARTESIAN_POINT('Line Origine',(2.1729251647,2.01209487959,0.865000000003)) ;
#8208=CARTESIAN_POINT('Vertex',(2.17193185645,2.01123203254,0.865000000003)) ;
#8211=CARTESIAN_POINT('Line Origine',(2.1709544581,2.01046358424,0.865000000003)) ;
#8215=CARTESIAN_POINT('Vertex',(2.16997705975,2.00969513595,0.865000000003)) ;
#8218=CARTESIAN_POINT('Line Origine',(2.16901663196,2.00902108641,0.865000000003)) ;
#8222=CARTESIAN_POINT('Vertex',(2.16805620418,2.00834703687,0.865000000003)) ;
#8225=CARTESIAN_POINT('Line Origine',(2.1671116863,2.00776738608,0.865000000003)) ;
#8229=CARTESIAN_POINT('Vertex',(2.16616716841,2.0071877353,0.865000000003)) ;
#8232=CARTESIAN_POINT('Line Origine',(2.16523909076,2.0067030136,0.865000000003)) ;
#8236=CARTESIAN_POINT('Vertex',(2.16431101311,2.0062182919,0.865000000003)) ;
#8239=CARTESIAN_POINT('Line Origine',(2.16339990602,2.00582796896,0.865000000003)) ;
#8243=CARTESIAN_POINT('Vertex',(2.16248879894,2.00543764602,0.865000000003)) ;
#8246=CARTESIAN_POINT('Line Origine',(2.16159360175,2.00514066117,0.865000000003)) ;
#8250=CARTESIAN_POINT('Vertex',(2.16069840457,2.00484367632,0.865000000003)) ;
#8253=CARTESIAN_POINT('Line Origine',(2.15982017794,2.00464215089,0.865000000003)) ;
#8257=CARTESIAN_POINT('Vertex',(2.15894195132,2.00444062546,0.865000000003)) ;
#8260=CARTESIAN_POINT('Line Origine',(2.1580796346,2.00433349878,0.865000000003)) ;
#8264=CARTESIAN_POINT('Vertex',(2.15721731788,2.0042263721,0.865000000003)) ;
#8267=CARTESIAN_POINT('Line Origine',(2.1563714414,2.00421311385,0.865000000003)) ;
#8271=CARTESIAN_POINT('Vertex',(2.15552556491,2.0041998556,0.865000000003)) ;
#8274=CARTESIAN_POINT('Line Origine',(2.15468074908,2.00428205676,0.865000000003)) ;
#8278=CARTESIAN_POINT('Vertex',(2.15383593325,2.00436425792,0.865000000003)) ;
#8281=CARTESIAN_POINT('Line Origine',(2.15297626819,2.0045419185,0.865000000003)) ;
#8285=CARTESIAN_POINT('Vertex',(2.15211660312,2.00471957908,0.865000000003)) ;
#8288=CARTESIAN_POINT('Line Origine',(2.15124155847,2.00499216875,0.865000000003)) ;
#8292=CARTESIAN_POINT('Vertex',(2.15036651383,2.00526475841,0.865000000003)) ;
#8295=CARTESIAN_POINT('Line Origine',(2.14947715028,2.00563227716,0.865000000003)) ;
#8299=CARTESIAN_POINT('Vertex',(2.14858778673,2.00599979591,0.865000000003)) ;
#8302=CARTESIAN_POINT('Line Origine',(2.1476830436,2.00646224374,0.865000000003)) ;
#8306=CARTESIAN_POINT('Vertex',(2.14677830047,2.00692469158,0.865000000003)) ;
#8309=CARTESIAN_POINT('Line Origine',(2.14585923843,2.00748312916,0.865000000003)) ;
#8313=CARTESIAN_POINT('Vertex',(2.14494017639,2.00804156674,0.865000000003)) ;
#8316=CARTESIAN_POINT('Line Origine',(2.14400520445,2.00869546374,0.865000000003)) ;
#8320=CARTESIAN_POINT('Vertex',(2.14307023251,2.00934936073,0.865000000003)) ;
#8323=CARTESIAN_POINT('Line Origine',(2.14212094166,2.01009712615,0.865000000003)) ;
#8327=CARTESIAN_POINT('Vertex',(2.1411716508,2.01084489157,0.865000000003)) ;
#8330=CARTESIAN_POINT('Line Origine',(2.14020751071,2.01168917707,0.865000000003)) ;
#8334=CARTESIAN_POINT('Vertex',(2.13924337061,2.01253346257,0.865000000003)) ;
#8337=CARTESIAN_POINT('Line Origine',(2.13826438127,2.01347214682,0.865000000003)) ;
#8341=CARTESIAN_POINT('Vertex',(2.13728539193,2.01441083107,0.865000000003)) ;
#8344=CARTESIAN_POINT('Line Origine',(2.1365832349,2.01513101933,0.865000000003)) ;
#8348=CARTESIAN_POINT('Vertex',(2.13588107787,2.01585120758,0.865000000003)) ;
#8351=CARTESIAN_POINT('Line Origine',(2.13518210281,2.01660533697,0.865000000003)) ;
#8355=CARTESIAN_POINT('Vertex',(2.13448312776,2.01735946635,0.865000000003)) ;
#8358=CARTESIAN_POINT('Line Origine',(2.13378733469,2.01814753686,0.865000000003)) ;
#8362=CARTESIAN_POINT('Vertex',(2.13309154162,2.01893560736,0.865000000003)) ;
#8365=CARTESIAN_POINT('Line Origine',(2.13239840019,2.01975708867,0.865000000003)) ;
#8369=CARTESIAN_POINT('Vertex',(2.13170525877,2.02057856997,0.865000000003)) ;
#8372=CARTESIAN_POINT('Line Origine',(2.13101582966,2.02143346207,0.865000000003)) ;
#8376=CARTESIAN_POINT('Vertex',(2.13032640055,2.02228835417,0.865000000003)) ;
#8379=CARTESIAN_POINT('Line Origine',(2.1326206085,2.0237414586,0.865000000003)) ;
#8383=CARTESIAN_POINT('Vertex',(2.13491481645,2.02519456304,0.865000000003)) ;
#8386=CARTESIAN_POINT('Line Origine',(2.13717084064,2.02286217132,0.865000000003)) ;
#8390=CARTESIAN_POINT('Vertex',(2.13942686482,2.0205297796,0.865000000003)) ;
#8393=CARTESIAN_POINT('Line Origine',(2.14029130286,2.01970034335,0.865000000003)) ;
#8397=CARTESIAN_POINT('Vertex',(2.1411557409,2.01887090709,0.865000000003)) ;
#8400=CARTESIAN_POINT('Line Origine',(2.14200639036,2.01812526299,0.865000000003)) ;
#8404=CARTESIAN_POINT('Vertex',(2.14285703982,2.01737961889,0.865000000003)) ;
#8407=CARTESIAN_POINT('Line Origine',(2.14369337036,2.01671935793,0.865000000003)) ;
#8411=CARTESIAN_POINT('Vertex',(2.14452970091,2.01605909698,0.865000000003)) ;
#8414=CARTESIAN_POINT('Line Origine',(2.14535224287,2.01548262817,0.865000000003)) ;
#8418=CARTESIAN_POINT('Vertex',(2.14617478483,2.01490615937,0.865000000003)) ;
#8421=CARTESIAN_POINT('Line Origine',(2.14698353822,2.01441454338,0.865000000003)) ;
#8425=CARTESIAN_POINT('Vertex',(2.1477922916,2.01392292739,0.865000000003)) ;
#8428=CARTESIAN_POINT('Line Origine',(2.14858619573,2.01351616422,0.865000000003)) ;
#8432=CARTESIAN_POINT('Vertex',(2.14938009987,2.01310940104,0.865000000003)) ;
#8435=CARTESIAN_POINT('Line Origine',(2.1501596851,2.01278696035,0.865000000003)) ;
#8439=CARTESIAN_POINT('Vertex',(2.15093927033,2.01246451966,0.865000000003)) ;
#8442=CARTESIAN_POINT('Line Origine',(2.1517055973,2.01222640145,0.865000000003)) ;
#8446=CARTESIAN_POINT('Vertex',(2.15247192427,2.01198828324,0.865000000003)) ;
#8449=CARTESIAN_POINT('Line Origine',(2.15322287168,2.01183448751,0.865000000003)) ;
#8453=CARTESIAN_POINT('Vertex',(2.15397381908,2.01168069179,0.865000000003)) ;
#8456=CARTESIAN_POINT('Line Origine',(2.15545450068,2.01162659812,0.865000000003)) ;
#8460=CARTESIAN_POINT('Vertex',(2.15693518228,2.01157250445,0.865000000003)) ;
#8463=CARTESIAN_POINT('Line Origine',(2.15770256991,2.01167167618,0.865000000003)) ;
#8467=CARTESIAN_POINT('Vertex',(2.15846995755,2.0117708479,0.865000000003)) ;
#8470=CARTESIAN_POINT('Line Origine',(2.15926280102,2.01195381178,0.865000000003)) ;
#8474=CARTESIAN_POINT('Vertex',(2.1600556445,2.01213677566,0.865000000003)) ;
#8477=CARTESIAN_POINT('Line Origine',(2.16087288316,2.01240247104,0.865000000003)) ;
#8481=CARTESIAN_POINT('Vertex',(2.16169012183,2.01266816641,0.865000000003)) ;
#8484=CARTESIAN_POINT('Line Origine',(2.162532286,2.01301818427,0.865000000003)) ;
#8488=CARTESIAN_POINT('Vertex',(2.16337445018,2.01336820212,0.865000000003)) ;
#8491=CARTESIAN_POINT('Line Origine',(2.16424153987,2.01380254246,0.865000000003)) ;
#8495=CARTESIAN_POINT('Vertex',(2.16510862956,2.0142368828,0.865000000003)) ;
#8498=CARTESIAN_POINT('Line Origine',(2.16600064477,2.01475448497,0.865000000003)) ;
#8502=CARTESIAN_POINT('Vertex',(2.16689265997,2.01527208713,0.865000000003)) ;
#8505=CARTESIAN_POINT('Line Origine',(2.16780960069,2.01587295112,0.865000000003)) ;
#8509=CARTESIAN_POINT('Vertex',(2.16872654141,2.0164738151,0.865000000003)) ;
#8512=CARTESIAN_POINT('Line Origine',(2.16966787731,2.01715953191,0.865000000003)) ;
#8516=CARTESIAN_POINT('Vertex',(2.17060921321,2.01784524871,0.865000000003)) ;
#8519=CARTESIAN_POINT('Line Origine',(2.17157600496,2.018613697,0.865000000003)) ;
#8523=CARTESIAN_POINT('Vertex',(2.1725427967,2.0193821453,0.865000000003)) ;
#8526=CARTESIAN_POINT('Line Origine',(2.17154842779,2.02037651421,0.865000000003)) ;
#8530=CARTESIAN_POINT('Vertex',(2.17055405888,2.02137088312,0.865000000003)) ;
#8533=CARTESIAN_POINT('Line Origine',(2.16972250131,2.02068887863,0.865000000003)) ;
#8537=CARTESIAN_POINT('Vertex',(2.16889094373,2.02000687414,0.865000000003)) ;
#8540=CARTESIAN_POINT('Line Origine',(2.1680795387,2.01939911586,0.865000000003)) ;
#8544=CARTESIAN_POINT('Vertex',(2.16726813367,2.01879135758,0.865000000003)) ;
#8547=CARTESIAN_POINT('Line Origine',(2.16647688118,2.01825784551,0.865000000003)) ;
#8551=CARTESIAN_POINT('Vertex',(2.16568562869,2.01772433345,0.865000000003)) ;
#8554=CARTESIAN_POINT('Line Origine',(2.16491399842,2.01726559792,0.865000000003)) ;
#8558=CARTESIAN_POINT('Vertex',(2.16414236814,2.0168068624,0.865000000003)) ;
#8561=CARTESIAN_POINT('Line Origine',(2.16339036008,2.01642184276,0.865000000003)) ;
#8565=CARTESIAN_POINT('Vertex',(2.16263835202,2.01603682311,0.865000000003)) ;
#8568=CARTESIAN_POINT('Line Origine',(2.1611942632,2.01548899214,0.865000000003)) ;
#8572=CARTESIAN_POINT('Vertex',(2.15975017437,2.01494116116,0.865000000003)) ;
#8575=CARTESIAN_POINT('Line Origine',(2.15838563506,2.01469031503,0.865000000003)) ;
#8579=CARTESIAN_POINT('Vertex',(2.15702109575,2.0144394689,0.865000000003)) ;
#8582=CARTESIAN_POINT('Line Origine',(2.15571913539,2.01448666827,0.865000000003)) ;
#8586=CARTESIAN_POINT('Vertex',(2.15441717503,2.01453386765,0.865000000003)) ;
#8589=CARTESIAN_POINT('Line Origine',(2.15307384892,2.0148854765,0.865000000003)) ;
#8593=CARTESIAN_POINT('Vertex',(2.15173052281,2.01523708534,0.865000000003)) ;
#8596=CARTESIAN_POINT('Line Origine',(2.15103791172,2.01552770623,0.865000000003)) ;
#8600=CARTESIAN_POINT('Vertex',(2.15034530063,2.01581832712,0.865000000003)) ;
#8603=CARTESIAN_POINT('Line Origine',(2.14963730996,2.01618584587,0.865000000003)) ;
#8607=CARTESIAN_POINT('Vertex',(2.1489293193,2.01655336462,0.865000000003)) ;
#8610=CARTESIAN_POINT('Line Origine',(2.14820700972,2.01699672057,0.865000000003)) ;
#8614=CARTESIAN_POINT('Vertex',(2.14748470015,2.01744007652,0.865000000003)) ;
#8617=CARTESIAN_POINT('Line Origine',(2.14674754133,2.01795980001,0.865000000003)) ;
#8621=CARTESIAN_POINT('Vertex',(2.14601038251,2.01847952349,0.865000000003)) ;
#8624=CARTESIAN_POINT('Line Origine',(2.14525890478,2.01907614484,0.865000000003)) ;
#8628=CARTESIAN_POINT('Vertex',(2.14450742704,2.01967276618,0.865000000003)) ;
#8631=CARTESIAN_POINT('Line Origine',(2.1437416304,2.02034628539,0.865000000003)) ;
#8635=CARTESIAN_POINT('Vertex',(2.14297583376,2.0210198046,0.865000000003)) ;
#8638=CARTESIAN_POINT('Line Origine',(2.14219518787,2.02176863068,0.865000000003)) ;
#8642=CARTESIAN_POINT('Vertex',(2.14141454198,2.02251745676,0.865000000003)) ;
#8645=CARTESIAN_POINT('Line Origine',(2.13873849637,2.02527093057,0.865000000003)) ;
#8649=CARTESIAN_POINT('Vertex',(2.13606245076,2.02802440438,0.865000000003)) ;
#8652=CARTESIAN_POINT('Line Origine',(2.17411098277,2.06607293639,0.865000000003)) ;
#8656=CARTESIAN_POINT('Vertex',(2.21215951478,2.1041214684,0.865000000003)) ;
#8659=CARTESIAN_POINT('Line Origine',(2.2219870616,2.10324271145,0.865000000003)) ;
#8663=CARTESIAN_POINT('Vertex',(2.23181460842,2.1023639545,0.865000000003)) ;
#8666=CARTESIAN_POINT('Line Origine',(2.21433917143,2.11983939149,0.865000000003)) ;
#8670=CARTESIAN_POINT('Vertex',(2.19686373444,2.13731482848,0.865000000003)) ;
#8673=CARTESIAN_POINT('Line Origine',(2.19720738834,2.12863438563,0.865000000003)) ;
#8677=CARTESIAN_POINT('Vertex',(2.19755104223,2.11995394278,0.865000000003)) ;
#8680=CARTESIAN_POINT('Line Origine',(2.15564011621,2.07896048781,0.865000000003)) ;
#8684=CARTESIAN_POINT('Vertex',(2.11372919018,2.03796703283,0.865000000003)) ;
#8687=CARTESIAN_POINT('Line Origine',(2.1129856674,2.03860024695,0.865000000003)) ;
#8691=CARTESIAN_POINT('Vertex',(2.11224214462,2.03923346107,0.865000000003)) ;
#8694=CARTESIAN_POINT('Line Origine',(2.11151081943,2.03987887279,0.865000000003)) ;
#8698=CARTESIAN_POINT('Vertex',(2.11077949424,2.0405242845,0.865000000003)) ;
#8701=CARTESIAN_POINT('Line Origine',(2.11006089698,2.04118242414,0.865000000003)) ;
#8705=CARTESIAN_POINT('Vertex',(2.10934229971,2.04184056377,0.865000000003)) ;
#8708=CARTESIAN_POINT('Line Origine',(2.1086353697,2.04251037067,0.865000000003)) ;
#8712=CARTESIAN_POINT('Vertex',(2.1079284397,2.04318017757,0.865000000003)) ;
#8715=CARTESIAN_POINT('Line Origine',(2.10723370729,2.04386218206,0.865000000003)) ;
#8719=CARTESIAN_POINT('Vertex',(2.10653897487,2.04454418655,0.865000000003)) ;
#8722=CARTESIAN_POINT('Line Origine',(2.10573658546,2.0453805171,0.865000000003)) ;
#8726=CARTESIAN_POINT('Vertex',(2.10493419604,2.04621684764,0.865000000003)) ;
#8729=CARTESIAN_POINT('Line Origine',(2.10420870448,2.04704416258,0.865000000003)) ;
#8733=CARTESIAN_POINT('Vertex',(2.10348321292,2.04787147751,0.865000000003)) ;
#8736=CARTESIAN_POINT('Line Origine',(2.10283355856,2.04868871617,0.865000000003)) ;
#8740=CARTESIAN_POINT('Vertex',(2.10218390421,2.04950595483,0.865000000003)) ;
#8743=CARTESIAN_POINT('Line Origine',(2.10161167805,2.05031364756,0.865000000003)) ;
#8747=CARTESIAN_POINT('Vertex',(2.10103945188,2.05112134028,0.865000000003)) ;
#8750=CARTESIAN_POINT('Line Origine',(2.10054412358,2.05192001739,0.865000000003)) ;
#8754=CARTESIAN_POINT('Vertex',(2.10004879528,2.0527186945,0.865000000003)) ;
#8757=CARTESIAN_POINT('Line Origine',(2.09963036485,2.05350729533,0.865000000003)) ;
#8761=CARTESIAN_POINT('Vertex',(2.09921193441,2.05429589617,0.865000000003)) ;
#8764=CARTESIAN_POINT('Line Origine',(2.0988698715,2.05507495107,0.865000000003)) ;
#8768=CARTESIAN_POINT('Vertex',(2.0985278086,2.05585400596,0.865000000003)) ;
#8771=CARTESIAN_POINT('Line Origine',(2.09826317388,2.05662351492,0.865000000003)) ;
#8775=CARTESIAN_POINT('Vertex',(2.09799853917,2.05739302387,0.865000000003)) ;
#8778=CARTESIAN_POINT('Line Origine',(2.09781027199,2.05815298689,0.865000000003)) ;
#8782=CARTESIAN_POINT('Vertex',(2.09762200481,2.0589129499,0.865000000003)) ;
#8785=CARTESIAN_POINT('Line Origine',(2.09751116582,2.05966336697,0.865000000003)) ;
#8789=CARTESIAN_POINT('Vertex',(2.09740032683,2.06041378404,0.865000000003)) ;
#8792=CARTESIAN_POINT('Line Origine',(2.09736373406,2.06117692903,0.865000000003)) ;
#8796=CARTESIAN_POINT('Vertex',(2.09732714128,2.06194007403,0.865000000003)) ;
#8799=CARTESIAN_POINT('Line Origine',(2.09736320373,2.06273769048,0.865000000003)) ;
#8803=CARTESIAN_POINT('Vertex',(2.09739926617,2.06353530693,0.865000000003)) ;
#8806=CARTESIAN_POINT('Line Origine',(2.09750692318,2.06436845549,0.865000000003)) ;
#8810=CARTESIAN_POINT('Vertex',(2.09761458019,2.06520160406,0.865000000003)) ;
#8813=CARTESIAN_POINT('Line Origine',(2.09779542275,2.06606869375,0.865000000003)) ;
#8817=CARTESIAN_POINT('Vertex',(2.09797626531,2.06693578344,0.865000000003)) ;
#8820=CARTESIAN_POINT('Line Origine',(2.09822870243,2.06783840524,0.865000000003)) ;
#8824=CARTESIAN_POINT('Vertex',(2.09848113955,2.06874102705,0.865000000003)) ;
#8827=CARTESIAN_POINT('Line Origine',(2.09880570156,2.06967758998,0.865000000003)) ;
#8831=CARTESIAN_POINT('Vertex',(2.09913026358,2.07061415291,0.865000000003)) ;
#8834=CARTESIAN_POINT('Line Origine',(2.09952748081,2.07158624796,0.865000000003)) ;
#8838=CARTESIAN_POINT('Vertex',(2.09992469804,2.07255834301,0.865000000003)) ;
#8841=CARTESIAN_POINT('Line Origine',(2.1003945705,2.07356490951,0.865000000003)) ;
#8845=CARTESIAN_POINT('Vertex',(2.10086444296,2.07457147601,0.865000000003)) ;
#8848=CARTESIAN_POINT('Line Origine',(2.10140590997,2.07561357463,0.865000000003)) ;
#8852=CARTESIAN_POINT('Vertex',(2.10194737699,2.07665567325,0.865000000003)) ;
#8855=CARTESIAN_POINT('Line Origine',(2.1025609689,2.077731713,0.865000000003)) ;
#8859=CARTESIAN_POINT('Vertex',(2.10317456081,2.07880775274,0.865000000003)) ;
#8862=CARTESIAN_POINT('Line Origine',(2.10317509114,2.07995485672,0.865000000003)) ;
#8866=CARTESIAN_POINT('Vertex',(2.10317562147,2.08110196069,0.865000000003)) ;
#8869=CARTESIAN_POINT('Line Origine',(2.10222155765,2.08061140536,0.865000000003)) ;
#8873=CARTESIAN_POINT('Vertex',(2.10126749382,2.08012085003,0.865000000003)) ;
#8876=CARTESIAN_POINT('Line Origine',(2.10033517353,2.0796584022,0.865000000003)) ;
#8880=CARTESIAN_POINT('Vertex',(2.09940285324,2.07919595436,0.865000000003)) ;
#8883=CARTESIAN_POINT('Line Origine',(2.09849068549,2.07876214435,0.865000000003)) ;
#8887=CARTESIAN_POINT('Vertex',(2.09757851774,2.07832833434,0.865000000003)) ;
#8890=CARTESIAN_POINT('Line Origine',(2.09668703287,2.07792263183,0.865000000003)) ;
#8894=CARTESIAN_POINT('Vertex',(2.095795548,2.07751692931,0.865000000003)) ;
#8897=CARTESIAN_POINT('Line Origine',(2.09492474599,2.07713933429,0.865000000003)) ;
#8901=CARTESIAN_POINT('Vertex',(2.09405394399,2.07676173927,0.865000000003)) ;
#8904=CARTESIAN_POINT('Line Origine',(2.09320382487,2.07641225174,0.865000000003)) ;
#8908=CARTESIAN_POINT('Vertex',(2.09235370574,2.07606276422,0.865000000003)) ;
#8911=CARTESIAN_POINT('Line Origine',(2.09152479981,2.07574191451,0.865000000003)) ;
#8915=CARTESIAN_POINT('Vertex',(2.09069589389,2.07542106481,0.865000000003)) ;
#8918=CARTESIAN_POINT('Line Origine',(2.08988714051,2.07512885293,0.865000000003)) ;
#8922=CARTESIAN_POINT('Vertex',(2.08907838713,2.07483664106,0.865000000003)) ;
#8925=CARTESIAN_POINT('Line Origine',(2.08829031662,2.07457253667,0.865000000003)) ;
#8929=CARTESIAN_POINT('Vertex',(2.08750224611,2.07430843229,0.865000000003)) ;
#8932=CARTESIAN_POINT('Line Origine',(2.08673432815,2.07407190507,0.865000000003)) ;
#8936=CARTESIAN_POINT('Vertex',(2.08596641018,2.07383537786,0.865000000003)) ;
#8939=CARTESIAN_POINT('Line Origine',(2.07827079031,2.07168488936,0.865000000003)) ;
#8943=CARTESIAN_POINT('Vertex',(2.07057517043,2.06953440086,0.865000000003)) ;
#8946=CARTESIAN_POINT('Line Origine',(2.06974308253,2.06927613011,0.865000000003)) ;
#9079=CARTESIAN_POINT('Axis2P3D Location',(2.16130085954,1.97815958772,0.880000000004)) ;
#9084=CARTESIAN_POINT('Line Origine',(2.16130085954,1.97815958772,0.872500000003)) ;
#9089=CARTESIAN_POINT('Line Origine',(2.06891099462,2.06901785935,0.872500000003)) ;
#9108=CARTESIAN_POINT('Axis2P3D Location',(2.16255031723,1.98209039432,0.880000000004)) ;
#9113=CARTESIAN_POINT('Line Origine',(2.16255031723,1.98209039432,0.872500000003)) ;
#9132=CARTESIAN_POINT('Axis2P3D Location',(2.16382417009,1.98590134631,0.880000000004)) ;
#9137=CARTESIAN_POINT('Line Origine',(2.16382417009,1.98590134631,0.872500000003)) ;
#9156=CARTESIAN_POINT('Axis2P3D Location',(2.16512029682,1.98959244371,0.880000000004)) ;
#9161=CARTESIAN_POINT('Line Origine',(2.16512029682,1.98959244371,0.872500000003)) ;
#9180=CARTESIAN_POINT('Axis2P3D Location',(2.16643975808,1.99316262585,0.880000000004)) ;
#9185=CARTESIAN_POINT('Line Origine',(2.16643975808,1.99316262585,0.872500000003)) ;
#9204=CARTESIAN_POINT('Axis2P3D Location',(2.16778149319,1.99661083207,0.880000000004)) ;
#9209=CARTESIAN_POINT('Line Origine',(2.16778149319,1.99661083207,0.872500000003)) ;
#9228=CARTESIAN_POINT('Axis2P3D Location',(2.16914656283,1.99993812303,0.880000000004)) ;
#9233=CARTESIAN_POINT('Line Origine',(2.16914656283,1.99993812303,0.872500000003)) ;
#9252=CARTESIAN_POINT('Axis2P3D Location',(2.170534967,2.00314449873,0.880000000004)) ;
#9257=CARTESIAN_POINT('Line Origine',(2.170534967,2.00314449873,0.872500000003)) ;
#9276=CARTESIAN_POINT('Axis2P3D Location',(2.17194564503,2.00623101983,0.880000000004)) ;
#9281=CARTESIAN_POINT('Line Origine',(2.17194564503,2.00623101983,0.872500000003)) ;
#9300=CARTESIAN_POINT('Axis2P3D Location',(2.17338071824,2.00919556501,0.880000000004)) ;
#9305=CARTESIAN_POINT('Line Origine',(2.17338071824,2.00919556501,0.872500000003)) ;
#9324=CARTESIAN_POINT('Axis2P3D Location',(2.17391847295,2.01295772664,0.880000000004)) ;
#9329=CARTESIAN_POINT('Line Origine',(2.17391847295,2.01295772664,0.872500000003)) ;
#9348=CARTESIAN_POINT('Axis2P3D Location',(2.17193185645,2.01123203254,0.880000000004)) ;
#9353=CARTESIAN_POINT('Line Origine',(2.17193185645,2.01123203254,0.872500000003)) ;
#9372=CARTESIAN_POINT('Axis2P3D Location',(2.16997705975,2.00969513595,0.880000000004)) ;
#9377=CARTESIAN_POINT('Line Origine',(2.16997705975,2.00969513595,0.872500000003)) ;
#9396=CARTESIAN_POINT('Axis2P3D Location',(2.16805620418,2.00834703687,0.880000000004)) ;
#9401=CARTESIAN_POINT('Line Origine',(2.16805620418,2.00834703687,0.872500000003)) ;
#9420=CARTESIAN_POINT('Axis2P3D Location',(2.16616716841,2.0071877353,0.880000000004)) ;
#9425=CARTESIAN_POINT('Line Origine',(2.16616716841,2.0071877353,0.872500000003)) ;
#9444=CARTESIAN_POINT('Axis2P3D Location',(2.16431101311,2.0062182919,0.880000000004)) ;
#9449=CARTESIAN_POINT('Line Origine',(2.16431101311,2.0062182919,0.872500000003)) ;
#9468=CARTESIAN_POINT('Axis2P3D Location',(2.16248879894,2.00543764602,0.880000000004)) ;
#9473=CARTESIAN_POINT('Line Origine',(2.16248879894,2.00543764602,0.872500000003)) ;
#9492=CARTESIAN_POINT('Axis2P3D Location',(2.16069840457,2.00484367632,0.880000000004)) ;
#9497=CARTESIAN_POINT('Line Origine',(2.16069840457,2.00484367632,0.872500000003)) ;
#9516=CARTESIAN_POINT('Axis2P3D Location',(2.15894195132,2.00444062546,0.880000000004)) ;
#9521=CARTESIAN_POINT('Line Origine',(2.15894195132,2.00444062546,0.872500000003)) ;
#9540=CARTESIAN_POINT('Axis2P3D Location',(2.15721731788,2.0042263721,0.880000000004)) ;
#9545=CARTESIAN_POINT('Line Origine',(2.15721731788,2.0042263721,0.872500000003)) ;
#9564=CARTESIAN_POINT('Axis2P3D Location',(2.15552556491,2.0041998556,0.880000000004)) ;
#9569=CARTESIAN_POINT('Line Origine',(2.15552556491,2.0041998556,0.872500000003)) ;
#9588=CARTESIAN_POINT('Axis2P3D Location',(2.15383593325,2.00436425792,0.880000000004)) ;
#9593=CARTESIAN_POINT('Line Origine',(2.15383593325,2.00436425792,0.872500000003)) ;
#9612=CARTESIAN_POINT('Axis2P3D Location',(2.15211660312,2.00471957908,0.880000000004)) ;
#9617=CARTESIAN_POINT('Line Origine',(2.15211660312,2.00471957908,0.872500000003)) ;
#9636=CARTESIAN_POINT('Axis2P3D Location',(2.15036651383,2.00526475841,0.880000000004)) ;
#9641=CARTESIAN_POINT('Line Origine',(2.15036651383,2.00526475841,0.872500000003)) ;
#9660=CARTESIAN_POINT('Axis2P3D Location',(2.14858778673,2.00599979591,0.880000000004)) ;
#9665=CARTESIAN_POINT('Line Origine',(2.14858778673,2.00599979591,0.872500000003)) ;
#9684=CARTESIAN_POINT('Axis2P3D Location',(2.14677830047,2.00692469158,0.880000000004)) ;
#9689=CARTESIAN_POINT('Line Origine',(2.14677830047,2.00692469158,0.872500000003)) ;
#9708=CARTESIAN_POINT('Axis2P3D Location',(2.14494017639,2.00804156674,0.880000000004)) ;
#9713=CARTESIAN_POINT('Line Origine',(2.14494017639,2.00804156674,0.872500000003)) ;
#9732=CARTESIAN_POINT('Axis2P3D Location',(2.14307023251,2.00934936073,0.880000000004)) ;
#9737=CARTESIAN_POINT('Line Origine',(2.14307023251,2.00934936073,0.872500000003)) ;
#9756=CARTESIAN_POINT('Axis2P3D Location',(2.1411716508,2.01084489157,0.880000000004)) ;
#9761=CARTESIAN_POINT('Line Origine',(2.1411716508,2.01084489157,0.872500000003)) ;
#9780=CARTESIAN_POINT('Axis2P3D Location',(2.13924337061,2.01253346257,0.880000000004)) ;
#9785=CARTESIAN_POINT('Line Origine',(2.13924337061,2.01253346257,0.872500000003)) ;
#9804=CARTESIAN_POINT('Axis2P3D Location',(2.13728539193,2.01441083107,0.880000000004)) ;
#9809=CARTESIAN_POINT('Line Origine',(2.13728539193,2.01441083107,0.872500000003)) ;
#9828=CARTESIAN_POINT('Axis2P3D Location',(2.13588107787,2.01585120758,0.880000000004)) ;
#9833=CARTESIAN_POINT('Line Origine',(2.13588107787,2.01585120758,0.872500000003)) ;
#9852=CARTESIAN_POINT('Axis2P3D Location',(2.13448312776,2.01735946635,0.880000000004)) ;
#9857=CARTESIAN_POINT('Line Origine',(2.13448312776,2.01735946635,0.872500000003)) ;
#9876=CARTESIAN_POINT('Axis2P3D Location',(2.13309154162,2.01893560736,0.880000000004)) ;
#9881=CARTESIAN_POINT('Line Origine',(2.13309154162,2.01893560736,0.872500000003)) ;
#9900=CARTESIAN_POINT('Axis2P3D Location',(2.13170525877,2.02057856997,0.880000000004)) ;
#9905=CARTESIAN_POINT('Line Origine',(2.13170525877,2.02057856997,0.872500000003)) ;
#9924=CARTESIAN_POINT('Axis2P3D Location',(2.13032640055,2.02228835417,0.880000000004)) ;
#9929=CARTESIAN_POINT('Line Origine',(2.13032640055,2.02228835417,0.872500000003)) ;
#9948=CARTESIAN_POINT('Axis2P3D Location',(2.13491481645,2.02519456304,0.880000000004)) ;
#9953=CARTESIAN_POINT('Line Origine',(2.13491481645,2.02519456304,0.872500000003)) ;
#9972=CARTESIAN_POINT('Axis2P3D Location',(2.13942686482,2.0205297796,0.880000000004)) ;
#9977=CARTESIAN_POINT('Line Origine',(2.13942686482,2.0205297796,0.872500000003)) ;
#9996=CARTESIAN_POINT('Axis2P3D Location',(2.1411557409,2.01887090709,0.880000000004)) ;
#10001=CARTESIAN_POINT('Line Origine',(2.1411557409,2.01887090709,0.872500000003)) ;
#10020=CARTESIAN_POINT('Axis2P3D Location',(2.14285703982,2.01737961889,0.880000000004)) ;
#10025=CARTESIAN_POINT('Line Origine',(2.14285703982,2.01737961889,0.872500000003)) ;
#10044=CARTESIAN_POINT('Axis2P3D Location',(2.14452970091,2.01605909698,0.880000000004)) ;
#10049=CARTESIAN_POINT('Line Origine',(2.14452970091,2.01605909698,0.872500000003)) ;
#10068=CARTESIAN_POINT('Axis2P3D Location',(2.14617478483,2.01490615937,0.880000000004)) ;
#10073=CARTESIAN_POINT('Line Origine',(2.14617478483,2.01490615937,0.872500000003)) ;
#10092=CARTESIAN_POINT('Axis2P3D Location',(2.1477922916,2.01392292739,0.880000000004)) ;
#10097=CARTESIAN_POINT('Line Origine',(2.1477922916,2.01392292739,0.872500000003)) ;
#10116=CARTESIAN_POINT('Axis2P3D Location',(2.14938009987,2.01310940104,0.880000000004)) ;
#10121=CARTESIAN_POINT('Line Origine',(2.14938009987,2.01310940104,0.872500000003)) ;
#10140=CARTESIAN_POINT('Axis2P3D Location',(2.15093927033,2.01246451966,0.880000000004)) ;
#10145=CARTESIAN_POINT('Line Origine',(2.15093927033,2.01246451966,0.872500000003)) ;
#10164=CARTESIAN_POINT('Axis2P3D Location',(2.15247192427,2.01198828324,0.880000000004)) ;
#10169=CARTESIAN_POINT('Line Origine',(2.15247192427,2.01198828324,0.872500000003)) ;
#10188=CARTESIAN_POINT('Axis2P3D Location',(2.15397381908,2.01168069179,0.880000000004)) ;
#10193=CARTESIAN_POINT('Line Origine',(2.15397381908,2.01168069179,0.872500000003)) ;
#10212=CARTESIAN_POINT('Axis2P3D Location',(2.15693518228,2.01157250445,0.880000000004)) ;
#10217=CARTESIAN_POINT('Line Origine',(2.15693518228,2.01157250445,0.872500000003)) ;
#10236=CARTESIAN_POINT('Axis2P3D Location',(2.15846995755,2.0117708479,0.880000000004)) ;
#10241=CARTESIAN_POINT('Line Origine',(2.15846995755,2.0117708479,0.872500000003)) ;
#10260=CARTESIAN_POINT('Axis2P3D Location',(2.1600556445,2.01213677566,0.880000000004)) ;
#10265=CARTESIAN_POINT('Line Origine',(2.1600556445,2.01213677566,0.872500000003)) ;
#10284=CARTESIAN_POINT('Axis2P3D Location',(2.16169012183,2.01266816641,0.880000000004)) ;
#10289=CARTESIAN_POINT('Line Origine',(2.16169012183,2.01266816641,0.872500000003)) ;
#10308=CARTESIAN_POINT('Axis2P3D Location',(2.16337445018,2.01336820212,0.880000000004)) ;
#10313=CARTESIAN_POINT('Line Origine',(2.16337445018,2.01336820212,0.872500000003)) ;
#10332=CARTESIAN_POINT('Axis2P3D Location',(2.16510862956,2.0142368828,0.880000000004)) ;
#10337=CARTESIAN_POINT('Line Origine',(2.16510862956,2.0142368828,0.872500000003)) ;
#10356=CARTESIAN_POINT('Axis2P3D Location',(2.16689265997,2.01527208713,0.880000000004)) ;
#10361=CARTESIAN_POINT('Line Origine',(2.16689265997,2.01527208713,0.872500000003)) ;
#10380=CARTESIAN_POINT('Axis2P3D Location',(2.16872654141,2.0164738151,0.880000000004)) ;
#10385=CARTESIAN_POINT('Line Origine',(2.16872654141,2.0164738151,0.872500000003)) ;
#10404=CARTESIAN_POINT('Axis2P3D Location',(2.17060921321,2.01784524871,0.880000000004)) ;
#10409=CARTESIAN_POINT('Line Origine',(2.17060921321,2.01784524871,0.872500000003)) ;
#10428=CARTESIAN_POINT('Axis2P3D Location',(2.1725427967,2.0193821453,0.880000000004)) ;
#10433=CARTESIAN_POINT('Line Origine',(2.1725427967,2.0193821453,0.872500000003)) ;
#10452=CARTESIAN_POINT('Axis2P3D Location',(2.17055405888,2.02137088312,0.880000000004)) ;
#10457=CARTESIAN_POINT('Line Origine',(2.17055405888,2.02137088312,0.872500000003)) ;
#10476=CARTESIAN_POINT('Axis2P3D Location',(2.16889094373,2.02000687414,0.880000000004)) ;
#10481=CARTESIAN_POINT('Line Origine',(2.16889094373,2.02000687414,0.872500000003)) ;
#10500=CARTESIAN_POINT('Axis2P3D Location',(2.16726813367,2.01879135758,0.880000000004)) ;
#10505=CARTESIAN_POINT('Line Origine',(2.16726813367,2.01879135758,0.872500000003)) ;
#10524=CARTESIAN_POINT('Axis2P3D Location',(2.16568562869,2.01772433345,0.880000000004)) ;
#10529=CARTESIAN_POINT('Line Origine',(2.16568562869,2.01772433345,0.872500000003)) ;
#10548=CARTESIAN_POINT('Axis2P3D Location',(2.16414236814,2.0168068624,0.880000000004)) ;
#10553=CARTESIAN_POINT('Line Origine',(2.16414236814,2.0168068624,0.872500000003)) ;
#10572=CARTESIAN_POINT('Axis2P3D Location',(2.16263835202,2.01603682311,0.880000000004)) ;
#10577=CARTESIAN_POINT('Line Origine',(2.16263835202,2.01603682311,0.872500000003)) ;
#10596=CARTESIAN_POINT('Axis2P3D Location',(2.15975017437,2.01494116116,0.880000000004)) ;
#10601=CARTESIAN_POINT('Line Origine',(2.15975017437,2.01494116116,0.872500000003)) ;
#10620=CARTESIAN_POINT('Axis2P3D Location',(2.15702109575,2.0144394689,0.880000000004)) ;
#10625=CARTESIAN_POINT('Line Origine',(2.15702109575,2.0144394689,0.872500000003)) ;
#10644=CARTESIAN_POINT('Axis2P3D Location',(2.15441717503,2.01453386765,0.880000000004)) ;
#10649=CARTESIAN_POINT('Line Origine',(2.15441717503,2.01453386765,0.872500000003)) ;
#10668=CARTESIAN_POINT('Axis2P3D Location',(2.15173052281,2.01523708534,0.880000000004)) ;
#10673=CARTESIAN_POINT('Line Origine',(2.15173052281,2.01523708534,0.872500000003)) ;
#10692=CARTESIAN_POINT('Axis2P3D Location',(2.15034530063,2.01581832712,0.880000000004)) ;
#10697=CARTESIAN_POINT('Line Origine',(2.15034530063,2.01581832712,0.872500000003)) ;
#10716=CARTESIAN_POINT('Axis2P3D Location',(2.1489293193,2.01655336462,0.880000000004)) ;
#10721=CARTESIAN_POINT('Line Origine',(2.1489293193,2.01655336462,0.872500000003)) ;
#10740=CARTESIAN_POINT('Axis2P3D Location',(2.14748470015,2.01744007652,0.880000000004)) ;
#10745=CARTESIAN_POINT('Line Origine',(2.14748470015,2.01744007652,0.872500000003)) ;
#10764=CARTESIAN_POINT('Axis2P3D Location',(2.14601038251,2.01847952349,0.880000000004)) ;
#10769=CARTESIAN_POINT('Line Origine',(2.14601038251,2.01847952349,0.872500000003)) ;
#10788=CARTESIAN_POINT('Axis2P3D Location',(2.14450742704,2.01967276618,0.880000000004)) ;
#10793=CARTESIAN_POINT('Line Origine',(2.14450742704,2.01967276618,0.872500000003)) ;
#10812=CARTESIAN_POINT('Axis2P3D Location',(2.14297583376,2.0210198046,0.880000000004)) ;
#10817=CARTESIAN_POINT('Line Origine',(2.14297583376,2.0210198046,0.872500000003)) ;
#10836=CARTESIAN_POINT('Axis2P3D Location',(2.14141454198,2.02251745676,0.880000000004)) ;
#10841=CARTESIAN_POINT('Line Origine',(2.14141454198,2.02251745676,0.872500000003)) ;
#10860=CARTESIAN_POINT('Axis2P3D Location',(2.13606245076,2.02802440438,0.880000000004)) ;
#10865=CARTESIAN_POINT('Line Origine',(2.13606245076,2.02802440438,0.872500000003)) ;
#10884=CARTESIAN_POINT('Axis2P3D Location',(2.21215951478,2.1041214684,0.880000000004)) ;
#10889=CARTESIAN_POINT('Line Origine',(2.21215951478,2.1041214684,0.872500000003)) ;
#10908=CARTESIAN_POINT('Axis2P3D Location',(2.23181460842,2.1023639545,0.880000000004)) ;
#10913=CARTESIAN_POINT('Line Origine',(2.23181460842,2.1023639545,0.872500000003)) ;
#10932=CARTESIAN_POINT('Axis2P3D Location',(2.19686373444,2.13731482848,0.880000000004)) ;
#10937=CARTESIAN_POINT('Line Origine',(2.19686373444,2.13731482848,0.872500000003)) ;
#10956=CARTESIAN_POINT('Axis2P3D Location',(2.19755104223,2.11995394278,0.880000000004)) ;
#10961=CARTESIAN_POINT('Line Origine',(2.19755104223,2.11995394278,0.872500000003)) ;
#10980=CARTESIAN_POINT('Axis2P3D Location',(2.11372919018,2.03796703283,0.880000000004)) ;
#10985=CARTESIAN_POINT('Line Origine',(2.11372919018,2.03796703283,0.872500000003)) ;
#11004=CARTESIAN_POINT('Axis2P3D Location',(2.11224214462,2.03923346107,0.880000000004)) ;
#11009=CARTESIAN_POINT('Line Origine',(2.11224214462,2.03923346107,0.872500000003)) ;
#11028=CARTESIAN_POINT('Axis2P3D Location',(2.11077949424,2.0405242845,0.880000000004)) ;
#11033=CARTESIAN_POINT('Line Origine',(2.11077949424,2.0405242845,0.872500000003)) ;
#11052=CARTESIAN_POINT('Axis2P3D Location',(2.10934229971,2.04184056377,0.880000000004)) ;
#11057=CARTESIAN_POINT('Line Origine',(2.10934229971,2.04184056377,0.872500000003)) ;
#11076=CARTESIAN_POINT('Axis2P3D Location',(2.1079284397,2.04318017757,0.880000000004)) ;
#11081=CARTESIAN_POINT('Line Origine',(2.1079284397,2.04318017757,0.872500000003)) ;
#11100=CARTESIAN_POINT('Axis2P3D Location',(2.10653897487,2.04454418655,0.880000000004)) ;
#11105=CARTESIAN_POINT('Line Origine',(2.10653897487,2.04454418655,0.872500000003)) ;
#11124=CARTESIAN_POINT('Axis2P3D Location',(2.10493419604,2.04621684764,0.880000000004)) ;
#11129=CARTESIAN_POINT('Line Origine',(2.10493419604,2.04621684764,0.872500000003)) ;
#11148=CARTESIAN_POINT('Axis2P3D Location',(2.10348321292,2.04787147751,0.880000000004)) ;
#11153=CARTESIAN_POINT('Line Origine',(2.10348321292,2.04787147751,0.872500000003)) ;
#11172=CARTESIAN_POINT('Axis2P3D Location',(2.10218390421,2.04950595483,0.880000000004)) ;
#11177=CARTESIAN_POINT('Line Origine',(2.10218390421,2.04950595483,0.872500000003)) ;
#11196=CARTESIAN_POINT('Axis2P3D Location',(2.10103945188,2.05112134028,0.880000000004)) ;
#11201=CARTESIAN_POINT('Line Origine',(2.10103945188,2.05112134028,0.872500000003)) ;
#11220=CARTESIAN_POINT('Axis2P3D Location',(2.10004879528,2.0527186945,0.880000000004)) ;
#11225=CARTESIAN_POINT('Line Origine',(2.10004879528,2.0527186945,0.872500000003)) ;
#11244=CARTESIAN_POINT('Axis2P3D Location',(2.09921193441,2.05429589617,0.880000000004)) ;
#11249=CARTESIAN_POINT('Line Origine',(2.09921193441,2.05429589617,0.872500000003)) ;
#11268=CARTESIAN_POINT('Axis2P3D Location',(2.0985278086,2.05585400596,0.880000000004)) ;
#11273=CARTESIAN_POINT('Line Origine',(2.0985278086,2.05585400596,0.872500000003)) ;
#11292=CARTESIAN_POINT('Axis2P3D Location',(2.09799853917,2.05739302387,0.880000000004)) ;
#11297=CARTESIAN_POINT('Line Origine',(2.09799853917,2.05739302387,0.872500000003)) ;
#11316=CARTESIAN_POINT('Axis2P3D Location',(2.09762200481,2.0589129499,0.880000000004)) ;
#11321=CARTESIAN_POINT('Line Origine',(2.09762200481,2.0589129499,0.872500000003)) ;
#11340=CARTESIAN_POINT('Axis2P3D Location',(2.09740032683,2.06041378404,0.880000000004)) ;
#11345=CARTESIAN_POINT('Line Origine',(2.09740032683,2.06041378404,0.872500000003)) ;
#11364=CARTESIAN_POINT('Axis2P3D Location',(2.09732714128,2.06194007403,0.880000000004)) ;
#11369=CARTESIAN_POINT('Line Origine',(2.09732714128,2.06194007403,0.872500000003)) ;
#11388=CARTESIAN_POINT('Axis2P3D Location',(2.09739926617,2.06353530693,0.880000000004)) ;
#11393=CARTESIAN_POINT('Line Origine',(2.09739926617,2.06353530693,0.872500000003)) ;
#11412=CARTESIAN_POINT('Axis2P3D Location',(2.09761458019,2.06520160406,0.880000000004)) ;
#11417=CARTESIAN_POINT('Line Origine',(2.09761458019,2.06520160406,0.872500000003)) ;
#11436=CARTESIAN_POINT('Axis2P3D Location',(2.09797626531,2.06693578344,0.880000000004)) ;
#11441=CARTESIAN_POINT('Line Origine',(2.09797626531,2.06693578344,0.872500000003)) ;
#11460=CARTESIAN_POINT('Axis2P3D Location',(2.09848113955,2.06874102705,0.880000000004)) ;
#11465=CARTESIAN_POINT('Line Origine',(2.09848113955,2.06874102705,0.872500000003)) ;
#11484=CARTESIAN_POINT('Axis2P3D Location',(2.09913026358,2.07061415291,0.880000000004)) ;
#11489=CARTESIAN_POINT('Line Origine',(2.09913026358,2.07061415291,0.872500000003)) ;
#11508=CARTESIAN_POINT('Axis2P3D Location',(2.09992469804,2.07255834301,0.880000000004)) ;
#11513=CARTESIAN_POINT('Line Origine',(2.09992469804,2.07255834301,0.872500000003)) ;
#11532=CARTESIAN_POINT('Axis2P3D Location',(2.10086444296,2.07457147601,0.880000000004)) ;
#11537=CARTESIAN_POINT('Line Origine',(2.10086444296,2.07457147601,0.872500000003)) ;
#11556=CARTESIAN_POINT('Axis2P3D Location',(2.10194737699,2.07665567325,0.880000000004)) ;
#11561=CARTESIAN_POINT('Line Origine',(2.10194737699,2.07665567325,0.872500000003)) ;
#11580=CARTESIAN_POINT('Axis2P3D Location',(2.10317456081,2.07880775274,0.880000000004)) ;
#11585=CARTESIAN_POINT('Line Origine',(2.10317456081,2.07880775274,0.872500000003)) ;
#11604=CARTESIAN_POINT('Axis2P3D Location',(2.10317562147,2.08110196069,0.880000000004)) ;
#11609=CARTESIAN_POINT('Line Origine',(2.10317562147,2.08110196069,0.872500000003)) ;
#11628=CARTESIAN_POINT('Axis2P3D Location',(2.10126749382,2.08012085003,0.880000000004)) ;
#11633=CARTESIAN_POINT('Line Origine',(2.10126749382,2.08012085003,0.872500000003)) ;
#11652=CARTESIAN_POINT('Axis2P3D Location',(2.09940285324,2.07919595436,0.880000000004)) ;
#11657=CARTESIAN_POINT('Line Origine',(2.09940285324,2.07919595436,0.872500000003)) ;
#11676=CARTESIAN_POINT('Axis2P3D Location',(2.09757851774,2.07832833434,0.880000000004)) ;
#11681=CARTESIAN_POINT('Line Origine',(2.09757851774,2.07832833434,0.872500000003)) ;
#11700=CARTESIAN_POINT('Axis2P3D Location',(2.095795548,2.07751692931,0.880000000004)) ;
#11705=CARTESIAN_POINT('Line Origine',(2.095795548,2.07751692931,0.872500000003)) ;
#11724=CARTESIAN_POINT('Axis2P3D Location',(2.09405394399,2.07676173927,0.880000000004)) ;
#11729=CARTESIAN_POINT('Line Origine',(2.09405394399,2.07676173927,0.872500000003)) ;
#11748=CARTESIAN_POINT('Axis2P3D Location',(2.09235370574,2.07606276422,0.880000000004)) ;
#11753=CARTESIAN_POINT('Line Origine',(2.09235370574,2.07606276422,0.872500000003)) ;
#11772=CARTESIAN_POINT('Axis2P3D Location',(2.09069589389,2.07542106481,0.880000000004)) ;
#11777=CARTESIAN_POINT('Line Origine',(2.09069589389,2.07542106481,0.872500000003)) ;
#11796=CARTESIAN_POINT('Axis2P3D Location',(2.08907838713,2.07483664106,0.880000000004)) ;
#11801=CARTESIAN_POINT('Line Origine',(2.08907838713,2.07483664106,0.872500000003)) ;
#11820=CARTESIAN_POINT('Axis2P3D Location',(2.08750224611,2.07430843229,0.880000000004)) ;
#11825=CARTESIAN_POINT('Line Origine',(2.08750224611,2.07430843229,0.872500000003)) ;
#11844=CARTESIAN_POINT('Axis2P3D Location',(2.08596641018,2.07383537786,0.880000000004)) ;
#11849=CARTESIAN_POINT('Line Origine',(2.08596641018,2.07383537786,0.872500000003)) ;
#11868=CARTESIAN_POINT('Axis2P3D Location',(2.07057517043,2.06953440086,0.880000000004)) ;
#11873=CARTESIAN_POINT('Line Origine',(2.07057517043,2.06953440086,0.872500000003)) ;
#11892=CARTESIAN_POINT('Axis2P3D Location',(2.06891099462,2.06901785935,0.880000000004)) ;
#11911=CARTESIAN_POINT('Line Origine',(2.03262209783,2.16794510325,0.865000000003)) ;
#11915=CARTESIAN_POINT('Vertex',(2.03220154608,2.16951328931,0.865000000003)) ;
#11917=CARTESIAN_POINT('Vertex',(2.03304264959,2.16637691718,0.865000000003)) ;
#11920=CARTESIAN_POINT('Line Origine',(2.04956243177,2.18289669936,0.865000000003)) ;
#11924=CARTESIAN_POINT('Vertex',(2.06608221394,2.19941648153,0.865000000003)) ;
#11927=CARTESIAN_POINT('Line Origine',(2.06566166218,2.2009846676,0.865000000003)) ;
#11931=CARTESIAN_POINT('Vertex',(2.06524111043,2.20255285366,0.865000000003)) ;
#11934=CARTESIAN_POINT('Line Origine',(2.04872132825,2.18603307149,0.865000000003)) ;
#11953=CARTESIAN_POINT('Axis2P3D Location',(2.03304264959,2.16637691718,0.880000000004)) ;
#11958=CARTESIAN_POINT('Line Origine',(2.03304264959,2.16637691718,0.872500000003)) ;
#11963=CARTESIAN_POINT('Line Origine',(2.03220154608,2.16951328931,0.872500000003)) ;
#11982=CARTESIAN_POINT('Axis2P3D Location',(2.06608221394,2.19941648153,0.880000000004)) ;
#11987=CARTESIAN_POINT('Line Origine',(2.06608221394,2.19941648153,0.872500000003)) ;
#12006=CARTESIAN_POINT('Axis2P3D Location',(2.06524111043,2.20255285366,0.880000000004)) ;
#12011=CARTESIAN_POINT('Line Origine',(2.06524111043,2.20255285366,0.872500000003)) ;
#12030=CARTESIAN_POINT('Axis2P3D Location',(2.03220154608,2.16951328931,0.880000000004)) ;
#12049=CARTESIAN_POINT('Line Origine',(2.06933260704,2.07716319914,0.865000000003)) ;
#12053=CARTESIAN_POINT('Vertex',(2.06891205528,2.07865395702,0.865000000003)) ;
#12055=CARTESIAN_POINT('Vertex',(2.0697531588,2.07567244127,0.865000000003)) ;
#12058=CARTESIAN_POINT('Line Origine',(2.0709501138,2.07580979676,0.865000000003)) ;
#12062=CARTESIAN_POINT('Vertex',(2.0721470688,2.07594715226,0.865000000003)) ;
#12065=CARTESIAN_POINT('Line Origine',(2.07344478653,2.07617784584,0.865000000003)) ;
#12069=CARTESIAN_POINT('Vertex',(2.07474250425,2.07640853943,0.865000000003)) ;
#12072=CARTESIAN_POINT('Line Origine',(2.07614045435,2.07673204078,0.865000000003)) ;
#12076=CARTESIAN_POINT('Vertex',(2.07753840446,2.07705554214,0.865000000003)) ;
#12079=CARTESIAN_POINT('Line Origine',(2.07903605662,2.07747132092,0.865000000003)) ;
#12083=CARTESIAN_POINT('Vertex',(2.08053370878,2.07788709971,0.865000000003)) ;
#12086=CARTESIAN_POINT('Line Origine',(2.08213159333,2.0783946256,0.865000000003)) ;
#12090=CARTESIAN_POINT('Vertex',(2.08372947788,2.0789021515,0.865000000003)) ;
#12093=CARTESIAN_POINT('Line Origine',(2.08542759482,2.07950354581,0.865000000003)) ;
#12097=CARTESIAN_POINT('Vertex',(2.08712571175,2.08010494013,0.865000000003)) ;
#12100=CARTESIAN_POINT('Line Origine',(2.08892406107,2.08079808155,0.865000000003)) ;
#12104=CARTESIAN_POINT('Vertex',(2.09072241039,2.08149122297,0.865000000003)) ;
#12107=CARTESIAN_POINT('Line Origine',(2.09262152243,2.08227664183,0.865000000003)) ;
#12111=CARTESIAN_POINT('Vertex',(2.09452063447,2.08306206069,0.865000000003)) ;
#12114=CARTESIAN_POINT('Line Origine',(2.09651944856,2.08394081764,0.865000000003)) ;
#12118=CARTESIAN_POINT('Vertex',(2.09851826266,2.08481957459,0.865000000003)) ;
#12121=CARTESIAN_POINT('Line Origine',(2.10107604466,2.08601971158,0.865000000003)) ;
#12125=CARTESIAN_POINT('Vertex',(2.10363382666,2.08721984856,0.865000000003)) ;
#12128=CARTESIAN_POINT('Line Origine',(2.10298364198,2.0885584017,0.865000000003)) ;
#12132=CARTESIAN_POINT('Vertex',(2.10233345729,2.08989695484,0.865000000003)) ;
#12135=CARTESIAN_POINT('Line Origine',(2.10023918378,2.08895986157,0.865000000003)) ;
#12139=CARTESIAN_POINT('Vertex',(2.09814491028,2.08802276831,0.865000000003)) ;
#12142=CARTESIAN_POINT('Line Origine',(2.09614450519,2.08716893687,0.865000000003)) ;
#12146=CARTESIAN_POINT('Vertex',(2.09414410011,2.08631510544,0.865000000003)) ;
#12149=CARTESIAN_POINT('Line Origine',(2.09223809378,2.08554400549,0.865000000003)) ;
#12153=CARTESIAN_POINT('Vertex',(2.09033208745,2.08477290555,0.865000000003)) ;
#12156=CARTESIAN_POINT('Line Origine',(2.08851994955,2.08408612809,0.865000000003)) ;
#12160=CARTESIAN_POINT('Vertex',(2.08670781164,2.08339935062,0.865000000003)) ;
#12163=CARTESIAN_POINT('Line Origine',(2.08498954216,2.08279583499,0.865000000003)) ;
#12167=CARTESIAN_POINT('Vertex',(2.08327127269,2.08219231935,0.865000000003)) ;
#12170=CARTESIAN_POINT('Line Origine',(2.08164740196,2.0816715352,0.865000000003)) ;
#12174=CARTESIAN_POINT('Vertex',(2.08002353124,2.08115075106,0.865000000003)) ;
#12177=CARTESIAN_POINT('Line Origine',(2.07849299861,2.08071375907,0.865000000003)) ;
#12181=CARTESIAN_POINT('Vertex',(2.07696246598,2.08027676708,0.865000000003)) ;
#12184=CARTESIAN_POINT('Line Origine',(2.07552686244,2.07992303691,0.865000000003)) ;
#12188=CARTESIAN_POINT('Vertex',(2.0740912589,2.07956930674,0.865000000003)) ;
#12191=CARTESIAN_POINT('Line Origine',(2.07274952378,2.0792988384,0.865000000003)) ;
#12195=CARTESIAN_POINT('Vertex',(2.07140778867,2.07902837006,0.865000000003)) ;
#12198=CARTESIAN_POINT('Line Origine',(2.07015992197,2.07884116354,0.865000000003)) ;
#12235=CARTESIAN_POINT('Axis2P3D Location',(2.0697531588,2.07567244127,0.880000000004)) ;
#12240=CARTESIAN_POINT('Line Origine',(2.0697531588,2.07567244127,0.872500000003)) ;
#12245=CARTESIAN_POINT('Line Origine',(2.06891205528,2.07865395702,0.872500000003)) ;
#12264=CARTESIAN_POINT('Axis2P3D Location',(2.0721470688,2.07594715226,0.880000000004)) ;
#12269=CARTESIAN_POINT('Line Origine',(2.0721470688,2.07594715226,0.872500000003)) ;
#12288=CARTESIAN_POINT('Axis2P3D Location',(2.07474250425,2.07640853943,0.880000000004)) ;
#12293=CARTESIAN_POINT('Line Origine',(2.07474250425,2.07640853943,0.872500000003)) ;
#12312=CARTESIAN_POINT('Axis2P3D Location',(2.07753840446,2.07705554214,0.880000000004)) ;
#12317=CARTESIAN_POINT('Line Origine',(2.07753840446,2.07705554214,0.872500000003)) ;
#12336=CARTESIAN_POINT('Axis2P3D Location',(2.08053370878,2.07788709971,0.880000000004)) ;
#12341=CARTESIAN_POINT('Line Origine',(2.08053370878,2.07788709971,0.872500000003)) ;
#12360=CARTESIAN_POINT('Axis2P3D Location',(2.08372947788,2.0789021515,0.880000000004)) ;
#12365=CARTESIAN_POINT('Line Origine',(2.08372947788,2.0789021515,0.872500000003)) ;
#12384=CARTESIAN_POINT('Axis2P3D Location',(2.08712571175,2.08010494013,0.880000000004)) ;
#12389=CARTESIAN_POINT('Line Origine',(2.08712571175,2.08010494013,0.872500000003)) ;
#12408=CARTESIAN_POINT('Axis2P3D Location',(2.09072241039,2.08149122297,0.880000000004)) ;
#12413=CARTESIAN_POINT('Line Origine',(2.09072241039,2.08149122297,0.872500000003)) ;
#12432=CARTESIAN_POINT('Axis2P3D Location',(2.09452063447,2.08306206069,0.880000000004)) ;
#12437=CARTESIAN_POINT('Line Origine',(2.09452063447,2.08306206069,0.872500000003)) ;
#12456=CARTESIAN_POINT('Axis2P3D Location',(2.09851826266,2.08481957459,0.880000000004)) ;
#12461=CARTESIAN_POINT('Line Origine',(2.09851826266,2.08481957459,0.872500000003)) ;
#12480=CARTESIAN_POINT('Axis2P3D Location',(2.10363382666,2.08721984856,0.880000000004)) ;
#12485=CARTESIAN_POINT('Line Origine',(2.10363382666,2.08721984856,0.872500000003)) ;
#12504=CARTESIAN_POINT('Axis2P3D Location',(2.10233345729,2.08989695484,0.880000000004)) ;
#12509=CARTESIAN_POINT('Line Origine',(2.10233345729,2.08989695484,0.872500000003)) ;
#12528=CARTESIAN_POINT('Axis2P3D Location',(2.09814491028,2.08802276831,0.880000000004)) ;
#12533=CARTESIAN_POINT('Line Origine',(2.09814491028,2.08802276831,0.872500000003)) ;
#12552=CARTESIAN_POINT('Axis2P3D Location',(2.09414410011,2.08631510544,0.880000000004)) ;
#12557=CARTESIAN_POINT('Line Origine',(2.09414410011,2.08631510544,0.872500000003)) ;
#12576=CARTESIAN_POINT('Axis2P3D Location',(2.09033208745,2.08477290555,0.880000000004)) ;
#12581=CARTESIAN_POINT('Line Origine',(2.09033208745,2.08477290555,0.872500000003)) ;
#12600=CARTESIAN_POINT('Axis2P3D Location',(2.08670781164,2.08339935062,0.880000000004)) ;
#12605=CARTESIAN_POINT('Line Origine',(2.08670781164,2.08339935062,0.872500000003)) ;
#12624=CARTESIAN_POINT('Axis2P3D Location',(2.08327127269,2.08219231935,0.880000000004)) ;
#12629=CARTESIAN_POINT('Line Origine',(2.08327127269,2.08219231935,0.872500000003)) ;
#12648=CARTESIAN_POINT('Axis2P3D Location',(2.08002353124,2.08115075106,0.880000000004)) ;
#12653=CARTESIAN_POINT('Line Origine',(2.08002353124,2.08115075106,0.872500000003)) ;
#12672=CARTESIAN_POINT('Axis2P3D Location',(2.07696246598,2.08027676708,0.880000000004)) ;
#12677=CARTESIAN_POINT('Line Origine',(2.07696246598,2.08027676708,0.872500000003)) ;
#12696=CARTESIAN_POINT('Axis2P3D Location',(2.0740912589,2.07956930674,0.880000000004)) ;
#12701=CARTESIAN_POINT('Line Origine',(2.0740912589,2.07956930674,0.872500000003)) ;
#12720=CARTESIAN_POINT('Axis2P3D Location',(2.07140778867,2.07902837006,0.880000000004)) ;
#12725=CARTESIAN_POINT('Line Origine',(2.07140778867,2.07902837006,0.872500000003)) ;
#12744=CARTESIAN_POINT('Axis2P3D Location',(2.06891205528,2.07865395702,0.880000000004)) ;
#12763=CARTESIAN_POINT('Line Origine',(1.98138001394,2.16458015885,0.865000000003)) ;
#12767=CARTESIAN_POINT('Vertex',(1.98134183018,2.16591871199,0.865000000003)) ;
#12769=CARTESIAN_POINT('Vertex',(1.98141819771,2.16324160571,0.865000000003)) ;
#12772=CARTESIAN_POINT('Line Origine',(1.98365088737,2.16333812579,0.865000000003)) ;
#12776=CARTESIAN_POINT('Vertex',(1.98588357703,2.16343464587,0.865000000003)) ;
#12779=CARTESIAN_POINT('Line Origine',(1.98803777784,2.16361601876,0.865000000003)) ;
#12783=CARTESIAN_POINT('Vertex',(1.99019197865,2.16379739164,0.865000000003)) ;
#12786=CARTESIAN_POINT('Line Origine',(1.99226875127,2.16406573867,0.865000000003)) ;
#12790=CARTESIAN_POINT('Vertex',(1.99434552388,2.16433408569,0.865000000003)) ;
#12793=CARTESIAN_POINT('Line Origine',(1.99634380765,2.16468728553,0.865000000003)) ;
#12797=CARTESIAN_POINT('Vertex',(1.99834209141,2.16504048537,0.865000000003)) ;
#12800=CARTESIAN_POINT('Line Origine',(2.00026241665,2.16547906835,0.865000000003)) ;
#12804=CARTESIAN_POINT('Vertex',(2.00218274189,2.16591765133,0.865000000003)) ;
#12807=CARTESIAN_POINT('Line Origine',(2.00402510861,2.16644267811,0.865000000003)) ;
#12811=CARTESIAN_POINT('Vertex',(2.00586747533,2.1669677049,0.865000000003)) ;
#12814=CARTESIAN_POINT('Line Origine',(2.00763188353,2.16757811483,0.865000000003)) ;
#12818=CARTESIAN_POINT('Vertex',(2.00939629172,2.16818852476,0.865000000003)) ;
#12821=CARTESIAN_POINT('Line Origine',(2.0110827414,2.16888431783,0.865000000003)) ;
#12825=CARTESIAN_POINT('Vertex',(2.01276919107,2.1695801109,0.865000000003)) ;
#12828=CARTESIAN_POINT('Line Origine',(2.01437715189,2.17036181745,0.865000000003)) ;
#12832=CARTESIAN_POINT('Vertex',(2.01598511271,2.17114352399,0.865000000003)) ;
#12835=CARTESIAN_POINT('Line Origine',(2.01751564534,2.17201114402,0.865000000003)) ;
#12839=CARTESIAN_POINT('Vertex',(2.01904617797,2.17287876404,0.865000000003)) ;
#12842=CARTESIAN_POINT('Line Origine',(2.0187788916,2.17421731717,0.865000000003)) ;
#12846=CARTESIAN_POINT('Vertex',(2.01851160524,2.17555587031,0.865000000003)) ;
#12849=CARTESIAN_POINT('Line Origine',(2.01711418546,2.17480545324,0.865000000003)) ;
#12853=CARTESIAN_POINT('Vertex',(2.01571676569,2.17405503617,0.865000000003)) ;
#12856=CARTESIAN_POINT('Line Origine',(2.01421646187,2.17336401606,0.865000000003)) ;
#12860=CARTESIAN_POINT('Vertex',(2.01271615806,2.17267299596,0.865000000003)) ;
#12863=CARTESIAN_POINT('Line Origine',(2.0111145612,2.17204190316,0.865000000003)) ;
#12867=CARTESIAN_POINT('Vertex',(2.00951296434,2.17141081036,0.865000000003)) ;
#12870=CARTESIAN_POINT('Line Origine',(2.00780795311,2.17083964486,0.865000000003)) ;
#12874=CARTESIAN_POINT('Vertex',(2.00610294189,2.17026847935,0.865000000003)) ;
#12877=CARTESIAN_POINT('Line Origine',(2.00429557696,2.16975724115,0.865000000003)) ;
#12881=CARTESIAN_POINT('Vertex',(2.00248821202,2.16924600295,0.865000000003)) ;
#12884=CARTESIAN_POINT('Line Origine',(2.00057849338,2.16879363138,0.865000000003)) ;
#12888=CARTESIAN_POINT('Vertex',(1.99866877474,2.16834125982,0.865000000003)) ;
#12891=CARTESIAN_POINT('Line Origine',(1.9966567024,2.16794881556,0.865000000003)) ;
#12895=CARTESIAN_POINT('Vertex',(1.99464463005,2.16755637129,0.865000000003)) ;
#12898=CARTESIAN_POINT('Line Origine',(1.992530204,2.16722385433,0.865000000003)) ;
#12902=CARTESIAN_POINT('Vertex',(1.99041577795,2.16689133737,0.865000000003)) ;
#12905=CARTESIAN_POINT('Line Origine',(1.98819846786,2.16661821737,0.865000000003)) ;
#12909=CARTESIAN_POINT('Vertex',(1.98598115777,2.16634509738,0.865000000003)) ;
#12912=CARTESIAN_POINT('Line Origine',(1.98366149397,2.16613190468,0.865000000003)) ;
#12949=CARTESIAN_POINT('Axis2P3D Location',(1.98141819771,2.16324160571,0.880000000004)) ;
#12954=CARTESIAN_POINT('Line Origine',(1.98141819771,2.16324160571,0.872500000003)) ;
#12959=CARTESIAN_POINT('Line Origine',(1.98134183018,2.16591871199,0.872500000003)) ;
#12978=CARTESIAN_POINT('Axis2P3D Location',(1.98588357703,2.16343464587,0.880000000004)) ;
#12983=CARTESIAN_POINT('Line Origine',(1.98588357703,2.16343464587,0.872500000003)) ;
#13002=CARTESIAN_POINT('Axis2P3D Location',(1.99019197865,2.16379739164,0.880000000004)) ;
#13007=CARTESIAN_POINT('Line Origine',(1.99019197865,2.16379739164,0.872500000003)) ;
#13026=CARTESIAN_POINT('Axis2P3D Location',(1.99434552388,2.16433408569,0.880000000004)) ;
#13031=CARTESIAN_POINT('Line Origine',(1.99434552388,2.16433408569,0.872500000003)) ;
#13050=CARTESIAN_POINT('Axis2P3D Location',(1.99834209141,2.16504048537,0.880000000004)) ;
#13055=CARTESIAN_POINT('Line Origine',(1.99834209141,2.16504048537,0.872500000003)) ;
#13074=CARTESIAN_POINT('Axis2P3D Location',(2.00218274189,2.16591765133,0.880000000004)) ;
#13079=CARTESIAN_POINT('Line Origine',(2.00218274189,2.16591765133,0.872500000003)) ;
#13098=CARTESIAN_POINT('Axis2P3D Location',(2.00586747533,2.1669677049,0.880000000004)) ;
#13103=CARTESIAN_POINT('Line Origine',(2.00586747533,2.1669677049,0.872500000003)) ;
#13122=CARTESIAN_POINT('Axis2P3D Location',(2.00939629172,2.16818852476,0.880000000004)) ;
#13127=CARTESIAN_POINT('Line Origine',(2.00939629172,2.16818852476,0.872500000003)) ;
#13146=CARTESIAN_POINT('Axis2P3D Location',(2.01276919107,2.1695801109,0.880000000004)) ;
#13151=CARTESIAN_POINT('Line Origine',(2.01276919107,2.1695801109,0.872500000003)) ;
#13170=CARTESIAN_POINT('Axis2P3D Location',(2.01598511271,2.17114352399,0.880000000004)) ;
#13175=CARTESIAN_POINT('Line Origine',(2.01598511271,2.17114352399,0.872500000003)) ;
#13194=CARTESIAN_POINT('Axis2P3D Location',(2.01904617797,2.17287876404,0.880000000004)) ;
#13199=CARTESIAN_POINT('Line Origine',(2.01904617797,2.17287876404,0.872500000003)) ;
#13218=CARTESIAN_POINT('Axis2P3D Location',(2.01851160524,2.17555587031,0.880000000004)) ;
#13223=CARTESIAN_POINT('Line Origine',(2.01851160524,2.17555587031,0.872500000003)) ;
#13242=CARTESIAN_POINT('Axis2P3D Location',(2.01571676569,2.17405503617,0.880000000004)) ;
#13247=CARTESIAN_POINT('Line Origine',(2.01571676569,2.17405503617,0.872500000003)) ;
#13266=CARTESIAN_POINT('Axis2P3D Location',(2.01271615806,2.17267299596,0.880000000004)) ;
#13271=CARTESIAN_POINT('Line Origine',(2.01271615806,2.17267299596,0.872500000003)) ;
#13290=CARTESIAN_POINT('Axis2P3D Location',(2.00951296434,2.17141081036,0.880000000004)) ;
#13295=CARTESIAN_POINT('Line Origine',(2.00951296434,2.17141081036,0.872500000003)) ;
#13314=CARTESIAN_POINT('Axis2P3D Location',(2.00610294189,2.17026847935,0.880000000004)) ;
#13319=CARTESIAN_POINT('Line Origine',(2.00610294189,2.17026847935,0.872500000003)) ;
#13338=CARTESIAN_POINT('Axis2P3D Location',(2.00248821202,2.16924600295,0.880000000004)) ;
#13343=CARTESIAN_POINT('Line Origine',(2.00248821202,2.16924600295,0.872500000003)) ;
#13362=CARTESIAN_POINT('Axis2P3D Location',(1.99866877474,2.16834125982,0.880000000004)) ;
#13367=CARTESIAN_POINT('Line Origine',(1.99866877474,2.16834125982,0.872500000003)) ;
#13386=CARTESIAN_POINT('Axis2P3D Location',(1.99464463005,2.16755637129,0.880000000004)) ;
#13391=CARTESIAN_POINT('Line Origine',(1.99464463005,2.16755637129,0.872500000003)) ;
#13410=CARTESIAN_POINT('Axis2P3D Location',(1.99041577795,2.16689133737,0.880000000004)) ;
#13415=CARTESIAN_POINT('Line Origine',(1.99041577795,2.16689133737,0.872500000003)) ;
#13434=CARTESIAN_POINT('Axis2P3D Location',(1.98598115777,2.16634509738,0.880000000004)) ;
#13439=CARTESIAN_POINT('Line Origine',(1.98598115777,2.16634509738,0.872500000003)) ;
#13458=CARTESIAN_POINT('Axis2P3D Location',(1.98134183018,2.16591871199,0.880000000004)) ;
#13477=CARTESIAN_POINT('Line Origine',(2.10109831852,2.06964948249,0.865000000003)) ;
#13481=CARTESIAN_POINT('Vertex',(2.10126325118,2.07016549366,0.865000000003)) ;
#13483=CARTESIAN_POINT('Vertex',(2.10093338587,2.06913347131,0.865000000003)) ;
#13486=CARTESIAN_POINT('Line Origine',(2.10071595053,2.06813008679,0.865000000003)) ;
#13490=CARTESIAN_POINT('Vertex',(2.1004985152,2.06712670227,0.865000000003)) ;
#13493=CARTESIAN_POINT('Line Origine',(2.10043169361,2.06616044085,0.865000000003)) ;
#13497=CARTESIAN_POINT('Vertex',(2.10036487202,2.06519417944,0.865000000003)) ;
#13500=CARTESIAN_POINT('Line Origine',(2.10044707318,2.06426451079,0.865000000003)) ;
#13504=CARTESIAN_POINT('Vertex',(2.10052927434,2.06333484215,0.865000000003)) ;
#13507=CARTESIAN_POINT('Line Origine',(2.10076208925,2.06244123596,0.865000000003)) ;
#13511=CARTESIAN_POINT('Vertex',(2.10099490416,2.06154762976,0.865000000003)) ;
#13514=CARTESIAN_POINT('Line Origine',(2.10138575743,2.06067099413,0.865000000003)) ;
#13518=CARTESIAN_POINT('Vertex',(2.1017766107,2.0597943585,0.865000000003)) ;
#13521=CARTESIAN_POINT('Line Origine',(2.10237906568,2.05881218718,0.865000000003)) ;
#13525=CARTESIAN_POINT('Vertex',(2.10298152066,2.05783001586,0.865000000003)) ;
#13528=CARTESIAN_POINT('Line Origine',(2.10380459295,2.05672268664,0.865000000003)) ;
#13532=CARTESIAN_POINT('Vertex',(2.10462766525,2.05561535742,0.865000000003)) ;
#13535=CARTESIAN_POINT('Line Origine',(2.10512193289,2.05501396311,0.865000000003)) ;
#13539=CARTESIAN_POINT('Vertex',(2.10561620053,2.05441256879,0.865000000003)) ;
#13542=CARTESIAN_POINT('Line Origine',(2.10616509216,2.05378094566,0.865000000003)) ;
#13546=CARTESIAN_POINT('Vertex',(2.1067139838,2.05314932252,0.865000000003)) ;
#13549=CARTESIAN_POINT('Line Origine',(2.10731802977,2.05248587959,0.865000000003)) ;
#13553=CARTESIAN_POINT('Vertex',(2.10792207574,2.05182243665,0.865000000003)) ;
#13556=CARTESIAN_POINT('Line Origine',(2.10858180637,2.05112770424,0.865000000003)) ;
#13560=CARTESIAN_POINT('Vertex',(2.10924153699,2.05043297182,0.865000000003)) ;
#13563=CARTESIAN_POINT('Line Origine',(2.10995536129,2.04970641961,0.865000000003)) ;
#13567=CARTESIAN_POINT('Vertex',(2.11066918558,2.04897986739,0.865000000003)) ;
#13570=CARTESIAN_POINT('Line Origine',(2.1127724747,2.0469529458,0.865000000003)) ;
#13574=CARTESIAN_POINT('Vertex',(2.11487576383,2.04492602421,0.865000000003)) ;
#13577=CARTESIAN_POINT('Line Origine',(2.15472211483,2.08477237522,0.865000000003)) ;
#13581=CARTESIAN_POINT('Vertex',(2.19456846583,2.12461872622,0.865000000003)) ;
#13584=CARTESIAN_POINT('Line Origine',(2.19529554838,2.13559390735,0.865000000003)) ;
#13588=CARTESIAN_POINT('Vertex',(2.19602263093,2.14656908847,0.865000000003)) ;
#13591=CARTESIAN_POINT('Line Origine',(2.21433970176,2.12825201764,0.865000000003)) ;
#13595=CARTESIAN_POINT('Vertex',(2.2326567726,2.1099349468,0.865000000003)) ;
#13598=CARTESIAN_POINT('Line Origine',(2.23280950767,2.11184731709,0.865000000003)) ;
#13602=CARTESIAN_POINT('Vertex',(2.23296224273,2.11375968738,0.865000000003)) ;
#13605=CARTESIAN_POINT('Line Origine',(2.21342170039,2.13330022973,0.865000000003)) ;
#13609=CARTESIAN_POINT('Vertex',(2.19388115804,2.15284077207,0.865000000003)) ;
#13612=CARTESIAN_POINT('Line Origine',(2.19277223783,2.13957138299,0.865000000003)) ;
#13616=CARTESIAN_POINT('Vertex',(2.19166331762,2.12630199391,0.865000000003)) ;
#13619=CARTESIAN_POINT('Line Origine',(2.15317195999,2.08788594315,0.865000000003)) ;
#13623=CARTESIAN_POINT('Vertex',(2.11468060235,2.04946989239,0.865000000003)) ;
#13626=CARTESIAN_POINT('Line Origine',(2.11406701044,2.04998060026,0.865000000003)) ;
#13630=CARTESIAN_POINT('Vertex',(2.11345341853,2.05049130813,0.865000000003)) ;
#13633=CARTESIAN_POINT('Line Origine',(2.11287429808,2.0510089103,0.865000000003)) ;
#13637=CARTESIAN_POINT('Vertex',(2.11229517763,2.05152651246,0.865000000003)) ;
#13640=CARTESIAN_POINT('Line Origine',(2.1117499983,2.05205047859,0.865000000003)) ;
#13644=CARTESIAN_POINT('Vertex',(2.11120481897,2.05257444471,0.865000000003)) ;
#13647=CARTESIAN_POINT('Line Origine',(2.11044644695,2.0533710005,0.865000000003)) ;
#13651=CARTESIAN_POINT('Vertex',(2.10968807492,2.05416755629,0.865000000003)) ;
#13654=CARTESIAN_POINT('Line Origine',(2.10898750888,2.05498373429,0.865000000003)) ;
#13658=CARTESIAN_POINT('Vertex',(2.10828694284,2.05579991229,0.865000000003)) ;
#13661=CARTESIAN_POINT('Line Origine',(2.1076447131,2.05663306086,0.865000000003)) ;
#13665=CARTESIAN_POINT('Vertex',(2.10700248337,2.05746620942,0.865000000003)) ;
#13668=CARTESIAN_POINT('Line Origine',(2.10641805962,2.05831791954,0.865000000003)) ;
#13672=CARTESIAN_POINT('Vertex',(2.10583363586,2.05916962966,0.865000000003)) ;
#13675=CARTESIAN_POINT('Line Origine',(2.10530754842,2.06004043166,0.865000000003)) ;
#13679=CARTESIAN_POINT('Vertex',(2.10478146097,2.06091123366,0.865000000003)) ;
#13682=CARTESIAN_POINT('Line Origine',(2.1043131795,2.06179953656,0.865000000003)) ;
#13686=CARTESIAN_POINT('Vertex',(2.10384489804,2.06268783945,0.865000000003)) ;
#13689=CARTESIAN_POINT('Line Origine',(2.10343495288,2.06359523423,0.865000000003)) ;
#13693=CARTESIAN_POINT('Vertex',(2.10302500773,2.064502629,0.865000000003)) ;
#13696=CARTESIAN_POINT('Line Origine',(2.10267339888,2.065428055,0.865000000003)) ;
#13700=CARTESIAN_POINT('Vertex',(2.10232179003,2.066353481,0.865000000003)) ;
#13703=CARTESIAN_POINT('Line Origine',(2.10202798716,2.06729746856,0.865000000003)) ;
#13707=CARTESIAN_POINT('Vertex',(2.1017341843,2.06824145611,0.865000000003)) ;
#13710=CARTESIAN_POINT('Line Origine',(2.10149871774,2.06920347488,0.865000000003)) ;
#13759=CARTESIAN_POINT('Axis2P3D Location',(2.10093338587,2.06913347131,0.880000000004)) ;
#13764=CARTESIAN_POINT('Line Origine',(2.10093338587,2.06913347131,0.872500000003)) ;
#13769=CARTESIAN_POINT('Line Origine',(2.10126325118,2.07016549366,0.872500000003)) ;
#13788=CARTESIAN_POINT('Axis2P3D Location',(2.1004985152,2.06712670227,0.880000000004)) ;
#13793=CARTESIAN_POINT('Line Origine',(2.1004985152,2.06712670227,0.872500000003)) ;
#13812=CARTESIAN_POINT('Axis2P3D Location',(2.10036487202,2.06519417944,0.880000000004)) ;
#13817=CARTESIAN_POINT('Line Origine',(2.10036487202,2.06519417944,0.872500000003)) ;
#13836=CARTESIAN_POINT('Axis2P3D Location',(2.10052927434,2.06333484215,0.880000000004)) ;
#13841=CARTESIAN_POINT('Line Origine',(2.10052927434,2.06333484215,0.872500000003)) ;
#13860=CARTESIAN_POINT('Axis2P3D Location',(2.10099490416,2.06154762976,0.880000000004)) ;
#13865=CARTESIAN_POINT('Line Origine',(2.10099490416,2.06154762976,0.872500000003)) ;
#13884=CARTESIAN_POINT('Axis2P3D Location',(2.1017766107,2.0597943585,0.880000000004)) ;
#13889=CARTESIAN_POINT('Line Origine',(2.1017766107,2.0597943585,0.872500000003)) ;
#13908=CARTESIAN_POINT('Axis2P3D Location',(2.10298152066,2.05783001586,0.880000000004)) ;
#13913=CARTESIAN_POINT('Line Origine',(2.10298152066,2.05783001586,0.872500000003)) ;
#13932=CARTESIAN_POINT('Axis2P3D Location',(2.10462766525,2.05561535742,0.880000000004)) ;
#13937=CARTESIAN_POINT('Line Origine',(2.10462766525,2.05561535742,0.872500000003)) ;
#13956=CARTESIAN_POINT('Axis2P3D Location',(2.10561620053,2.05441256879,0.880000000004)) ;
#13961=CARTESIAN_POINT('Line Origine',(2.10561620053,2.05441256879,0.872500000003)) ;
#13980=CARTESIAN_POINT('Axis2P3D Location',(2.1067139838,2.05314932252,0.880000000004)) ;
#13985=CARTESIAN_POINT('Line Origine',(2.1067139838,2.05314932252,0.872500000003)) ;
#14004=CARTESIAN_POINT('Axis2P3D Location',(2.10792207574,2.05182243665,0.880000000004)) ;
#14009=CARTESIAN_POINT('Line Origine',(2.10792207574,2.05182243665,0.872500000003)) ;
#14028=CARTESIAN_POINT('Axis2P3D Location',(2.10924153699,2.05043297182,0.880000000004)) ;
#14033=CARTESIAN_POINT('Line Origine',(2.10924153699,2.05043297182,0.872500000003)) ;
#14052=CARTESIAN_POINT('Axis2P3D Location',(2.11066918558,2.04897986739,0.880000000004)) ;
#14057=CARTESIAN_POINT('Line Origine',(2.11066918558,2.04897986739,0.872500000003)) ;
#14076=CARTESIAN_POINT('Axis2P3D Location',(2.11487576383,2.04492602421,0.880000000004)) ;
#14081=CARTESIAN_POINT('Line Origine',(2.11487576383,2.04492602421,0.872500000003)) ;
#14100=CARTESIAN_POINT('Axis2P3D Location',(2.19456846583,2.12461872622,0.880000000004)) ;
#14105=CARTESIAN_POINT('Line Origine',(2.19456846583,2.12461872622,0.872500000003)) ;
#14124=CARTESIAN_POINT('Axis2P3D Location',(2.19602263093,2.14656908847,0.880000000004)) ;
#14129=CARTESIAN_POINT('Line Origine',(2.19602263093,2.14656908847,0.872500000003)) ;
#14148=CARTESIAN_POINT('Axis2P3D Location',(2.2326567726,2.1099349468,0.880000000004)) ;
#14153=CARTESIAN_POINT('Line Origine',(2.2326567726,2.1099349468,0.872500000003)) ;
#14172=CARTESIAN_POINT('Axis2P3D Location',(2.23296224273,2.11375968738,0.880000000004)) ;
#14177=CARTESIAN_POINT('Line Origine',(2.23296224273,2.11375968738,0.872500000003)) ;
#14196=CARTESIAN_POINT('Axis2P3D Location',(2.19388115804,2.15284077207,0.880000000004)) ;
#14201=CARTESIAN_POINT('Line Origine',(2.19388115804,2.15284077207,0.872500000003)) ;
#14220=CARTESIAN_POINT('Axis2P3D Location',(2.19166331762,2.12630199391,0.880000000004)) ;
#14225=CARTESIAN_POINT('Line Origine',(2.19166331762,2.12630199391,0.872500000003)) ;
#14244=CARTESIAN_POINT('Axis2P3D Location',(2.11468060235,2.04946989239,0.880000000004)) ;
#14249=CARTESIAN_POINT('Line Origine',(2.11468060235,2.04946989239,0.872500000003)) ;
#14268=CARTESIAN_POINT('Axis2P3D Location',(2.11345341853,2.05049130813,0.880000000004)) ;
#14273=CARTESIAN_POINT('Line Origine',(2.11345341853,2.05049130813,0.872500000003)) ;
#14292=CARTESIAN_POINT('Axis2P3D Location',(2.11229517763,2.05152651246,0.880000000004)) ;
#14297=CARTESIAN_POINT('Line Origine',(2.11229517763,2.05152651246,0.872500000003)) ;
#14316=CARTESIAN_POINT('Axis2P3D Location',(2.11120481897,2.05257444471,0.880000000004)) ;
#14321=CARTESIAN_POINT('Line Origine',(2.11120481897,2.05257444471,0.872500000003)) ;
#14340=CARTESIAN_POINT('Axis2P3D Location',(2.10968807492,2.05416755629,0.880000000004)) ;
#14345=CARTESIAN_POINT('Line Origine',(2.10968807492,2.05416755629,0.872500000003)) ;
#14364=CARTESIAN_POINT('Axis2P3D Location',(2.10828694284,2.05579991229,0.880000000004)) ;
#14369=CARTESIAN_POINT('Line Origine',(2.10828694284,2.05579991229,0.872500000003)) ;
#14388=CARTESIAN_POINT('Axis2P3D Location',(2.10700248337,2.05746620942,0.880000000004)) ;
#14393=CARTESIAN_POINT('Line Origine',(2.10700248337,2.05746620942,0.872500000003)) ;
#14412=CARTESIAN_POINT('Axis2P3D Location',(2.10583363586,2.05916962966,0.880000000004)) ;
#14417=CARTESIAN_POINT('Line Origine',(2.10583363586,2.05916962966,0.872500000003)) ;
#14436=CARTESIAN_POINT('Axis2P3D Location',(2.10478146097,2.06091123366,0.880000000004)) ;
#14441=CARTESIAN_POINT('Line Origine',(2.10478146097,2.06091123366,0.872500000003)) ;
#14460=CARTESIAN_POINT('Axis2P3D Location',(2.10384489804,2.06268783945,0.880000000004)) ;
#14465=CARTESIAN_POINT('Line Origine',(2.10384489804,2.06268783945,0.872500000003)) ;
#14484=CARTESIAN_POINT('Axis2P3D Location',(2.10302500773,2.064502629,0.880000000004)) ;
#14489=CARTESIAN_POINT('Line Origine',(2.10302500773,2.064502629,0.872500000003)) ;
#14508=CARTESIAN_POINT('Axis2P3D Location',(2.10232179003,2.066353481,0.880000000004)) ;
#14513=CARTESIAN_POINT('Line Origine',(2.10232179003,2.066353481,0.872500000003)) ;
#14532=CARTESIAN_POINT('Axis2P3D Location',(2.1017341843,2.06824145611,0.880000000004)) ;
#14537=CARTESIAN_POINT('Line Origine',(2.1017341843,2.06824145611,0.872500000003)) ;
#14556=CARTESIAN_POINT('Axis2P3D Location',(2.10126325118,2.07016549366,0.880000000004)) ;
#14575=CARTESIAN_POINT('Line Origine',(2.06906479035,2.17677881149,0.865000000003)) ;
#14579=CARTESIAN_POINT('Vertex',(2.06898842281,2.17892028437,0.865000000003)) ;
#14581=CARTESIAN_POINT('Vertex',(2.06914115788,2.1746373386,0.865000000003)) ;
#14584=CARTESIAN_POINT('Line Origine',(2.07682723181,2.16695126467,0.865000000003)) ;
#14588=CARTESIAN_POINT('Vertex',(2.08451330575,2.15926519073,0.865000000003)) ;
#14591=CARTESIAN_POINT('Line Origine',(2.10237164106,2.17712352604,0.865000000003)) ;
#14595=CARTESIAN_POINT('Vertex',(2.12022997637,2.19498186136,0.865000000003)) ;
#14598=CARTESIAN_POINT('Line Origine',(2.12153034574,2.20737143282,0.865000000003)) ;
#14602=CARTESIAN_POINT('Vertex',(2.12283071511,2.21976100429,0.865000000003)) ;
#14605=CARTESIAN_POINT('Line Origine',(2.14378617813,2.19880554127,0.865000000003)) ;
#14609=CARTESIAN_POINT('Vertex',(2.16474164114,2.17785007826,0.865000000003)) ;
#14612=CARTESIAN_POINT('Line Origine',(2.164818539,2.17983828575,0.865000000003)) ;
#14616=CARTESIAN_POINT('Vertex',(2.16489543687,2.18182649324,0.865000000003)) ;
#14619=CARTESIAN_POINT('Line Origine',(2.14275415578,2.20396777433,0.865000000003)) ;
#14623=CARTESIAN_POINT('Vertex',(2.12061287469,2.22610905542,0.865000000003)) ;
#14626=CARTESIAN_POINT('Line Origine',(2.11900650486,2.21104184735,0.865000000003)) ;
#14630=CARTESIAN_POINT('Vertex',(2.11740013503,2.19597463928,0.865000000003)) ;
#14633=CARTESIAN_POINT('Line Origine',(2.10103361825,2.1796081225,0.865000000003)) ;
#14637=CARTESIAN_POINT('Vertex',(2.08466710147,2.16324160571,0.865000000003)) ;
#14640=CARTESIAN_POINT('Line Origine',(2.07682776214,2.17108094504,0.865000000003)) ;
#14665=CARTESIAN_POINT('Axis2P3D Location',(2.06914115788,2.1746373386,0.880000000004)) ;
#14670=CARTESIAN_POINT('Line Origine',(2.06914115788,2.1746373386,0.872500000003)) ;
#14675=CARTESIAN_POINT('Line Origine',(2.06898842281,2.17892028437,0.872500000003)) ;
#14694=CARTESIAN_POINT('Axis2P3D Location',(2.08451330575,2.15926519073,0.880000000004)) ;
#14699=CARTESIAN_POINT('Line Origine',(2.08451330575,2.15926519073,0.872500000003)) ;
#14718=CARTESIAN_POINT('Line Origine',(2.12022997637,2.19498186136,0.872500000003)) ;
#14737=CARTESIAN_POINT('Axis2P3D Location',(2.12283071511,2.21976100429,0.880000000004)) ;
#14742=CARTESIAN_POINT('Line Origine',(2.12283071511,2.21976100429,0.872500000003)) ;
#14761=CARTESIAN_POINT('Line Origine',(2.16474164114,2.17785007826,0.872500000003)) ;
#14780=CARTESIAN_POINT('Axis2P3D Location',(2.16489543687,2.18182649324,0.880000000004)) ;
#14785=CARTESIAN_POINT('Line Origine',(2.16489543687,2.18182649324,0.872500000003)) ;
#14804=CARTESIAN_POINT('Line Origine',(2.12061287469,2.22610905542,0.872500000003)) ;
#14823=CARTESIAN_POINT('Axis2P3D Location',(2.11740013503,2.19597463928,0.880000000004)) ;
#14828=CARTESIAN_POINT('Line Origine',(2.11740013503,2.19597463928,0.872500000003)) ;
#14847=CARTESIAN_POINT('Line Origine',(2.08466710147,2.16324160571,0.872500000003)) ;
#14866=CARTESIAN_POINT('Axis2P3D Location',(2.06898842281,2.17892028437,0.880000000004)) ;
#14885=CARTESIAN_POINT('Axis2P3D Location',(2.12132034357,2.12132034357,0.865000000003)) ;
#14889=CARTESIAN_POINT('Vertex',(1.94631141522,2.29632927191,0.865000000003)) ;
#14891=CARTESIAN_POINT('Vertex',(2.29632927191,1.94631141522,0.865000000003)) ;
#14894=CARTESIAN_POINT('Axis2P3D Location',(2.12132034357,2.12132034357,0.865000000003)) ;
#14903=CARTESIAN_POINT('Axis2P3D Location',(2.12132034357,2.12132034357,0.865000000003)) ;
#14907=CARTESIAN_POINT('Vertex',(2.2592061659,1.98343452124,0.865000000003)) ;
#14909=CARTESIAN_POINT('Vertex',(1.98343452124,2.2592061659,0.865000000003)) ;
#14912=CARTESIAN_POINT('Axis2P3D Location',(2.12132034357,2.12132034357,0.865000000003)) ;
#14921=CARTESIAN_POINT('Axis2P3D Location',(1.96487296823,1.96487296823,0.865000000003)) ;
#14925=CARTESIAN_POINT('Vertex',(1.97547956995,1.95426636651,0.865000000003)) ;
#14927=CARTESIAN_POINT('Vertex',(1.95426636651,1.97547956995,0.865000000003)) ;
#14930=CARTESIAN_POINT('Axis2P3D Location',(1.96487296823,1.96487296823,0.865000000003)) ;
#14939=CARTESIAN_POINT('Axis2P3D Location',(1.96487296823,2.27776771891,0.865000000003)) ;
#14943=CARTESIAN_POINT('Vertex',(1.97547956995,2.26716111719,0.865000000003)) ;
#14945=CARTESIAN_POINT('Vertex',(1.95426636651,2.28837432062,0.865000000003)) ;
#14948=CARTESIAN_POINT('Axis2P3D Location',(1.96487296823,2.27776771891,0.865000000003)) ;
#14957=CARTESIAN_POINT('Axis2P3D Location',(1.90007034357,2.12132034357,0.865000000003)) ;
#14961=CARTESIAN_POINT('Vertex',(1.91067694529,2.11071374185,0.865000000003)) ;
#14963=CARTESIAN_POINT('Vertex',(1.88946374185,2.13192694529,0.865000000003)) ;
#14966=CARTESIAN_POINT('Axis2P3D Location',(1.90007034357,2.12132034357,0.865000000003)) ;
#14975=CARTESIAN_POINT('Axis2P3D Location',(2.27776771891,2.27776771891,0.865000000003)) ;
#14979=CARTESIAN_POINT('Vertex',(2.28837432062,2.26716111719,0.865000000003)) ;
#14981=CARTESIAN_POINT('Vertex',(2.26716111719,2.28837432062,0.865000000003)) ;
#14984=CARTESIAN_POINT('Axis2P3D Location',(2.27776771891,2.27776771891,0.865000000003)) ;
#14993=CARTESIAN_POINT('Axis2P3D Location',(2.12132034357,2.34257034357,0.865000000003)) ;
#14997=CARTESIAN_POINT('Vertex',(2.13192694529,2.33196374185,0.865000000003)) ;
#14999=CARTESIAN_POINT('Vertex',(2.11071374185,2.35317694529,0.865000000003)) ;
#15002=CARTESIAN_POINT('Axis2P3D Location',(2.12132034357,2.34257034357,0.865000000003)) ;
#15011=CARTESIAN_POINT('Axis2P3D Location',(2.27776771891,1.96487296823,0.865000000003)) ;
#15015=CARTESIAN_POINT('Vertex',(2.26716111719,1.97547956995,0.865000000003)) ;
#15017=CARTESIAN_POINT('Vertex',(2.28837432062,1.95426636651,0.865000000003)) ;
#15020=CARTESIAN_POINT('Axis2P3D Location',(2.27776771891,1.96487296823,0.865000000003)) ;
#15029=CARTESIAN_POINT('Axis2P3D Location',(2.12132034357,1.90007034357,0.865000000003)) ;
#15033=CARTESIAN_POINT('Vertex',(2.11071374185,1.91067694529,0.865000000003)) ;
#15035=CARTESIAN_POINT('Vertex',(2.13192694529,1.88946374185,0.865000000003)) ;
#15038=CARTESIAN_POINT('Axis2P3D Location',(2.12132034357,1.90007034357,0.865000000003)) ;
#15047=CARTESIAN_POINT('Axis2P3D Location',(2.34257034357,2.12132034357,0.865000000003)) ;
#15051=CARTESIAN_POINT('Vertex',(2.33196374185,2.13192694529,0.865000000003)) ;
#15053=CARTESIAN_POINT('Vertex',(2.35317694529,2.11071374185,0.865000000003)) ;
#15056=CARTESIAN_POINT('Axis2P3D Location',(2.34257034357,2.12132034357,0.865000000003)) ;
#15073=CARTESIAN_POINT('Axis2P3D Location',(2.12132034357,2.12132034357,0.880000000004)) ;
#15078=CARTESIAN_POINT('Line Origine',(2.29632927191,1.94631141522,0.872500000003)) ;
#15083=CARTESIAN_POINT('Line Origine',(1.94631141522,2.29632927191,0.872500000003)) ;
#15116=CARTESIAN_POINT('Axis2P3D Location',(2.12132034357,2.12132034357,0.880000000004)) ;
#15121=CARTESIAN_POINT('Line Origine',(2.2592061659,1.98343452124,0.872500000003)) ;
#15126=CARTESIAN_POINT('Line Origine',(1.98343452124,2.2592061659,0.872500000003)) ;
#15159=CARTESIAN_POINT('Axis2P3D Location',(1.96487296823,1.96487296823,0.880000000004)) ;
#15164=CARTESIAN_POINT('Line Origine',(1.97547956995,1.95426636651,0.872500000003)) ;
#15169=CARTESIAN_POINT('Line Origine',(1.95426636651,1.97547956995,0.872500000003)) ;
#15202=CARTESIAN_POINT('Axis2P3D Location',(1.96487296823,2.27776771891,0.880000000004)) ;
#15207=CARTESIAN_POINT('Line Origine',(1.97547956995,2.26716111719,0.872500000003)) ;
#15212=CARTESIAN_POINT('Line Origine',(1.95426636651,2.28837432062,0.872500000003)) ;
#15245=CARTESIAN_POINT('Axis2P3D Location',(1.90007034357,2.12132034357,0.880000000004)) ;
#15250=CARTESIAN_POINT('Line Origine',(1.91067694529,2.11071374185,0.872500000003)) ;
#15255=CARTESIAN_POINT('Line Origine',(1.88946374185,2.13192694529,0.872500000003)) ;
#15288=CARTESIAN_POINT('Axis2P3D Location',(2.27776771891,2.27776771891,0.880000000004)) ;
#15293=CARTESIAN_POINT('Line Origine',(2.28837432062,2.26716111719,0.872500000003)) ;
#15298=CARTESIAN_POINT('Line Origine',(2.26716111719,2.28837432062,0.872500000003)) ;
#15331=CARTESIAN_POINT('Axis2P3D Location',(2.12132034357,2.34257034357,0.880000000004)) ;
#15336=CARTESIAN_POINT('Line Origine',(2.13192694529,2.33196374185,0.872500000003)) ;
#15341=CARTESIAN_POINT('Line Origine',(2.11071374185,2.35317694529,0.872500000003)) ;
#15374=CARTESIAN_POINT('Axis2P3D Location',(2.27776771891,1.96487296823,0.880000000004)) ;
#15379=CARTESIAN_POINT('Line Origine',(2.26716111719,1.97547956995,0.872500000003)) ;
#15384=CARTESIAN_POINT('Line Origine',(2.28837432062,1.95426636651,0.872500000003)) ;
#15417=CARTESIAN_POINT('Axis2P3D Location',(2.12132034357,1.90007034357,0.880000000004)) ;
#15422=CARTESIAN_POINT('Line Origine',(2.11071374185,1.91067694529,0.872500000003)) ;
#15427=CARTESIAN_POINT('Line Origine',(2.13192694529,1.88946374185,0.872500000003)) ;
#15460=CARTESIAN_POINT('Axis2P3D Location',(2.34257034357,2.12132034357,0.880000000004)) ;
#15465=CARTESIAN_POINT('Line Origine',(2.33196374185,2.13192694529,0.872500000003)) ;
#15470=CARTESIAN_POINT('Line Origine',(2.35317694529,2.11071374185,0.872500000003)) ;
#36=DIRECTION('Axis2P3D Direction',(0.,-0.,-0.0393700787402)) ;
#37=DIRECTION('Axis2P3D XDirection',(0.0345504945626,-0.0188750212049,0.)) ;
#41=DIRECTION('Vector Direction',(0.,0.,-0.0393700787402)) ;
#50=DIRECTION('Axis2P3D Direction',(0.,-0.,-0.0393700787402)) ;
#57=DIRECTION('Vector Direction',(0.,0.,-0.0393700787402)) ;
#64=DIRECTION('Axis2P3D Direction',(0.,-0.,-0.0393700787402)) ;
#76=DIRECTION('Axis2P3D Direction',(0.,-0.,-0.0393700787402)) ;
#81=DIRECTION('Axis2P3D Direction',(0.,-0.,-0.0393700787402)) ;
#93=DIRECTION('Axis2P3D Direction',(0.,0.,-0.0393700787402)) ;
#94=DIRECTION('Axis2P3D XDirection',(0.0188750212049,0.0345504945626,0.)) ;
#98=DIRECTION('Axis2P3D Direction',(0.,0.,-0.0393700787402)) ;
#107=DIRECTION('Vector Direction',(0.,0.,-0.0393700787402)) ;
#114=DIRECTION('Axis2P3D Direction',(0.,0.,-0.0393700787402)) ;
#121=DIRECTION('Vector Direction',(0.,0.,-0.0393700787402)) ;
#133=DIRECTION('Axis2P3D Direction',(0.,0.,-0.0393700787402)) ;
#138=DIRECTION('Axis2P3D Direction',(0.,0.,-0.0393700787402)) ;
#150=DIRECTION('Axis2P3D Direction',(0.,0.,-0.0393700787402)) ;
#151=DIRECTION('Axis2P3D XDirection',(-0.0188750212049,-0.0345504945626,0.)) ;
#155=DIRECTION('Axis2P3D Direction',(0.,0.,-0.0393700787402)) ;
#164=DIRECTION('Axis2P3D Direction',(-0.0345504945626,0.0188750212049,0.)) ;
#171=DIRECTION('Axis2P3D Direction',(0.,0.,-0.0393700787402)) ;
#178=DIRECTION('Axis2P3D Direction',(0.0345504945626,-0.0188750212049,0.)) ;
#190=DIRECTION('Axis2P3D Direction',(0.,0.,-0.0393700787402)) ;
#195=DIRECTION('Axis2P3D Direction',(0.,0.,-0.0393700787402)) ;
#207=DIRECTION('Axis2P3D Direction',(0.,0.,-0.0393700787402)) ;
#208=DIRECTION('Axis2P3D XDirection',(-0.0188750212049,-0.0345504945626,0.)) ;
#212=DIRECTION('Vector Direction',(0.00467024059391,0.00854881806459,-0.0381458996814)) ;
#219=DIRECTION('Axis2P3D Direction',(0.,0.,-0.0393700787402)) ;
#226=DIRECTION('Vector Direction',(-0.00467024059391,-0.00854881806459,-0.0381458996814)) ;
#238=DIRECTION('Axis2P3D Direction',(0.,0.,-0.0393700787402)) ;
#250=DIRECTION('Axis2P3D Direction',(0.,0.,-0.0393700787402)) ;
#251=DIRECTION('Axis2P3D XDirection',(-0.0188750212049,-0.0345504945626,0.)) ;
#255=DIRECTION('Vector Direction',(0.,0.,-0.0393700787402)) ;
#262=DIRECTION('Vector Direction',(0.,0.,-0.0393700787402)) ;
#269=DIRECTION('Axis2P3D Direction',(0.,0.,-0.0393700787402)) ;
#276=DIRECTION('Axis2P3D Direction',(0.,0.,-0.0393700787402)) ;
#289=DIRECTION('Axis2P3D Direction',(0.,0.,-0.0393700787402)) ;
#296=DIRECTION('Axis2P3D Direction',(0.,0.,-0.0393700787402)) ;
#309=DIRECTION('Axis2P3D Direction',(-0.,-0.,-0.0393700787402)) ;
#310=DIRECTION('Axis2P3D XDirection',(-0.0188750212049,0.0345504945626,0.)) ;
#314=DIRECTION('Vector Direction',(0.014974561121,-0.02741075027,-0.023966985394)) ;
#321=DIRECTION('Axis2P3D Direction',(0.,0.,-0.0393700787402)) ;
#328=DIRECTION('Vector Direction',(-0.014974561121,0.02741075027,-0.023966985394)) ;
#341=DIRECTION('Axis2P3D Direction',(0.,0.,-0.0393700787402)) ;
#342=DIRECTION('Axis2P3D XDirection',(-0.0188750212049,-0.0345504945626,0.)) ;
#346=DIRECTION('Axis2P3D Direction',(0.,0.,-0.0393700787402)) ;
#355=DIRECTION('Vector Direction',(0.,0.,-0.0393700787402)) ;
#362=DIRECTION('Axis2P3D Direction',(0.,0.,-0.0393700787402)) ;
#369=DIRECTION('Vector Direction',(0.,0.,-0.0393700787402)) ;
#381=DIRECTION('Axis2P3D Direction',(0.,0.,-0.0393700787402)) ;
#386=DIRECTION('Axis2P3D Direction',(0.,0.,-0.0393700787402)) ;
#398=DIRECTION('Axis2P3D Direction',(0.,0.,-0.0393700787402)) ;
#399=DIRECTION('Axis2P3D XDirection',(0.0393700787402,0.,0.)) ;
#403=DIRECTION('Axis2P3D Direction',(0.,0.,-0.0393700787402)) ;
#412=DIRECTION('Axis2P3D Direction',(0.,0.,-0.0393700787402)) ;
#426=DIRECTION('Axis2P3D Direction',(0.,0.,-0.0393700787402)) ;
#427=DIRECTION('Axis2P3D XDirection',(0.0393700787402,0.,0.)) ;
#431=DIRECTION('Axis2P3D Direction',(0.,0.,-0.0393700787402)) ;
#453=DIRECTION('Axis2P3D Direction',(0.,0.,-0.0393700787402)) ;
#454=DIRECTION('Axis2P3D XDirection',(0.0188750212049,0.0345504945626,0.)) ;
#458=DIRECTION('Vector Direction',(0.,0.,-0.0393700787402)) ;
#465=DIRECTION('Axis2P3D Direction',(0.,0.,-0.0393700787402)) ;
#472=DIRECTION('Vector Direction',(0.,0.,-0.0393700787402)) ;
#484=DIRECTION('Axis2P3D Direction',(0.,0.,-0.0393700787402)) ;
#496=DIRECTION('Axis2P3D Direction',(0.,0.,-0.0393700787402)) ;
#497=DIRECTION('Axis2P3D XDirection',(0.0393700787402,0.,0.)) ;
#513=DIRECTION('Axis2P3D Direction',(0.,0.,-0.0393700787402)) ;
#522=DIRECTION('Axis2P3D Direction',(0.,0.,-0.0393700787402)) ;
#531=DIRECTION('Axis2P3D Direction',(0.,0.,-0.0393700787402)) ;
#540=DIRECTION('Axis2P3D Direction',(0.,0.,-0.0393700787402)) ;
#549=DIRECTION('Axis2P3D Direction',(0.,0.,-0.0393700787402)) ;
#558=DIRECTION('Axis2P3D Direction',(0.,0.,-0.0393700787402)) ;
#568=DIRECTION('Axis2P3D Direction',(0.,0.,-0.0393700787402)) ;
#569=DIRECTION('Axis2P3D XDirection',(0.0188750212049,0.0345504945626,0.)) ;
#573=DIRECTION('Vector Direction',(0.,0.,-0.0393700787402)) ;
#580=DIRECTION('Vector Direction',(0.,0.,-0.0393700787402)) ;
#587=DIRECTION('Axis2P3D Direction',(0.,0.,-0.0393700787402)) ;
#599=DIRECTION('Axis2P3D Direction',(0.,0.,-0.0393700787402)) ;
#611=DIRECTION('Axis2P3D Direction',(-0.,0.,-0.0393700787402)) ;
#612=DIRECTION('Axis2P3D XDirection',(-0.0345504945626,0.0188750212049,0.)) ;
#616=DIRECTION('Vector Direction',(0.,0.,-0.0393700787402)) ;
#623=DIRECTION('Vector Direction',(0.,0.,-0.0393700787402)) ;
#630=DIRECTION('Axis2P3D Direction',(-0.,0.,-0.0393700787402)) ;
#642=DIRECTION('Axis2P3D Direction',(-0.,0.,-0.0393700787402)) ;
#654=DIRECTION('Axis2P3D Direction',(0.,-0.,-0.0393700787402)) ;
#655=DIRECTION('Axis2P3D XDirection',(-0.0188750212049,-0.0345504945626,0.)) ;
#659=DIRECTION('Vector Direction',(0.,0.,-0.0393700787402)) ;
#666=DIRECTION('Vector Direction',(0.,0.,-0.0393700787402)) ;
#673=DIRECTION('Axis2P3D Direction',(0.,-0.,-0.0393700787402)) ;
#685=DIRECTION('Axis2P3D Direction',(0.,-0.,-0.0393700787402)) ;
#697=DIRECTION('Axis2P3D Direction',(0.,0.,-0.0393700787402)) ;
#698=DIRECTION('Axis2P3D XDirection',(0.0393700787402,0.,0.)) ;
#726=DIRECTION('Axis2P3D Direction',(0.,0.,-0.0393700787402)) ;
#735=DIRECTION('Axis2P3D Direction',(0.,0.,-0.0393700787402)) ;
#745=DIRECTION('Axis2P3D Direction',(0.,0.,-0.0393700787402)) ;
#754=DIRECTION('Axis2P3D Direction',(0.,0.,-0.0393700787402)) ;
#763=DIRECTION('Vector Direction',(0.0379174461266,0.0105957717624,0.)) ;
#772=DIRECTION('Vector Direction',(0.0376257222597,0.0115891382098,0.)) ;
#779=DIRECTION('Vector Direction',(0.0373295907993,0.0125101858803,0.)) ;
#786=DIRECTION('Vector Direction',(0.0370273104956,0.0133783921856,0.)) ;
#793=DIRECTION('Vector Direction',(0.0367155345533,0.0142117072328,0.)) ;
#800=DIRECTION('Vector Direction',(0.0364131116844,0.0149695824079,0.)) ;
#807=DIRECTION('Vector Direction',(0.0361204909903,0.0156624784318,0.)) ;
#814=DIRECTION('Vector Direction',(0.0358338959553,0.0163075136263,0.)) ;
#821=DIRECTION('Vector Direction',(0.0355540912794,0.016908864341,0.)) ;
#828=DIRECTION('Vector Direction',(0.0352696643756,0.0174943955265,0.)) ;
#835=DIRECTION('Vector Direction',(0.0350129137933,0.0180027488932,0.)) ;
#842=DIRECTION('Vector Direction',(-1.82016063786E-005,-0.0393700745327,0.)) ;
#849=DIRECTION('Vector Direction',(-0.0195021620273,-0.0342004207031,0.)) ;
#856=DIRECTION('Vector Direction',(-0.0181522968301,-0.0349356153488,0.)) ;
#863=DIRECTION('Vector Direction',(-0.0166531498435,-0.0356745805903,0.)) ;
#870=DIRECTION('Vector Direction',(-0.0148920941037,-0.036444871151,0.)) ;
#877=DIRECTION('Vector Direction',(-0.0128913904864,-0.037199666011,0.)) ;
#884=DIRECTION('Vector Direction',(-0.0106037828047,-0.0379152065831,0.)) ;
#891=DIRECTION('Vector Direction',(-0.00803816677097,-0.0385407702955,0.)) ;
#898=DIRECTION('Vector Direction',(-0.00504533903223,-0.0390454562537,0.)) ;
#905=DIRECTION('Vector Direction',(-0.00177821357671,-0.0393299002857,0.)) ;
#912=DIRECTION('Vector Direction',(0.0018856274358,-0.0393248968108,0.)) ;
#919=DIRECTION('Vector Direction',(0.00575267357515,-0.0389475268373,0.)) ;
#926=DIRECTION('Vector Direction',(0.00946705292278,-0.0382148925023,0.)) ;
#933=DIRECTION('Vector Direction',(0.0128034355598,-0.0372300300547,0.)) ;
#940=DIRECTION('Vector Direction',(0.0158278857883,-0.0360483166248,0.)) ;
#947=DIRECTION('Vector Direction',(0.0184530057812,-0.0347777181201,0.)) ;
#954=DIRECTION('Vector Direction',(0.020750149423,-0.033457949712,0.)) ;
#961=DIRECTION('Vector Direction',(0.0227595143433,-0.0321248752038,0.)) ;
#968=DIRECTION('Vector Direction',(0.0244990572016,-0.030818813998,0.)) ;
#975=DIRECTION('Vector Direction',(0.0259576033779,-0.0296007757818,0.)) ;
#982=DIRECTION('Vector Direction',(0.02725640644,-0.0284093542338,0.)) ;
#989=DIRECTION('Vector Direction',(0.0280950189902,-0.0275803010852,0.)) ;
#996=DIRECTION('Vector Direction',(0.0285791241342,-0.0270783449223,0.)) ;
#1003=DIRECTION('Vector Direction',(0.0290333762135,-0.0265907157793,0.)) ;
#1010=DIRECTION('Vector Direction',(0.0295186765341,-0.0260509277317,0.)) ;
#1017=DIRECTION('Vector Direction',(0.0299733326733,-0.0255265044309,0.)) ;
#1024=DIRECTION('Vector Direction',(0.0281452081261,0.0275290820687,0.)) ;
#1031=DIRECTION('Vector Direction',(-0.00155741946832,0.0393392621258,0.)) ;
#1038=DIRECTION('Vector Direction',(0.027838849653,-0.027838849653,0.)) ;
#1045=DIRECTION('Vector Direction',(-0.0392136239816,0.00350639333752,0.)) ;
#1052=DIRECTION('Vector Direction',(-0.027838849653,-0.027838849653,0.)) ;
#1059=DIRECTION('Vector Direction',(0.02743906109,-0.0282329776415,0.)) ;
#1066=DIRECTION('Vector Direction',(0.0284118732681,-0.0272537806076,0.)) ;
#1073=DIRECTION('Vector Direction',(0.0295629595591,-0.0260006638783,0.)) ;
#1080=DIRECTION('Vector Direction',(0.030833940663,-0.0244800164051,0.)) ;
#1087=DIRECTION('Vector Direction',(0.0321769147454,-0.0226858823384,0.)) ;
#1094=DIRECTION('Vector Direction',(0.0335535167907,-0.0205952570021,0.)) ;
#1101=DIRECTION('Vector Direction',(0.034942642951,-0.0181387652172,0.)) ;
#1108=DIRECTION('Vector Direction',(0.0363036666714,-0.0152330852495,0.)) ;
#1115=DIRECTION('Vector Direction',(0.0380870118469,-0.00996908363787,0.)) ;
#1122=DIRECTION('Vector Direction',(0.0393442332074,-0.00142632861728,0.)) ;
#1129=DIRECTION('Vector Direction',(0.0387212375328,0.00711820651109,0.)) ;
#1136=DIRECTION('Vector Direction',(0.0368103078967,0.0139643951734,0.)) ;
#1143=DIRECTION('Vector Direction',(0.0350440117844,0.0179421386145,0.)) ;
#1150=DIRECTION('Vector Direction',(0.0338413762211,0.0201187563102,0.)) ;
#1157=DIRECTION('Vector Direction',(0.032642993474,0.0220099540449,0.)) ;
#1164=DIRECTION('Vector Direction',(0.0315108854384,0.0236022710538,0.)) ;
#1171=DIRECTION('Vector Direction',(0.030441329112,0.024966549259,0.)) ;
#1178=DIRECTION('Vector Direction',(0.027838849653,-0.027838849653,0.)) ;
#1185=DIRECTION('Vector Direction',(-0.0308202354924,-0.0244972689131,0.)) ;
#1192=DIRECTION('Vector Direction',(-0.0318221628083,-0.0231808769076,0.)) ;
#1199=DIRECTION('Vector Direction',(-0.0329297341037,-0.0215785938343,0.)) ;
#1206=DIRECTION('Vector Direction',(-0.0340524793362,-0.0197593459168,0.)) ;
#1213=DIRECTION('Vector Direction',(-0.0352007417562,-0.0176326651366,0.)) ;
#1220=DIRECTION('Vector Direction',(-0.0363551431506,-0.015109820201,0.)) ;
#1227=DIRECTION('Vector Direction',(-0.0374410361204,-0.0121725886415,0.)) ;
#1234=DIRECTION('Vector Direction',(-0.0383618580982,-0.00885273648409,0.)) ;
#1241=DIRECTION('Vector Direction',(-0.039045377661,-0.00504594721671,0.)) ;
#1248=DIRECTION('Vector Direction',(-0.0393438322434,0.00143734630687,0.)) ;
#1255=DIRECTION('Vector Direction',(-0.0385695082232,0.00789912244673,0.)) ;
#1262=DIRECTION('Vector Direction',(-0.0375968843449,0.0116823536823,0.)) ;
#1269=DIRECTION('Vector Direction',(-0.0363810270677,0.0150473907872,0.)) ;
#1276=DIRECTION('Vector Direction',(-0.0350387607326,0.0179523911035,0.)) ;
#1283=DIRECTION('Vector Direction',(-0.0336422121316,0.0204500528825,0.)) ;
#1290=DIRECTION('Vector Direction',(-0.0322405247462,0.0225953903285,0.)) ;
#1297=DIRECTION('Vector Direction',(-0.0309008962809,0.0243954444322,0.)) ;
#1304=DIRECTION('Vector Direction',(-0.029606124276,0.02595150295,0.)) ;
#1311=DIRECTION('Vector Direction',(-0.0284080401979,0.0272577759936,0.)) ;
#1318=DIRECTION('Vector Direction',(-0.0273717215221,0.0282982678078,0.)) ;
#1325=DIRECTION('Vector Direction',(-0.0332598984447,-0.0210661400227,0.)) ;
#1332=DIRECTION('Vector Direction',(0.0247146634326,-0.0306461826565,0.)) ;
#1339=DIRECTION('Vector Direction',(0.0253889742513,-0.030089916691,0.)) ;
#1346=DIRECTION('Vector Direction',(0.0260572909026,-0.0295130596656,0.)) ;
#1353=DIRECTION('Vector Direction',(0.0267629212092,-0.0288747146887,0.)) ;
#1360=DIRECTION('Vector Direction',(0.0274837252346,-0.028189500656,0.)) ;
#1367=DIRECTION('Vector Direction',(0.0284176822461,-0.0272477234969,0.)) ;
#1374=DIRECTION('Vector Direction',(0.029618909076,-0.0259369104781,0.)) ;
#1381=DIRECTION('Vector Direction',(0.0309274140008,-0.0243618177325,0.)) ;
#1388=DIRECTION('Vector Direction',(0.0322626793701,-0.0225637456967,0.)) ;
#1395=DIRECTION('Vector Direction',(0.033645975005,-0.0204438613273,0.)) ;
#1402=DIRECTION('Vector Direction',(0.0350561134414,-0.0179184823686,0.)) ;
#1409=DIRECTION('Vector Direction',(0.0363857482186,-0.0150359710886,0.)) ;
#1416=DIRECTION('Vector Direction',(0.0375884759611,-0.0117093797842,0.)) ;
#1423=DIRECTION('Vector Direction',(0.0385553488233,-0.00796794685735,0.)) ;
#1430=DIRECTION('Vector Direction',(0.039185025073,-0.00381272999776,0.)) ;
#1437=DIRECTION('Vector Direction',(0.0393652435349,0.000617010086758,0.)) ;
#1444=DIRECTION('Vector Direction',(0.0390697435807,0.00485368278189,0.)) ;
#1451=DIRECTION('Vector Direction',(0.0383727639142,0.00880534437643,0.)) ;
#1458=DIRECTION('Vector Direction',(0.0373674080285,0.0123967704359,0.)) ;
#1465=DIRECTION('Vector Direction',(0.0361889909452,0.0155035490895,0.)) ;
#1472=DIRECTION('Vector Direction',(0.0348970895833,0.0182262513596,0.)) ;
#1479=DIRECTION('Vector Direction',(0.0335550585025,0.020592745055,0.)) ;
#1486=DIRECTION('Vector Direction',(0.0322256138863,0.0226166511592,0.)) ;
#1493=DIRECTION('Vector Direction',(0.0309498379387,0.0243333234799,0.)) ;
#1500=DIRECTION('Vector Direction',(0.0297221984882,0.0258184820823,0.)) ;
#1507=DIRECTION('Vector Direction',(-0.00557084651491,-0.0389739498783,0.)) ;
#1514=DIRECTION('Vector Direction',(-0.0171540328958,-0.0354364537647,0.)) ;
#1521=DIRECTION('Vector Direction',(-0.0163655864547,-0.0358074109648,0.)) ;
#1528=DIRECTION('Vector Direction',(-0.0156441091462,-0.0361284506868,0.)) ;
#1535=DIRECTION('Vector Direction',(-0.0149434184606,-0.0364238568073,0.)) ;
#1542=DIRECTION('Vector Direction',(-0.0142766177148,-0.036690343234,0.)) ;
#1549=DIRECTION('Vector Direction',(-0.0136480630255,-0.0369287621734,0.)) ;
#1556=DIRECTION('Vector Direction',(-0.0130439528926,-0.0371464452262,0.)) ;
#1563=DIRECTION('Vector Direction',(-0.012481084441,-0.0373393308882,0.)) ;
#1570=DIRECTION('Vector Direction',(-0.011926286385,-0.0375202184571,0.)) ;
#1577=DIRECTION('Vector Direction',(-0.028070547133,0.0276052075461,0.)) ;
#1584=DIRECTION('Vector Direction',(0.0376004823821,0.0116707679542,0.)) ;
#1709=DIRECTION('Vector Direction',(0.0385937596376,0.00777976972928,0.)) ;
#1718=DIRECTION('Vector Direction',(0.0382267630596,0.00941900663495,0.)) ;
#1725=DIRECTION('Vector Direction',(0.0378572529026,0.0108088622286,0.)) ;
#1732=DIRECTION('Vector Direction',(0.0374893294291,0.0120230311886,0.)) ;
#1739=DIRECTION('Vector Direction',(0.0371454564603,0.0130467683493,0.)) ;
#1746=DIRECTION('Vector Direction',(0.0368148670311,0.0139523713214,0.)) ;
#1753=DIRECTION('Vector Direction',(0.0364964911265,0.0147651358091,0.)) ;
#1760=DIRECTION('Vector Direction',(0.0362096133393,0.0154553227668,0.)) ;
#1767=DIRECTION('Vector Direction',(0.0359365658643,0.0160799979443,0.)) ;
#1774=DIRECTION('Vector Direction',(0.0172015921217,-0.035413391937,0.)) ;
#1781=DIRECTION('Vector Direction',(-0.0356416857993,-0.0167234366502,0.)) ;
#1788=DIRECTION('Vector Direction',(-0.0360408172872,-0.0158449546948,0.)) ;
#1795=DIRECTION('Vector Direction',(-0.0363814615448,-0.0150463402815,0.)) ;
#1802=DIRECTION('Vector Direction',(-0.0367358291694,-0.0141591650618,0.)) ;
#1809=DIRECTION('Vector Direction',(-0.0371114600466,-0.0131431591795,0.)) ;
#1816=DIRECTION('Vector Direction',(-0.0375228097517,-0.0119181310761,0.)) ;
#1823=DIRECTION('Vector Direction',(-0.0379353151848,-0.0105316172469,0.)) ;
#1830=DIRECTION('Vector Direction',(-0.0383564556564,-0.00887611454873,0.)) ;
#1837=DIRECTION('Vector Direction',(-0.0387623641182,-0.00689073493723,0.)) ;
#1844=DIRECTION('Vector Direction',(-0.0391133886428,-0.00448842164758,0.)) ;
#1851=DIRECTION('Vector Direction',(-0.0106893290252,0.0378911776671,0.)) ;
#1858=DIRECTION('Vector Direction',(0.0389343807036,0.00584098444048,0.)) ;
#1887=DIRECTION('Vector Direction',(0.0116998124019,-0.03759145501,0.)) ;
#1896=DIRECTION('Vector Direction',(0.0139831082434,-0.0368032034456,0.)) ;
#1903=DIRECTION('Vector Direction',(0.0162092580615,-0.0358784483096,0.)) ;
#1910=DIRECTION('Vector Direction',(0.0183596073334,-0.0348271147035,0.)) ;
#1917=DIRECTION('Vector Direction',(0.020358257018,-0.0336978407497,0.)) ;
#1924=DIRECTION('Vector Direction',(0.022275108082,-0.0324626348274,0.)) ;
#1931=DIRECTION('Vector Direction',(0.0240360019134,-0.0311813038859,0.)) ;
#1938=DIRECTION('Vector Direction',(0.0256424830601,-0.0298741721646,0.)) ;
#1945=DIRECTION('Vector Direction',(0.0271470377238,-0.0285138815812,0.)) ;
#1952=DIRECTION('Vector Direction',(0.0283856209621,-0.027281122092,0.)) ;
#1959=DIRECTION('Vector Direction',(0.0293542659184,-0.0262360471946,0.)) ;
#1966=DIRECTION('Vector Direction',(0.0302599331789,-0.0251860982293,0.)) ;
#1973=DIRECTION('Vector Direction',(0.0278660957834,0.0278115768305,0.)) ;
#1980=DIRECTION('Vector Direction',(0.00327872043356,0.0392333161016,0.)) ;
#1987=DIRECTION('Vector Direction',(0.027838849653,-0.027838849653,0.)) ;
#1994=DIRECTION('Vector Direction',(-0.00313438489899,-0.0392451109224,0.)) ;
#2001=DIRECTION('Vector Direction',(-0.027838849653,0.027838849653,0.)) ;
#2008=DIRECTION('Vector Direction',(-0.00260247987999,-0.0392839687211,0.)) ;
#2015=DIRECTION('Vector Direction',(-0.027838849653,-0.027838849653,0.)) ;
#2022=DIRECTION('Vector Direction',(-0.0283487440406,0.0273194401723,0.)) ;
#2029=DIRECTION('Vector Direction',(-0.0275917737623,0.0280837518977,0.)) ;
#2036=DIRECTION('Vector Direction',(-0.027110392559,0.0285487252833,0.)) ;
#2043=DIRECTION('Vector Direction',(-0.0265051803199,0.0291114842668,0.)) ;
#2050=DIRECTION('Vector Direction',(-0.0258245403464,0.0297169348336,0.)) ;
#2057=DIRECTION('Vector Direction',(-0.0249977478842,0.0304157147002,0.)) ;
#2064=DIRECTION('Vector Direction',(-0.0234862376981,0.0315974641197,0.)) ;
#2071=DIRECTION('Vector Direction',(-0.0205852058336,0.0335596841582,0.)) ;
#2078=DIRECTION('Vector Direction',(-0.0160320773102,0.0359579698694,0.)) ;
#2085=DIRECTION('Vector Direction',(-0.00992590404665,0.0380982877419,0.)) ;
#2092=DIRECTION('Vector Direction',(-0.00346756806773,0.0392170762768,0.)) ;
#2099=DIRECTION('Vector Direction',(0.00271614186722,0.0392762736695,0.)) ;
#2106=DIRECTION('Vector Direction',(0.00833804092701,0.0384770083752,0.)) ;
#2113=DIRECTION('Vector Direction',(0.0119864575233,0.0375010391329,0.)) ;
#2120=DIRECTION('Vector Direction',(0.00936003990934,-0.0382412441338,0.)) ;
#2161=DIRECTION('Vector Direction',(0.0389759262971,0.0055570018253,0.)) ;
#2170=DIRECTION('Vector Direction',(0.0389303365737,0.00586787817373,0.)) ;
#2177=DIRECTION('Vector Direction',(0.0388806628021,0.00618846993017,0.)) ;
#2184=DIRECTION('Vector Direction',(0.0388190581763,0.00656382680375,0.)) ;
#2191=DIRECTION('Vector Direction',(0.0387491263607,0.0069647904701,0.)) ;
#2198=DIRECTION('Vector Direction',(0.0386556607407,0.00746612300383,0.)) ;
#2205=DIRECTION('Vector Direction',(0.0385544902972,0.00797209996972,0.)) ;
#2212=DIRECTION('Vector Direction',(0.0383449025985,0.00892589181632,0.)) ;
#2219=DIRECTION('Vector Direction',(0.0379126780198,0.0106128198597,0.)) ;
#2226=DIRECTION('Vector Direction',(0.0373850208904,0.012343553501,0.)) ;
#2233=DIRECTION('Vector Direction',(0.0370474622058,0.0133224864089,0.)) ;
#2240=DIRECTION('Vector Direction',(0.0368703038807,0.0138052088629,0.)) ;
#2247=DIRECTION('Vector Direction',(0.0366909808267,0.0142749790186,0.)) ;
#2254=DIRECTION('Vector Direction',(0.0365396159687,0.0146580887181,0.)) ;
#2261=DIRECTION('Vector Direction',(0.0364030041369,0.0149941451846,0.)) ;
#2268=DIRECTION('Vector Direction',(0.0362792109883,0.0152912376893,0.)) ;
#2275=DIRECTION('Vector Direction',(0.0361629297921,0.0155642413518,0.)) ;
#2282=DIRECTION('Vector Direction',(0.0361886661593,0.0155043071956,0.)) ;
#2289=DIRECTION('Vector Direction',(-0.0123867769362,-0.0373707219242,0.)) ;
#2296=DIRECTION('Vector Direction',(-0.0112373260543,-0.0377322886022,0.)) ;
#2303=DIRECTION('Vector Direction',(-0.00995058455327,-0.0380918490895,0.)) ;
#2310=DIRECTION('Vector Direction',(-0.008464881598,-0.0384493027185,0.)) ;
#2317=DIRECTION('Vector Direction',(-0.00673709967896,-0.038789361788,0.)) ;
#2324=DIRECTION('Vector Direction',(-0.00472818707949,-0.0390851294861,0.)) ;
#2331=DIRECTION('Vector Direction',(-0.00243869622131,-0.0392944762116,0.)) ;
#2338=DIRECTION('Vector Direction',(0.000275308504464,-0.0393691161348,0.)) ;
#2345=DIRECTION('Vector Direction',(0.0034037145037,-0.0392226698171,0.)) ;
#2352=DIRECTION('Vector Direction',(0.00697357612108,-0.0387475461944,0.)) ;
#2359=DIRECTION('Vector Direction',(0.0109680191965,-0.037811448728,0.)) ;
#2366=DIRECTION('Vector Direction',(0.0143430027633,-0.0366644428805,0.)) ;
#2373=DIRECTION('Vector Direction',(0.0172097081746,-0.0354094485209,0.)) ;
#2380=DIRECTION('Vector Direction',(0.019545632018,-0.0341755961034,0.)) ;
#2387=DIRECTION('Vector Direction',(0.0214823090337,-0.032992627943,0.)) ;
#2394=DIRECTION('Vector Direction',(0.0231313156332,-0.0318582067462,0.)) ;
#2401=DIRECTION('Vector Direction',(0.0244829820723,-0.0308315858959,0.)) ;
#2408=DIRECTION('Vector Direction',(0.0256398743027,-0.0298764111926,0.)) ;
#2415=DIRECTION('Vector Direction',(0.0266120811695,-0.029013793889,0.)) ;
#2422=DIRECTION('Vector Direction',(0.0274596081576,-0.028212993812,0.)) ;
#2429=DIRECTION('Vector Direction',(0.0283221919787,-0.027346965856,0.)) ;
#2436=DIRECTION('Vector Direction',(0.0275508017084,-0.02812394754,0.)) ;
#2443=DIRECTION('Vector Direction',(0.0270777181777,-0.0285797179534,0.)) ;
#2450=DIRECTION('Vector Direction',(0.027838849653,0.027838849653,0.)) ;
#2457=DIRECTION('Vector Direction',(-0.027838849653,0.027838849653,0.)) ;
#2464=DIRECTION('Vector Direction',(-0.027838849653,-0.027838849653,0.)) ;
#2471=DIRECTION('Vector Direction',(-0.0287803760227,0.0268643454415,0.)) ;
#2478=DIRECTION('Vector Direction',(-0.0290109767097,0.02661515227,0.)) ;
#2485=DIRECTION('Vector Direction',(-0.0287378187478,0.0269098657303,0.)) ;
#2492=DIRECTION('Vector Direction',(-0.0284603061675,0.0272031996805,0.)) ;
#2499=DIRECTION('Vector Direction',(-0.0282075270908,0.0274652237462,0.)) ;
#2506=DIRECTION('Vector Direction',(-0.0279502037109,0.0277270483919,0.)) ;
#2513=DIRECTION('Vector Direction',(-0.0270817409957,0.0285759060162,0.)) ;
#2520=DIRECTION('Vector Direction',(-0.0253000976265,0.030164683988,0.)) ;
#2527=DIRECTION('Vector Direction',(-0.0230982191506,0.0318822109032,0.)) ;
#2534=DIRECTION('Vector Direction',(-0.0203619264167,0.0336956236418,0.)) ;
#2541=DIRECTION('Vector Direction',(-0.0169902478555,0.0355152724587,0.)) ;
#2548=DIRECTION('Vector Direction',(-0.0128490100912,0.0372143257319,0.)) ;
#2555=DIRECTION('Vector Direction',(-0.00791080732396,0.0385671132896,0.)) ;
#2562=DIRECTION('Vector Direction',(-0.00227779799087,0.0393041312882,0.)) ;
#2569=DIRECTION('Vector Direction',(0.0038568252302,0.0391807095284,0.)) ;
#2576=DIRECTION('Vector Direction',(0.0100389900934,0.0380686456012,0.)) ;
#2583=DIRECTION('Vector Direction',(0.00246849395604,-0.0392926155606,0.)) ;
#2590=DIRECTION('Vector Direction',(0.00596042212743,-0.0389162751053,0.)) ;
#2597=DIRECTION('Vector Direction',(0.00966950193751,-0.0381641694825,0.)) ;
#2604=DIRECTION('Vector Direction',(0.0134480619222,-0.0370020638687,0.)) ;
#2611=DIRECTION('Vector Direction',(0.0172322103644,-0.0353985031599,0.)) ;
#2618=DIRECTION('Vector Direction',(0.020799759519,-0.0334271312553,0.)) ;
#2625=DIRECTION('Vector Direction',(0.0227897799576,-0.032103411493,0.)) ;
#2632=DIRECTION('Vector Direction',(0.0238759518081,-0.0313040257038,0.)) ;
#2639=DIRECTION('Vector Direction',(0.0247470719879,-0.0306200184198,0.)) ;
#2646=DIRECTION('Vector Direction',(0.0255076944118,-0.0299893418701,0.)) ;
#2653=DIRECTION('Vector Direction',(0.02614020579,-0.0294396457394,0.)) ;
#2660=DIRECTION('Vector Direction',(0.0267269629962,-0.0289080014703,0.)) ;
#2667=DIRECTION('Vector Direction',(0.0272039859874,-0.0284595545714,0.)) ;
#2674=DIRECTION('Vector Direction',(0.0276398898711,-0.0280363975561,0.)) ;
#2681=DIRECTION('Vector Direction',(0.0281579487714,-0.0275160502433,0.)) ;
#2688=DIRECTION('Vector Direction',(0.0286675675453,-0.026984693273,0.)) ;
#2695=DIRECTION('Vector Direction',(0.0291062053649,-0.0265109771465,0.)) ;
#2702=DIRECTION('Vector Direction',(0.0294743436357,-0.0261010759788,0.)) ;
#2709=DIRECTION('Vector Direction',(0.0297863916281,-0.0257443969396,0.)) ;
#2716=DIRECTION('Vector Direction',(0.027838849653,0.027838849653,0.)) ;
#2723=DIRECTION('Vector Direction',(-0.027838849653,0.027838849653,0.)) ;
#2730=DIRECTION('Vector Direction',(-0.0393553541652,-0.00107666082929,0.)) ;
#2737=DIRECTION('Vector Direction',(0.027838849653,0.027838849653,0.)) ;
#2744=DIRECTION('Vector Direction',(0.000235392376867,-0.0393693750323,0.)) ;
#2751=DIRECTION('Vector Direction',(0.027838849653,-0.027838849653,0.)) ;
#2758=DIRECTION('Vector Direction',(0.027838849653,0.027838849653,0.)) ;
#2765=DIRECTION('Vector Direction',(0.000302626185796,0.0393689156239,0.)) ;
#2772=DIRECTION('Vector Direction',(0.027838849653,-0.027838849653,0.)) ;
#2779=DIRECTION('Vector Direction',(-0.0391225956339,0.00440744947498,0.)) ;
#2786=DIRECTION('Vector Direction',(-0.027838849653,-0.027838849653,0.)) ;
#2793=DIRECTION('Vector Direction',(0.0288835328917,-0.0267534040395,0.)) ;
#2800=DIRECTION('Vector Direction',(0.0308836741981,-0.0244172432521,0.)) ;
#2807=DIRECTION('Vector Direction',(0.0327699705935,-0.0218204520417,0.)) ;
#2814=DIRECTION('Vector Direction',(0.0344677182367,-0.0190257588432,0.)) ;
#2821=DIRECTION('Vector Direction',(0.0359255639572,-0.0161045631534,0.)) ;
#2828=DIRECTION('Vector Direction',(0.0371405588664,-0.0130607039282,0.)) ;
#2835=DIRECTION('Vector Direction',(0.0380717965686,-0.0100270337612,0.)) ;
#2842=DIRECTION('Vector Direction',(0.0387374609426,-0.00702938259926,0.)) ;
#2849=DIRECTION('Vector Direction',(0.0391567202633,-0.0040932087933,0.)) ;
#2856=DIRECTION('Vector Direction',(0.0393473133099,-0.00133866922567,0.)) ;
#2863=DIRECTION('Vector Direction',(-0.00196332786232,-0.0393210941317,0.)) ;
#2870=DIRECTION('Vector Direction',(-0.0393689812332,-0.000293967119996,0.)) ;
#2877=DIRECTION('Vector Direction',(-0.0392489078975,0.00308647515159,0.)) ;
#2884=DIRECTION('Vector Direction',(-0.0388210918905,0.00655178788059,0.)) ;
#2891=DIRECTION('Vector Direction',(-0.0380719836252,0.0100263234961,0.)) ;
#2898=DIRECTION('Vector Direction',(-0.0370160272423,0.0134095796802,0.)) ;
#2905=DIRECTION('Vector Direction',(-0.0357093281329,0.0165785097129,0.)) ;
#2912=DIRECTION('Vector Direction',(-0.0341467039528,0.019596063614,0.)) ;
#2919=DIRECTION('Vector Direction',(-0.032423380976,0.0223322069239,0.)) ;
#2926=DIRECTION('Vector Direction',(-0.030636796745,0.0247262974424,0.)) ;
#2933=DIRECTION('Vector Direction',(-0.0287660167726,0.0268797205908,0.)) ;
#2940=DIRECTION('Vector Direction',(-0.027838849653,-0.027838849653,0.)) ;
#2947=DIRECTION('Vector Direction',(0.0253588789919,-0.0301152844296,0.)) ;
#2954=DIRECTION('Vector Direction',(0.0264806411874,-0.0291338075492,0.)) ;
#2961=DIRECTION('Vector Direction',(0.0289703119901,-0.0266594096559,0.)) ;
#2968=DIRECTION('Vector Direction',(0.0311345398401,-0.0240965459963,0.)) ;
#2975=DIRECTION('Vector Direction',(0.0331504180948,-0.0212380055596,0.)) ;
#2982=DIRECTION('Vector Direction',(0.0349204882421,-0.0181813806116,0.)) ;
#2989=DIRECTION('Vector Direction',(0.0364343451262,-0.0149178281002,0.)) ;
#2996=DIRECTION('Vector Direction',(0.0376043143919,-0.0116584149489,0.)) ;
#3003=DIRECTION('Vector Direction',(0.0384821713481,-0.00831417995591,0.)) ;
#3010=DIRECTION('Vector Direction',(0.0390338442024,-0.0051344042295,0.)) ;
#3017=DIRECTION('Vector Direction',(0.0393162133246,-0.00205875443434,0.)) ;
#3024=DIRECTION('Vector Direction',(0.03936132701,0.000830081932963,0.)) ;
#3031=DIRECTION('Vector Direction',(-0.0143430978264,-0.036664405692,0.)) ;
#3038=DIRECTION('Vector Direction',(-0.0362682907068,-0.0153171207872,0.)) ;
#3045=DIRECTION('Vector Direction',(-0.0377645196296,-0.0111285289752,0.)) ;
#3052=DIRECTION('Vector Direction',(-0.0388411361971,-0.00643189232847,0.)) ;
#3059=DIRECTION('Vector Direction',(-0.0393474051563,-0.00133596686872,0.)) ;
#3066=DIRECTION('Vector Direction',(-0.0391823467365,0.00384015679683,0.)) ;
#3073=DIRECTION('Vector Direction',(-0.0383507156639,0.0089008824321,0.)) ;
#3080=DIRECTION('Vector Direction',(-0.0369587162003,0.0135667386217,0.)) ;
#3087=DIRECTION('Vector Direction',(-0.0351435703881,0.0177463393516,0.)) ;
#3094=DIRECTION('Vector Direction',(-0.0331203998093,0.0212847883823,0.)) ;
#3101=DIRECTION('Vector Direction',(-0.0309857719818,0.0242875489643,0.)) ;
#3108=DIRECTION('Vector Direction',(-0.027838849653,-0.027838849653,0.)) ;
#3115=DIRECTION('Vector Direction',(0.000895247999503,-0.039359898768,0.)) ;
#3122=DIRECTION('Vector Direction',(-0.027838849653,0.027838849653,0.)) ;
#3267=DIRECTION('Vector Direction',(0.0390747657958,0.00481308404322,0.)) ;
#3276=DIRECTION('Vector Direction',(0.0388920947227,0.00611621354178,0.)) ;
#3283=DIRECTION('Vector Direction',(0.0386419221055,0.00753690626201,0.)) ;
#3290=DIRECTION('Vector Direction',(0.0383099335874,0.00907480515137,0.)) ;
#3297=DIRECTION('Vector Direction',(0.0378836662122,0.010715919668,0.)) ;
#3304=DIRECTION('Vector Direction',(0.0373311160865,0.0125056336003,0.)) ;
#3311=DIRECTION('Vector Direction',(0.0366289981731,0.0144332807372,0.)) ;
#3318=DIRECTION('Vector Direction',(0.0357593700372,0.0164702930924,0.)) ;
#3325=DIRECTION('Vector Direction',(0.0346853280713,0.0186260869909,0.)) ;
#3332=DIRECTION('Vector Direction',(0.00770934093059,-0.0386078898986,0.)) ;
#3339=DIRECTION('Vector Direction',(-0.0342497873128,-0.0194153333485,0.)) ;
#3346=DIRECTION('Vector Direction',(-0.0354076730235,-0.01721336083,0.)) ;
#3353=DIRECTION('Vector Direction',(-0.0363942118188,-0.0150154735554,0.)) ;
#3360=DIRECTION('Vector Direction',(-0.0372064358193,-0.0128718387821,0.)) ;
#3367=DIRECTION('Vector Direction',(-0.0378626676665,-0.0107898793868,0.)) ;
#3374=DIRECTION('Vector Direction',(-0.0383817686716,-0.00876601013286,0.)) ;
#3381=DIRECTION('Vector Direction',(-0.0387691403544,-0.00685250729199,0.)) ;
#3388=DIRECTION('Vector Direction',(-0.0390454739995,-0.00504520169658,0.)) ;
#3395=DIRECTION('Vector Direction',(-0.0392312730845,-0.0033030761681,0.)) ;
#3402=DIRECTION('Vector Direction',(-0.0393333414885,-0.00170039623533,0.)) ;
#3409=DIRECTION('Vector Direction',(-0.00112262006293,0.0393540699827,0.)) ;
#3416=DIRECTION('Vector Direction',(0.0392048482781,0.0036031890736,0.)) ;
#3445=DIRECTION('Vector Direction',(0.0101978156978,-0.0380264073375,0.)) ;
#3454=DIRECTION('Vector Direction',(-0.027838849653,-0.027838849653,0.)) ;
#3461=DIRECTION('Vector Direction',(-0.0101978156979,0.0380264073375,0.)) ;
#3468=DIRECTION('Vector Direction',(0.027838849653,0.027838849653,0.)) ;
#3479=DIRECTION('Vector Direction',(0.027838849653,0.027838849653,0.)) ;
#3488=DIRECTION('Vector Direction',(0.00417373394538,0.0391482189245,0.)) ;
#3495=DIRECTION('Vector Direction',(0.027838849653,-0.027838849653,0.)) ;
#3502=DIRECTION('Vector Direction',(-0.00152157812306,-0.0393406647125,0.)) ;
#3509=DIRECTION('Vector Direction',(-0.027838849653,0.027838849653,0.)) ;
#3516=DIRECTION('Vector Direction',(-0.00410958276965,-0.0391550051649,0.)) ;
#3523=DIRECTION('Vector Direction',(-0.027838849653,-0.027838849653,0.)) ;
#3530=DIRECTION('Vector Direction',(-0.027838849653,0.027838849653,0.)) ;
#3537=DIRECTION('Vector Direction',(-0.00140309308831,0.0393450686845,0.)) ;
#3544=DIRECTION('Vector Direction',(0.027838849653,-0.027838849653,0.)) ;
#3562=DIRECTION('Axis2P3D Direction',(0.,0.,-0.0393700787402)) ;
#3571=DIRECTION('Axis2P3D Direction',(0.,0.,-0.0393700787402)) ;
#3581=DIRECTION('Axis2P3D Direction',(0.,0.,-0.0393700787402)) ;
#3590=DIRECTION('Axis2P3D Direction',(0.,0.,-0.0393700787402)) ;
#3600=DIRECTION('Axis2P3D Direction',(0.,0.,-0.0393700787402)) ;
#3609=DIRECTION('Axis2P3D Direction',(0.,0.,-0.0393700787402)) ;
#3619=DIRECTION('Axis2P3D Direction',(0.,0.,-0.0393700787402)) ;
#3628=DIRECTION('Axis2P3D Direction',(0.,0.,-0.0393700787402)) ;
#3638=DIRECTION('Axis2P3D Direction',(0.,0.,-0.0393700787402)) ;
#3647=DIRECTION('Axis2P3D Direction',(0.,0.,-0.0393700787402)) ;
#3657=DIRECTION('Axis2P3D Direction',(0.,0.,-0.0393700787402)) ;
#3666=DIRECTION('Axis2P3D Direction',(0.,0.,-0.0393700787402)) ;
#3676=DIRECTION('Axis2P3D Direction',(0.,0.,-0.0393700787402)) ;
#3685=DIRECTION('Axis2P3D Direction',(0.,0.,-0.0393700787402)) ;
#3695=DIRECTION('Axis2P3D Direction',(0.,0.,-0.0393700787402)) ;
#3704=DIRECTION('Axis2P3D Direction',(0.,0.,-0.0393700787402)) ;
#3714=DIRECTION('Axis2P3D Direction',(0.,-0.,0.0393700787402)) ;
#3715=DIRECTION('Axis2P3D XDirection',(0.027838849653,0.027838849653,0.)) ;
#3719=DIRECTION('Vector Direction',(0.000895247999503,-0.039359898768,0.)) ;
#3728=DIRECTION('Vector Direction',(-0.027838849653,-0.027838849653,0.)) ;
#3735=DIRECTION('Vector Direction',(-0.0309857719818,0.0242875489644,0.)) ;
#3742=DIRECTION('Vector Direction',(-0.0331203998093,0.0212847883823,0.)) ;
#3749=DIRECTION('Vector Direction',(-0.0351435703881,0.0177463393516,0.)) ;
#3756=DIRECTION('Vector Direction',(-0.0369587162004,0.0135667386216,0.)) ;
#3763=DIRECTION('Vector Direction',(-0.0383507156639,0.0089008824321,0.)) ;
#3770=DIRECTION('Vector Direction',(-0.0391823467365,0.00384015679682,0.)) ;
#3777=DIRECTION('Vector Direction',(-0.0393474051563,-0.00133596686872,0.)) ;
#3784=DIRECTION('Vector Direction',(-0.0388411361971,-0.00643189232846,0.)) ;
#3791=DIRECTION('Vector Direction',(-0.0377645196296,-0.0111285289752,0.)) ;
#3798=DIRECTION('Vector Direction',(-0.0362682907068,-0.0153171207872,0.)) ;
#3805=DIRECTION('Vector Direction',(-0.0143430978264,-0.036664405692,0.)) ;
#3812=DIRECTION('Vector Direction',(0.03936132701,0.000830081932969,0.)) ;
#3819=DIRECTION('Vector Direction',(0.0393162133246,-0.00205875443435,0.)) ;
#3826=DIRECTION('Vector Direction',(0.0390338442024,-0.00513440422951,0.)) ;
#3833=DIRECTION('Vector Direction',(0.0384821713481,-0.00831417995592,0.)) ;
#3840=DIRECTION('Vector Direction',(0.0376043143919,-0.0116584149489,0.)) ;
#3847=DIRECTION('Vector Direction',(0.0364343451262,-0.0149178281002,0.)) ;
#3854=DIRECTION('Vector Direction',(0.0349204882421,-0.0181813806116,0.)) ;
#3861=DIRECTION('Vector Direction',(0.0331504180948,-0.0212380055596,0.)) ;
#3868=DIRECTION('Vector Direction',(0.0311345398401,-0.0240965459963,0.)) ;
#3875=DIRECTION('Vector Direction',(0.0289703119901,-0.0266594096559,0.)) ;
#3882=DIRECTION('Vector Direction',(0.0264806411874,-0.0291338075492,0.)) ;
#3889=DIRECTION('Vector Direction',(0.025358878992,-0.0301152844296,0.)) ;
#3896=DIRECTION('Vector Direction',(-0.027838849653,-0.027838849653,0.)) ;
#3903=DIRECTION('Vector Direction',(-0.0287660167726,0.0268797205909,0.)) ;
#3910=DIRECTION('Vector Direction',(-0.030636796745,0.0247262974424,0.)) ;
#3917=DIRECTION('Vector Direction',(-0.032423380976,0.0223322069239,0.)) ;
#3924=DIRECTION('Vector Direction',(-0.0341467039528,0.019596063614,0.)) ;
#3931=DIRECTION('Vector Direction',(-0.0357093281329,0.0165785097129,0.)) ;
#3938=DIRECTION('Vector Direction',(-0.0370160272423,0.0134095796802,0.)) ;
#3945=DIRECTION('Vector Direction',(-0.0380719836252,0.010026323496,0.)) ;
#3952=DIRECTION('Vector Direction',(-0.0388210918905,0.00655178788059,0.)) ;
#3959=DIRECTION('Vector Direction',(-0.0392489078975,0.00308647515159,0.)) ;
#3966=DIRECTION('Vector Direction',(-0.0393689812332,-0.000293967120002,0.)) ;
#3973=DIRECTION('Vector Direction',(-0.00196332786231,-0.0393210941317,0.)) ;
#3980=DIRECTION('Vector Direction',(0.0393473133099,-0.00133866922567,0.)) ;
#3987=DIRECTION('Vector Direction',(0.0391567202633,-0.00409320879331,0.)) ;
#3994=DIRECTION('Vector Direction',(0.0387374609426,-0.00702938259926,0.)) ;
#4001=DIRECTION('Vector Direction',(0.0380717965686,-0.0100270337611,0.)) ;
#4008=DIRECTION('Vector Direction',(0.0371405588664,-0.0130607039282,0.)) ;
#4015=DIRECTION('Vector Direction',(0.0359255639572,-0.0161045631534,0.)) ;
#4022=DIRECTION('Vector Direction',(0.0344677182367,-0.0190257588432,0.)) ;
#4029=DIRECTION('Vector Direction',(0.0327699705935,-0.0218204520417,0.)) ;
#4036=DIRECTION('Vector Direction',(0.0308836741981,-0.0244172432521,0.)) ;
#4043=DIRECTION('Vector Direction',(0.0288835328917,-0.0267534040395,0.)) ;
#4050=DIRECTION('Vector Direction',(-0.027838849653,-0.027838849653,0.)) ;
#4057=DIRECTION('Vector Direction',(-0.0391225956339,0.00440744947498,0.)) ;
#4064=DIRECTION('Vector Direction',(0.027838849653,-0.027838849653,0.)) ;
#4071=DIRECTION('Vector Direction',(0.000302626185796,0.0393689156239,0.)) ;
#4078=DIRECTION('Vector Direction',(0.027838849653,0.027838849653,0.)) ;
#4085=DIRECTION('Vector Direction',(0.027838849653,-0.027838849653,0.)) ;
#4092=DIRECTION('Vector Direction',(0.000235392376867,-0.0393693750323,0.)) ;
#4099=DIRECTION('Vector Direction',(0.027838849653,0.027838849653,0.)) ;
#4106=DIRECTION('Vector Direction',(-0.0393553541652,-0.00107666082929,0.)) ;
#4113=DIRECTION('Vector Direction',(-0.027838849653,0.027838849653,0.)) ;
#4120=DIRECTION('Vector Direction',(0.027838849653,0.027838849653,0.)) ;
#4127=DIRECTION('Vector Direction',(0.0297863916281,-0.0257443969396,0.)) ;
#4134=DIRECTION('Vector Direction',(0.0294743436357,-0.0261010759788,0.)) ;
#4141=DIRECTION('Vector Direction',(0.0291062053649,-0.0265109771465,0.)) ;
#4148=DIRECTION('Vector Direction',(0.0286675675454,-0.026984693273,0.)) ;
#4155=DIRECTION('Vector Direction',(0.0281579487714,-0.0275160502433,0.)) ;
#4162=DIRECTION('Vector Direction',(0.0276398898711,-0.0280363975561,0.)) ;
#4169=DIRECTION('Vector Direction',(0.0272039859874,-0.0284595545714,0.)) ;
#4176=DIRECTION('Vector Direction',(0.0267269629962,-0.0289080014703,0.)) ;
#4183=DIRECTION('Vector Direction',(0.02614020579,-0.0294396457394,0.)) ;
#4190=DIRECTION('Vector Direction',(0.0255076944118,-0.0299893418701,0.)) ;
#4197=DIRECTION('Vector Direction',(0.0247470719879,-0.0306200184198,0.)) ;
#4204=DIRECTION('Vector Direction',(0.0238759518081,-0.0313040257038,0.)) ;
#4211=DIRECTION('Vector Direction',(0.0227897799576,-0.032103411493,0.)) ;
#4218=DIRECTION('Vector Direction',(0.020799759519,-0.0334271312553,0.)) ;
#4225=DIRECTION('Vector Direction',(0.0172322103644,-0.0353985031599,0.)) ;
#4232=DIRECTION('Vector Direction',(0.0134480619222,-0.0370020638687,0.)) ;
#4239=DIRECTION('Vector Direction',(0.00966950193749,-0.0381641694825,0.)) ;
#4246=DIRECTION('Vector Direction',(0.00596042212742,-0.0389162751053,0.)) ;
#4253=DIRECTION('Vector Direction',(0.00246849395604,-0.0392926155606,0.)) ;
#4260=DIRECTION('Vector Direction',(0.0100389900934,0.0380686456012,0.)) ;
#4267=DIRECTION('Vector Direction',(0.0038568252302,0.0391807095284,0.)) ;
#4274=DIRECTION('Vector Direction',(-0.00227779799086,0.0393041312882,0.)) ;
#4281=DIRECTION('Vector Direction',(-0.00791080732396,0.0385671132896,0.)) ;
#4288=DIRECTION('Vector Direction',(-0.0128490100912,0.0372143257319,0.)) ;
#4295=DIRECTION('Vector Direction',(-0.0169902478555,0.0355152724587,0.)) ;
#4302=DIRECTION('Vector Direction',(-0.0203619264167,0.0336956236418,0.)) ;
#4309=DIRECTION('Vector Direction',(-0.0230982191506,0.0318822109032,0.)) ;
#4316=DIRECTION('Vector Direction',(-0.0253000976265,0.030164683988,0.)) ;
#4323=DIRECTION('Vector Direction',(-0.0270817409957,0.0285759060162,0.)) ;
#4330=DIRECTION('Vector Direction',(-0.0279502037109,0.0277270483919,0.)) ;
#4337=DIRECTION('Vector Direction',(-0.0282075270908,0.0274652237462,0.)) ;
#4344=DIRECTION('Vector Direction',(-0.0284603061675,0.0272031996805,0.)) ;
#4351=DIRECTION('Vector Direction',(-0.0287378187478,0.0269098657303,0.)) ;
#4358=DIRECTION('Vector Direction',(-0.0290109767097,0.02661515227,0.)) ;
#4365=DIRECTION('Vector Direction',(-0.0287803760227,0.0268643454415,0.)) ;
#4372=DIRECTION('Vector Direction',(-0.027838849653,-0.027838849653,0.)) ;
#4379=DIRECTION('Vector Direction',(-0.027838849653,0.027838849653,0.)) ;
#4386=DIRECTION('Vector Direction',(0.027838849653,0.027838849653,0.)) ;
#4393=DIRECTION('Vector Direction',(0.0270777181777,-0.0285797179534,0.)) ;
#4400=DIRECTION('Vector Direction',(0.0275508017084,-0.02812394754,0.)) ;
#4407=DIRECTION('Vector Direction',(0.0283221919787,-0.027346965856,0.)) ;
#4414=DIRECTION('Vector Direction',(0.0274596081576,-0.028212993812,0.)) ;
#4421=DIRECTION('Vector Direction',(0.0266120811695,-0.029013793889,0.)) ;
#4428=DIRECTION('Vector Direction',(0.0256398743027,-0.0298764111926,0.)) ;
#4435=DIRECTION('Vector Direction',(0.0244829820723,-0.0308315858959,0.)) ;
#4442=DIRECTION('Vector Direction',(0.0231313156332,-0.0318582067462,0.)) ;
#4449=DIRECTION('Vector Direction',(0.0214823090337,-0.032992627943,0.)) ;
#4456=DIRECTION('Vector Direction',(0.019545632018,-0.0341755961034,0.)) ;
#4463=DIRECTION('Vector Direction',(0.0172097081746,-0.0354094485209,0.)) ;
#4470=DIRECTION('Vector Direction',(0.0143430027633,-0.0366644428805,0.)) ;
#4477=DIRECTION('Vector Direction',(0.0109680191965,-0.037811448728,0.)) ;
#4484=DIRECTION('Vector Direction',(0.00697357612107,-0.0387475461944,0.)) ;
#4491=DIRECTION('Vector Direction',(0.0034037145037,-0.0392226698171,0.)) ;
#4498=DIRECTION('Vector Direction',(0.00027530850447,-0.0393691161348,0.)) ;
#4505=DIRECTION('Vector Direction',(-0.0024386962213,-0.0392944762116,0.)) ;
#4512=DIRECTION('Vector Direction',(-0.0047281870795,-0.0390851294861,0.)) ;
#4519=DIRECTION('Vector Direction',(-0.00673709967897,-0.038789361788,0.)) ;
#4526=DIRECTION('Vector Direction',(-0.008464881598,-0.0384493027185,0.)) ;
#4533=DIRECTION('Vector Direction',(-0.00995058455327,-0.0380918490895,0.)) ;
#4540=DIRECTION('Vector Direction',(-0.0112373260543,-0.0377322886021,0.)) ;
#4547=DIRECTION('Vector Direction',(-0.0123867769362,-0.0373707219242,0.)) ;
#4554=DIRECTION('Vector Direction',(0.0361886661593,0.0155043071956,0.)) ;
#4561=DIRECTION('Vector Direction',(0.0361629297921,0.0155642413518,0.)) ;
#4568=DIRECTION('Vector Direction',(0.0362792109883,0.0152912376892,0.)) ;
#4575=DIRECTION('Vector Direction',(0.0364030041369,0.0149941451846,0.)) ;
#4582=DIRECTION('Vector Direction',(0.0365396159687,0.0146580887181,0.)) ;
#4589=DIRECTION('Vector Direction',(0.0366909808267,0.0142749790186,0.)) ;
#4596=DIRECTION('Vector Direction',(0.0368703038807,0.0138052088629,0.)) ;
#4603=DIRECTION('Vector Direction',(0.0370474622058,0.0133224864089,0.)) ;
#4610=DIRECTION('Vector Direction',(0.0373850208904,0.012343553501,0.)) ;
#4617=DIRECTION('Vector Direction',(0.0379126780198,0.0106128198597,0.)) ;
#4624=DIRECTION('Vector Direction',(0.0383449025985,0.00892589181632,0.)) ;
#4631=DIRECTION('Vector Direction',(0.0385544902972,0.00797209996971,0.)) ;
#4638=DIRECTION('Vector Direction',(0.0386556607407,0.00746612300384,0.)) ;
#4645=DIRECTION('Vector Direction',(0.0387491263607,0.0069647904701,0.)) ;
#4652=DIRECTION('Vector Direction',(0.0388190581763,0.00656382680374,0.)) ;
#4659=DIRECTION('Vector Direction',(0.0388806628021,0.00618846993018,0.)) ;
#4666=DIRECTION('Vector Direction',(0.0389303365737,0.00586787817372,0.)) ;
#4673=DIRECTION('Vector Direction',(0.0389759262971,0.0055570018253,0.)) ;
#4680=DIRECTION('Vector Direction',(-0.027838849653,0.027838849653,0.)) ;
#4834=DIRECTION('Axis2P3D Direction',(0.039359898768,0.000895247999503,0.)) ;
#4835=DIRECTION('Axis2P3D XDirection',(0.000895247999503,-0.039359898768,-0.)) ;
#4839=DIRECTION('Vector Direction',(0.,0.,-0.0393700787402)) ;
#4844=DIRECTION('Vector Direction',(0.,0.,-0.0393700787402)) ;
#4863=DIRECTION('Axis2P3D Direction',(0.027838849653,-0.027838849653,0.)) ;
#4864=DIRECTION('Axis2P3D XDirection',(-0.027838849653,-0.027838849653,-0.)) ;
#4868=DIRECTION('Vector Direction',(0.,0.,-0.0393700787402)) ;
#4887=DIRECTION('Axis2P3D Direction',(-0.0242875489644,-0.0309857719818,-0.)) ;
#4888=DIRECTION('Axis2P3D XDirection',(-0.0309857719818,0.0242875489644,0.)) ;
#4892=DIRECTION('Vector Direction',(0.,0.,-0.0393700787402)) ;
#4911=DIRECTION('Axis2P3D Direction',(-0.0212847883823,-0.0331203998093,-0.)) ;
#4912=DIRECTION('Axis2P3D XDirection',(-0.0331203998093,0.0212847883823,0.)) ;
#4916=DIRECTION('Vector Direction',(0.,0.,-0.0393700787402)) ;
#4935=DIRECTION('Axis2P3D Direction',(-0.0177463393516,-0.0351435703881,-0.)) ;
#4936=DIRECTION('Axis2P3D XDirection',(-0.0351435703881,0.0177463393516,0.)) ;
#4940=DIRECTION('Vector Direction',(0.,0.,-0.0393700787402)) ;
#4959=DIRECTION('Axis2P3D Direction',(-0.0135667386217,-0.0369587162003,-0.)) ;
#4960=DIRECTION('Axis2P3D XDirection',(-0.0369587162003,0.0135667386217,0.)) ;
#4964=DIRECTION('Vector Direction',(0.,0.,-0.0393700787402)) ;
#4983=DIRECTION('Axis2P3D Direction',(-0.0089008824321,-0.0383507156639,-0.)) ;
#4984=DIRECTION('Axis2P3D XDirection',(-0.0383507156639,0.0089008824321,0.)) ;
#4988=DIRECTION('Vector Direction',(0.,0.,-0.0393700787402)) ;
#5007=DIRECTION('Axis2P3D Direction',(-0.00384015679683,-0.0391823467365,-0.)) ;
#5008=DIRECTION('Axis2P3D XDirection',(-0.0391823467365,0.00384015679683,0.)) ;
#5012=DIRECTION('Vector Direction',(0.,0.,-0.0393700787402)) ;
#5031=DIRECTION('Axis2P3D Direction',(0.00133596686872,-0.0393474051563,0.)) ;
#5032=DIRECTION('Axis2P3D XDirection',(-0.0393474051563,-0.00133596686872,0.)) ;
#5036=DIRECTION('Vector Direction',(0.,0.,-0.0393700787402)) ;
#5055=DIRECTION('Axis2P3D Direction',(0.00643189232846,-0.0388411361971,0.)) ;
#5056=DIRECTION('Axis2P3D XDirection',(-0.0388411361971,-0.00643189232846,0.)) ;
#5060=DIRECTION('Vector Direction',(0.,0.,-0.0393700787402)) ;
#5079=DIRECTION('Axis2P3D Direction',(0.0111285289752,-0.0377645196296,0.)) ;
#5080=DIRECTION('Axis2P3D XDirection',(-0.0377645196296,-0.0111285289752,0.)) ;
#5084=DIRECTION('Vector Direction',(0.,0.,-0.0393700787402)) ;
#5103=DIRECTION('Axis2P3D Direction',(0.0153171207872,-0.0362682907068,0.)) ;
#5104=DIRECTION('Axis2P3D XDirection',(-0.0362682907068,-0.0153171207872,0.)) ;
#5108=DIRECTION('Vector Direction',(0.,0.,-0.0393700787402)) ;
#5127=DIRECTION('Axis2P3D Direction',(0.036664405692,-0.0143430978264,0.)) ;
#5128=DIRECTION('Axis2P3D XDirection',(-0.0143430978264,-0.036664405692,-0.)) ;
#5132=DIRECTION('Vector Direction',(0.,0.,-0.0393700787402)) ;
#5151=DIRECTION('Axis2P3D Direction',(-0.000830081932965,0.03936132701,0.)) ;
#5152=DIRECTION('Axis2P3D XDirection',(0.03936132701,0.000830081932965,0.)) ;
#5156=DIRECTION('Vector Direction',(0.,0.,-0.0393700787402)) ;
#5175=DIRECTION('Axis2P3D Direction',(0.00205875443434,0.0393162133246,0.)) ;
#5176=DIRECTION('Axis2P3D XDirection',(0.0393162133246,-0.00205875443434,0.)) ;
#5180=DIRECTION('Vector Direction',(0.,0.,-0.0393700787402)) ;
#5199=DIRECTION('Axis2P3D Direction',(0.0051344042295,0.0390338442024,0.)) ;
#5200=DIRECTION('Axis2P3D XDirection',(0.0390338442024,-0.0051344042295,0.)) ;
#5204=DIRECTION('Vector Direction',(0.,0.,-0.0393700787402)) ;
#5223=DIRECTION('Axis2P3D Direction',(0.00831417995591,0.0384821713481,0.)) ;
#5224=DIRECTION('Axis2P3D XDirection',(0.0384821713481,-0.00831417995591,0.)) ;
#5228=DIRECTION('Vector Direction',(0.,0.,-0.0393700787402)) ;
#5247=DIRECTION('Axis2P3D Direction',(0.0116584149489,0.0376043143919,0.)) ;
#5248=DIRECTION('Axis2P3D XDirection',(0.0376043143919,-0.0116584149489,0.)) ;
#5252=DIRECTION('Vector Direction',(0.,0.,-0.0393700787402)) ;
#5271=DIRECTION('Axis2P3D Direction',(0.0149178281002,0.0364343451262,0.)) ;
#5272=DIRECTION('Axis2P3D XDirection',(0.0364343451262,-0.0149178281002,0.)) ;
#5276=DIRECTION('Vector Direction',(0.,0.,-0.0393700787402)) ;
#5295=DIRECTION('Axis2P3D Direction',(0.0181813806116,0.0349204882421,0.)) ;
#5296=DIRECTION('Axis2P3D XDirection',(0.0349204882421,-0.0181813806116,0.)) ;
#5300=DIRECTION('Vector Direction',(0.,0.,-0.0393700787402)) ;
#5319=DIRECTION('Axis2P3D Direction',(0.0212380055596,0.0331504180948,0.)) ;
#5320=DIRECTION('Axis2P3D XDirection',(0.0331504180948,-0.0212380055596,0.)) ;
#5324=DIRECTION('Vector Direction',(0.,0.,-0.0393700787402)) ;
#5343=DIRECTION('Axis2P3D Direction',(0.0240965459963,0.0311345398401,0.)) ;
#5344=DIRECTION('Axis2P3D XDirection',(0.0311345398401,-0.0240965459963,0.)) ;
#5348=DIRECTION('Vector Direction',(0.,0.,-0.0393700787402)) ;
#5367=DIRECTION('Axis2P3D Direction',(0.0266594096559,0.0289703119901,0.)) ;
#5368=DIRECTION('Axis2P3D XDirection',(0.0289703119901,-0.0266594096559,0.)) ;
#5372=DIRECTION('Vector Direction',(0.,0.,-0.0393700787402)) ;
#5391=DIRECTION('Axis2P3D Direction',(0.0291338075492,0.0264806411874,0.)) ;
#5392=DIRECTION('Axis2P3D XDirection',(0.0264806411874,-0.0291338075492,-0.)) ;
#5396=DIRECTION('Vector Direction',(0.,0.,-0.0393700787402)) ;
#5415=DIRECTION('Axis2P3D Direction',(0.0301152844296,0.0253588789919,0.)) ;
#5416=DIRECTION('Axis2P3D XDirection',(0.0253588789919,-0.0301152844296,-0.)) ;
#5420=DIRECTION('Vector Direction',(0.,0.,-0.0393700787402)) ;
#5439=DIRECTION('Vector Direction',(0.,0.,-0.0393700787402)) ;
#5458=DIRECTION('Axis2P3D Direction',(-0.0268797205908,-0.0287660167726,-0.)) ;
#5459=DIRECTION('Axis2P3D XDirection',(-0.0287660167726,0.0268797205908,0.)) ;
#5463=DIRECTION('Vector Direction',(0.,0.,-0.0393700787402)) ;
#5482=DIRECTION('Axis2P3D Direction',(-0.0247262974424,-0.030636796745,-0.)) ;
#5483=DIRECTION('Axis2P3D XDirection',(-0.030636796745,0.0247262974424,0.)) ;
#5487=DIRECTION('Vector Direction',(0.,0.,-0.0393700787402)) ;
#5506=DIRECTION('Axis2P3D Direction',(-0.0223322069239,-0.032423380976,-0.)) ;
#5507=DIRECTION('Axis2P3D XDirection',(-0.032423380976,0.0223322069239,0.)) ;
#5511=DIRECTION('Vector Direction',(0.,0.,-0.0393700787402)) ;
#5530=DIRECTION('Axis2P3D Direction',(-0.019596063614,-0.0341467039528,-0.)) ;
#5531=DIRECTION('Axis2P3D XDirection',(-0.0341467039528,0.019596063614,0.)) ;
#5535=DIRECTION('Vector Direction',(0.,0.,-0.0393700787402)) ;
#5554=DIRECTION('Axis2P3D Direction',(-0.0165785097129,-0.0357093281329,-0.)) ;
#5555=DIRECTION('Axis2P3D XDirection',(-0.0357093281329,0.0165785097129,0.)) ;
#5559=DIRECTION('Vector Direction',(0.,0.,-0.0393700787402)) ;
#5578=DIRECTION('Axis2P3D Direction',(-0.0134095796802,-0.0370160272423,-0.)) ;
#5579=DIRECTION('Axis2P3D XDirection',(-0.0370160272423,0.0134095796802,0.)) ;
#5583=DIRECTION('Vector Direction',(0.,0.,-0.0393700787402)) ;
#5602=DIRECTION('Axis2P3D Direction',(-0.0100263234961,-0.0380719836252,-0.)) ;
#5603=DIRECTION('Axis2P3D XDirection',(-0.0380719836252,0.0100263234961,0.)) ;
#5607=DIRECTION('Vector Direction',(0.,0.,-0.0393700787402)) ;
#5626=DIRECTION('Axis2P3D Direction',(-0.00655178788059,-0.0388210918905,-0.)) ;
#5627=DIRECTION('Axis2P3D XDirection',(-0.0388210918905,0.00655178788059,0.)) ;
#5631=DIRECTION('Vector Direction',(0.,0.,-0.0393700787402)) ;
#5650=DIRECTION('Axis2P3D Direction',(-0.00308647515159,-0.0392489078975,-0.)) ;
#5651=DIRECTION('Axis2P3D XDirection',(-0.0392489078975,0.00308647515159,0.)) ;
#5655=DIRECTION('Vector Direction',(0.,0.,-0.0393700787402)) ;
#5674=DIRECTION('Axis2P3D Direction',(0.000293967120002,-0.0393689812332,0.)) ;
#5675=DIRECTION('Axis2P3D XDirection',(-0.0393689812332,-0.000293967120002,0.)) ;
#5679=DIRECTION('Vector Direction',(0.,0.,-0.0393700787402)) ;
#5698=DIRECTION('Axis2P3D Direction',(0.0393210941317,-0.00196332786231,0.)) ;
#5699=DIRECTION('Axis2P3D XDirection',(-0.00196332786231,-0.0393210941317,-0.)) ;
#5703=DIRECTION('Vector Direction',(0.,0.,-0.0393700787402)) ;
#5722=DIRECTION('Axis2P3D Direction',(0.00133866922567,0.0393473133099,0.)) ;
#5723=DIRECTION('Axis2P3D XDirection',(0.0393473133099,-0.00133866922567,0.)) ;
#5727=DIRECTION('Vector Direction',(0.,0.,-0.0393700787402)) ;
#5746=DIRECTION('Axis2P3D Direction',(0.0040932087933,0.0391567202633,0.)) ;
#5747=DIRECTION('Axis2P3D XDirection',(0.0391567202633,-0.0040932087933,0.)) ;
#5751=DIRECTION('Vector Direction',(0.,0.,-0.0393700787402)) ;
#5770=DIRECTION('Axis2P3D Direction',(0.00702938259926,0.0387374609426,0.)) ;
#5771=DIRECTION('Axis2P3D XDirection',(0.0387374609426,-0.00702938259926,0.)) ;
#5775=DIRECTION('Vector Direction',(0.,0.,-0.0393700787402)) ;
#5794=DIRECTION('Axis2P3D Direction',(0.0100270337612,0.0380717965686,0.)) ;
#5795=DIRECTION('Axis2P3D XDirection',(0.0380717965686,-0.0100270337612,0.)) ;
#5799=DIRECTION('Vector Direction',(0.,0.,-0.0393700787402)) ;
#5818=DIRECTION('Axis2P3D Direction',(0.0130607039282,0.0371405588664,0.)) ;
#5819=DIRECTION('Axis2P3D XDirection',(0.0371405588664,-0.0130607039282,0.)) ;
#5823=DIRECTION('Vector Direction',(0.,0.,-0.0393700787402)) ;
#5842=DIRECTION('Axis2P3D Direction',(0.0161045631534,0.0359255639572,0.)) ;
#5843=DIRECTION('Axis2P3D XDirection',(0.0359255639572,-0.0161045631534,0.)) ;
#5847=DIRECTION('Vector Direction',(0.,0.,-0.0393700787402)) ;
#5866=DIRECTION('Axis2P3D Direction',(0.0190257588432,0.0344677182367,0.)) ;
#5867=DIRECTION('Axis2P3D XDirection',(0.0344677182367,-0.0190257588432,0.)) ;
#5871=DIRECTION('Vector Direction',(0.,0.,-0.0393700787402)) ;
#5890=DIRECTION('Axis2P3D Direction',(0.0218204520417,0.0327699705935,0.)) ;
#5891=DIRECTION('Axis2P3D XDirection',(0.0327699705935,-0.0218204520417,0.)) ;
#5895=DIRECTION('Vector Direction',(0.,0.,-0.0393700787402)) ;
#5914=DIRECTION('Axis2P3D Direction',(0.0244172432521,0.0308836741981,0.)) ;
#5915=DIRECTION('Axis2P3D XDirection',(0.0308836741981,-0.0244172432521,0.)) ;
#5919=DIRECTION('Vector Direction',(0.,0.,-0.0393700787402)) ;
#5938=DIRECTION('Axis2P3D Direction',(0.0267534040395,0.0288835328917,0.)) ;
#5939=DIRECTION('Axis2P3D XDirection',(0.0288835328917,-0.0267534040395,0.)) ;
#5943=DIRECTION('Vector Direction',(0.,0.,-0.0393700787402)) ;
#5962=DIRECTION('Vector Direction',(0.,0.,-0.0393700787402)) ;
#5981=DIRECTION('Axis2P3D Direction',(-0.00440744947498,-0.0391225956339,-0.)) ;
#5982=DIRECTION('Axis2P3D XDirection',(-0.0391225956339,0.00440744947498,0.)) ;
#5986=DIRECTION('Vector Direction',(0.,0.,-0.0393700787402)) ;
#6005=DIRECTION('Axis2P3D Direction',(0.027838849653,0.027838849653,0.)) ;
#6006=DIRECTION('Axis2P3D XDirection',(0.027838849653,-0.027838849653,0.)) ;
#6010=DIRECTION('Vector Direction',(0.,0.,-0.0393700787402)) ;
#6029=DIRECTION('Axis2P3D Direction',(-0.0393689156239,0.000302626185795,0.)) ;
#6030=DIRECTION('Axis2P3D XDirection',(0.000302626185795,0.0393689156239,0.)) ;
#6034=DIRECTION('Vector Direction',(0.,0.,-0.0393700787402)) ;
#6053=DIRECTION('Axis2P3D Direction',(-0.027838849653,0.027838849653,0.)) ;
#6054=DIRECTION('Axis2P3D XDirection',(0.027838849653,0.027838849653,0.)) ;
#6058=DIRECTION('Vector Direction',(0.,0.,-0.0393700787402)) ;
#6077=DIRECTION('Axis2P3D Direction',(0.027838849653,0.027838849653,0.)) ;
#6078=DIRECTION('Axis2P3D XDirection',(0.027838849653,-0.027838849653,0.)) ;
#6082=DIRECTION('Vector Direction',(0.,0.,-0.0393700787402)) ;
#6101=DIRECTION('Axis2P3D Direction',(0.0393693750323,0.000235392376867,0.)) ;
#6102=DIRECTION('Axis2P3D XDirection',(0.000235392376867,-0.0393693750323,-0.)) ;
#6106=DIRECTION('Vector Direction',(0.,0.,-0.0393700787402)) ;
#6125=DIRECTION('Axis2P3D Direction',(-0.027838849653,0.027838849653,0.)) ;
#6126=DIRECTION('Axis2P3D XDirection',(0.027838849653,0.027838849653,0.)) ;
#6130=DIRECTION('Vector Direction',(0.,0.,-0.0393700787402)) ;
#6149=DIRECTION('Axis2P3D Direction',(0.00107666082929,-0.0393553541652,0.)) ;
#6150=DIRECTION('Axis2P3D XDirection',(-0.0393553541652,-0.00107666082929,0.)) ;
#6154=DIRECTION('Vector Direction',(0.,0.,-0.0393700787402)) ;
#6173=DIRECTION('Axis2P3D Direction',(-0.027838849653,-0.027838849653,-0.)) ;
#6174=DIRECTION('Axis2P3D XDirection',(-0.027838849653,0.027838849653,0.)) ;
#6178=DIRECTION('Vector Direction',(0.,0.,-0.0393700787402)) ;
#6197=DIRECTION('Axis2P3D Direction',(-0.027838849653,0.027838849653,0.)) ;
#6198=DIRECTION('Axis2P3D XDirection',(0.027838849653,0.027838849653,0.)) ;
#6202=DIRECTION('Vector Direction',(0.,0.,-0.0393700787402)) ;
#6221=DIRECTION('Axis2P3D Direction',(0.0257443969396,0.0297863916281,0.)) ;
#6222=DIRECTION('Axis2P3D XDirection',(0.0297863916281,-0.0257443969396,0.)) ;
#6226=DIRECTION('Vector Direction',(0.,0.,-0.0393700787402)) ;
#6245=DIRECTION('Axis2P3D Direction',(0.0261010759788,0.0294743436357,0.)) ;
#6246=DIRECTION('Axis2P3D XDirection',(0.0294743436357,-0.0261010759788,0.)) ;
#6250=DIRECTION('Vector Direction',(0.,0.,-0.0393700787402)) ;
#6269=DIRECTION('Axis2P3D Direction',(0.0265109771465,0.0291062053649,0.)) ;
#6270=DIRECTION('Axis2P3D XDirection',(0.0291062053649,-0.0265109771465,0.)) ;
#6274=DIRECTION('Vector Direction',(0.,0.,-0.0393700787402)) ;
#6293=DIRECTION('Axis2P3D Direction',(0.026984693273,0.0286675675453,0.)) ;
#6294=DIRECTION('Axis2P3D XDirection',(0.0286675675453,-0.026984693273,0.)) ;
#6298=DIRECTION('Vector Direction',(0.,0.,-0.0393700787402)) ;
#6317=DIRECTION('Axis2P3D Direction',(0.0275160502433,0.0281579487714,0.)) ;
#6318=DIRECTION('Axis2P3D XDirection',(0.0281579487714,-0.0275160502433,0.)) ;
#6322=DIRECTION('Vector Direction',(0.,0.,-0.0393700787402)) ;
#6341=DIRECTION('Axis2P3D Direction',(0.0280363975561,0.0276398898711,0.)) ;
#6342=DIRECTION('Axis2P3D XDirection',(0.0276398898711,-0.0280363975561,-0.)) ;
#6346=DIRECTION('Vector Direction',(0.,0.,-0.0393700787402)) ;
#6365=DIRECTION('Axis2P3D Direction',(0.0284595545714,0.0272039859874,0.)) ;
#6366=DIRECTION('Axis2P3D XDirection',(0.0272039859874,-0.0284595545714,-0.)) ;
#6370=DIRECTION('Vector Direction',(0.,0.,-0.0393700787402)) ;
#6389=DIRECTION('Axis2P3D Direction',(0.0289080014703,0.0267269629962,0.)) ;
#6390=DIRECTION('Axis2P3D XDirection',(0.0267269629962,-0.0289080014703,-0.)) ;
#6394=DIRECTION('Vector Direction',(0.,0.,-0.0393700787402)) ;
#6413=DIRECTION('Axis2P3D Direction',(0.0294396457394,0.02614020579,0.)) ;
#6414=DIRECTION('Axis2P3D XDirection',(0.02614020579,-0.0294396457394,-0.)) ;
#6418=DIRECTION('Vector Direction',(0.,0.,-0.0393700787402)) ;
#6437=DIRECTION('Axis2P3D Direction',(0.0299893418701,0.0255076944118,0.)) ;
#6438=DIRECTION('Axis2P3D XDirection',(0.0255076944118,-0.0299893418701,-0.)) ;
#6442=DIRECTION('Vector Direction',(0.,0.,-0.0393700787402)) ;
#6461=DIRECTION('Axis2P3D Direction',(0.0306200184198,0.0247470719879,0.)) ;
#6462=DIRECTION('Axis2P3D XDirection',(0.0247470719879,-0.0306200184198,-0.)) ;
#6466=DIRECTION('Vector Direction',(0.,0.,-0.0393700787402)) ;
#6485=DIRECTION('Axis2P3D Direction',(0.0313040257038,0.0238759518081,0.)) ;
#6486=DIRECTION('Axis2P3D XDirection',(0.0238759518081,-0.0313040257038,-0.)) ;
#6490=DIRECTION('Vector Direction',(0.,0.,-0.0393700787402)) ;
#6509=DIRECTION('Axis2P3D Direction',(0.032103411493,0.0227897799576,0.)) ;
#6510=DIRECTION('Axis2P3D XDirection',(0.0227897799576,-0.032103411493,-0.)) ;
#6514=DIRECTION('Vector Direction',(0.,0.,-0.0393700787402)) ;
#6533=DIRECTION('Axis2P3D Direction',(0.0334271312553,0.020799759519,0.)) ;
#6534=DIRECTION('Axis2P3D XDirection',(0.020799759519,-0.0334271312553,-0.)) ;
#6538=DIRECTION('Vector Direction',(0.,0.,-0.0393700787402)) ;
#6557=DIRECTION('Axis2P3D Direction',(0.0353985031599,0.0172322103644,0.)) ;
#6558=DIRECTION('Axis2P3D XDirection',(0.0172322103644,-0.0353985031599,-0.)) ;
#6562=DIRECTION('Vector Direction',(0.,0.,-0.0393700787402)) ;
#6581=DIRECTION('Axis2P3D Direction',(0.0370020638687,0.0134480619222,0.)) ;
#6582=DIRECTION('Axis2P3D XDirection',(0.0134480619222,-0.0370020638687,-0.)) ;
#6586=DIRECTION('Vector Direction',(0.,0.,-0.0393700787402)) ;
#6605=DIRECTION('Axis2P3D Direction',(0.0381641694825,0.0096695019375,0.)) ;
#6606=DIRECTION('Axis2P3D XDirection',(0.0096695019375,-0.0381641694825,-0.)) ;
#6610=DIRECTION('Vector Direction',(0.,0.,-0.0393700787402)) ;
#6629=DIRECTION('Axis2P3D Direction',(0.0389162751053,0.00596042212743,0.)) ;
#6630=DIRECTION('Axis2P3D XDirection',(0.00596042212743,-0.0389162751053,-0.)) ;
#6634=DIRECTION('Vector Direction',(0.,0.,-0.0393700787402)) ;
#6653=DIRECTION('Axis2P3D Direction',(0.0392926155606,0.00246849395604,0.)) ;
#6654=DIRECTION('Axis2P3D XDirection',(0.00246849395604,-0.0392926155606,-0.)) ;
#6658=DIRECTION('Vector Direction',(0.,0.,-0.0393700787402)) ;
#6677=DIRECTION('Axis2P3D Direction',(-0.0380686456012,0.0100389900934,0.)) ;
#6678=DIRECTION('Axis2P3D XDirection',(0.0100389900934,0.0380686456012,0.)) ;
#6682=DIRECTION('Vector Direction',(0.,0.,-0.0393700787402)) ;
#6701=DIRECTION('Axis2P3D Direction',(-0.0391807095284,0.0038568252302,0.)) ;
#6702=DIRECTION('Axis2P3D XDirection',(0.0038568252302,0.0391807095284,0.)) ;
#6706=DIRECTION('Vector Direction',(0.,0.,-0.0393700787402)) ;
#6725=DIRECTION('Axis2P3D Direction',(-0.0393041312882,-0.00227779799086,-0.)) ;
#6726=DIRECTION('Axis2P3D XDirection',(-0.00227779799086,0.0393041312882,0.)) ;
#6730=DIRECTION('Vector Direction',(0.,0.,-0.0393700787402)) ;
#6749=DIRECTION('Axis2P3D Direction',(-0.0385671132896,-0.00791080732396,-0.)) ;
#6750=DIRECTION('Axis2P3D XDirection',(-0.00791080732396,0.0385671132896,0.)) ;
#6754=DIRECTION('Vector Direction',(0.,0.,-0.0393700787402)) ;
#6773=DIRECTION('Axis2P3D Direction',(-0.0372143257319,-0.0128490100912,-0.)) ;
#6774=DIRECTION('Axis2P3D XDirection',(-0.0128490100912,0.0372143257319,0.)) ;
#6778=DIRECTION('Vector Direction',(0.,0.,-0.0393700787402)) ;
#6797=DIRECTION('Axis2P3D Direction',(-0.0355152724587,-0.0169902478555,-0.)) ;
#6798=DIRECTION('Axis2P3D XDirection',(-0.0169902478555,0.0355152724587,0.)) ;
#6802=DIRECTION('Vector Direction',(0.,0.,-0.0393700787402)) ;
#6821=DIRECTION('Axis2P3D Direction',(-0.0336956236418,-0.0203619264167,-0.)) ;
#6822=DIRECTION('Axis2P3D XDirection',(-0.0203619264167,0.0336956236418,0.)) ;
#6826=DIRECTION('Vector Direction',(0.,0.,-0.0393700787402)) ;
#6845=DIRECTION('Axis2P3D Direction',(-0.0318822109032,-0.0230982191506,-0.)) ;
#6846=DIRECTION('Axis2P3D XDirection',(-0.0230982191506,0.0318822109032,0.)) ;
#6850=DIRECTION('Vector Direction',(0.,0.,-0.0393700787402)) ;
#6869=DIRECTION('Axis2P3D Direction',(-0.030164683988,-0.0253000976265,-0.)) ;
#6870=DIRECTION('Axis2P3D XDirection',(-0.0253000976265,0.030164683988,0.)) ;
#6874=DIRECTION('Vector Direction',(0.,0.,-0.0393700787402)) ;
#6893=DIRECTION('Axis2P3D Direction',(-0.0285759060162,-0.0270817409957,-0.)) ;
#6894=DIRECTION('Axis2P3D XDirection',(-0.0270817409957,0.0285759060162,0.)) ;
#6898=DIRECTION('Vector Direction',(0.,0.,-0.0393700787402)) ;
#6917=DIRECTION('Axis2P3D Direction',(-0.0277270483919,-0.0279502037109,-0.)) ;
#6918=DIRECTION('Axis2P3D XDirection',(-0.0279502037109,0.0277270483919,0.)) ;
#6922=DIRECTION('Vector Direction',(0.,0.,-0.0393700787402)) ;
#6941=DIRECTION('Axis2P3D Direction',(-0.0274652237462,-0.0282075270908,-0.)) ;
#6942=DIRECTION('Axis2P3D XDirection',(-0.0282075270908,0.0274652237462,0.)) ;
#6946=DIRECTION('Vector Direction',(0.,0.,-0.0393700787402)) ;
#6965=DIRECTION('Axis2P3D Direction',(-0.0272031996805,-0.0284603061675,-0.)) ;
#6966=DIRECTION('Axis2P3D XDirection',(-0.0284603061675,0.0272031996805,0.)) ;
#6970=DIRECTION('Vector Direction',(0.,0.,-0.0393700787402)) ;
#6989=DIRECTION('Axis2P3D Direction',(-0.0269098657303,-0.0287378187478,-0.)) ;
#6990=DIRECTION('Axis2P3D XDirection',(-0.0287378187478,0.0269098657303,0.)) ;
#6994=DIRECTION('Vector Direction',(0.,0.,-0.0393700787402)) ;
#7013=DIRECTION('Axis2P3D Direction',(-0.02661515227,-0.0290109767097,-0.)) ;
#7014=DIRECTION('Axis2P3D XDirection',(-0.0290109767097,0.02661515227,0.)) ;
#7018=DIRECTION('Vector Direction',(0.,0.,-0.0393700787402)) ;
#7037=DIRECTION('Axis2P3D Direction',(-0.0268643454415,-0.0287803760227,-0.)) ;
#7038=DIRECTION('Axis2P3D XDirection',(-0.0287803760227,0.0268643454415,0.)) ;
#7042=DIRECTION('Vector Direction',(0.,0.,-0.0393700787402)) ;
#7061=DIRECTION('Axis2P3D Direction',(0.027838849653,-0.027838849653,0.)) ;
#7062=DIRECTION('Axis2P3D XDirection',(-0.027838849653,-0.027838849653,-0.)) ;
#7066=DIRECTION('Vector Direction',(0.,0.,-0.0393700787402)) ;
#7085=DIRECTION('Vector Direction',(0.,0.,-0.0393700787402)) ;
#7104=DIRECTION('Vector Direction',(0.,0.,-0.0393700787402)) ;
#7123=DIRECTION('Axis2P3D Direction',(0.0285797179534,0.0270777181777,0.)) ;
#7124=DIRECTION('Axis2P3D XDirection',(0.0270777181777,-0.0285797179534,-0.)) ;
#7128=DIRECTION('Vector Direction',(0.,0.,-0.0393700787402)) ;
#7147=DIRECTION('Axis2P3D Direction',(0.02812394754,0.0275508017084,0.)) ;
#7148=DIRECTION('Axis2P3D XDirection',(0.0275508017084,-0.02812394754,-0.)) ;
#7152=DIRECTION('Vector Direction',(0.,0.,-0.0393700787402)) ;
#7171=DIRECTION('Axis2P3D Direction',(0.027346965856,0.0283221919787,0.)) ;
#7172=DIRECTION('Axis2P3D XDirection',(0.0283221919787,-0.027346965856,0.)) ;
#7176=DIRECTION('Vector Direction',(0.,0.,-0.0393700787402)) ;
#7195=DIRECTION('Axis2P3D Direction',(0.028212993812,0.0274596081576,0.)) ;
#7196=DIRECTION('Axis2P3D XDirection',(0.0274596081576,-0.028212993812,-0.)) ;
#7200=DIRECTION('Vector Direction',(0.,0.,-0.0393700787402)) ;
#7219=DIRECTION('Axis2P3D Direction',(0.029013793889,0.0266120811695,0.)) ;
#7220=DIRECTION('Axis2P3D XDirection',(0.0266120811695,-0.029013793889,-0.)) ;
#7224=DIRECTION('Vector Direction',(0.,0.,-0.0393700787402)) ;
#7243=DIRECTION('Axis2P3D Direction',(0.0298764111926,0.0256398743027,0.)) ;
#7244=DIRECTION('Axis2P3D XDirection',(0.0256398743027,-0.0298764111926,-0.)) ;
#7248=DIRECTION('Vector Direction',(0.,0.,-0.0393700787402)) ;
#7267=DIRECTION('Axis2P3D Direction',(0.0308315858959,0.0244829820723,0.)) ;
#7268=DIRECTION('Axis2P3D XDirection',(0.0244829820723,-0.0308315858959,-0.)) ;
#7272=DIRECTION('Vector Direction',(0.,0.,-0.0393700787402)) ;
#7291=DIRECTION('Axis2P3D Direction',(0.0318582067462,0.0231313156332,0.)) ;
#7292=DIRECTION('Axis2P3D XDirection',(0.0231313156332,-0.0318582067462,-0.)) ;
#7296=DIRECTION('Vector Direction',(0.,0.,-0.0393700787402)) ;
#7315=DIRECTION('Axis2P3D Direction',(0.032992627943,0.0214823090337,0.)) ;
#7316=DIRECTION('Axis2P3D XDirection',(0.0214823090337,-0.032992627943,-0.)) ;
#7320=DIRECTION('Vector Direction',(0.,0.,-0.0393700787402)) ;
#7339=DIRECTION('Axis2P3D Direction',(0.0341755961034,0.019545632018,0.)) ;
#7340=DIRECTION('Axis2P3D XDirection',(0.019545632018,-0.0341755961034,-0.)) ;
#7344=DIRECTION('Vector Direction',(0.,0.,-0.0393700787402)) ;
#7363=DIRECTION('Axis2P3D Direction',(0.0354094485209,0.0172097081746,0.)) ;
#7364=DIRECTION('Axis2P3D XDirection',(0.0172097081746,-0.0354094485209,-0.)) ;
#7368=DIRECTION('Vector Direction',(0.,0.,-0.0393700787402)) ;
#7387=DIRECTION('Axis2P3D Direction',(0.0366644428805,0.0143430027633,0.)) ;
#7388=DIRECTION('Axis2P3D XDirection',(0.0143430027633,-0.0366644428805,-0.)) ;
#7392=DIRECTION('Vector Direction',(0.,0.,-0.0393700787402)) ;
#7411=DIRECTION('Axis2P3D Direction',(0.037811448728,0.0109680191965,0.)) ;
#7412=DIRECTION('Axis2P3D XDirection',(0.0109680191965,-0.037811448728,-0.)) ;
#7416=DIRECTION('Vector Direction',(0.,0.,-0.0393700787402)) ;
#7435=DIRECTION('Axis2P3D Direction',(0.0387475461944,0.00697357612108,0.)) ;
#7436=DIRECTION('Axis2P3D XDirection',(0.00697357612108,-0.0387475461944,-0.)) ;
#7440=DIRECTION('Vector Direction',(0.,0.,-0.0393700787402)) ;
#7459=DIRECTION('Axis2P3D Direction',(0.0392226698171,0.0034037145037,0.)) ;
#7460=DIRECTION('Axis2P3D XDirection',(0.0034037145037,-0.0392226698171,-0.)) ;
#7464=DIRECTION('Vector Direction',(0.,0.,-0.0393700787402)) ;
#7483=DIRECTION('Axis2P3D Direction',(0.0393691161348,0.000275308504464,0.)) ;
#7484=DIRECTION('Axis2P3D XDirection',(0.000275308504464,-0.0393691161348,-0.)) ;
#7488=DIRECTION('Vector Direction',(0.,0.,-0.0393700787402)) ;
#7507=DIRECTION('Axis2P3D Direction',(0.0392944762116,-0.0024386962213,0.)) ;
#7508=DIRECTION('Axis2P3D XDirection',(-0.0024386962213,-0.0392944762116,-0.)) ;
#7512=DIRECTION('Vector Direction',(0.,0.,-0.0393700787402)) ;
#7531=DIRECTION('Axis2P3D Direction',(0.0390851294861,-0.00472818707949,0.)) ;
#7532=DIRECTION('Axis2P3D XDirection',(-0.00472818707949,-0.0390851294861,-0.)) ;
#7536=DIRECTION('Vector Direction',(0.,0.,-0.0393700787402)) ;
#7555=DIRECTION('Axis2P3D Direction',(0.038789361788,-0.00673709967896,0.)) ;
#7556=DIRECTION('Axis2P3D XDirection',(-0.00673709967896,-0.038789361788,-0.)) ;
#7560=DIRECTION('Vector Direction',(0.,0.,-0.0393700787402)) ;
#7579=DIRECTION('Axis2P3D Direction',(0.0384493027185,-0.008464881598,0.)) ;
#7580=DIRECTION('Axis2P3D XDirection',(-0.008464881598,-0.0384493027185,-0.)) ;
#7584=DIRECTION('Vector Direction',(0.,0.,-0.0393700787402)) ;
#7603=DIRECTION('Axis2P3D Direction',(0.0380918490895,-0.00995058455327,0.)) ;
#7604=DIRECTION('Axis2P3D XDirection',(-0.00995058455327,-0.0380918490895,-0.)) ;
#7608=DIRECTION('Vector Direction',(0.,0.,-0.0393700787402)) ;
#7627=DIRECTION('Axis2P3D Direction',(0.0377322886022,-0.0112373260543,0.)) ;
#7628=DIRECTION('Axis2P3D XDirection',(-0.0112373260543,-0.0377322886022,-0.)) ;
#7632=DIRECTION('Vector Direction',(0.,0.,-0.0393700787402)) ;
#7651=DIRECTION('Axis2P3D Direction',(0.0373707219242,-0.0123867769362,0.)) ;
#7652=DIRECTION('Axis2P3D XDirection',(-0.0123867769362,-0.0373707219242,-0.)) ;
#7656=DIRECTION('Vector Direction',(0.,0.,-0.0393700787402)) ;
#7675=DIRECTION('Axis2P3D Direction',(-0.0155043071956,0.0361886661593,0.)) ;
#7676=DIRECTION('Axis2P3D XDirection',(0.0361886661593,0.0155043071956,0.)) ;
#7680=DIRECTION('Vector Direction',(0.,0.,-0.0393700787402)) ;
#7699=DIRECTION('Axis2P3D Direction',(-0.0155642413518,0.0361629297921,0.)) ;
#7700=DIRECTION('Axis2P3D XDirection',(0.0361629297921,0.0155642413518,0.)) ;
#7704=DIRECTION('Vector Direction',(0.,0.,-0.0393700787402)) ;
#7723=DIRECTION('Axis2P3D Direction',(-0.0152912376893,0.0362792109883,0.)) ;
#7724=DIRECTION('Axis2P3D XDirection',(0.0362792109883,0.0152912376893,0.)) ;
#7728=DIRECTION('Vector Direction',(0.,0.,-0.0393700787402)) ;
#7747=DIRECTION('Axis2P3D Direction',(-0.0149941451846,0.0364030041369,0.)) ;
#7748=DIRECTION('Axis2P3D XDirection',(0.0364030041369,0.0149941451846,0.)) ;
#7752=DIRECTION('Vector Direction',(0.,0.,-0.0393700787402)) ;
#7771=DIRECTION('Axis2P3D Direction',(-0.0146580887181,0.0365396159687,0.)) ;
#7772=DIRECTION('Axis2P3D XDirection',(0.0365396159687,0.0146580887181,0.)) ;
#7776=DIRECTION('Vector Direction',(0.,0.,-0.0393700787402)) ;
#7795=DIRECTION('Axis2P3D Direction',(-0.0142749790186,0.0366909808267,0.)) ;
#7796=DIRECTION('Axis2P3D XDirection',(0.0366909808267,0.0142749790186,0.)) ;
#7800=DIRECTION('Vector Direction',(0.,0.,-0.0393700787402)) ;
#7819=DIRECTION('Axis2P3D Direction',(-0.0138052088629,0.0368703038807,0.)) ;
#7820=DIRECTION('Axis2P3D XDirection',(0.0368703038807,0.0138052088629,0.)) ;
#7824=DIRECTION('Vector Direction',(0.,0.,-0.0393700787402)) ;
#7843=DIRECTION('Axis2P3D Direction',(-0.0133224864089,0.0370474622058,0.)) ;
#7844=DIRECTION('Axis2P3D XDirection',(0.0370474622058,0.0133224864089,0.)) ;
#7848=DIRECTION('Vector Direction',(0.,0.,-0.0393700787402)) ;
#7867=DIRECTION('Axis2P3D Direction',(-0.012343553501,0.0373850208904,0.)) ;
#7868=DIRECTION('Axis2P3D XDirection',(0.0373850208904,0.012343553501,0.)) ;
#7872=DIRECTION('Vector Direction',(0.,0.,-0.0393700787402)) ;
#7891=DIRECTION('Axis2P3D Direction',(-0.0106128198597,0.0379126780198,0.)) ;
#7892=DIRECTION('Axis2P3D XDirection',(0.0379126780198,0.0106128198597,0.)) ;
#7896=DIRECTION('Vector Direction',(0.,0.,-0.0393700787402)) ;
#7915=DIRECTION('Axis2P3D Direction',(-0.00892589181632,0.0383449025985,0.)) ;
#7916=DIRECTION('Axis2P3D XDirection',(0.0383449025985,0.00892589181632,0.)) ;
#7920=DIRECTION('Vector Direction',(0.,0.,-0.0393700787402)) ;
#7939=DIRECTION('Axis2P3D Direction',(-0.00797209996971,0.0385544902972,0.)) ;
#7940=DIRECTION('Axis2P3D XDirection',(0.0385544902972,0.00797209996971,0.)) ;
#7944=DIRECTION('Vector Direction',(0.,0.,-0.0393700787402)) ;
#7963=DIRECTION('Axis2P3D Direction',(-0.00746612300384,0.0386556607407,0.)) ;
#7964=DIRECTION('Axis2P3D XDirection',(0.0386556607407,0.00746612300384,0.)) ;
#7968=DIRECTION('Vector Direction',(0.,0.,-0.0393700787402)) ;
#7987=DIRECTION('Axis2P3D Direction',(-0.0069647904701,0.0387491263607,0.)) ;
#7988=DIRECTION('Axis2P3D XDirection',(0.0387491263607,0.0069647904701,0.)) ;
#7992=DIRECTION('Vector Direction',(0.,0.,-0.0393700787402)) ;
#8011=DIRECTION('Axis2P3D Direction',(-0.00656382680375,0.0388190581763,0.)) ;
#8012=DIRECTION('Axis2P3D XDirection',(0.0388190581763,0.00656382680375,0.)) ;
#8016=DIRECTION('Vector Direction',(0.,0.,-0.0393700787402)) ;
#8035=DIRECTION('Axis2P3D Direction',(-0.00618846993017,0.0388806628021,0.)) ;
#8036=DIRECTION('Axis2P3D XDirection',(0.0388806628021,0.00618846993017,0.)) ;
#8040=DIRECTION('Vector Direction',(0.,0.,-0.0393700787402)) ;
#8059=DIRECTION('Axis2P3D Direction',(-0.00586787817373,0.0389303365737,0.)) ;
#8060=DIRECTION('Axis2P3D XDirection',(0.0389303365737,0.00586787817373,0.)) ;
#8064=DIRECTION('Vector Direction',(0.,0.,-0.0393700787402)) ;
#8083=DIRECTION('Axis2P3D Direction',(-0.0055570018253,0.0389759262971,0.)) ;
#8084=DIRECTION('Axis2P3D XDirection',(0.0389759262971,0.0055570018253,0.)) ;
#8088=DIRECTION('Vector Direction',(0.,0.,-0.0393700787402)) ;
#8107=DIRECTION('Axis2P3D Direction',(-0.027838849653,-0.027838849653,-0.)) ;
#8108=DIRECTION('Axis2P3D XDirection',(-0.027838849653,0.027838849653,0.)) ;
#8126=DIRECTION('Vector Direction',(-0.028070547133,0.0276052075461,0.)) ;
#8135=DIRECTION('Vector Direction',(-0.011926286385,-0.0375202184571,0.)) ;
#8142=DIRECTION('Vector Direction',(-0.012481084441,-0.0373393308882,0.)) ;
#8149=DIRECTION('Vector Direction',(-0.0130439528926,-0.0371464452262,0.)) ;
#8156=DIRECTION('Vector Direction',(-0.0136480630255,-0.0369287621734,0.)) ;
#8163=DIRECTION('Vector Direction',(-0.0142766177148,-0.036690343234,0.)) ;
#8170=DIRECTION('Vector Direction',(-0.0149434184606,-0.0364238568073,0.)) ;
#8177=DIRECTION('Vector Direction',(-0.0156441091462,-0.0361284506868,0.)) ;
#8184=DIRECTION('Vector Direction',(-0.0163655864547,-0.0358074109648,0.)) ;
#8191=DIRECTION('Vector Direction',(-0.0171540328958,-0.0354364537647,0.)) ;
#8198=DIRECTION('Vector Direction',(-0.00557084651492,-0.0389739498783,0.)) ;
#8205=DIRECTION('Vector Direction',(0.0297221984882,0.0258184820823,0.)) ;
#8212=DIRECTION('Vector Direction',(0.0309498379387,0.0243333234799,0.)) ;
#8219=DIRECTION('Vector Direction',(0.0322256138863,0.0226166511592,0.)) ;
#8226=DIRECTION('Vector Direction',(0.0335550585025,0.020592745055,0.)) ;
#8233=DIRECTION('Vector Direction',(0.0348970895833,0.0182262513596,0.)) ;
#8240=DIRECTION('Vector Direction',(0.0361889909452,0.0155035490895,0.)) ;
#8247=DIRECTION('Vector Direction',(0.0373674080285,0.0123967704359,0.)) ;
#8254=DIRECTION('Vector Direction',(0.0383727639142,0.00880534437643,0.)) ;
#8261=DIRECTION('Vector Direction',(0.0390697435807,0.00485368278189,0.)) ;
#8268=DIRECTION('Vector Direction',(0.0393652435349,0.000617010086758,0.)) ;
#8275=DIRECTION('Vector Direction',(0.039185025073,-0.00381272999776,0.)) ;
#8282=DIRECTION('Vector Direction',(0.0385553488233,-0.00796794685734,0.)) ;
#8289=DIRECTION('Vector Direction',(0.0375884759611,-0.0117093797842,0.)) ;
#8296=DIRECTION('Vector Direction',(0.0363857482186,-0.0150359710886,0.)) ;
#8303=DIRECTION('Vector Direction',(0.0350561134414,-0.0179184823686,0.)) ;
#8310=DIRECTION('Vector Direction',(0.033645975005,-0.0204438613273,0.)) ;
#8317=DIRECTION('Vector Direction',(0.0322626793701,-0.0225637456967,0.)) ;
#8324=DIRECTION('Vector Direction',(0.0309274140008,-0.0243618177325,0.)) ;
#8331=DIRECTION('Vector Direction',(0.029618909076,-0.0259369104781,0.)) ;
#8338=DIRECTION('Vector Direction',(0.0284176822461,-0.0272477234969,0.)) ;
#8345=DIRECTION('Vector Direction',(0.0274837252346,-0.028189500656,0.)) ;
#8352=DIRECTION('Vector Direction',(0.0267629212092,-0.0288747146887,0.)) ;
#8359=DIRECTION('Vector Direction',(0.0260572909026,-0.0295130596656,0.)) ;
#8366=DIRECTION('Vector Direction',(0.0253889742513,-0.030089916691,0.)) ;
#8373=DIRECTION('Vector Direction',(0.0247146634327,-0.0306461826565,0.)) ;
#8380=DIRECTION('Vector Direction',(-0.0332598984447,-0.0210661400227,0.)) ;
#8387=DIRECTION('Vector Direction',(-0.0273717215221,0.0282982678078,0.)) ;
#8394=DIRECTION('Vector Direction',(-0.0284080401979,0.0272577759936,0.)) ;
#8401=DIRECTION('Vector Direction',(-0.029606124276,0.02595150295,0.)) ;
#8408=DIRECTION('Vector Direction',(-0.0309008962809,0.0243954444322,0.)) ;
#8415=DIRECTION('Vector Direction',(-0.0322405247462,0.0225953903285,0.)) ;
#8422=DIRECTION('Vector Direction',(-0.0336422121316,0.0204500528825,0.)) ;
#8429=DIRECTION('Vector Direction',(-0.0350387607326,0.0179523911035,0.)) ;
#8436=DIRECTION('Vector Direction',(-0.0363810270678,0.0150473907872,0.)) ;
#8443=DIRECTION('Vector Direction',(-0.0375968843449,0.0116823536823,0.)) ;
#8450=DIRECTION('Vector Direction',(-0.0385695082232,0.00789912244673,0.)) ;
#8457=DIRECTION('Vector Direction',(-0.0393438322434,0.00143734630687,0.)) ;
#8464=DIRECTION('Vector Direction',(-0.039045377661,-0.00504594721672,0.)) ;
#8471=DIRECTION('Vector Direction',(-0.0383618580982,-0.00885273648409,0.)) ;
#8478=DIRECTION('Vector Direction',(-0.0374410361204,-0.0121725886415,0.)) ;
#8485=DIRECTION('Vector Direction',(-0.0363551431506,-0.015109820201,0.)) ;
#8492=DIRECTION('Vector Direction',(-0.0352007417562,-0.0176326651366,0.)) ;
#8499=DIRECTION('Vector Direction',(-0.0340524793362,-0.0197593459168,0.)) ;
#8506=DIRECTION('Vector Direction',(-0.0329297341037,-0.0215785938343,0.)) ;
#8513=DIRECTION('Vector Direction',(-0.0318221628083,-0.0231808769076,0.)) ;
#8520=DIRECTION('Vector Direction',(-0.0308202354924,-0.0244972689131,0.)) ;
#8527=DIRECTION('Vector Direction',(0.027838849653,-0.027838849653,0.)) ;
#8534=DIRECTION('Vector Direction',(0.030441329112,0.024966549259,0.)) ;
#8541=DIRECTION('Vector Direction',(0.0315108854384,0.0236022710538,0.)) ;
#8548=DIRECTION('Vector Direction',(0.032642993474,0.0220099540449,0.)) ;
#8555=DIRECTION('Vector Direction',(0.0338413762211,0.0201187563102,0.)) ;
#8562=DIRECTION('Vector Direction',(0.0350440117844,0.0179421386145,0.)) ;
#8569=DIRECTION('Vector Direction',(0.0368103078967,0.0139643951734,0.)) ;
#8576=DIRECTION('Vector Direction',(0.0387212375328,0.00711820651109,0.)) ;
#8583=DIRECTION('Vector Direction',(0.0393442332074,-0.00142632861728,0.)) ;
#8590=DIRECTION('Vector Direction',(0.0380870118469,-0.00996908363786,0.)) ;
#8597=DIRECTION('Vector Direction',(0.0363036666714,-0.0152330852495,0.)) ;
#8604=DIRECTION('Vector Direction',(0.034942642951,-0.0181387652171,0.)) ;
#8611=DIRECTION('Vector Direction',(0.0335535167907,-0.0205952570021,0.)) ;
#8618=DIRECTION('Vector Direction',(0.0321769147454,-0.0226858823384,0.)) ;
#8625=DIRECTION('Vector Direction',(0.030833940663,-0.0244800164051,0.)) ;
#8632=DIRECTION('Vector Direction',(0.0295629595591,-0.0260006638783,0.)) ;
#8639=DIRECTION('Vector Direction',(0.0284118732681,-0.0272537806076,0.)) ;
#8646=DIRECTION('Vector Direction',(0.02743906109,-0.0282329776415,0.)) ;
#8653=DIRECTION('Vector Direction',(-0.027838849653,-0.027838849653,0.)) ;
#8660=DIRECTION('Vector Direction',(-0.0392136239816,0.00350639333752,0.)) ;
#8667=DIRECTION('Vector Direction',(0.027838849653,-0.027838849653,0.)) ;
#8674=DIRECTION('Vector Direction',(-0.00155741946832,0.0393392621258,0.)) ;
#8681=DIRECTION('Vector Direction',(0.0281452081261,0.0275290820687,0.)) ;
#8688=DIRECTION('Vector Direction',(0.0299733326733,-0.0255265044309,0.)) ;
#8695=DIRECTION('Vector Direction',(0.0295186765341,-0.0260509277317,0.)) ;
#8702=DIRECTION('Vector Direction',(0.0290333762135,-0.0265907157793,0.)) ;
#8709=DIRECTION('Vector Direction',(0.0285791241342,-0.0270783449223,0.)) ;
#8716=DIRECTION('Vector Direction',(0.0280950189902,-0.0275803010852,0.)) ;
#8723=DIRECTION('Vector Direction',(0.02725640644,-0.0284093542338,0.)) ;
#8730=DIRECTION('Vector Direction',(0.0259576033779,-0.0296007757818,0.)) ;
#8737=DIRECTION('Vector Direction',(0.0244990572016,-0.0308188139979,0.)) ;
#8744=DIRECTION('Vector Direction',(0.0227595143433,-0.0321248752038,0.)) ;
#8751=DIRECTION('Vector Direction',(0.020750149423,-0.033457949712,0.)) ;
#8758=DIRECTION('Vector Direction',(0.0184530057812,-0.0347777181201,0.)) ;
#8765=DIRECTION('Vector Direction',(0.0158278857883,-0.0360483166248,0.)) ;
#8772=DIRECTION('Vector Direction',(0.0128034355598,-0.0372300300547,0.)) ;
#8779=DIRECTION('Vector Direction',(0.00946705292277,-0.0382148925023,0.)) ;
#8786=DIRECTION('Vector Direction',(0.00575267357515,-0.0389475268373,0.)) ;
#8793=DIRECTION('Vector Direction',(0.00188562743581,-0.0393248968108,0.)) ;
#8800=DIRECTION('Vector Direction',(-0.00177821357671,-0.0393299002857,0.)) ;
#8807=DIRECTION('Vector Direction',(-0.00504533903222,-0.0390454562537,0.)) ;
#8814=DIRECTION('Vector Direction',(-0.00803816677097,-0.0385407702955,0.)) ;
#8821=DIRECTION('Vector Direction',(-0.0106037828047,-0.0379152065831,0.)) ;
#8828=DIRECTION('Vector Direction',(-0.0128913904864,-0.037199666011,0.)) ;
#8835=DIRECTION('Vector Direction',(-0.0148920941037,-0.036444871151,0.)) ;
#8842=DIRECTION('Vector Direction',(-0.0166531498435,-0.0356745805903,0.)) ;
#8849=DIRECTION('Vector Direction',(-0.0181522968301,-0.0349356153488,0.)) ;
#8856=DIRECTION('Vector Direction',(-0.0195021620273,-0.0342004207031,0.)) ;
#8863=DIRECTION('Vector Direction',(-1.82016063786E-005,-0.0393700745327,0.)) ;
#8870=DIRECTION('Vector Direction',(0.0350129137933,0.0180027488932,0.)) ;
#8877=DIRECTION('Vector Direction',(0.0352696643756,0.0174943955265,0.)) ;
#8884=DIRECTION('Vector Direction',(0.0355540912794,0.016908864341,0.)) ;
#8891=DIRECTION('Vector Direction',(0.0358338959553,0.0163075136263,0.)) ;
#8898=DIRECTION('Vector Direction',(0.0361204909903,0.0156624784318,0.)) ;
#8905=DIRECTION('Vector Direction',(0.0364131116844,0.0149695824079,0.)) ;
#8912=DIRECTION('Vector Direction',(0.0367155345533,0.0142117072328,0.)) ;
#8919=DIRECTION('Vector Direction',(0.0370273104956,0.0133783921856,0.)) ;
#8926=DIRECTION('Vector Direction',(0.0373295907993,0.0125101858803,0.)) ;
#8933=DIRECTION('Vector Direction',(0.0376257222597,0.0115891382098,0.)) ;
#8940=DIRECTION('Vector Direction',(0.0379174461266,0.0105957717624,0.)) ;
#8947=DIRECTION('Vector Direction',(0.0376004823821,0.0116707679542,0.)) ;
#9080=DIRECTION('Axis2P3D Direction',(-0.0276052075461,-0.028070547133,-0.)) ;
#9081=DIRECTION('Axis2P3D XDirection',(-0.028070547133,0.0276052075461,0.)) ;
#9085=DIRECTION('Vector Direction',(0.,0.,-0.0393700787402)) ;
#9090=DIRECTION('Vector Direction',(0.,0.,-0.0393700787402)) ;
#9109=DIRECTION('Axis2P3D Direction',(0.0375202184571,-0.011926286385,0.)) ;
#9110=DIRECTION('Axis2P3D XDirection',(-0.011926286385,-0.0375202184571,-0.)) ;
#9114=DIRECTION('Vector Direction',(0.,0.,-0.0393700787402)) ;
#9133=DIRECTION('Axis2P3D Direction',(0.0373393308882,-0.012481084441,0.)) ;
#9134=DIRECTION('Axis2P3D XDirection',(-0.012481084441,-0.0373393308882,-0.)) ;
#9138=DIRECTION('Vector Direction',(0.,0.,-0.0393700787402)) ;
#9157=DIRECTION('Axis2P3D Direction',(0.0371464452262,-0.0130439528926,0.)) ;
#9158=DIRECTION('Axis2P3D XDirection',(-0.0130439528926,-0.0371464452262,-0.)) ;
#9162=DIRECTION('Vector Direction',(0.,0.,-0.0393700787402)) ;
#9181=DIRECTION('Axis2P3D Direction',(0.0369287621734,-0.0136480630255,0.)) ;
#9182=DIRECTION('Axis2P3D XDirection',(-0.0136480630255,-0.0369287621734,-0.)) ;
#9186=DIRECTION('Vector Direction',(0.,0.,-0.0393700787402)) ;
#9205=DIRECTION('Axis2P3D Direction',(0.036690343234,-0.0142766177148,0.)) ;
#9206=DIRECTION('Axis2P3D XDirection',(-0.0142766177148,-0.036690343234,-0.)) ;
#9210=DIRECTION('Vector Direction',(0.,0.,-0.0393700787402)) ;
#9229=DIRECTION('Axis2P3D Direction',(0.0364238568073,-0.0149434184606,0.)) ;
#9230=DIRECTION('Axis2P3D XDirection',(-0.0149434184606,-0.0364238568073,-0.)) ;
#9234=DIRECTION('Vector Direction',(0.,0.,-0.0393700787402)) ;
#9253=DIRECTION('Axis2P3D Direction',(0.0361284506868,-0.0156441091462,0.)) ;
#9254=DIRECTION('Axis2P3D XDirection',(-0.0156441091462,-0.0361284506868,-0.)) ;
#9258=DIRECTION('Vector Direction',(0.,0.,-0.0393700787402)) ;
#9277=DIRECTION('Axis2P3D Direction',(0.0358074109648,-0.0163655864547,0.)) ;
#9278=DIRECTION('Axis2P3D XDirection',(-0.0163655864547,-0.0358074109648,-0.)) ;
#9282=DIRECTION('Vector Direction',(0.,0.,-0.0393700787402)) ;
#9301=DIRECTION('Axis2P3D Direction',(0.0354364537647,-0.0171540328958,0.)) ;
#9302=DIRECTION('Axis2P3D XDirection',(-0.0171540328958,-0.0354364537647,-0.)) ;
#9306=DIRECTION('Vector Direction',(0.,0.,-0.0393700787402)) ;
#9325=DIRECTION('Axis2P3D Direction',(0.0389739498783,-0.00557084651491,0.)) ;
#9326=DIRECTION('Axis2P3D XDirection',(-0.00557084651491,-0.0389739498783,-0.)) ;
#9330=DIRECTION('Vector Direction',(0.,0.,-0.0393700787402)) ;
#9349=DIRECTION('Axis2P3D Direction',(-0.0258184820823,0.0297221984882,0.)) ;
#9350=DIRECTION('Axis2P3D XDirection',(0.0297221984882,0.0258184820823,0.)) ;
#9354=DIRECTION('Vector Direction',(0.,0.,-0.0393700787402)) ;
#9373=DIRECTION('Axis2P3D Direction',(-0.0243333234799,0.0309498379387,0.)) ;
#9374=DIRECTION('Axis2P3D XDirection',(0.0309498379387,0.0243333234799,0.)) ;
#9378=DIRECTION('Vector Direction',(0.,0.,-0.0393700787402)) ;
#9397=DIRECTION('Axis2P3D Direction',(-0.0226166511592,0.0322256138863,0.)) ;
#9398=DIRECTION('Axis2P3D XDirection',(0.0322256138863,0.0226166511592,0.)) ;
#9402=DIRECTION('Vector Direction',(0.,0.,-0.0393700787402)) ;
#9421=DIRECTION('Axis2P3D Direction',(-0.020592745055,0.0335550585025,0.)) ;
#9422=DIRECTION('Axis2P3D XDirection',(0.0335550585025,0.020592745055,0.)) ;
#9426=DIRECTION('Vector Direction',(0.,0.,-0.0393700787402)) ;
#9445=DIRECTION('Axis2P3D Direction',(-0.0182262513596,0.0348970895833,0.)) ;
#9446=DIRECTION('Axis2P3D XDirection',(0.0348970895833,0.0182262513596,0.)) ;
#9450=DIRECTION('Vector Direction',(0.,0.,-0.0393700787402)) ;
#9469=DIRECTION('Axis2P3D Direction',(-0.0155035490895,0.0361889909452,0.)) ;
#9470=DIRECTION('Axis2P3D XDirection',(0.0361889909452,0.0155035490895,0.)) ;
#9474=DIRECTION('Vector Direction',(0.,0.,-0.0393700787402)) ;
#9493=DIRECTION('Axis2P3D Direction',(-0.0123967704359,0.0373674080285,0.)) ;
#9494=DIRECTION('Axis2P3D XDirection',(0.0373674080285,0.0123967704359,0.)) ;
#9498=DIRECTION('Vector Direction',(0.,0.,-0.0393700787402)) ;
#9517=DIRECTION('Axis2P3D Direction',(-0.00880534437644,0.0383727639142,0.)) ;
#9518=DIRECTION('Axis2P3D XDirection',(0.0383727639142,0.00880534437644,0.)) ;
#9522=DIRECTION('Vector Direction',(0.,0.,-0.0393700787402)) ;
#9541=DIRECTION('Axis2P3D Direction',(-0.00485368278189,0.0390697435807,0.)) ;
#9542=DIRECTION('Axis2P3D XDirection',(0.0390697435807,0.00485368278189,0.)) ;
#9546=DIRECTION('Vector Direction',(0.,0.,-0.0393700787402)) ;
#9565=DIRECTION('Axis2P3D Direction',(-0.000617010086757,0.0393652435349,0.)) ;
#9566=DIRECTION('Axis2P3D XDirection',(0.0393652435349,0.000617010086757,0.)) ;
#9570=DIRECTION('Vector Direction',(0.,0.,-0.0393700787402)) ;
#9589=DIRECTION('Axis2P3D Direction',(0.00381272999776,0.039185025073,0.)) ;
#9590=DIRECTION('Axis2P3D XDirection',(0.039185025073,-0.00381272999776,0.)) ;
#9594=DIRECTION('Vector Direction',(0.,0.,-0.0393700787402)) ;
#9613=DIRECTION('Axis2P3D Direction',(0.00796794685735,0.0385553488233,0.)) ;
#9614=DIRECTION('Axis2P3D XDirection',(0.0385553488233,-0.00796794685735,0.)) ;
#9618=DIRECTION('Vector Direction',(0.,0.,-0.0393700787402)) ;
#9637=DIRECTION('Axis2P3D Direction',(0.0117093797842,0.037588475961,0.)) ;
#9638=DIRECTION('Axis2P3D XDirection',(0.037588475961,-0.0117093797842,0.)) ;
#9642=DIRECTION('Vector Direction',(0.,0.,-0.0393700787402)) ;
#9661=DIRECTION('Axis2P3D Direction',(0.0150359710886,0.0363857482186,0.)) ;
#9662=DIRECTION('Axis2P3D XDirection',(0.0363857482186,-0.0150359710886,0.)) ;
#9666=DIRECTION('Vector Direction',(0.,0.,-0.0393700787402)) ;
#9685=DIRECTION('Axis2P3D Direction',(0.0179184823686,0.0350561134414,0.)) ;
#9686=DIRECTION('Axis2P3D XDirection',(0.0350561134414,-0.0179184823686,0.)) ;
#9690=DIRECTION('Vector Direction',(0.,0.,-0.0393700787402)) ;
#9709=DIRECTION('Axis2P3D Direction',(0.0204438613273,0.033645975005,0.)) ;
#9710=DIRECTION('Axis2P3D XDirection',(0.033645975005,-0.0204438613273,0.)) ;
#9714=DIRECTION('Vector Direction',(0.,0.,-0.0393700787402)) ;
#9733=DIRECTION('Axis2P3D Direction',(0.0225637456967,0.0322626793701,0.)) ;
#9734=DIRECTION('Axis2P3D XDirection',(0.0322626793701,-0.0225637456967,0.)) ;
#9738=DIRECTION('Vector Direction',(0.,0.,-0.0393700787402)) ;
#9757=DIRECTION('Axis2P3D Direction',(0.0243618177325,0.0309274140008,0.)) ;
#9758=DIRECTION('Axis2P3D XDirection',(0.0309274140008,-0.0243618177325,0.)) ;
#9762=DIRECTION('Vector Direction',(0.,0.,-0.0393700787402)) ;
#9781=DIRECTION('Axis2P3D Direction',(0.0259369104781,0.029618909076,0.)) ;
#9782=DIRECTION('Axis2P3D XDirection',(0.029618909076,-0.0259369104781,0.)) ;
#9786=DIRECTION('Vector Direction',(0.,0.,-0.0393700787402)) ;
#9805=DIRECTION('Axis2P3D Direction',(0.0272477234969,0.0284176822461,0.)) ;
#9806=DIRECTION('Axis2P3D XDirection',(0.0284176822461,-0.0272477234969,0.)) ;
#9810=DIRECTION('Vector Direction',(0.,0.,-0.0393700787402)) ;
#9829=DIRECTION('Axis2P3D Direction',(0.028189500656,0.0274837252346,0.)) ;
#9830=DIRECTION('Axis2P3D XDirection',(0.0274837252346,-0.028189500656,-0.)) ;
#9834=DIRECTION('Vector Direction',(0.,0.,-0.0393700787402)) ;
#9853=DIRECTION('Axis2P3D Direction',(0.0288747146887,0.0267629212092,0.)) ;
#9854=DIRECTION('Axis2P3D XDirection',(0.0267629212092,-0.0288747146887,-0.)) ;
#9858=DIRECTION('Vector Direction',(0.,0.,-0.0393700787402)) ;
#9877=DIRECTION('Axis2P3D Direction',(0.0295130596656,0.0260572909026,0.)) ;
#9878=DIRECTION('Axis2P3D XDirection',(0.0260572909026,-0.0295130596656,-0.)) ;
#9882=DIRECTION('Vector Direction',(0.,0.,-0.0393700787402)) ;
#9901=DIRECTION('Axis2P3D Direction',(0.030089916691,0.0253889742513,0.)) ;
#9902=DIRECTION('Axis2P3D XDirection',(0.0253889742513,-0.030089916691,-0.)) ;
#9906=DIRECTION('Vector Direction',(0.,0.,-0.0393700787402)) ;
#9925=DIRECTION('Axis2P3D Direction',(0.0306461826565,0.0247146634326,0.)) ;
#9926=DIRECTION('Axis2P3D XDirection',(0.0247146634326,-0.0306461826565,-0.)) ;
#9930=DIRECTION('Vector Direction',(0.,0.,-0.0393700787402)) ;
#9949=DIRECTION('Axis2P3D Direction',(0.0210661400227,-0.0332598984447,0.)) ;
#9950=DIRECTION('Axis2P3D XDirection',(-0.0332598984447,-0.0210661400227,0.)) ;
#9954=DIRECTION('Vector Direction',(0.,0.,-0.0393700787402)) ;
#9973=DIRECTION('Axis2P3D Direction',(-0.0282982678078,-0.0273717215221,-0.)) ;
#9974=DIRECTION('Axis2P3D XDirection',(-0.0273717215221,0.0282982678078,0.)) ;
#9978=DIRECTION('Vector Direction',(0.,0.,-0.0393700787402)) ;
#9997=DIRECTION('Axis2P3D Direction',(-0.0272577759936,-0.0284080401979,-0.)) ;
#9998=DIRECTION('Axis2P3D XDirection',(-0.0284080401979,0.0272577759936,0.)) ;
#10002=DIRECTION('Vector Direction',(0.,0.,-0.0393700787402)) ;
#10021=DIRECTION('Axis2P3D Direction',(-0.02595150295,-0.029606124276,-0.)) ;
#10022=DIRECTION('Axis2P3D XDirection',(-0.029606124276,0.02595150295,0.)) ;
#10026=DIRECTION('Vector Direction',(0.,0.,-0.0393700787402)) ;
#10045=DIRECTION('Axis2P3D Direction',(-0.0243954444322,-0.0309008962809,-0.)) ;
#10046=DIRECTION('Axis2P3D XDirection',(-0.0309008962809,0.0243954444322,0.)) ;
#10050=DIRECTION('Vector Direction',(0.,0.,-0.0393700787402)) ;
#10069=DIRECTION('Axis2P3D Direction',(-0.0225953903285,-0.0322405247462,-0.)) ;
#10070=DIRECTION('Axis2P3D XDirection',(-0.0322405247462,0.0225953903285,0.)) ;
#10074=DIRECTION('Vector Direction',(0.,0.,-0.0393700787402)) ;
#10093=DIRECTION('Axis2P3D Direction',(-0.0204500528825,-0.0336422121316,-0.)) ;
#10094=DIRECTION('Axis2P3D XDirection',(-0.0336422121316,0.0204500528825,0.)) ;
#10098=DIRECTION('Vector Direction',(0.,0.,-0.0393700787402)) ;
#10117=DIRECTION('Axis2P3D Direction',(-0.0179523911035,-0.0350387607326,-0.)) ;
#10118=DIRECTION('Axis2P3D XDirection',(-0.0350387607326,0.0179523911035,0.)) ;
#10122=DIRECTION('Vector Direction',(0.,0.,-0.0393700787402)) ;
#10141=DIRECTION('Axis2P3D Direction',(-0.0150473907872,-0.0363810270677,-0.)) ;
#10142=DIRECTION('Axis2P3D XDirection',(-0.0363810270677,0.0150473907872,0.)) ;
#10146=DIRECTION('Vector Direction',(0.,0.,-0.0393700787402)) ;
#10165=DIRECTION('Axis2P3D Direction',(-0.0116823536823,-0.0375968843449,-0.)) ;
#10166=DIRECTION('Axis2P3D XDirection',(-0.0375968843449,0.0116823536823,0.)) ;
#10170=DIRECTION('Vector Direction',(0.,0.,-0.0393700787402)) ;
#10189=DIRECTION('Axis2P3D Direction',(-0.00789912244673,-0.0385695082232,-0.)) ;
#10190=DIRECTION('Axis2P3D XDirection',(-0.0385695082232,0.00789912244673,0.)) ;
#10194=DIRECTION('Vector Direction',(0.,0.,-0.0393700787402)) ;
#10213=DIRECTION('Axis2P3D Direction',(-0.00143734630687,-0.0393438322434,-0.)) ;
#10214=DIRECTION('Axis2P3D XDirection',(-0.0393438322434,0.00143734630687,0.)) ;
#10218=DIRECTION('Vector Direction',(0.,0.,-0.0393700787402)) ;
#10237=DIRECTION('Axis2P3D Direction',(0.00504594721671,-0.039045377661,0.)) ;
#10238=DIRECTION('Axis2P3D XDirection',(-0.039045377661,-0.00504594721671,0.)) ;
#10242=DIRECTION('Vector Direction',(0.,0.,-0.0393700787402)) ;
#10261=DIRECTION('Axis2P3D Direction',(0.00885273648409,-0.0383618580982,0.)) ;
#10262=DIRECTION('Axis2P3D XDirection',(-0.0383618580982,-0.00885273648409,0.)) ;
#10266=DIRECTION('Vector Direction',(0.,0.,-0.0393700787402)) ;
#10285=DIRECTION('Axis2P3D Direction',(0.0121725886415,-0.0374410361204,0.)) ;
#10286=DIRECTION('Axis2P3D XDirection',(-0.0374410361204,-0.0121725886415,0.)) ;
#10290=DIRECTION('Vector Direction',(0.,0.,-0.0393700787402)) ;
#10309=DIRECTION('Axis2P3D Direction',(0.015109820201,-0.0363551431506,0.)) ;
#10310=DIRECTION('Axis2P3D XDirection',(-0.0363551431506,-0.015109820201,0.)) ;
#10314=DIRECTION('Vector Direction',(0.,0.,-0.0393700787402)) ;
#10333=DIRECTION('Axis2P3D Direction',(0.0176326651366,-0.0352007417562,0.)) ;
#10334=DIRECTION('Axis2P3D XDirection',(-0.0352007417562,-0.0176326651366,0.)) ;
#10338=DIRECTION('Vector Direction',(0.,0.,-0.0393700787402)) ;
#10357=DIRECTION('Axis2P3D Direction',(0.0197593459168,-0.0340524793362,0.)) ;
#10358=DIRECTION('Axis2P3D XDirection',(-0.0340524793362,-0.0197593459168,0.)) ;
#10362=DIRECTION('Vector Direction',(0.,0.,-0.0393700787402)) ;
#10381=DIRECTION('Axis2P3D Direction',(0.0215785938343,-0.0329297341037,0.)) ;
#10382=DIRECTION('Axis2P3D XDirection',(-0.0329297341037,-0.0215785938343,0.)) ;
#10386=DIRECTION('Vector Direction',(0.,0.,-0.0393700787402)) ;
#10405=DIRECTION('Axis2P3D Direction',(0.0231808769076,-0.0318221628083,0.)) ;
#10406=DIRECTION('Axis2P3D XDirection',(-0.0318221628083,-0.0231808769076,0.)) ;
#10410=DIRECTION('Vector Direction',(0.,0.,-0.0393700787402)) ;
#10429=DIRECTION('Axis2P3D Direction',(0.0244972689131,-0.0308202354924,0.)) ;
#10430=DIRECTION('Axis2P3D XDirection',(-0.0308202354924,-0.0244972689131,0.)) ;
#10434=DIRECTION('Vector Direction',(0.,0.,-0.0393700787402)) ;
#10453=DIRECTION('Axis2P3D Direction',(0.027838849653,0.027838849653,0.)) ;
#10454=DIRECTION('Axis2P3D XDirection',(0.027838849653,-0.027838849653,-0.)) ;
#10458=DIRECTION('Vector Direction',(0.,0.,-0.0393700787402)) ;
#10477=DIRECTION('Axis2P3D Direction',(-0.024966549259,0.030441329112,0.)) ;
#10478=DIRECTION('Axis2P3D XDirection',(0.030441329112,0.024966549259,0.)) ;
#10482=DIRECTION('Vector Direction',(0.,0.,-0.0393700787402)) ;
#10501=DIRECTION('Axis2P3D Direction',(-0.0236022710538,0.0315108854384,0.)) ;
#10502=DIRECTION('Axis2P3D XDirection',(0.0315108854384,0.0236022710538,0.)) ;
#10506=DIRECTION('Vector Direction',(0.,0.,-0.0393700787402)) ;
#10525=DIRECTION('Axis2P3D Direction',(-0.0220099540449,0.032642993474,0.)) ;
#10526=DIRECTION('Axis2P3D XDirection',(0.032642993474,0.0220099540449,0.)) ;
#10530=DIRECTION('Vector Direction',(0.,0.,-0.0393700787402)) ;
#10549=DIRECTION('Axis2P3D Direction',(-0.0201187563102,0.0338413762211,0.)) ;
#10550=DIRECTION('Axis2P3D XDirection',(0.0338413762211,0.0201187563102,0.)) ;
#10554=DIRECTION('Vector Direction',(0.,0.,-0.0393700787402)) ;
#10573=DIRECTION('Axis2P3D Direction',(-0.0179421386145,0.0350440117844,0.)) ;
#10574=DIRECTION('Axis2P3D XDirection',(0.0350440117844,0.0179421386145,0.)) ;
#10578=DIRECTION('Vector Direction',(0.,0.,-0.0393700787402)) ;
#10597=DIRECTION('Axis2P3D Direction',(-0.0139643951734,0.0368103078967,0.)) ;
#10598=DIRECTION('Axis2P3D XDirection',(0.0368103078967,0.0139643951734,0.)) ;
#10602=DIRECTION('Vector Direction',(0.,0.,-0.0393700787402)) ;
#10621=DIRECTION('Axis2P3D Direction',(-0.00711820651109,0.0387212375328,0.)) ;
#10622=DIRECTION('Axis2P3D XDirection',(0.0387212375328,0.00711820651109,0.)) ;
#10626=DIRECTION('Vector Direction',(0.,0.,-0.0393700787402)) ;
#10645=DIRECTION('Axis2P3D Direction',(0.00142632861728,0.0393442332074,0.)) ;
#10646=DIRECTION('Axis2P3D XDirection',(0.0393442332074,-0.00142632861728,0.)) ;
#10650=DIRECTION('Vector Direction',(0.,0.,-0.0393700787402)) ;
#10669=DIRECTION('Axis2P3D Direction',(0.00996908363787,0.0380870118469,0.)) ;
#10670=DIRECTION('Axis2P3D XDirection',(0.0380870118469,-0.00996908363787,0.)) ;
#10674=DIRECTION('Vector Direction',(0.,0.,-0.0393700787402)) ;
#10693=DIRECTION('Axis2P3D Direction',(0.0152330852495,0.0363036666714,0.)) ;
#10694=DIRECTION('Axis2P3D XDirection',(0.0363036666714,-0.0152330852495,0.)) ;
#10698=DIRECTION('Vector Direction',(0.,0.,-0.0393700787402)) ;
#10717=DIRECTION('Axis2P3D Direction',(0.0181387652171,0.034942642951,0.)) ;
#10718=DIRECTION('Axis2P3D XDirection',(0.034942642951,-0.0181387652171,0.)) ;
#10722=DIRECTION('Vector Direction',(0.,0.,-0.0393700787402)) ;
#10741=DIRECTION('Axis2P3D Direction',(0.0205952570021,0.0335535167907,0.)) ;
#10742=DIRECTION('Axis2P3D XDirection',(0.0335535167907,-0.0205952570021,0.)) ;
#10746=DIRECTION('Vector Direction',(0.,0.,-0.0393700787402)) ;
#10765=DIRECTION('Axis2P3D Direction',(0.0226858823384,0.0321769147454,0.)) ;
#10766=DIRECTION('Axis2P3D XDirection',(0.0321769147454,-0.0226858823384,0.)) ;
#10770=DIRECTION('Vector Direction',(0.,0.,-0.0393700787402)) ;
#10789=DIRECTION('Axis2P3D Direction',(0.0244800164051,0.030833940663,0.)) ;
#10790=DIRECTION('Axis2P3D XDirection',(0.030833940663,-0.0244800164051,0.)) ;
#10794=DIRECTION('Vector Direction',(0.,0.,-0.0393700787402)) ;
#10813=DIRECTION('Axis2P3D Direction',(0.0260006638783,0.0295629595591,0.)) ;
#10814=DIRECTION('Axis2P3D XDirection',(0.0295629595591,-0.0260006638783,0.)) ;
#10818=DIRECTION('Vector Direction',(0.,0.,-0.0393700787402)) ;
#10837=DIRECTION('Axis2P3D Direction',(0.0272537806076,0.0284118732681,0.)) ;
#10838=DIRECTION('Axis2P3D XDirection',(0.0284118732681,-0.0272537806076,0.)) ;
#10842=DIRECTION('Vector Direction',(0.,0.,-0.0393700787402)) ;
#10861=DIRECTION('Axis2P3D Direction',(0.0282329776415,0.02743906109,0.)) ;
#10862=DIRECTION('Axis2P3D XDirection',(0.02743906109,-0.0282329776415,-0.)) ;
#10866=DIRECTION('Vector Direction',(0.,0.,-0.0393700787402)) ;
#10885=DIRECTION('Axis2P3D Direction',(0.027838849653,-0.027838849653,0.)) ;
#10886=DIRECTION('Axis2P3D XDirection',(-0.027838849653,-0.027838849653,-0.)) ;
#10890=DIRECTION('Vector Direction',(0.,0.,-0.0393700787402)) ;
#10909=DIRECTION('Axis2P3D Direction',(-0.00350639333752,-0.0392136239816,-0.)) ;
#10910=DIRECTION('Axis2P3D XDirection',(-0.0392136239816,0.00350639333752,0.)) ;
#10914=DIRECTION('Vector Direction',(0.,0.,-0.0393700787402)) ;
#10933=DIRECTION('Axis2P3D Direction',(0.027838849653,0.027838849653,0.)) ;
#10934=DIRECTION('Axis2P3D XDirection',(0.027838849653,-0.027838849653,-0.)) ;
#10938=DIRECTION('Vector Direction',(0.,0.,-0.0393700787402)) ;
#10957=DIRECTION('Axis2P3D Direction',(-0.0393392621258,-0.00155741946832,-0.)) ;
#10958=DIRECTION('Axis2P3D XDirection',(-0.00155741946832,0.0393392621258,0.)) ;
#10962=DIRECTION('Vector Direction',(0.,0.,-0.0393700787402)) ;
#10981=DIRECTION('Axis2P3D Direction',(-0.0275290820687,0.0281452081261,0.)) ;
#10982=DIRECTION('Axis2P3D XDirection',(0.0281452081261,0.0275290820687,0.)) ;
#10986=DIRECTION('Vector Direction',(0.,0.,-0.0393700787402)) ;
#11005=DIRECTION('Axis2P3D Direction',(0.0255265044309,0.0299733326733,0.)) ;
#11006=DIRECTION('Axis2P3D XDirection',(0.0299733326733,-0.0255265044309,0.)) ;
#11010=DIRECTION('Vector Direction',(0.,0.,-0.0393700787402)) ;
#11029=DIRECTION('Axis2P3D Direction',(0.0260509277317,0.0295186765341,0.)) ;
#11030=DIRECTION('Axis2P3D XDirection',(0.0295186765341,-0.0260509277317,0.)) ;
#11034=DIRECTION('Vector Direction',(0.,0.,-0.0393700787402)) ;
#11053=DIRECTION('Axis2P3D Direction',(0.0265907157793,0.0290333762135,0.)) ;
#11054=DIRECTION('Axis2P3D XDirection',(0.0290333762135,-0.0265907157793,0.)) ;
#11058=DIRECTION('Vector Direction',(0.,0.,-0.0393700787402)) ;
#11077=DIRECTION('Axis2P3D Direction',(0.0270783449223,0.0285791241342,0.)) ;
#11078=DIRECTION('Axis2P3D XDirection',(0.0285791241342,-0.0270783449223,0.)) ;
#11082=DIRECTION('Vector Direction',(0.,0.,-0.0393700787402)) ;
#11101=DIRECTION('Axis2P3D Direction',(0.0275803010852,0.0280950189902,0.)) ;
#11102=DIRECTION('Axis2P3D XDirection',(0.0280950189902,-0.0275803010852,0.)) ;
#11106=DIRECTION('Vector Direction',(0.,0.,-0.0393700787402)) ;
#11125=DIRECTION('Axis2P3D Direction',(0.0284093542338,0.02725640644,0.)) ;
#11126=DIRECTION('Axis2P3D XDirection',(0.02725640644,-0.0284093542338,-0.)) ;
#11130=DIRECTION('Vector Direction',(0.,0.,-0.0393700787402)) ;
#11149=DIRECTION('Axis2P3D Direction',(0.0296007757818,0.0259576033779,0.)) ;
#11150=DIRECTION('Axis2P3D XDirection',(0.0259576033779,-0.0296007757818,-0.)) ;
#11154=DIRECTION('Vector Direction',(0.,0.,-0.0393700787402)) ;
#11173=DIRECTION('Axis2P3D Direction',(0.030818813998,0.0244990572016,0.)) ;
#11174=DIRECTION('Axis2P3D XDirection',(0.0244990572016,-0.030818813998,-0.)) ;
#11178=DIRECTION('Vector Direction',(0.,0.,-0.0393700787402)) ;
#11197=DIRECTION('Axis2P3D Direction',(0.0321248752038,0.0227595143433,0.)) ;
#11198=DIRECTION('Axis2P3D XDirection',(0.0227595143433,-0.0321248752038,-0.)) ;
#11202=DIRECTION('Vector Direction',(0.,0.,-0.0393700787402)) ;
#11221=DIRECTION('Axis2P3D Direction',(0.033457949712,0.020750149423,0.)) ;
#11222=DIRECTION('Axis2P3D XDirection',(0.020750149423,-0.033457949712,-0.)) ;
#11226=DIRECTION('Vector Direction',(0.,0.,-0.0393700787402)) ;
#11245=DIRECTION('Axis2P3D Direction',(0.0347777181201,0.0184530057812,0.)) ;
#11246=DIRECTION('Axis2P3D XDirection',(0.0184530057812,-0.0347777181201,-0.)) ;
#11250=DIRECTION('Vector Direction',(0.,0.,-0.0393700787402)) ;
#11269=DIRECTION('Axis2P3D Direction',(0.0360483166248,0.0158278857883,0.)) ;
#11270=DIRECTION('Axis2P3D XDirection',(0.0158278857883,-0.0360483166248,-0.)) ;
#11274=DIRECTION('Vector Direction',(0.,0.,-0.0393700787402)) ;
#11293=DIRECTION('Axis2P3D Direction',(0.0372300300547,0.0128034355598,0.)) ;
#11294=DIRECTION('Axis2P3D XDirection',(0.0128034355598,-0.0372300300547,-0.)) ;
#11298=DIRECTION('Vector Direction',(0.,0.,-0.0393700787402)) ;
#11317=DIRECTION('Axis2P3D Direction',(0.0382148925023,0.00946705292278,0.)) ;
#11318=DIRECTION('Axis2P3D XDirection',(0.00946705292278,-0.0382148925023,-0.)) ;
#11322=DIRECTION('Vector Direction',(0.,0.,-0.0393700787402)) ;
#11341=DIRECTION('Axis2P3D Direction',(0.0389475268373,0.00575267357515,0.)) ;
#11342=DIRECTION('Axis2P3D XDirection',(0.00575267357515,-0.0389475268373,-0.)) ;
#11346=DIRECTION('Vector Direction',(0.,0.,-0.0393700787402)) ;
#11365=DIRECTION('Axis2P3D Direction',(0.0393248968108,0.0018856274358,0.)) ;
#11366=DIRECTION('Axis2P3D XDirection',(0.0018856274358,-0.0393248968108,-0.)) ;
#11370=DIRECTION('Vector Direction',(0.,0.,-0.0393700787402)) ;
#11389=DIRECTION('Axis2P3D Direction',(0.0393299002857,-0.00177821357671,0.)) ;
#11390=DIRECTION('Axis2P3D XDirection',(-0.00177821357671,-0.0393299002857,-0.)) ;
#11394=DIRECTION('Vector Direction',(0.,0.,-0.0393700787402)) ;
#11413=DIRECTION('Axis2P3D Direction',(0.0390454562537,-0.00504533903222,0.)) ;
#11414=DIRECTION('Axis2P3D XDirection',(-0.00504533903222,-0.0390454562537,-0.)) ;
#11418=DIRECTION('Vector Direction',(0.,0.,-0.0393700787402)) ;
#11437=DIRECTION('Axis2P3D Direction',(0.0385407702955,-0.00803816677096,0.)) ;
#11438=DIRECTION('Axis2P3D XDirection',(-0.00803816677096,-0.0385407702955,-0.)) ;
#11442=DIRECTION('Vector Direction',(0.,0.,-0.0393700787402)) ;
#11461=DIRECTION('Axis2P3D Direction',(0.0379152065831,-0.0106037828047,0.)) ;
#11462=DIRECTION('Axis2P3D XDirection',(-0.0106037828047,-0.0379152065831,-0.)) ;
#11466=DIRECTION('Vector Direction',(0.,0.,-0.0393700787402)) ;
#11485=DIRECTION('Axis2P3D Direction',(0.037199666011,-0.0128913904864,0.)) ;
#11486=DIRECTION('Axis2P3D XDirection',(-0.0128913904864,-0.037199666011,-0.)) ;
#11490=DIRECTION('Vector Direction',(0.,0.,-0.0393700787402)) ;
#11509=DIRECTION('Axis2P3D Direction',(0.036444871151,-0.0148920941037,0.)) ;
#11510=DIRECTION('Axis2P3D XDirection',(-0.0148920941037,-0.036444871151,-0.)) ;
#11514=DIRECTION('Vector Direction',(0.,0.,-0.0393700787402)) ;
#11533=DIRECTION('Axis2P3D Direction',(0.0356745805903,-0.0166531498435,0.)) ;
#11534=DIRECTION('Axis2P3D XDirection',(-0.0166531498435,-0.0356745805903,-0.)) ;
#11538=DIRECTION('Vector Direction',(0.,0.,-0.0393700787402)) ;
#11557=DIRECTION('Axis2P3D Direction',(0.0349356153488,-0.0181522968301,0.)) ;
#11558=DIRECTION('Axis2P3D XDirection',(-0.0181522968301,-0.0349356153488,-0.)) ;
#11562=DIRECTION('Vector Direction',(0.,0.,-0.0393700787402)) ;
#11581=DIRECTION('Axis2P3D Direction',(0.0342004207031,-0.0195021620273,0.)) ;
#11582=DIRECTION('Axis2P3D XDirection',(-0.0195021620273,-0.0342004207031,-0.)) ;
#11586=DIRECTION('Vector Direction',(0.,0.,-0.0393700787402)) ;
#11605=DIRECTION('Axis2P3D Direction',(0.0393700745327,-1.82016063838E-005,0.)) ;
#11606=DIRECTION('Axis2P3D XDirection',(-1.82016063838E-005,-0.0393700745327,-0.)) ;
#11610=DIRECTION('Vector Direction',(0.,0.,-0.0393700787402)) ;
#11629=DIRECTION('Axis2P3D Direction',(-0.0180027488932,0.0350129137933,0.)) ;
#11630=DIRECTION('Axis2P3D XDirection',(0.0350129137933,0.0180027488932,0.)) ;
#11634=DIRECTION('Vector Direction',(0.,0.,-0.0393700787402)) ;
#11653=DIRECTION('Axis2P3D Direction',(-0.0174943955265,0.0352696643756,0.)) ;
#11654=DIRECTION('Axis2P3D XDirection',(0.0352696643756,0.0174943955265,0.)) ;
#11658=DIRECTION('Vector Direction',(0.,0.,-0.0393700787402)) ;
#11677=DIRECTION('Axis2P3D Direction',(-0.016908864341,0.0355540912794,0.)) ;
#11678=DIRECTION('Axis2P3D XDirection',(0.0355540912794,0.016908864341,0.)) ;
#11682=DIRECTION('Vector Direction',(0.,0.,-0.0393700787402)) ;
#11701=DIRECTION('Axis2P3D Direction',(-0.0163075136263,0.0358338959553,0.)) ;
#11702=DIRECTION('Axis2P3D XDirection',(0.0358338959553,0.0163075136263,0.)) ;
#11706=DIRECTION('Vector Direction',(0.,0.,-0.0393700787402)) ;
#11725=DIRECTION('Axis2P3D Direction',(-0.0156624784318,0.0361204909903,0.)) ;
#11726=DIRECTION('Axis2P3D XDirection',(0.0361204909903,0.0156624784318,0.)) ;
#11730=DIRECTION('Vector Direction',(0.,0.,-0.0393700787402)) ;
#11749=DIRECTION('Axis2P3D Direction',(-0.0149695824079,0.0364131116844,0.)) ;
#11750=DIRECTION('Axis2P3D XDirection',(0.0364131116844,0.0149695824079,0.)) ;
#11754=DIRECTION('Vector Direction',(0.,0.,-0.0393700787402)) ;
#11773=DIRECTION('Axis2P3D Direction',(-0.0142117072328,0.0367155345533,0.)) ;
#11774=DIRECTION('Axis2P3D XDirection',(0.0367155345533,0.0142117072328,0.)) ;
#11778=DIRECTION('Vector Direction',(0.,0.,-0.0393700787402)) ;
#11797=DIRECTION('Axis2P3D Direction',(-0.0133783921856,0.0370273104956,0.)) ;
#11798=DIRECTION('Axis2P3D XDirection',(0.0370273104956,0.0133783921856,0.)) ;
#11802=DIRECTION('Vector Direction',(0.,0.,-0.0393700787402)) ;
#11821=DIRECTION('Axis2P3D Direction',(-0.0125101858803,0.0373295907993,0.)) ;
#11822=DIRECTION('Axis2P3D XDirection',(0.0373295907993,0.0125101858803,0.)) ;
#11826=DIRECTION('Vector Direction',(0.,0.,-0.0393700787402)) ;
#11845=DIRECTION('Axis2P3D Direction',(-0.0115891382098,0.0376257222597,0.)) ;
#11846=DIRECTION('Axis2P3D XDirection',(0.0376257222597,0.0115891382098,0.)) ;
#11850=DIRECTION('Vector Direction',(0.,0.,-0.0393700787402)) ;
#11869=DIRECTION('Axis2P3D Direction',(-0.0105957717624,0.0379174461266,0.)) ;
#11870=DIRECTION('Axis2P3D XDirection',(0.0379174461266,0.0105957717624,0.)) ;
#11874=DIRECTION('Vector Direction',(0.,0.,-0.0393700787402)) ;
#11893=DIRECTION('Axis2P3D Direction',(-0.0116707679542,0.0376004823821,0.)) ;
#11894=DIRECTION('Axis2P3D XDirection',(0.0376004823821,0.0116707679542,0.)) ;
#11912=DIRECTION('Vector Direction',(-0.0101978156979,0.0380264073375,0.)) ;
#11921=DIRECTION('Vector Direction',(-0.027838849653,-0.027838849653,0.)) ;
#11928=DIRECTION('Vector Direction',(0.0101978156978,-0.0380264073375,0.)) ;
#11935=DIRECTION('Vector Direction',(0.027838849653,0.027838849653,0.)) ;
#11954=DIRECTION('Axis2P3D Direction',(-0.0380264073375,-0.0101978156979,-0.)) ;
#11955=DIRECTION('Axis2P3D XDirection',(-0.0101978156979,0.0380264073375,0.)) ;
#11959=DIRECTION('Vector Direction',(0.,0.,-0.0393700787402)) ;
#11964=DIRECTION('Vector Direction',(0.,0.,-0.0393700787402)) ;
#11983=DIRECTION('Axis2P3D Direction',(0.027838849653,-0.027838849653,0.)) ;
#11984=DIRECTION('Axis2P3D XDirection',(-0.027838849653,-0.027838849653,-0.)) ;
#11988=DIRECTION('Vector Direction',(0.,0.,-0.0393700787402)) ;
#12007=DIRECTION('Axis2P3D Direction',(0.0380264073375,0.0101978156978,0.)) ;
#12008=DIRECTION('Axis2P3D XDirection',(0.0101978156978,-0.0380264073375,-0.)) ;
#12012=DIRECTION('Vector Direction',(0.,0.,-0.0393700787402)) ;
#12031=DIRECTION('Axis2P3D Direction',(-0.027838849653,0.027838849653,0.)) ;
#12032=DIRECTION('Axis2P3D XDirection',(0.027838849653,0.027838849653,0.)) ;
#12050=DIRECTION('Vector Direction',(-0.0106893290252,0.0378911776671,0.)) ;
#12059=DIRECTION('Vector Direction',(-0.0391133886428,-0.00448842164758,0.)) ;
#12066=DIRECTION('Vector Direction',(-0.0387623641182,-0.00689073493723,0.)) ;
#12073=DIRECTION('Vector Direction',(-0.0383564556564,-0.00887611454873,0.)) ;
#12080=DIRECTION('Vector Direction',(-0.0379353151848,-0.0105316172469,0.)) ;
#12087=DIRECTION('Vector Direction',(-0.0375228097517,-0.0119181310761,0.)) ;
#12094=DIRECTION('Vector Direction',(-0.0371114600466,-0.0131431591795,0.)) ;
#12101=DIRECTION('Vector Direction',(-0.0367358291694,-0.0141591650618,0.)) ;
#12108=DIRECTION('Vector Direction',(-0.0363814615448,-0.0150463402815,0.)) ;
#12115=DIRECTION('Vector Direction',(-0.0360408172872,-0.0158449546948,0.)) ;
#12122=DIRECTION('Vector Direction',(-0.0356416857993,-0.0167234366502,0.)) ;
#12129=DIRECTION('Vector Direction',(0.0172015921217,-0.035413391937,0.)) ;
#12136=DIRECTION('Vector Direction',(0.0359365658643,0.0160799979443,0.)) ;
#12143=DIRECTION('Vector Direction',(0.0362096133393,0.0154553227668,0.)) ;
#12150=DIRECTION('Vector Direction',(0.0364964911265,0.0147651358091,0.)) ;
#12157=DIRECTION('Vector Direction',(0.0368148670311,0.0139523713214,0.)) ;
#12164=DIRECTION('Vector Direction',(0.0371454564603,0.0130467683493,0.)) ;
#12171=DIRECTION('Vector Direction',(0.0374893294291,0.0120230311886,0.)) ;
#12178=DIRECTION('Vector Direction',(0.0378572529026,0.0108088622286,0.)) ;
#12185=DIRECTION('Vector Direction',(0.0382267630596,0.00941900663494,0.)) ;
#12192=DIRECTION('Vector Direction',(0.0385937596376,0.00777976972928,0.)) ;
#12199=DIRECTION('Vector Direction',(0.0389343807036,0.00584098444048,0.)) ;
#12236=DIRECTION('Axis2P3D Direction',(-0.0378911776671,-0.0106893290252,-0.)) ;
#12237=DIRECTION('Axis2P3D XDirection',(-0.0106893290252,0.0378911776671,0.)) ;
#12241=DIRECTION('Vector Direction',(0.,0.,-0.0393700787402)) ;
#12246=DIRECTION('Vector Direction',(0.,0.,-0.0393700787402)) ;
#12265=DIRECTION('Axis2P3D Direction',(0.00448842164758,-0.0391133886428,0.)) ;
#12266=DIRECTION('Axis2P3D XDirection',(-0.0391133886428,-0.00448842164758,0.)) ;
#12270=DIRECTION('Vector Direction',(0.,0.,-0.0393700787402)) ;
#12289=DIRECTION('Axis2P3D Direction',(0.00689073493723,-0.0387623641182,0.)) ;
#12290=DIRECTION('Axis2P3D XDirection',(-0.0387623641182,-0.00689073493723,0.)) ;
#12294=DIRECTION('Vector Direction',(0.,0.,-0.0393700787402)) ;
#12313=DIRECTION('Axis2P3D Direction',(0.00887611454873,-0.0383564556564,0.)) ;
#12314=DIRECTION('Axis2P3D XDirection',(-0.0383564556564,-0.00887611454873,0.)) ;
#12318=DIRECTION('Vector Direction',(0.,0.,-0.0393700787402)) ;
#12337=DIRECTION('Axis2P3D Direction',(0.0105316172468,-0.0379353151848,0.)) ;
#12338=DIRECTION('Axis2P3D XDirection',(-0.0379353151848,-0.0105316172468,0.)) ;
#12342=DIRECTION('Vector Direction',(0.,0.,-0.0393700787402)) ;
#12361=DIRECTION('Axis2P3D Direction',(0.0119181310761,-0.0375228097517,0.)) ;
#12362=DIRECTION('Axis2P3D XDirection',(-0.0375228097517,-0.0119181310761,0.)) ;
#12366=DIRECTION('Vector Direction',(0.,0.,-0.0393700787402)) ;
#12385=DIRECTION('Axis2P3D Direction',(0.0131431591795,-0.0371114600466,0.)) ;
#12386=DIRECTION('Axis2P3D XDirection',(-0.0371114600466,-0.0131431591795,0.)) ;
#12390=DIRECTION('Vector Direction',(0.,0.,-0.0393700787402)) ;
#12409=DIRECTION('Axis2P3D Direction',(0.0141591650618,-0.0367358291694,0.)) ;
#12410=DIRECTION('Axis2P3D XDirection',(-0.0367358291694,-0.0141591650618,0.)) ;
#12414=DIRECTION('Vector Direction',(0.,0.,-0.0393700787402)) ;
#12433=DIRECTION('Axis2P3D Direction',(0.0150463402815,-0.0363814615448,0.)) ;
#12434=DIRECTION('Axis2P3D XDirection',(-0.0363814615448,-0.0150463402815,0.)) ;
#12438=DIRECTION('Vector Direction',(0.,0.,-0.0393700787402)) ;
#12457=DIRECTION('Axis2P3D Direction',(0.0158449546948,-0.0360408172872,0.)) ;
#12458=DIRECTION('Axis2P3D XDirection',(-0.0360408172872,-0.0158449546948,0.)) ;
#12462=DIRECTION('Vector Direction',(0.,0.,-0.0393700787402)) ;
#12481=DIRECTION('Axis2P3D Direction',(0.0167234366502,-0.0356416857993,0.)) ;
#12482=DIRECTION('Axis2P3D XDirection',(-0.0356416857993,-0.0167234366502,0.)) ;
#12486=DIRECTION('Vector Direction',(0.,0.,-0.0393700787402)) ;
#12505=DIRECTION('Axis2P3D Direction',(0.035413391937,0.0172015921217,0.)) ;
#12506=DIRECTION('Axis2P3D XDirection',(0.0172015921217,-0.035413391937,-0.)) ;
#12510=DIRECTION('Vector Direction',(0.,0.,-0.0393700787402)) ;
#12529=DIRECTION('Axis2P3D Direction',(-0.0160799979443,0.0359365658643,0.)) ;
#12530=DIRECTION('Axis2P3D XDirection',(0.0359365658643,0.0160799979443,0.)) ;
#12534=DIRECTION('Vector Direction',(0.,0.,-0.0393700787402)) ;
#12553=DIRECTION('Axis2P3D Direction',(-0.0154553227668,0.0362096133393,0.)) ;
#12554=DIRECTION('Axis2P3D XDirection',(0.0362096133393,0.0154553227668,0.)) ;
#12558=DIRECTION('Vector Direction',(0.,0.,-0.0393700787402)) ;
#12577=DIRECTION('Axis2P3D Direction',(-0.0147651358091,0.0364964911265,0.)) ;
#12578=DIRECTION('Axis2P3D XDirection',(0.0364964911265,0.0147651358091,0.)) ;
#12582=DIRECTION('Vector Direction',(0.,0.,-0.0393700787402)) ;
#12601=DIRECTION('Axis2P3D Direction',(-0.0139523713214,0.0368148670311,0.)) ;
#12602=DIRECTION('Axis2P3D XDirection',(0.0368148670311,0.0139523713214,0.)) ;
#12606=DIRECTION('Vector Direction',(0.,0.,-0.0393700787402)) ;
#12625=DIRECTION('Axis2P3D Direction',(-0.0130467683493,0.0371454564603,0.)) ;
#12626=DIRECTION('Axis2P3D XDirection',(0.0371454564603,0.0130467683493,0.)) ;
#12630=DIRECTION('Vector Direction',(0.,0.,-0.0393700787402)) ;
#12649=DIRECTION('Axis2P3D Direction',(-0.0120230311886,0.0374893294291,0.)) ;
#12650=DIRECTION('Axis2P3D XDirection',(0.0374893294291,0.0120230311886,0.)) ;
#12654=DIRECTION('Vector Direction',(0.,0.,-0.0393700787402)) ;
#12673=DIRECTION('Axis2P3D Direction',(-0.0108088622286,0.0378572529026,0.)) ;
#12674=DIRECTION('Axis2P3D XDirection',(0.0378572529026,0.0108088622286,0.)) ;
#12678=DIRECTION('Vector Direction',(0.,0.,-0.0393700787402)) ;
#12697=DIRECTION('Axis2P3D Direction',(-0.00941900663495,0.0382267630596,0.)) ;
#12698=DIRECTION('Axis2P3D XDirection',(0.0382267630596,0.00941900663495,0.)) ;
#12702=DIRECTION('Vector Direction',(0.,0.,-0.0393700787402)) ;
#12721=DIRECTION('Axis2P3D Direction',(-0.00777976972928,0.0385937596376,0.)) ;
#12722=DIRECTION('Axis2P3D XDirection',(0.0385937596376,0.00777976972928,0.)) ;
#12726=DIRECTION('Vector Direction',(0.,0.,-0.0393700787402)) ;
#12745=DIRECTION('Axis2P3D Direction',(-0.00584098444048,0.0389343807036,0.)) ;
#12746=DIRECTION('Axis2P3D XDirection',(0.0389343807036,0.00584098444048,0.)) ;
#12764=DIRECTION('Vector Direction',(-0.00112262006293,0.0393540699827,0.)) ;
#12773=DIRECTION('Vector Direction',(-0.0393333414885,-0.00170039623533,0.)) ;
#12780=DIRECTION('Vector Direction',(-0.0392312730845,-0.0033030761681,0.)) ;
#12787=DIRECTION('Vector Direction',(-0.0390454739995,-0.00504520169658,0.)) ;
#12794=DIRECTION('Vector Direction',(-0.0387691403544,-0.00685250729199,0.)) ;
#12801=DIRECTION('Vector Direction',(-0.0383817686716,-0.00876601013286,0.)) ;
#12808=DIRECTION('Vector Direction',(-0.0378626676665,-0.0107898793868,0.)) ;
#12815=DIRECTION('Vector Direction',(-0.0372064358193,-0.0128718387821,0.)) ;
#12822=DIRECTION('Vector Direction',(-0.0363942118188,-0.0150154735554,0.)) ;
#12829=DIRECTION('Vector Direction',(-0.0354076730235,-0.01721336083,0.)) ;
#12836=DIRECTION('Vector Direction',(-0.0342497873128,-0.0194153333485,0.)) ;
#12843=DIRECTION('Vector Direction',(0.00770934093059,-0.0386078898986,0.)) ;
#12850=DIRECTION('Vector Direction',(0.0346853280713,0.0186260869909,0.)) ;
#12857=DIRECTION('Vector Direction',(0.0357593700372,0.0164702930924,0.)) ;
#12864=DIRECTION('Vector Direction',(0.0366289981731,0.0144332807372,0.)) ;
#12871=DIRECTION('Vector Direction',(0.0373311160865,0.0125056336003,0.)) ;
#12878=DIRECTION('Vector Direction',(0.0378836662122,0.010715919668,0.)) ;
#12885=DIRECTION('Vector Direction',(0.0383099335874,0.00907480515137,0.)) ;
#12892=DIRECTION('Vector Direction',(0.0386419221055,0.007536906262,0.)) ;
#12899=DIRECTION('Vector Direction',(0.0388920947227,0.00611621354177,0.)) ;
#12906=DIRECTION('Vector Direction',(0.0390747657958,0.00481308404321,0.)) ;
#12913=DIRECTION('Vector Direction',(0.0392048482781,0.00360318907361,0.)) ;
#12950=DIRECTION('Axis2P3D Direction',(-0.0393540699827,-0.00112262006292,-0.)) ;
#12951=DIRECTION('Axis2P3D XDirection',(-0.00112262006292,0.0393540699827,0.)) ;
#12955=DIRECTION('Vector Direction',(0.,0.,-0.0393700787402)) ;
#12960=DIRECTION('Vector Direction',(0.,0.,-0.0393700787402)) ;
#12979=DIRECTION('Axis2P3D Direction',(0.00170039623533,-0.0393333414885,0.)) ;
#12980=DIRECTION('Axis2P3D XDirection',(-0.0393333414885,-0.00170039623533,0.)) ;
#12984=DIRECTION('Vector Direction',(0.,0.,-0.0393700787402)) ;
#13003=DIRECTION('Axis2P3D Direction',(0.0033030761681,-0.0392312730845,0.)) ;
#13004=DIRECTION('Axis2P3D XDirection',(-0.0392312730845,-0.0033030761681,0.)) ;
#13008=DIRECTION('Vector Direction',(0.,0.,-0.0393700787402)) ;
#13027=DIRECTION('Axis2P3D Direction',(0.00504520169658,-0.0390454739995,0.)) ;
#13028=DIRECTION('Axis2P3D XDirection',(-0.0390454739995,-0.00504520169658,0.)) ;
#13032=DIRECTION('Vector Direction',(0.,0.,-0.0393700787402)) ;
#13051=DIRECTION('Axis2P3D Direction',(0.00685250729199,-0.0387691403544,0.)) ;
#13052=DIRECTION('Axis2P3D XDirection',(-0.0387691403544,-0.00685250729199,0.)) ;
#13056=DIRECTION('Vector Direction',(0.,0.,-0.0393700787402)) ;
#13075=DIRECTION('Axis2P3D Direction',(0.00876601013286,-0.0383817686716,0.)) ;
#13076=DIRECTION('Axis2P3D XDirection',(-0.0383817686716,-0.00876601013286,0.)) ;
#13080=DIRECTION('Vector Direction',(0.,0.,-0.0393700787402)) ;
#13099=DIRECTION('Axis2P3D Direction',(0.0107898793868,-0.0378626676665,0.)) ;
#13100=DIRECTION('Axis2P3D XDirection',(-0.0378626676665,-0.0107898793868,0.)) ;
#13104=DIRECTION('Vector Direction',(0.,0.,-0.0393700787402)) ;
#13123=DIRECTION('Axis2P3D Direction',(0.0128718387821,-0.0372064358193,0.)) ;
#13124=DIRECTION('Axis2P3D XDirection',(-0.0372064358193,-0.0128718387821,0.)) ;
#13128=DIRECTION('Vector Direction',(0.,0.,-0.0393700787402)) ;
#13147=DIRECTION('Axis2P3D Direction',(0.0150154735554,-0.0363942118188,0.)) ;
#13148=DIRECTION('Axis2P3D XDirection',(-0.0363942118188,-0.0150154735554,0.)) ;
#13152=DIRECTION('Vector Direction',(0.,0.,-0.0393700787402)) ;
#13171=DIRECTION('Axis2P3D Direction',(0.01721336083,-0.0354076730235,0.)) ;
#13172=DIRECTION('Axis2P3D XDirection',(-0.0354076730235,-0.01721336083,0.)) ;
#13176=DIRECTION('Vector Direction',(0.,0.,-0.0393700787402)) ;
#13195=DIRECTION('Axis2P3D Direction',(0.0194153333485,-0.0342497873128,0.)) ;
#13196=DIRECTION('Axis2P3D XDirection',(-0.0342497873128,-0.0194153333485,0.)) ;
#13200=DIRECTION('Vector Direction',(0.,0.,-0.0393700787402)) ;
#13219=DIRECTION('Axis2P3D Direction',(0.0386078898986,0.0077093409306,0.)) ;
#13220=DIRECTION('Axis2P3D XDirection',(0.0077093409306,-0.0386078898986,-0.)) ;
#13224=DIRECTION('Vector Direction',(0.,0.,-0.0393700787402)) ;
#13243=DIRECTION('Axis2P3D Direction',(-0.0186260869909,0.0346853280713,0.)) ;
#13244=DIRECTION('Axis2P3D XDirection',(0.0346853280713,0.0186260869909,0.)) ;
#13248=DIRECTION('Vector Direction',(0.,0.,-0.0393700787402)) ;
#13267=DIRECTION('Axis2P3D Direction',(-0.0164702930924,0.0357593700372,0.)) ;
#13268=DIRECTION('Axis2P3D XDirection',(0.0357593700372,0.0164702930924,0.)) ;
#13272=DIRECTION('Vector Direction',(0.,0.,-0.0393700787402)) ;
#13291=DIRECTION('Axis2P3D Direction',(-0.0144332807372,0.0366289981732,0.)) ;
#13292=DIRECTION('Axis2P3D XDirection',(0.0366289981732,0.0144332807372,0.)) ;
#13296=DIRECTION('Vector Direction',(0.,0.,-0.0393700787402)) ;
#13315=DIRECTION('Axis2P3D Direction',(-0.0125056336003,0.0373311160865,0.)) ;
#13316=DIRECTION('Axis2P3D XDirection',(0.0373311160865,0.0125056336003,0.)) ;
#13320=DIRECTION('Vector Direction',(0.,0.,-0.0393700787402)) ;
#13339=DIRECTION('Axis2P3D Direction',(-0.010715919668,0.0378836662122,0.)) ;
#13340=DIRECTION('Axis2P3D XDirection',(0.0378836662122,0.010715919668,0.)) ;
#13344=DIRECTION('Vector Direction',(0.,0.,-0.0393700787402)) ;
#13363=DIRECTION('Axis2P3D Direction',(-0.00907480515137,0.0383099335874,0.)) ;
#13364=DIRECTION('Axis2P3D XDirection',(0.0383099335874,0.00907480515137,0.)) ;
#13368=DIRECTION('Vector Direction',(0.,0.,-0.0393700787402)) ;
#13387=DIRECTION('Axis2P3D Direction',(-0.007536906262,0.0386419221055,0.)) ;
#13388=DIRECTION('Axis2P3D XDirection',(0.0386419221055,0.007536906262,0.)) ;
#13392=DIRECTION('Vector Direction',(0.,0.,-0.0393700787402)) ;
#13411=DIRECTION('Axis2P3D Direction',(-0.00611621354178,0.0388920947227,0.)) ;
#13412=DIRECTION('Axis2P3D XDirection',(0.0388920947227,0.00611621354178,0.)) ;
#13416=DIRECTION('Vector Direction',(0.,0.,-0.0393700787402)) ;
#13435=DIRECTION('Axis2P3D Direction',(-0.00481308404321,0.0390747657958,0.)) ;
#13436=DIRECTION('Axis2P3D XDirection',(0.0390747657958,0.00481308404321,0.)) ;
#13440=DIRECTION('Vector Direction',(0.,0.,-0.0393700787402)) ;
#13459=DIRECTION('Axis2P3D Direction',(-0.0036031890736,0.0392048482781,0.)) ;
#13460=DIRECTION('Axis2P3D XDirection',(0.0392048482781,0.0036031890736,0.)) ;
#13478=DIRECTION('Vector Direction',(0.0119864575233,0.0375010391329,0.)) ;
#13487=DIRECTION('Vector Direction',(0.008338040927,0.0384770083752,0.)) ;
#13494=DIRECTION('Vector Direction',(0.00271614186722,0.0392762736695,0.)) ;
#13501=DIRECTION('Vector Direction',(-0.00346756806774,0.0392170762768,0.)) ;
#13508=DIRECTION('Vector Direction',(-0.00992590404664,0.0380982877419,0.)) ;
#13515=DIRECTION('Vector Direction',(-0.0160320773102,0.0359579698694,0.)) ;
#13522=DIRECTION('Vector Direction',(-0.0205852058336,0.0335596841582,0.)) ;
#13529=DIRECTION('Vector Direction',(-0.0234862376981,0.0315974641197,0.)) ;
#13536=DIRECTION('Vector Direction',(-0.0249977478842,0.0304157147002,0.)) ;
#13543=DIRECTION('Vector Direction',(-0.0258245403464,0.0297169348336,0.)) ;
#13550=DIRECTION('Vector Direction',(-0.0265051803199,0.0291114842668,0.)) ;
#13557=DIRECTION('Vector Direction',(-0.027110392559,0.0285487252833,0.)) ;
#13564=DIRECTION('Vector Direction',(-0.0275917737623,0.0280837518977,0.)) ;
#13571=DIRECTION('Vector Direction',(-0.0283487440406,0.0273194401723,0.)) ;
#13578=DIRECTION('Vector Direction',(-0.027838849653,-0.027838849653,0.)) ;
#13585=DIRECTION('Vector Direction',(-0.00260247987999,-0.0392839687211,0.)) ;
#13592=DIRECTION('Vector Direction',(-0.027838849653,0.027838849653,0.)) ;
#13599=DIRECTION('Vector Direction',(-0.003134384899,-0.0392451109224,0.)) ;
#13606=DIRECTION('Vector Direction',(0.027838849653,-0.027838849653,0.)) ;
#13613=DIRECTION('Vector Direction',(0.00327872043356,0.0392333161016,0.)) ;
#13620=DIRECTION('Vector Direction',(0.0278660957834,0.0278115768305,0.)) ;
#13627=DIRECTION('Vector Direction',(0.0302599331788,-0.0251860982293,0.)) ;
#13634=DIRECTION('Vector Direction',(0.0293542659184,-0.0262360471946,0.)) ;
#13641=DIRECTION('Vector Direction',(0.0283856209621,-0.027281122092,0.)) ;
#13648=DIRECTION('Vector Direction',(0.0271470377238,-0.0285138815812,0.)) ;
#13655=DIRECTION('Vector Direction',(0.0256424830601,-0.0298741721646,0.)) ;
#13662=DIRECTION('Vector Direction',(0.0240360019134,-0.0311813038859,0.)) ;
#13669=DIRECTION('Vector Direction',(0.022275108082,-0.0324626348274,0.)) ;
#13676=DIRECTION('Vector Direction',(0.0203582570181,-0.0336978407497,0.)) ;
#13683=DIRECTION('Vector Direction',(0.0183596073334,-0.0348271147035,0.)) ;
#13690=DIRECTION('Vector Direction',(0.0162092580615,-0.0358784483096,0.)) ;
#13697=DIRECTION('Vector Direction',(0.0139831082434,-0.0368032034456,0.)) ;
#13704=DIRECTION('Vector Direction',(0.0116998124019,-0.03759145501,0.)) ;
#13711=DIRECTION('Vector Direction',(0.00936003990934,-0.0382412441338,0.)) ;
#13760=DIRECTION('Axis2P3D Direction',(-0.0375010391329,0.0119864575233,0.)) ;
#13761=DIRECTION('Axis2P3D XDirection',(0.0119864575233,0.0375010391329,0.)) ;
#13765=DIRECTION('Vector Direction',(0.,0.,-0.0393700787402)) ;
#13770=DIRECTION('Vector Direction',(0.,0.,-0.0393700787402)) ;
#13789=DIRECTION('Axis2P3D Direction',(-0.0384770083752,0.00833804092701,0.)) ;
#13790=DIRECTION('Axis2P3D XDirection',(0.00833804092701,0.0384770083752,0.)) ;
#13794=DIRECTION('Vector Direction',(0.,0.,-0.0393700787402)) ;
#13813=DIRECTION('Axis2P3D Direction',(-0.0392762736695,0.00271614186721,0.)) ;
#13814=DIRECTION('Axis2P3D XDirection',(0.00271614186721,0.0392762736695,0.)) ;
#13818=DIRECTION('Vector Direction',(0.,0.,-0.0393700787402)) ;
#13837=DIRECTION('Axis2P3D Direction',(-0.0392170762768,-0.00346756806773,-0.)) ;
#13838=DIRECTION('Axis2P3D XDirection',(-0.00346756806773,0.0392170762768,0.)) ;
#13842=DIRECTION('Vector Direction',(0.,0.,-0.0393700787402)) ;
#13861=DIRECTION('Axis2P3D Direction',(-0.0380982877419,-0.00992590404664,-0.)) ;
#13862=DIRECTION('Axis2P3D XDirection',(-0.00992590404664,0.0380982877419,0.)) ;
#13866=DIRECTION('Vector Direction',(0.,0.,-0.0393700787402)) ;
#13885=DIRECTION('Axis2P3D Direction',(-0.0359579698694,-0.0160320773102,-0.)) ;
#13886=DIRECTION('Axis2P3D XDirection',(-0.0160320773102,0.0359579698694,0.)) ;
#13890=DIRECTION('Vector Direction',(0.,0.,-0.0393700787402)) ;
#13909=DIRECTION('Axis2P3D Direction',(-0.0335596841582,-0.0205852058336,-0.)) ;
#13910=DIRECTION('Axis2P3D XDirection',(-0.0205852058336,0.0335596841582,0.)) ;
#13914=DIRECTION('Vector Direction',(0.,0.,-0.0393700787402)) ;
#13933=DIRECTION('Axis2P3D Direction',(-0.0315974641197,-0.0234862376981,-0.)) ;
#13934=DIRECTION('Axis2P3D XDirection',(-0.0234862376981,0.0315974641197,0.)) ;
#13938=DIRECTION('Vector Direction',(0.,0.,-0.0393700787402)) ;
#13957=DIRECTION('Axis2P3D Direction',(-0.0304157147002,-0.0249977478842,-0.)) ;
#13958=DIRECTION('Axis2P3D XDirection',(-0.0249977478842,0.0304157147002,0.)) ;
#13962=DIRECTION('Vector Direction',(0.,0.,-0.0393700787402)) ;
#13981=DIRECTION('Axis2P3D Direction',(-0.0297169348336,-0.0258245403464,-0.)) ;
#13982=DIRECTION('Axis2P3D XDirection',(-0.0258245403464,0.0297169348336,0.)) ;
#13986=DIRECTION('Vector Direction',(0.,0.,-0.0393700787402)) ;
#14005=DIRECTION('Axis2P3D Direction',(-0.0291114842668,-0.0265051803199,-0.)) ;
#14006=DIRECTION('Axis2P3D XDirection',(-0.0265051803199,0.0291114842668,0.)) ;
#14010=DIRECTION('Vector Direction',(0.,0.,-0.0393700787402)) ;
#14029=DIRECTION('Axis2P3D Direction',(-0.0285487252833,-0.027110392559,-0.)) ;
#14030=DIRECTION('Axis2P3D XDirection',(-0.027110392559,0.0285487252833,0.)) ;
#14034=DIRECTION('Vector Direction',(0.,0.,-0.0393700787402)) ;
#14053=DIRECTION('Axis2P3D Direction',(-0.0280837518977,-0.0275917737623,-0.)) ;
#14054=DIRECTION('Axis2P3D XDirection',(-0.0275917737623,0.0280837518977,0.)) ;
#14058=DIRECTION('Vector Direction',(0.,0.,-0.0393700787402)) ;
#14077=DIRECTION('Axis2P3D Direction',(-0.0273194401723,-0.0283487440406,-0.)) ;
#14078=DIRECTION('Axis2P3D XDirection',(-0.0283487440406,0.0273194401723,0.)) ;
#14082=DIRECTION('Vector Direction',(0.,0.,-0.0393700787402)) ;
#14101=DIRECTION('Axis2P3D Direction',(0.027838849653,-0.027838849653,0.)) ;
#14102=DIRECTION('Axis2P3D XDirection',(-0.027838849653,-0.027838849653,-0.)) ;
#14106=DIRECTION('Vector Direction',(0.,0.,-0.0393700787402)) ;
#14125=DIRECTION('Axis2P3D Direction',(0.0392839687211,-0.00260247987999,0.)) ;
#14126=DIRECTION('Axis2P3D XDirection',(-0.00260247987999,-0.0392839687211,-0.)) ;
#14130=DIRECTION('Vector Direction',(0.,0.,-0.0393700787402)) ;
#14149=DIRECTION('Axis2P3D Direction',(-0.027838849653,-0.027838849653,-0.)) ;
#14150=DIRECTION('Axis2P3D XDirection',(-0.027838849653,0.027838849653,0.)) ;
#14154=DIRECTION('Vector Direction',(0.,0.,-0.0393700787402)) ;
#14173=DIRECTION('Axis2P3D Direction',(0.0392451109224,-0.003134384899,0.)) ;
#14174=DIRECTION('Axis2P3D XDirection',(-0.003134384899,-0.0392451109224,-0.)) ;
#14178=DIRECTION('Vector Direction',(0.,0.,-0.0393700787402)) ;
#14197=DIRECTION('Axis2P3D Direction',(0.027838849653,0.027838849653,0.)) ;
#14198=DIRECTION('Axis2P3D XDirection',(0.027838849653,-0.027838849653,0.)) ;
#14202=DIRECTION('Vector Direction',(0.,0.,-0.0393700787402)) ;
#14221=DIRECTION('Axis2P3D Direction',(-0.0392333161016,0.00327872043356,0.)) ;
#14222=DIRECTION('Axis2P3D XDirection',(0.00327872043356,0.0392333161016,0.)) ;
#14226=DIRECTION('Vector Direction',(0.,0.,-0.0393700787402)) ;
#14245=DIRECTION('Axis2P3D Direction',(-0.0278115768305,0.0278660957834,0.)) ;
#14246=DIRECTION('Axis2P3D XDirection',(0.0278660957834,0.0278115768305,0.)) ;
#14250=DIRECTION('Vector Direction',(0.,0.,-0.0393700787402)) ;
#14269=DIRECTION('Axis2P3D Direction',(0.0251860982293,0.0302599331789,0.)) ;
#14270=DIRECTION('Axis2P3D XDirection',(0.0302599331789,-0.0251860982293,0.)) ;
#14274=DIRECTION('Vector Direction',(0.,0.,-0.0393700787402)) ;
#14293=DIRECTION('Axis2P3D Direction',(0.0262360471946,0.0293542659184,0.)) ;
#14294=DIRECTION('Axis2P3D XDirection',(0.0293542659184,-0.0262360471946,0.)) ;
#14298=DIRECTION('Vector Direction',(0.,0.,-0.0393700787402)) ;
#14317=DIRECTION('Axis2P3D Direction',(0.027281122092,0.0283856209621,0.)) ;
#14318=DIRECTION('Axis2P3D XDirection',(0.0283856209621,-0.027281122092,0.)) ;
#14322=DIRECTION('Vector Direction',(0.,0.,-0.0393700787402)) ;
#14341=DIRECTION('Axis2P3D Direction',(0.0285138815812,0.0271470377238,0.)) ;
#14342=DIRECTION('Axis2P3D XDirection',(0.0271470377238,-0.0285138815812,-0.)) ;
#14346=DIRECTION('Vector Direction',(0.,0.,-0.0393700787402)) ;
#14365=DIRECTION('Axis2P3D Direction',(0.0298741721646,0.0256424830601,0.)) ;
#14366=DIRECTION('Axis2P3D XDirection',(0.0256424830601,-0.0298741721646,-0.)) ;
#14370=DIRECTION('Vector Direction',(0.,0.,-0.0393700787402)) ;
#14389=DIRECTION('Axis2P3D Direction',(0.0311813038859,0.0240360019134,0.)) ;
#14390=DIRECTION('Axis2P3D XDirection',(0.0240360019134,-0.0311813038859,-0.)) ;
#14394=DIRECTION('Vector Direction',(0.,0.,-0.0393700787402)) ;
#14413=DIRECTION('Axis2P3D Direction',(0.0324626348274,0.022275108082,0.)) ;
#14414=DIRECTION('Axis2P3D XDirection',(0.022275108082,-0.0324626348274,-0.)) ;
#14418=DIRECTION('Vector Direction',(0.,0.,-0.0393700787402)) ;
#14437=DIRECTION('Axis2P3D Direction',(0.0336978407497,0.020358257018,0.)) ;
#14438=DIRECTION('Axis2P3D XDirection',(0.020358257018,-0.0336978407497,-0.)) ;
#14442=DIRECTION('Vector Direction',(0.,0.,-0.0393700787402)) ;
#14461=DIRECTION('Axis2P3D Direction',(0.0348271147035,0.0183596073334,0.)) ;
#14462=DIRECTION('Axis2P3D XDirection',(0.0183596073334,-0.0348271147035,-0.)) ;
#14466=DIRECTION('Vector Direction',(0.,0.,-0.0393700787402)) ;
#14485=DIRECTION('Axis2P3D Direction',(0.0358784483096,0.0162092580615,0.)) ;
#14486=DIRECTION('Axis2P3D XDirection',(0.0162092580615,-0.0358784483096,-0.)) ;
#14490=DIRECTION('Vector Direction',(0.,0.,-0.0393700787402)) ;
#14509=DIRECTION('Axis2P3D Direction',(0.0368032034456,0.0139831082434,0.)) ;
#14510=DIRECTION('Axis2P3D XDirection',(0.0139831082434,-0.0368032034456,-0.)) ;
#14514=DIRECTION('Vector Direction',(0.,0.,-0.0393700787402)) ;
#14533=DIRECTION('Axis2P3D Direction',(0.03759145501,0.0116998124019,0.)) ;
#14534=DIRECTION('Axis2P3D XDirection',(0.0116998124019,-0.03759145501,-0.)) ;
#14538=DIRECTION('Vector Direction',(0.,0.,-0.0393700787402)) ;
#14557=DIRECTION('Axis2P3D Direction',(0.0382412441338,0.00936003990934,0.)) ;
#14558=DIRECTION('Axis2P3D XDirection',(0.00936003990934,-0.0382412441338,-0.)) ;
#14576=DIRECTION('Vector Direction',(-0.00140309308832,0.0393450686845,0.)) ;
#14585=DIRECTION('Vector Direction',(-0.027838849653,0.027838849653,0.)) ;
#14592=DIRECTION('Vector Direction',(-0.027838849653,-0.027838849653,0.)) ;
#14599=DIRECTION('Vector Direction',(-0.00410958276965,-0.0391550051649,0.)) ;
#14606=DIRECTION('Vector Direction',(-0.027838849653,0.027838849653,0.)) ;
#14613=DIRECTION('Vector Direction',(-0.00152157812307,-0.0393406647125,0.)) ;
#14620=DIRECTION('Vector Direction',(0.027838849653,-0.027838849653,0.)) ;
#14627=DIRECTION('Vector Direction',(0.00417373394538,0.0391482189245,0.)) ;
#14634=DIRECTION('Vector Direction',(0.027838849653,0.027838849653,0.)) ;
#14641=DIRECTION('Vector Direction',(0.027838849653,-0.027838849653,0.)) ;
#14666=DIRECTION('Axis2P3D Direction',(-0.0393450686845,-0.00140309308831,-0.)) ;
#14667=DIRECTION('Axis2P3D XDirection',(-0.00140309308831,0.0393450686845,0.)) ;
#14671=DIRECTION('Vector Direction',(0.,0.,-0.0393700787402)) ;
#14676=DIRECTION('Vector Direction',(0.,0.,-0.0393700787402)) ;
#14695=DIRECTION('Axis2P3D Direction',(-0.027838849653,-0.027838849653,-0.)) ;
#14696=DIRECTION('Axis2P3D XDirection',(-0.027838849653,0.027838849653,0.)) ;
#14700=DIRECTION('Vector Direction',(0.,0.,-0.0393700787402)) ;
#14719=DIRECTION('Vector Direction',(0.,0.,-0.0393700787402)) ;
#14738=DIRECTION('Axis2P3D Direction',(0.0391550051649,-0.00410958276965,0.)) ;
#14739=DIRECTION('Axis2P3D XDirection',(-0.00410958276965,-0.0391550051649,-0.)) ;
#14743=DIRECTION('Vector Direction',(0.,0.,-0.0393700787402)) ;
#14762=DIRECTION('Vector Direction',(0.,0.,-0.0393700787402)) ;
#14781=DIRECTION('Axis2P3D Direction',(0.0393406647125,-0.00152157812306,0.)) ;
#14782=DIRECTION('Axis2P3D XDirection',(-0.00152157812306,-0.0393406647125,-0.)) ;
#14786=DIRECTION('Vector Direction',(0.,0.,-0.0393700787402)) ;
#14805=DIRECTION('Vector Direction',(0.,0.,-0.0393700787402)) ;
#14824=DIRECTION('Axis2P3D Direction',(-0.0391482189245,0.00417373394538,0.)) ;
#14825=DIRECTION('Axis2P3D XDirection',(0.00417373394538,0.0391482189245,0.)) ;
#14829=DIRECTION('Vector Direction',(0.,0.,-0.0393700787402)) ;
#14848=DIRECTION('Vector Direction',(0.,0.,-0.0393700787402)) ;
#14867=DIRECTION('Axis2P3D Direction',(0.027838849653,0.027838849653,0.)) ;
#14868=DIRECTION('Axis2P3D XDirection',(0.027838849653,-0.027838849653,-0.)) ;
#14886=DIRECTION('Axis2P3D Direction',(0.,-0.,0.0393700787402)) ;
#14895=DIRECTION('Axis2P3D Direction',(0.,-0.,0.0393700787402)) ;
#14904=DIRECTION('Axis2P3D Direction',(0.,-0.,0.0393700787402)) ;
#14913=DIRECTION('Axis2P3D Direction',(0.,-0.,0.0393700787402)) ;
#14922=DIRECTION('Axis2P3D Direction',(0.,-0.,0.0393700787402)) ;
#14931=DIRECTION('Axis2P3D Direction',(0.,-0.,0.0393700787402)) ;
#14940=DIRECTION('Axis2P3D Direction',(0.,-0.,0.0393700787402)) ;
#14949=DIRECTION('Axis2P3D Direction',(0.,-0.,0.0393700787402)) ;
#14958=DIRECTION('Axis2P3D Direction',(0.,-0.,0.0393700787402)) ;
#14967=DIRECTION('Axis2P3D Direction',(0.,-0.,0.0393700787402)) ;
#14976=DIRECTION('Axis2P3D Direction',(0.,-0.,0.0393700787402)) ;
#14985=DIRECTION('Axis2P3D Direction',(0.,-0.,0.0393700787402)) ;
#14994=DIRECTION('Axis2P3D Direction',(0.,-0.,0.0393700787402)) ;
#15003=DIRECTION('Axis2P3D Direction',(0.,-0.,0.0393700787402)) ;
#15012=DIRECTION('Axis2P3D Direction',(0.,-0.,0.0393700787402)) ;
#15021=DIRECTION('Axis2P3D Direction',(0.,-0.,0.0393700787402)) ;
#15030=DIRECTION('Axis2P3D Direction',(0.,-0.,0.0393700787402)) ;
#15039=DIRECTION('Axis2P3D Direction',(0.,-0.,0.0393700787402)) ;
#15048=DIRECTION('Axis2P3D Direction',(0.,-0.,0.0393700787402)) ;
#15057=DIRECTION('Axis2P3D Direction',(0.,-0.,0.0393700787402)) ;
#15074=DIRECTION('Axis2P3D Direction',(0.,-0.,0.0393700787402)) ;
#15075=DIRECTION('Axis2P3D XDirection',(0.027838849653,-0.027838849653,0.)) ;
#15079=DIRECTION('Vector Direction',(0.,0.,0.0393700787402)) ;
#15084=DIRECTION('Vector Direction',(0.,0.,0.0393700787402)) ;
#15117=DIRECTION('Axis2P3D Direction',(0.,-0.,0.0393700787402)) ;
#15118=DIRECTION('Axis2P3D XDirection',(-0.027838849653,0.027838849653,0.)) ;
#15122=DIRECTION('Vector Direction',(0.,0.,0.0393700787402)) ;
#15127=DIRECTION('Vector Direction',(0.,0.,0.0393700787402)) ;
#15160=DIRECTION('Axis2P3D Direction',(0.,-0.,0.0393700787402)) ;
#15161=DIRECTION('Axis2P3D XDirection',(-0.027838849653,0.027838849653,0.)) ;
#15165=DIRECTION('Vector Direction',(0.,0.,0.0393700787402)) ;
#15170=DIRECTION('Vector Direction',(0.,0.,0.0393700787402)) ;
#15203=DIRECTION('Axis2P3D Direction',(0.,-0.,0.0393700787402)) ;
#15204=DIRECTION('Axis2P3D XDirection',(-0.027838849653,0.027838849653,0.)) ;
#15208=DIRECTION('Vector Direction',(0.,0.,0.0393700787402)) ;
#15213=DIRECTION('Vector Direction',(0.,0.,0.0393700787402)) ;
#15246=DIRECTION('Axis2P3D Direction',(0.,-0.,0.0393700787402)) ;
#15247=DIRECTION('Axis2P3D XDirection',(-0.027838849653,0.027838849653,0.)) ;
#15251=DIRECTION('Vector Direction',(0.,0.,0.0393700787402)) ;
#15256=DIRECTION('Vector Direction',(0.,0.,0.0393700787402)) ;
#15289=DIRECTION('Axis2P3D Direction',(0.,-0.,0.0393700787402)) ;
#15290=DIRECTION('Axis2P3D XDirection',(-0.027838849653,0.027838849653,0.)) ;
#15294=DIRECTION('Vector Direction',(0.,0.,0.0393700787402)) ;
#15299=DIRECTION('Vector Direction',(0.,0.,0.0393700787402)) ;
#15332=DIRECTION('Axis2P3D Direction',(0.,-0.,0.0393700787402)) ;
#15333=DIRECTION('Axis2P3D XDirection',(-0.027838849653,0.027838849653,0.)) ;
#15337=DIRECTION('Vector Direction',(0.,0.,0.0393700787402)) ;
#15342=DIRECTION('Vector Direction',(0.,0.,0.0393700787402)) ;
#15375=DIRECTION('Axis2P3D Direction',(0.,-0.,0.0393700787402)) ;
#15376=DIRECTION('Axis2P3D XDirection',(0.027838849653,-0.027838849653,-0.)) ;
#15380=DIRECTION('Vector Direction',(0.,0.,0.0393700787402)) ;
#15385=DIRECTION('Vector Direction',(0.,0.,0.0393700787402)) ;
#15418=DIRECTION('Axis2P3D Direction',(0.,-0.,0.0393700787402)) ;
#15419=DIRECTION('Axis2P3D XDirection',(0.027838849653,-0.027838849653,-0.)) ;
#15423=DIRECTION('Vector Direction',(0.,0.,0.0393700787402)) ;
#15428=DIRECTION('Vector Direction',(0.,0.,0.0393700787402)) ;
#15461=DIRECTION('Axis2P3D Direction',(0.,-0.,0.0393700787402)) ;
#15462=DIRECTION('Axis2P3D XDirection',(0.027838849653,-0.027838849653,-0.)) ;
#15466=DIRECTION('Vector Direction',(0.,0.,0.0393700787402)) ;
#15471=DIRECTION('Vector Direction',(0.,0.,0.0393700787402)) ;
#8=PRODUCT_RELATED_PRODUCT_CATEGORY('part',$,(#5)) ;
#7=PRODUCT_CATEGORY('part','specification') ;
#33=STYLED_ITEM(' ',(#32),#25) ;
#32=PRESENTATION_STYLE_ASSIGNMENT((#31)) ;
#4831=PRESENTATION_STYLE_ASSIGNMENT((#4830)) ;
#4860=PRESENTATION_STYLE_ASSIGNMENT((#4859)) ;
#4884=PRESENTATION_STYLE_ASSIGNMENT((#4883)) ;
#4908=PRESENTATION_STYLE_ASSIGNMENT((#4907)) ;
#4932=PRESENTATION_STYLE_ASSIGNMENT((#4931)) ;
#4956=PRESENTATION_STYLE_ASSIGNMENT((#4955)) ;
#4980=PRESENTATION_STYLE_ASSIGNMENT((#4979)) ;
#5004=PRESENTATION_STYLE_ASSIGNMENT((#5003)) ;
#5028=PRESENTATION_STYLE_ASSIGNMENT((#5027)) ;
#5052=PRESENTATION_STYLE_ASSIGNMENT((#5051)) ;
#5076=PRESENTATION_STYLE_ASSIGNMENT((#5075)) ;
#5100=PRESENTATION_STYLE_ASSIGNMENT((#5099)) ;
#5124=PRESENTATION_STYLE_ASSIGNMENT((#5123)) ;
#5148=PRESENTATION_STYLE_ASSIGNMENT((#5147)) ;
#5172=PRESENTATION_STYLE_ASSIGNMENT((#5171)) ;
#5196=PRESENTATION_STYLE_ASSIGNMENT((#5195)) ;
#5220=PRESENTATION_STYLE_ASSIGNMENT((#5219)) ;
#5244=PRESENTATION_STYLE_ASSIGNMENT((#5243)) ;
#5268=PRESENTATION_STYLE_ASSIGNMENT((#5267)) ;
#5292=PRESENTATION_STYLE_ASSIGNMENT((#5291)) ;
#5316=PRESENTATION_STYLE_ASSIGNMENT((#5315)) ;
#5340=PRESENTATION_STYLE_ASSIGNMENT((#5339)) ;
#5364=PRESENTATION_STYLE_ASSIGNMENT((#5363)) ;
#5388=PRESENTATION_STYLE_ASSIGNMENT((#5387)) ;
#5412=PRESENTATION_STYLE_ASSIGNMENT((#5411)) ;
#5436=PRESENTATION_STYLE_ASSIGNMENT((#5435)) ;
#5455=PRESENTATION_STYLE_ASSIGNMENT((#5454)) ;
#5479=PRESENTATION_STYLE_ASSIGNMENT((#5478)) ;
#5503=PRESENTATION_STYLE_ASSIGNMENT((#5502)) ;
#5527=PRESENTATION_STYLE_ASSIGNMENT((#5526)) ;
#5551=PRESENTATION_STYLE_ASSIGNMENT((#5550)) ;
#5575=PRESENTATION_STYLE_ASSIGNMENT((#5574)) ;
#5599=PRESENTATION_STYLE_ASSIGNMENT((#5598)) ;
#5623=PRESENTATION_STYLE_ASSIGNMENT((#5622)) ;
#5647=PRESENTATION_STYLE_ASSIGNMENT((#5646)) ;
#5671=PRESENTATION_STYLE_ASSIGNMENT((#5670)) ;
#5695=PRESENTATION_STYLE_ASSIGNMENT((#5694)) ;
#5719=PRESENTATION_STYLE_ASSIGNMENT((#5718)) ;
#5743=PRESENTATION_STYLE_ASSIGNMENT((#5742)) ;
#5767=PRESENTATION_STYLE_ASSIGNMENT((#5766)) ;
#5791=PRESENTATION_STYLE_ASSIGNMENT((#5790)) ;
#5815=PRESENTATION_STYLE_ASSIGNMENT((#5814)) ;
#5839=PRESENTATION_STYLE_ASSIGNMENT((#5838)) ;
#5863=PRESENTATION_STYLE_ASSIGNMENT((#5862)) ;
#5887=PRESENTATION_STYLE_ASSIGNMENT((#5886)) ;
#5911=PRESENTATION_STYLE_ASSIGNMENT((#5910)) ;
#5935=PRESENTATION_STYLE_ASSIGNMENT((#5934)) ;
#5959=PRESENTATION_STYLE_ASSIGNMENT((#5958)) ;
#5978=PRESENTATION_STYLE_ASSIGNMENT((#5977)) ;
#6002=PRESENTATION_STYLE_ASSIGNMENT((#6001)) ;
#6026=PRESENTATION_STYLE_ASSIGNMENT((#6025)) ;
#6050=PRESENTATION_STYLE_ASSIGNMENT((#6049)) ;
#6074=PRESENTATION_STYLE_ASSIGNMENT((#6073)) ;
#6098=PRESENTATION_STYLE_ASSIGNMENT((#6097)) ;
#6122=PRESENTATION_STYLE_ASSIGNMENT((#6121)) ;
#6146=PRESENTATION_STYLE_ASSIGNMENT((#6145)) ;
#6170=PRESENTATION_STYLE_ASSIGNMENT((#6169)) ;
#6194=PRESENTATION_STYLE_ASSIGNMENT((#6193)) ;
#6218=PRESENTATION_STYLE_ASSIGNMENT((#6217)) ;
#6242=PRESENTATION_STYLE_ASSIGNMENT((#6241)) ;
#6266=PRESENTATION_STYLE_ASSIGNMENT((#6265)) ;
#6290=PRESENTATION_STYLE_ASSIGNMENT((#6289)) ;
#6314=PRESENTATION_STYLE_ASSIGNMENT((#6313)) ;
#6338=PRESENTATION_STYLE_ASSIGNMENT((#6337)) ;
#6362=PRESENTATION_STYLE_ASSIGNMENT((#6361)) ;
#6386=PRESENTATION_STYLE_ASSIGNMENT((#6385)) ;
#6410=PRESENTATION_STYLE_ASSIGNMENT((#6409)) ;
#6434=PRESENTATION_STYLE_ASSIGNMENT((#6433)) ;
#6458=PRESENTATION_STYLE_ASSIGNMENT((#6457)) ;
#6482=PRESENTATION_STYLE_ASSIGNMENT((#6481)) ;
#6506=PRESENTATION_STYLE_ASSIGNMENT((#6505)) ;
#6530=PRESENTATION_STYLE_ASSIGNMENT((#6529)) ;
#6554=PRESENTATION_STYLE_ASSIGNMENT((#6553)) ;
#6578=PRESENTATION_STYLE_ASSIGNMENT((#6577)) ;
#6602=PRESENTATION_STYLE_ASSIGNMENT((#6601)) ;
#6626=PRESENTATION_STYLE_ASSIGNMENT((#6625)) ;
#6650=PRESENTATION_STYLE_ASSIGNMENT((#6649)) ;
#6674=PRESENTATION_STYLE_ASSIGNMENT((#6673)) ;
#6698=PRESENTATION_STYLE_ASSIGNMENT((#6697)) ;
#6722=PRESENTATION_STYLE_ASSIGNMENT((#6721)) ;
#6746=PRESENTATION_STYLE_ASSIGNMENT((#6745)) ;
#6770=PRESENTATION_STYLE_ASSIGNMENT((#6769)) ;
#6794=PRESENTATION_STYLE_ASSIGNMENT((#6793)) ;
#6818=PRESENTATION_STYLE_ASSIGNMENT((#6817)) ;
#6842=PRESENTATION_STYLE_ASSIGNMENT((#6841)) ;
#6866=PRESENTATION_STYLE_ASSIGNMENT((#6865)) ;
#6890=PRESENTATION_STYLE_ASSIGNMENT((#6889)) ;
#6914=PRESENTATION_STYLE_ASSIGNMENT((#6913)) ;
#6938=PRESENTATION_STYLE_ASSIGNMENT((#6937)) ;
#6962=PRESENTATION_STYLE_ASSIGNMENT((#6961)) ;
#6986=PRESENTATION_STYLE_ASSIGNMENT((#6985)) ;
#7010=PRESENTATION_STYLE_ASSIGNMENT((#7009)) ;
#7034=PRESENTATION_STYLE_ASSIGNMENT((#7033)) ;
#7058=PRESENTATION_STYLE_ASSIGNMENT((#7057)) ;
#7082=PRESENTATION_STYLE_ASSIGNMENT((#7081)) ;
#7101=PRESENTATION_STYLE_ASSIGNMENT((#7100)) ;
#7120=PRESENTATION_STYLE_ASSIGNMENT((#7119)) ;
#7144=PRESENTATION_STYLE_ASSIGNMENT((#7143)) ;
#7168=PRESENTATION_STYLE_ASSIGNMENT((#7167)) ;
#7192=PRESENTATION_STYLE_ASSIGNMENT((#7191)) ;
#7216=PRESENTATION_STYLE_ASSIGNMENT((#7215)) ;
#7240=PRESENTATION_STYLE_ASSIGNMENT((#7239)) ;
#7264=PRESENTATION_STYLE_ASSIGNMENT((#7263)) ;
#7288=PRESENTATION_STYLE_ASSIGNMENT((#7287)) ;
#7312=PRESENTATION_STYLE_ASSIGNMENT((#7311)) ;
#7336=PRESENTATION_STYLE_ASSIGNMENT((#7335)) ;
#7360=PRESENTATION_STYLE_ASSIGNMENT((#7359)) ;
#7384=PRESENTATION_STYLE_ASSIGNMENT((#7383)) ;
#7408=PRESENTATION_STYLE_ASSIGNMENT((#7407)) ;
#7432=PRESENTATION_STYLE_ASSIGNMENT((#7431)) ;
#7456=PRESENTATION_STYLE_ASSIGNMENT((#7455)) ;
#7480=PRESENTATION_STYLE_ASSIGNMENT((#7479)) ;
#7504=PRESENTATION_STYLE_ASSIGNMENT((#7503)) ;
#7528=PRESENTATION_STYLE_ASSIGNMENT((#7527)) ;
#7552=PRESENTATION_STYLE_ASSIGNMENT((#7551)) ;
#7576=PRESENTATION_STYLE_ASSIGNMENT((#7575)) ;
#7600=PRESENTATION_STYLE_ASSIGNMENT((#7599)) ;
#7624=PRESENTATION_STYLE_ASSIGNMENT((#7623)) ;
#7648=PRESENTATION_STYLE_ASSIGNMENT((#7647)) ;
#7672=PRESENTATION_STYLE_ASSIGNMENT((#7671)) ;
#7696=PRESENTATION_STYLE_ASSIGNMENT((#7695)) ;
#7720=PRESENTATION_STYLE_ASSIGNMENT((#7719)) ;
#7744=PRESENTATION_STYLE_ASSIGNMENT((#7743)) ;
#7768=PRESENTATION_STYLE_ASSIGNMENT((#7767)) ;
#7792=PRESENTATION_STYLE_ASSIGNMENT((#7791)) ;
#7816=PRESENTATION_STYLE_ASSIGNMENT((#7815)) ;
#7840=PRESENTATION_STYLE_ASSIGNMENT((#7839)) ;
#7864=PRESENTATION_STYLE_ASSIGNMENT((#7863)) ;
#7888=PRESENTATION_STYLE_ASSIGNMENT((#7887)) ;
#7912=PRESENTATION_STYLE_ASSIGNMENT((#7911)) ;
#7936=PRESENTATION_STYLE_ASSIGNMENT((#7935)) ;
#7960=PRESENTATION_STYLE_ASSIGNMENT((#7959)) ;
#7984=PRESENTATION_STYLE_ASSIGNMENT((#7983)) ;
#8008=PRESENTATION_STYLE_ASSIGNMENT((#8007)) ;
#8032=PRESENTATION_STYLE_ASSIGNMENT((#8031)) ;
#8056=PRESENTATION_STYLE_ASSIGNMENT((#8055)) ;
#8080=PRESENTATION_STYLE_ASSIGNMENT((#8079)) ;
#8104=PRESENTATION_STYLE_ASSIGNMENT((#8103)) ;
#8123=PRESENTATION_STYLE_ASSIGNMENT((#8122)) ;
#9077=PRESENTATION_STYLE_ASSIGNMENT((#9076)) ;
#9106=PRESENTATION_STYLE_ASSIGNMENT((#9105)) ;
#9130=PRESENTATION_STYLE_ASSIGNMENT((#9129)) ;
#9154=PRESENTATION_STYLE_ASSIGNMENT((#9153)) ;
#9178=PRESENTATION_STYLE_ASSIGNMENT((#9177)) ;
#9202=PRESENTATION_STYLE_ASSIGNMENT((#9201)) ;
#9226=PRESENTATION_STYLE_ASSIGNMENT((#9225)) ;
#9250=PRESENTATION_STYLE_ASSIGNMENT((#9249)) ;
#9274=PRESENTATION_STYLE_ASSIGNMENT((#9273)) ;
#9298=PRESENTATION_STYLE_ASSIGNMENT((#9297)) ;
#9322=PRESENTATION_STYLE_ASSIGNMENT((#9321)) ;
#9346=PRESENTATION_STYLE_ASSIGNMENT((#9345)) ;
#9370=PRESENTATION_STYLE_ASSIGNMENT((#9369)) ;
#9394=PRESENTATION_STYLE_ASSIGNMENT((#9393)) ;
#9418=PRESENTATION_STYLE_ASSIGNMENT((#9417)) ;
#9442=PRESENTATION_STYLE_ASSIGNMENT((#9441)) ;
#9466=PRESENTATION_STYLE_ASSIGNMENT((#9465)) ;
#9490=PRESENTATION_STYLE_ASSIGNMENT((#9489)) ;
#9514=PRESENTATION_STYLE_ASSIGNMENT((#9513)) ;
#9538=PRESENTATION_STYLE_ASSIGNMENT((#9537)) ;
#9562=PRESENTATION_STYLE_ASSIGNMENT((#9561)) ;
#9586=PRESENTATION_STYLE_ASSIGNMENT((#9585)) ;
#9610=PRESENTATION_STYLE_ASSIGNMENT((#9609)) ;
#9634=PRESENTATION_STYLE_ASSIGNMENT((#9633)) ;
#9658=PRESENTATION_STYLE_ASSIGNMENT((#9657)) ;
#9682=PRESENTATION_STYLE_ASSIGNMENT((#9681)) ;
#9706=PRESENTATION_STYLE_ASSIGNMENT((#9705)) ;
#9730=PRESENTATION_STYLE_ASSIGNMENT((#9729)) ;
#9754=PRESENTATION_STYLE_ASSIGNMENT((#9753)) ;
#9778=PRESENTATION_STYLE_ASSIGNMENT((#9777)) ;
#9802=PRESENTATION_STYLE_ASSIGNMENT((#9801)) ;
#9826=PRESENTATION_STYLE_ASSIGNMENT((#9825)) ;
#9850=PRESENTATION_STYLE_ASSIGNMENT((#9849)) ;
#9874=PRESENTATION_STYLE_ASSIGNMENT((#9873)) ;
#9898=PRESENTATION_STYLE_ASSIGNMENT((#9897)) ;
#9922=PRESENTATION_STYLE_ASSIGNMENT((#9921)) ;
#9946=PRESENTATION_STYLE_ASSIGNMENT((#9945)) ;
#9970=PRESENTATION_STYLE_ASSIGNMENT((#9969)) ;
#9994=PRESENTATION_STYLE_ASSIGNMENT((#9993)) ;
#10018=PRESENTATION_STYLE_ASSIGNMENT((#10017)) ;
#10042=PRESENTATION_STYLE_ASSIGNMENT((#10041)) ;
#10066=PRESENTATION_STYLE_ASSIGNMENT((#10065)) ;
#10090=PRESENTATION_STYLE_ASSIGNMENT((#10089)) ;
#10114=PRESENTATION_STYLE_ASSIGNMENT((#10113)) ;
#10138=PRESENTATION_STYLE_ASSIGNMENT((#10137)) ;
#10162=PRESENTATION_STYLE_ASSIGNMENT((#10161)) ;
#10186=PRESENTATION_STYLE_ASSIGNMENT((#10185)) ;
#10210=PRESENTATION_STYLE_ASSIGNMENT((#10209)) ;
#10234=PRESENTATION_STYLE_ASSIGNMENT((#10233)) ;
#10258=PRESENTATION_STYLE_ASSIGNMENT((#10257)) ;
#10282=PRESENTATION_STYLE_ASSIGNMENT((#10281)) ;
#10306=PRESENTATION_STYLE_ASSIGNMENT((#10305)) ;
#10330=PRESENTATION_STYLE_ASSIGNMENT((#10329)) ;
#10354=PRESENTATION_STYLE_ASSIGNMENT((#10353)) ;
#10378=PRESENTATION_STYLE_ASSIGNMENT((#10377)) ;
#10402=PRESENTATION_STYLE_ASSIGNMENT((#10401)) ;
#10426=PRESENTATION_STYLE_ASSIGNMENT((#10425)) ;
#10450=PRESENTATION_STYLE_ASSIGNMENT((#10449)) ;
#10474=PRESENTATION_STYLE_ASSIGNMENT((#10473)) ;
#10498=PRESENTATION_STYLE_ASSIGNMENT((#10497)) ;
#10522=PRESENTATION_STYLE_ASSIGNMENT((#10521)) ;
#10546=PRESENTATION_STYLE_ASSIGNMENT((#10545)) ;
#10570=PRESENTATION_STYLE_ASSIGNMENT((#10569)) ;
#10594=PRESENTATION_STYLE_ASSIGNMENT((#10593)) ;
#10618=PRESENTATION_STYLE_ASSIGNMENT((#10617)) ;
#10642=PRESENTATION_STYLE_ASSIGNMENT((#10641)) ;
#10666=PRESENTATION_STYLE_ASSIGNMENT((#10665)) ;
#10690=PRESENTATION_STYLE_ASSIGNMENT((#10689)) ;
#10714=PRESENTATION_STYLE_ASSIGNMENT((#10713)) ;
#10738=PRESENTATION_STYLE_ASSIGNMENT((#10737)) ;
#10762=PRESENTATION_STYLE_ASSIGNMENT((#10761)) ;
#10786=PRESENTATION_STYLE_ASSIGNMENT((#10785)) ;
#10810=PRESENTATION_STYLE_ASSIGNMENT((#10809)) ;
#10834=PRESENTATION_STYLE_ASSIGNMENT((#10833)) ;
#10858=PRESENTATION_STYLE_ASSIGNMENT((#10857)) ;
#10882=PRESENTATION_STYLE_ASSIGNMENT((#10881)) ;
#10906=PRESENTATION_STYLE_ASSIGNMENT((#10905)) ;
#10930=PRESENTATION_STYLE_ASSIGNMENT((#10929)) ;
#10954=PRESENTATION_STYLE_ASSIGNMENT((#10953)) ;
#10978=PRESENTATION_STYLE_ASSIGNMENT((#10977)) ;
#11002=PRESENTATION_STYLE_ASSIGNMENT((#11001)) ;
#11026=PRESENTATION_STYLE_ASSIGNMENT((#11025)) ;
#11050=PRESENTATION_STYLE_ASSIGNMENT((#11049)) ;
#11074=PRESENTATION_STYLE_ASSIGNMENT((#11073)) ;
#11098=PRESENTATION_STYLE_ASSIGNMENT((#11097)) ;
#11122=PRESENTATION_STYLE_ASSIGNMENT((#11121)) ;
#11146=PRESENTATION_STYLE_ASSIGNMENT((#11145)) ;
#11170=PRESENTATION_STYLE_ASSIGNMENT((#11169)) ;
#11194=PRESENTATION_STYLE_ASSIGNMENT((#11193)) ;
#11218=PRESENTATION_STYLE_ASSIGNMENT((#11217)) ;
#11242=PRESENTATION_STYLE_ASSIGNMENT((#11241)) ;
#11266=PRESENTATION_STYLE_ASSIGNMENT((#11265)) ;
#11290=PRESENTATION_STYLE_ASSIGNMENT((#11289)) ;
#11314=PRESENTATION_STYLE_ASSIGNMENT((#11313)) ;
#11338=PRESENTATION_STYLE_ASSIGNMENT((#11337)) ;
#11362=PRESENTATION_STYLE_ASSIGNMENT((#11361)) ;
#11386=PRESENTATION_STYLE_ASSIGNMENT((#11385)) ;
#11410=PRESENTATION_STYLE_ASSIGNMENT((#11409)) ;
#11434=PRESENTATION_STYLE_ASSIGNMENT((#11433)) ;
#11458=PRESENTATION_STYLE_ASSIGNMENT((#11457)) ;
#11482=PRESENTATION_STYLE_ASSIGNMENT((#11481)) ;
#11506=PRESENTATION_STYLE_ASSIGNMENT((#11505)) ;
#11530=PRESENTATION_STYLE_ASSIGNMENT((#11529)) ;
#11554=PRESENTATION_STYLE_ASSIGNMENT((#11553)) ;
#11578=PRESENTATION_STYLE_ASSIGNMENT((#11577)) ;
#11602=PRESENTATION_STYLE_ASSIGNMENT((#11601)) ;
#11626=PRESENTATION_STYLE_ASSIGNMENT((#11625)) ;
#11650=PRESENTATION_STYLE_ASSIGNMENT((#11649)) ;
#11674=PRESENTATION_STYLE_ASSIGNMENT((#11673)) ;
#11698=PRESENTATION_STYLE_ASSIGNMENT((#11697)) ;
#11722=PRESENTATION_STYLE_ASSIGNMENT((#11721)) ;
#11746=PRESENTATION_STYLE_ASSIGNMENT((#11745)) ;
#11770=PRESENTATION_STYLE_ASSIGNMENT((#11769)) ;
#11794=PRESENTATION_STYLE_ASSIGNMENT((#11793)) ;
#11818=PRESENTATION_STYLE_ASSIGNMENT((#11817)) ;
#11842=PRESENTATION_STYLE_ASSIGNMENT((#11841)) ;
#11866=PRESENTATION_STYLE_ASSIGNMENT((#11865)) ;
#11890=PRESENTATION_STYLE_ASSIGNMENT((#11889)) ;
#11909=PRESENTATION_STYLE_ASSIGNMENT((#11908)) ;
#11951=PRESENTATION_STYLE_ASSIGNMENT((#11950)) ;
#11980=PRESENTATION_STYLE_ASSIGNMENT((#11979)) ;
#12004=PRESENTATION_STYLE_ASSIGNMENT((#12003)) ;
#12028=PRESENTATION_STYLE_ASSIGNMENT((#12027)) ;
#12047=PRESENTATION_STYLE_ASSIGNMENT((#12046)) ;
#12233=PRESENTATION_STYLE_ASSIGNMENT((#12232)) ;
#12262=PRESENTATION_STYLE_ASSIGNMENT((#12261)) ;
#12286=PRESENTATION_STYLE_ASSIGNMENT((#12285)) ;
#12310=PRESENTATION_STYLE_ASSIGNMENT((#12309)) ;
#12334=PRESENTATION_STYLE_ASSIGNMENT((#12333)) ;
#12358=PRESENTATION_STYLE_ASSIGNMENT((#12357)) ;
#12382=PRESENTATION_STYLE_ASSIGNMENT((#12381)) ;
#12406=PRESENTATION_STYLE_ASSIGNMENT((#12405)) ;
#12430=PRESENTATION_STYLE_ASSIGNMENT((#12429)) ;
#12454=PRESENTATION_STYLE_ASSIGNMENT((#12453)) ;
#12478=PRESENTATION_STYLE_ASSIGNMENT((#12477)) ;
#12502=PRESENTATION_STYLE_ASSIGNMENT((#12501)) ;
#12526=PRESENTATION_STYLE_ASSIGNMENT((#12525)) ;
#12550=PRESENTATION_STYLE_ASSIGNMENT((#12549)) ;
#12574=PRESENTATION_STYLE_ASSIGNMENT((#12573)) ;
#12598=PRESENTATION_STYLE_ASSIGNMENT((#12597)) ;
#12622=PRESENTATION_STYLE_ASSIGNMENT((#12621)) ;
#12646=PRESENTATION_STYLE_ASSIGNMENT((#12645)) ;
#12670=PRESENTATION_STYLE_ASSIGNMENT((#12669)) ;
#12694=PRESENTATION_STYLE_ASSIGNMENT((#12693)) ;
#12718=PRESENTATION_STYLE_ASSIGNMENT((#12717)) ;
#12742=PRESENTATION_STYLE_ASSIGNMENT((#12741)) ;
#12761=PRESENTATION_STYLE_ASSIGNMENT((#12760)) ;
#12947=PRESENTATION_STYLE_ASSIGNMENT((#12946)) ;
#12976=PRESENTATION_STYLE_ASSIGNMENT((#12975)) ;
#13000=PRESENTATION_STYLE_ASSIGNMENT((#12999)) ;
#13024=PRESENTATION_STYLE_ASSIGNMENT((#13023)) ;
#13048=PRESENTATION_STYLE_ASSIGNMENT((#13047)) ;
#13072=PRESENTATION_STYLE_ASSIGNMENT((#13071)) ;
#13096=PRESENTATION_STYLE_ASSIGNMENT((#13095)) ;
#13120=PRESENTATION_STYLE_ASSIGNMENT((#13119)) ;
#13144=PRESENTATION_STYLE_ASSIGNMENT((#13143)) ;
#13168=PRESENTATION_STYLE_ASSIGNMENT((#13167)) ;
#13192=PRESENTATION_STYLE_ASSIGNMENT((#13191)) ;
#13216=PRESENTATION_STYLE_ASSIGNMENT((#13215)) ;
#13240=PRESENTATION_STYLE_ASSIGNMENT((#13239)) ;
#13264=PRESENTATION_STYLE_ASSIGNMENT((#13263)) ;
#13288=PRESENTATION_STYLE_ASSIGNMENT((#13287)) ;
#13312=PRESENTATION_STYLE_ASSIGNMENT((#13311)) ;
#13336=PRESENTATION_STYLE_ASSIGNMENT((#13335)) ;
#13360=PRESENTATION_STYLE_ASSIGNMENT((#13359)) ;
#13384=PRESENTATION_STYLE_ASSIGNMENT((#13383)) ;
#13408=PRESENTATION_STYLE_ASSIGNMENT((#13407)) ;
#13432=PRESENTATION_STYLE_ASSIGNMENT((#13431)) ;
#13456=PRESENTATION_STYLE_ASSIGNMENT((#13455)) ;
#13475=PRESENTATION_STYLE_ASSIGNMENT((#13474)) ;
#13757=PRESENTATION_STYLE_ASSIGNMENT((#13756)) ;
#13786=PRESENTATION_STYLE_ASSIGNMENT((#13785)) ;
#13810=PRESENTATION_STYLE_ASSIGNMENT((#13809)) ;
#13834=PRESENTATION_STYLE_ASSIGNMENT((#13833)) ;
#13858=PRESENTATION_STYLE_ASSIGNMENT((#13857)) ;
#13882=PRESENTATION_STYLE_ASSIGNMENT((#13881)) ;
#13906=PRESENTATION_STYLE_ASSIGNMENT((#13905)) ;
#13930=PRESENTATION_STYLE_ASSIGNMENT((#13929)) ;
#13954=PRESENTATION_STYLE_ASSIGNMENT((#13953)) ;
#13978=PRESENTATION_STYLE_ASSIGNMENT((#13977)) ;
#14002=PRESENTATION_STYLE_ASSIGNMENT((#14001)) ;
#14026=PRESENTATION_STYLE_ASSIGNMENT((#14025)) ;
#14050=PRESENTATION_STYLE_ASSIGNMENT((#14049)) ;
#14074=PRESENTATION_STYLE_ASSIGNMENT((#14073)) ;
#14098=PRESENTATION_STYLE_ASSIGNMENT((#14097)) ;
#14122=PRESENTATION_STYLE_ASSIGNMENT((#14121)) ;
#14146=PRESENTATION_STYLE_ASSIGNMENT((#14145)) ;
#14170=PRESENTATION_STYLE_ASSIGNMENT((#14169)) ;
#14194=PRESENTATION_STYLE_ASSIGNMENT((#14193)) ;
#14218=PRESENTATION_STYLE_ASSIGNMENT((#14217)) ;
#14242=PRESENTATION_STYLE_ASSIGNMENT((#14241)) ;
#14266=PRESENTATION_STYLE_ASSIGNMENT((#14265)) ;
#14290=PRESENTATION_STYLE_ASSIGNMENT((#14289)) ;
#14314=PRESENTATION_STYLE_ASSIGNMENT((#14313)) ;
#14338=PRESENTATION_STYLE_ASSIGNMENT((#14337)) ;
#14362=PRESENTATION_STYLE_ASSIGNMENT((#14361)) ;
#14386=PRESENTATION_STYLE_ASSIGNMENT((#14385)) ;
#14410=PRESENTATION_STYLE_ASSIGNMENT((#14409)) ;
#14434=PRESENTATION_STYLE_ASSIGNMENT((#14433)) ;
#14458=PRESENTATION_STYLE_ASSIGNMENT((#14457)) ;
#14482=PRESENTATION_STYLE_ASSIGNMENT((#14481)) ;
#14506=PRESENTATION_STYLE_ASSIGNMENT((#14505)) ;
#14530=PRESENTATION_STYLE_ASSIGNMENT((#14529)) ;
#14554=PRESENTATION_STYLE_ASSIGNMENT((#14553)) ;
#14573=PRESENTATION_STYLE_ASSIGNMENT((#14572)) ;
#14663=PRESENTATION_STYLE_ASSIGNMENT((#14662)) ;
#14692=PRESENTATION_STYLE_ASSIGNMENT((#14691)) ;
#14716=PRESENTATION_STYLE_ASSIGNMENT((#14715)) ;
#14735=PRESENTATION_STYLE_ASSIGNMENT((#14734)) ;
#14759=PRESENTATION_STYLE_ASSIGNMENT((#14758)) ;
#14778=PRESENTATION_STYLE_ASSIGNMENT((#14777)) ;
#14802=PRESENTATION_STYLE_ASSIGNMENT((#14801)) ;
#14821=PRESENTATION_STYLE_ASSIGNMENT((#14820)) ;
#14845=PRESENTATION_STYLE_ASSIGNMENT((#14844)) ;
#14864=PRESENTATION_STYLE_ASSIGNMENT((#14863)) ;
#14883=PRESENTATION_STYLE_ASSIGNMENT((#14882)) ;
#15071=PRESENTATION_STYLE_ASSIGNMENT((#15070)) ;
#15100=PRESENTATION_STYLE_ASSIGNMENT((#15099)) ;
#15114=PRESENTATION_STYLE_ASSIGNMENT((#15113)) ;
#15143=PRESENTATION_STYLE_ASSIGNMENT((#15142)) ;
#15157=PRESENTATION_STYLE_ASSIGNMENT((#15156)) ;
#15186=PRESENTATION_STYLE_ASSIGNMENT((#15185)) ;
#15200=PRESENTATION_STYLE_ASSIGNMENT((#15199)) ;
#15229=PRESENTATION_STYLE_ASSIGNMENT((#15228)) ;
#15243=PRESENTATION_STYLE_ASSIGNMENT((#15242)) ;
#15272=PRESENTATION_STYLE_ASSIGNMENT((#15271)) ;
#15286=PRESENTATION_STYLE_ASSIGNMENT((#15285)) ;
#15315=PRESENTATION_STYLE_ASSIGNMENT((#15314)) ;
#15329=PRESENTATION_STYLE_ASSIGNMENT((#15328)) ;
#15358=PRESENTATION_STYLE_ASSIGNMENT((#15357)) ;
#15372=PRESENTATION_STYLE_ASSIGNMENT((#15371)) ;
#15401=PRESENTATION_STYLE_ASSIGNMENT((#15400)) ;
#15415=PRESENTATION_STYLE_ASSIGNMENT((#15414)) ;
#15444=PRESENTATION_STYLE_ASSIGNMENT((#15443)) ;
#15458=PRESENTATION_STYLE_ASSIGNMENT((#15457)) ;
#15487=PRESENTATION_STYLE_ASSIGNMENT((#15486)) ;
#15501=PRESENTATION_STYLE_ASSIGNMENT((#15500)) ;
#31=SURFACE_STYLE_USAGE(.BOTH.,#30) ;
#4830=SURFACE_STYLE_USAGE(.BOTH.,#4829) ;
#4859=SURFACE_STYLE_USAGE(.BOTH.,#4858) ;
#4883=SURFACE_STYLE_USAGE(.BOTH.,#4882) ;
#4907=SURFACE_STYLE_USAGE(.BOTH.,#4906) ;
#4931=SURFACE_STYLE_USAGE(.BOTH.,#4930) ;
#4955=SURFACE_STYLE_USAGE(.BOTH.,#4954) ;
#4979=SURFACE_STYLE_USAGE(.BOTH.,#4978) ;
#5003=SURFACE_STYLE_USAGE(.BOTH.,#5002) ;
#5027=SURFACE_STYLE_USAGE(.BOTH.,#5026) ;
#5051=SURFACE_STYLE_USAGE(.BOTH.,#5050) ;
#5075=SURFACE_STYLE_USAGE(.BOTH.,#5074) ;
#5099=SURFACE_STYLE_USAGE(.BOTH.,#5098) ;
#5123=SURFACE_STYLE_USAGE(.BOTH.,#5122) ;
#5147=SURFACE_STYLE_USAGE(.BOTH.,#5146) ;
#5171=SURFACE_STYLE_USAGE(.BOTH.,#5170) ;
#5195=SURFACE_STYLE_USAGE(.BOTH.,#5194) ;
#5219=SURFACE_STYLE_USAGE(.BOTH.,#5218) ;
#5243=SURFACE_STYLE_USAGE(.BOTH.,#5242) ;
#5267=SURFACE_STYLE_USAGE(.BOTH.,#5266) ;
#5291=SURFACE_STYLE_USAGE(.BOTH.,#5290) ;
#5315=SURFACE_STYLE_USAGE(.BOTH.,#5314) ;
#5339=SURFACE_STYLE_USAGE(.BOTH.,#5338) ;
#5363=SURFACE_STYLE_USAGE(.BOTH.,#5362) ;
#5387=SURFACE_STYLE_USAGE(.BOTH.,#5386) ;
#5411=SURFACE_STYLE_USAGE(.BOTH.,#5410) ;
#5435=SURFACE_STYLE_USAGE(.BOTH.,#5434) ;
#5454=SURFACE_STYLE_USAGE(.BOTH.,#5453) ;
#5478=SURFACE_STYLE_USAGE(.BOTH.,#5477) ;
#5502=SURFACE_STYLE_USAGE(.BOTH.,#5501) ;
#5526=SURFACE_STYLE_USAGE(.BOTH.,#5525) ;
#5550=SURFACE_STYLE_USAGE(.BOTH.,#5549) ;
#5574=SURFACE_STYLE_USAGE(.BOTH.,#5573) ;
#5598=SURFACE_STYLE_USAGE(.BOTH.,#5597) ;
#5622=SURFACE_STYLE_USAGE(.BOTH.,#5621) ;
#5646=SURFACE_STYLE_USAGE(.BOTH.,#5645) ;
#5670=SURFACE_STYLE_USAGE(.BOTH.,#5669) ;
#5694=SURFACE_STYLE_USAGE(.BOTH.,#5693) ;
#5718=SURFACE_STYLE_USAGE(.BOTH.,#5717) ;
#5742=SURFACE_STYLE_USAGE(.BOTH.,#5741) ;
#5766=SURFACE_STYLE_USAGE(.BOTH.,#5765) ;
#5790=SURFACE_STYLE_USAGE(.BOTH.,#5789) ;
#5814=SURFACE_STYLE_USAGE(.BOTH.,#5813) ;
#5838=SURFACE_STYLE_USAGE(.BOTH.,#5837) ;
#5862=SURFACE_STYLE_USAGE(.BOTH.,#5861) ;
#5886=SURFACE_STYLE_USAGE(.BOTH.,#5885) ;
#5910=SURFACE_STYLE_USAGE(.BOTH.,#5909) ;
#5934=SURFACE_STYLE_USAGE(.BOTH.,#5933) ;
#5958=SURFACE_STYLE_USAGE(.BOTH.,#5957) ;
#5977=SURFACE_STYLE_USAGE(.BOTH.,#5976) ;
#6001=SURFACE_STYLE_USAGE(.BOTH.,#6000) ;
#6025=SURFACE_STYLE_USAGE(.BOTH.,#6024) ;
#6049=SURFACE_STYLE_USAGE(.BOTH.,#6048) ;
#6073=SURFACE_STYLE_USAGE(.BOTH.,#6072) ;
#6097=SURFACE_STYLE_USAGE(.BOTH.,#6096) ;
#6121=SURFACE_STYLE_USAGE(.BOTH.,#6120) ;
#6145=SURFACE_STYLE_USAGE(.BOTH.,#6144) ;
#6169=SURFACE_STYLE_USAGE(.BOTH.,#6168) ;
#6193=SURFACE_STYLE_USAGE(.BOTH.,#6192) ;
#6217=SURFACE_STYLE_USAGE(.BOTH.,#6216) ;
#6241=SURFACE_STYLE_USAGE(.BOTH.,#6240) ;
#6265=SURFACE_STYLE_USAGE(.BOTH.,#6264) ;
#6289=SURFACE_STYLE_USAGE(.BOTH.,#6288) ;
#6313=SURFACE_STYLE_USAGE(.BOTH.,#6312) ;
#6337=SURFACE_STYLE_USAGE(.BOTH.,#6336) ;
#6361=SURFACE_STYLE_USAGE(.BOTH.,#6360) ;
#6385=SURFACE_STYLE_USAGE(.BOTH.,#6384) ;
#6409=SURFACE_STYLE_USAGE(.BOTH.,#6408) ;
#6433=SURFACE_STYLE_USAGE(.BOTH.,#6432) ;
#6457=SURFACE_STYLE_USAGE(.BOTH.,#6456) ;
#6481=SURFACE_STYLE_USAGE(.BOTH.,#6480) ;
#6505=SURFACE_STYLE_USAGE(.BOTH.,#6504) ;
#6529=SURFACE_STYLE_USAGE(.BOTH.,#6528) ;
#6553=SURFACE_STYLE_USAGE(.BOTH.,#6552) ;
#6577=SURFACE_STYLE_USAGE(.BOTH.,#6576) ;
#6601=SURFACE_STYLE_USAGE(.BOTH.,#6600) ;
#6625=SURFACE_STYLE_USAGE(.BOTH.,#6624) ;
#6649=SURFACE_STYLE_USAGE(.BOTH.,#6648) ;
#6673=SURFACE_STYLE_USAGE(.BOTH.,#6672) ;
#6697=SURFACE_STYLE_USAGE(.BOTH.,#6696) ;
#6721=SURFACE_STYLE_USAGE(.BOTH.,#6720) ;
#6745=SURFACE_STYLE_USAGE(.BOTH.,#6744) ;
#6769=SURFACE_STYLE_USAGE(.BOTH.,#6768) ;
#6793=SURFACE_STYLE_USAGE(.BOTH.,#6792) ;
#6817=SURFACE_STYLE_USAGE(.BOTH.,#6816) ;
#6841=SURFACE_STYLE_USAGE(.BOTH.,#6840) ;
#6865=SURFACE_STYLE_USAGE(.BOTH.,#6864) ;
#6889=SURFACE_STYLE_USAGE(.BOTH.,#6888) ;
#6913=SURFACE_STYLE_USAGE(.BOTH.,#6912) ;
#6937=SURFACE_STYLE_USAGE(.BOTH.,#6936) ;
#6961=SURFACE_STYLE_USAGE(.BOTH.,#6960) ;
#6985=SURFACE_STYLE_USAGE(.BOTH.,#6984) ;
#7009=SURFACE_STYLE_USAGE(.BOTH.,#7008) ;
#7033=SURFACE_STYLE_USAGE(.BOTH.,#7032) ;
#7057=SURFACE_STYLE_USAGE(.BOTH.,#7056) ;
#7081=SURFACE_STYLE_USAGE(.BOTH.,#7080) ;
#7100=SURFACE_STYLE_USAGE(.BOTH.,#7099) ;
#7119=SURFACE_STYLE_USAGE(.BOTH.,#7118) ;
#7143=SURFACE_STYLE_USAGE(.BOTH.,#7142) ;
#7167=SURFACE_STYLE_USAGE(.BOTH.,#7166) ;
#7191=SURFACE_STYLE_USAGE(.BOTH.,#7190) ;
#7215=SURFACE_STYLE_USAGE(.BOTH.,#7214) ;
#7239=SURFACE_STYLE_USAGE(.BOTH.,#7238) ;
#7263=SURFACE_STYLE_USAGE(.BOTH.,#7262) ;
#7287=SURFACE_STYLE_USAGE(.BOTH.,#7286) ;
#7311=SURFACE_STYLE_USAGE(.BOTH.,#7310) ;
#7335=SURFACE_STYLE_USAGE(.BOTH.,#7334) ;
#7359=SURFACE_STYLE_USAGE(.BOTH.,#7358) ;
#7383=SURFACE_STYLE_USAGE(.BOTH.,#7382) ;
#7407=SURFACE_STYLE_USAGE(.BOTH.,#7406) ;
#7431=SURFACE_STYLE_USAGE(.BOTH.,#7430) ;
#7455=SURFACE_STYLE_USAGE(.BOTH.,#7454) ;
#7479=SURFACE_STYLE_USAGE(.BOTH.,#7478) ;
#7503=SURFACE_STYLE_USAGE(.BOTH.,#7502) ;
#7527=SURFACE_STYLE_USAGE(.BOTH.,#7526) ;
#7551=SURFACE_STYLE_USAGE(.BOTH.,#7550) ;
#7575=SURFACE_STYLE_USAGE(.BOTH.,#7574) ;
#7599=SURFACE_STYLE_USAGE(.BOTH.,#7598) ;
#7623=SURFACE_STYLE_USAGE(.BOTH.,#7622) ;
#7647=SURFACE_STYLE_USAGE(.BOTH.,#7646) ;
#7671=SURFACE_STYLE_USAGE(.BOTH.,#7670) ;
#7695=SURFACE_STYLE_USAGE(.BOTH.,#7694) ;
#7719=SURFACE_STYLE_USAGE(.BOTH.,#7718) ;
#7743=SURFACE_STYLE_USAGE(.BOTH.,#7742) ;
#7767=SURFACE_STYLE_USAGE(.BOTH.,#7766) ;
#7791=SURFACE_STYLE_USAGE(.BOTH.,#7790) ;
#7815=SURFACE_STYLE_USAGE(.BOTH.,#7814) ;
#7839=SURFACE_STYLE_USAGE(.BOTH.,#7838) ;
#7863=SURFACE_STYLE_USAGE(.BOTH.,#7862) ;
#7887=SURFACE_STYLE_USAGE(.BOTH.,#7886) ;
#7911=SURFACE_STYLE_USAGE(.BOTH.,#7910) ;
#7935=SURFACE_STYLE_USAGE(.BOTH.,#7934) ;
#7959=SURFACE_STYLE_USAGE(.BOTH.,#7958) ;
#7983=SURFACE_STYLE_USAGE(.BOTH.,#7982) ;
#8007=SURFACE_STYLE_USAGE(.BOTH.,#8006) ;
#8031=SURFACE_STYLE_USAGE(.BOTH.,#8030) ;
#8055=SURFACE_STYLE_USAGE(.BOTH.,#8054) ;
#8079=SURFACE_STYLE_USAGE(.BOTH.,#8078) ;
#8103=SURFACE_STYLE_USAGE(.BOTH.,#8102) ;
#8122=SURFACE_STYLE_USAGE(.BOTH.,#8121) ;
#9076=SURFACE_STYLE_USAGE(.BOTH.,#9075) ;
#9105=SURFACE_STYLE_USAGE(.BOTH.,#9104) ;
#9129=SURFACE_STYLE_USAGE(.BOTH.,#9128) ;
#9153=SURFACE_STYLE_USAGE(.BOTH.,#9152) ;
#9177=SURFACE_STYLE_USAGE(.BOTH.,#9176) ;
#9201=SURFACE_STYLE_USAGE(.BOTH.,#9200) ;
#9225=SURFACE_STYLE_USAGE(.BOTH.,#9224) ;
#9249=SURFACE_STYLE_USAGE(.BOTH.,#9248) ;
#9273=SURFACE_STYLE_USAGE(.BOTH.,#9272) ;
#9297=SURFACE_STYLE_USAGE(.BOTH.,#9296) ;
#9321=SURFACE_STYLE_USAGE(.BOTH.,#9320) ;
#9345=SURFACE_STYLE_USAGE(.BOTH.,#9344) ;
#9369=SURFACE_STYLE_USAGE(.BOTH.,#9368) ;
#9393=SURFACE_STYLE_USAGE(.BOTH.,#9392) ;
#9417=SURFACE_STYLE_USAGE(.BOTH.,#9416) ;
#9441=SURFACE_STYLE_USAGE(.BOTH.,#9440) ;
#9465=SURFACE_STYLE_USAGE(.BOTH.,#9464) ;
#9489=SURFACE_STYLE_USAGE(.BOTH.,#9488) ;
#9513=SURFACE_STYLE_USAGE(.BOTH.,#9512) ;
#9537=SURFACE_STYLE_USAGE(.BOTH.,#9536) ;
#9561=SURFACE_STYLE_USAGE(.BOTH.,#9560) ;
#9585=SURFACE_STYLE_USAGE(.BOTH.,#9584) ;
#9609=SURFACE_STYLE_USAGE(.BOTH.,#9608) ;
#9633=SURFACE_STYLE_USAGE(.BOTH.,#9632) ;
#9657=SURFACE_STYLE_USAGE(.BOTH.,#9656) ;
#9681=SURFACE_STYLE_USAGE(.BOTH.,#9680) ;
#9705=SURFACE_STYLE_USAGE(.BOTH.,#9704) ;
#9729=SURFACE_STYLE_USAGE(.BOTH.,#9728) ;
#9753=SURFACE_STYLE_USAGE(.BOTH.,#9752) ;
#9777=SURFACE_STYLE_USAGE(.BOTH.,#9776) ;
#9801=SURFACE_STYLE_USAGE(.BOTH.,#9800) ;
#9825=SURFACE_STYLE_USAGE(.BOTH.,#9824) ;
#9849=SURFACE_STYLE_USAGE(.BOTH.,#9848) ;
#9873=SURFACE_STYLE_USAGE(.BOTH.,#9872) ;
#9897=SURFACE_STYLE_USAGE(.BOTH.,#9896) ;
#9921=SURFACE_STYLE_USAGE(.BOTH.,#9920) ;
#9945=SURFACE_STYLE_USAGE(.BOTH.,#9944) ;
#9969=SURFACE_STYLE_USAGE(.BOTH.,#9968) ;
#9993=SURFACE_STYLE_USAGE(.BOTH.,#9992) ;
#10017=SURFACE_STYLE_USAGE(.BOTH.,#10016) ;
#10041=SURFACE_STYLE_USAGE(.BOTH.,#10040) ;
#10065=SURFACE_STYLE_USAGE(.BOTH.,#10064) ;
#10089=SURFACE_STYLE_USAGE(.BOTH.,#10088) ;
#10113=SURFACE_STYLE_USAGE(.BOTH.,#10112) ;
#10137=SURFACE_STYLE_USAGE(.BOTH.,#10136) ;
#10161=SURFACE_STYLE_USAGE(.BOTH.,#10160) ;
#10185=SURFACE_STYLE_USAGE(.BOTH.,#10184) ;
#10209=SURFACE_STYLE_USAGE(.BOTH.,#10208) ;
#10233=SURFACE_STYLE_USAGE(.BOTH.,#10232) ;
#10257=SURFACE_STYLE_USAGE(.BOTH.,#10256) ;
#10281=SURFACE_STYLE_USAGE(.BOTH.,#10280) ;
#10305=SURFACE_STYLE_USAGE(.BOTH.,#10304) ;
#10329=SURFACE_STYLE_USAGE(.BOTH.,#10328) ;
#10353=SURFACE_STYLE_USAGE(.BOTH.,#10352) ;
#10377=SURFACE_STYLE_USAGE(.BOTH.,#10376) ;
#10401=SURFACE_STYLE_USAGE(.BOTH.,#10400) ;
#10425=SURFACE_STYLE_USAGE(.BOTH.,#10424) ;
#10449=SURFACE_STYLE_USAGE(.BOTH.,#10448) ;
#10473=SURFACE_STYLE_USAGE(.BOTH.,#10472) ;
#10497=SURFACE_STYLE_USAGE(.BOTH.,#10496) ;
#10521=SURFACE_STYLE_USAGE(.BOTH.,#10520) ;
#10545=SURFACE_STYLE_USAGE(.BOTH.,#10544) ;
#10569=SURFACE_STYLE_USAGE(.BOTH.,#10568) ;
#10593=SURFACE_STYLE_USAGE(.BOTH.,#10592) ;
#10617=SURFACE_STYLE_USAGE(.BOTH.,#10616) ;
#10641=SURFACE_STYLE_USAGE(.BOTH.,#10640) ;
#10665=SURFACE_STYLE_USAGE(.BOTH.,#10664) ;
#10689=SURFACE_STYLE_USAGE(.BOTH.,#10688) ;
#10713=SURFACE_STYLE_USAGE(.BOTH.,#10712) ;
#10737=SURFACE_STYLE_USAGE(.BOTH.,#10736) ;
#10761=SURFACE_STYLE_USAGE(.BOTH.,#10760) ;
#10785=SURFACE_STYLE_USAGE(.BOTH.,#10784) ;
#10809=SURFACE_STYLE_USAGE(.BOTH.,#10808) ;
#10833=SURFACE_STYLE_USAGE(.BOTH.,#10832) ;
#10857=SURFACE_STYLE_USAGE(.BOTH.,#10856) ;
#10881=SURFACE_STYLE_USAGE(.BOTH.,#10880) ;
#10905=SURFACE_STYLE_USAGE(.BOTH.,#10904) ;
#10929=SURFACE_STYLE_USAGE(.BOTH.,#10928) ;
#10953=SURFACE_STYLE_USAGE(.BOTH.,#10952) ;
#10977=SURFACE_STYLE_USAGE(.BOTH.,#10976) ;
#11001=SURFACE_STYLE_USAGE(.BOTH.,#11000) ;
#11025=SURFACE_STYLE_USAGE(.BOTH.,#11024) ;
#11049=SURFACE_STYLE_USAGE(.BOTH.,#11048) ;
#11073=SURFACE_STYLE_USAGE(.BOTH.,#11072) ;
#11097=SURFACE_STYLE_USAGE(.BOTH.,#11096) ;
#11121=SURFACE_STYLE_USAGE(.BOTH.,#11120) ;
#11145=SURFACE_STYLE_USAGE(.BOTH.,#11144) ;
#11169=SURFACE_STYLE_USAGE(.BOTH.,#11168) ;
#11193=SURFACE_STYLE_USAGE(.BOTH.,#11192) ;
#11217=SURFACE_STYLE_USAGE(.BOTH.,#11216) ;
#11241=SURFACE_STYLE_USAGE(.BOTH.,#11240) ;
#11265=SURFACE_STYLE_USAGE(.BOTH.,#11264) ;
#11289=SURFACE_STYLE_USAGE(.BOTH.,#11288) ;
#11313=SURFACE_STYLE_USAGE(.BOTH.,#11312) ;
#11337=SURFACE_STYLE_USAGE(.BOTH.,#11336) ;
#11361=SURFACE_STYLE_USAGE(.BOTH.,#11360) ;
#11385=SURFACE_STYLE_USAGE(.BOTH.,#11384) ;
#11409=SURFACE_STYLE_USAGE(.BOTH.,#11408) ;
#11433=SURFACE_STYLE_USAGE(.BOTH.,#11432) ;
#11457=SURFACE_STYLE_USAGE(.BOTH.,#11456) ;
#11481=SURFACE_STYLE_USAGE(.BOTH.,#11480) ;
#11505=SURFACE_STYLE_USAGE(.BOTH.,#11504) ;
#11529=SURFACE_STYLE_USAGE(.BOTH.,#11528) ;
#11553=SURFACE_STYLE_USAGE(.BOTH.,#11552) ;
#11577=SURFACE_STYLE_USAGE(.BOTH.,#11576) ;
#11601=SURFACE_STYLE_USAGE(.BOTH.,#11600) ;
#11625=SURFACE_STYLE_USAGE(.BOTH.,#11624) ;
#11649=SURFACE_STYLE_USAGE(.BOTH.,#11648) ;
#11673=SURFACE_STYLE_USAGE(.BOTH.,#11672) ;
#11697=SURFACE_STYLE_USAGE(.BOTH.,#11696) ;
#11721=SURFACE_STYLE_USAGE(.BOTH.,#11720) ;
#11745=SURFACE_STYLE_USAGE(.BOTH.,#11744) ;
#11769=SURFACE_STYLE_USAGE(.BOTH.,#11768) ;
#11793=SURFACE_STYLE_USAGE(.BOTH.,#11792) ;
#11817=SURFACE_STYLE_USAGE(.BOTH.,#11816) ;
#11841=SURFACE_STYLE_USAGE(.BOTH.,#11840) ;
#11865=SURFACE_STYLE_USAGE(.BOTH.,#11864) ;
#11889=SURFACE_STYLE_USAGE(.BOTH.,#11888) ;
#11908=SURFACE_STYLE_USAGE(.BOTH.,#11907) ;
#11950=SURFACE_STYLE_USAGE(.BOTH.,#11949) ;
#11979=SURFACE_STYLE_USAGE(.BOTH.,#11978) ;
#12003=SURFACE_STYLE_USAGE(.BOTH.,#12002) ;
#12027=SURFACE_STYLE_USAGE(.BOTH.,#12026) ;
#12046=SURFACE_STYLE_USAGE(.BOTH.,#12045) ;
#12232=SURFACE_STYLE_USAGE(.BOTH.,#12231) ;
#12261=SURFACE_STYLE_USAGE(.BOTH.,#12260) ;
#12285=SURFACE_STYLE_USAGE(.BOTH.,#12284) ;
#12309=SURFACE_STYLE_USAGE(.BOTH.,#12308) ;
#12333=SURFACE_STYLE_USAGE(.BOTH.,#12332) ;
#12357=SURFACE_STYLE_USAGE(.BOTH.,#12356) ;
#12381=SURFACE_STYLE_USAGE(.BOTH.,#12380) ;
#12405=SURFACE_STYLE_USAGE(.BOTH.,#12404) ;
#12429=SURFACE_STYLE_USAGE(.BOTH.,#12428) ;
#12453=SURFACE_STYLE_USAGE(.BOTH.,#12452) ;
#12477=SURFACE_STYLE_USAGE(.BOTH.,#12476) ;
#12501=SURFACE_STYLE_USAGE(.BOTH.,#12500) ;
#12525=SURFACE_STYLE_USAGE(.BOTH.,#12524) ;
#12549=SURFACE_STYLE_USAGE(.BOTH.,#12548) ;
#12573=SURFACE_STYLE_USAGE(.BOTH.,#12572) ;
#12597=SURFACE_STYLE_USAGE(.BOTH.,#12596) ;
#12621=SURFACE_STYLE_USAGE(.BOTH.,#12620) ;
#12645=SURFACE_STYLE_USAGE(.BOTH.,#12644) ;
#12669=SURFACE_STYLE_USAGE(.BOTH.,#12668) ;
#12693=SURFACE_STYLE_USAGE(.BOTH.,#12692) ;
#12717=SURFACE_STYLE_USAGE(.BOTH.,#12716) ;
#12741=SURFACE_STYLE_USAGE(.BOTH.,#12740) ;
#12760=SURFACE_STYLE_USAGE(.BOTH.,#12759) ;
#12946=SURFACE_STYLE_USAGE(.BOTH.,#12945) ;
#12975=SURFACE_STYLE_USAGE(.BOTH.,#12974) ;
#12999=SURFACE_STYLE_USAGE(.BOTH.,#12998) ;
#13023=SURFACE_STYLE_USAGE(.BOTH.,#13022) ;
#13047=SURFACE_STYLE_USAGE(.BOTH.,#13046) ;
#13071=SURFACE_STYLE_USAGE(.BOTH.,#13070) ;
#13095=SURFACE_STYLE_USAGE(.BOTH.,#13094) ;
#13119=SURFACE_STYLE_USAGE(.BOTH.,#13118) ;
#13143=SURFACE_STYLE_USAGE(.BOTH.,#13142) ;
#13167=SURFACE_STYLE_USAGE(.BOTH.,#13166) ;
#13191=SURFACE_STYLE_USAGE(.BOTH.,#13190) ;
#13215=SURFACE_STYLE_USAGE(.BOTH.,#13214) ;
#13239=SURFACE_STYLE_USAGE(.BOTH.,#13238) ;
#13263=SURFACE_STYLE_USAGE(.BOTH.,#13262) ;
#13287=SURFACE_STYLE_USAGE(.BOTH.,#13286) ;
#13311=SURFACE_STYLE_USAGE(.BOTH.,#13310) ;
#13335=SURFACE_STYLE_USAGE(.BOTH.,#13334) ;
#13359=SURFACE_STYLE_USAGE(.BOTH.,#13358) ;
#13383=SURFACE_STYLE_USAGE(.BOTH.,#13382) ;
#13407=SURFACE_STYLE_USAGE(.BOTH.,#13406) ;
#13431=SURFACE_STYLE_USAGE(.BOTH.,#13430) ;
#13455=SURFACE_STYLE_USAGE(.BOTH.,#13454) ;
#13474=SURFACE_STYLE_USAGE(.BOTH.,#13473) ;
#13756=SURFACE_STYLE_USAGE(.BOTH.,#13755) ;
#13785=SURFACE_STYLE_USAGE(.BOTH.,#13784) ;
#13809=SURFACE_STYLE_USAGE(.BOTH.,#13808) ;
#13833=SURFACE_STYLE_USAGE(.BOTH.,#13832) ;
#13857=SURFACE_STYLE_USAGE(.BOTH.,#13856) ;
#13881=SURFACE_STYLE_USAGE(.BOTH.,#13880) ;
#13905=SURFACE_STYLE_USAGE(.BOTH.,#13904) ;
#13929=SURFACE_STYLE_USAGE(.BOTH.,#13928) ;
#13953=SURFACE_STYLE_USAGE(.BOTH.,#13952) ;
#13977=SURFACE_STYLE_USAGE(.BOTH.,#13976) ;
#14001=SURFACE_STYLE_USAGE(.BOTH.,#14000) ;
#14025=SURFACE_STYLE_USAGE(.BOTH.,#14024) ;
#14049=SURFACE_STYLE_USAGE(.BOTH.,#14048) ;
#14073=SURFACE_STYLE_USAGE(.BOTH.,#14072) ;
#14097=SURFACE_STYLE_USAGE(.BOTH.,#14096) ;
#14121=SURFACE_STYLE_USAGE(.BOTH.,#14120) ;
#14145=SURFACE_STYLE_USAGE(.BOTH.,#14144) ;
#14169=SURFACE_STYLE_USAGE(.BOTH.,#14168) ;
#14193=SURFACE_STYLE_USAGE(.BOTH.,#14192) ;
#14217=SURFACE_STYLE_USAGE(.BOTH.,#14216) ;
#14241=SURFACE_STYLE_USAGE(.BOTH.,#14240) ;
#14265=SURFACE_STYLE_USAGE(.BOTH.,#14264) ;
#14289=SURFACE_STYLE_USAGE(.BOTH.,#14288) ;
#14313=SURFACE_STYLE_USAGE(.BOTH.,#14312) ;
#14337=SURFACE_STYLE_USAGE(.BOTH.,#14336) ;
#14361=SURFACE_STYLE_USAGE(.BOTH.,#14360) ;
#14385=SURFACE_STYLE_USAGE(.BOTH.,#14384) ;
#14409=SURFACE_STYLE_USAGE(.BOTH.,#14408) ;
#14433=SURFACE_STYLE_USAGE(.BOTH.,#14432) ;
#14457=SURFACE_STYLE_USAGE(.BOTH.,#14456) ;
#14481=SURFACE_STYLE_USAGE(.BOTH.,#14480) ;
#14505=SURFACE_STYLE_USAGE(.BOTH.,#14504) ;
#14529=SURFACE_STYLE_USAGE(.BOTH.,#14528) ;
#14553=SURFACE_STYLE_USAGE(.BOTH.,#14552) ;
#14572=SURFACE_STYLE_USAGE(.BOTH.,#14571) ;
#14662=SURFACE_STYLE_USAGE(.BOTH.,#14661) ;
#14691=SURFACE_STYLE_USAGE(.BOTH.,#14690) ;
#14715=SURFACE_STYLE_USAGE(.BOTH.,#14714) ;
#14734=SURFACE_STYLE_USAGE(.BOTH.,#14733) ;
#14758=SURFACE_STYLE_USAGE(.BOTH.,#14757) ;
#14777=SURFACE_STYLE_USAGE(.BOTH.,#14776) ;
#14801=SURFACE_STYLE_USAGE(.BOTH.,#14800) ;
#14820=SURFACE_STYLE_USAGE(.BOTH.,#14819) ;
#14844=SURFACE_STYLE_USAGE(.BOTH.,#14843) ;
#14863=SURFACE_STYLE_USAGE(.BOTH.,#14862) ;
#14882=SURFACE_STYLE_USAGE(.BOTH.,#14881) ;
#15070=SURFACE_STYLE_USAGE(.BOTH.,#15069) ;
#15099=SURFACE_STYLE_USAGE(.BOTH.,#15098) ;
#15113=SURFACE_STYLE_USAGE(.BOTH.,#15112) ;
#15142=SURFACE_STYLE_USAGE(.BOTH.,#15141) ;
#15156=SURFACE_STYLE_USAGE(.BOTH.,#15155) ;
#15185=SURFACE_STYLE_USAGE(.BOTH.,#15184) ;
#15199=SURFACE_STYLE_USAGE(.BOTH.,#15198) ;
#15228=SURFACE_STYLE_USAGE(.BOTH.,#15227) ;
#15242=SURFACE_STYLE_USAGE(.BOTH.,#15241) ;
#15271=SURFACE_STYLE_USAGE(.BOTH.,#15270) ;
#15285=SURFACE_STYLE_USAGE(.BOTH.,#15284) ;
#15314=SURFACE_STYLE_USAGE(.BOTH.,#15313) ;
#15328=SURFACE_STYLE_USAGE(.BOTH.,#15327) ;
#15357=SURFACE_STYLE_USAGE(.BOTH.,#15356) ;
#15371=SURFACE_STYLE_USAGE(.BOTH.,#15370) ;
#15400=SURFACE_STYLE_USAGE(.BOTH.,#15399) ;
#15414=SURFACE_STYLE_USAGE(.BOTH.,#15413) ;
#15443=SURFACE_STYLE_USAGE(.BOTH.,#15442) ;
#15457=SURFACE_STYLE_USAGE(.BOTH.,#15456) ;
#15486=SURFACE_STYLE_USAGE(.BOTH.,#15485) ;
#15500=SURFACE_STYLE_USAGE(.BOTH.,#15499) ;
#30=SURFACE_SIDE_STYLE(' ',(#29)) ;
#4829=SURFACE_SIDE_STYLE(' ',(#4828)) ;
#4858=SURFACE_SIDE_STYLE(' ',(#4857)) ;
#4882=SURFACE_SIDE_STYLE(' ',(#4881)) ;
#4906=SURFACE_SIDE_STYLE(' ',(#4905)) ;
#4930=SURFACE_SIDE_STYLE(' ',(#4929)) ;
#4954=SURFACE_SIDE_STYLE(' ',(#4953)) ;
#4978=SURFACE_SIDE_STYLE(' ',(#4977)) ;
#5002=SURFACE_SIDE_STYLE(' ',(#5001)) ;
#5026=SURFACE_SIDE_STYLE(' ',(#5025)) ;
#5050=SURFACE_SIDE_STYLE(' ',(#5049)) ;
#5074=SURFACE_SIDE_STYLE(' ',(#5073)) ;
#5098=SURFACE_SIDE_STYLE(' ',(#5097)) ;
#5122=SURFACE_SIDE_STYLE(' ',(#5121)) ;
#5146=SURFACE_SIDE_STYLE(' ',(#5145)) ;
#5170=SURFACE_SIDE_STYLE(' ',(#5169)) ;
#5194=SURFACE_SIDE_STYLE(' ',(#5193)) ;
#5218=SURFACE_SIDE_STYLE(' ',(#5217)) ;
#5242=SURFACE_SIDE_STYLE(' ',(#5241)) ;
#5266=SURFACE_SIDE_STYLE(' ',(#5265)) ;
#5290=SURFACE_SIDE_STYLE(' ',(#5289)) ;
#5314=SURFACE_SIDE_STYLE(' ',(#5313)) ;
#5338=SURFACE_SIDE_STYLE(' ',(#5337)) ;
#5362=SURFACE_SIDE_STYLE(' ',(#5361)) ;
#5386=SURFACE_SIDE_STYLE(' ',(#5385)) ;
#5410=SURFACE_SIDE_STYLE(' ',(#5409)) ;
#5434=SURFACE_SIDE_STYLE(' ',(#5433)) ;
#5453=SURFACE_SIDE_STYLE(' ',(#5452)) ;
#5477=SURFACE_SIDE_STYLE(' ',(#5476)) ;
#5501=SURFACE_SIDE_STYLE(' ',(#5500)) ;
#5525=SURFACE_SIDE_STYLE(' ',(#5524)) ;
#5549=SURFACE_SIDE_STYLE(' ',(#5548)) ;
#5573=SURFACE_SIDE_STYLE(' ',(#5572)) ;
#5597=SURFACE_SIDE_STYLE(' ',(#5596)) ;
#5621=SURFACE_SIDE_STYLE(' ',(#5620)) ;
#5645=SURFACE_SIDE_STYLE(' ',(#5644)) ;
#5669=SURFACE_SIDE_STYLE(' ',(#5668)) ;
#5693=SURFACE_SIDE_STYLE(' ',(#5692)) ;
#5717=SURFACE_SIDE_STYLE(' ',(#5716)) ;
#5741=SURFACE_SIDE_STYLE(' ',(#5740)) ;
#5765=SURFACE_SIDE_STYLE(' ',(#5764)) ;
#5789=SURFACE_SIDE_STYLE(' ',(#5788)) ;
#5813=SURFACE_SIDE_STYLE(' ',(#5812)) ;
#5837=SURFACE_SIDE_STYLE(' ',(#5836)) ;
#5861=SURFACE_SIDE_STYLE(' ',(#5860)) ;
#5885=SURFACE_SIDE_STYLE(' ',(#5884)) ;
#5909=SURFACE_SIDE_STYLE(' ',(#5908)) ;
#5933=SURFACE_SIDE_STYLE(' ',(#5932)) ;
#5957=SURFACE_SIDE_STYLE(' ',(#5956)) ;
#5976=SURFACE_SIDE_STYLE(' ',(#5975)) ;
#6000=SURFACE_SIDE_STYLE(' ',(#5999)) ;
#6024=SURFACE_SIDE_STYLE(' ',(#6023)) ;
#6048=SURFACE_SIDE_STYLE(' ',(#6047)) ;
#6072=SURFACE_SIDE_STYLE(' ',(#6071)) ;
#6096=SURFACE_SIDE_STYLE(' ',(#6095)) ;
#6120=SURFACE_SIDE_STYLE(' ',(#6119)) ;
#6144=SURFACE_SIDE_STYLE(' ',(#6143)) ;
#6168=SURFACE_SIDE_STYLE(' ',(#6167)) ;
#6192=SURFACE_SIDE_STYLE(' ',(#6191)) ;
#6216=SURFACE_SIDE_STYLE(' ',(#6215)) ;
#6240=SURFACE_SIDE_STYLE(' ',(#6239)) ;
#6264=SURFACE_SIDE_STYLE(' ',(#6263)) ;
#6288=SURFACE_SIDE_STYLE(' ',(#6287)) ;
#6312=SURFACE_SIDE_STYLE(' ',(#6311)) ;
#6336=SURFACE_SIDE_STYLE(' ',(#6335)) ;
#6360=SURFACE_SIDE_STYLE(' ',(#6359)) ;
#6384=SURFACE_SIDE_STYLE(' ',(#6383)) ;
#6408=SURFACE_SIDE_STYLE(' ',(#6407)) ;
#6432=SURFACE_SIDE_STYLE(' ',(#6431)) ;
#6456=SURFACE_SIDE_STYLE(' ',(#6455)) ;
#6480=SURFACE_SIDE_STYLE(' ',(#6479)) ;
#6504=SURFACE_SIDE_STYLE(' ',(#6503)) ;
#6528=SURFACE_SIDE_STYLE(' ',(#6527)) ;
#6552=SURFACE_SIDE_STYLE(' ',(#6551)) ;
#6576=SURFACE_SIDE_STYLE(' ',(#6575)) ;
#6600=SURFACE_SIDE_STYLE(' ',(#6599)) ;
#6624=SURFACE_SIDE_STYLE(' ',(#6623)) ;
#6648=SURFACE_SIDE_STYLE(' ',(#6647)) ;
#6672=SURFACE_SIDE_STYLE(' ',(#6671)) ;
#6696=SURFACE_SIDE_STYLE(' ',(#6695)) ;
#6720=SURFACE_SIDE_STYLE(' ',(#6719)) ;
#6744=SURFACE_SIDE_STYLE(' ',(#6743)) ;
#6768=SURFACE_SIDE_STYLE(' ',(#6767)) ;
#6792=SURFACE_SIDE_STYLE(' ',(#6791)) ;
#6816=SURFACE_SIDE_STYLE(' ',(#6815)) ;
#6840=SURFACE_SIDE_STYLE(' ',(#6839)) ;
#6864=SURFACE_SIDE_STYLE(' ',(#6863)) ;
#6888=SURFACE_SIDE_STYLE(' ',(#6887)) ;
#6912=SURFACE_SIDE_STYLE(' ',(#6911)) ;
#6936=SURFACE_SIDE_STYLE(' ',(#6935)) ;
#6960=SURFACE_SIDE_STYLE(' ',(#6959)) ;
#6984=SURFACE_SIDE_STYLE(' ',(#6983)) ;
#7008=SURFACE_SIDE_STYLE(' ',(#7007)) ;
#7032=SURFACE_SIDE_STYLE(' ',(#7031)) ;
#7056=SURFACE_SIDE_STYLE(' ',(#7055)) ;
#7080=SURFACE_SIDE_STYLE(' ',(#7079)) ;
#7099=SURFACE_SIDE_STYLE(' ',(#7098)) ;
#7118=SURFACE_SIDE_STYLE(' ',(#7117)) ;
#7142=SURFACE_SIDE_STYLE(' ',(#7141)) ;
#7166=SURFACE_SIDE_STYLE(' ',(#7165)) ;
#7190=SURFACE_SIDE_STYLE(' ',(#7189)) ;
#7214=SURFACE_SIDE_STYLE(' ',(#7213)) ;
#7238=SURFACE_SIDE_STYLE(' ',(#7237)) ;
#7262=SURFACE_SIDE_STYLE(' ',(#7261)) ;
#7286=SURFACE_SIDE_STYLE(' ',(#7285)) ;
#7310=SURFACE_SIDE_STYLE(' ',(#7309)) ;
#7334=SURFACE_SIDE_STYLE(' ',(#7333)) ;
#7358=SURFACE_SIDE_STYLE(' ',(#7357)) ;
#7382=SURFACE_SIDE_STYLE(' ',(#7381)) ;
#7406=SURFACE_SIDE_STYLE(' ',(#7405)) ;
#7430=SURFACE_SIDE_STYLE(' ',(#7429)) ;
#7454=SURFACE_SIDE_STYLE(' ',(#7453)) ;
#7478=SURFACE_SIDE_STYLE(' ',(#7477)) ;
#7502=SURFACE_SIDE_STYLE(' ',(#7501)) ;
#7526=SURFACE_SIDE_STYLE(' ',(#7525)) ;
#7550=SURFACE_SIDE_STYLE(' ',(#7549)) ;
#7574=SURFACE_SIDE_STYLE(' ',(#7573)) ;
#7598=SURFACE_SIDE_STYLE(' ',(#7597)) ;
#7622=SURFACE_SIDE_STYLE(' ',(#7621)) ;
#7646=SURFACE_SIDE_STYLE(' ',(#7645)) ;
#7670=SURFACE_SIDE_STYLE(' ',(#7669)) ;
#7694=SURFACE_SIDE_STYLE(' ',(#7693)) ;
#7718=SURFACE_SIDE_STYLE(' ',(#7717)) ;
#7742=SURFACE_SIDE_STYLE(' ',(#7741)) ;
#7766=SURFACE_SIDE_STYLE(' ',(#7765)) ;
#7790=SURFACE_SIDE_STYLE(' ',(#7789)) ;
#7814=SURFACE_SIDE_STYLE(' ',(#7813)) ;
#7838=SURFACE_SIDE_STYLE(' ',(#7837)) ;
#7862=SURFACE_SIDE_STYLE(' ',(#7861)) ;
#7886=SURFACE_SIDE_STYLE(' ',(#7885)) ;
#7910=SURFACE_SIDE_STYLE(' ',(#7909)) ;
#7934=SURFACE_SIDE_STYLE(' ',(#7933)) ;
#7958=SURFACE_SIDE_STYLE(' ',(#7957)) ;
#7982=SURFACE_SIDE_STYLE(' ',(#7981)) ;
#8006=SURFACE_SIDE_STYLE(' ',(#8005)) ;
#8030=SURFACE_SIDE_STYLE(' ',(#8029)) ;
#8054=SURFACE_SIDE_STYLE(' ',(#8053)) ;
#8078=SURFACE_SIDE_STYLE(' ',(#8077)) ;
#8102=SURFACE_SIDE_STYLE(' ',(#8101)) ;
#8121=SURFACE_SIDE_STYLE(' ',(#8120)) ;
#9075=SURFACE_SIDE_STYLE(' ',(#9074)) ;
#9104=SURFACE_SIDE_STYLE(' ',(#9103)) ;
#9128=SURFACE_SIDE_STYLE(' ',(#9127)) ;
#9152=SURFACE_SIDE_STYLE(' ',(#9151)) ;
#9176=SURFACE_SIDE_STYLE(' ',(#9175)) ;
#9200=SURFACE_SIDE_STYLE(' ',(#9199)) ;
#9224=SURFACE_SIDE_STYLE(' ',(#9223)) ;
#9248=SURFACE_SIDE_STYLE(' ',(#9247)) ;
#9272=SURFACE_SIDE_STYLE(' ',(#9271)) ;
#9296=SURFACE_SIDE_STYLE(' ',(#9295)) ;
#9320=SURFACE_SIDE_STYLE(' ',(#9319)) ;
#9344=SURFACE_SIDE_STYLE(' ',(#9343)) ;
#9368=SURFACE_SIDE_STYLE(' ',(#9367)) ;
#9392=SURFACE_SIDE_STYLE(' ',(#9391)) ;
#9416=SURFACE_SIDE_STYLE(' ',(#9415)) ;
#9440=SURFACE_SIDE_STYLE(' ',(#9439)) ;
#9464=SURFACE_SIDE_STYLE(' ',(#9463)) ;
#9488=SURFACE_SIDE_STYLE(' ',(#9487)) ;
#9512=SURFACE_SIDE_STYLE(' ',(#9511)) ;
#9536=SURFACE_SIDE_STYLE(' ',(#9535)) ;
#9560=SURFACE_SIDE_STYLE(' ',(#9559)) ;
#9584=SURFACE_SIDE_STYLE(' ',(#9583)) ;
#9608=SURFACE_SIDE_STYLE(' ',(#9607)) ;
#9632=SURFACE_SIDE_STYLE(' ',(#9631)) ;
#9656=SURFACE_SIDE_STYLE(' ',(#9655)) ;
#9680=SURFACE_SIDE_STYLE(' ',(#9679)) ;
#9704=SURFACE_SIDE_STYLE(' ',(#9703)) ;
#9728=SURFACE_SIDE_STYLE(' ',(#9727)) ;
#9752=SURFACE_SIDE_STYLE(' ',(#9751)) ;
#9776=SURFACE_SIDE_STYLE(' ',(#9775)) ;
#9800=SURFACE_SIDE_STYLE(' ',(#9799)) ;
#9824=SURFACE_SIDE_STYLE(' ',(#9823)) ;
#9848=SURFACE_SIDE_STYLE(' ',(#9847)) ;
#9872=SURFACE_SIDE_STYLE(' ',(#9871)) ;
#9896=SURFACE_SIDE_STYLE(' ',(#9895)) ;
#9920=SURFACE_SIDE_STYLE(' ',(#9919)) ;
#9944=SURFACE_SIDE_STYLE(' ',(#9943)) ;
#9968=SURFACE_SIDE_STYLE(' ',(#9967)) ;
#9992=SURFACE_SIDE_STYLE(' ',(#9991)) ;
#10016=SURFACE_SIDE_STYLE(' ',(#10015)) ;
#10040=SURFACE_SIDE_STYLE(' ',(#10039)) ;
#10064=SURFACE_SIDE_STYLE(' ',(#10063)) ;
#10088=SURFACE_SIDE_STYLE(' ',(#10087)) ;
#10112=SURFACE_SIDE_STYLE(' ',(#10111)) ;
#10136=SURFACE_SIDE_STYLE(' ',(#10135)) ;
#10160=SURFACE_SIDE_STYLE(' ',(#10159)) ;
#10184=SURFACE_SIDE_STYLE(' ',(#10183)) ;
#10208=SURFACE_SIDE_STYLE(' ',(#10207)) ;
#10232=SURFACE_SIDE_STYLE(' ',(#10231)) ;
#10256=SURFACE_SIDE_STYLE(' ',(#10255)) ;
#10280=SURFACE_SIDE_STYLE(' ',(#10279)) ;
#10304=SURFACE_SIDE_STYLE(' ',(#10303)) ;
#10328=SURFACE_SIDE_STYLE(' ',(#10327)) ;
#10352=SURFACE_SIDE_STYLE(' ',(#10351)) ;
#10376=SURFACE_SIDE_STYLE(' ',(#10375)) ;
#10400=SURFACE_SIDE_STYLE(' ',(#10399)) ;
#10424=SURFACE_SIDE_STYLE(' ',(#10423)) ;
#10448=SURFACE_SIDE_STYLE(' ',(#10447)) ;
#10472=SURFACE_SIDE_STYLE(' ',(#10471)) ;
#10496=SURFACE_SIDE_STYLE(' ',(#10495)) ;
#10520=SURFACE_SIDE_STYLE(' ',(#10519)) ;
#10544=SURFACE_SIDE_STYLE(' ',(#10543)) ;
#10568=SURFACE_SIDE_STYLE(' ',(#10567)) ;
#10592=SURFACE_SIDE_STYLE(' ',(#10591)) ;
#10616=SURFACE_SIDE_STYLE(' ',(#10615)) ;
#10640=SURFACE_SIDE_STYLE(' ',(#10639)) ;
#10664=SURFACE_SIDE_STYLE(' ',(#10663)) ;
#10688=SURFACE_SIDE_STYLE(' ',(#10687)) ;
#10712=SURFACE_SIDE_STYLE(' ',(#10711)) ;
#10736=SURFACE_SIDE_STYLE(' ',(#10735)) ;
#10760=SURFACE_SIDE_STYLE(' ',(#10759)) ;
#10784=SURFACE_SIDE_STYLE(' ',(#10783)) ;
#10808=SURFACE_SIDE_STYLE(' ',(#10807)) ;
#10832=SURFACE_SIDE_STYLE(' ',(#10831)) ;
#10856=SURFACE_SIDE_STYLE(' ',(#10855)) ;
#10880=SURFACE_SIDE_STYLE(' ',(#10879)) ;
#10904=SURFACE_SIDE_STYLE(' ',(#10903)) ;
#10928=SURFACE_SIDE_STYLE(' ',(#10927)) ;
#10952=SURFACE_SIDE_STYLE(' ',(#10951)) ;
#10976=SURFACE_SIDE_STYLE(' ',(#10975)) ;
#11000=SURFACE_SIDE_STYLE(' ',(#10999)) ;
#11024=SURFACE_SIDE_STYLE(' ',(#11023)) ;
#11048=SURFACE_SIDE_STYLE(' ',(#11047)) ;
#11072=SURFACE_SIDE_STYLE(' ',(#11071)) ;
#11096=SURFACE_SIDE_STYLE(' ',(#11095)) ;
#11120=SURFACE_SIDE_STYLE(' ',(#11119)) ;
#11144=SURFACE_SIDE_STYLE(' ',(#11143)) ;
#11168=SURFACE_SIDE_STYLE(' ',(#11167)) ;
#11192=SURFACE_SIDE_STYLE(' ',(#11191)) ;
#11216=SURFACE_SIDE_STYLE(' ',(#11215)) ;
#11240=SURFACE_SIDE_STYLE(' ',(#11239)) ;
#11264=SURFACE_SIDE_STYLE(' ',(#11263)) ;
#11288=SURFACE_SIDE_STYLE(' ',(#11287)) ;
#11312=SURFACE_SIDE_STYLE(' ',(#11311)) ;
#11336=SURFACE_SIDE_STYLE(' ',(#11335)) ;
#11360=SURFACE_SIDE_STYLE(' ',(#11359)) ;
#11384=SURFACE_SIDE_STYLE(' ',(#11383)) ;
#11408=SURFACE_SIDE_STYLE(' ',(#11407)) ;
#11432=SURFACE_SIDE_STYLE(' ',(#11431)) ;
#11456=SURFACE_SIDE_STYLE(' ',(#11455)) ;
#11480=SURFACE_SIDE_STYLE(' ',(#11479)) ;
#11504=SURFACE_SIDE_STYLE(' ',(#11503)) ;
#11528=SURFACE_SIDE_STYLE(' ',(#11527)) ;
#11552=SURFACE_SIDE_STYLE(' ',(#11551)) ;
#11576=SURFACE_SIDE_STYLE(' ',(#11575)) ;
#11600=SURFACE_SIDE_STYLE(' ',(#11599)) ;
#11624=SURFACE_SIDE_STYLE(' ',(#11623)) ;
#11648=SURFACE_SIDE_STYLE(' ',(#11647)) ;
#11672=SURFACE_SIDE_STYLE(' ',(#11671)) ;
#11696=SURFACE_SIDE_STYLE(' ',(#11695)) ;
#11720=SURFACE_SIDE_STYLE(' ',(#11719)) ;
#11744=SURFACE_SIDE_STYLE(' ',(#11743)) ;
#11768=SURFACE_SIDE_STYLE(' ',(#11767)) ;
#11792=SURFACE_SIDE_STYLE(' ',(#11791)) ;
#11816=SURFACE_SIDE_STYLE(' ',(#11815)) ;
#11840=SURFACE_SIDE_STYLE(' ',(#11839)) ;
#11864=SURFACE_SIDE_STYLE(' ',(#11863)) ;
#11888=SURFACE_SIDE_STYLE(' ',(#11887)) ;
#11907=SURFACE_SIDE_STYLE(' ',(#11906)) ;
#11949=SURFACE_SIDE_STYLE(' ',(#11948)) ;
#11978=SURFACE_SIDE_STYLE(' ',(#11977)) ;
#12002=SURFACE_SIDE_STYLE(' ',(#12001)) ;
#12026=SURFACE_SIDE_STYLE(' ',(#12025)) ;
#12045=SURFACE_SIDE_STYLE(' ',(#12044)) ;
#12231=SURFACE_SIDE_STYLE(' ',(#12230)) ;
#12260=SURFACE_SIDE_STYLE(' ',(#12259)) ;
#12284=SURFACE_SIDE_STYLE(' ',(#12283)) ;
#12308=SURFACE_SIDE_STYLE(' ',(#12307)) ;
#12332=SURFACE_SIDE_STYLE(' ',(#12331)) ;
#12356=SURFACE_SIDE_STYLE(' ',(#12355)) ;
#12380=SURFACE_SIDE_STYLE(' ',(#12379)) ;
#12404=SURFACE_SIDE_STYLE(' ',(#12403)) ;
#12428=SURFACE_SIDE_STYLE(' ',(#12427)) ;
#12452=SURFACE_SIDE_STYLE(' ',(#12451)) ;
#12476=SURFACE_SIDE_STYLE(' ',(#12475)) ;
#12500=SURFACE_SIDE_STYLE(' ',(#12499)) ;
#12524=SURFACE_SIDE_STYLE(' ',(#12523)) ;
#12548=SURFACE_SIDE_STYLE(' ',(#12547)) ;
#12572=SURFACE_SIDE_STYLE(' ',(#12571)) ;
#12596=SURFACE_SIDE_STYLE(' ',(#12595)) ;
#12620=SURFACE_SIDE_STYLE(' ',(#12619)) ;
#12644=SURFACE_SIDE_STYLE(' ',(#12643)) ;
#12668=SURFACE_SIDE_STYLE(' ',(#12667)) ;
#12692=SURFACE_SIDE_STYLE(' ',(#12691)) ;
#12716=SURFACE_SIDE_STYLE(' ',(#12715)) ;
#12740=SURFACE_SIDE_STYLE(' ',(#12739)) ;
#12759=SURFACE_SIDE_STYLE(' ',(#12758)) ;
#12945=SURFACE_SIDE_STYLE(' ',(#12944)) ;
#12974=SURFACE_SIDE_STYLE(' ',(#12973)) ;
#12998=SURFACE_SIDE_STYLE(' ',(#12997)) ;
#13022=SURFACE_SIDE_STYLE(' ',(#13021)) ;
#13046=SURFACE_SIDE_STYLE(' ',(#13045)) ;
#13070=SURFACE_SIDE_STYLE(' ',(#13069)) ;
#13094=SURFACE_SIDE_STYLE(' ',(#13093)) ;
#13118=SURFACE_SIDE_STYLE(' ',(#13117)) ;
#13142=SURFACE_SIDE_STYLE(' ',(#13141)) ;
#13166=SURFACE_SIDE_STYLE(' ',(#13165)) ;
#13190=SURFACE_SIDE_STYLE(' ',(#13189)) ;
#13214=SURFACE_SIDE_STYLE(' ',(#13213)) ;
#13238=SURFACE_SIDE_STYLE(' ',(#13237)) ;
#13262=SURFACE_SIDE_STYLE(' ',(#13261)) ;
#13286=SURFACE_SIDE_STYLE(' ',(#13285)) ;
#13310=SURFACE_SIDE_STYLE(' ',(#13309)) ;
#13334=SURFACE_SIDE_STYLE(' ',(#13333)) ;
#13358=SURFACE_SIDE_STYLE(' ',(#13357)) ;
#13382=SURFACE_SIDE_STYLE(' ',(#13381)) ;
#13406=SURFACE_SIDE_STYLE(' ',(#13405)) ;
#13430=SURFACE_SIDE_STYLE(' ',(#13429)) ;
#13454=SURFACE_SIDE_STYLE(' ',(#13453)) ;
#13473=SURFACE_SIDE_STYLE(' ',(#13472)) ;
#13755=SURFACE_SIDE_STYLE(' ',(#13754)) ;
#13784=SURFACE_SIDE_STYLE(' ',(#13783)) ;
#13808=SURFACE_SIDE_STYLE(' ',(#13807)) ;
#13832=SURFACE_SIDE_STYLE(' ',(#13831)) ;
#13856=SURFACE_SIDE_STYLE(' ',(#13855)) ;
#13880=SURFACE_SIDE_STYLE(' ',(#13879)) ;
#13904=SURFACE_SIDE_STYLE(' ',(#13903)) ;
#13928=SURFACE_SIDE_STYLE(' ',(#13927)) ;
#13952=SURFACE_SIDE_STYLE(' ',(#13951)) ;
#13976=SURFACE_SIDE_STYLE(' ',(#13975)) ;
#14000=SURFACE_SIDE_STYLE(' ',(#13999)) ;
#14024=SURFACE_SIDE_STYLE(' ',(#14023)) ;
#14048=SURFACE_SIDE_STYLE(' ',(#14047)) ;
#14072=SURFACE_SIDE_STYLE(' ',(#14071)) ;
#14096=SURFACE_SIDE_STYLE(' ',(#14095)) ;
#14120=SURFACE_SIDE_STYLE(' ',(#14119)) ;
#14144=SURFACE_SIDE_STYLE(' ',(#14143)) ;
#14168=SURFACE_SIDE_STYLE(' ',(#14167)) ;
#14192=SURFACE_SIDE_STYLE(' ',(#14191)) ;
#14216=SURFACE_SIDE_STYLE(' ',(#14215)) ;
#14240=SURFACE_SIDE_STYLE(' ',(#14239)) ;
#14264=SURFACE_SIDE_STYLE(' ',(#14263)) ;
#14288=SURFACE_SIDE_STYLE(' ',(#14287)) ;
#14312=SURFACE_SIDE_STYLE(' ',(#14311)) ;
#14336=SURFACE_SIDE_STYLE(' ',(#14335)) ;
#14360=SURFACE_SIDE_STYLE(' ',(#14359)) ;
#14384=SURFACE_SIDE_STYLE(' ',(#14383)) ;
#14408=SURFACE_SIDE_STYLE(' ',(#14407)) ;
#14432=SURFACE_SIDE_STYLE(' ',(#14431)) ;
#14456=SURFACE_SIDE_STYLE(' ',(#14455)) ;
#14480=SURFACE_SIDE_STYLE(' ',(#14479)) ;
#14504=SURFACE_SIDE_STYLE(' ',(#14503)) ;
#14528=SURFACE_SIDE_STYLE(' ',(#14527)) ;
#14552=SURFACE_SIDE_STYLE(' ',(#14551)) ;
#14571=SURFACE_SIDE_STYLE(' ',(#14570)) ;
#14661=SURFACE_SIDE_STYLE(' ',(#14660)) ;
#14690=SURFACE_SIDE_STYLE(' ',(#14689)) ;
#14714=SURFACE_SIDE_STYLE(' ',(#14713)) ;
#14733=SURFACE_SIDE_STYLE(' ',(#14732)) ;
#14757=SURFACE_SIDE_STYLE(' ',(#14756)) ;
#14776=SURFACE_SIDE_STYLE(' ',(#14775)) ;
#14800=SURFACE_SIDE_STYLE(' ',(#14799)) ;
#14819=SURFACE_SIDE_STYLE(' ',(#14818)) ;
#14843=SURFACE_SIDE_STYLE(' ',(#14842)) ;
#14862=SURFACE_SIDE_STYLE(' ',(#14861)) ;
#14881=SURFACE_SIDE_STYLE(' ',(#14880)) ;
#15069=SURFACE_SIDE_STYLE(' ',(#15068)) ;
#15098=SURFACE_SIDE_STYLE(' ',(#15097)) ;
#15112=SURFACE_SIDE_STYLE(' ',(#15111)) ;
#15141=SURFACE_SIDE_STYLE(' ',(#15140)) ;
#15155=SURFACE_SIDE_STYLE(' ',(#15154)) ;
#15184=SURFACE_SIDE_STYLE(' ',(#15183)) ;
#15198=SURFACE_SIDE_STYLE(' ',(#15197)) ;
#15227=SURFACE_SIDE_STYLE(' ',(#15226)) ;
#15241=SURFACE_SIDE_STYLE(' ',(#15240)) ;
#15270=SURFACE_SIDE_STYLE(' ',(#15269)) ;
#15284=SURFACE_SIDE_STYLE(' ',(#15283)) ;
#15313=SURFACE_SIDE_STYLE(' ',(#15312)) ;
#15327=SURFACE_SIDE_STYLE(' ',(#15326)) ;
#15356=SURFACE_SIDE_STYLE(' ',(#15355)) ;
#15370=SURFACE_SIDE_STYLE(' ',(#15369)) ;
#15399=SURFACE_SIDE_STYLE(' ',(#15398)) ;
#15413=SURFACE_SIDE_STYLE(' ',(#15412)) ;
#15442=SURFACE_SIDE_STYLE(' ',(#15441)) ;
#15456=SURFACE_SIDE_STYLE(' ',(#15455)) ;
#15485=SURFACE_SIDE_STYLE(' ',(#15484)) ;
#15499=SURFACE_SIDE_STYLE(' ',(#15498)) ;
#29=SURFACE_STYLE_FILL_AREA(#28) ;
#4828=SURFACE_STYLE_FILL_AREA(#4827) ;
#4857=SURFACE_STYLE_FILL_AREA(#4856) ;
#4881=SURFACE_STYLE_FILL_AREA(#4880) ;
#4905=SURFACE_STYLE_FILL_AREA(#4904) ;
#4929=SURFACE_STYLE_FILL_AREA(#4928) ;
#4953=SURFACE_STYLE_FILL_AREA(#4952) ;
#4977=SURFACE_STYLE_FILL_AREA(#4976) ;
#5001=SURFACE_STYLE_FILL_AREA(#5000) ;
#5025=SURFACE_STYLE_FILL_AREA(#5024) ;
#5049=SURFACE_STYLE_FILL_AREA(#5048) ;
#5073=SURFACE_STYLE_FILL_AREA(#5072) ;
#5097=SURFACE_STYLE_FILL_AREA(#5096) ;
#5121=SURFACE_STYLE_FILL_AREA(#5120) ;
#5145=SURFACE_STYLE_FILL_AREA(#5144) ;
#5169=SURFACE_STYLE_FILL_AREA(#5168) ;
#5193=SURFACE_STYLE_FILL_AREA(#5192) ;
#5217=SURFACE_STYLE_FILL_AREA(#5216) ;
#5241=SURFACE_STYLE_FILL_AREA(#5240) ;
#5265=SURFACE_STYLE_FILL_AREA(#5264) ;
#5289=SURFACE_STYLE_FILL_AREA(#5288) ;
#5313=SURFACE_STYLE_FILL_AREA(#5312) ;
#5337=SURFACE_STYLE_FILL_AREA(#5336) ;
#5361=SURFACE_STYLE_FILL_AREA(#5360) ;
#5385=SURFACE_STYLE_FILL_AREA(#5384) ;
#5409=SURFACE_STYLE_FILL_AREA(#5408) ;
#5433=SURFACE_STYLE_FILL_AREA(#5432) ;
#5452=SURFACE_STYLE_FILL_AREA(#5451) ;
#5476=SURFACE_STYLE_FILL_AREA(#5475) ;
#5500=SURFACE_STYLE_FILL_AREA(#5499) ;
#5524=SURFACE_STYLE_FILL_AREA(#5523) ;
#5548=SURFACE_STYLE_FILL_AREA(#5547) ;
#5572=SURFACE_STYLE_FILL_AREA(#5571) ;
#5596=SURFACE_STYLE_FILL_AREA(#5595) ;
#5620=SURFACE_STYLE_FILL_AREA(#5619) ;
#5644=SURFACE_STYLE_FILL_AREA(#5643) ;
#5668=SURFACE_STYLE_FILL_AREA(#5667) ;
#5692=SURFACE_STYLE_FILL_AREA(#5691) ;
#5716=SURFACE_STYLE_FILL_AREA(#5715) ;
#5740=SURFACE_STYLE_FILL_AREA(#5739) ;
#5764=SURFACE_STYLE_FILL_AREA(#5763) ;
#5788=SURFACE_STYLE_FILL_AREA(#5787) ;
#5812=SURFACE_STYLE_FILL_AREA(#5811) ;
#5836=SURFACE_STYLE_FILL_AREA(#5835) ;
#5860=SURFACE_STYLE_FILL_AREA(#5859) ;
#5884=SURFACE_STYLE_FILL_AREA(#5883) ;
#5908=SURFACE_STYLE_FILL_AREA(#5907) ;
#5932=SURFACE_STYLE_FILL_AREA(#5931) ;
#5956=SURFACE_STYLE_FILL_AREA(#5955) ;
#5975=SURFACE_STYLE_FILL_AREA(#5974) ;
#5999=SURFACE_STYLE_FILL_AREA(#5998) ;
#6023=SURFACE_STYLE_FILL_AREA(#6022) ;
#6047=SURFACE_STYLE_FILL_AREA(#6046) ;
#6071=SURFACE_STYLE_FILL_AREA(#6070) ;
#6095=SURFACE_STYLE_FILL_AREA(#6094) ;
#6119=SURFACE_STYLE_FILL_AREA(#6118) ;
#6143=SURFACE_STYLE_FILL_AREA(#6142) ;
#6167=SURFACE_STYLE_FILL_AREA(#6166) ;
#6191=SURFACE_STYLE_FILL_AREA(#6190) ;
#6215=SURFACE_STYLE_FILL_AREA(#6214) ;
#6239=SURFACE_STYLE_FILL_AREA(#6238) ;
#6263=SURFACE_STYLE_FILL_AREA(#6262) ;
#6287=SURFACE_STYLE_FILL_AREA(#6286) ;
#6311=SURFACE_STYLE_FILL_AREA(#6310) ;
#6335=SURFACE_STYLE_FILL_AREA(#6334) ;
#6359=SURFACE_STYLE_FILL_AREA(#6358) ;
#6383=SURFACE_STYLE_FILL_AREA(#6382) ;
#6407=SURFACE_STYLE_FILL_AREA(#6406) ;
#6431=SURFACE_STYLE_FILL_AREA(#6430) ;
#6455=SURFACE_STYLE_FILL_AREA(#6454) ;
#6479=SURFACE_STYLE_FILL_AREA(#6478) ;
#6503=SURFACE_STYLE_FILL_AREA(#6502) ;
#6527=SURFACE_STYLE_FILL_AREA(#6526) ;
#6551=SURFACE_STYLE_FILL_AREA(#6550) ;
#6575=SURFACE_STYLE_FILL_AREA(#6574) ;
#6599=SURFACE_STYLE_FILL_AREA(#6598) ;
#6623=SURFACE_STYLE_FILL_AREA(#6622) ;
#6647=SURFACE_STYLE_FILL_AREA(#6646) ;
#6671=SURFACE_STYLE_FILL_AREA(#6670) ;
#6695=SURFACE_STYLE_FILL_AREA(#6694) ;
#6719=SURFACE_STYLE_FILL_AREA(#6718) ;
#6743=SURFACE_STYLE_FILL_AREA(#6742) ;
#6767=SURFACE_STYLE_FILL_AREA(#6766) ;
#6791=SURFACE_STYLE_FILL_AREA(#6790) ;
#6815=SURFACE_STYLE_FILL_AREA(#6814) ;
#6839=SURFACE_STYLE_FILL_AREA(#6838) ;
#6863=SURFACE_STYLE_FILL_AREA(#6862) ;
#6887=SURFACE_STYLE_FILL_AREA(#6886) ;
#6911=SURFACE_STYLE_FILL_AREA(#6910) ;
#6935=SURFACE_STYLE_FILL_AREA(#6934) ;
#6959=SURFACE_STYLE_FILL_AREA(#6958) ;
#6983=SURFACE_STYLE_FILL_AREA(#6982) ;
#7007=SURFACE_STYLE_FILL_AREA(#7006) ;
#7031=SURFACE_STYLE_FILL_AREA(#7030) ;
#7055=SURFACE_STYLE_FILL_AREA(#7054) ;
#7079=SURFACE_STYLE_FILL_AREA(#7078) ;
#7098=SURFACE_STYLE_FILL_AREA(#7097) ;
#7117=SURFACE_STYLE_FILL_AREA(#7116) ;
#7141=SURFACE_STYLE_FILL_AREA(#7140) ;
#7165=SURFACE_STYLE_FILL_AREA(#7164) ;
#7189=SURFACE_STYLE_FILL_AREA(#7188) ;
#7213=SURFACE_STYLE_FILL_AREA(#7212) ;
#7237=SURFACE_STYLE_FILL_AREA(#7236) ;
#7261=SURFACE_STYLE_FILL_AREA(#7260) ;
#7285=SURFACE_STYLE_FILL_AREA(#7284) ;
#7309=SURFACE_STYLE_FILL_AREA(#7308) ;
#7333=SURFACE_STYLE_FILL_AREA(#7332) ;
#7357=SURFACE_STYLE_FILL_AREA(#7356) ;
#7381=SURFACE_STYLE_FILL_AREA(#7380) ;
#7405=SURFACE_STYLE_FILL_AREA(#7404) ;
#7429=SURFACE_STYLE_FILL_AREA(#7428) ;
#7453=SURFACE_STYLE_FILL_AREA(#7452) ;
#7477=SURFACE_STYLE_FILL_AREA(#7476) ;
#7501=SURFACE_STYLE_FILL_AREA(#7500) ;
#7525=SURFACE_STYLE_FILL_AREA(#7524) ;
#7549=SURFACE_STYLE_FILL_AREA(#7548) ;
#7573=SURFACE_STYLE_FILL_AREA(#7572) ;
#7597=SURFACE_STYLE_FILL_AREA(#7596) ;
#7621=SURFACE_STYLE_FILL_AREA(#7620) ;
#7645=SURFACE_STYLE_FILL_AREA(#7644) ;
#7669=SURFACE_STYLE_FILL_AREA(#7668) ;
#7693=SURFACE_STYLE_FILL_AREA(#7692) ;
#7717=SURFACE_STYLE_FILL_AREA(#7716) ;
#7741=SURFACE_STYLE_FILL_AREA(#7740) ;
#7765=SURFACE_STYLE_FILL_AREA(#7764) ;
#7789=SURFACE_STYLE_FILL_AREA(#7788) ;
#7813=SURFACE_STYLE_FILL_AREA(#7812) ;
#7837=SURFACE_STYLE_FILL_AREA(#7836) ;
#7861=SURFACE_STYLE_FILL_AREA(#7860) ;
#7885=SURFACE_STYLE_FILL_AREA(#7884) ;
#7909=SURFACE_STYLE_FILL_AREA(#7908) ;
#7933=SURFACE_STYLE_FILL_AREA(#7932) ;
#7957=SURFACE_STYLE_FILL_AREA(#7956) ;
#7981=SURFACE_STYLE_FILL_AREA(#7980) ;
#8005=SURFACE_STYLE_FILL_AREA(#8004) ;
#8029=SURFACE_STYLE_FILL_AREA(#8028) ;
#8053=SURFACE_STYLE_FILL_AREA(#8052) ;
#8077=SURFACE_STYLE_FILL_AREA(#8076) ;
#8101=SURFACE_STYLE_FILL_AREA(#8100) ;
#8120=SURFACE_STYLE_FILL_AREA(#8119) ;
#9074=SURFACE_STYLE_FILL_AREA(#9073) ;
#9103=SURFACE_STYLE_FILL_AREA(#9102) ;
#9127=SURFACE_STYLE_FILL_AREA(#9126) ;
#9151=SURFACE_STYLE_FILL_AREA(#9150) ;
#9175=SURFACE_STYLE_FILL_AREA(#9174) ;
#9199=SURFACE_STYLE_FILL_AREA(#9198) ;
#9223=SURFACE_STYLE_FILL_AREA(#9222) ;
#9247=SURFACE_STYLE_FILL_AREA(#9246) ;
#9271=SURFACE_STYLE_FILL_AREA(#9270) ;
#9295=SURFACE_STYLE_FILL_AREA(#9294) ;
#9319=SURFACE_STYLE_FILL_AREA(#9318) ;
#9343=SURFACE_STYLE_FILL_AREA(#9342) ;
#9367=SURFACE_STYLE_FILL_AREA(#9366) ;
#9391=SURFACE_STYLE_FILL_AREA(#9390) ;
#9415=SURFACE_STYLE_FILL_AREA(#9414) ;
#9439=SURFACE_STYLE_FILL_AREA(#9438) ;
#9463=SURFACE_STYLE_FILL_AREA(#9462) ;
#9487=SURFACE_STYLE_FILL_AREA(#9486) ;
#9511=SURFACE_STYLE_FILL_AREA(#9510) ;
#9535=SURFACE_STYLE_FILL_AREA(#9534) ;
#9559=SURFACE_STYLE_FILL_AREA(#9558) ;
#9583=SURFACE_STYLE_FILL_AREA(#9582) ;
#9607=SURFACE_STYLE_FILL_AREA(#9606) ;
#9631=SURFACE_STYLE_FILL_AREA(#9630) ;
#9655=SURFACE_STYLE_FILL_AREA(#9654) ;
#9679=SURFACE_STYLE_FILL_AREA(#9678) ;
#9703=SURFACE_STYLE_FILL_AREA(#9702) ;
#9727=SURFACE_STYLE_FILL_AREA(#9726) ;
#9751=SURFACE_STYLE_FILL_AREA(#9750) ;
#9775=SURFACE_STYLE_FILL_AREA(#9774) ;
#9799=SURFACE_STYLE_FILL_AREA(#9798) ;
#9823=SURFACE_STYLE_FILL_AREA(#9822) ;
#9847=SURFACE_STYLE_FILL_AREA(#9846) ;
#9871=SURFACE_STYLE_FILL_AREA(#9870) ;
#9895=SURFACE_STYLE_FILL_AREA(#9894) ;
#9919=SURFACE_STYLE_FILL_AREA(#9918) ;
#9943=SURFACE_STYLE_FILL_AREA(#9942) ;
#9967=SURFACE_STYLE_FILL_AREA(#9966) ;
#9991=SURFACE_STYLE_FILL_AREA(#9990) ;
#10015=SURFACE_STYLE_FILL_AREA(#10014) ;
#10039=SURFACE_STYLE_FILL_AREA(#10038) ;
#10063=SURFACE_STYLE_FILL_AREA(#10062) ;
#10087=SURFACE_STYLE_FILL_AREA(#10086) ;
#10111=SURFACE_STYLE_FILL_AREA(#10110) ;
#10135=SURFACE_STYLE_FILL_AREA(#10134) ;
#10159=SURFACE_STYLE_FILL_AREA(#10158) ;
#10183=SURFACE_STYLE_FILL_AREA(#10182) ;
#10207=SURFACE_STYLE_FILL_AREA(#10206) ;
#10231=SURFACE_STYLE_FILL_AREA(#10230) ;
#10255=SURFACE_STYLE_FILL_AREA(#10254) ;
#10279=SURFACE_STYLE_FILL_AREA(#10278) ;
#10303=SURFACE_STYLE_FILL_AREA(#10302) ;
#10327=SURFACE_STYLE_FILL_AREA(#10326) ;
#10351=SURFACE_STYLE_FILL_AREA(#10350) ;
#10375=SURFACE_STYLE_FILL_AREA(#10374) ;
#10399=SURFACE_STYLE_FILL_AREA(#10398) ;
#10423=SURFACE_STYLE_FILL_AREA(#10422) ;
#10447=SURFACE_STYLE_FILL_AREA(#10446) ;
#10471=SURFACE_STYLE_FILL_AREA(#10470) ;
#10495=SURFACE_STYLE_FILL_AREA(#10494) ;
#10519=SURFACE_STYLE_FILL_AREA(#10518) ;
#10543=SURFACE_STYLE_FILL_AREA(#10542) ;
#10567=SURFACE_STYLE_FILL_AREA(#10566) ;
#10591=SURFACE_STYLE_FILL_AREA(#10590) ;
#10615=SURFACE_STYLE_FILL_AREA(#10614) ;
#10639=SURFACE_STYLE_FILL_AREA(#10638) ;
#10663=SURFACE_STYLE_FILL_AREA(#10662) ;
#10687=SURFACE_STYLE_FILL_AREA(#10686) ;
#10711=SURFACE_STYLE_FILL_AREA(#10710) ;
#10735=SURFACE_STYLE_FILL_AREA(#10734) ;
#10759=SURFACE_STYLE_FILL_AREA(#10758) ;
#10783=SURFACE_STYLE_FILL_AREA(#10782) ;
#10807=SURFACE_STYLE_FILL_AREA(#10806) ;
#10831=SURFACE_STYLE_FILL_AREA(#10830) ;
#10855=SURFACE_STYLE_FILL_AREA(#10854) ;
#10879=SURFACE_STYLE_FILL_AREA(#10878) ;
#10903=SURFACE_STYLE_FILL_AREA(#10902) ;
#10927=SURFACE_STYLE_FILL_AREA(#10926) ;
#10951=SURFACE_STYLE_FILL_AREA(#10950) ;
#10975=SURFACE_STYLE_FILL_AREA(#10974) ;
#10999=SURFACE_STYLE_FILL_AREA(#10998) ;
#11023=SURFACE_STYLE_FILL_AREA(#11022) ;
#11047=SURFACE_STYLE_FILL_AREA(#11046) ;
#11071=SURFACE_STYLE_FILL_AREA(#11070) ;
#11095=SURFACE_STYLE_FILL_AREA(#11094) ;
#11119=SURFACE_STYLE_FILL_AREA(#11118) ;
#11143=SURFACE_STYLE_FILL_AREA(#11142) ;
#11167=SURFACE_STYLE_FILL_AREA(#11166) ;
#11191=SURFACE_STYLE_FILL_AREA(#11190) ;
#11215=SURFACE_STYLE_FILL_AREA(#11214) ;
#11239=SURFACE_STYLE_FILL_AREA(#11238) ;
#11263=SURFACE_STYLE_FILL_AREA(#11262) ;
#11287=SURFACE_STYLE_FILL_AREA(#11286) ;
#11311=SURFACE_STYLE_FILL_AREA(#11310) ;
#11335=SURFACE_STYLE_FILL_AREA(#11334) ;
#11359=SURFACE_STYLE_FILL_AREA(#11358) ;
#11383=SURFACE_STYLE_FILL_AREA(#11382) ;
#11407=SURFACE_STYLE_FILL_AREA(#11406) ;
#11431=SURFACE_STYLE_FILL_AREA(#11430) ;
#11455=SURFACE_STYLE_FILL_AREA(#11454) ;
#11479=SURFACE_STYLE_FILL_AREA(#11478) ;
#11503=SURFACE_STYLE_FILL_AREA(#11502) ;
#11527=SURFACE_STYLE_FILL_AREA(#11526) ;
#11551=SURFACE_STYLE_FILL_AREA(#11550) ;
#11575=SURFACE_STYLE_FILL_AREA(#11574) ;
#11599=SURFACE_STYLE_FILL_AREA(#11598) ;
#11623=SURFACE_STYLE_FILL_AREA(#11622) ;
#11647=SURFACE_STYLE_FILL_AREA(#11646) ;
#11671=SURFACE_STYLE_FILL_AREA(#11670) ;
#11695=SURFACE_STYLE_FILL_AREA(#11694) ;
#11719=SURFACE_STYLE_FILL_AREA(#11718) ;
#11743=SURFACE_STYLE_FILL_AREA(#11742) ;
#11767=SURFACE_STYLE_FILL_AREA(#11766) ;
#11791=SURFACE_STYLE_FILL_AREA(#11790) ;
#11815=SURFACE_STYLE_FILL_AREA(#11814) ;
#11839=SURFACE_STYLE_FILL_AREA(#11838) ;
#11863=SURFACE_STYLE_FILL_AREA(#11862) ;
#11887=SURFACE_STYLE_FILL_AREA(#11886) ;
#11906=SURFACE_STYLE_FILL_AREA(#11905) ;
#11948=SURFACE_STYLE_FILL_AREA(#11947) ;
#11977=SURFACE_STYLE_FILL_AREA(#11976) ;
#12001=SURFACE_STYLE_FILL_AREA(#12000) ;
#12025=SURFACE_STYLE_FILL_AREA(#12024) ;
#12044=SURFACE_STYLE_FILL_AREA(#12043) ;
#12230=SURFACE_STYLE_FILL_AREA(#12229) ;
#12259=SURFACE_STYLE_FILL_AREA(#12258) ;
#12283=SURFACE_STYLE_FILL_AREA(#12282) ;
#12307=SURFACE_STYLE_FILL_AREA(#12306) ;
#12331=SURFACE_STYLE_FILL_AREA(#12330) ;
#12355=SURFACE_STYLE_FILL_AREA(#12354) ;
#12379=SURFACE_STYLE_FILL_AREA(#12378) ;
#12403=SURFACE_STYLE_FILL_AREA(#12402) ;
#12427=SURFACE_STYLE_FILL_AREA(#12426) ;
#12451=SURFACE_STYLE_FILL_AREA(#12450) ;
#12475=SURFACE_STYLE_FILL_AREA(#12474) ;
#12499=SURFACE_STYLE_FILL_AREA(#12498) ;
#12523=SURFACE_STYLE_FILL_AREA(#12522) ;
#12547=SURFACE_STYLE_FILL_AREA(#12546) ;
#12571=SURFACE_STYLE_FILL_AREA(#12570) ;
#12595=SURFACE_STYLE_FILL_AREA(#12594) ;
#12619=SURFACE_STYLE_FILL_AREA(#12618) ;
#12643=SURFACE_STYLE_FILL_AREA(#12642) ;
#12667=SURFACE_STYLE_FILL_AREA(#12666) ;
#12691=SURFACE_STYLE_FILL_AREA(#12690) ;
#12715=SURFACE_STYLE_FILL_AREA(#12714) ;
#12739=SURFACE_STYLE_FILL_AREA(#12738) ;
#12758=SURFACE_STYLE_FILL_AREA(#12757) ;
#12944=SURFACE_STYLE_FILL_AREA(#12943) ;
#12973=SURFACE_STYLE_FILL_AREA(#12972) ;
#12997=SURFACE_STYLE_FILL_AREA(#12996) ;
#13021=SURFACE_STYLE_FILL_AREA(#13020) ;
#13045=SURFACE_STYLE_FILL_AREA(#13044) ;
#13069=SURFACE_STYLE_FILL_AREA(#13068) ;
#13093=SURFACE_STYLE_FILL_AREA(#13092) ;
#13117=SURFACE_STYLE_FILL_AREA(#13116) ;
#13141=SURFACE_STYLE_FILL_AREA(#13140) ;
#13165=SURFACE_STYLE_FILL_AREA(#13164) ;
#13189=SURFACE_STYLE_FILL_AREA(#13188) ;
#13213=SURFACE_STYLE_FILL_AREA(#13212) ;
#13237=SURFACE_STYLE_FILL_AREA(#13236) ;
#13261=SURFACE_STYLE_FILL_AREA(#13260) ;
#13285=SURFACE_STYLE_FILL_AREA(#13284) ;
#13309=SURFACE_STYLE_FILL_AREA(#13308) ;
#13333=SURFACE_STYLE_FILL_AREA(#13332) ;
#13357=SURFACE_STYLE_FILL_AREA(#13356) ;
#13381=SURFACE_STYLE_FILL_AREA(#13380) ;
#13405=SURFACE_STYLE_FILL_AREA(#13404) ;
#13429=SURFACE_STYLE_FILL_AREA(#13428) ;
#13453=SURFACE_STYLE_FILL_AREA(#13452) ;
#13472=SURFACE_STYLE_FILL_AREA(#13471) ;
#13754=SURFACE_STYLE_FILL_AREA(#13753) ;
#13783=SURFACE_STYLE_FILL_AREA(#13782) ;
#13807=SURFACE_STYLE_FILL_AREA(#13806) ;
#13831=SURFACE_STYLE_FILL_AREA(#13830) ;
#13855=SURFACE_STYLE_FILL_AREA(#13854) ;
#13879=SURFACE_STYLE_FILL_AREA(#13878) ;
#13903=SURFACE_STYLE_FILL_AREA(#13902) ;
#13927=SURFACE_STYLE_FILL_AREA(#13926) ;
#13951=SURFACE_STYLE_FILL_AREA(#13950) ;
#13975=SURFACE_STYLE_FILL_AREA(#13974) ;
#13999=SURFACE_STYLE_FILL_AREA(#13998) ;
#14023=SURFACE_STYLE_FILL_AREA(#14022) ;
#14047=SURFACE_STYLE_FILL_AREA(#14046) ;
#14071=SURFACE_STYLE_FILL_AREA(#14070) ;
#14095=SURFACE_STYLE_FILL_AREA(#14094) ;
#14119=SURFACE_STYLE_FILL_AREA(#14118) ;
#14143=SURFACE_STYLE_FILL_AREA(#14142) ;
#14167=SURFACE_STYLE_FILL_AREA(#14166) ;
#14191=SURFACE_STYLE_FILL_AREA(#14190) ;
#14215=SURFACE_STYLE_FILL_AREA(#14214) ;
#14239=SURFACE_STYLE_FILL_AREA(#14238) ;
#14263=SURFACE_STYLE_FILL_AREA(#14262) ;
#14287=SURFACE_STYLE_FILL_AREA(#14286) ;
#14311=SURFACE_STYLE_FILL_AREA(#14310) ;
#14335=SURFACE_STYLE_FILL_AREA(#14334) ;
#14359=SURFACE_STYLE_FILL_AREA(#14358) ;
#14383=SURFACE_STYLE_FILL_AREA(#14382) ;
#14407=SURFACE_STYLE_FILL_AREA(#14406) ;
#14431=SURFACE_STYLE_FILL_AREA(#14430) ;
#14455=SURFACE_STYLE_FILL_AREA(#14454) ;
#14479=SURFACE_STYLE_FILL_AREA(#14478) ;
#14503=SURFACE_STYLE_FILL_AREA(#14502) ;
#14527=SURFACE_STYLE_FILL_AREA(#14526) ;
#14551=SURFACE_STYLE_FILL_AREA(#14550) ;
#14570=SURFACE_STYLE_FILL_AREA(#14569) ;
#14660=SURFACE_STYLE_FILL_AREA(#14659) ;
#14689=SURFACE_STYLE_FILL_AREA(#14688) ;
#14713=SURFACE_STYLE_FILL_AREA(#14712) ;
#14732=SURFACE_STYLE_FILL_AREA(#14731) ;
#14756=SURFACE_STYLE_FILL_AREA(#14755) ;
#14775=SURFACE_STYLE_FILL_AREA(#14774) ;
#14799=SURFACE_STYLE_FILL_AREA(#14798) ;
#14818=SURFACE_STYLE_FILL_AREA(#14817) ;
#14842=SURFACE_STYLE_FILL_AREA(#14841) ;
#14861=SURFACE_STYLE_FILL_AREA(#14860) ;
#14880=SURFACE_STYLE_FILL_AREA(#14879) ;
#15068=SURFACE_STYLE_FILL_AREA(#15067) ;
#15097=SURFACE_STYLE_FILL_AREA(#15096) ;
#15111=SURFACE_STYLE_FILL_AREA(#15110) ;
#15140=SURFACE_STYLE_FILL_AREA(#15139) ;
#15154=SURFACE_STYLE_FILL_AREA(#15153) ;
#15183=SURFACE_STYLE_FILL_AREA(#15182) ;
#15197=SURFACE_STYLE_FILL_AREA(#15196) ;
#15226=SURFACE_STYLE_FILL_AREA(#15225) ;
#15240=SURFACE_STYLE_FILL_AREA(#15239) ;
#15269=SURFACE_STYLE_FILL_AREA(#15268) ;
#15283=SURFACE_STYLE_FILL_AREA(#15282) ;
#15312=SURFACE_STYLE_FILL_AREA(#15311) ;
#15326=SURFACE_STYLE_FILL_AREA(#15325) ;
#15355=SURFACE_STYLE_FILL_AREA(#15354) ;
#15369=SURFACE_STYLE_FILL_AREA(#15368) ;
#15398=SURFACE_STYLE_FILL_AREA(#15397) ;
#15412=SURFACE_STYLE_FILL_AREA(#15411) ;
#15441=SURFACE_STYLE_FILL_AREA(#15440) ;
#15455=SURFACE_STYLE_FILL_AREA(#15454) ;
#15484=SURFACE_STYLE_FILL_AREA(#15483) ;
#15498=SURFACE_STYLE_FILL_AREA(#15497) ;
#28=FILL_AREA_STYLE(' ',(#27)) ;
#4827=FILL_AREA_STYLE(' ',(#4826)) ;
#4856=FILL_AREA_STYLE(' ',(#4855)) ;
#4880=FILL_AREA_STYLE(' ',(#4879)) ;
#4904=FILL_AREA_STYLE(' ',(#4903)) ;
#4928=FILL_AREA_STYLE(' ',(#4927)) ;
#4952=FILL_AREA_STYLE(' ',(#4951)) ;
#4976=FILL_AREA_STYLE(' ',(#4975)) ;
#5000=FILL_AREA_STYLE(' ',(#4999)) ;
#5024=FILL_AREA_STYLE(' ',(#5023)) ;
#5048=FILL_AREA_STYLE(' ',(#5047)) ;
#5072=FILL_AREA_STYLE(' ',(#5071)) ;
#5096=FILL_AREA_STYLE(' ',(#5095)) ;
#5120=FILL_AREA_STYLE(' ',(#5119)) ;
#5144=FILL_AREA_STYLE(' ',(#5143)) ;
#5168=FILL_AREA_STYLE(' ',(#5167)) ;
#5192=FILL_AREA_STYLE(' ',(#5191)) ;
#5216=FILL_AREA_STYLE(' ',(#5215)) ;
#5240=FILL_AREA_STYLE(' ',(#5239)) ;
#5264=FILL_AREA_STYLE(' ',(#5263)) ;
#5288=FILL_AREA_STYLE(' ',(#5287)) ;
#5312=FILL_AREA_STYLE(' ',(#5311)) ;
#5336=FILL_AREA_STYLE(' ',(#5335)) ;
#5360=FILL_AREA_STYLE(' ',(#5359)) ;
#5384=FILL_AREA_STYLE(' ',(#5383)) ;
#5408=FILL_AREA_STYLE(' ',(#5407)) ;
#5432=FILL_AREA_STYLE(' ',(#5431)) ;
#5451=FILL_AREA_STYLE(' ',(#5450)) ;
#5475=FILL_AREA_STYLE(' ',(#5474)) ;
#5499=FILL_AREA_STYLE(' ',(#5498)) ;
#5523=FILL_AREA_STYLE(' ',(#5522)) ;
#5547=FILL_AREA_STYLE(' ',(#5546)) ;
#5571=FILL_AREA_STYLE(' ',(#5570)) ;
#5595=FILL_AREA_STYLE(' ',(#5594)) ;
#5619=FILL_AREA_STYLE(' ',(#5618)) ;
#5643=FILL_AREA_STYLE(' ',(#5642)) ;
#5667=FILL_AREA_STYLE(' ',(#5666)) ;
#5691=FILL_AREA_STYLE(' ',(#5690)) ;
#5715=FILL_AREA_STYLE(' ',(#5714)) ;
#5739=FILL_AREA_STYLE(' ',(#5738)) ;
#5763=FILL_AREA_STYLE(' ',(#5762)) ;
#5787=FILL_AREA_STYLE(' ',(#5786)) ;
#5811=FILL_AREA_STYLE(' ',(#5810)) ;
#5835=FILL_AREA_STYLE(' ',(#5834)) ;
#5859=FILL_AREA_STYLE(' ',(#5858)) ;
#5883=FILL_AREA_STYLE(' ',(#5882)) ;
#5907=FILL_AREA_STYLE(' ',(#5906)) ;
#5931=FILL_AREA_STYLE(' ',(#5930)) ;
#5955=FILL_AREA_STYLE(' ',(#5954)) ;
#5974=FILL_AREA_STYLE(' ',(#5973)) ;
#5998=FILL_AREA_STYLE(' ',(#5997)) ;
#6022=FILL_AREA_STYLE(' ',(#6021)) ;
#6046=FILL_AREA_STYLE(' ',(#6045)) ;
#6070=FILL_AREA_STYLE(' ',(#6069)) ;
#6094=FILL_AREA_STYLE(' ',(#6093)) ;
#6118=FILL_AREA_STYLE(' ',(#6117)) ;
#6142=FILL_AREA_STYLE(' ',(#6141)) ;
#6166=FILL_AREA_STYLE(' ',(#6165)) ;
#6190=FILL_AREA_STYLE(' ',(#6189)) ;
#6214=FILL_AREA_STYLE(' ',(#6213)) ;
#6238=FILL_AREA_STYLE(' ',(#6237)) ;
#6262=FILL_AREA_STYLE(' ',(#6261)) ;
#6286=FILL_AREA_STYLE(' ',(#6285)) ;
#6310=FILL_AREA_STYLE(' ',(#6309)) ;
#6334=FILL_AREA_STYLE(' ',(#6333)) ;
#6358=FILL_AREA_STYLE(' ',(#6357)) ;
#6382=FILL_AREA_STYLE(' ',(#6381)) ;
#6406=FILL_AREA_STYLE(' ',(#6405)) ;
#6430=FILL_AREA_STYLE(' ',(#6429)) ;
#6454=FILL_AREA_STYLE(' ',(#6453)) ;
#6478=FILL_AREA_STYLE(' ',(#6477)) ;
#6502=FILL_AREA_STYLE(' ',(#6501)) ;
#6526=FILL_AREA_STYLE(' ',(#6525)) ;
#6550=FILL_AREA_STYLE(' ',(#6549)) ;
#6574=FILL_AREA_STYLE(' ',(#6573)) ;
#6598=FILL_AREA_STYLE(' ',(#6597)) ;
#6622=FILL_AREA_STYLE(' ',(#6621)) ;
#6646=FILL_AREA_STYLE(' ',(#6645)) ;
#6670=FILL_AREA_STYLE(' ',(#6669)) ;
#6694=FILL_AREA_STYLE(' ',(#6693)) ;
#6718=FILL_AREA_STYLE(' ',(#6717)) ;
#6742=FILL_AREA_STYLE(' ',(#6741)) ;
#6766=FILL_AREA_STYLE(' ',(#6765)) ;
#6790=FILL_AREA_STYLE(' ',(#6789)) ;
#6814=FILL_AREA_STYLE(' ',(#6813)) ;
#6838=FILL_AREA_STYLE(' ',(#6837)) ;
#6862=FILL_AREA_STYLE(' ',(#6861)) ;
#6886=FILL_AREA_STYLE(' ',(#6885)) ;
#6910=FILL_AREA_STYLE(' ',(#6909)) ;
#6934=FILL_AREA_STYLE(' ',(#6933)) ;
#6958=FILL_AREA_STYLE(' ',(#6957)) ;
#6982=FILL_AREA_STYLE(' ',(#6981)) ;
#7006=FILL_AREA_STYLE(' ',(#7005)) ;
#7030=FILL_AREA_STYLE(' ',(#7029)) ;
#7054=FILL_AREA_STYLE(' ',(#7053)) ;
#7078=FILL_AREA_STYLE(' ',(#7077)) ;
#7097=FILL_AREA_STYLE(' ',(#7096)) ;
#7116=FILL_AREA_STYLE(' ',(#7115)) ;
#7140=FILL_AREA_STYLE(' ',(#7139)) ;
#7164=FILL_AREA_STYLE(' ',(#7163)) ;
#7188=FILL_AREA_STYLE(' ',(#7187)) ;
#7212=FILL_AREA_STYLE(' ',(#7211)) ;
#7236=FILL_AREA_STYLE(' ',(#7235)) ;
#7260=FILL_AREA_STYLE(' ',(#7259)) ;
#7284=FILL_AREA_STYLE(' ',(#7283)) ;
#7308=FILL_AREA_STYLE(' ',(#7307)) ;
#7332=FILL_AREA_STYLE(' ',(#7331)) ;
#7356=FILL_AREA_STYLE(' ',(#7355)) ;
#7380=FILL_AREA_STYLE(' ',(#7379)) ;
#7404=FILL_AREA_STYLE(' ',(#7403)) ;
#7428=FILL_AREA_STYLE(' ',(#7427)) ;
#7452=FILL_AREA_STYLE(' ',(#7451)) ;
#7476=FILL_AREA_STYLE(' ',(#7475)) ;
#7500=FILL_AREA_STYLE(' ',(#7499)) ;
#7524=FILL_AREA_STYLE(' ',(#7523)) ;
#7548=FILL_AREA_STYLE(' ',(#7547)) ;
#7572=FILL_AREA_STYLE(' ',(#7571)) ;
#7596=FILL_AREA_STYLE(' ',(#7595)) ;
#7620=FILL_AREA_STYLE(' ',(#7619)) ;
#7644=FILL_AREA_STYLE(' ',(#7643)) ;
#7668=FILL_AREA_STYLE(' ',(#7667)) ;
#7692=FILL_AREA_STYLE(' ',(#7691)) ;
#7716=FILL_AREA_STYLE(' ',(#7715)) ;
#7740=FILL_AREA_STYLE(' ',(#7739)) ;
#7764=FILL_AREA_STYLE(' ',(#7763)) ;
#7788=FILL_AREA_STYLE(' ',(#7787)) ;
#7812=FILL_AREA_STYLE(' ',(#7811)) ;
#7836=FILL_AREA_STYLE(' ',(#7835)) ;
#7860=FILL_AREA_STYLE(' ',(#7859)) ;
#7884=FILL_AREA_STYLE(' ',(#7883)) ;
#7908=FILL_AREA_STYLE(' ',(#7907)) ;
#7932=FILL_AREA_STYLE(' ',(#7931)) ;
#7956=FILL_AREA_STYLE(' ',(#7955)) ;
#7980=FILL_AREA_STYLE(' ',(#7979)) ;
#8004=FILL_AREA_STYLE(' ',(#8003)) ;
#8028=FILL_AREA_STYLE(' ',(#8027)) ;
#8052=FILL_AREA_STYLE(' ',(#8051)) ;
#8076=FILL_AREA_STYLE(' ',(#8075)) ;
#8100=FILL_AREA_STYLE(' ',(#8099)) ;
#8119=FILL_AREA_STYLE(' ',(#8118)) ;
#9073=FILL_AREA_STYLE(' ',(#9072)) ;
#9102=FILL_AREA_STYLE(' ',(#9101)) ;
#9126=FILL_AREA_STYLE(' ',(#9125)) ;
#9150=FILL_AREA_STYLE(' ',(#9149)) ;
#9174=FILL_AREA_STYLE(' ',(#9173)) ;
#9198=FILL_AREA_STYLE(' ',(#9197)) ;
#9222=FILL_AREA_STYLE(' ',(#9221)) ;
#9246=FILL_AREA_STYLE(' ',(#9245)) ;
#9270=FILL_AREA_STYLE(' ',(#9269)) ;
#9294=FILL_AREA_STYLE(' ',(#9293)) ;
#9318=FILL_AREA_STYLE(' ',(#9317)) ;
#9342=FILL_AREA_STYLE(' ',(#9341)) ;
#9366=FILL_AREA_STYLE(' ',(#9365)) ;
#9390=FILL_AREA_STYLE(' ',(#9389)) ;
#9414=FILL_AREA_STYLE(' ',(#9413)) ;
#9438=FILL_AREA_STYLE(' ',(#9437)) ;
#9462=FILL_AREA_STYLE(' ',(#9461)) ;
#9486=FILL_AREA_STYLE(' ',(#9485)) ;
#9510=FILL_AREA_STYLE(' ',(#9509)) ;
#9534=FILL_AREA_STYLE(' ',(#9533)) ;
#9558=FILL_AREA_STYLE(' ',(#9557)) ;
#9582=FILL_AREA_STYLE(' ',(#9581)) ;
#9606=FILL_AREA_STYLE(' ',(#9605)) ;
#9630=FILL_AREA_STYLE(' ',(#9629)) ;
#9654=FILL_AREA_STYLE(' ',(#9653)) ;
#9678=FILL_AREA_STYLE(' ',(#9677)) ;
#9702=FILL_AREA_STYLE(' ',(#9701)) ;
#9726=FILL_AREA_STYLE(' ',(#9725)) ;
#9750=FILL_AREA_STYLE(' ',(#9749)) ;
#9774=FILL_AREA_STYLE(' ',(#9773)) ;
#9798=FILL_AREA_STYLE(' ',(#9797)) ;
#9822=FILL_AREA_STYLE(' ',(#9821)) ;
#9846=FILL_AREA_STYLE(' ',(#9845)) ;
#9870=FILL_AREA_STYLE(' ',(#9869)) ;
#9894=FILL_AREA_STYLE(' ',(#9893)) ;
#9918=FILL_AREA_STYLE(' ',(#9917)) ;
#9942=FILL_AREA_STYLE(' ',(#9941)) ;
#9966=FILL_AREA_STYLE(' ',(#9965)) ;
#9990=FILL_AREA_STYLE(' ',(#9989)) ;
#10014=FILL_AREA_STYLE(' ',(#10013)) ;
#10038=FILL_AREA_STYLE(' ',(#10037)) ;
#10062=FILL_AREA_STYLE(' ',(#10061)) ;
#10086=FILL_AREA_STYLE(' ',(#10085)) ;
#10110=FILL_AREA_STYLE(' ',(#10109)) ;
#10134=FILL_AREA_STYLE(' ',(#10133)) ;
#10158=FILL_AREA_STYLE(' ',(#10157)) ;
#10182=FILL_AREA_STYLE(' ',(#10181)) ;
#10206=FILL_AREA_STYLE(' ',(#10205)) ;
#10230=FILL_AREA_STYLE(' ',(#10229)) ;
#10254=FILL_AREA_STYLE(' ',(#10253)) ;
#10278=FILL_AREA_STYLE(' ',(#10277)) ;
#10302=FILL_AREA_STYLE(' ',(#10301)) ;
#10326=FILL_AREA_STYLE(' ',(#10325)) ;
#10350=FILL_AREA_STYLE(' ',(#10349)) ;
#10374=FILL_AREA_STYLE(' ',(#10373)) ;
#10398=FILL_AREA_STYLE(' ',(#10397)) ;
#10422=FILL_AREA_STYLE(' ',(#10421)) ;
#10446=FILL_AREA_STYLE(' ',(#10445)) ;
#10470=FILL_AREA_STYLE(' ',(#10469)) ;
#10494=FILL_AREA_STYLE(' ',(#10493)) ;
#10518=FILL_AREA_STYLE(' ',(#10517)) ;
#10542=FILL_AREA_STYLE(' ',(#10541)) ;
#10566=FILL_AREA_STYLE(' ',(#10565)) ;
#10590=FILL_AREA_STYLE(' ',(#10589)) ;
#10614=FILL_AREA_STYLE(' ',(#10613)) ;
#10638=FILL_AREA_STYLE(' ',(#10637)) ;
#10662=FILL_AREA_STYLE(' ',(#10661)) ;
#10686=FILL_AREA_STYLE(' ',(#10685)) ;
#10710=FILL_AREA_STYLE(' ',(#10709)) ;
#10734=FILL_AREA_STYLE(' ',(#10733)) ;
#10758=FILL_AREA_STYLE(' ',(#10757)) ;
#10782=FILL_AREA_STYLE(' ',(#10781)) ;
#10806=FILL_AREA_STYLE(' ',(#10805)) ;
#10830=FILL_AREA_STYLE(' ',(#10829)) ;
#10854=FILL_AREA_STYLE(' ',(#10853)) ;
#10878=FILL_AREA_STYLE(' ',(#10877)) ;
#10902=FILL_AREA_STYLE(' ',(#10901)) ;
#10926=FILL_AREA_STYLE(' ',(#10925)) ;
#10950=FILL_AREA_STYLE(' ',(#10949)) ;
#10974=FILL_AREA_STYLE(' ',(#10973)) ;
#10998=FILL_AREA_STYLE(' ',(#10997)) ;
#11022=FILL_AREA_STYLE(' ',(#11021)) ;
#11046=FILL_AREA_STYLE(' ',(#11045)) ;
#11070=FILL_AREA_STYLE(' ',(#11069)) ;
#11094=FILL_AREA_STYLE(' ',(#11093)) ;
#11118=FILL_AREA_STYLE(' ',(#11117)) ;
#11142=FILL_AREA_STYLE(' ',(#11141)) ;
#11166=FILL_AREA_STYLE(' ',(#11165)) ;
#11190=FILL_AREA_STYLE(' ',(#11189)) ;
#11214=FILL_AREA_STYLE(' ',(#11213)) ;
#11238=FILL_AREA_STYLE(' ',(#11237)) ;
#11262=FILL_AREA_STYLE(' ',(#11261)) ;
#11286=FILL_AREA_STYLE(' ',(#11285)) ;
#11310=FILL_AREA_STYLE(' ',(#11309)) ;
#11334=FILL_AREA_STYLE(' ',(#11333)) ;
#11358=FILL_AREA_STYLE(' ',(#11357)) ;
#11382=FILL_AREA_STYLE(' ',(#11381)) ;
#11406=FILL_AREA_STYLE(' ',(#11405)) ;
#11430=FILL_AREA_STYLE(' ',(#11429)) ;
#11454=FILL_AREA_STYLE(' ',(#11453)) ;
#11478=FILL_AREA_STYLE(' ',(#11477)) ;
#11502=FILL_AREA_STYLE(' ',(#11501)) ;
#11526=FILL_AREA_STYLE(' ',(#11525)) ;
#11550=FILL_AREA_STYLE(' ',(#11549)) ;
#11574=FILL_AREA_STYLE(' ',(#11573)) ;
#11598=FILL_AREA_STYLE(' ',(#11597)) ;
#11622=FILL_AREA_STYLE(' ',(#11621)) ;
#11646=FILL_AREA_STYLE(' ',(#11645)) ;
#11670=FILL_AREA_STYLE(' ',(#11669)) ;
#11694=FILL_AREA_STYLE(' ',(#11693)) ;
#11718=FILL_AREA_STYLE(' ',(#11717)) ;
#11742=FILL_AREA_STYLE(' ',(#11741)) ;
#11766=FILL_AREA_STYLE(' ',(#11765)) ;
#11790=FILL_AREA_STYLE(' ',(#11789)) ;
#11814=FILL_AREA_STYLE(' ',(#11813)) ;
#11838=FILL_AREA_STYLE(' ',(#11837)) ;
#11862=FILL_AREA_STYLE(' ',(#11861)) ;
#11886=FILL_AREA_STYLE(' ',(#11885)) ;
#11905=FILL_AREA_STYLE(' ',(#11904)) ;
#11947=FILL_AREA_STYLE(' ',(#11946)) ;
#11976=FILL_AREA_STYLE(' ',(#11975)) ;
#12000=FILL_AREA_STYLE(' ',(#11999)) ;
#12024=FILL_AREA_STYLE(' ',(#12023)) ;
#12043=FILL_AREA_STYLE(' ',(#12042)) ;
#12229=FILL_AREA_STYLE(' ',(#12228)) ;
#12258=FILL_AREA_STYLE(' ',(#12257)) ;
#12282=FILL_AREA_STYLE(' ',(#12281)) ;
#12306=FILL_AREA_STYLE(' ',(#12305)) ;
#12330=FILL_AREA_STYLE(' ',(#12329)) ;
#12354=FILL_AREA_STYLE(' ',(#12353)) ;
#12378=FILL_AREA_STYLE(' ',(#12377)) ;
#12402=FILL_AREA_STYLE(' ',(#12401)) ;
#12426=FILL_AREA_STYLE(' ',(#12425)) ;
#12450=FILL_AREA_STYLE(' ',(#12449)) ;
#12474=FILL_AREA_STYLE(' ',(#12473)) ;
#12498=FILL_AREA_STYLE(' ',(#12497)) ;
#12522=FILL_AREA_STYLE(' ',(#12521)) ;
#12546=FILL_AREA_STYLE(' ',(#12545)) ;
#12570=FILL_AREA_STYLE(' ',(#12569)) ;
#12594=FILL_AREA_STYLE(' ',(#12593)) ;
#12618=FILL_AREA_STYLE(' ',(#12617)) ;
#12642=FILL_AREA_STYLE(' ',(#12641)) ;
#12666=FILL_AREA_STYLE(' ',(#12665)) ;
#12690=FILL_AREA_STYLE(' ',(#12689)) ;
#12714=FILL_AREA_STYLE(' ',(#12713)) ;
#12738=FILL_AREA_STYLE(' ',(#12737)) ;
#12757=FILL_AREA_STYLE(' ',(#12756)) ;
#12943=FILL_AREA_STYLE(' ',(#12942)) ;
#12972=FILL_AREA_STYLE(' ',(#12971)) ;
#12996=FILL_AREA_STYLE(' ',(#12995)) ;
#13020=FILL_AREA_STYLE(' ',(#13019)) ;
#13044=FILL_AREA_STYLE(' ',(#13043)) ;
#13068=FILL_AREA_STYLE(' ',(#13067)) ;
#13092=FILL_AREA_STYLE(' ',(#13091)) ;
#13116=FILL_AREA_STYLE(' ',(#13115)) ;
#13140=FILL_AREA_STYLE(' ',(#13139)) ;
#13164=FILL_AREA_STYLE(' ',(#13163)) ;
#13188=FILL_AREA_STYLE(' ',(#13187)) ;
#13212=FILL_AREA_STYLE(' ',(#13211)) ;
#13236=FILL_AREA_STYLE(' ',(#13235)) ;
#13260=FILL_AREA_STYLE(' ',(#13259)) ;
#13284=FILL_AREA_STYLE(' ',(#13283)) ;
#13308=FILL_AREA_STYLE(' ',(#13307)) ;
#13332=FILL_AREA_STYLE(' ',(#13331)) ;
#13356=FILL_AREA_STYLE(' ',(#13355)) ;
#13380=FILL_AREA_STYLE(' ',(#13379)) ;
#13404=FILL_AREA_STYLE(' ',(#13403)) ;
#13428=FILL_AREA_STYLE(' ',(#13427)) ;
#13452=FILL_AREA_STYLE(' ',(#13451)) ;
#13471=FILL_AREA_STYLE(' ',(#13470)) ;
#13753=FILL_AREA_STYLE(' ',(#13752)) ;
#13782=FILL_AREA_STYLE(' ',(#13781)) ;
#13806=FILL_AREA_STYLE(' ',(#13805)) ;
#13830=FILL_AREA_STYLE(' ',(#13829)) ;
#13854=FILL_AREA_STYLE(' ',(#13853)) ;
#13878=FILL_AREA_STYLE(' ',(#13877)) ;
#13902=FILL_AREA_STYLE(' ',(#13901)) ;
#13926=FILL_AREA_STYLE(' ',(#13925)) ;
#13950=FILL_AREA_STYLE(' ',(#13949)) ;
#13974=FILL_AREA_STYLE(' ',(#13973)) ;
#13998=FILL_AREA_STYLE(' ',(#13997)) ;
#14022=FILL_AREA_STYLE(' ',(#14021)) ;
#14046=FILL_AREA_STYLE(' ',(#14045)) ;
#14070=FILL_AREA_STYLE(' ',(#14069)) ;
#14094=FILL_AREA_STYLE(' ',(#14093)) ;
#14118=FILL_AREA_STYLE(' ',(#14117)) ;
#14142=FILL_AREA_STYLE(' ',(#14141)) ;
#14166=FILL_AREA_STYLE(' ',(#14165)) ;
#14190=FILL_AREA_STYLE(' ',(#14189)) ;
#14214=FILL_AREA_STYLE(' ',(#14213)) ;
#14238=FILL_AREA_STYLE(' ',(#14237)) ;
#14262=FILL_AREA_STYLE(' ',(#14261)) ;
#14286=FILL_AREA_STYLE(' ',(#14285)) ;
#14310=FILL_AREA_STYLE(' ',(#14309)) ;
#14334=FILL_AREA_STYLE(' ',(#14333)) ;
#14358=FILL_AREA_STYLE(' ',(#14357)) ;
#14382=FILL_AREA_STYLE(' ',(#14381)) ;
#14406=FILL_AREA_STYLE(' ',(#14405)) ;
#14430=FILL_AREA_STYLE(' ',(#14429)) ;
#14454=FILL_AREA_STYLE(' ',(#14453)) ;
#14478=FILL_AREA_STYLE(' ',(#14477)) ;
#14502=FILL_AREA_STYLE(' ',(#14501)) ;
#14526=FILL_AREA_STYLE(' ',(#14525)) ;
#14550=FILL_AREA_STYLE(' ',(#14549)) ;
#14569=FILL_AREA_STYLE(' ',(#14568)) ;
#14659=FILL_AREA_STYLE(' ',(#14658)) ;
#14688=FILL_AREA_STYLE(' ',(#14687)) ;
#14712=FILL_AREA_STYLE(' ',(#14711)) ;
#14731=FILL_AREA_STYLE(' ',(#14730)) ;
#14755=FILL_AREA_STYLE(' ',(#14754)) ;
#14774=FILL_AREA_STYLE(' ',(#14773)) ;
#14798=FILL_AREA_STYLE(' ',(#14797)) ;
#14817=FILL_AREA_STYLE(' ',(#14816)) ;
#14841=FILL_AREA_STYLE(' ',(#14840)) ;
#14860=FILL_AREA_STYLE(' ',(#14859)) ;
#14879=FILL_AREA_STYLE(' ',(#14878)) ;
#15067=FILL_AREA_STYLE(' ',(#15066)) ;
#15096=FILL_AREA_STYLE(' ',(#15095)) ;
#15110=FILL_AREA_STYLE(' ',(#15109)) ;
#15139=FILL_AREA_STYLE(' ',(#15138)) ;
#15153=FILL_AREA_STYLE(' ',(#15152)) ;
#15182=FILL_AREA_STYLE(' ',(#15181)) ;
#15196=FILL_AREA_STYLE(' ',(#15195)) ;
#15225=FILL_AREA_STYLE(' ',(#15224)) ;
#15239=FILL_AREA_STYLE(' ',(#15238)) ;
#15268=FILL_AREA_STYLE(' ',(#15267)) ;
#15282=FILL_AREA_STYLE(' ',(#15281)) ;
#15311=FILL_AREA_STYLE(' ',(#15310)) ;
#15325=FILL_AREA_STYLE(' ',(#15324)) ;
#15354=FILL_AREA_STYLE(' ',(#15353)) ;
#15368=FILL_AREA_STYLE(' ',(#15367)) ;
#15397=FILL_AREA_STYLE(' ',(#15396)) ;
#15411=FILL_AREA_STYLE(' ',(#15410)) ;
#15440=FILL_AREA_STYLE(' ',(#15439)) ;
#15454=FILL_AREA_STYLE(' ',(#15453)) ;
#15483=FILL_AREA_STYLE(' ',(#15482)) ;
#15497=FILL_AREA_STYLE(' ',(#15496)) ;
#27=FILL_AREA_STYLE_COLOUR(' ',#26) ;
#4826=FILL_AREA_STYLE_COLOUR(' ',#4825) ;
#4855=FILL_AREA_STYLE_COLOUR(' ',#4825) ;
#4879=FILL_AREA_STYLE_COLOUR(' ',#4825) ;
#4903=FILL_AREA_STYLE_COLOUR(' ',#4825) ;
#4927=FILL_AREA_STYLE_COLOUR(' ',#4825) ;
#4951=FILL_AREA_STYLE_COLOUR(' ',#4825) ;
#4975=FILL_AREA_STYLE_COLOUR(' ',#4825) ;
#4999=FILL_AREA_STYLE_COLOUR(' ',#4825) ;
#5023=FILL_AREA_STYLE_COLOUR(' ',#4825) ;
#5047=FILL_AREA_STYLE_COLOUR(' ',#4825) ;
#5071=FILL_AREA_STYLE_COLOUR(' ',#4825) ;
#5095=FILL_AREA_STYLE_COLOUR(' ',#4825) ;
#5119=FILL_AREA_STYLE_COLOUR(' ',#4825) ;
#5143=FILL_AREA_STYLE_COLOUR(' ',#4825) ;
#5167=FILL_AREA_STYLE_COLOUR(' ',#4825) ;
#5191=FILL_AREA_STYLE_COLOUR(' ',#4825) ;
#5215=FILL_AREA_STYLE_COLOUR(' ',#4825) ;
#5239=FILL_AREA_STYLE_COLOUR(' ',#4825) ;
#5263=FILL_AREA_STYLE_COLOUR(' ',#4825) ;
#5287=FILL_AREA_STYLE_COLOUR(' ',#4825) ;
#5311=FILL_AREA_STYLE_COLOUR(' ',#4825) ;
#5335=FILL_AREA_STYLE_COLOUR(' ',#4825) ;
#5359=FILL_AREA_STYLE_COLOUR(' ',#4825) ;
#5383=FILL_AREA_STYLE_COLOUR(' ',#4825) ;
#5407=FILL_AREA_STYLE_COLOUR(' ',#4825) ;
#5431=FILL_AREA_STYLE_COLOUR(' ',#4825) ;
#5450=FILL_AREA_STYLE_COLOUR(' ',#4825) ;
#5474=FILL_AREA_STYLE_COLOUR(' ',#4825) ;
#5498=FILL_AREA_STYLE_COLOUR(' ',#4825) ;
#5522=FILL_AREA_STYLE_COLOUR(' ',#4825) ;
#5546=FILL_AREA_STYLE_COLOUR(' ',#4825) ;
#5570=FILL_AREA_STYLE_COLOUR(' ',#4825) ;
#5594=FILL_AREA_STYLE_COLOUR(' ',#4825) ;
#5618=FILL_AREA_STYLE_COLOUR(' ',#4825) ;
#5642=FILL_AREA_STYLE_COLOUR(' ',#4825) ;
#5666=FILL_AREA_STYLE_COLOUR(' ',#4825) ;
#5690=FILL_AREA_STYLE_COLOUR(' ',#4825) ;
#5714=FILL_AREA_STYLE_COLOUR(' ',#4825) ;
#5738=FILL_AREA_STYLE_COLOUR(' ',#4825) ;
#5762=FILL_AREA_STYLE_COLOUR(' ',#4825) ;
#5786=FILL_AREA_STYLE_COLOUR(' ',#4825) ;
#5810=FILL_AREA_STYLE_COLOUR(' ',#4825) ;
#5834=FILL_AREA_STYLE_COLOUR(' ',#4825) ;
#5858=FILL_AREA_STYLE_COLOUR(' ',#4825) ;
#5882=FILL_AREA_STYLE_COLOUR(' ',#4825) ;
#5906=FILL_AREA_STYLE_COLOUR(' ',#4825) ;
#5930=FILL_AREA_STYLE_COLOUR(' ',#4825) ;
#5954=FILL_AREA_STYLE_COLOUR(' ',#4825) ;
#5973=FILL_AREA_STYLE_COLOUR(' ',#4825) ;
#5997=FILL_AREA_STYLE_COLOUR(' ',#4825) ;
#6021=FILL_AREA_STYLE_COLOUR(' ',#4825) ;
#6045=FILL_AREA_STYLE_COLOUR(' ',#4825) ;
#6069=FILL_AREA_STYLE_COLOUR(' ',#4825) ;
#6093=FILL_AREA_STYLE_COLOUR(' ',#4825) ;
#6117=FILL_AREA_STYLE_COLOUR(' ',#4825) ;
#6141=FILL_AREA_STYLE_COLOUR(' ',#4825) ;
#6165=FILL_AREA_STYLE_COLOUR(' ',#4825) ;
#6189=FILL_AREA_STYLE_COLOUR(' ',#4825) ;
#6213=FILL_AREA_STYLE_COLOUR(' ',#4825) ;
#6237=FILL_AREA_STYLE_COLOUR(' ',#4825) ;
#6261=FILL_AREA_STYLE_COLOUR(' ',#4825) ;
#6285=FILL_AREA_STYLE_COLOUR(' ',#4825) ;
#6309=FILL_AREA_STYLE_COLOUR(' ',#4825) ;
#6333=FILL_AREA_STYLE_COLOUR(' ',#4825) ;
#6357=FILL_AREA_STYLE_COLOUR(' ',#4825) ;
#6381=FILL_AREA_STYLE_COLOUR(' ',#4825) ;
#6405=FILL_AREA_STYLE_COLOUR(' ',#4825) ;
#6429=FILL_AREA_STYLE_COLOUR(' ',#4825) ;
#6453=FILL_AREA_STYLE_COLOUR(' ',#4825) ;
#6477=FILL_AREA_STYLE_COLOUR(' ',#4825) ;
#6501=FILL_AREA_STYLE_COLOUR(' ',#4825) ;
#6525=FILL_AREA_STYLE_COLOUR(' ',#4825) ;
#6549=FILL_AREA_STYLE_COLOUR(' ',#4825) ;
#6573=FILL_AREA_STYLE_COLOUR(' ',#4825) ;
#6597=FILL_AREA_STYLE_COLOUR(' ',#4825) ;
#6621=FILL_AREA_STYLE_COLOUR(' ',#4825) ;
#6645=FILL_AREA_STYLE_COLOUR(' ',#4825) ;
#6669=FILL_AREA_STYLE_COLOUR(' ',#4825) ;
#6693=FILL_AREA_STYLE_COLOUR(' ',#4825) ;
#6717=FILL_AREA_STYLE_COLOUR(' ',#4825) ;
#6741=FILL_AREA_STYLE_COLOUR(' ',#4825) ;
#6765=FILL_AREA_STYLE_COLOUR(' ',#4825) ;
#6789=FILL_AREA_STYLE_COLOUR(' ',#4825) ;
#6813=FILL_AREA_STYLE_COLOUR(' ',#4825) ;
#6837=FILL_AREA_STYLE_COLOUR(' ',#4825) ;
#6861=FILL_AREA_STYLE_COLOUR(' ',#4825) ;
#6885=FILL_AREA_STYLE_COLOUR(' ',#4825) ;
#6909=FILL_AREA_STYLE_COLOUR(' ',#4825) ;
#6933=FILL_AREA_STYLE_COLOUR(' ',#4825) ;
#6957=FILL_AREA_STYLE_COLOUR(' ',#4825) ;
#6981=FILL_AREA_STYLE_COLOUR(' ',#4825) ;
#7005=FILL_AREA_STYLE_COLOUR(' ',#4825) ;
#7029=FILL_AREA_STYLE_COLOUR(' ',#4825) ;
#7053=FILL_AREA_STYLE_COLOUR(' ',#4825) ;
#7077=FILL_AREA_STYLE_COLOUR(' ',#4825) ;
#7096=FILL_AREA_STYLE_COLOUR(' ',#4825) ;
#7115=FILL_AREA_STYLE_COLOUR(' ',#4825) ;
#7139=FILL_AREA_STYLE_COLOUR(' ',#4825) ;
#7163=FILL_AREA_STYLE_COLOUR(' ',#4825) ;
#7187=FILL_AREA_STYLE_COLOUR(' ',#4825) ;
#7211=FILL_AREA_STYLE_COLOUR(' ',#4825) ;
#7235=FILL_AREA_STYLE_COLOUR(' ',#4825) ;
#7259=FILL_AREA_STYLE_COLOUR(' ',#4825) ;
#7283=FILL_AREA_STYLE_COLOUR(' ',#4825) ;
#7307=FILL_AREA_STYLE_COLOUR(' ',#4825) ;
#7331=FILL_AREA_STYLE_COLOUR(' ',#4825) ;
#7355=FILL_AREA_STYLE_COLOUR(' ',#4825) ;
#7379=FILL_AREA_STYLE_COLOUR(' ',#4825) ;
#7403=FILL_AREA_STYLE_COLOUR(' ',#4825) ;
#7427=FILL_AREA_STYLE_COLOUR(' ',#4825) ;
#7451=FILL_AREA_STYLE_COLOUR(' ',#4825) ;
#7475=FILL_AREA_STYLE_COLOUR(' ',#4825) ;
#7499=FILL_AREA_STYLE_COLOUR(' ',#4825) ;
#7523=FILL_AREA_STYLE_COLOUR(' ',#4825) ;
#7547=FILL_AREA_STYLE_COLOUR(' ',#4825) ;
#7571=FILL_AREA_STYLE_COLOUR(' ',#4825) ;
#7595=FILL_AREA_STYLE_COLOUR(' ',#4825) ;
#7619=FILL_AREA_STYLE_COLOUR(' ',#4825) ;
#7643=FILL_AREA_STYLE_COLOUR(' ',#4825) ;
#7667=FILL_AREA_STYLE_COLOUR(' ',#4825) ;
#7691=FILL_AREA_STYLE_COLOUR(' ',#4825) ;
#7715=FILL_AREA_STYLE_COLOUR(' ',#4825) ;
#7739=FILL_AREA_STYLE_COLOUR(' ',#4825) ;
#7763=FILL_AREA_STYLE_COLOUR(' ',#4825) ;
#7787=FILL_AREA_STYLE_COLOUR(' ',#4825) ;
#7811=FILL_AREA_STYLE_COLOUR(' ',#4825) ;
#7835=FILL_AREA_STYLE_COLOUR(' ',#4825) ;
#7859=FILL_AREA_STYLE_COLOUR(' ',#4825) ;
#7883=FILL_AREA_STYLE_COLOUR(' ',#4825) ;
#7907=FILL_AREA_STYLE_COLOUR(' ',#4825) ;
#7931=FILL_AREA_STYLE_COLOUR(' ',#4825) ;
#7955=FILL_AREA_STYLE_COLOUR(' ',#4825) ;
#7979=FILL_AREA_STYLE_COLOUR(' ',#4825) ;
#8003=FILL_AREA_STYLE_COLOUR(' ',#4825) ;
#8027=FILL_AREA_STYLE_COLOUR(' ',#4825) ;
#8051=FILL_AREA_STYLE_COLOUR(' ',#4825) ;
#8075=FILL_AREA_STYLE_COLOUR(' ',#4825) ;
#8099=FILL_AREA_STYLE_COLOUR(' ',#4825) ;
#8118=FILL_AREA_STYLE_COLOUR(' ',#4825) ;
#9072=FILL_AREA_STYLE_COLOUR(' ',#4825) ;
#9101=FILL_AREA_STYLE_COLOUR(' ',#4825) ;
#9125=FILL_AREA_STYLE_COLOUR(' ',#4825) ;
#9149=FILL_AREA_STYLE_COLOUR(' ',#4825) ;
#9173=FILL_AREA_STYLE_COLOUR(' ',#4825) ;
#9197=FILL_AREA_STYLE_COLOUR(' ',#4825) ;
#9221=FILL_AREA_STYLE_COLOUR(' ',#4825) ;
#9245=FILL_AREA_STYLE_COLOUR(' ',#4825) ;
#9269=FILL_AREA_STYLE_COLOUR(' ',#4825) ;
#9293=FILL_AREA_STYLE_COLOUR(' ',#4825) ;
#9317=FILL_AREA_STYLE_COLOUR(' ',#4825) ;
#9341=FILL_AREA_STYLE_COLOUR(' ',#4825) ;
#9365=FILL_AREA_STYLE_COLOUR(' ',#4825) ;
#9389=FILL_AREA_STYLE_COLOUR(' ',#4825) ;
#9413=FILL_AREA_STYLE_COLOUR(' ',#4825) ;
#9437=FILL_AREA_STYLE_COLOUR(' ',#4825) ;
#9461=FILL_AREA_STYLE_COLOUR(' ',#4825) ;
#9485=FILL_AREA_STYLE_COLOUR(' ',#4825) ;
#9509=FILL_AREA_STYLE_COLOUR(' ',#4825) ;
#9533=FILL_AREA_STYLE_COLOUR(' ',#4825) ;
#9557=FILL_AREA_STYLE_COLOUR(' ',#4825) ;
#9581=FILL_AREA_STYLE_COLOUR(' ',#4825) ;
#9605=FILL_AREA_STYLE_COLOUR(' ',#4825) ;
#9629=FILL_AREA_STYLE_COLOUR(' ',#4825) ;
#9653=FILL_AREA_STYLE_COLOUR(' ',#4825) ;
#9677=FILL_AREA_STYLE_COLOUR(' ',#4825) ;
#9701=FILL_AREA_STYLE_COLOUR(' ',#4825) ;
#9725=FILL_AREA_STYLE_COLOUR(' ',#4825) ;
#9749=FILL_AREA_STYLE_COLOUR(' ',#4825) ;
#9773=FILL_AREA_STYLE_COLOUR(' ',#4825) ;
#9797=FILL_AREA_STYLE_COLOUR(' ',#4825) ;
#9821=FILL_AREA_STYLE_COLOUR(' ',#4825) ;
#9845=FILL_AREA_STYLE_COLOUR(' ',#4825) ;
#9869=FILL_AREA_STYLE_COLOUR(' ',#4825) ;
#9893=FILL_AREA_STYLE_COLOUR(' ',#4825) ;
#9917=FILL_AREA_STYLE_COLOUR(' ',#4825) ;
#9941=FILL_AREA_STYLE_COLOUR(' ',#4825) ;
#9965=FILL_AREA_STYLE_COLOUR(' ',#4825) ;
#9989=FILL_AREA_STYLE_COLOUR(' ',#4825) ;
#10013=FILL_AREA_STYLE_COLOUR(' ',#4825) ;
#10037=FILL_AREA_STYLE_COLOUR(' ',#4825) ;
#10061=FILL_AREA_STYLE_COLOUR(' ',#4825) ;
#10085=FILL_AREA_STYLE_COLOUR(' ',#4825) ;
#10109=FILL_AREA_STYLE_COLOUR(' ',#4825) ;
#10133=FILL_AREA_STYLE_COLOUR(' ',#4825) ;
#10157=FILL_AREA_STYLE_COLOUR(' ',#4825) ;
#10181=FILL_AREA_STYLE_COLOUR(' ',#4825) ;
#10205=FILL_AREA_STYLE_COLOUR(' ',#4825) ;
#10229=FILL_AREA_STYLE_COLOUR(' ',#4825) ;
#10253=FILL_AREA_STYLE_COLOUR(' ',#4825) ;
#10277=FILL_AREA_STYLE_COLOUR(' ',#4825) ;
#10301=FILL_AREA_STYLE_COLOUR(' ',#4825) ;
#10325=FILL_AREA_STYLE_COLOUR(' ',#4825) ;
#10349=FILL_AREA_STYLE_COLOUR(' ',#4825) ;
#10373=FILL_AREA_STYLE_COLOUR(' ',#4825) ;
#10397=FILL_AREA_STYLE_COLOUR(' ',#4825) ;
#10421=FILL_AREA_STYLE_COLOUR(' ',#4825) ;
#10445=FILL_AREA_STYLE_COLOUR(' ',#4825) ;
#10469=FILL_AREA_STYLE_COLOUR(' ',#4825) ;
#10493=FILL_AREA_STYLE_COLOUR(' ',#4825) ;
#10517=FILL_AREA_STYLE_COLOUR(' ',#4825) ;
#10541=FILL_AREA_STYLE_COLOUR(' ',#4825) ;
#10565=FILL_AREA_STYLE_COLOUR(' ',#4825) ;
#10589=FILL_AREA_STYLE_COLOUR(' ',#4825) ;
#10613=FILL_AREA_STYLE_COLOUR(' ',#4825) ;
#10637=FILL_AREA_STYLE_COLOUR(' ',#4825) ;
#10661=FILL_AREA_STYLE_COLOUR(' ',#4825) ;
#10685=FILL_AREA_STYLE_COLOUR(' ',#4825) ;
#10709=FILL_AREA_STYLE_COLOUR(' ',#4825) ;
#10733=FILL_AREA_STYLE_COLOUR(' ',#4825) ;
#10757=FILL_AREA_STYLE_COLOUR(' ',#4825) ;
#10781=FILL_AREA_STYLE_COLOUR(' ',#4825) ;
#10805=FILL_AREA_STYLE_COLOUR(' ',#4825) ;
#10829=FILL_AREA_STYLE_COLOUR(' ',#4825) ;
#10853=FILL_AREA_STYLE_COLOUR(' ',#4825) ;
#10877=FILL_AREA_STYLE_COLOUR(' ',#4825) ;
#10901=FILL_AREA_STYLE_COLOUR(' ',#4825) ;
#10925=FILL_AREA_STYLE_COLOUR(' ',#4825) ;
#10949=FILL_AREA_STYLE_COLOUR(' ',#4825) ;
#10973=FILL_AREA_STYLE_COLOUR(' ',#4825) ;
#10997=FILL_AREA_STYLE_COLOUR(' ',#4825) ;
#11021=FILL_AREA_STYLE_COLOUR(' ',#4825) ;
#11045=FILL_AREA_STYLE_COLOUR(' ',#4825) ;
#11069=FILL_AREA_STYLE_COLOUR(' ',#4825) ;
#11093=FILL_AREA_STYLE_COLOUR(' ',#4825) ;
#11117=FILL_AREA_STYLE_COLOUR(' ',#4825) ;
#11141=FILL_AREA_STYLE_COLOUR(' ',#4825) ;
#11165=FILL_AREA_STYLE_COLOUR(' ',#4825) ;
#11189=FILL_AREA_STYLE_COLOUR(' ',#4825) ;
#11213=FILL_AREA_STYLE_COLOUR(' ',#4825) ;
#11237=FILL_AREA_STYLE_COLOUR(' ',#4825) ;
#11261=FILL_AREA_STYLE_COLOUR(' ',#4825) ;
#11285=FILL_AREA_STYLE_COLOUR(' ',#4825) ;
#11309=FILL_AREA_STYLE_COLOUR(' ',#4825) ;
#11333=FILL_AREA_STYLE_COLOUR(' ',#4825) ;
#11357=FILL_AREA_STYLE_COLOUR(' ',#4825) ;
#11381=FILL_AREA_STYLE_COLOUR(' ',#4825) ;
#11405=FILL_AREA_STYLE_COLOUR(' ',#4825) ;
#11429=FILL_AREA_STYLE_COLOUR(' ',#4825) ;
#11453=FILL_AREA_STYLE_COLOUR(' ',#4825) ;
#11477=FILL_AREA_STYLE_COLOUR(' ',#4825) ;
#11501=FILL_AREA_STYLE_COLOUR(' ',#4825) ;
#11525=FILL_AREA_STYLE_COLOUR(' ',#4825) ;
#11549=FILL_AREA_STYLE_COLOUR(' ',#4825) ;
#11573=FILL_AREA_STYLE_COLOUR(' ',#4825) ;
#11597=FILL_AREA_STYLE_COLOUR(' ',#4825) ;
#11621=FILL_AREA_STYLE_COLOUR(' ',#4825) ;
#11645=FILL_AREA_STYLE_COLOUR(' ',#4825) ;
#11669=FILL_AREA_STYLE_COLOUR(' ',#4825) ;
#11693=FILL_AREA_STYLE_COLOUR(' ',#4825) ;
#11717=FILL_AREA_STYLE_COLOUR(' ',#4825) ;
#11741=FILL_AREA_STYLE_COLOUR(' ',#4825) ;
#11765=FILL_AREA_STYLE_COLOUR(' ',#4825) ;
#11789=FILL_AREA_STYLE_COLOUR(' ',#4825) ;
#11813=FILL_AREA_STYLE_COLOUR(' ',#4825) ;
#11837=FILL_AREA_STYLE_COLOUR(' ',#4825) ;
#11861=FILL_AREA_STYLE_COLOUR(' ',#4825) ;
#11885=FILL_AREA_STYLE_COLOUR(' ',#4825) ;
#11904=FILL_AREA_STYLE_COLOUR(' ',#4825) ;
#11946=FILL_AREA_STYLE_COLOUR(' ',#4825) ;
#11975=FILL_AREA_STYLE_COLOUR(' ',#4825) ;
#11999=FILL_AREA_STYLE_COLOUR(' ',#4825) ;
#12023=FILL_AREA_STYLE_COLOUR(' ',#4825) ;
#12042=FILL_AREA_STYLE_COLOUR(' ',#4825) ;
#12228=FILL_AREA_STYLE_COLOUR(' ',#4825) ;
#12257=FILL_AREA_STYLE_COLOUR(' ',#4825) ;
#12281=FILL_AREA_STYLE_COLOUR(' ',#4825) ;
#12305=FILL_AREA_STYLE_COLOUR(' ',#4825) ;
#12329=FILL_AREA_STYLE_COLOUR(' ',#4825) ;
#12353=FILL_AREA_STYLE_COLOUR(' ',#4825) ;
#12377=FILL_AREA_STYLE_COLOUR(' ',#4825) ;
#12401=FILL_AREA_STYLE_COLOUR(' ',#4825) ;
#12425=FILL_AREA_STYLE_COLOUR(' ',#4825) ;
#12449=FILL_AREA_STYLE_COLOUR(' ',#4825) ;
#12473=FILL_AREA_STYLE_COLOUR(' ',#4825) ;
#12497=FILL_AREA_STYLE_COLOUR(' ',#4825) ;
#12521=FILL_AREA_STYLE_COLOUR(' ',#4825) ;
#12545=FILL_AREA_STYLE_COLOUR(' ',#4825) ;
#12569=FILL_AREA_STYLE_COLOUR(' ',#4825) ;
#12593=FILL_AREA_STYLE_COLOUR(' ',#4825) ;
#12617=FILL_AREA_STYLE_COLOUR(' ',#4825) ;
#12641=FILL_AREA_STYLE_COLOUR(' ',#4825) ;
#12665=FILL_AREA_STYLE_COLOUR(' ',#4825) ;
#12689=FILL_AREA_STYLE_COLOUR(' ',#4825) ;
#12713=FILL_AREA_STYLE_COLOUR(' ',#4825) ;
#12737=FILL_AREA_STYLE_COLOUR(' ',#4825) ;
#12756=FILL_AREA_STYLE_COLOUR(' ',#4825) ;
#12942=FILL_AREA_STYLE_COLOUR(' ',#4825) ;
#12971=FILL_AREA_STYLE_COLOUR(' ',#4825) ;
#12995=FILL_AREA_STYLE_COLOUR(' ',#4825) ;
#13019=FILL_AREA_STYLE_COLOUR(' ',#4825) ;
#13043=FILL_AREA_STYLE_COLOUR(' ',#4825) ;
#13067=FILL_AREA_STYLE_COLOUR(' ',#4825) ;
#13091=FILL_AREA_STYLE_COLOUR(' ',#4825) ;
#13115=FILL_AREA_STYLE_COLOUR(' ',#4825) ;
#13139=FILL_AREA_STYLE_COLOUR(' ',#4825) ;
#13163=FILL_AREA_STYLE_COLOUR(' ',#4825) ;
#13187=FILL_AREA_STYLE_COLOUR(' ',#4825) ;
#13211=FILL_AREA_STYLE_COLOUR(' ',#4825) ;
#13235=FILL_AREA_STYLE_COLOUR(' ',#4825) ;
#13259=FILL_AREA_STYLE_COLOUR(' ',#4825) ;
#13283=FILL_AREA_STYLE_COLOUR(' ',#4825) ;
#13307=FILL_AREA_STYLE_COLOUR(' ',#4825) ;
#13331=FILL_AREA_STYLE_COLOUR(' ',#4825) ;
#13355=FILL_AREA_STYLE_COLOUR(' ',#4825) ;
#13379=FILL_AREA_STYLE_COLOUR(' ',#4825) ;
#13403=FILL_AREA_STYLE_COLOUR(' ',#4825) ;
#13427=FILL_AREA_STYLE_COLOUR(' ',#4825) ;
#13451=FILL_AREA_STYLE_COLOUR(' ',#4825) ;
#13470=FILL_AREA_STYLE_COLOUR(' ',#4825) ;
#13752=FILL_AREA_STYLE_COLOUR(' ',#4825) ;
#13781=FILL_AREA_STYLE_COLOUR(' ',#4825) ;
#13805=FILL_AREA_STYLE_COLOUR(' ',#4825) ;
#13829=FILL_AREA_STYLE_COLOUR(' ',#4825) ;
#13853=FILL_AREA_STYLE_COLOUR(' ',#4825) ;
#13877=FILL_AREA_STYLE_COLOUR(' ',#4825) ;
#13901=FILL_AREA_STYLE_COLOUR(' ',#4825) ;
#13925=FILL_AREA_STYLE_COLOUR(' ',#4825) ;
#13949=FILL_AREA_STYLE_COLOUR(' ',#4825) ;
#13973=FILL_AREA_STYLE_COLOUR(' ',#4825) ;
#13997=FILL_AREA_STYLE_COLOUR(' ',#4825) ;
#14021=FILL_AREA_STYLE_COLOUR(' ',#4825) ;
#14045=FILL_AREA_STYLE_COLOUR(' ',#4825) ;
#14069=FILL_AREA_STYLE_COLOUR(' ',#4825) ;
#14093=FILL_AREA_STYLE_COLOUR(' ',#4825) ;
#14117=FILL_AREA_STYLE_COLOUR(' ',#4825) ;
#14141=FILL_AREA_STYLE_COLOUR(' ',#4825) ;
#14165=FILL_AREA_STYLE_COLOUR(' ',#4825) ;
#14189=FILL_AREA_STYLE_COLOUR(' ',#4825) ;
#14213=FILL_AREA_STYLE_COLOUR(' ',#4825) ;
#14237=FILL_AREA_STYLE_COLOUR(' ',#4825) ;
#14261=FILL_AREA_STYLE_COLOUR(' ',#4825) ;
#14285=FILL_AREA_STYLE_COLOUR(' ',#4825) ;
#14309=FILL_AREA_STYLE_COLOUR(' ',#4825) ;
#14333=FILL_AREA_STYLE_COLOUR(' ',#4825) ;
#14357=FILL_AREA_STYLE_COLOUR(' ',#4825) ;
#14381=FILL_AREA_STYLE_COLOUR(' ',#4825) ;
#14405=FILL_AREA_STYLE_COLOUR(' ',#4825) ;
#14429=FILL_AREA_STYLE_COLOUR(' ',#4825) ;
#14453=FILL_AREA_STYLE_COLOUR(' ',#4825) ;
#14477=FILL_AREA_STYLE_COLOUR(' ',#4825) ;
#14501=FILL_AREA_STYLE_COLOUR(' ',#4825) ;
#14525=FILL_AREA_STYLE_COLOUR(' ',#4825) ;
#14549=FILL_AREA_STYLE_COLOUR(' ',#4825) ;
#14568=FILL_AREA_STYLE_COLOUR(' ',#4825) ;
#14658=FILL_AREA_STYLE_COLOUR(' ',#4825) ;
#14687=FILL_AREA_STYLE_COLOUR(' ',#4825) ;
#14711=FILL_AREA_STYLE_COLOUR(' ',#4825) ;
#14730=FILL_AREA_STYLE_COLOUR(' ',#4825) ;
#14754=FILL_AREA_STYLE_COLOUR(' ',#4825) ;
#14773=FILL_AREA_STYLE_COLOUR(' ',#4825) ;
#14797=FILL_AREA_STYLE_COLOUR(' ',#4825) ;
#14816=FILL_AREA_STYLE_COLOUR(' ',#4825) ;
#14840=FILL_AREA_STYLE_COLOUR(' ',#4825) ;
#14859=FILL_AREA_STYLE_COLOUR(' ',#4825) ;
#14878=FILL_AREA_STYLE_COLOUR(' ',#4825) ;
#15066=FILL_AREA_STYLE_COLOUR(' ',#4825) ;
#15095=FILL_AREA_STYLE_COLOUR(' ',#4825) ;
#15109=FILL_AREA_STYLE_COLOUR(' ',#4825) ;
#15138=FILL_AREA_STYLE_COLOUR(' ',#4825) ;
#15152=FILL_AREA_STYLE_COLOUR(' ',#4825) ;
#15181=FILL_AREA_STYLE_COLOUR(' ',#4825) ;
#15195=FILL_AREA_STYLE_COLOUR(' ',#4825) ;
#15224=FILL_AREA_STYLE_COLOUR(' ',#4825) ;
#15238=FILL_AREA_STYLE_COLOUR(' ',#4825) ;
#15267=FILL_AREA_STYLE_COLOUR(' ',#4825) ;
#15281=FILL_AREA_STYLE_COLOUR(' ',#4825) ;
#15310=FILL_AREA_STYLE_COLOUR(' ',#4825) ;
#15324=FILL_AREA_STYLE_COLOUR(' ',#4825) ;
#15353=FILL_AREA_STYLE_COLOUR(' ',#4825) ;
#15367=FILL_AREA_STYLE_COLOUR(' ',#4825) ;
#15396=FILL_AREA_STYLE_COLOUR(' ',#4825) ;
#15410=FILL_AREA_STYLE_COLOUR(' ',#4825) ;
#15439=FILL_AREA_STYLE_COLOUR(' ',#4825) ;
#15453=FILL_AREA_STYLE_COLOUR(' ',#4825) ;
#15482=FILL_AREA_STYLE_COLOUR(' ',#4825) ;
#15496=FILL_AREA_STYLE_COLOUR(' ',#4825) ;
#42=VECTOR('Line Direction',#41,0.0393700787402) ;
#58=VECTOR('Line Direction',#57,0.0393700787402) ;
#108=VECTOR('Line Direction',#107,0.0393700787402) ;
#122=VECTOR('Line Direction',#121,0.0393700787402) ;
#213=VECTOR('Line Direction',#212,0.0393700787402) ;
#227=VECTOR('Line Direction',#226,0.0393700787402) ;
#256=VECTOR('Line Direction',#255,0.0393700787402) ;
#263=VECTOR('Line Direction',#262,0.0393700787402) ;
#315=VECTOR('Line Direction',#314,0.0393700787402) ;
#329=VECTOR('Line Direction',#328,0.0393700787402) ;
#356=VECTOR('Line Direction',#355,0.0393700787402) ;
#370=VECTOR('Line Direction',#369,0.0393700787402) ;
#459=VECTOR('Line Direction',#458,0.0393700787402) ;
#473=VECTOR('Line Direction',#472,0.0393700787402) ;
#574=VECTOR('Line Direction',#573,0.0393700787402) ;
#581=VECTOR('Line Direction',#580,0.0393700787402) ;
#617=VECTOR('Line Direction',#616,0.0393700787402) ;
#624=VECTOR('Line Direction',#623,0.0393700787402) ;
#660=VECTOR('Line Direction',#659,0.0393700787402) ;
#667=VECTOR('Line Direction',#666,0.0393700787402) ;
#764=VECTOR('Line Direction',#763,0.0393700787402) ;
#773=VECTOR('Line Direction',#772,0.0393700787402) ;
#780=VECTOR('Line Direction',#779,0.0393700787402) ;
#787=VECTOR('Line Direction',#786,0.0393700787402) ;
#794=VECTOR('Line Direction',#793,0.0393700787402) ;
#801=VECTOR('Line Direction',#800,0.0393700787402) ;
#808=VECTOR('Line Direction',#807,0.0393700787402) ;
#815=VECTOR('Line Direction',#814,0.0393700787402) ;
#822=VECTOR('Line Direction',#821,0.0393700787402) ;
#829=VECTOR('Line Direction',#828,0.0393700787402) ;
#836=VECTOR('Line Direction',#835,0.0393700787402) ;
#843=VECTOR('Line Direction',#842,0.0393700787402) ;
#850=VECTOR('Line Direction',#849,0.0393700787402) ;
#857=VECTOR('Line Direction',#856,0.0393700787402) ;
#864=VECTOR('Line Direction',#863,0.0393700787402) ;
#871=VECTOR('Line Direction',#870,0.0393700787402) ;
#878=VECTOR('Line Direction',#877,0.0393700787402) ;
#885=VECTOR('Line Direction',#884,0.0393700787402) ;
#892=VECTOR('Line Direction',#891,0.0393700787402) ;
#899=VECTOR('Line Direction',#898,0.0393700787402) ;
#906=VECTOR('Line Direction',#905,0.0393700787402) ;
#913=VECTOR('Line Direction',#912,0.0393700787402) ;
#920=VECTOR('Line Direction',#919,0.0393700787402) ;
#927=VECTOR('Line Direction',#926,0.0393700787402) ;
#934=VECTOR('Line Direction',#933,0.0393700787402) ;
#941=VECTOR('Line Direction',#940,0.0393700787402) ;
#948=VECTOR('Line Direction',#947,0.0393700787402) ;
#955=VECTOR('Line Direction',#954,0.0393700787402) ;
#962=VECTOR('Line Direction',#961,0.0393700787402) ;
#969=VECTOR('Line Direction',#968,0.0393700787402) ;
#976=VECTOR('Line Direction',#975,0.0393700787402) ;
#983=VECTOR('Line Direction',#982,0.0393700787402) ;
#990=VECTOR('Line Direction',#989,0.0393700787402) ;
#997=VECTOR('Line Direction',#996,0.0393700787402) ;
#1004=VECTOR('Line Direction',#1003,0.0393700787402) ;
#1011=VECTOR('Line Direction',#1010,0.0393700787402) ;
#1018=VECTOR('Line Direction',#1017,0.0393700787402) ;
#1025=VECTOR('Line Direction',#1024,0.0393700787402) ;
#1032=VECTOR('Line Direction',#1031,0.0393700787402) ;
#1039=VECTOR('Line Direction',#1038,0.0393700787402) ;
#1046=VECTOR('Line Direction',#1045,0.0393700787402) ;
#1053=VECTOR('Line Direction',#1052,0.0393700787402) ;
#1060=VECTOR('Line Direction',#1059,0.0393700787402) ;
#1067=VECTOR('Line Direction',#1066,0.0393700787402) ;
#1074=VECTOR('Line Direction',#1073,0.0393700787402) ;
#1081=VECTOR('Line Direction',#1080,0.0393700787402) ;
#1088=VECTOR('Line Direction',#1087,0.0393700787402) ;
#1095=VECTOR('Line Direction',#1094,0.0393700787402) ;
#1102=VECTOR('Line Direction',#1101,0.0393700787402) ;
#1109=VECTOR('Line Direction',#1108,0.0393700787402) ;
#1116=VECTOR('Line Direction',#1115,0.0393700787402) ;
#1123=VECTOR('Line Direction',#1122,0.0393700787402) ;
#1130=VECTOR('Line Direction',#1129,0.0393700787402) ;
#1137=VECTOR('Line Direction',#1136,0.0393700787402) ;
#1144=VECTOR('Line Direction',#1143,0.0393700787402) ;
#1151=VECTOR('Line Direction',#1150,0.0393700787402) ;
#1158=VECTOR('Line Direction',#1157,0.0393700787402) ;
#1165=VECTOR('Line Direction',#1164,0.0393700787402) ;
#1172=VECTOR('Line Direction',#1171,0.0393700787402) ;
#1179=VECTOR('Line Direction',#1178,0.0393700787402) ;
#1186=VECTOR('Line Direction',#1185,0.0393700787402) ;
#1193=VECTOR('Line Direction',#1192,0.0393700787402) ;
#1200=VECTOR('Line Direction',#1199,0.0393700787402) ;
#1207=VECTOR('Line Direction',#1206,0.0393700787402) ;
#1214=VECTOR('Line Direction',#1213,0.0393700787402) ;
#1221=VECTOR('Line Direction',#1220,0.0393700787402) ;
#1228=VECTOR('Line Direction',#1227,0.0393700787402) ;
#1235=VECTOR('Line Direction',#1234,0.0393700787402) ;
#1242=VECTOR('Line Direction',#1241,0.0393700787402) ;
#1249=VECTOR('Line Direction',#1248,0.0393700787402) ;
#1256=VECTOR('Line Direction',#1255,0.0393700787402) ;
#1263=VECTOR('Line Direction',#1262,0.0393700787402) ;
#1270=VECTOR('Line Direction',#1269,0.0393700787402) ;
#1277=VECTOR('Line Direction',#1276,0.0393700787402) ;
#1284=VECTOR('Line Direction',#1283,0.0393700787402) ;
#1291=VECTOR('Line Direction',#1290,0.0393700787402) ;
#1298=VECTOR('Line Direction',#1297,0.0393700787402) ;
#1305=VECTOR('Line Direction',#1304,0.0393700787402) ;
#1312=VECTOR('Line Direction',#1311,0.0393700787402) ;
#1319=VECTOR('Line Direction',#1318,0.0393700787402) ;
#1326=VECTOR('Line Direction',#1325,0.0393700787402) ;
#1333=VECTOR('Line Direction',#1332,0.0393700787402) ;
#1340=VECTOR('Line Direction',#1339,0.0393700787402) ;
#1347=VECTOR('Line Direction',#1346,0.0393700787402) ;
#1354=VECTOR('Line Direction',#1353,0.0393700787402) ;
#1361=VECTOR('Line Direction',#1360,0.0393700787402) ;
#1368=VECTOR('Line Direction',#1367,0.0393700787402) ;
#1375=VECTOR('Line Direction',#1374,0.0393700787402) ;
#1382=VECTOR('Line Direction',#1381,0.0393700787402) ;
#1389=VECTOR('Line Direction',#1388,0.0393700787402) ;
#1396=VECTOR('Line Direction',#1395,0.0393700787402) ;
#1403=VECTOR('Line Direction',#1402,0.0393700787402) ;
#1410=VECTOR('Line Direction',#1409,0.0393700787402) ;
#1417=VECTOR('Line Direction',#1416,0.0393700787402) ;
#1424=VECTOR('Line Direction',#1423,0.0393700787402) ;
#1431=VECTOR('Line Direction',#1430,0.0393700787402) ;
#1438=VECTOR('Line Direction',#1437,0.0393700787402) ;
#1445=VECTOR('Line Direction',#1444,0.0393700787402) ;
#1452=VECTOR('Line Direction',#1451,0.0393700787402) ;
#1459=VECTOR('Line Direction',#1458,0.0393700787402) ;
#1466=VECTOR('Line Direction',#1465,0.0393700787402) ;
#1473=VECTOR('Line Direction',#1472,0.0393700787402) ;
#1480=VECTOR('Line Direction',#1479,0.0393700787402) ;
#1487=VECTOR('Line Direction',#1486,0.0393700787402) ;
#1494=VECTOR('Line Direction',#1493,0.0393700787402) ;
#1501=VECTOR('Line Direction',#1500,0.0393700787402) ;
#1508=VECTOR('Line Direction',#1507,0.0393700787402) ;
#1515=VECTOR('Line Direction',#1514,0.0393700787402) ;
#1522=VECTOR('Line Direction',#1521,0.0393700787402) ;
#1529=VECTOR('Line Direction',#1528,0.0393700787402) ;
#1536=VECTOR('Line Direction',#1535,0.0393700787402) ;
#1543=VECTOR('Line Direction',#1542,0.0393700787402) ;
#1550=VECTOR('Line Direction',#1549,0.0393700787402) ;
#1557=VECTOR('Line Direction',#1556,0.0393700787402) ;
#1564=VECTOR('Line Direction',#1563,0.0393700787402) ;
#1571=VECTOR('Line Direction',#1570,0.0393700787402) ;
#1578=VECTOR('Line Direction',#1577,0.0393700787402) ;
#1585=VECTOR('Line Direction',#1584,0.0393700787402) ;
#1710=VECTOR('Line Direction',#1709,0.0393700787402) ;
#1719=VECTOR('Line Direction',#1718,0.0393700787402) ;
#1726=VECTOR('Line Direction',#1725,0.0393700787402) ;
#1733=VECTOR('Line Direction',#1732,0.0393700787402) ;
#1740=VECTOR('Line Direction',#1739,0.0393700787402) ;
#1747=VECTOR('Line Direction',#1746,0.0393700787402) ;
#1754=VECTOR('Line Direction',#1753,0.0393700787402) ;
#1761=VECTOR('Line Direction',#1760,0.0393700787402) ;
#1768=VECTOR('Line Direction',#1767,0.0393700787402) ;
#1775=VECTOR('Line Direction',#1774,0.0393700787402) ;
#1782=VECTOR('Line Direction',#1781,0.0393700787402) ;
#1789=VECTOR('Line Direction',#1788,0.0393700787402) ;
#1796=VECTOR('Line Direction',#1795,0.0393700787402) ;
#1803=VECTOR('Line Direction',#1802,0.0393700787402) ;
#1810=VECTOR('Line Direction',#1809,0.0393700787402) ;
#1817=VECTOR('Line Direction',#1816,0.0393700787402) ;
#1824=VECTOR('Line Direction',#1823,0.0393700787402) ;
#1831=VECTOR('Line Direction',#1830,0.0393700787402) ;
#1838=VECTOR('Line Direction',#1837,0.0393700787402) ;
#1845=VECTOR('Line Direction',#1844,0.0393700787402) ;
#1852=VECTOR('Line Direction',#1851,0.0393700787402) ;
#1859=VECTOR('Line Direction',#1858,0.0393700787402) ;
#1888=VECTOR('Line Direction',#1887,0.0393700787402) ;
#1897=VECTOR('Line Direction',#1896,0.0393700787402) ;
#1904=VECTOR('Line Direction',#1903,0.0393700787402) ;
#1911=VECTOR('Line Direction',#1910,0.0393700787402) ;
#1918=VECTOR('Line Direction',#1917,0.0393700787402) ;
#1925=VECTOR('Line Direction',#1924,0.0393700787402) ;
#1932=VECTOR('Line Direction',#1931,0.0393700787402) ;
#1939=VECTOR('Line Direction',#1938,0.0393700787402) ;
#1946=VECTOR('Line Direction',#1945,0.0393700787402) ;
#1953=VECTOR('Line Direction',#1952,0.0393700787402) ;
#1960=VECTOR('Line Direction',#1959,0.0393700787402) ;
#1967=VECTOR('Line Direction',#1966,0.0393700787402) ;
#1974=VECTOR('Line Direction',#1973,0.0393700787402) ;
#1981=VECTOR('Line Direction',#1980,0.0393700787402) ;
#1988=VECTOR('Line Direction',#1987,0.0393700787402) ;
#1995=VECTOR('Line Direction',#1994,0.0393700787402) ;
#2002=VECTOR('Line Direction',#2001,0.0393700787402) ;
#2009=VECTOR('Line Direction',#2008,0.0393700787402) ;
#2016=VECTOR('Line Direction',#2015,0.0393700787402) ;
#2023=VECTOR('Line Direction',#2022,0.0393700787402) ;
#2030=VECTOR('Line Direction',#2029,0.0393700787402) ;
#2037=VECTOR('Line Direction',#2036,0.0393700787402) ;
#2044=VECTOR('Line Direction',#2043,0.0393700787402) ;
#2051=VECTOR('Line Direction',#2050,0.0393700787402) ;
#2058=VECTOR('Line Direction',#2057,0.0393700787402) ;
#2065=VECTOR('Line Direction',#2064,0.0393700787402) ;
#2072=VECTOR('Line Direction',#2071,0.0393700787402) ;
#2079=VECTOR('Line Direction',#2078,0.0393700787402) ;
#2086=VECTOR('Line Direction',#2085,0.0393700787402) ;
#2093=VECTOR('Line Direction',#2092,0.0393700787402) ;
#2100=VECTOR('Line Direction',#2099,0.0393700787402) ;
#2107=VECTOR('Line Direction',#2106,0.0393700787402) ;
#2114=VECTOR('Line Direction',#2113,0.0393700787402) ;
#2121=VECTOR('Line Direction',#2120,0.0393700787402) ;
#2162=VECTOR('Line Direction',#2161,0.0393700787402) ;
#2171=VECTOR('Line Direction',#2170,0.0393700787402) ;
#2178=VECTOR('Line Direction',#2177,0.0393700787402) ;
#2185=VECTOR('Line Direction',#2184,0.0393700787402) ;
#2192=VECTOR('Line Direction',#2191,0.0393700787402) ;
#2199=VECTOR('Line Direction',#2198,0.0393700787402) ;
#2206=VECTOR('Line Direction',#2205,0.0393700787402) ;
#2213=VECTOR('Line Direction',#2212,0.0393700787402) ;
#2220=VECTOR('Line Direction',#2219,0.0393700787402) ;
#2227=VECTOR('Line Direction',#2226,0.0393700787402) ;
#2234=VECTOR('Line Direction',#2233,0.0393700787402) ;
#2241=VECTOR('Line Direction',#2240,0.0393700787402) ;
#2248=VECTOR('Line Direction',#2247,0.0393700787402) ;
#2255=VECTOR('Line Direction',#2254,0.0393700787402) ;
#2262=VECTOR('Line Direction',#2261,0.0393700787402) ;
#2269=VECTOR('Line Direction',#2268,0.0393700787402) ;
#2276=VECTOR('Line Direction',#2275,0.0393700787402) ;
#2283=VECTOR('Line Direction',#2282,0.0393700787402) ;
#2290=VECTOR('Line Direction',#2289,0.0393700787402) ;
#2297=VECTOR('Line Direction',#2296,0.0393700787402) ;
#2304=VECTOR('Line Direction',#2303,0.0393700787402) ;
#2311=VECTOR('Line Direction',#2310,0.0393700787402) ;
#2318=VECTOR('Line Direction',#2317,0.0393700787402) ;
#2325=VECTOR('Line Direction',#2324,0.0393700787402) ;
#2332=VECTOR('Line Direction',#2331,0.0393700787402) ;
#2339=VECTOR('Line Direction',#2338,0.0393700787402) ;
#2346=VECTOR('Line Direction',#2345,0.0393700787402) ;
#2353=VECTOR('Line Direction',#2352,0.0393700787402) ;
#2360=VECTOR('Line Direction',#2359,0.0393700787402) ;
#2367=VECTOR('Line Direction',#2366,0.0393700787402) ;
#2374=VECTOR('Line Direction',#2373,0.0393700787402) ;
#2381=VECTOR('Line Direction',#2380,0.0393700787402) ;
#2388=VECTOR('Line Direction',#2387,0.0393700787402) ;
#2395=VECTOR('Line Direction',#2394,0.0393700787402) ;
#2402=VECTOR('Line Direction',#2401,0.0393700787402) ;
#2409=VECTOR('Line Direction',#2408,0.0393700787402) ;
#2416=VECTOR('Line Direction',#2415,0.0393700787402) ;
#2423=VECTOR('Line Direction',#2422,0.0393700787402) ;
#2430=VECTOR('Line Direction',#2429,0.0393700787402) ;
#2437=VECTOR('Line Direction',#2436,0.0393700787402) ;
#2444=VECTOR('Line Direction',#2443,0.0393700787402) ;
#2451=VECTOR('Line Direction',#2450,0.0393700787402) ;
#2458=VECTOR('Line Direction',#2457,0.0393700787402) ;
#2465=VECTOR('Line Direction',#2464,0.0393700787402) ;
#2472=VECTOR('Line Direction',#2471,0.0393700787402) ;
#2479=VECTOR('Line Direction',#2478,0.0393700787402) ;
#2486=VECTOR('Line Direction',#2485,0.0393700787402) ;
#2493=VECTOR('Line Direction',#2492,0.0393700787402) ;
#2500=VECTOR('Line Direction',#2499,0.0393700787402) ;
#2507=VECTOR('Line Direction',#2506,0.0393700787402) ;
#2514=VECTOR('Line Direction',#2513,0.0393700787402) ;
#2521=VECTOR('Line Direction',#2520,0.0393700787402) ;
#2528=VECTOR('Line Direction',#2527,0.0393700787402) ;
#2535=VECTOR('Line Direction',#2534,0.0393700787402) ;
#2542=VECTOR('Line Direction',#2541,0.0393700787402) ;
#2549=VECTOR('Line Direction',#2548,0.0393700787402) ;
#2556=VECTOR('Line Direction',#2555,0.0393700787402) ;
#2563=VECTOR('Line Direction',#2562,0.0393700787402) ;
#2570=VECTOR('Line Direction',#2569,0.0393700787402) ;
#2577=VECTOR('Line Direction',#2576,0.0393700787402) ;
#2584=VECTOR('Line Direction',#2583,0.0393700787402) ;
#2591=VECTOR('Line Direction',#2590,0.0393700787402) ;
#2598=VECTOR('Line Direction',#2597,0.0393700787402) ;
#2605=VECTOR('Line Direction',#2604,0.0393700787402) ;
#2612=VECTOR('Line Direction',#2611,0.0393700787402) ;
#2619=VECTOR('Line Direction',#2618,0.0393700787402) ;
#2626=VECTOR('Line Direction',#2625,0.0393700787402) ;
#2633=VECTOR('Line Direction',#2632,0.0393700787402) ;
#2640=VECTOR('Line Direction',#2639,0.0393700787402) ;
#2647=VECTOR('Line Direction',#2646,0.0393700787402) ;
#2654=VECTOR('Line Direction',#2653,0.0393700787402) ;
#2661=VECTOR('Line Direction',#2660,0.0393700787402) ;
#2668=VECTOR('Line Direction',#2667,0.0393700787402) ;
#2675=VECTOR('Line Direction',#2674,0.0393700787402) ;
#2682=VECTOR('Line Direction',#2681,0.0393700787402) ;
#2689=VECTOR('Line Direction',#2688,0.0393700787402) ;
#2696=VECTOR('Line Direction',#2695,0.0393700787402) ;
#2703=VECTOR('Line Direction',#2702,0.0393700787402) ;
#2710=VECTOR('Line Direction',#2709,0.0393700787402) ;
#2717=VECTOR('Line Direction',#2716,0.0393700787402) ;
#2724=VECTOR('Line Direction',#2723,0.0393700787402) ;
#2731=VECTOR('Line Direction',#2730,0.0393700787402) ;
#2738=VECTOR('Line Direction',#2737,0.0393700787402) ;
#2745=VECTOR('Line Direction',#2744,0.0393700787402) ;
#2752=VECTOR('Line Direction',#2751,0.0393700787402) ;
#2759=VECTOR('Line Direction',#2758,0.0393700787402) ;
#2766=VECTOR('Line Direction',#2765,0.0393700787402) ;
#2773=VECTOR('Line Direction',#2772,0.0393700787402) ;
#2780=VECTOR('Line Direction',#2779,0.0393700787402) ;
#2787=VECTOR('Line Direction',#2786,0.0393700787402) ;
#2794=VECTOR('Line Direction',#2793,0.0393700787402) ;
#2801=VECTOR('Line Direction',#2800,0.0393700787402) ;
#2808=VECTOR('Line Direction',#2807,0.0393700787402) ;
#2815=VECTOR('Line Direction',#2814,0.0393700787402) ;
#2822=VECTOR('Line Direction',#2821,0.0393700787402) ;
#2829=VECTOR('Line Direction',#2828,0.0393700787402) ;
#2836=VECTOR('Line Direction',#2835,0.0393700787402) ;
#2843=VECTOR('Line Direction',#2842,0.0393700787402) ;
#2850=VECTOR('Line Direction',#2849,0.0393700787402) ;
#2857=VECTOR('Line Direction',#2856,0.0393700787402) ;
#2864=VECTOR('Line Direction',#2863,0.0393700787402) ;
#2871=VECTOR('Line Direction',#2870,0.0393700787402) ;
#2878=VECTOR('Line Direction',#2877,0.0393700787402) ;
#2885=VECTOR('Line Direction',#2884,0.0393700787402) ;
#2892=VECTOR('Line Direction',#2891,0.0393700787402) ;
#2899=VECTOR('Line Direction',#2898,0.0393700787402) ;
#2906=VECTOR('Line Direction',#2905,0.0393700787402) ;
#2913=VECTOR('Line Direction',#2912,0.0393700787402) ;
#2920=VECTOR('Line Direction',#2919,0.0393700787402) ;
#2927=VECTOR('Line Direction',#2926,0.0393700787402) ;
#2934=VECTOR('Line Direction',#2933,0.0393700787402) ;
#2941=VECTOR('Line Direction',#2940,0.0393700787402) ;
#2948=VECTOR('Line Direction',#2947,0.0393700787402) ;
#2955=VECTOR('Line Direction',#2954,0.0393700787402) ;
#2962=VECTOR('Line Direction',#2961,0.0393700787402) ;
#2969=VECTOR('Line Direction',#2968,0.0393700787402) ;
#2976=VECTOR('Line Direction',#2975,0.0393700787402) ;
#2983=VECTOR('Line Direction',#2982,0.0393700787402) ;
#2990=VECTOR('Line Direction',#2989,0.0393700787402) ;
#2997=VECTOR('Line Direction',#2996,0.0393700787402) ;
#3004=VECTOR('Line Direction',#3003,0.0393700787402) ;
#3011=VECTOR('Line Direction',#3010,0.0393700787402) ;
#3018=VECTOR('Line Direction',#3017,0.0393700787402) ;
#3025=VECTOR('Line Direction',#3024,0.0393700787402) ;
#3032=VECTOR('Line Direction',#3031,0.0393700787402) ;
#3039=VECTOR('Line Direction',#3038,0.0393700787402) ;
#3046=VECTOR('Line Direction',#3045,0.0393700787402) ;
#3053=VECTOR('Line Direction',#3052,0.0393700787402) ;
#3060=VECTOR('Line Direction',#3059,0.0393700787402) ;
#3067=VECTOR('Line Direction',#3066,0.0393700787402) ;
#3074=VECTOR('Line Direction',#3073,0.0393700787402) ;
#3081=VECTOR('Line Direction',#3080,0.0393700787402) ;
#3088=VECTOR('Line Direction',#3087,0.0393700787402) ;
#3095=VECTOR('Line Direction',#3094,0.0393700787402) ;
#3102=VECTOR('Line Direction',#3101,0.0393700787402) ;
#3109=VECTOR('Line Direction',#3108,0.0393700787402) ;
#3116=VECTOR('Line Direction',#3115,0.0393700787402) ;
#3123=VECTOR('Line Direction',#3122,0.0393700787402) ;
#3268=VECTOR('Line Direction',#3267,0.0393700787402) ;
#3277=VECTOR('Line Direction',#3276,0.0393700787402) ;
#3284=VECTOR('Line Direction',#3283,0.0393700787402) ;
#3291=VECTOR('Line Direction',#3290,0.0393700787402) ;
#3298=VECTOR('Line Direction',#3297,0.0393700787402) ;
#3305=VECTOR('Line Direction',#3304,0.0393700787402) ;
#3312=VECTOR('Line Direction',#3311,0.0393700787402) ;
#3319=VECTOR('Line Direction',#3318,0.0393700787402) ;
#3326=VECTOR('Line Direction',#3325,0.0393700787402) ;
#3333=VECTOR('Line Direction',#3332,0.0393700787402) ;
#3340=VECTOR('Line Direction',#3339,0.0393700787402) ;
#3347=VECTOR('Line Direction',#3346,0.0393700787402) ;
#3354=VECTOR('Line Direction',#3353,0.0393700787402) ;
#3361=VECTOR('Line Direction',#3360,0.0393700787402) ;
#3368=VECTOR('Line Direction',#3367,0.0393700787402) ;
#3375=VECTOR('Line Direction',#3374,0.0393700787402) ;
#3382=VECTOR('Line Direction',#3381,0.0393700787402) ;
#3389=VECTOR('Line Direction',#3388,0.0393700787402) ;
#3396=VECTOR('Line Direction',#3395,0.0393700787402) ;
#3403=VECTOR('Line Direction',#3402,0.0393700787402) ;
#3410=VECTOR('Line Direction',#3409,0.0393700787402) ;
#3417=VECTOR('Line Direction',#3416,0.0393700787402) ;
#3446=VECTOR('Line Direction',#3445,0.0393700787402) ;
#3455=VECTOR('Line Direction',#3454,0.0393700787402) ;
#3462=VECTOR('Line Direction',#3461,0.0393700787402) ;
#3469=VECTOR('Line Direction',#3468,0.0393700787402) ;
#3480=VECTOR('Line Direction',#3479,0.0393700787402) ;
#3489=VECTOR('Line Direction',#3488,0.0393700787402) ;
#3496=VECTOR('Line Direction',#3495,0.0393700787402) ;
#3503=VECTOR('Line Direction',#3502,0.0393700787402) ;
#3510=VECTOR('Line Direction',#3509,0.0393700787402) ;
#3517=VECTOR('Line Direction',#3516,0.0393700787402) ;
#3524=VECTOR('Line Direction',#3523,0.0393700787402) ;
#3531=VECTOR('Line Direction',#3530,0.0393700787402) ;
#3538=VECTOR('Line Direction',#3537,0.0393700787402) ;
#3545=VECTOR('Line Direction',#3544,0.0393700787402) ;
#3720=VECTOR('Line Direction',#3719,0.0393700787402) ;
#3729=VECTOR('Line Direction',#3728,0.0393700787402) ;
#3736=VECTOR('Line Direction',#3735,0.0393700787402) ;
#3743=VECTOR('Line Direction',#3742,0.0393700787402) ;
#3750=VECTOR('Line Direction',#3749,0.0393700787402) ;
#3757=VECTOR('Line Direction',#3756,0.0393700787402) ;
#3764=VECTOR('Line Direction',#3763,0.0393700787402) ;
#3771=VECTOR('Line Direction',#3770,0.0393700787402) ;
#3778=VECTOR('Line Direction',#3777,0.0393700787402) ;
#3785=VECTOR('Line Direction',#3784,0.0393700787402) ;
#3792=VECTOR('Line Direction',#3791,0.0393700787402) ;
#3799=VECTOR('Line Direction',#3798,0.0393700787402) ;
#3806=VECTOR('Line Direction',#3805,0.0393700787402) ;
#3813=VECTOR('Line Direction',#3812,0.0393700787402) ;
#3820=VECTOR('Line Direction',#3819,0.0393700787402) ;
#3827=VECTOR('Line Direction',#3826,0.0393700787402) ;
#3834=VECTOR('Line Direction',#3833,0.0393700787402) ;
#3841=VECTOR('Line Direction',#3840,0.0393700787402) ;
#3848=VECTOR('Line Direction',#3847,0.0393700787402) ;
#3855=VECTOR('Line Direction',#3854,0.0393700787402) ;
#3862=VECTOR('Line Direction',#3861,0.0393700787402) ;
#3869=VECTOR('Line Direction',#3868,0.0393700787402) ;
#3876=VECTOR('Line Direction',#3875,0.0393700787402) ;
#3883=VECTOR('Line Direction',#3882,0.0393700787402) ;
#3890=VECTOR('Line Direction',#3889,0.0393700787402) ;
#3897=VECTOR('Line Direction',#3896,0.0393700787402) ;
#3904=VECTOR('Line Direction',#3903,0.0393700787402) ;
#3911=VECTOR('Line Direction',#3910,0.0393700787402) ;
#3918=VECTOR('Line Direction',#3917,0.0393700787402) ;
#3925=VECTOR('Line Direction',#3924,0.0393700787402) ;
#3932=VECTOR('Line Direction',#3931,0.0393700787402) ;
#3939=VECTOR('Line Direction',#3938,0.0393700787402) ;
#3946=VECTOR('Line Direction',#3945,0.0393700787402) ;
#3953=VECTOR('Line Direction',#3952,0.0393700787402) ;
#3960=VECTOR('Line Direction',#3959,0.0393700787402) ;
#3967=VECTOR('Line Direction',#3966,0.0393700787402) ;
#3974=VECTOR('Line Direction',#3973,0.0393700787402) ;
#3981=VECTOR('Line Direction',#3980,0.0393700787402) ;
#3988=VECTOR('Line Direction',#3987,0.0393700787402) ;
#3995=VECTOR('Line Direction',#3994,0.0393700787402) ;
#4002=VECTOR('Line Direction',#4001,0.0393700787402) ;
#4009=VECTOR('Line Direction',#4008,0.0393700787402) ;
#4016=VECTOR('Line Direction',#4015,0.0393700787402) ;
#4023=VECTOR('Line Direction',#4022,0.0393700787402) ;
#4030=VECTOR('Line Direction',#4029,0.0393700787402) ;
#4037=VECTOR('Line Direction',#4036,0.0393700787402) ;
#4044=VECTOR('Line Direction',#4043,0.0393700787402) ;
#4051=VECTOR('Line Direction',#4050,0.0393700787402) ;
#4058=VECTOR('Line Direction',#4057,0.0393700787402) ;
#4065=VECTOR('Line Direction',#4064,0.0393700787402) ;
#4072=VECTOR('Line Direction',#4071,0.0393700787402) ;
#4079=VECTOR('Line Direction',#4078,0.0393700787402) ;
#4086=VECTOR('Line Direction',#4085,0.0393700787402) ;
#4093=VECTOR('Line Direction',#4092,0.0393700787402) ;
#4100=VECTOR('Line Direction',#4099,0.0393700787402) ;
#4107=VECTOR('Line Direction',#4106,0.0393700787402) ;
#4114=VECTOR('Line Direction',#4113,0.0393700787402) ;
#4121=VECTOR('Line Direction',#4120,0.0393700787402) ;
#4128=VECTOR('Line Direction',#4127,0.0393700787402) ;
#4135=VECTOR('Line Direction',#4134,0.0393700787402) ;
#4142=VECTOR('Line Direction',#4141,0.0393700787402) ;
#4149=VECTOR('Line Direction',#4148,0.0393700787402) ;
#4156=VECTOR('Line Direction',#4155,0.0393700787402) ;
#4163=VECTOR('Line Direction',#4162,0.0393700787402) ;
#4170=VECTOR('Line Direction',#4169,0.0393700787402) ;
#4177=VECTOR('Line Direction',#4176,0.0393700787402) ;
#4184=VECTOR('Line Direction',#4183,0.0393700787402) ;
#4191=VECTOR('Line Direction',#4190,0.0393700787402) ;
#4198=VECTOR('Line Direction',#4197,0.0393700787402) ;
#4205=VECTOR('Line Direction',#4204,0.0393700787402) ;
#4212=VECTOR('Line Direction',#4211,0.0393700787402) ;
#4219=VECTOR('Line Direction',#4218,0.0393700787402) ;
#4226=VECTOR('Line Direction',#4225,0.0393700787402) ;
#4233=VECTOR('Line Direction',#4232,0.0393700787402) ;
#4240=VECTOR('Line Direction',#4239,0.0393700787402) ;
#4247=VECTOR('Line Direction',#4246,0.0393700787402) ;
#4254=VECTOR('Line Direction',#4253,0.0393700787402) ;
#4261=VECTOR('Line Direction',#4260,0.0393700787402) ;
#4268=VECTOR('Line Direction',#4267,0.0393700787402) ;
#4275=VECTOR('Line Direction',#4274,0.0393700787402) ;
#4282=VECTOR('Line Direction',#4281,0.0393700787402) ;
#4289=VECTOR('Line Direction',#4288,0.0393700787402) ;
#4296=VECTOR('Line Direction',#4295,0.0393700787402) ;
#4303=VECTOR('Line Direction',#4302,0.0393700787402) ;
#4310=VECTOR('Line Direction',#4309,0.0393700787402) ;
#4317=VECTOR('Line Direction',#4316,0.0393700787402) ;
#4324=VECTOR('Line Direction',#4323,0.0393700787402) ;
#4331=VECTOR('Line Direction',#4330,0.0393700787402) ;
#4338=VECTOR('Line Direction',#4337,0.0393700787402) ;
#4345=VECTOR('Line Direction',#4344,0.0393700787402) ;
#4352=VECTOR('Line Direction',#4351,0.0393700787402) ;
#4359=VECTOR('Line Direction',#4358,0.0393700787402) ;
#4366=VECTOR('Line Direction',#4365,0.0393700787402) ;
#4373=VECTOR('Line Direction',#4372,0.0393700787402) ;
#4380=VECTOR('Line Direction',#4379,0.0393700787402) ;
#4387=VECTOR('Line Direction',#4386,0.0393700787402) ;
#4394=VECTOR('Line Direction',#4393,0.0393700787402) ;
#4401=VECTOR('Line Direction',#4400,0.0393700787402) ;
#4408=VECTOR('Line Direction',#4407,0.0393700787402) ;
#4415=VECTOR('Line Direction',#4414,0.0393700787402) ;
#4422=VECTOR('Line Direction',#4421,0.0393700787402) ;
#4429=VECTOR('Line Direction',#4428,0.0393700787402) ;
#4436=VECTOR('Line Direction',#4435,0.0393700787402) ;
#4443=VECTOR('Line Direction',#4442,0.0393700787402) ;
#4450=VECTOR('Line Direction',#4449,0.0393700787402) ;
#4457=VECTOR('Line Direction',#4456,0.0393700787402) ;
#4464=VECTOR('Line Direction',#4463,0.0393700787402) ;
#4471=VECTOR('Line Direction',#4470,0.0393700787402) ;
#4478=VECTOR('Line Direction',#4477,0.0393700787402) ;
#4485=VECTOR('Line Direction',#4484,0.0393700787402) ;
#4492=VECTOR('Line Direction',#4491,0.0393700787402) ;
#4499=VECTOR('Line Direction',#4498,0.0393700787402) ;
#4506=VECTOR('Line Direction',#4505,0.0393700787402) ;
#4513=VECTOR('Line Direction',#4512,0.0393700787402) ;
#4520=VECTOR('Line Direction',#4519,0.0393700787402) ;
#4527=VECTOR('Line Direction',#4526,0.0393700787402) ;
#4534=VECTOR('Line Direction',#4533,0.0393700787402) ;
#4541=VECTOR('Line Direction',#4540,0.0393700787402) ;
#4548=VECTOR('Line Direction',#4547,0.0393700787402) ;
#4555=VECTOR('Line Direction',#4554,0.0393700787402) ;
#4562=VECTOR('Line Direction',#4561,0.0393700787402) ;
#4569=VECTOR('Line Direction',#4568,0.0393700787402) ;
#4576=VECTOR('Line Direction',#4575,0.0393700787402) ;
#4583=VECTOR('Line Direction',#4582,0.0393700787402) ;
#4590=VECTOR('Line Direction',#4589,0.0393700787402) ;
#4597=VECTOR('Line Direction',#4596,0.0393700787402) ;
#4604=VECTOR('Line Direction',#4603,0.0393700787402) ;
#4611=VECTOR('Line Direction',#4610,0.0393700787402) ;
#4618=VECTOR('Line Direction',#4617,0.0393700787402) ;
#4625=VECTOR('Line Direction',#4624,0.0393700787402) ;
#4632=VECTOR('Line Direction',#4631,0.0393700787402) ;
#4639=VECTOR('Line Direction',#4638,0.0393700787402) ;
#4646=VECTOR('Line Direction',#4645,0.0393700787402) ;
#4653=VECTOR('Line Direction',#4652,0.0393700787402) ;
#4660=VECTOR('Line Direction',#4659,0.0393700787402) ;
#4667=VECTOR('Line Direction',#4666,0.0393700787402) ;
#4674=VECTOR('Line Direction',#4673,0.0393700787402) ;
#4681=VECTOR('Line Direction',#4680,0.0393700787402) ;
#4840=VECTOR('Line Direction',#4839,0.0393700787402) ;
#4845=VECTOR('Line Direction',#4844,0.0393700787402) ;
#4869=VECTOR('Line Direction',#4868,0.0393700787402) ;
#4893=VECTOR('Line Direction',#4892,0.0393700787402) ;
#4917=VECTOR('Line Direction',#4916,0.0393700787402) ;
#4941=VECTOR('Line Direction',#4940,0.0393700787402) ;
#4965=VECTOR('Line Direction',#4964,0.0393700787402) ;
#4989=VECTOR('Line Direction',#4988,0.0393700787402) ;
#5013=VECTOR('Line Direction',#5012,0.0393700787402) ;
#5037=VECTOR('Line Direction',#5036,0.0393700787402) ;
#5061=VECTOR('Line Direction',#5060,0.0393700787402) ;
#5085=VECTOR('Line Direction',#5084,0.0393700787402) ;
#5109=VECTOR('Line Direction',#5108,0.0393700787402) ;
#5133=VECTOR('Line Direction',#5132,0.0393700787402) ;
#5157=VECTOR('Line Direction',#5156,0.0393700787402) ;
#5181=VECTOR('Line Direction',#5180,0.0393700787402) ;
#5205=VECTOR('Line Direction',#5204,0.0393700787402) ;
#5229=VECTOR('Line Direction',#5228,0.0393700787402) ;
#5253=VECTOR('Line Direction',#5252,0.0393700787402) ;
#5277=VECTOR('Line Direction',#5276,0.0393700787402) ;
#5301=VECTOR('Line Direction',#5300,0.0393700787402) ;
#5325=VECTOR('Line Direction',#5324,0.0393700787402) ;
#5349=VECTOR('Line Direction',#5348,0.0393700787402) ;
#5373=VECTOR('Line Direction',#5372,0.0393700787402) ;
#5397=VECTOR('Line Direction',#5396,0.0393700787402) ;
#5421=VECTOR('Line Direction',#5420,0.0393700787402) ;
#5440=VECTOR('Line Direction',#5439,0.0393700787402) ;
#5464=VECTOR('Line Direction',#5463,0.0393700787402) ;
#5488=VECTOR('Line Direction',#5487,0.0393700787402) ;
#5512=VECTOR('Line Direction',#5511,0.0393700787402) ;
#5536=VECTOR('Line Direction',#5535,0.0393700787402) ;
#5560=VECTOR('Line Direction',#5559,0.0393700787402) ;
#5584=VECTOR('Line Direction',#5583,0.0393700787402) ;
#5608=VECTOR('Line Direction',#5607,0.0393700787402) ;
#5632=VECTOR('Line Direction',#5631,0.0393700787402) ;
#5656=VECTOR('Line Direction',#5655,0.0393700787402) ;
#5680=VECTOR('Line Direction',#5679,0.0393700787402) ;
#5704=VECTOR('Line Direction',#5703,0.0393700787402) ;
#5728=VECTOR('Line Direction',#5727,0.0393700787402) ;
#5752=VECTOR('Line Direction',#5751,0.0393700787402) ;
#5776=VECTOR('Line Direction',#5775,0.0393700787402) ;
#5800=VECTOR('Line Direction',#5799,0.0393700787402) ;
#5824=VECTOR('Line Direction',#5823,0.0393700787402) ;
#5848=VECTOR('Line Direction',#5847,0.0393700787402) ;
#5872=VECTOR('Line Direction',#5871,0.0393700787402) ;
#5896=VECTOR('Line Direction',#5895,0.0393700787402) ;
#5920=VECTOR('Line Direction',#5919,0.0393700787402) ;
#5944=VECTOR('Line Direction',#5943,0.0393700787402) ;
#5963=VECTOR('Line Direction',#5962,0.0393700787402) ;
#5987=VECTOR('Line Direction',#5986,0.0393700787402) ;
#6011=VECTOR('Line Direction',#6010,0.0393700787402) ;
#6035=VECTOR('Line Direction',#6034,0.0393700787402) ;
#6059=VECTOR('Line Direction',#6058,0.0393700787402) ;
#6083=VECTOR('Line Direction',#6082,0.0393700787402) ;
#6107=VECTOR('Line Direction',#6106,0.0393700787402) ;
#6131=VECTOR('Line Direction',#6130,0.0393700787402) ;
#6155=VECTOR('Line Direction',#6154,0.0393700787402) ;
#6179=VECTOR('Line Direction',#6178,0.0393700787402) ;
#6203=VECTOR('Line Direction',#6202,0.0393700787402) ;
#6227=VECTOR('Line Direction',#6226,0.0393700787402) ;
#6251=VECTOR('Line Direction',#6250,0.0393700787402) ;
#6275=VECTOR('Line Direction',#6274,0.0393700787402) ;
#6299=VECTOR('Line Direction',#6298,0.0393700787402) ;
#6323=VECTOR('Line Direction',#6322,0.0393700787402) ;
#6347=VECTOR('Line Direction',#6346,0.0393700787402) ;
#6371=VECTOR('Line Direction',#6370,0.0393700787402) ;
#6395=VECTOR('Line Direction',#6394,0.0393700787402) ;
#6419=VECTOR('Line Direction',#6418,0.0393700787402) ;
#6443=VECTOR('Line Direction',#6442,0.0393700787402) ;
#6467=VECTOR('Line Direction',#6466,0.0393700787402) ;
#6491=VECTOR('Line Direction',#6490,0.0393700787402) ;
#6515=VECTOR('Line Direction',#6514,0.0393700787402) ;
#6539=VECTOR('Line Direction',#6538,0.0393700787402) ;
#6563=VECTOR('Line Direction',#6562,0.0393700787402) ;
#6587=VECTOR('Line Direction',#6586,0.0393700787402) ;
#6611=VECTOR('Line Direction',#6610,0.0393700787402) ;
#6635=VECTOR('Line Direction',#6634,0.0393700787402) ;
#6659=VECTOR('Line Direction',#6658,0.0393700787402) ;
#6683=VECTOR('Line Direction',#6682,0.0393700787402) ;
#6707=VECTOR('Line Direction',#6706,0.0393700787402) ;
#6731=VECTOR('Line Direction',#6730,0.0393700787402) ;
#6755=VECTOR('Line Direction',#6754,0.0393700787402) ;
#6779=VECTOR('Line Direction',#6778,0.0393700787402) ;
#6803=VECTOR('Line Direction',#6802,0.0393700787402) ;
#6827=VECTOR('Line Direction',#6826,0.0393700787402) ;
#6851=VECTOR('Line Direction',#6850,0.0393700787402) ;
#6875=VECTOR('Line Direction',#6874,0.0393700787402) ;
#6899=VECTOR('Line Direction',#6898,0.0393700787402) ;
#6923=VECTOR('Line Direction',#6922,0.0393700787402) ;
#6947=VECTOR('Line Direction',#6946,0.0393700787402) ;
#6971=VECTOR('Line Direction',#6970,0.0393700787402) ;
#6995=VECTOR('Line Direction',#6994,0.0393700787402) ;
#7019=VECTOR('Line Direction',#7018,0.0393700787402) ;
#7043=VECTOR('Line Direction',#7042,0.0393700787402) ;
#7067=VECTOR('Line Direction',#7066,0.0393700787402) ;
#7086=VECTOR('Line Direction',#7085,0.0393700787402) ;
#7105=VECTOR('Line Direction',#7104,0.0393700787402) ;
#7129=VECTOR('Line Direction',#7128,0.0393700787402) ;
#7153=VECTOR('Line Direction',#7152,0.0393700787402) ;
#7177=VECTOR('Line Direction',#7176,0.0393700787402) ;
#7201=VECTOR('Line Direction',#7200,0.0393700787402) ;
#7225=VECTOR('Line Direction',#7224,0.0393700787402) ;
#7249=VECTOR('Line Direction',#7248,0.0393700787402) ;
#7273=VECTOR('Line Direction',#7272,0.0393700787402) ;
#7297=VECTOR('Line Direction',#7296,0.0393700787402) ;
#7321=VECTOR('Line Direction',#7320,0.0393700787402) ;
#7345=VECTOR('Line Direction',#7344,0.0393700787402) ;
#7369=VECTOR('Line Direction',#7368,0.0393700787402) ;
#7393=VECTOR('Line Direction',#7392,0.0393700787402) ;
#7417=VECTOR('Line Direction',#7416,0.0393700787402) ;
#7441=VECTOR('Line Direction',#7440,0.0393700787402) ;
#7465=VECTOR('Line Direction',#7464,0.0393700787402) ;
#7489=VECTOR('Line Direction',#7488,0.0393700787402) ;
#7513=VECTOR('Line Direction',#7512,0.0393700787402) ;
#7537=VECTOR('Line Direction',#7536,0.0393700787402) ;
#7561=VECTOR('Line Direction',#7560,0.0393700787402) ;
#7585=VECTOR('Line Direction',#7584,0.0393700787402) ;
#7609=VECTOR('Line Direction',#7608,0.0393700787402) ;
#7633=VECTOR('Line Direction',#7632,0.0393700787402) ;
#7657=VECTOR('Line Direction',#7656,0.0393700787402) ;
#7681=VECTOR('Line Direction',#7680,0.0393700787402) ;
#7705=VECTOR('Line Direction',#7704,0.0393700787402) ;
#7729=VECTOR('Line Direction',#7728,0.0393700787402) ;
#7753=VECTOR('Line Direction',#7752,0.0393700787402) ;
#7777=VECTOR('Line Direction',#7776,0.0393700787402) ;
#7801=VECTOR('Line Direction',#7800,0.0393700787402) ;
#7825=VECTOR('Line Direction',#7824,0.0393700787402) ;
#7849=VECTOR('Line Direction',#7848,0.0393700787402) ;
#7873=VECTOR('Line Direction',#7872,0.0393700787402) ;
#7897=VECTOR('Line Direction',#7896,0.0393700787402) ;
#7921=VECTOR('Line Direction',#7920,0.0393700787402) ;
#7945=VECTOR('Line Direction',#7944,0.0393700787402) ;
#7969=VECTOR('Line Direction',#7968,0.0393700787402) ;
#7993=VECTOR('Line Direction',#7992,0.0393700787402) ;
#8017=VECTOR('Line Direction',#8016,0.0393700787402) ;
#8041=VECTOR('Line Direction',#8040,0.0393700787402) ;
#8065=VECTOR('Line Direction',#8064,0.0393700787402) ;
#8089=VECTOR('Line Direction',#8088,0.0393700787402) ;
#8127=VECTOR('Line Direction',#8126,0.0393700787402) ;
#8136=VECTOR('Line Direction',#8135,0.0393700787402) ;
#8143=VECTOR('Line Direction',#8142,0.0393700787402) ;
#8150=VECTOR('Line Direction',#8149,0.0393700787402) ;
#8157=VECTOR('Line Direction',#8156,0.0393700787402) ;
#8164=VECTOR('Line Direction',#8163,0.0393700787402) ;
#8171=VECTOR('Line Direction',#8170,0.0393700787402) ;
#8178=VECTOR('Line Direction',#8177,0.0393700787402) ;
#8185=VECTOR('Line Direction',#8184,0.0393700787402) ;
#8192=VECTOR('Line Direction',#8191,0.0393700787402) ;
#8199=VECTOR('Line Direction',#8198,0.0393700787402) ;
#8206=VECTOR('Line Direction',#8205,0.0393700787402) ;
#8213=VECTOR('Line Direction',#8212,0.0393700787402) ;
#8220=VECTOR('Line Direction',#8219,0.0393700787402) ;
#8227=VECTOR('Line Direction',#8226,0.0393700787402) ;
#8234=VECTOR('Line Direction',#8233,0.0393700787402) ;
#8241=VECTOR('Line Direction',#8240,0.0393700787402) ;
#8248=VECTOR('Line Direction',#8247,0.0393700787402) ;
#8255=VECTOR('Line Direction',#8254,0.0393700787402) ;
#8262=VECTOR('Line Direction',#8261,0.0393700787402) ;
#8269=VECTOR('Line Direction',#8268,0.0393700787402) ;
#8276=VECTOR('Line Direction',#8275,0.0393700787402) ;
#8283=VECTOR('Line Direction',#8282,0.0393700787402) ;
#8290=VECTOR('Line Direction',#8289,0.0393700787402) ;
#8297=VECTOR('Line Direction',#8296,0.0393700787402) ;
#8304=VECTOR('Line Direction',#8303,0.0393700787402) ;
#8311=VECTOR('Line Direction',#8310,0.0393700787402) ;
#8318=VECTOR('Line Direction',#8317,0.0393700787402) ;
#8325=VECTOR('Line Direction',#8324,0.0393700787402) ;
#8332=VECTOR('Line Direction',#8331,0.0393700787402) ;
#8339=VECTOR('Line Direction',#8338,0.0393700787402) ;
#8346=VECTOR('Line Direction',#8345,0.0393700787402) ;
#8353=VECTOR('Line Direction',#8352,0.0393700787402) ;
#8360=VECTOR('Line Direction',#8359,0.0393700787402) ;
#8367=VECTOR('Line Direction',#8366,0.0393700787402) ;
#8374=VECTOR('Line Direction',#8373,0.0393700787402) ;
#8381=VECTOR('Line Direction',#8380,0.0393700787402) ;
#8388=VECTOR('Line Direction',#8387,0.0393700787402) ;
#8395=VECTOR('Line Direction',#8394,0.0393700787402) ;
#8402=VECTOR('Line Direction',#8401,0.0393700787402) ;
#8409=VECTOR('Line Direction',#8408,0.0393700787402) ;
#8416=VECTOR('Line Direction',#8415,0.0393700787402) ;
#8423=VECTOR('Line Direction',#8422,0.0393700787402) ;
#8430=VECTOR('Line Direction',#8429,0.0393700787402) ;
#8437=VECTOR('Line Direction',#8436,0.0393700787402) ;
#8444=VECTOR('Line Direction',#8443,0.0393700787402) ;
#8451=VECTOR('Line Direction',#8450,0.0393700787402) ;
#8458=VECTOR('Line Direction',#8457,0.0393700787402) ;
#8465=VECTOR('Line Direction',#8464,0.0393700787402) ;
#8472=VECTOR('Line Direction',#8471,0.0393700787402) ;
#8479=VECTOR('Line Direction',#8478,0.0393700787402) ;
#8486=VECTOR('Line Direction',#8485,0.0393700787402) ;
#8493=VECTOR('Line Direction',#8492,0.0393700787402) ;
#8500=VECTOR('Line Direction',#8499,0.0393700787402) ;
#8507=VECTOR('Line Direction',#8506,0.0393700787402) ;
#8514=VECTOR('Line Direction',#8513,0.0393700787402) ;
#8521=VECTOR('Line Direction',#8520,0.0393700787402) ;
#8528=VECTOR('Line Direction',#8527,0.0393700787402) ;
#8535=VECTOR('Line Direction',#8534,0.0393700787402) ;
#8542=VECTOR('Line Direction',#8541,0.0393700787402) ;
#8549=VECTOR('Line Direction',#8548,0.0393700787402) ;
#8556=VECTOR('Line Direction',#8555,0.0393700787402) ;
#8563=VECTOR('Line Direction',#8562,0.0393700787402) ;
#8570=VECTOR('Line Direction',#8569,0.0393700787402) ;
#8577=VECTOR('Line Direction',#8576,0.0393700787402) ;
#8584=VECTOR('Line Direction',#8583,0.0393700787402) ;
#8591=VECTOR('Line Direction',#8590,0.0393700787402) ;
#8598=VECTOR('Line Direction',#8597,0.0393700787402) ;
#8605=VECTOR('Line Direction',#8604,0.0393700787402) ;
#8612=VECTOR('Line Direction',#8611,0.0393700787402) ;
#8619=VECTOR('Line Direction',#8618,0.0393700787402) ;
#8626=VECTOR('Line Direction',#8625,0.0393700787402) ;
#8633=VECTOR('Line Direction',#8632,0.0393700787402) ;
#8640=VECTOR('Line Direction',#8639,0.0393700787402) ;
#8647=VECTOR('Line Direction',#8646,0.0393700787402) ;
#8654=VECTOR('Line Direction',#8653,0.0393700787402) ;
#8661=VECTOR('Line Direction',#8660,0.0393700787402) ;
#8668=VECTOR('Line Direction',#8667,0.0393700787402) ;
#8675=VECTOR('Line Direction',#8674,0.0393700787402) ;
#8682=VECTOR('Line Direction',#8681,0.0393700787402) ;
#8689=VECTOR('Line Direction',#8688,0.0393700787402) ;
#8696=VECTOR('Line Direction',#8695,0.0393700787402) ;
#8703=VECTOR('Line Direction',#8702,0.0393700787402) ;
#8710=VECTOR('Line Direction',#8709,0.0393700787402) ;
#8717=VECTOR('Line Direction',#8716,0.0393700787402) ;
#8724=VECTOR('Line Direction',#8723,0.0393700787402) ;
#8731=VECTOR('Line Direction',#8730,0.0393700787402) ;
#8738=VECTOR('Line Direction',#8737,0.0393700787402) ;
#8745=VECTOR('Line Direction',#8744,0.0393700787402) ;
#8752=VECTOR('Line Direction',#8751,0.0393700787402) ;
#8759=VECTOR('Line Direction',#8758,0.0393700787402) ;
#8766=VECTOR('Line Direction',#8765,0.0393700787402) ;
#8773=VECTOR('Line Direction',#8772,0.0393700787402) ;
#8780=VECTOR('Line Direction',#8779,0.0393700787402) ;
#8787=VECTOR('Line Direction',#8786,0.0393700787402) ;
#8794=VECTOR('Line Direction',#8793,0.0393700787402) ;
#8801=VECTOR('Line Direction',#8800,0.0393700787402) ;
#8808=VECTOR('Line Direction',#8807,0.0393700787402) ;
#8815=VECTOR('Line Direction',#8814,0.0393700787402) ;
#8822=VECTOR('Line Direction',#8821,0.0393700787402) ;
#8829=VECTOR('Line Direction',#8828,0.0393700787402) ;
#8836=VECTOR('Line Direction',#8835,0.0393700787402) ;
#8843=VECTOR('Line Direction',#8842,0.0393700787402) ;
#8850=VECTOR('Line Direction',#8849,0.0393700787402) ;
#8857=VECTOR('Line Direction',#8856,0.0393700787402) ;
#8864=VECTOR('Line Direction',#8863,0.0393700787402) ;
#8871=VECTOR('Line Direction',#8870,0.0393700787402) ;
#8878=VECTOR('Line Direction',#8877,0.0393700787402) ;
#8885=VECTOR('Line Direction',#8884,0.0393700787402) ;
#8892=VECTOR('Line Direction',#8891,0.0393700787402) ;
#8899=VECTOR('Line Direction',#8898,0.0393700787402) ;
#8906=VECTOR('Line Direction',#8905,0.0393700787402) ;
#8913=VECTOR('Line Direction',#8912,0.0393700787402) ;
#8920=VECTOR('Line Direction',#8919,0.0393700787402) ;
#8927=VECTOR('Line Direction',#8926,0.0393700787402) ;
#8934=VECTOR('Line Direction',#8933,0.0393700787402) ;
#8941=VECTOR('Line Direction',#8940,0.0393700787402) ;
#8948=VECTOR('Line Direction',#8947,0.0393700787402) ;
#9086=VECTOR('Line Direction',#9085,0.0393700787402) ;
#9091=VECTOR('Line Direction',#9090,0.0393700787402) ;
#9115=VECTOR('Line Direction',#9114,0.0393700787402) ;
#9139=VECTOR('Line Direction',#9138,0.0393700787402) ;
#9163=VECTOR('Line Direction',#9162,0.0393700787402) ;
#9187=VECTOR('Line Direction',#9186,0.0393700787402) ;
#9211=VECTOR('Line Direction',#9210,0.0393700787402) ;
#9235=VECTOR('Line Direction',#9234,0.0393700787402) ;
#9259=VECTOR('Line Direction',#9258,0.0393700787402) ;
#9283=VECTOR('Line Direction',#9282,0.0393700787402) ;
#9307=VECTOR('Line Direction',#9306,0.0393700787402) ;
#9331=VECTOR('Line Direction',#9330,0.0393700787402) ;
#9355=VECTOR('Line Direction',#9354,0.0393700787402) ;
#9379=VECTOR('Line Direction',#9378,0.0393700787402) ;
#9403=VECTOR('Line Direction',#9402,0.0393700787402) ;
#9427=VECTOR('Line Direction',#9426,0.0393700787402) ;
#9451=VECTOR('Line Direction',#9450,0.0393700787402) ;
#9475=VECTOR('Line Direction',#9474,0.0393700787402) ;
#9499=VECTOR('Line Direction',#9498,0.0393700787402) ;
#9523=VECTOR('Line Direction',#9522,0.0393700787402) ;
#9547=VECTOR('Line Direction',#9546,0.0393700787402) ;
#9571=VECTOR('Line Direction',#9570,0.0393700787402) ;
#9595=VECTOR('Line Direction',#9594,0.0393700787402) ;
#9619=VECTOR('Line Direction',#9618,0.0393700787402) ;
#9643=VECTOR('Line Direction',#9642,0.0393700787402) ;
#9667=VECTOR('Line Direction',#9666,0.0393700787402) ;
#9691=VECTOR('Line Direction',#9690,0.0393700787402) ;
#9715=VECTOR('Line Direction',#9714,0.0393700787402) ;
#9739=VECTOR('Line Direction',#9738,0.0393700787402) ;
#9763=VECTOR('Line Direction',#9762,0.0393700787402) ;
#9787=VECTOR('Line Direction',#9786,0.0393700787402) ;
#9811=VECTOR('Line Direction',#9810,0.0393700787402) ;
#9835=VECTOR('Line Direction',#9834,0.0393700787402) ;
#9859=VECTOR('Line Direction',#9858,0.0393700787402) ;
#9883=VECTOR('Line Direction',#9882,0.0393700787402) ;
#9907=VECTOR('Line Direction',#9906,0.0393700787402) ;
#9931=VECTOR('Line Direction',#9930,0.0393700787402) ;
#9955=VECTOR('Line Direction',#9954,0.0393700787402) ;
#9979=VECTOR('Line Direction',#9978,0.0393700787402) ;
#10003=VECTOR('Line Direction',#10002,0.0393700787402) ;
#10027=VECTOR('Line Direction',#10026,0.0393700787402) ;
#10051=VECTOR('Line Direction',#10050,0.0393700787402) ;
#10075=VECTOR('Line Direction',#10074,0.0393700787402) ;
#10099=VECTOR('Line Direction',#10098,0.0393700787402) ;
#10123=VECTOR('Line Direction',#10122,0.0393700787402) ;
#10147=VECTOR('Line Direction',#10146,0.0393700787402) ;
#10171=VECTOR('Line Direction',#10170,0.0393700787402) ;
#10195=VECTOR('Line Direction',#10194,0.0393700787402) ;
#10219=VECTOR('Line Direction',#10218,0.0393700787402) ;
#10243=VECTOR('Line Direction',#10242,0.0393700787402) ;
#10267=VECTOR('Line Direction',#10266,0.0393700787402) ;
#10291=VECTOR('Line Direction',#10290,0.0393700787402) ;
#10315=VECTOR('Line Direction',#10314,0.0393700787402) ;
#10339=VECTOR('Line Direction',#10338,0.0393700787402) ;
#10363=VECTOR('Line Direction',#10362,0.0393700787402) ;
#10387=VECTOR('Line Direction',#10386,0.0393700787402) ;
#10411=VECTOR('Line Direction',#10410,0.0393700787402) ;
#10435=VECTOR('Line Direction',#10434,0.0393700787402) ;
#10459=VECTOR('Line Direction',#10458,0.0393700787402) ;
#10483=VECTOR('Line Direction',#10482,0.0393700787402) ;
#10507=VECTOR('Line Direction',#10506,0.0393700787402) ;
#10531=VECTOR('Line Direction',#10530,0.0393700787402) ;
#10555=VECTOR('Line Direction',#10554,0.0393700787402) ;
#10579=VECTOR('Line Direction',#10578,0.0393700787402) ;
#10603=VECTOR('Line Direction',#10602,0.0393700787402) ;
#10627=VECTOR('Line Direction',#10626,0.0393700787402) ;
#10651=VECTOR('Line Direction',#10650,0.0393700787402) ;
#10675=VECTOR('Line Direction',#10674,0.0393700787402) ;
#10699=VECTOR('Line Direction',#10698,0.0393700787402) ;
#10723=VECTOR('Line Direction',#10722,0.0393700787402) ;
#10747=VECTOR('Line Direction',#10746,0.0393700787402) ;
#10771=VECTOR('Line Direction',#10770,0.0393700787402) ;
#10795=VECTOR('Line Direction',#10794,0.0393700787402) ;
#10819=VECTOR('Line Direction',#10818,0.0393700787402) ;
#10843=VECTOR('Line Direction',#10842,0.0393700787402) ;
#10867=VECTOR('Line Direction',#10866,0.0393700787402) ;
#10891=VECTOR('Line Direction',#10890,0.0393700787402) ;
#10915=VECTOR('Line Direction',#10914,0.0393700787402) ;
#10939=VECTOR('Line Direction',#10938,0.0393700787402) ;
#10963=VECTOR('Line Direction',#10962,0.0393700787402) ;
#10987=VECTOR('Line Direction',#10986,0.0393700787402) ;
#11011=VECTOR('Line Direction',#11010,0.0393700787402) ;
#11035=VECTOR('Line Direction',#11034,0.0393700787402) ;
#11059=VECTOR('Line Direction',#11058,0.0393700787402) ;
#11083=VECTOR('Line Direction',#11082,0.0393700787402) ;
#11107=VECTOR('Line Direction',#11106,0.0393700787402) ;
#11131=VECTOR('Line Direction',#11130,0.0393700787402) ;
#11155=VECTOR('Line Direction',#11154,0.0393700787402) ;
#11179=VECTOR('Line Direction',#11178,0.0393700787402) ;
#11203=VECTOR('Line Direction',#11202,0.0393700787402) ;
#11227=VECTOR('Line Direction',#11226,0.0393700787402) ;
#11251=VECTOR('Line Direction',#11250,0.0393700787402) ;
#11275=VECTOR('Line Direction',#11274,0.0393700787402) ;
#11299=VECTOR('Line Direction',#11298,0.0393700787402) ;
#11323=VECTOR('Line Direction',#11322,0.0393700787402) ;
#11347=VECTOR('Line Direction',#11346,0.0393700787402) ;
#11371=VECTOR('Line Direction',#11370,0.0393700787402) ;
#11395=VECTOR('Line Direction',#11394,0.0393700787402) ;
#11419=VECTOR('Line Direction',#11418,0.0393700787402) ;
#11443=VECTOR('Line Direction',#11442,0.0393700787402) ;
#11467=VECTOR('Line Direction',#11466,0.0393700787402) ;
#11491=VECTOR('Line Direction',#11490,0.0393700787402) ;
#11515=VECTOR('Line Direction',#11514,0.0393700787402) ;
#11539=VECTOR('Line Direction',#11538,0.0393700787402) ;
#11563=VECTOR('Line Direction',#11562,0.0393700787402) ;
#11587=VECTOR('Line Direction',#11586,0.0393700787402) ;
#11611=VECTOR('Line Direction',#11610,0.0393700787402) ;
#11635=VECTOR('Line Direction',#11634,0.0393700787402) ;
#11659=VECTOR('Line Direction',#11658,0.0393700787402) ;
#11683=VECTOR('Line Direction',#11682,0.0393700787402) ;
#11707=VECTOR('Line Direction',#11706,0.0393700787402) ;
#11731=VECTOR('Line Direction',#11730,0.0393700787402) ;
#11755=VECTOR('Line Direction',#11754,0.0393700787402) ;
#11779=VECTOR('Line Direction',#11778,0.0393700787402) ;
#11803=VECTOR('Line Direction',#11802,0.0393700787402) ;
#11827=VECTOR('Line Direction',#11826,0.0393700787402) ;
#11851=VECTOR('Line Direction',#11850,0.0393700787402) ;
#11875=VECTOR('Line Direction',#11874,0.0393700787402) ;
#11913=VECTOR('Line Direction',#11912,0.0393700787402) ;
#11922=VECTOR('Line Direction',#11921,0.0393700787402) ;
#11929=VECTOR('Line Direction',#11928,0.0393700787402) ;
#11936=VECTOR('Line Direction',#11935,0.0393700787402) ;
#11960=VECTOR('Line Direction',#11959,0.0393700787402) ;
#11965=VECTOR('Line Direction',#11964,0.0393700787402) ;
#11989=VECTOR('Line Direction',#11988,0.0393700787402) ;
#12013=VECTOR('Line Direction',#12012,0.0393700787402) ;
#12051=VECTOR('Line Direction',#12050,0.0393700787402) ;
#12060=VECTOR('Line Direction',#12059,0.0393700787402) ;
#12067=VECTOR('Line Direction',#12066,0.0393700787402) ;
#12074=VECTOR('Line Direction',#12073,0.0393700787402) ;
#12081=VECTOR('Line Direction',#12080,0.0393700787402) ;
#12088=VECTOR('Line Direction',#12087,0.0393700787402) ;
#12095=VECTOR('Line Direction',#12094,0.0393700787402) ;
#12102=VECTOR('Line Direction',#12101,0.0393700787402) ;
#12109=VECTOR('Line Direction',#12108,0.0393700787402) ;
#12116=VECTOR('Line Direction',#12115,0.0393700787402) ;
#12123=VECTOR('Line Direction',#12122,0.0393700787402) ;
#12130=VECTOR('Line Direction',#12129,0.0393700787402) ;
#12137=VECTOR('Line Direction',#12136,0.0393700787402) ;
#12144=VECTOR('Line Direction',#12143,0.0393700787402) ;
#12151=VECTOR('Line Direction',#12150,0.0393700787402) ;
#12158=VECTOR('Line Direction',#12157,0.0393700787402) ;
#12165=VECTOR('Line Direction',#12164,0.0393700787402) ;
#12172=VECTOR('Line Direction',#12171,0.0393700787402) ;
#12179=VECTOR('Line Direction',#12178,0.0393700787402) ;
#12186=VECTOR('Line Direction',#12185,0.0393700787402) ;
#12193=VECTOR('Line Direction',#12192,0.0393700787402) ;
#12200=VECTOR('Line Direction',#12199,0.0393700787402) ;
#12242=VECTOR('Line Direction',#12241,0.0393700787402) ;
#12247=VECTOR('Line Direction',#12246,0.0393700787402) ;
#12271=VECTOR('Line Direction',#12270,0.0393700787402) ;
#12295=VECTOR('Line Direction',#12294,0.0393700787402) ;
#12319=VECTOR('Line Direction',#12318,0.0393700787402) ;
#12343=VECTOR('Line Direction',#12342,0.0393700787402) ;
#12367=VECTOR('Line Direction',#12366,0.0393700787402) ;
#12391=VECTOR('Line Direction',#12390,0.0393700787402) ;
#12415=VECTOR('Line Direction',#12414,0.0393700787402) ;
#12439=VECTOR('Line Direction',#12438,0.0393700787402) ;
#12463=VECTOR('Line Direction',#12462,0.0393700787402) ;
#12487=VECTOR('Line Direction',#12486,0.0393700787402) ;
#12511=VECTOR('Line Direction',#12510,0.0393700787402) ;
#12535=VECTOR('Line Direction',#12534,0.0393700787402) ;
#12559=VECTOR('Line Direction',#12558,0.0393700787402) ;
#12583=VECTOR('Line Direction',#12582,0.0393700787402) ;
#12607=VECTOR('Line Direction',#12606,0.0393700787402) ;
#12631=VECTOR('Line Direction',#12630,0.0393700787402) ;
#12655=VECTOR('Line Direction',#12654,0.0393700787402) ;
#12679=VECTOR('Line Direction',#12678,0.0393700787402) ;
#12703=VECTOR('Line Direction',#12702,0.0393700787402) ;
#12727=VECTOR('Line Direction',#12726,0.0393700787402) ;
#12765=VECTOR('Line Direction',#12764,0.0393700787402) ;
#12774=VECTOR('Line Direction',#12773,0.0393700787402) ;
#12781=VECTOR('Line Direction',#12780,0.0393700787402) ;
#12788=VECTOR('Line Direction',#12787,0.0393700787402) ;
#12795=VECTOR('Line Direction',#12794,0.0393700787402) ;
#12802=VECTOR('Line Direction',#12801,0.0393700787402) ;
#12809=VECTOR('Line Direction',#12808,0.0393700787402) ;
#12816=VECTOR('Line Direction',#12815,0.0393700787402) ;
#12823=VECTOR('Line Direction',#12822,0.0393700787402) ;
#12830=VECTOR('Line Direction',#12829,0.0393700787402) ;
#12837=VECTOR('Line Direction',#12836,0.0393700787402) ;
#12844=VECTOR('Line Direction',#12843,0.0393700787402) ;
#12851=VECTOR('Line Direction',#12850,0.0393700787402) ;
#12858=VECTOR('Line Direction',#12857,0.0393700787402) ;
#12865=VECTOR('Line Direction',#12864,0.0393700787402) ;
#12872=VECTOR('Line Direction',#12871,0.0393700787402) ;
#12879=VECTOR('Line Direction',#12878,0.0393700787402) ;
#12886=VECTOR('Line Direction',#12885,0.0393700787402) ;
#12893=VECTOR('Line Direction',#12892,0.0393700787402) ;
#12900=VECTOR('Line Direction',#12899,0.0393700787402) ;
#12907=VECTOR('Line Direction',#12906,0.0393700787402) ;
#12914=VECTOR('Line Direction',#12913,0.0393700787402) ;
#12956=VECTOR('Line Direction',#12955,0.0393700787402) ;
#12961=VECTOR('Line Direction',#12960,0.0393700787402) ;
#12985=VECTOR('Line Direction',#12984,0.0393700787402) ;
#13009=VECTOR('Line Direction',#13008,0.0393700787402) ;
#13033=VECTOR('Line Direction',#13032,0.0393700787402) ;
#13057=VECTOR('Line Direction',#13056,0.0393700787402) ;
#13081=VECTOR('Line Direction',#13080,0.0393700787402) ;
#13105=VECTOR('Line Direction',#13104,0.0393700787402) ;
#13129=VECTOR('Line Direction',#13128,0.0393700787402) ;
#13153=VECTOR('Line Direction',#13152,0.0393700787402) ;
#13177=VECTOR('Line Direction',#13176,0.0393700787402) ;
#13201=VECTOR('Line Direction',#13200,0.0393700787402) ;
#13225=VECTOR('Line Direction',#13224,0.0393700787402) ;
#13249=VECTOR('Line Direction',#13248,0.0393700787402) ;
#13273=VECTOR('Line Direction',#13272,0.0393700787402) ;
#13297=VECTOR('Line Direction',#13296,0.0393700787402) ;
#13321=VECTOR('Line Direction',#13320,0.0393700787402) ;
#13345=VECTOR('Line Direction',#13344,0.0393700787402) ;
#13369=VECTOR('Line Direction',#13368,0.0393700787402) ;
#13393=VECTOR('Line Direction',#13392,0.0393700787402) ;
#13417=VECTOR('Line Direction',#13416,0.0393700787402) ;
#13441=VECTOR('Line Direction',#13440,0.0393700787402) ;
#13479=VECTOR('Line Direction',#13478,0.0393700787402) ;
#13488=VECTOR('Line Direction',#13487,0.0393700787402) ;
#13495=VECTOR('Line Direction',#13494,0.0393700787402) ;
#13502=VECTOR('Line Direction',#13501,0.0393700787402) ;
#13509=VECTOR('Line Direction',#13508,0.0393700787402) ;
#13516=VECTOR('Line Direction',#13515,0.0393700787402) ;
#13523=VECTOR('Line Direction',#13522,0.0393700787402) ;
#13530=VECTOR('Line Direction',#13529,0.0393700787402) ;
#13537=VECTOR('Line Direction',#13536,0.0393700787402) ;
#13544=VECTOR('Line Direction',#13543,0.0393700787402) ;
#13551=VECTOR('Line Direction',#13550,0.0393700787402) ;
#13558=VECTOR('Line Direction',#13557,0.0393700787402) ;
#13565=VECTOR('Line Direction',#13564,0.0393700787402) ;
#13572=VECTOR('Line Direction',#13571,0.0393700787402) ;
#13579=VECTOR('Line Direction',#13578,0.0393700787402) ;
#13586=VECTOR('Line Direction',#13585,0.0393700787402) ;
#13593=VECTOR('Line Direction',#13592,0.0393700787402) ;
#13600=VECTOR('Line Direction',#13599,0.0393700787402) ;
#13607=VECTOR('Line Direction',#13606,0.0393700787402) ;
#13614=VECTOR('Line Direction',#13613,0.0393700787402) ;
#13621=VECTOR('Line Direction',#13620,0.0393700787402) ;
#13628=VECTOR('Line Direction',#13627,0.0393700787402) ;
#13635=VECTOR('Line Direction',#13634,0.0393700787402) ;
#13642=VECTOR('Line Direction',#13641,0.0393700787402) ;
#13649=VECTOR('Line Direction',#13648,0.0393700787402) ;
#13656=VECTOR('Line Direction',#13655,0.0393700787402) ;
#13663=VECTOR('Line Direction',#13662,0.0393700787402) ;
#13670=VECTOR('Line Direction',#13669,0.0393700787402) ;
#13677=VECTOR('Line Direction',#13676,0.0393700787402) ;
#13684=VECTOR('Line Direction',#13683,0.0393700787402) ;
#13691=VECTOR('Line Direction',#13690,0.0393700787402) ;
#13698=VECTOR('Line Direction',#13697,0.0393700787402) ;
#13705=VECTOR('Line Direction',#13704,0.0393700787402) ;
#13712=VECTOR('Line Direction',#13711,0.0393700787402) ;
#13766=VECTOR('Line Direction',#13765,0.0393700787402) ;
#13771=VECTOR('Line Direction',#13770,0.0393700787402) ;
#13795=VECTOR('Line Direction',#13794,0.0393700787402) ;
#13819=VECTOR('Line Direction',#13818,0.0393700787402) ;
#13843=VECTOR('Line Direction',#13842,0.0393700787402) ;
#13867=VECTOR('Line Direction',#13866,0.0393700787402) ;
#13891=VECTOR('Line Direction',#13890,0.0393700787402) ;
#13915=VECTOR('Line Direction',#13914,0.0393700787402) ;
#13939=VECTOR('Line Direction',#13938,0.0393700787402) ;
#13963=VECTOR('Line Direction',#13962,0.0393700787402) ;
#13987=VECTOR('Line Direction',#13986,0.0393700787402) ;
#14011=VECTOR('Line Direction',#14010,0.0393700787402) ;
#14035=VECTOR('Line Direction',#14034,0.0393700787402) ;
#14059=VECTOR('Line Direction',#14058,0.0393700787402) ;
#14083=VECTOR('Line Direction',#14082,0.0393700787402) ;
#14107=VECTOR('Line Direction',#14106,0.0393700787402) ;
#14131=VECTOR('Line Direction',#14130,0.0393700787402) ;
#14155=VECTOR('Line Direction',#14154,0.0393700787402) ;
#14179=VECTOR('Line Direction',#14178,0.0393700787402) ;
#14203=VECTOR('Line Direction',#14202,0.0393700787402) ;
#14227=VECTOR('Line Direction',#14226,0.0393700787402) ;
#14251=VECTOR('Line Direction',#14250,0.0393700787402) ;
#14275=VECTOR('Line Direction',#14274,0.0393700787402) ;
#14299=VECTOR('Line Direction',#14298,0.0393700787402) ;
#14323=VECTOR('Line Direction',#14322,0.0393700787402) ;
#14347=VECTOR('Line Direction',#14346,0.0393700787402) ;
#14371=VECTOR('Line Direction',#14370,0.0393700787402) ;
#14395=VECTOR('Line Direction',#14394,0.0393700787402) ;
#14419=VECTOR('Line Direction',#14418,0.0393700787402) ;
#14443=VECTOR('Line Direction',#14442,0.0393700787402) ;
#14467=VECTOR('Line Direction',#14466,0.0393700787402) ;
#14491=VECTOR('Line Direction',#14490,0.0393700787402) ;
#14515=VECTOR('Line Direction',#14514,0.0393700787402) ;
#14539=VECTOR('Line Direction',#14538,0.0393700787402) ;
#14577=VECTOR('Line Direction',#14576,0.0393700787402) ;
#14586=VECTOR('Line Direction',#14585,0.0393700787402) ;
#14593=VECTOR('Line Direction',#14592,0.0393700787402) ;
#14600=VECTOR('Line Direction',#14599,0.0393700787402) ;
#14607=VECTOR('Line Direction',#14606,0.0393700787402) ;
#14614=VECTOR('Line Direction',#14613,0.0393700787402) ;
#14621=VECTOR('Line Direction',#14620,0.0393700787402) ;
#14628=VECTOR('Line Direction',#14627,0.0393700787402) ;
#14635=VECTOR('Line Direction',#14634,0.0393700787402) ;
#14642=VECTOR('Line Direction',#14641,0.0393700787402) ;
#14672=VECTOR('Line Direction',#14671,0.0393700787402) ;
#14677=VECTOR('Line Direction',#14676,0.0393700787402) ;
#14701=VECTOR('Line Direction',#14700,0.0393700787402) ;
#14720=VECTOR('Line Direction',#14719,0.0393700787402) ;
#14744=VECTOR('Line Direction',#14743,0.0393700787402) ;
#14763=VECTOR('Line Direction',#14762,0.0393700787402) ;
#14787=VECTOR('Line Direction',#14786,0.0393700787402) ;
#14806=VECTOR('Line Direction',#14805,0.0393700787402) ;
#14830=VECTOR('Line Direction',#14829,0.0393700787402) ;
#14849=VECTOR('Line Direction',#14848,0.0393700787402) ;
#15080=VECTOR('Line Direction',#15079,0.0393700787402) ;
#15085=VECTOR('Line Direction',#15084,0.0393700787402) ;
#15123=VECTOR('Line Direction',#15122,0.0393700787402) ;
#15128=VECTOR('Line Direction',#15127,0.0393700787402) ;
#15166=VECTOR('Line Direction',#15165,0.0393700787402) ;
#15171=VECTOR('Line Direction',#15170,0.0393700787402) ;
#15209=VECTOR('Line Direction',#15208,0.0393700787402) ;
#15214=VECTOR('Line Direction',#15213,0.0393700787402) ;
#15252=VECTOR('Line Direction',#15251,0.0393700787402) ;
#15257=VECTOR('Line Direction',#15256,0.0393700787402) ;
#15295=VECTOR('Line Direction',#15294,0.0393700787402) ;
#15300=VECTOR('Line Direction',#15299,0.0393700787402) ;
#15338=VECTOR('Line Direction',#15337,0.0393700787402) ;
#15343=VECTOR('Line Direction',#15342,0.0393700787402) ;
#15381=VECTOR('Line Direction',#15380,0.0393700787402) ;
#15386=VECTOR('Line Direction',#15385,0.0393700787402) ;
#15424=VECTOR('Line Direction',#15423,0.0393700787402) ;
#15429=VECTOR('Line Direction',#15428,0.0393700787402) ;
#15467=VECTOR('Line Direction',#15466,0.0393700787402) ;
#15472=VECTOR('Line Direction',#15471,0.0393700787402) ;
#19=UNCERTAINTY_MEASURE_WITH_UNIT(LENGTH_MEASURE(0.000196850393701),#18,'distance_accuracy_value','CONFUSED CURVE UNCERTAINTY') ;
#15504=SHAPE_REPRESENTATION_RELATIONSHIP(' ',' ',#23,#15503) ;
#69=ORIENTED_EDGE('',*,*,#48,.F.) ;
#70=ORIENTED_EDGE('',*,*,#55,.T.) ;
#71=ORIENTED_EDGE('',*,*,#62,.T.) ;
#72=ORIENTED_EDGE('',*,*,#67,.F.) ;
#86=ORIENTED_EDGE('',*,*,#62,.F.) ;
#87=ORIENTED_EDGE('',*,*,#79,.T.) ;
#88=ORIENTED_EDGE('',*,*,#48,.T.) ;
#89=ORIENTED_EDGE('',*,*,#84,.F.) ;
#126=ORIENTED_EDGE('',*,*,#105,.F.) ;
#127=ORIENTED_EDGE('',*,*,#112,.T.) ;
#128=ORIENTED_EDGE('',*,*,#119,.T.) ;
#129=ORIENTED_EDGE('',*,*,#124,.F.) ;
#143=ORIENTED_EDGE('',*,*,#136,.F.) ;
#144=ORIENTED_EDGE('',*,*,#124,.T.) ;
#145=ORIENTED_EDGE('',*,*,#141,.T.) ;
#146=ORIENTED_EDGE('',*,*,#112,.F.) ;
#183=ORIENTED_EDGE('',*,*,#162,.F.) ;
#184=ORIENTED_EDGE('',*,*,#169,.T.) ;
#185=ORIENTED_EDGE('',*,*,#176,.T.) ;
#186=ORIENTED_EDGE('',*,*,#181,.F.) ;
#200=ORIENTED_EDGE('',*,*,#193,.F.) ;
#201=ORIENTED_EDGE('',*,*,#181,.T.) ;
#202=ORIENTED_EDGE('',*,*,#198,.T.) ;
#203=ORIENTED_EDGE('',*,*,#169,.F.) ;
#231=ORIENTED_EDGE('',*,*,#176,.F.) ;
#232=ORIENTED_EDGE('',*,*,#217,.T.) ;
#233=ORIENTED_EDGE('',*,*,#224,.T.) ;
#234=ORIENTED_EDGE('',*,*,#229,.F.) ;
#243=ORIENTED_EDGE('',*,*,#198,.F.) ;
#244=ORIENTED_EDGE('',*,*,#229,.T.) ;
#245=ORIENTED_EDGE('',*,*,#241,.T.) ;
#246=ORIENTED_EDGE('',*,*,#217,.F.) ;
#281=ORIENTED_EDGE('',*,*,#260,.F.) ;
#282=ORIENTED_EDGE('',*,*,#224,.F.) ;
#283=ORIENTED_EDGE('',*,*,#267,.T.) ;
#284=ORIENTED_EDGE('',*,*,#274,.F.) ;
#285=ORIENTED_EDGE('',*,*,#279,.T.) ;
#301=ORIENTED_EDGE('',*,*,#267,.F.) ;
#302=ORIENTED_EDGE('',*,*,#241,.F.) ;
#303=ORIENTED_EDGE('',*,*,#260,.T.) ;
#304=ORIENTED_EDGE('',*,*,#294,.F.) ;
#305=ORIENTED_EDGE('',*,*,#299,.T.) ;
#333=ORIENTED_EDGE('',*,*,#319,.F.) ;
#334=ORIENTED_EDGE('',*,*,#326,.F.) ;
#335=ORIENTED_EDGE('',*,*,#331,.T.) ;
#336=ORIENTED_EDGE('',*,*,#294,.T.) ;
#337=ORIENTED_EDGE('',*,*,#279,.F.) ;
#374=ORIENTED_EDGE('',*,*,#353,.F.) ;
#375=ORIENTED_EDGE('',*,*,#360,.T.) ;
#376=ORIENTED_EDGE('',*,*,#367,.T.) ;
#377=ORIENTED_EDGE('',*,*,#372,.F.) ;
#391=ORIENTED_EDGE('',*,*,#384,.F.) ;
#392=ORIENTED_EDGE('',*,*,#372,.T.) ;
#393=ORIENTED_EDGE('',*,*,#389,.T.) ;
#394=ORIENTED_EDGE('',*,*,#360,.F.) ;
#417=ORIENTED_EDGE('',*,*,#410,.T.) ;
#418=ORIENTED_EDGE('',*,*,#415,.T.) ;
#421=ORIENTED_EDGE('',*,*,#367,.F.) ;
#422=ORIENTED_EDGE('',*,*,#389,.F.) ;
#436=ORIENTED_EDGE('',*,*,#434,.T.) ;
#437=ORIENTED_EDGE('',*,*,#326,.T.) ;
#440=ORIENTED_EDGE('',*,*,#384,.T.) ;
#441=ORIENTED_EDGE('',*,*,#353,.T.) ;
#445=ORIENTED_EDGE('',*,*,#331,.F.) ;
#446=ORIENTED_EDGE('',*,*,#434,.F.) ;
#447=ORIENTED_EDGE('',*,*,#319,.T.) ;
#448=ORIENTED_EDGE('',*,*,#274,.T.) ;
#449=ORIENTED_EDGE('',*,*,#299,.F.) ;
#477=ORIENTED_EDGE('',*,*,#410,.F.) ;
#478=ORIENTED_EDGE('',*,*,#463,.T.) ;
#479=ORIENTED_EDGE('',*,*,#470,.T.) ;
#480=ORIENTED_EDGE('',*,*,#475,.F.) ;
#489=ORIENTED_EDGE('',*,*,#415,.F.) ;
#490=ORIENTED_EDGE('',*,*,#475,.T.) ;
#491=ORIENTED_EDGE('',*,*,#487,.T.) ;
#492=ORIENTED_EDGE('',*,*,#463,.F.) ;
#501=ORIENTED_EDGE('',*,*,#105,.T.) ;
#502=ORIENTED_EDGE('',*,*,#136,.T.) ;
#505=ORIENTED_EDGE('',*,*,#79,.F.) ;
#506=ORIENTED_EDGE('',*,*,#55,.F.) ;
#509=ORIENTED_EDGE('',*,*,#487,.F.) ;
#510=ORIENTED_EDGE('',*,*,#470,.F.) ;
#527=ORIENTED_EDGE('',*,*,#520,.F.) ;
#528=ORIENTED_EDGE('',*,*,#525,.F.) ;
#545=ORIENTED_EDGE('',*,*,#538,.F.) ;
#546=ORIENTED_EDGE('',*,*,#543,.F.) ;
#563=ORIENTED_EDGE('',*,*,#556,.F.) ;
#564=ORIENTED_EDGE('',*,*,#561,.F.) ;
#592=ORIENTED_EDGE('',*,*,#578,.F.) ;
#593=ORIENTED_EDGE('',*,*,#556,.T.) ;
#594=ORIENTED_EDGE('',*,*,#585,.T.) ;
#595=ORIENTED_EDGE('',*,*,#590,.F.) ;
#604=ORIENTED_EDGE('',*,*,#585,.F.) ;
#605=ORIENTED_EDGE('',*,*,#561,.T.) ;
#606=ORIENTED_EDGE('',*,*,#578,.T.) ;
#607=ORIENTED_EDGE('',*,*,#602,.F.) ;
#635=ORIENTED_EDGE('',*,*,#621,.F.) ;
#636=ORIENTED_EDGE('',*,*,#538,.T.) ;
#637=ORIENTED_EDGE('',*,*,#628,.T.) ;
#638=ORIENTED_EDGE('',*,*,#633,.F.) ;
#647=ORIENTED_EDGE('',*,*,#628,.F.) ;
#648=ORIENTED_EDGE('',*,*,#543,.T.) ;
#649=ORIENTED_EDGE('',*,*,#621,.T.) ;
#650=ORIENTED_EDGE('',*,*,#645,.F.) ;
#678=ORIENTED_EDGE('',*,*,#664,.F.) ;
#679=ORIENTED_EDGE('',*,*,#520,.T.) ;
#680=ORIENTED_EDGE('',*,*,#671,.T.) ;
#681=ORIENTED_EDGE('',*,*,#676,.F.) ;
#690=ORIENTED_EDGE('',*,*,#671,.F.) ;
#691=ORIENTED_EDGE('',*,*,#525,.T.) ;
#692=ORIENTED_EDGE('',*,*,#664,.T.) ;
#693=ORIENTED_EDGE('',*,*,#688,.F.) ;
#702=ORIENTED_EDGE('',*,*,#141,.F.) ;
#703=ORIENTED_EDGE('',*,*,#119,.F.) ;
#706=ORIENTED_EDGE('',*,*,#67,.T.) ;
#707=ORIENTED_EDGE('',*,*,#84,.T.) ;
#710=ORIENTED_EDGE('',*,*,#193,.T.) ;
#711=ORIENTED_EDGE('',*,*,#162,.T.) ;
#714=ORIENTED_EDGE('',*,*,#688,.T.) ;
#715=ORIENTED_EDGE('',*,*,#676,.T.) ;
#718=ORIENTED_EDGE('',*,*,#645,.T.) ;
#719=ORIENTED_EDGE('',*,*,#633,.T.) ;
#722=ORIENTED_EDGE('',*,*,#602,.T.) ;
#723=ORIENTED_EDGE('',*,*,#590,.T.) ;
#740=ORIENTED_EDGE('',*,*,#733,.T.) ;
#741=ORIENTED_EDGE('',*,*,#738,.T.) ;
#759=ORIENTED_EDGE('',*,*,#752,.F.) ;
#760=ORIENTED_EDGE('',*,*,#757,.F.) ;
#1589=ORIENTED_EDGE('',*,*,#770,.T.) ;
#1590=ORIENTED_EDGE('',*,*,#777,.T.) ;
#1591=ORIENTED_EDGE('',*,*,#784,.T.) ;
#1592=ORIENTED_EDGE('',*,*,#791,.T.) ;
#1593=ORIENTED_EDGE('',*,*,#798,.T.) ;
#1594=ORIENTED_EDGE('',*,*,#805,.T.) ;
#1595=ORIENTED_EDGE('',*,*,#812,.T.) ;
#1596=ORIENTED_EDGE('',*,*,#819,.T.) ;
#1597=ORIENTED_EDGE('',*,*,#826,.T.) ;
#1598=ORIENTED_EDGE('',*,*,#833,.T.) ;
#1599=ORIENTED_EDGE('',*,*,#840,.T.) ;
#1600=ORIENTED_EDGE('',*,*,#847,.T.) ;
#1601=ORIENTED_EDGE('',*,*,#854,.T.) ;
#1602=ORIENTED_EDGE('',*,*,#861,.T.) ;
#1603=ORIENTED_EDGE('',*,*,#868,.T.) ;
#1604=ORIENTED_EDGE('',*,*,#875,.T.) ;
#1605=ORIENTED_EDGE('',*,*,#882,.T.) ;
#1606=ORIENTED_EDGE('',*,*,#889,.T.) ;
#1607=ORIENTED_EDGE('',*,*,#896,.T.) ;
#1608=ORIENTED_EDGE('',*,*,#903,.T.) ;
#1609=ORIENTED_EDGE('',*,*,#910,.T.) ;
#1610=ORIENTED_EDGE('',*,*,#917,.T.) ;
#1611=ORIENTED_EDGE('',*,*,#924,.T.) ;
#1612=ORIENTED_EDGE('',*,*,#931,.T.) ;
#1613=ORIENTED_EDGE('',*,*,#938,.T.) ;
#1614=ORIENTED_EDGE('',*,*,#945,.T.) ;
#1615=ORIENTED_EDGE('',*,*,#952,.T.) ;
#1616=ORIENTED_EDGE('',*,*,#959,.T.) ;
#1617=ORIENTED_EDGE('',*,*,#966,.T.) ;
#1618=ORIENTED_EDGE('',*,*,#973,.T.) ;
#1619=ORIENTED_EDGE('',*,*,#980,.T.) ;
#1620=ORIENTED_EDGE('',*,*,#987,.T.) ;
#1621=ORIENTED_EDGE('',*,*,#994,.T.) ;
#1622=ORIENTED_EDGE('',*,*,#1001,.T.) ;
#1623=ORIENTED_EDGE('',*,*,#1008,.T.) ;
#1624=ORIENTED_EDGE('',*,*,#1015,.T.) ;
#1625=ORIENTED_EDGE('',*,*,#1022,.T.) ;
#1626=ORIENTED_EDGE('',*,*,#1029,.T.) ;
#1627=ORIENTED_EDGE('',*,*,#1036,.T.) ;
#1628=ORIENTED_EDGE('',*,*,#1043,.T.) ;
#1629=ORIENTED_EDGE('',*,*,#1050,.T.) ;
#1630=ORIENTED_EDGE('',*,*,#1057,.T.) ;
#1631=ORIENTED_EDGE('',*,*,#1064,.T.) ;
#1632=ORIENTED_EDGE('',*,*,#1071,.T.) ;
#1633=ORIENTED_EDGE('',*,*,#1078,.T.) ;
#1634=ORIENTED_EDGE('',*,*,#1085,.T.) ;
#1635=ORIENTED_EDGE('',*,*,#1092,.T.) ;
#1636=ORIENTED_EDGE('',*,*,#1099,.T.) ;
#1637=ORIENTED_EDGE('',*,*,#1106,.T.) ;
#1638=ORIENTED_EDGE('',*,*,#1113,.T.) ;
#1639=ORIENTED_EDGE('',*,*,#1120,.T.) ;
#1640=ORIENTED_EDGE('',*,*,#1127,.T.) ;
#1641=ORIENTED_EDGE('',*,*,#1134,.T.) ;
#1642=ORIENTED_EDGE('',*,*,#1141,.T.) ;
#1643=ORIENTED_EDGE('',*,*,#1148,.T.) ;
#1644=ORIENTED_EDGE('',*,*,#1155,.T.) ;
#1645=ORIENTED_EDGE('',*,*,#1162,.T.) ;
#1646=ORIENTED_EDGE('',*,*,#1169,.T.) ;
#1647=ORIENTED_EDGE('',*,*,#1176,.T.) ;
#1648=ORIENTED_EDGE('',*,*,#1183,.T.) ;
#1649=ORIENTED_EDGE('',*,*,#1190,.T.) ;
#1650=ORIENTED_EDGE('',*,*,#1197,.T.) ;
#1651=ORIENTED_EDGE('',*,*,#1204,.T.) ;
#1652=ORIENTED_EDGE('',*,*,#1211,.T.) ;
#1653=ORIENTED_EDGE('',*,*,#1218,.T.) ;
#1654=ORIENTED_EDGE('',*,*,#1225,.T.) ;
#1655=ORIENTED_EDGE('',*,*,#1232,.T.) ;
#1656=ORIENTED_EDGE('',*,*,#1239,.T.) ;
#1657=ORIENTED_EDGE('',*,*,#1246,.T.) ;
#1658=ORIENTED_EDGE('',*,*,#1253,.T.) ;
#1659=ORIENTED_EDGE('',*,*,#1260,.T.) ;
#1660=ORIENTED_EDGE('',*,*,#1267,.T.) ;
#1661=ORIENTED_EDGE('',*,*,#1274,.T.) ;
#1662=ORIENTED_EDGE('',*,*,#1281,.T.) ;
#1663=ORIENTED_EDGE('',*,*,#1288,.T.) ;
#1664=ORIENTED_EDGE('',*,*,#1295,.T.) ;
#1665=ORIENTED_EDGE('',*,*,#1302,.T.) ;
#1666=ORIENTED_EDGE('',*,*,#1309,.T.) ;
#1667=ORIENTED_EDGE('',*,*,#1316,.T.) ;
#1668=ORIENTED_EDGE('',*,*,#1323,.T.) ;
#1669=ORIENTED_EDGE('',*,*,#1330,.T.) ;
#1670=ORIENTED_EDGE('',*,*,#1337,.T.) ;
#1671=ORIENTED_EDGE('',*,*,#1344,.T.) ;
#1672=ORIENTED_EDGE('',*,*,#1351,.T.) ;
#1673=ORIENTED_EDGE('',*,*,#1358,.T.) ;
#1674=ORIENTED_EDGE('',*,*,#1365,.T.) ;
#1675=ORIENTED_EDGE('',*,*,#1372,.T.) ;
#1676=ORIENTED_EDGE('',*,*,#1379,.T.) ;
#1677=ORIENTED_EDGE('',*,*,#1386,.T.) ;
#1678=ORIENTED_EDGE('',*,*,#1393,.T.) ;
#1679=ORIENTED_EDGE('',*,*,#1400,.T.) ;
#1680=ORIENTED_EDGE('',*,*,#1407,.T.) ;
#1681=ORIENTED_EDGE('',*,*,#1414,.T.) ;
#1682=ORIENTED_EDGE('',*,*,#1421,.T.) ;
#1683=ORIENTED_EDGE('',*,*,#1428,.T.) ;
#1684=ORIENTED_EDGE('',*,*,#1435,.T.) ;
#1685=ORIENTED_EDGE('',*,*,#1442,.T.) ;
#1686=ORIENTED_EDGE('',*,*,#1449,.T.) ;
#1687=ORIENTED_EDGE('',*,*,#1456,.T.) ;
#1688=ORIENTED_EDGE('',*,*,#1463,.T.) ;
#1689=ORIENTED_EDGE('',*,*,#1470,.T.) ;
#1690=ORIENTED_EDGE('',*,*,#1477,.T.) ;
#1691=ORIENTED_EDGE('',*,*,#1484,.T.) ;
#1692=ORIENTED_EDGE('',*,*,#1491,.T.) ;
#1693=ORIENTED_EDGE('',*,*,#1498,.T.) ;
#1694=ORIENTED_EDGE('',*,*,#1505,.T.) ;
#1695=ORIENTED_EDGE('',*,*,#1512,.T.) ;
#1696=ORIENTED_EDGE('',*,*,#1519,.T.) ;
#1697=ORIENTED_EDGE('',*,*,#1526,.T.) ;
#1698=ORIENTED_EDGE('',*,*,#1533,.T.) ;
#1699=ORIENTED_EDGE('',*,*,#1540,.T.) ;
#1700=ORIENTED_EDGE('',*,*,#1547,.T.) ;
#1701=ORIENTED_EDGE('',*,*,#1554,.T.) ;
#1702=ORIENTED_EDGE('',*,*,#1561,.T.) ;
#1703=ORIENTED_EDGE('',*,*,#1568,.T.) ;
#1704=ORIENTED_EDGE('',*,*,#1575,.T.) ;
#1705=ORIENTED_EDGE('',*,*,#1582,.T.) ;
#1706=ORIENTED_EDGE('',*,*,#1587,.T.) ;
#1863=ORIENTED_EDGE('',*,*,#1716,.T.) ;
#1864=ORIENTED_EDGE('',*,*,#1723,.T.) ;
#1865=ORIENTED_EDGE('',*,*,#1730,.T.) ;
#1866=ORIENTED_EDGE('',*,*,#1737,.T.) ;
#1867=ORIENTED_EDGE('',*,*,#1744,.T.) ;
#1868=ORIENTED_EDGE('',*,*,#1751,.T.) ;
#1869=ORIENTED_EDGE('',*,*,#1758,.T.) ;
#1870=ORIENTED_EDGE('',*,*,#1765,.T.) ;
#1871=ORIENTED_EDGE('',*,*,#1772,.T.) ;
#1872=ORIENTED_EDGE('',*,*,#1779,.T.) ;
#1873=ORIENTED_EDGE('',*,*,#1786,.T.) ;
#1874=ORIENTED_EDGE('',*,*,#1793,.T.) ;
#1875=ORIENTED_EDGE('',*,*,#1800,.T.) ;
#1876=ORIENTED_EDGE('',*,*,#1807,.T.) ;
#1877=ORIENTED_EDGE('',*,*,#1814,.T.) ;
#1878=ORIENTED_EDGE('',*,*,#1821,.T.) ;
#1879=ORIENTED_EDGE('',*,*,#1828,.T.) ;
#1880=ORIENTED_EDGE('',*,*,#1835,.T.) ;
#1881=ORIENTED_EDGE('',*,*,#1842,.T.) ;
#1882=ORIENTED_EDGE('',*,*,#1849,.T.) ;
#1883=ORIENTED_EDGE('',*,*,#1856,.T.) ;
#1884=ORIENTED_EDGE('',*,*,#1861,.T.) ;
#2125=ORIENTED_EDGE('',*,*,#1894,.T.) ;
#2126=ORIENTED_EDGE('',*,*,#1901,.T.) ;
#2127=ORIENTED_EDGE('',*,*,#1908,.T.) ;
#2128=ORIENTED_EDGE('',*,*,#1915,.T.) ;
#2129=ORIENTED_EDGE('',*,*,#1922,.T.) ;
#2130=ORIENTED_EDGE('',*,*,#1929,.T.) ;
#2131=ORIENTED_EDGE('',*,*,#1936,.T.) ;
#2132=ORIENTED_EDGE('',*,*,#1943,.T.) ;
#2133=ORIENTED_EDGE('',*,*,#1950,.T.) ;
#2134=ORIENTED_EDGE('',*,*,#1957,.T.) ;
#2135=ORIENTED_EDGE('',*,*,#1964,.T.) ;
#2136=ORIENTED_EDGE('',*,*,#1971,.T.) ;
#2137=ORIENTED_EDGE('',*,*,#1978,.T.) ;
#2138=ORIENTED_EDGE('',*,*,#1985,.T.) ;
#2139=ORIENTED_EDGE('',*,*,#1992,.T.) ;
#2140=ORIENTED_EDGE('',*,*,#1999,.T.) ;
#2141=ORIENTED_EDGE('',*,*,#2006,.T.) ;
#2142=ORIENTED_EDGE('',*,*,#2013,.T.) ;
#2143=ORIENTED_EDGE('',*,*,#2020,.T.) ;
#2144=ORIENTED_EDGE('',*,*,#2027,.T.) ;
#2145=ORIENTED_EDGE('',*,*,#2034,.T.) ;
#2146=ORIENTED_EDGE('',*,*,#2041,.T.) ;
#2147=ORIENTED_EDGE('',*,*,#2048,.T.) ;
#2148=ORIENTED_EDGE('',*,*,#2055,.T.) ;
#2149=ORIENTED_EDGE('',*,*,#2062,.T.) ;
#2150=ORIENTED_EDGE('',*,*,#2069,.T.) ;
#2151=ORIENTED_EDGE('',*,*,#2076,.T.) ;
#2152=ORIENTED_EDGE('',*,*,#2083,.T.) ;
#2153=ORIENTED_EDGE('',*,*,#2090,.T.) ;
#2154=ORIENTED_EDGE('',*,*,#2097,.T.) ;
#2155=ORIENTED_EDGE('',*,*,#2104,.T.) ;
#2156=ORIENTED_EDGE('',*,*,#2111,.T.) ;
#2157=ORIENTED_EDGE('',*,*,#2118,.T.) ;
#2158=ORIENTED_EDGE('',*,*,#2123,.T.) ;
#3127=ORIENTED_EDGE('',*,*,#2168,.T.) ;
#3128=ORIENTED_EDGE('',*,*,#2175,.T.) ;
#3129=ORIENTED_EDGE('',*,*,#2182,.T.) ;
#3130=ORIENTED_EDGE('',*,*,#2189,.T.) ;
#3131=ORIENTED_EDGE('',*,*,#2196,.T.) ;
#3132=ORIENTED_EDGE('',*,*,#2203,.T.) ;
#3133=ORIENTED_EDGE('',*,*,#2210,.T.) ;
#3134=ORIENTED_EDGE('',*,*,#2217,.T.) ;
#3135=ORIENTED_EDGE('',*,*,#2224,.T.) ;
#3136=ORIENTED_EDGE('',*,*,#2231,.T.) ;
#3137=ORIENTED_EDGE('',*,*,#2238,.T.) ;
#3138=ORIENTED_EDGE('',*,*,#2245,.T.) ;
#3139=ORIENTED_EDGE('',*,*,#2252,.T.) ;
#3140=ORIENTED_EDGE('',*,*,#2259,.T.) ;
#3141=ORIENTED_EDGE('',*,*,#2266,.T.) ;
#3142=ORIENTED_EDGE('',*,*,#2273,.T.) ;
#3143=ORIENTED_EDGE('',*,*,#2280,.T.) ;
#3144=ORIENTED_EDGE('',*,*,#2287,.T.) ;
#3145=ORIENTED_EDGE('',*,*,#2294,.T.) ;
#3146=ORIENTED_EDGE('',*,*,#2301,.T.) ;
#3147=ORIENTED_EDGE('',*,*,#2308,.T.) ;
#3148=ORIENTED_EDGE('',*,*,#2315,.T.) ;
#3149=ORIENTED_EDGE('',*,*,#2322,.T.) ;
#3150=ORIENTED_EDGE('',*,*,#2329,.T.) ;
#3151=ORIENTED_EDGE('',*,*,#2336,.T.) ;
#3152=ORIENTED_EDGE('',*,*,#2343,.T.) ;
#3153=ORIENTED_EDGE('',*,*,#2350,.T.) ;
#3154=ORIENTED_EDGE('',*,*,#2357,.T.) ;
#3155=ORIENTED_EDGE('',*,*,#2364,.T.) ;
#3156=ORIENTED_EDGE('',*,*,#2371,.T.) ;
#3157=ORIENTED_EDGE('',*,*,#2378,.T.) ;
#3158=ORIENTED_EDGE('',*,*,#2385,.T.) ;
#3159=ORIENTED_EDGE('',*,*,#2392,.T.) ;
#3160=ORIENTED_EDGE('',*,*,#2399,.T.) ;
#3161=ORIENTED_EDGE('',*,*,#2406,.T.) ;
#3162=ORIENTED_EDGE('',*,*,#2413,.T.) ;
#3163=ORIENTED_EDGE('',*,*,#2420,.T.) ;
#3164=ORIENTED_EDGE('',*,*,#2427,.T.) ;
#3165=ORIENTED_EDGE('',*,*,#2434,.T.) ;
#3166=ORIENTED_EDGE('',*,*,#2441,.T.) ;
#3167=ORIENTED_EDGE('',*,*,#2448,.T.) ;
#3168=ORIENTED_EDGE('',*,*,#2455,.T.) ;
#3169=ORIENTED_EDGE('',*,*,#2462,.T.) ;
#3170=ORIENTED_EDGE('',*,*,#2469,.T.) ;
#3171=ORIENTED_EDGE('',*,*,#2476,.T.) ;
#3172=ORIENTED_EDGE('',*,*,#2483,.T.) ;
#3173=ORIENTED_EDGE('',*,*,#2490,.T.) ;
#3174=ORIENTED_EDGE('',*,*,#2497,.T.) ;
#3175=ORIENTED_EDGE('',*,*,#2504,.T.) ;
#3176=ORIENTED_EDGE('',*,*,#2511,.T.) ;
#3177=ORIENTED_EDGE('',*,*,#2518,.T.) ;
#3178=ORIENTED_EDGE('',*,*,#2525,.T.) ;
#3179=ORIENTED_EDGE('',*,*,#2532,.T.) ;
#3180=ORIENTED_EDGE('',*,*,#2539,.T.) ;
#3181=ORIENTED_EDGE('',*,*,#2546,.T.) ;
#3182=ORIENTED_EDGE('',*,*,#2553,.T.) ;
#3183=ORIENTED_EDGE('',*,*,#2560,.T.) ;
#3184=ORIENTED_EDGE('',*,*,#2567,.T.) ;
#3185=ORIENTED_EDGE('',*,*,#2574,.T.) ;
#3186=ORIENTED_EDGE('',*,*,#2581,.T.) ;
#3187=ORIENTED_EDGE('',*,*,#2588,.T.) ;
#3188=ORIENTED_EDGE('',*,*,#2595,.T.) ;
#3189=ORIENTED_EDGE('',*,*,#2602,.T.) ;
#3190=ORIENTED_EDGE('',*,*,#2609,.T.) ;
#3191=ORIENTED_EDGE('',*,*,#2616,.T.) ;
#3192=ORIENTED_EDGE('',*,*,#2623,.T.) ;
#3193=ORIENTED_EDGE('',*,*,#2630,.T.) ;
#3194=ORIENTED_EDGE('',*,*,#2637,.T.) ;
#3195=ORIENTED_EDGE('',*,*,#2644,.T.) ;
#3196=ORIENTED_EDGE('',*,*,#2651,.T.) ;
#3197=ORIENTED_EDGE('',*,*,#2658,.T.) ;
#3198=ORIENTED_EDGE('',*,*,#2665,.T.) ;
#3199=ORIENTED_EDGE('',*,*,#2672,.T.) ;
#3200=ORIENTED_EDGE('',*,*,#2679,.T.) ;
#3201=ORIENTED_EDGE('',*,*,#2686,.T.) ;
#3202=ORIENTED_EDGE('',*,*,#2693,.T.) ;
#3203=ORIENTED_EDGE('',*,*,#2700,.T.) ;
#3204=ORIENTED_EDGE('',*,*,#2707,.T.) ;
#3205=ORIENTED_EDGE('',*,*,#2714,.T.) ;
#3206=ORIENTED_EDGE('',*,*,#2721,.T.) ;
#3207=ORIENTED_EDGE('',*,*,#2728,.T.) ;
#3208=ORIENTED_EDGE('',*,*,#2735,.T.) ;
#3209=ORIENTED_EDGE('',*,*,#2742,.T.) ;
#3210=ORIENTED_EDGE('',*,*,#2749,.T.) ;
#3211=ORIENTED_EDGE('',*,*,#2756,.T.) ;
#3212=ORIENTED_EDGE('',*,*,#2763,.T.) ;
#3213=ORIENTED_EDGE('',*,*,#2770,.T.) ;
#3214=ORIENTED_EDGE('',*,*,#2777,.T.) ;
#3215=ORIENTED_EDGE('',*,*,#2784,.T.) ;
#3216=ORIENTED_EDGE('',*,*,#2791,.T.) ;
#3217=ORIENTED_EDGE('',*,*,#2798,.T.) ;
#3218=ORIENTED_EDGE('',*,*,#2805,.T.) ;
#3219=ORIENTED_EDGE('',*,*,#2812,.T.) ;
#3220=ORIENTED_EDGE('',*,*,#2819,.T.) ;
#3221=ORIENTED_EDGE('',*,*,#2826,.T.) ;
#3222=ORIENTED_EDGE('',*,*,#2833,.T.) ;
#3223=ORIENTED_EDGE('',*,*,#2840,.T.) ;
#3224=ORIENTED_EDGE('',*,*,#2847,.T.) ;
#3225=ORIENTED_EDGE('',*,*,#2854,.T.) ;
#3226=ORIENTED_EDGE('',*,*,#2861,.T.) ;
#3227=ORIENTED_EDGE('',*,*,#2868,.T.) ;
#3228=ORIENTED_EDGE('',*,*,#2875,.T.) ;
#3229=ORIENTED_EDGE('',*,*,#2882,.T.) ;
#3230=ORIENTED_EDGE('',*,*,#2889,.T.) ;
#3231=ORIENTED_EDGE('',*,*,#2896,.T.) ;
#3232=ORIENTED_EDGE('',*,*,#2903,.T.) ;
#3233=ORIENTED_EDGE('',*,*,#2910,.T.) ;
#3234=ORIENTED_EDGE('',*,*,#2917,.T.) ;
#3235=ORIENTED_EDGE('',*,*,#2924,.T.) ;
#3236=ORIENTED_EDGE('',*,*,#2931,.T.) ;
#3237=ORIENTED_EDGE('',*,*,#2938,.T.) ;
#3238=ORIENTED_EDGE('',*,*,#2945,.T.) ;
#3239=ORIENTED_EDGE('',*,*,#2952,.T.) ;
#3240=ORIENTED_EDGE('',*,*,#2959,.T.) ;
#3241=ORIENTED_EDGE('',*,*,#2966,.T.) ;
#3242=ORIENTED_EDGE('',*,*,#2973,.T.) ;
#3243=ORIENTED_EDGE('',*,*,#2980,.T.) ;
#3244=ORIENTED_EDGE('',*,*,#2987,.T.) ;
#3245=ORIENTED_EDGE('',*,*,#2994,.T.) ;
#3246=ORIENTED_EDGE('',*,*,#3001,.T.) ;
#3247=ORIENTED_EDGE('',*,*,#3008,.T.) ;
#3248=ORIENTED_EDGE('',*,*,#3015,.T.) ;
#3249=ORIENTED_EDGE('',*,*,#3022,.T.) ;
#3250=ORIENTED_EDGE('',*,*,#3029,.T.) ;
#3251=ORIENTED_EDGE('',*,*,#3036,.T.) ;
#3252=ORIENTED_EDGE('',*,*,#3043,.T.) ;
#3253=ORIENTED_EDGE('',*,*,#3050,.T.) ;
#3254=ORIENTED_EDGE('',*,*,#3057,.T.) ;
#3255=ORIENTED_EDGE('',*,*,#3064,.T.) ;
#3256=ORIENTED_EDGE('',*,*,#3071,.T.) ;
#3257=ORIENTED_EDGE('',*,*,#3078,.T.) ;
#3258=ORIENTED_EDGE('',*,*,#3085,.T.) ;
#3259=ORIENTED_EDGE('',*,*,#3092,.T.) ;
#3260=ORIENTED_EDGE('',*,*,#3099,.T.) ;
#3261=ORIENTED_EDGE('',*,*,#3106,.T.) ;
#3262=ORIENTED_EDGE('',*,*,#3113,.T.) ;
#3263=ORIENTED_EDGE('',*,*,#3120,.T.) ;
#3264=ORIENTED_EDGE('',*,*,#3125,.T.) ;
#3421=ORIENTED_EDGE('',*,*,#3274,.T.) ;
#3422=ORIENTED_EDGE('',*,*,#3281,.T.) ;
#3423=ORIENTED_EDGE('',*,*,#3288,.T.) ;
#3424=ORIENTED_EDGE('',*,*,#3295,.T.) ;
#3425=ORIENTED_EDGE('',*,*,#3302,.T.) ;
#3426=ORIENTED_EDGE('',*,*,#3309,.T.) ;
#3427=ORIENTED_EDGE('',*,*,#3316,.T.) ;
#3428=ORIENTED_EDGE('',*,*,#3323,.T.) ;
#3429=ORIENTED_EDGE('',*,*,#3330,.T.) ;
#3430=ORIENTED_EDGE('',*,*,#3337,.T.) ;
#3431=ORIENTED_EDGE('',*,*,#3344,.T.) ;
#3432=ORIENTED_EDGE('',*,*,#3351,.T.) ;
#3433=ORIENTED_EDGE('',*,*,#3358,.T.) ;
#3434=ORIENTED_EDGE('',*,*,#3365,.T.) ;
#3435=ORIENTED_EDGE('',*,*,#3372,.T.) ;
#3436=ORIENTED_EDGE('',*,*,#3379,.T.) ;
#3437=ORIENTED_EDGE('',*,*,#3386,.T.) ;
#3438=ORIENTED_EDGE('',*,*,#3393,.T.) ;
#3439=ORIENTED_EDGE('',*,*,#3400,.T.) ;
#3440=ORIENTED_EDGE('',*,*,#3407,.T.) ;
#3441=ORIENTED_EDGE('',*,*,#3414,.T.) ;
#3442=ORIENTED_EDGE('',*,*,#3419,.T.) ;
#3473=ORIENTED_EDGE('',*,*,#3452,.T.) ;
#3474=ORIENTED_EDGE('',*,*,#3459,.T.) ;
#3475=ORIENTED_EDGE('',*,*,#3466,.T.) ;
#3476=ORIENTED_EDGE('',*,*,#3471,.T.) ;
#3549=ORIENTED_EDGE('',*,*,#3486,.T.) ;
#3550=ORIENTED_EDGE('',*,*,#3493,.T.) ;
#3551=ORIENTED_EDGE('',*,*,#3500,.T.) ;
#3552=ORIENTED_EDGE('',*,*,#3507,.T.) ;
#3553=ORIENTED_EDGE('',*,*,#3514,.T.) ;
#3554=ORIENTED_EDGE('',*,*,#3521,.T.) ;
#3555=ORIENTED_EDGE('',*,*,#3528,.T.) ;
#3556=ORIENTED_EDGE('',*,*,#3535,.T.) ;
#3557=ORIENTED_EDGE('',*,*,#3542,.T.) ;
#3558=ORIENTED_EDGE('',*,*,#3547,.T.) ;
#3576=ORIENTED_EDGE('',*,*,#3569,.F.) ;
#3577=ORIENTED_EDGE('',*,*,#3574,.F.) ;
#3595=ORIENTED_EDGE('',*,*,#3588,.F.) ;
#3596=ORIENTED_EDGE('',*,*,#3593,.F.) ;
#3614=ORIENTED_EDGE('',*,*,#3607,.F.) ;
#3615=ORIENTED_EDGE('',*,*,#3612,.F.) ;
#3633=ORIENTED_EDGE('',*,*,#3626,.F.) ;
#3634=ORIENTED_EDGE('',*,*,#3631,.F.) ;
#3652=ORIENTED_EDGE('',*,*,#3645,.F.) ;
#3653=ORIENTED_EDGE('',*,*,#3650,.F.) ;
#3671=ORIENTED_EDGE('',*,*,#3664,.F.) ;
#3672=ORIENTED_EDGE('',*,*,#3669,.F.) ;
#3690=ORIENTED_EDGE('',*,*,#3683,.F.) ;
#3691=ORIENTED_EDGE('',*,*,#3688,.F.) ;
#3709=ORIENTED_EDGE('',*,*,#3702,.F.) ;
#3710=ORIENTED_EDGE('',*,*,#3707,.F.) ;
#4685=ORIENTED_EDGE('',*,*,#3726,.T.) ;
#4686=ORIENTED_EDGE('',*,*,#3733,.T.) ;
#4687=ORIENTED_EDGE('',*,*,#3740,.T.) ;
#4688=ORIENTED_EDGE('',*,*,#3747,.T.) ;
#4689=ORIENTED_EDGE('',*,*,#3754,.T.) ;
#4690=ORIENTED_EDGE('',*,*,#3761,.T.) ;
#4691=ORIENTED_EDGE('',*,*,#3768,.T.) ;
#4692=ORIENTED_EDGE('',*,*,#3775,.T.) ;
#4693=ORIENTED_EDGE('',*,*,#3782,.T.) ;
#4694=ORIENTED_EDGE('',*,*,#3789,.T.) ;
#4695=ORIENTED_EDGE('',*,*,#3796,.T.) ;
#4696=ORIENTED_EDGE('',*,*,#3803,.T.) ;
#4697=ORIENTED_EDGE('',*,*,#3810,.T.) ;
#4698=ORIENTED_EDGE('',*,*,#3817,.T.) ;
#4699=ORIENTED_EDGE('',*,*,#3824,.T.) ;
#4700=ORIENTED_EDGE('',*,*,#3831,.T.) ;
#4701=ORIENTED_EDGE('',*,*,#3838,.T.) ;
#4702=ORIENTED_EDGE('',*,*,#3845,.T.) ;
#4703=ORIENTED_EDGE('',*,*,#3852,.T.) ;
#4704=ORIENTED_EDGE('',*,*,#3859,.T.) ;
#4705=ORIENTED_EDGE('',*,*,#3866,.T.) ;
#4706=ORIENTED_EDGE('',*,*,#3873,.T.) ;
#4707=ORIENTED_EDGE('',*,*,#3880,.T.) ;
#4708=ORIENTED_EDGE('',*,*,#3887,.T.) ;
#4709=ORIENTED_EDGE('',*,*,#3894,.T.) ;
#4710=ORIENTED_EDGE('',*,*,#3901,.T.) ;
#4711=ORIENTED_EDGE('',*,*,#3908,.T.) ;
#4712=ORIENTED_EDGE('',*,*,#3915,.T.) ;
#4713=ORIENTED_EDGE('',*,*,#3922,.T.) ;
#4714=ORIENTED_EDGE('',*,*,#3929,.T.) ;
#4715=ORIENTED_EDGE('',*,*,#3936,.T.) ;
#4716=ORIENTED_EDGE('',*,*,#3943,.T.) ;
#4717=ORIENTED_EDGE('',*,*,#3950,.T.) ;
#4718=ORIENTED_EDGE('',*,*,#3957,.T.) ;
#4719=ORIENTED_EDGE('',*,*,#3964,.T.) ;
#4720=ORIENTED_EDGE('',*,*,#3971,.T.) ;
#4721=ORIENTED_EDGE('',*,*,#3978,.T.) ;
#4722=ORIENTED_EDGE('',*,*,#3985,.T.) ;
#4723=ORIENTED_EDGE('',*,*,#3992,.T.) ;
#4724=ORIENTED_EDGE('',*,*,#3999,.T.) ;
#4725=ORIENTED_EDGE('',*,*,#4006,.T.) ;
#4726=ORIENTED_EDGE('',*,*,#4013,.T.) ;
#4727=ORIENTED_EDGE('',*,*,#4020,.T.) ;
#4728=ORIENTED_EDGE('',*,*,#4027,.T.) ;
#4729=ORIENTED_EDGE('',*,*,#4034,.T.) ;
#4730=ORIENTED_EDGE('',*,*,#4041,.T.) ;
#4731=ORIENTED_EDGE('',*,*,#4048,.T.) ;
#4732=ORIENTED_EDGE('',*,*,#4055,.T.) ;
#4733=ORIENTED_EDGE('',*,*,#4062,.T.) ;
#4734=ORIENTED_EDGE('',*,*,#4069,.T.) ;
#4735=ORIENTED_EDGE('',*,*,#4076,.T.) ;
#4736=ORIENTED_EDGE('',*,*,#4083,.T.) ;
#4737=ORIENTED_EDGE('',*,*,#4090,.T.) ;
#4738=ORIENTED_EDGE('',*,*,#4097,.T.) ;
#4739=ORIENTED_EDGE('',*,*,#4104,.T.) ;
#4740=ORIENTED_EDGE('',*,*,#4111,.T.) ;
#4741=ORIENTED_EDGE('',*,*,#4118,.T.) ;
#4742=ORIENTED_EDGE('',*,*,#4125,.T.) ;
#4743=ORIENTED_EDGE('',*,*,#4132,.T.) ;
#4744=ORIENTED_EDGE('',*,*,#4139,.T.) ;
#4745=ORIENTED_EDGE('',*,*,#4146,.T.) ;
#4746=ORIENTED_EDGE('',*,*,#4153,.T.) ;
#4747=ORIENTED_EDGE('',*,*,#4160,.T.) ;
#4748=ORIENTED_EDGE('',*,*,#4167,.T.) ;
#4749=ORIENTED_EDGE('',*,*,#4174,.T.) ;
#4750=ORIENTED_EDGE('',*,*,#4181,.T.) ;
#4751=ORIENTED_EDGE('',*,*,#4188,.T.) ;
#4752=ORIENTED_EDGE('',*,*,#4195,.T.) ;
#4753=ORIENTED_EDGE('',*,*,#4202,.T.) ;
#4754=ORIENTED_EDGE('',*,*,#4209,.T.) ;
#4755=ORIENTED_EDGE('',*,*,#4216,.T.) ;
#4756=ORIENTED_EDGE('',*,*,#4223,.T.) ;
#4757=ORIENTED_EDGE('',*,*,#4230,.T.) ;
#4758=ORIENTED_EDGE('',*,*,#4237,.T.) ;
#4759=ORIENTED_EDGE('',*,*,#4244,.T.) ;
#4760=ORIENTED_EDGE('',*,*,#4251,.T.) ;
#4761=ORIENTED_EDGE('',*,*,#4258,.T.) ;
#4762=ORIENTED_EDGE('',*,*,#4265,.T.) ;
#4763=ORIENTED_EDGE('',*,*,#4272,.T.) ;
#4764=ORIENTED_EDGE('',*,*,#4279,.T.) ;
#4765=ORIENTED_EDGE('',*,*,#4286,.T.) ;
#4766=ORIENTED_EDGE('',*,*,#4293,.T.) ;
#4767=ORIENTED_EDGE('',*,*,#4300,.T.) ;
#4768=ORIENTED_EDGE('',*,*,#4307,.T.) ;
#4769=ORIENTED_EDGE('',*,*,#4314,.T.) ;
#4770=ORIENTED_EDGE('',*,*,#4321,.T.) ;
#4771=ORIENTED_EDGE('',*,*,#4328,.T.) ;
#4772=ORIENTED_EDGE('',*,*,#4335,.T.) ;
#4773=ORIENTED_EDGE('',*,*,#4342,.T.) ;
#4774=ORIENTED_EDGE('',*,*,#4349,.T.) ;
#4775=ORIENTED_EDGE('',*,*,#4356,.T.) ;
#4776=ORIENTED_EDGE('',*,*,#4363,.T.) ;
#4777=ORIENTED_EDGE('',*,*,#4370,.T.) ;
#4778=ORIENTED_EDGE('',*,*,#4377,.T.) ;
#4779=ORIENTED_EDGE('',*,*,#4384,.T.) ;
#4780=ORIENTED_EDGE('',*,*,#4391,.T.) ;
#4781=ORIENTED_EDGE('',*,*,#4398,.T.) ;
#4782=ORIENTED_EDGE('',*,*,#4405,.T.) ;
#4783=ORIENTED_EDGE('',*,*,#4412,.T.) ;
#4784=ORIENTED_EDGE('',*,*,#4419,.T.) ;
#4785=ORIENTED_EDGE('',*,*,#4426,.T.) ;
#4786=ORIENTED_EDGE('',*,*,#4433,.T.) ;
#4787=ORIENTED_EDGE('',*,*,#4440,.T.) ;
#4788=ORIENTED_EDGE('',*,*,#4447,.T.) ;
#4789=ORIENTED_EDGE('',*,*,#4454,.T.) ;
#4790=ORIENTED_EDGE('',*,*,#4461,.T.) ;
#4791=ORIENTED_EDGE('',*,*,#4468,.T.) ;
#4792=ORIENTED_EDGE('',*,*,#4475,.T.) ;
#4793=ORIENTED_EDGE('',*,*,#4482,.T.) ;
#4794=ORIENTED_EDGE('',*,*,#4489,.T.) ;
#4795=ORIENTED_EDGE('',*,*,#4496,.T.) ;
#4796=ORIENTED_EDGE('',*,*,#4503,.T.) ;
#4797=ORIENTED_EDGE('',*,*,#4510,.T.) ;
#4798=ORIENTED_EDGE('',*,*,#4517,.T.) ;
#4799=ORIENTED_EDGE('',*,*,#4524,.T.) ;
#4800=ORIENTED_EDGE('',*,*,#4531,.T.) ;
#4801=ORIENTED_EDGE('',*,*,#4538,.T.) ;
#4802=ORIENTED_EDGE('',*,*,#4545,.T.) ;
#4803=ORIENTED_EDGE('',*,*,#4552,.T.) ;
#4804=ORIENTED_EDGE('',*,*,#4559,.T.) ;
#4805=ORIENTED_EDGE('',*,*,#4566,.T.) ;
#4806=ORIENTED_EDGE('',*,*,#4573,.T.) ;
#4807=ORIENTED_EDGE('',*,*,#4580,.T.) ;
#4808=ORIENTED_EDGE('',*,*,#4587,.T.) ;
#4809=ORIENTED_EDGE('',*,*,#4594,.T.) ;
#4810=ORIENTED_EDGE('',*,*,#4601,.T.) ;
#4811=ORIENTED_EDGE('',*,*,#4608,.T.) ;
#4812=ORIENTED_EDGE('',*,*,#4615,.T.) ;
#4813=ORIENTED_EDGE('',*,*,#4622,.T.) ;
#4814=ORIENTED_EDGE('',*,*,#4629,.T.) ;
#4815=ORIENTED_EDGE('',*,*,#4636,.T.) ;
#4816=ORIENTED_EDGE('',*,*,#4643,.T.) ;
#4817=ORIENTED_EDGE('',*,*,#4650,.T.) ;
#4818=ORIENTED_EDGE('',*,*,#4657,.T.) ;
#4819=ORIENTED_EDGE('',*,*,#4664,.T.) ;
#4820=ORIENTED_EDGE('',*,*,#4671,.T.) ;
#4821=ORIENTED_EDGE('',*,*,#4678,.T.) ;
#4822=ORIENTED_EDGE('',*,*,#4683,.T.) ;
#4849=ORIENTED_EDGE('',*,*,#3120,.F.) ;
#4850=ORIENTED_EDGE('',*,*,#4842,.T.) ;
#4851=ORIENTED_EDGE('',*,*,#3726,.F.) ;
#4852=ORIENTED_EDGE('',*,*,#4847,.F.) ;
#4873=ORIENTED_EDGE('',*,*,#3113,.F.) ;
#4874=ORIENTED_EDGE('',*,*,#4871,.T.) ;
#4875=ORIENTED_EDGE('',*,*,#3733,.F.) ;
#4876=ORIENTED_EDGE('',*,*,#4842,.F.) ;
#4897=ORIENTED_EDGE('',*,*,#3106,.F.) ;
#4898=ORIENTED_EDGE('',*,*,#4895,.T.) ;
#4899=ORIENTED_EDGE('',*,*,#3740,.F.) ;
#4900=ORIENTED_EDGE('',*,*,#4871,.F.) ;
#4921=ORIENTED_EDGE('',*,*,#3099,.F.) ;
#4922=ORIENTED_EDGE('',*,*,#4919,.T.) ;
#4923=ORIENTED_EDGE('',*,*,#3747,.F.) ;
#4924=ORIENTED_EDGE('',*,*,#4895,.F.) ;
#4945=ORIENTED_EDGE('',*,*,#3092,.F.) ;
#4946=ORIENTED_EDGE('',*,*,#4943,.T.) ;
#4947=ORIENTED_EDGE('',*,*,#3754,.F.) ;
#4948=ORIENTED_EDGE('',*,*,#4919,.F.) ;
#4969=ORIENTED_EDGE('',*,*,#3085,.F.) ;
#4970=ORIENTED_EDGE('',*,*,#4967,.T.) ;
#4971=ORIENTED_EDGE('',*,*,#3761,.F.) ;
#4972=ORIENTED_EDGE('',*,*,#4943,.F.) ;
#4993=ORIENTED_EDGE('',*,*,#3078,.F.) ;
#4994=ORIENTED_EDGE('',*,*,#4991,.T.) ;
#4995=ORIENTED_EDGE('',*,*,#3768,.F.) ;
#4996=ORIENTED_EDGE('',*,*,#4967,.F.) ;
#5017=ORIENTED_EDGE('',*,*,#3071,.F.) ;
#5018=ORIENTED_EDGE('',*,*,#5015,.T.) ;
#5019=ORIENTED_EDGE('',*,*,#3775,.F.) ;
#5020=ORIENTED_EDGE('',*,*,#4991,.F.) ;
#5041=ORIENTED_EDGE('',*,*,#3064,.F.) ;
#5042=ORIENTED_EDGE('',*,*,#5039,.T.) ;
#5043=ORIENTED_EDGE('',*,*,#3782,.F.) ;
#5044=ORIENTED_EDGE('',*,*,#5015,.F.) ;
#5065=ORIENTED_EDGE('',*,*,#3057,.F.) ;
#5066=ORIENTED_EDGE('',*,*,#5063,.T.) ;
#5067=ORIENTED_EDGE('',*,*,#3789,.F.) ;
#5068=ORIENTED_EDGE('',*,*,#5039,.F.) ;
#5089=ORIENTED_EDGE('',*,*,#3050,.F.) ;
#5090=ORIENTED_EDGE('',*,*,#5087,.T.) ;
#5091=ORIENTED_EDGE('',*,*,#3796,.F.) ;
#5092=ORIENTED_EDGE('',*,*,#5063,.F.) ;
#5113=ORIENTED_EDGE('',*,*,#3043,.F.) ;
#5114=ORIENTED_EDGE('',*,*,#5111,.T.) ;
#5115=ORIENTED_EDGE('',*,*,#3803,.F.) ;
#5116=ORIENTED_EDGE('',*,*,#5087,.F.) ;
#5137=ORIENTED_EDGE('',*,*,#3036,.F.) ;
#5138=ORIENTED_EDGE('',*,*,#5135,.T.) ;
#5139=ORIENTED_EDGE('',*,*,#3810,.F.) ;
#5140=ORIENTED_EDGE('',*,*,#5111,.F.) ;
#5161=ORIENTED_EDGE('',*,*,#3029,.F.) ;
#5162=ORIENTED_EDGE('',*,*,#5159,.T.) ;
#5163=ORIENTED_EDGE('',*,*,#3817,.F.) ;
#5164=ORIENTED_EDGE('',*,*,#5135,.F.) ;
#5185=ORIENTED_EDGE('',*,*,#3022,.F.) ;
#5186=ORIENTED_EDGE('',*,*,#5183,.T.) ;
#5187=ORIENTED_EDGE('',*,*,#3824,.F.) ;
#5188=ORIENTED_EDGE('',*,*,#5159,.F.) ;
#5209=ORIENTED_EDGE('',*,*,#3015,.F.) ;
#5210=ORIENTED_EDGE('',*,*,#5207,.T.) ;
#5211=ORIENTED_EDGE('',*,*,#3831,.F.) ;
#5212=ORIENTED_EDGE('',*,*,#5183,.F.) ;
#5233=ORIENTED_EDGE('',*,*,#3008,.F.) ;
#5234=ORIENTED_EDGE('',*,*,#5231,.T.) ;
#5235=ORIENTED_EDGE('',*,*,#3838,.F.) ;
#5236=ORIENTED_EDGE('',*,*,#5207,.F.) ;
#5257=ORIENTED_EDGE('',*,*,#3001,.F.) ;
#5258=ORIENTED_EDGE('',*,*,#5255,.T.) ;
#5259=ORIENTED_EDGE('',*,*,#3845,.F.) ;
#5260=ORIENTED_EDGE('',*,*,#5231,.F.) ;
#5281=ORIENTED_EDGE('',*,*,#2994,.F.) ;
#5282=ORIENTED_EDGE('',*,*,#5279,.T.) ;
#5283=ORIENTED_EDGE('',*,*,#3852,.F.) ;
#5284=ORIENTED_EDGE('',*,*,#5255,.F.) ;
#5305=ORIENTED_EDGE('',*,*,#2987,.F.) ;
#5306=ORIENTED_EDGE('',*,*,#5303,.T.) ;
#5307=ORIENTED_EDGE('',*,*,#3859,.F.) ;
#5308=ORIENTED_EDGE('',*,*,#5279,.F.) ;
#5329=ORIENTED_EDGE('',*,*,#2980,.F.) ;
#5330=ORIENTED_EDGE('',*,*,#5327,.T.) ;
#5331=ORIENTED_EDGE('',*,*,#3866,.F.) ;
#5332=ORIENTED_EDGE('',*,*,#5303,.F.) ;
#5353=ORIENTED_EDGE('',*,*,#2973,.F.) ;
#5354=ORIENTED_EDGE('',*,*,#5351,.T.) ;
#5355=ORIENTED_EDGE('',*,*,#3873,.F.) ;
#5356=ORIENTED_EDGE('',*,*,#5327,.F.) ;
#5377=ORIENTED_EDGE('',*,*,#2966,.F.) ;
#5378=ORIENTED_EDGE('',*,*,#5375,.T.) ;
#5379=ORIENTED_EDGE('',*,*,#3880,.F.) ;
#5380=ORIENTED_EDGE('',*,*,#5351,.F.) ;
#5401=ORIENTED_EDGE('',*,*,#2959,.F.) ;
#5402=ORIENTED_EDGE('',*,*,#5399,.T.) ;
#5403=ORIENTED_EDGE('',*,*,#3887,.F.) ;
#5404=ORIENTED_EDGE('',*,*,#5375,.F.) ;
#5425=ORIENTED_EDGE('',*,*,#2952,.F.) ;
#5426=ORIENTED_EDGE('',*,*,#5423,.T.) ;
#5427=ORIENTED_EDGE('',*,*,#3894,.F.) ;
#5428=ORIENTED_EDGE('',*,*,#5399,.F.) ;
#5444=ORIENTED_EDGE('',*,*,#2945,.F.) ;
#5445=ORIENTED_EDGE('',*,*,#5442,.T.) ;
#5446=ORIENTED_EDGE('',*,*,#3901,.F.) ;
#5447=ORIENTED_EDGE('',*,*,#5423,.F.) ;
#5468=ORIENTED_EDGE('',*,*,#2938,.F.) ;
#5469=ORIENTED_EDGE('',*,*,#5466,.T.) ;
#5470=ORIENTED_EDGE('',*,*,#3908,.F.) ;
#5471=ORIENTED_EDGE('',*,*,#5442,.F.) ;
#5492=ORIENTED_EDGE('',*,*,#2931,.F.) ;
#5493=ORIENTED_EDGE('',*,*,#5490,.T.) ;
#5494=ORIENTED_EDGE('',*,*,#3915,.F.) ;
#5495=ORIENTED_EDGE('',*,*,#5466,.F.) ;
#5516=ORIENTED_EDGE('',*,*,#2924,.F.) ;
#5517=ORIENTED_EDGE('',*,*,#5514,.T.) ;
#5518=ORIENTED_EDGE('',*,*,#3922,.F.) ;
#5519=ORIENTED_EDGE('',*,*,#5490,.F.) ;
#5540=ORIENTED_EDGE('',*,*,#2917,.F.) ;
#5541=ORIENTED_EDGE('',*,*,#5538,.T.) ;
#5542=ORIENTED_EDGE('',*,*,#3929,.F.) ;
#5543=ORIENTED_EDGE('',*,*,#5514,.F.) ;
#5564=ORIENTED_EDGE('',*,*,#2910,.F.) ;
#5565=ORIENTED_EDGE('',*,*,#5562,.T.) ;
#5566=ORIENTED_EDGE('',*,*,#3936,.F.) ;
#5567=ORIENTED_EDGE('',*,*,#5538,.F.) ;
#5588=ORIENTED_EDGE('',*,*,#2903,.F.) ;
#5589=ORIENTED_EDGE('',*,*,#5586,.T.) ;
#5590=ORIENTED_EDGE('',*,*,#3943,.F.) ;
#5591=ORIENTED_EDGE('',*,*,#5562,.F.) ;
#5612=ORIENTED_EDGE('',*,*,#2896,.F.) ;
#5613=ORIENTED_EDGE('',*,*,#5610,.T.) ;
#5614=ORIENTED_EDGE('',*,*,#3950,.F.) ;
#5615=ORIENTED_EDGE('',*,*,#5586,.F.) ;
#5636=ORIENTED_EDGE('',*,*,#2889,.F.) ;
#5637=ORIENTED_EDGE('',*,*,#5634,.T.) ;
#5638=ORIENTED_EDGE('',*,*,#3957,.F.) ;
#5639=ORIENTED_EDGE('',*,*,#5610,.F.) ;
#5660=ORIENTED_EDGE('',*,*,#2882,.F.) ;
#5661=ORIENTED_EDGE('',*,*,#5658,.T.) ;
#5662=ORIENTED_EDGE('',*,*,#3964,.F.) ;
#5663=ORIENTED_EDGE('',*,*,#5634,.F.) ;
#5684=ORIENTED_EDGE('',*,*,#2875,.F.) ;
#5685=ORIENTED_EDGE('',*,*,#5682,.T.) ;
#5686=ORIENTED_EDGE('',*,*,#3971,.F.) ;
#5687=ORIENTED_EDGE('',*,*,#5658,.F.) ;
#5708=ORIENTED_EDGE('',*,*,#2868,.F.) ;
#5709=ORIENTED_EDGE('',*,*,#5706,.T.) ;
#5710=ORIENTED_EDGE('',*,*,#3978,.F.) ;
#5711=ORIENTED_EDGE('',*,*,#5682,.F.) ;
#5732=ORIENTED_EDGE('',*,*,#2861,.F.) ;
#5733=ORIENTED_EDGE('',*,*,#5730,.T.) ;
#5734=ORIENTED_EDGE('',*,*,#3985,.F.) ;
#5735=ORIENTED_EDGE('',*,*,#5706,.F.) ;
#5756=ORIENTED_EDGE('',*,*,#2854,.F.) ;
#5757=ORIENTED_EDGE('',*,*,#5754,.T.) ;
#5758=ORIENTED_EDGE('',*,*,#3992,.F.) ;
#5759=ORIENTED_EDGE('',*,*,#5730,.F.) ;
#5780=ORIENTED_EDGE('',*,*,#2847,.F.) ;
#5781=ORIENTED_EDGE('',*,*,#5778,.T.) ;
#5782=ORIENTED_EDGE('',*,*,#3999,.F.) ;
#5783=ORIENTED_EDGE('',*,*,#5754,.F.) ;
#5804=ORIENTED_EDGE('',*,*,#2840,.F.) ;
#5805=ORIENTED_EDGE('',*,*,#5802,.T.) ;
#5806=ORIENTED_EDGE('',*,*,#4006,.F.) ;
#5807=ORIENTED_EDGE('',*,*,#5778,.F.) ;
#5828=ORIENTED_EDGE('',*,*,#2833,.F.) ;
#5829=ORIENTED_EDGE('',*,*,#5826,.T.) ;
#5830=ORIENTED_EDGE('',*,*,#4013,.F.) ;
#5831=ORIENTED_EDGE('',*,*,#5802,.F.) ;
#5852=ORIENTED_EDGE('',*,*,#2826,.F.) ;
#5853=ORIENTED_EDGE('',*,*,#5850,.T.) ;
#5854=ORIENTED_EDGE('',*,*,#4020,.F.) ;
#5855=ORIENTED_EDGE('',*,*,#5826,.F.) ;
#5876=ORIENTED_EDGE('',*,*,#2819,.F.) ;
#5877=ORIENTED_EDGE('',*,*,#5874,.T.) ;
#5878=ORIENTED_EDGE('',*,*,#4027,.F.) ;
#5879=ORIENTED_EDGE('',*,*,#5850,.F.) ;
#5900=ORIENTED_EDGE('',*,*,#2812,.F.) ;
#5901=ORIENTED_EDGE('',*,*,#5898,.T.) ;
#5902=ORIENTED_EDGE('',*,*,#4034,.F.) ;
#5903=ORIENTED_EDGE('',*,*,#5874,.F.) ;
#5924=ORIENTED_EDGE('',*,*,#2805,.F.) ;
#5925=ORIENTED_EDGE('',*,*,#5922,.T.) ;
#5926=ORIENTED_EDGE('',*,*,#4041,.F.) ;
#5927=ORIENTED_EDGE('',*,*,#5898,.F.) ;
#5948=ORIENTED_EDGE('',*,*,#2798,.F.) ;
#5949=ORIENTED_EDGE('',*,*,#5946,.T.) ;
#5950=ORIENTED_EDGE('',*,*,#4048,.F.) ;
#5951=ORIENTED_EDGE('',*,*,#5922,.F.) ;
#5967=ORIENTED_EDGE('',*,*,#2791,.F.) ;
#5968=ORIENTED_EDGE('',*,*,#5965,.T.) ;
#5969=ORIENTED_EDGE('',*,*,#4055,.F.) ;
#5970=ORIENTED_EDGE('',*,*,#5946,.F.) ;
#5991=ORIENTED_EDGE('',*,*,#2784,.F.) ;
#5992=ORIENTED_EDGE('',*,*,#5989,.T.) ;
#5993=ORIENTED_EDGE('',*,*,#4062,.F.) ;
#5994=ORIENTED_EDGE('',*,*,#5965,.F.) ;
#6015=ORIENTED_EDGE('',*,*,#2777,.F.) ;
#6016=ORIENTED_EDGE('',*,*,#6013,.T.) ;
#6017=ORIENTED_EDGE('',*,*,#4069,.F.) ;
#6018=ORIENTED_EDGE('',*,*,#5989,.F.) ;
#6039=ORIENTED_EDGE('',*,*,#2770,.F.) ;
#6040=ORIENTED_EDGE('',*,*,#6037,.T.) ;
#6041=ORIENTED_EDGE('',*,*,#4076,.F.) ;
#6042=ORIENTED_EDGE('',*,*,#6013,.F.) ;
#6063=ORIENTED_EDGE('',*,*,#2763,.F.) ;
#6064=ORIENTED_EDGE('',*,*,#6061,.T.) ;
#6065=ORIENTED_EDGE('',*,*,#4083,.F.) ;
#6066=ORIENTED_EDGE('',*,*,#6037,.F.) ;
#6087=ORIENTED_EDGE('',*,*,#2756,.F.) ;
#6088=ORIENTED_EDGE('',*,*,#6085,.T.) ;
#6089=ORIENTED_EDGE('',*,*,#4090,.F.) ;
#6090=ORIENTED_EDGE('',*,*,#6061,.F.) ;
#6111=ORIENTED_EDGE('',*,*,#2749,.F.) ;
#6112=ORIENTED_EDGE('',*,*,#6109,.T.) ;
#6113=ORIENTED_EDGE('',*,*,#4097,.F.) ;
#6114=ORIENTED_EDGE('',*,*,#6085,.F.) ;
#6135=ORIENTED_EDGE('',*,*,#2742,.F.) ;
#6136=ORIENTED_EDGE('',*,*,#6133,.T.) ;
#6137=ORIENTED_EDGE('',*,*,#4104,.F.) ;
#6138=ORIENTED_EDGE('',*,*,#6109,.F.) ;
#6159=ORIENTED_EDGE('',*,*,#2735,.F.) ;
#6160=ORIENTED_EDGE('',*,*,#6157,.T.) ;
#6161=ORIENTED_EDGE('',*,*,#4111,.F.) ;
#6162=ORIENTED_EDGE('',*,*,#6133,.F.) ;
#6183=ORIENTED_EDGE('',*,*,#2728,.F.) ;
#6184=ORIENTED_EDGE('',*,*,#6181,.T.) ;
#6185=ORIENTED_EDGE('',*,*,#4118,.F.) ;
#6186=ORIENTED_EDGE('',*,*,#6157,.F.) ;
#6207=ORIENTED_EDGE('',*,*,#2721,.F.) ;
#6208=ORIENTED_EDGE('',*,*,#6205,.T.) ;
#6209=ORIENTED_EDGE('',*,*,#4125,.F.) ;
#6210=ORIENTED_EDGE('',*,*,#6181,.F.) ;
#6231=ORIENTED_EDGE('',*,*,#2714,.F.) ;
#6232=ORIENTED_EDGE('',*,*,#6229,.T.) ;
#6233=ORIENTED_EDGE('',*,*,#4132,.F.) ;
#6234=ORIENTED_EDGE('',*,*,#6205,.F.) ;
#6255=ORIENTED_EDGE('',*,*,#2707,.F.) ;
#6256=ORIENTED_EDGE('',*,*,#6253,.T.) ;
#6257=ORIENTED_EDGE('',*,*,#4139,.F.) ;
#6258=ORIENTED_EDGE('',*,*,#6229,.F.) ;
#6279=ORIENTED_EDGE('',*,*,#2700,.F.) ;
#6280=ORIENTED_EDGE('',*,*,#6277,.T.) ;
#6281=ORIENTED_EDGE('',*,*,#4146,.F.) ;
#6282=ORIENTED_EDGE('',*,*,#6253,.F.) ;
#6303=ORIENTED_EDGE('',*,*,#2693,.F.) ;
#6304=ORIENTED_EDGE('',*,*,#6301,.T.) ;
#6305=ORIENTED_EDGE('',*,*,#4153,.F.) ;
#6306=ORIENTED_EDGE('',*,*,#6277,.F.) ;
#6327=ORIENTED_EDGE('',*,*,#2686,.F.) ;
#6328=ORIENTED_EDGE('',*,*,#6325,.T.) ;
#6329=ORIENTED_EDGE('',*,*,#4160,.F.) ;
#6330=ORIENTED_EDGE('',*,*,#6301,.F.) ;
#6351=ORIENTED_EDGE('',*,*,#2679,.F.) ;
#6352=ORIENTED_EDGE('',*,*,#6349,.T.) ;
#6353=ORIENTED_EDGE('',*,*,#4167,.F.) ;
#6354=ORIENTED_EDGE('',*,*,#6325,.F.) ;
#6375=ORIENTED_EDGE('',*,*,#2672,.F.) ;
#6376=ORIENTED_EDGE('',*,*,#6373,.T.) ;
#6377=ORIENTED_EDGE('',*,*,#4174,.F.) ;
#6378=ORIENTED_EDGE('',*,*,#6349,.F.) ;
#6399=ORIENTED_EDGE('',*,*,#2665,.F.) ;
#6400=ORIENTED_EDGE('',*,*,#6397,.T.) ;
#6401=ORIENTED_EDGE('',*,*,#4181,.F.) ;
#6402=ORIENTED_EDGE('',*,*,#6373,.F.) ;
#6423=ORIENTED_EDGE('',*,*,#2658,.F.) ;
#6424=ORIENTED_EDGE('',*,*,#6421,.T.) ;
#6425=ORIENTED_EDGE('',*,*,#4188,.F.) ;
#6426=ORIENTED_EDGE('',*,*,#6397,.F.) ;
#6447=ORIENTED_EDGE('',*,*,#2651,.F.) ;
#6448=ORIENTED_EDGE('',*,*,#6445,.T.) ;
#6449=ORIENTED_EDGE('',*,*,#4195,.F.) ;
#6450=ORIENTED_EDGE('',*,*,#6421,.F.) ;
#6471=ORIENTED_EDGE('',*,*,#2644,.F.) ;
#6472=ORIENTED_EDGE('',*,*,#6469,.T.) ;
#6473=ORIENTED_EDGE('',*,*,#4202,.F.) ;
#6474=ORIENTED_EDGE('',*,*,#6445,.F.) ;
#6495=ORIENTED_EDGE('',*,*,#2637,.F.) ;
#6496=ORIENTED_EDGE('',*,*,#6493,.T.) ;
#6497=ORIENTED_EDGE('',*,*,#4209,.F.) ;
#6498=ORIENTED_EDGE('',*,*,#6469,.F.) ;
#6519=ORIENTED_EDGE('',*,*,#2630,.F.) ;
#6520=ORIENTED_EDGE('',*,*,#6517,.T.) ;
#6521=ORIENTED_EDGE('',*,*,#4216,.F.) ;
#6522=ORIENTED_EDGE('',*,*,#6493,.F.) ;
#6543=ORIENTED_EDGE('',*,*,#2623,.F.) ;
#6544=ORIENTED_EDGE('',*,*,#6541,.T.) ;
#6545=ORIENTED_EDGE('',*,*,#4223,.F.) ;
#6546=ORIENTED_EDGE('',*,*,#6517,.F.) ;
#6567=ORIENTED_EDGE('',*,*,#2616,.F.) ;
#6568=ORIENTED_EDGE('',*,*,#6565,.T.) ;
#6569=ORIENTED_EDGE('',*,*,#4230,.F.) ;
#6570=ORIENTED_EDGE('',*,*,#6541,.F.) ;
#6591=ORIENTED_EDGE('',*,*,#2609,.F.) ;
#6592=ORIENTED_EDGE('',*,*,#6589,.T.) ;
#6593=ORIENTED_EDGE('',*,*,#4237,.F.) ;
#6594=ORIENTED_EDGE('',*,*,#6565,.F.) ;
#6615=ORIENTED_EDGE('',*,*,#2602,.F.) ;
#6616=ORIENTED_EDGE('',*,*,#6613,.T.) ;
#6617=ORIENTED_EDGE('',*,*,#4244,.F.) ;
#6618=ORIENTED_EDGE('',*,*,#6589,.F.) ;
#6639=ORIENTED_EDGE('',*,*,#2595,.F.) ;
#6640=ORIENTED_EDGE('',*,*,#6637,.T.) ;
#6641=ORIENTED_EDGE('',*,*,#4251,.F.) ;
#6642=ORIENTED_EDGE('',*,*,#6613,.F.) ;
#6663=ORIENTED_EDGE('',*,*,#2588,.F.) ;
#6664=ORIENTED_EDGE('',*,*,#6661,.T.) ;
#6665=ORIENTED_EDGE('',*,*,#4258,.F.) ;
#6666=ORIENTED_EDGE('',*,*,#6637,.F.) ;
#6687=ORIENTED_EDGE('',*,*,#2581,.F.) ;
#6688=ORIENTED_EDGE('',*,*,#6685,.T.) ;
#6689=ORIENTED_EDGE('',*,*,#4265,.F.) ;
#6690=ORIENTED_EDGE('',*,*,#6661,.F.) ;
#6711=ORIENTED_EDGE('',*,*,#2574,.F.) ;
#6712=ORIENTED_EDGE('',*,*,#6709,.T.) ;
#6713=ORIENTED_EDGE('',*,*,#4272,.F.) ;
#6714=ORIENTED_EDGE('',*,*,#6685,.F.) ;
#6735=ORIENTED_EDGE('',*,*,#2567,.F.) ;
#6736=ORIENTED_EDGE('',*,*,#6733,.T.) ;
#6737=ORIENTED_EDGE('',*,*,#4279,.F.) ;
#6738=ORIENTED_EDGE('',*,*,#6709,.F.) ;
#6759=ORIENTED_EDGE('',*,*,#2560,.F.) ;
#6760=ORIENTED_EDGE('',*,*,#6757,.T.) ;
#6761=ORIENTED_EDGE('',*,*,#4286,.F.) ;
#6762=ORIENTED_EDGE('',*,*,#6733,.F.) ;
#6783=ORIENTED_EDGE('',*,*,#2553,.F.) ;
#6784=ORIENTED_EDGE('',*,*,#6781,.T.) ;
#6785=ORIENTED_EDGE('',*,*,#4293,.F.) ;
#6786=ORIENTED_EDGE('',*,*,#6757,.F.) ;
#6807=ORIENTED_EDGE('',*,*,#2546,.F.) ;
#6808=ORIENTED_EDGE('',*,*,#6805,.T.) ;
#6809=ORIENTED_EDGE('',*,*,#4300,.F.) ;
#6810=ORIENTED_EDGE('',*,*,#6781,.F.) ;
#6831=ORIENTED_EDGE('',*,*,#2539,.F.) ;
#6832=ORIENTED_EDGE('',*,*,#6829,.T.) ;
#6833=ORIENTED_EDGE('',*,*,#4307,.F.) ;
#6834=ORIENTED_EDGE('',*,*,#6805,.F.) ;
#6855=ORIENTED_EDGE('',*,*,#2532,.F.) ;
#6856=ORIENTED_EDGE('',*,*,#6853,.T.) ;
#6857=ORIENTED_EDGE('',*,*,#4314,.F.) ;
#6858=ORIENTED_EDGE('',*,*,#6829,.F.) ;
#6879=ORIENTED_EDGE('',*,*,#2525,.F.) ;
#6880=ORIENTED_EDGE('',*,*,#6877,.T.) ;
#6881=ORIENTED_EDGE('',*,*,#4321,.F.) ;
#6882=ORIENTED_EDGE('',*,*,#6853,.F.) ;
#6903=ORIENTED_EDGE('',*,*,#2518,.F.) ;
#6904=ORIENTED_EDGE('',*,*,#6901,.T.) ;
#6905=ORIENTED_EDGE('',*,*,#4328,.F.) ;
#6906=ORIENTED_EDGE('',*,*,#6877,.F.) ;
#6927=ORIENTED_EDGE('',*,*,#2511,.F.) ;
#6928=ORIENTED_EDGE('',*,*,#6925,.T.) ;
#6929=ORIENTED_EDGE('',*,*,#4335,.F.) ;
#6930=ORIENTED_EDGE('',*,*,#6901,.F.) ;
#6951=ORIENTED_EDGE('',*,*,#2504,.F.) ;
#6952=ORIENTED_EDGE('',*,*,#6949,.T.) ;
#6953=ORIENTED_EDGE('',*,*,#4342,.F.) ;
#6954=ORIENTED_EDGE('',*,*,#6925,.F.) ;
#6975=ORIENTED_EDGE('',*,*,#2497,.F.) ;
#6976=ORIENTED_EDGE('',*,*,#6973,.T.) ;
#6977=ORIENTED_EDGE('',*,*,#4349,.F.) ;
#6978=ORIENTED_EDGE('',*,*,#6949,.F.) ;
#6999=ORIENTED_EDGE('',*,*,#2490,.F.) ;
#7000=ORIENTED_EDGE('',*,*,#6997,.T.) ;
#7001=ORIENTED_EDGE('',*,*,#4356,.F.) ;
#7002=ORIENTED_EDGE('',*,*,#6973,.F.) ;
#7023=ORIENTED_EDGE('',*,*,#2483,.F.) ;
#7024=ORIENTED_EDGE('',*,*,#7021,.T.) ;
#7025=ORIENTED_EDGE('',*,*,#4363,.F.) ;
#7026=ORIENTED_EDGE('',*,*,#6997,.F.) ;
#7047=ORIENTED_EDGE('',*,*,#2476,.F.) ;
#7048=ORIENTED_EDGE('',*,*,#7045,.T.) ;
#7049=ORIENTED_EDGE('',*,*,#4370,.F.) ;
#7050=ORIENTED_EDGE('',*,*,#7021,.F.) ;
#7071=ORIENTED_EDGE('',*,*,#2469,.F.) ;
#7072=ORIENTED_EDGE('',*,*,#7069,.T.) ;
#7073=ORIENTED_EDGE('',*,*,#4377,.F.) ;
#7074=ORIENTED_EDGE('',*,*,#7045,.F.) ;
#7090=ORIENTED_EDGE('',*,*,#2462,.F.) ;
#7091=ORIENTED_EDGE('',*,*,#7088,.T.) ;
#7092=ORIENTED_EDGE('',*,*,#4384,.F.) ;
#7093=ORIENTED_EDGE('',*,*,#7069,.F.) ;
#7109=ORIENTED_EDGE('',*,*,#2455,.F.) ;
#7110=ORIENTED_EDGE('',*,*,#7107,.T.) ;
#7111=ORIENTED_EDGE('',*,*,#4391,.F.) ;
#7112=ORIENTED_EDGE('',*,*,#7088,.F.) ;
#7133=ORIENTED_EDGE('',*,*,#2448,.F.) ;
#7134=ORIENTED_EDGE('',*,*,#7131,.T.) ;
#7135=ORIENTED_EDGE('',*,*,#4398,.F.) ;
#7136=ORIENTED_EDGE('',*,*,#7107,.F.) ;
#7157=ORIENTED_EDGE('',*,*,#2441,.F.) ;
#7158=ORIENTED_EDGE('',*,*,#7155,.T.) ;
#7159=ORIENTED_EDGE('',*,*,#4405,.F.) ;
#7160=ORIENTED_EDGE('',*,*,#7131,.F.) ;
#7181=ORIENTED_EDGE('',*,*,#2434,.F.) ;
#7182=ORIENTED_EDGE('',*,*,#7179,.T.) ;
#7183=ORIENTED_EDGE('',*,*,#4412,.F.) ;
#7184=ORIENTED_EDGE('',*,*,#7155,.F.) ;
#7205=ORIENTED_EDGE('',*,*,#2427,.F.) ;
#7206=ORIENTED_EDGE('',*,*,#7203,.T.) ;
#7207=ORIENTED_EDGE('',*,*,#4419,.F.) ;
#7208=ORIENTED_EDGE('',*,*,#7179,.F.) ;
#7229=ORIENTED_EDGE('',*,*,#2420,.F.) ;
#7230=ORIENTED_EDGE('',*,*,#7227,.T.) ;
#7231=ORIENTED_EDGE('',*,*,#4426,.F.) ;
#7232=ORIENTED_EDGE('',*,*,#7203,.F.) ;
#7253=ORIENTED_EDGE('',*,*,#2413,.F.) ;
#7254=ORIENTED_EDGE('',*,*,#7251,.T.) ;
#7255=ORIENTED_EDGE('',*,*,#4433,.F.) ;
#7256=ORIENTED_EDGE('',*,*,#7227,.F.) ;
#7277=ORIENTED_EDGE('',*,*,#2406,.F.) ;
#7278=ORIENTED_EDGE('',*,*,#7275,.T.) ;
#7279=ORIENTED_EDGE('',*,*,#4440,.F.) ;
#7280=ORIENTED_EDGE('',*,*,#7251,.F.) ;
#7301=ORIENTED_EDGE('',*,*,#2399,.F.) ;
#7302=ORIENTED_EDGE('',*,*,#7299,.T.) ;
#7303=ORIENTED_EDGE('',*,*,#4447,.F.) ;
#7304=ORIENTED_EDGE('',*,*,#7275,.F.) ;
#7325=ORIENTED_EDGE('',*,*,#2392,.F.) ;
#7326=ORIENTED_EDGE('',*,*,#7323,.T.) ;
#7327=ORIENTED_EDGE('',*,*,#4454,.F.) ;
#7328=ORIENTED_EDGE('',*,*,#7299,.F.) ;
#7349=ORIENTED_EDGE('',*,*,#2385,.F.) ;
#7350=ORIENTED_EDGE('',*,*,#7347,.T.) ;
#7351=ORIENTED_EDGE('',*,*,#4461,.F.) ;
#7352=ORIENTED_EDGE('',*,*,#7323,.F.) ;
#7373=ORIENTED_EDGE('',*,*,#2378,.F.) ;
#7374=ORIENTED_EDGE('',*,*,#7371,.T.) ;
#7375=ORIENTED_EDGE('',*,*,#4468,.F.) ;
#7376=ORIENTED_EDGE('',*,*,#7347,.F.) ;
#7397=ORIENTED_EDGE('',*,*,#2371,.F.) ;
#7398=ORIENTED_EDGE('',*,*,#7395,.T.) ;
#7399=ORIENTED_EDGE('',*,*,#4475,.F.) ;
#7400=ORIENTED_EDGE('',*,*,#7371,.F.) ;
#7421=ORIENTED_EDGE('',*,*,#2364,.F.) ;
#7422=ORIENTED_EDGE('',*,*,#7419,.T.) ;
#7423=ORIENTED_EDGE('',*,*,#4482,.F.) ;
#7424=ORIENTED_EDGE('',*,*,#7395,.F.) ;
#7445=ORIENTED_EDGE('',*,*,#2357,.F.) ;
#7446=ORIENTED_EDGE('',*,*,#7443,.T.) ;
#7447=ORIENTED_EDGE('',*,*,#4489,.F.) ;
#7448=ORIENTED_EDGE('',*,*,#7419,.F.) ;
#7469=ORIENTED_EDGE('',*,*,#2350,.F.) ;
#7470=ORIENTED_EDGE('',*,*,#7467,.T.) ;
#7471=ORIENTED_EDGE('',*,*,#4496,.F.) ;
#7472=ORIENTED_EDGE('',*,*,#7443,.F.) ;
#7493=ORIENTED_EDGE('',*,*,#2343,.F.) ;
#7494=ORIENTED_EDGE('',*,*,#7491,.T.) ;
#7495=ORIENTED_EDGE('',*,*,#4503,.F.) ;
#7496=ORIENTED_EDGE('',*,*,#7467,.F.) ;
#7517=ORIENTED_EDGE('',*,*,#2336,.F.) ;
#7518=ORIENTED_EDGE('',*,*,#7515,.T.) ;
#7519=ORIENTED_EDGE('',*,*,#4510,.F.) ;
#7520=ORIENTED_EDGE('',*,*,#7491,.F.) ;
#7541=ORIENTED_EDGE('',*,*,#2329,.F.) ;
#7542=ORIENTED_EDGE('',*,*,#7539,.T.) ;
#7543=ORIENTED_EDGE('',*,*,#4517,.F.) ;
#7544=ORIENTED_EDGE('',*,*,#7515,.F.) ;
#7565=ORIENTED_EDGE('',*,*,#2322,.F.) ;
#7566=ORIENTED_EDGE('',*,*,#7563,.T.) ;
#7567=ORIENTED_EDGE('',*,*,#4524,.F.) ;
#7568=ORIENTED_EDGE('',*,*,#7539,.F.) ;
#7589=ORIENTED_EDGE('',*,*,#2315,.F.) ;
#7590=ORIENTED_EDGE('',*,*,#7587,.T.) ;
#7591=ORIENTED_EDGE('',*,*,#4531,.F.) ;
#7592=ORIENTED_EDGE('',*,*,#7563,.F.) ;
#7613=ORIENTED_EDGE('',*,*,#2308,.F.) ;
#7614=ORIENTED_EDGE('',*,*,#7611,.T.) ;
#7615=ORIENTED_EDGE('',*,*,#4538,.F.) ;
#7616=ORIENTED_EDGE('',*,*,#7587,.F.) ;
#7637=ORIENTED_EDGE('',*,*,#2301,.F.) ;
#7638=ORIENTED_EDGE('',*,*,#7635,.T.) ;
#7639=ORIENTED_EDGE('',*,*,#4545,.F.) ;
#7640=ORIENTED_EDGE('',*,*,#7611,.F.) ;
#7661=ORIENTED_EDGE('',*,*,#2294,.F.) ;
#7662=ORIENTED_EDGE('',*,*,#7659,.T.) ;
#7663=ORIENTED_EDGE('',*,*,#4552,.F.) ;
#7664=ORIENTED_EDGE('',*,*,#7635,.F.) ;
#7685=ORIENTED_EDGE('',*,*,#2287,.F.) ;
#7686=ORIENTED_EDGE('',*,*,#7683,.T.) ;
#7687=ORIENTED_EDGE('',*,*,#4559,.F.) ;
#7688=ORIENTED_EDGE('',*,*,#7659,.F.) ;
#7709=ORIENTED_EDGE('',*,*,#2280,.F.) ;
#7710=ORIENTED_EDGE('',*,*,#7707,.T.) ;
#7711=ORIENTED_EDGE('',*,*,#4566,.F.) ;
#7712=ORIENTED_EDGE('',*,*,#7683,.F.) ;
#7733=ORIENTED_EDGE('',*,*,#2273,.F.) ;
#7734=ORIENTED_EDGE('',*,*,#7731,.T.) ;
#7735=ORIENTED_EDGE('',*,*,#4573,.F.) ;
#7736=ORIENTED_EDGE('',*,*,#7707,.F.) ;
#7757=ORIENTED_EDGE('',*,*,#2266,.F.) ;
#7758=ORIENTED_EDGE('',*,*,#7755,.T.) ;
#7759=ORIENTED_EDGE('',*,*,#4580,.F.) ;
#7760=ORIENTED_EDGE('',*,*,#7731,.F.) ;
#7781=ORIENTED_EDGE('',*,*,#2259,.F.) ;
#7782=ORIENTED_EDGE('',*,*,#7779,.T.) ;
#7783=ORIENTED_EDGE('',*,*,#4587,.F.) ;
#7784=ORIENTED_EDGE('',*,*,#7755,.F.) ;
#7805=ORIENTED_EDGE('',*,*,#2252,.F.) ;
#7806=ORIENTED_EDGE('',*,*,#7803,.T.) ;
#7807=ORIENTED_EDGE('',*,*,#4594,.F.) ;
#7808=ORIENTED_EDGE('',*,*,#7779,.F.) ;
#7829=ORIENTED_EDGE('',*,*,#2245,.F.) ;
#7830=ORIENTED_EDGE('',*,*,#7827,.T.) ;
#7831=ORIENTED_EDGE('',*,*,#4601,.F.) ;
#7832=ORIENTED_EDGE('',*,*,#7803,.F.) ;
#7853=ORIENTED_EDGE('',*,*,#2238,.F.) ;
#7854=ORIENTED_EDGE('',*,*,#7851,.T.) ;
#7855=ORIENTED_EDGE('',*,*,#4608,.F.) ;
#7856=ORIENTED_EDGE('',*,*,#7827,.F.) ;
#7877=ORIENTED_EDGE('',*,*,#2231,.F.) ;
#7878=ORIENTED_EDGE('',*,*,#7875,.T.) ;
#7879=ORIENTED_EDGE('',*,*,#4615,.F.) ;
#7880=ORIENTED_EDGE('',*,*,#7851,.F.) ;
#7901=ORIENTED_EDGE('',*,*,#2224,.F.) ;
#7902=ORIENTED_EDGE('',*,*,#7899,.T.) ;
#7903=ORIENTED_EDGE('',*,*,#4622,.F.) ;
#7904=ORIENTED_EDGE('',*,*,#7875,.F.) ;
#7925=ORIENTED_EDGE('',*,*,#2217,.F.) ;
#7926=ORIENTED_EDGE('',*,*,#7923,.T.) ;
#7927=ORIENTED_EDGE('',*,*,#4629,.F.) ;
#7928=ORIENTED_EDGE('',*,*,#7899,.F.) ;
#7949=ORIENTED_EDGE('',*,*,#2210,.F.) ;
#7950=ORIENTED_EDGE('',*,*,#7947,.T.) ;
#7951=ORIENTED_EDGE('',*,*,#4636,.F.) ;
#7952=ORIENTED_EDGE('',*,*,#7923,.F.) ;
#7973=ORIENTED_EDGE('',*,*,#2203,.F.) ;
#7974=ORIENTED_EDGE('',*,*,#7971,.T.) ;
#7975=ORIENTED_EDGE('',*,*,#4643,.F.) ;
#7976=ORIENTED_EDGE('',*,*,#7947,.F.) ;
#7997=ORIENTED_EDGE('',*,*,#2196,.F.) ;
#7998=ORIENTED_EDGE('',*,*,#7995,.T.) ;
#7999=ORIENTED_EDGE('',*,*,#4650,.F.) ;
#8000=ORIENTED_EDGE('',*,*,#7971,.F.) ;
#8021=ORIENTED_EDGE('',*,*,#2189,.F.) ;
#8022=ORIENTED_EDGE('',*,*,#8019,.T.) ;
#8023=ORIENTED_EDGE('',*,*,#4657,.F.) ;
#8024=ORIENTED_EDGE('',*,*,#7995,.F.) ;
#8045=ORIENTED_EDGE('',*,*,#2182,.F.) ;
#8046=ORIENTED_EDGE('',*,*,#8043,.T.) ;
#8047=ORIENTED_EDGE('',*,*,#4664,.F.) ;
#8048=ORIENTED_EDGE('',*,*,#8019,.F.) ;
#8069=ORIENTED_EDGE('',*,*,#2175,.F.) ;
#8070=ORIENTED_EDGE('',*,*,#8067,.T.) ;
#8071=ORIENTED_EDGE('',*,*,#4671,.F.) ;
#8072=ORIENTED_EDGE('',*,*,#8043,.F.) ;
#8093=ORIENTED_EDGE('',*,*,#2168,.F.) ;
#8094=ORIENTED_EDGE('',*,*,#8091,.T.) ;
#8095=ORIENTED_EDGE('',*,*,#4678,.F.) ;
#8096=ORIENTED_EDGE('',*,*,#8067,.F.) ;
#8112=ORIENTED_EDGE('',*,*,#3125,.F.) ;
#8113=ORIENTED_EDGE('',*,*,#4847,.T.) ;
#8114=ORIENTED_EDGE('',*,*,#4683,.F.) ;
#8115=ORIENTED_EDGE('',*,*,#8091,.F.) ;
#8952=ORIENTED_EDGE('',*,*,#8133,.T.) ;
#8953=ORIENTED_EDGE('',*,*,#8140,.T.) ;
#8954=ORIENTED_EDGE('',*,*,#8147,.T.) ;
#8955=ORIENTED_EDGE('',*,*,#8154,.T.) ;
#8956=ORIENTED_EDGE('',*,*,#8161,.T.) ;
#8957=ORIENTED_EDGE('',*,*,#8168,.T.) ;
#8958=ORIENTED_EDGE('',*,*,#8175,.T.) ;
#8959=ORIENTED_EDGE('',*,*,#8182,.T.) ;
#8960=ORIENTED_EDGE('',*,*,#8189,.T.) ;
#8961=ORIENTED_EDGE('',*,*,#8196,.T.) ;
#8962=ORIENTED_EDGE('',*,*,#8203,.T.) ;
#8963=ORIENTED_EDGE('',*,*,#8210,.T.) ;
#8964=ORIENTED_EDGE('',*,*,#8217,.T.) ;
#8965=ORIENTED_EDGE('',*,*,#8224,.T.) ;
#8966=ORIENTED_EDGE('',*,*,#8231,.T.) ;
#8967=ORIENTED_EDGE('',*,*,#8238,.T.) ;
#8968=ORIENTED_EDGE('',*,*,#8245,.T.) ;
#8969=ORIENTED_EDGE('',*,*,#8252,.T.) ;
#8970=ORIENTED_EDGE('',*,*,#8259,.T.) ;
#8971=ORIENTED_EDGE('',*,*,#8266,.T.) ;
#8972=ORIENTED_EDGE('',*,*,#8273,.T.) ;
#8973=ORIENTED_EDGE('',*,*,#8280,.T.) ;
#8974=ORIENTED_EDGE('',*,*,#8287,.T.) ;
#8975=ORIENTED_EDGE('',*,*,#8294,.T.) ;
#8976=ORIENTED_EDGE('',*,*,#8301,.T.) ;
#8977=ORIENTED_EDGE('',*,*,#8308,.T.) ;
#8978=ORIENTED_EDGE('',*,*,#8315,.T.) ;
#8979=ORIENTED_EDGE('',*,*,#8322,.T.) ;
#8980=ORIENTED_EDGE('',*,*,#8329,.T.) ;
#8981=ORIENTED_EDGE('',*,*,#8336,.T.) ;
#8982=ORIENTED_EDGE('',*,*,#8343,.T.) ;
#8983=ORIENTED_EDGE('',*,*,#8350,.T.) ;
#8984=ORIENTED_EDGE('',*,*,#8357,.T.) ;
#8985=ORIENTED_EDGE('',*,*,#8364,.T.) ;
#8986=ORIENTED_EDGE('',*,*,#8371,.T.) ;
#8987=ORIENTED_EDGE('',*,*,#8378,.T.) ;
#8988=ORIENTED_EDGE('',*,*,#8385,.T.) ;
#8989=ORIENTED_EDGE('',*,*,#8392,.T.) ;
#8990=ORIENTED_EDGE('',*,*,#8399,.T.) ;
#8991=ORIENTED_EDGE('',*,*,#8406,.T.) ;
#8992=ORIENTED_EDGE('',*,*,#8413,.T.) ;
#8993=ORIENTED_EDGE('',*,*,#8420,.T.) ;
#8994=ORIENTED_EDGE('',*,*,#8427,.T.) ;
#8995=ORIENTED_EDGE('',*,*,#8434,.T.) ;
#8996=ORIENTED_EDGE('',*,*,#8441,.T.) ;
#8997=ORIENTED_EDGE('',*,*,#8448,.T.) ;
#8998=ORIENTED_EDGE('',*,*,#8455,.T.) ;
#8999=ORIENTED_EDGE('',*,*,#8462,.T.) ;
#9000=ORIENTED_EDGE('',*,*,#8469,.T.) ;
#9001=ORIENTED_EDGE('',*,*,#8476,.T.) ;
#9002=ORIENTED_EDGE('',*,*,#8483,.T.) ;
#9003=ORIENTED_EDGE('',*,*,#8490,.T.) ;
#9004=ORIENTED_EDGE('',*,*,#8497,.T.) ;
#9005=ORIENTED_EDGE('',*,*,#8504,.T.) ;
#9006=ORIENTED_EDGE('',*,*,#8511,.T.) ;
#9007=ORIENTED_EDGE('',*,*,#8518,.T.) ;
#9008=ORIENTED_EDGE('',*,*,#8525,.T.) ;
#9009=ORIENTED_EDGE('',*,*,#8532,.T.) ;
#9010=ORIENTED_EDGE('',*,*,#8539,.T.) ;
#9011=ORIENTED_EDGE('',*,*,#8546,.T.) ;
#9012=ORIENTED_EDGE('',*,*,#8553,.T.) ;
#9013=ORIENTED_EDGE('',*,*,#8560,.T.) ;
#9014=ORIENTED_EDGE('',*,*,#8567,.T.) ;
#9015=ORIENTED_EDGE('',*,*,#8574,.T.) ;
#9016=ORIENTED_EDGE('',*,*,#8581,.T.) ;
#9017=ORIENTED_EDGE('',*,*,#8588,.T.) ;
#9018=ORIENTED_EDGE('',*,*,#8595,.T.) ;
#9019=ORIENTED_EDGE('',*,*,#8602,.T.) ;
#9020=ORIENTED_EDGE('',*,*,#8609,.T.) ;
#9021=ORIENTED_EDGE('',*,*,#8616,.T.) ;
#9022=ORIENTED_EDGE('',*,*,#8623,.T.) ;
#9023=ORIENTED_EDGE('',*,*,#8630,.T.) ;
#9024=ORIENTED_EDGE('',*,*,#8637,.T.) ;
#9025=ORIENTED_EDGE('',*,*,#8644,.T.) ;
#9026=ORIENTED_EDGE('',*,*,#8651,.T.) ;
#9027=ORIENTED_EDGE('',*,*,#8658,.T.) ;
#9028=ORIENTED_EDGE('',*,*,#8665,.T.) ;
#9029=ORIENTED_EDGE('',*,*,#8672,.T.) ;
#9030=ORIENTED_EDGE('',*,*,#8679,.T.) ;
#9031=ORIENTED_EDGE('',*,*,#8686,.T.) ;
#9032=ORIENTED_EDGE('',*,*,#8693,.T.) ;
#9033=ORIENTED_EDGE('',*,*,#8700,.T.) ;
#9034=ORIENTED_EDGE('',*,*,#8707,.T.) ;
#9035=ORIENTED_EDGE('',*,*,#8714,.T.) ;
#9036=ORIENTED_EDGE('',*,*,#8721,.T.) ;
#9037=ORIENTED_EDGE('',*,*,#8728,.T.) ;
#9038=ORIENTED_EDGE('',*,*,#8735,.T.) ;
#9039=ORIENTED_EDGE('',*,*,#8742,.T.) ;
#9040=ORIENTED_EDGE('',*,*,#8749,.T.) ;
#9041=ORIENTED_EDGE('',*,*,#8756,.T.) ;
#9042=ORIENTED_EDGE('',*,*,#8763,.T.) ;
#9043=ORIENTED_EDGE('',*,*,#8770,.T.) ;
#9044=ORIENTED_EDGE('',*,*,#8777,.T.) ;
#9045=ORIENTED_EDGE('',*,*,#8784,.T.) ;
#9046=ORIENTED_EDGE('',*,*,#8791,.T.) ;
#9047=ORIENTED_EDGE('',*,*,#8798,.T.) ;
#9048=ORIENTED_EDGE('',*,*,#8805,.T.) ;
#9049=ORIENTED_EDGE('',*,*,#8812,.T.) ;
#9050=ORIENTED_EDGE('',*,*,#8819,.T.) ;
#9051=ORIENTED_EDGE('',*,*,#8826,.T.) ;
#9052=ORIENTED_EDGE('',*,*,#8833,.T.) ;
#9053=ORIENTED_EDGE('',*,*,#8840,.T.) ;
#9054=ORIENTED_EDGE('',*,*,#8847,.T.) ;
#9055=ORIENTED_EDGE('',*,*,#8854,.T.) ;
#9056=ORIENTED_EDGE('',*,*,#8861,.T.) ;
#9057=ORIENTED_EDGE('',*,*,#8868,.T.) ;
#9058=ORIENTED_EDGE('',*,*,#8875,.T.) ;
#9059=ORIENTED_EDGE('',*,*,#8882,.T.) ;
#9060=ORIENTED_EDGE('',*,*,#8889,.T.) ;
#9061=ORIENTED_EDGE('',*,*,#8896,.T.) ;
#9062=ORIENTED_EDGE('',*,*,#8903,.T.) ;
#9063=ORIENTED_EDGE('',*,*,#8910,.T.) ;
#9064=ORIENTED_EDGE('',*,*,#8917,.T.) ;
#9065=ORIENTED_EDGE('',*,*,#8924,.T.) ;
#9066=ORIENTED_EDGE('',*,*,#8931,.T.) ;
#9067=ORIENTED_EDGE('',*,*,#8938,.T.) ;
#9068=ORIENTED_EDGE('',*,*,#8945,.T.) ;
#9069=ORIENTED_EDGE('',*,*,#8950,.T.) ;
#9095=ORIENTED_EDGE('',*,*,#1582,.F.) ;
#9096=ORIENTED_EDGE('',*,*,#9088,.T.) ;
#9097=ORIENTED_EDGE('',*,*,#8133,.F.) ;
#9098=ORIENTED_EDGE('',*,*,#9093,.F.) ;
#9119=ORIENTED_EDGE('',*,*,#1575,.F.) ;
#9120=ORIENTED_EDGE('',*,*,#9117,.T.) ;
#9121=ORIENTED_EDGE('',*,*,#8140,.F.) ;
#9122=ORIENTED_EDGE('',*,*,#9088,.F.) ;
#9143=ORIENTED_EDGE('',*,*,#1568,.F.) ;
#9144=ORIENTED_EDGE('',*,*,#9141,.T.) ;
#9145=ORIENTED_EDGE('',*,*,#8147,.F.) ;
#9146=ORIENTED_EDGE('',*,*,#9117,.F.) ;
#9167=ORIENTED_EDGE('',*,*,#1561,.F.) ;
#9168=ORIENTED_EDGE('',*,*,#9165,.T.) ;
#9169=ORIENTED_EDGE('',*,*,#8154,.F.) ;
#9170=ORIENTED_EDGE('',*,*,#9141,.F.) ;
#9191=ORIENTED_EDGE('',*,*,#1554,.F.) ;
#9192=ORIENTED_EDGE('',*,*,#9189,.T.) ;
#9193=ORIENTED_EDGE('',*,*,#8161,.F.) ;
#9194=ORIENTED_EDGE('',*,*,#9165,.F.) ;
#9215=ORIENTED_EDGE('',*,*,#1547,.F.) ;
#9216=ORIENTED_EDGE('',*,*,#9213,.T.) ;
#9217=ORIENTED_EDGE('',*,*,#8168,.F.) ;
#9218=ORIENTED_EDGE('',*,*,#9189,.F.) ;
#9239=ORIENTED_EDGE('',*,*,#1540,.F.) ;
#9240=ORIENTED_EDGE('',*,*,#9237,.T.) ;
#9241=ORIENTED_EDGE('',*,*,#8175,.F.) ;
#9242=ORIENTED_EDGE('',*,*,#9213,.F.) ;
#9263=ORIENTED_EDGE('',*,*,#1533,.F.) ;
#9264=ORIENTED_EDGE('',*,*,#9261,.T.) ;
#9265=ORIENTED_EDGE('',*,*,#8182,.F.) ;
#9266=ORIENTED_EDGE('',*,*,#9237,.F.) ;
#9287=ORIENTED_EDGE('',*,*,#1526,.F.) ;
#9288=ORIENTED_EDGE('',*,*,#9285,.T.) ;
#9289=ORIENTED_EDGE('',*,*,#8189,.F.) ;
#9290=ORIENTED_EDGE('',*,*,#9261,.F.) ;
#9311=ORIENTED_EDGE('',*,*,#1519,.F.) ;
#9312=ORIENTED_EDGE('',*,*,#9309,.T.) ;
#9313=ORIENTED_EDGE('',*,*,#8196,.F.) ;
#9314=ORIENTED_EDGE('',*,*,#9285,.F.) ;
#9335=ORIENTED_EDGE('',*,*,#1512,.F.) ;
#9336=ORIENTED_EDGE('',*,*,#9333,.T.) ;
#9337=ORIENTED_EDGE('',*,*,#8203,.F.) ;
#9338=ORIENTED_EDGE('',*,*,#9309,.F.) ;
#9359=ORIENTED_EDGE('',*,*,#1505,.F.) ;
#9360=ORIENTED_EDGE('',*,*,#9357,.T.) ;
#9361=ORIENTED_EDGE('',*,*,#8210,.F.) ;
#9362=ORIENTED_EDGE('',*,*,#9333,.F.) ;
#9383=ORIENTED_EDGE('',*,*,#1498,.F.) ;
#9384=ORIENTED_EDGE('',*,*,#9381,.T.) ;
#9385=ORIENTED_EDGE('',*,*,#8217,.F.) ;
#9386=ORIENTED_EDGE('',*,*,#9357,.F.) ;
#9407=ORIENTED_EDGE('',*,*,#1491,.F.) ;
#9408=ORIENTED_EDGE('',*,*,#9405,.T.) ;
#9409=ORIENTED_EDGE('',*,*,#8224,.F.) ;
#9410=ORIENTED_EDGE('',*,*,#9381,.F.) ;
#9431=ORIENTED_EDGE('',*,*,#1484,.F.) ;
#9432=ORIENTED_EDGE('',*,*,#9429,.T.) ;
#9433=ORIENTED_EDGE('',*,*,#8231,.F.) ;
#9434=ORIENTED_EDGE('',*,*,#9405,.F.) ;
#9455=ORIENTED_EDGE('',*,*,#1477,.F.) ;
#9456=ORIENTED_EDGE('',*,*,#9453,.T.) ;
#9457=ORIENTED_EDGE('',*,*,#8238,.F.) ;
#9458=ORIENTED_EDGE('',*,*,#9429,.F.) ;
#9479=ORIENTED_EDGE('',*,*,#1470,.F.) ;
#9480=ORIENTED_EDGE('',*,*,#9477,.T.) ;
#9481=ORIENTED_EDGE('',*,*,#8245,.F.) ;
#9482=ORIENTED_EDGE('',*,*,#9453,.F.) ;
#9503=ORIENTED_EDGE('',*,*,#1463,.F.) ;
#9504=ORIENTED_EDGE('',*,*,#9501,.T.) ;
#9505=ORIENTED_EDGE('',*,*,#8252,.F.) ;
#9506=ORIENTED_EDGE('',*,*,#9477,.F.) ;
#9527=ORIENTED_EDGE('',*,*,#1456,.F.) ;
#9528=ORIENTED_EDGE('',*,*,#9525,.T.) ;
#9529=ORIENTED_EDGE('',*,*,#8259,.F.) ;
#9530=ORIENTED_EDGE('',*,*,#9501,.F.) ;
#9551=ORIENTED_EDGE('',*,*,#1449,.F.) ;
#9552=ORIENTED_EDGE('',*,*,#9549,.T.) ;
#9553=ORIENTED_EDGE('',*,*,#8266,.F.) ;
#9554=ORIENTED_EDGE('',*,*,#9525,.F.) ;
#9575=ORIENTED_EDGE('',*,*,#1442,.F.) ;
#9576=ORIENTED_EDGE('',*,*,#9573,.T.) ;
#9577=ORIENTED_EDGE('',*,*,#8273,.F.) ;
#9578=ORIENTED_EDGE('',*,*,#9549,.F.) ;
#9599=ORIENTED_EDGE('',*,*,#1435,.F.) ;
#9600=ORIENTED_EDGE('',*,*,#9597,.T.) ;
#9601=ORIENTED_EDGE('',*,*,#8280,.F.) ;
#9602=ORIENTED_EDGE('',*,*,#9573,.F.) ;
#9623=ORIENTED_EDGE('',*,*,#1428,.F.) ;
#9624=ORIENTED_EDGE('',*,*,#9621,.T.) ;
#9625=ORIENTED_EDGE('',*,*,#8287,.F.) ;
#9626=ORIENTED_EDGE('',*,*,#9597,.F.) ;
#9647=ORIENTED_EDGE('',*,*,#1421,.F.) ;
#9648=ORIENTED_EDGE('',*,*,#9645,.T.) ;
#9649=ORIENTED_EDGE('',*,*,#8294,.F.) ;
#9650=ORIENTED_EDGE('',*,*,#9621,.F.) ;
#9671=ORIENTED_EDGE('',*,*,#1414,.F.) ;
#9672=ORIENTED_EDGE('',*,*,#9669,.T.) ;
#9673=ORIENTED_EDGE('',*,*,#8301,.F.) ;
#9674=ORIENTED_EDGE('',*,*,#9645,.F.) ;
#9695=ORIENTED_EDGE('',*,*,#1407,.F.) ;
#9696=ORIENTED_EDGE('',*,*,#9693,.T.) ;
#9697=ORIENTED_EDGE('',*,*,#8308,.F.) ;
#9698=ORIENTED_EDGE('',*,*,#9669,.F.) ;
#9719=ORIENTED_EDGE('',*,*,#1400,.F.) ;
#9720=ORIENTED_EDGE('',*,*,#9717,.T.) ;
#9721=ORIENTED_EDGE('',*,*,#8315,.F.) ;
#9722=ORIENTED_EDGE('',*,*,#9693,.F.) ;
#9743=ORIENTED_EDGE('',*,*,#1393,.F.) ;
#9744=ORIENTED_EDGE('',*,*,#9741,.T.) ;
#9745=ORIENTED_EDGE('',*,*,#8322,.F.) ;
#9746=ORIENTED_EDGE('',*,*,#9717,.F.) ;
#9767=ORIENTED_EDGE('',*,*,#1386,.F.) ;
#9768=ORIENTED_EDGE('',*,*,#9765,.T.) ;
#9769=ORIENTED_EDGE('',*,*,#8329,.F.) ;
#9770=ORIENTED_EDGE('',*,*,#9741,.F.) ;
#9791=ORIENTED_EDGE('',*,*,#1379,.F.) ;
#9792=ORIENTED_EDGE('',*,*,#9789,.T.) ;
#9793=ORIENTED_EDGE('',*,*,#8336,.F.) ;
#9794=ORIENTED_EDGE('',*,*,#9765,.F.) ;
#9815=ORIENTED_EDGE('',*,*,#1372,.F.) ;
#9816=ORIENTED_EDGE('',*,*,#9813,.T.) ;
#9817=ORIENTED_EDGE('',*,*,#8343,.F.) ;
#9818=ORIENTED_EDGE('',*,*,#9789,.F.) ;
#9839=ORIENTED_EDGE('',*,*,#1365,.F.) ;
#9840=ORIENTED_EDGE('',*,*,#9837,.T.) ;
#9841=ORIENTED_EDGE('',*,*,#8350,.F.) ;
#9842=ORIENTED_EDGE('',*,*,#9813,.F.) ;
#9863=ORIENTED_EDGE('',*,*,#1358,.F.) ;
#9864=ORIENTED_EDGE('',*,*,#9861,.T.) ;
#9865=ORIENTED_EDGE('',*,*,#8357,.F.) ;
#9866=ORIENTED_EDGE('',*,*,#9837,.F.) ;
#9887=ORIENTED_EDGE('',*,*,#1351,.F.) ;
#9888=ORIENTED_EDGE('',*,*,#9885,.T.) ;
#9889=ORIENTED_EDGE('',*,*,#8364,.F.) ;
#9890=ORIENTED_EDGE('',*,*,#9861,.F.) ;
#9911=ORIENTED_EDGE('',*,*,#1344,.F.) ;
#9912=ORIENTED_EDGE('',*,*,#9909,.T.) ;
#9913=ORIENTED_EDGE('',*,*,#8371,.F.) ;
#9914=ORIENTED_EDGE('',*,*,#9885,.F.) ;
#9935=ORIENTED_EDGE('',*,*,#1337,.F.) ;
#9936=ORIENTED_EDGE('',*,*,#9933,.T.) ;
#9937=ORIENTED_EDGE('',*,*,#8378,.F.) ;
#9938=ORIENTED_EDGE('',*,*,#9909,.F.) ;
#9959=ORIENTED_EDGE('',*,*,#1330,.F.) ;
#9960=ORIENTED_EDGE('',*,*,#9957,.T.) ;
#9961=ORIENTED_EDGE('',*,*,#8385,.F.) ;
#9962=ORIENTED_EDGE('',*,*,#9933,.F.) ;
#9983=ORIENTED_EDGE('',*,*,#1323,.F.) ;
#9984=ORIENTED_EDGE('',*,*,#9981,.T.) ;
#9985=ORIENTED_EDGE('',*,*,#8392,.F.) ;
#9986=ORIENTED_EDGE('',*,*,#9957,.F.) ;
#10007=ORIENTED_EDGE('',*,*,#1316,.F.) ;
#10008=ORIENTED_EDGE('',*,*,#10005,.T.) ;
#10009=ORIENTED_EDGE('',*,*,#8399,.F.) ;
#10010=ORIENTED_EDGE('',*,*,#9981,.F.) ;
#10031=ORIENTED_EDGE('',*,*,#1309,.F.) ;
#10032=ORIENTED_EDGE('',*,*,#10029,.T.) ;
#10033=ORIENTED_EDGE('',*,*,#8406,.F.) ;
#10034=ORIENTED_EDGE('',*,*,#10005,.F.) ;
#10055=ORIENTED_EDGE('',*,*,#1302,.F.) ;
#10056=ORIENTED_EDGE('',*,*,#10053,.T.) ;
#10057=ORIENTED_EDGE('',*,*,#8413,.F.) ;
#10058=ORIENTED_EDGE('',*,*,#10029,.F.) ;
#10079=ORIENTED_EDGE('',*,*,#1295,.F.) ;
#10080=ORIENTED_EDGE('',*,*,#10077,.T.) ;
#10081=ORIENTED_EDGE('',*,*,#8420,.F.) ;
#10082=ORIENTED_EDGE('',*,*,#10053,.F.) ;
#10103=ORIENTED_EDGE('',*,*,#1288,.F.) ;
#10104=ORIENTED_EDGE('',*,*,#10101,.T.) ;
#10105=ORIENTED_EDGE('',*,*,#8427,.F.) ;
#10106=ORIENTED_EDGE('',*,*,#10077,.F.) ;
#10127=ORIENTED_EDGE('',*,*,#1281,.F.) ;
#10128=ORIENTED_EDGE('',*,*,#10125,.T.) ;
#10129=ORIENTED_EDGE('',*,*,#8434,.F.) ;
#10130=ORIENTED_EDGE('',*,*,#10101,.F.) ;
#10151=ORIENTED_EDGE('',*,*,#1274,.F.) ;
#10152=ORIENTED_EDGE('',*,*,#10149,.T.) ;
#10153=ORIENTED_EDGE('',*,*,#8441,.F.) ;
#10154=ORIENTED_EDGE('',*,*,#10125,.F.) ;
#10175=ORIENTED_EDGE('',*,*,#1267,.F.) ;
#10176=ORIENTED_EDGE('',*,*,#10173,.T.) ;
#10177=ORIENTED_EDGE('',*,*,#8448,.F.) ;
#10178=ORIENTED_EDGE('',*,*,#10149,.F.) ;
#10199=ORIENTED_EDGE('',*,*,#1260,.F.) ;
#10200=ORIENTED_EDGE('',*,*,#10197,.T.) ;
#10201=ORIENTED_EDGE('',*,*,#8455,.F.) ;
#10202=ORIENTED_EDGE('',*,*,#10173,.F.) ;
#10223=ORIENTED_EDGE('',*,*,#1253,.F.) ;
#10224=ORIENTED_EDGE('',*,*,#10221,.T.) ;
#10225=ORIENTED_EDGE('',*,*,#8462,.F.) ;
#10226=ORIENTED_EDGE('',*,*,#10197,.F.) ;
#10247=ORIENTED_EDGE('',*,*,#1246,.F.) ;
#10248=ORIENTED_EDGE('',*,*,#10245,.T.) ;
#10249=ORIENTED_EDGE('',*,*,#8469,.F.) ;
#10250=ORIENTED_EDGE('',*,*,#10221,.F.) ;
#10271=ORIENTED_EDGE('',*,*,#1239,.F.) ;
#10272=ORIENTED_EDGE('',*,*,#10269,.T.) ;
#10273=ORIENTED_EDGE('',*,*,#8476,.F.) ;
#10274=ORIENTED_EDGE('',*,*,#10245,.F.) ;
#10295=ORIENTED_EDGE('',*,*,#1232,.F.) ;
#10296=ORIENTED_EDGE('',*,*,#10293,.T.) ;
#10297=ORIENTED_EDGE('',*,*,#8483,.F.) ;
#10298=ORIENTED_EDGE('',*,*,#10269,.F.) ;
#10319=ORIENTED_EDGE('',*,*,#1225,.F.) ;
#10320=ORIENTED_EDGE('',*,*,#10317,.T.) ;
#10321=ORIENTED_EDGE('',*,*,#8490,.F.) ;
#10322=ORIENTED_EDGE('',*,*,#10293,.F.) ;
#10343=ORIENTED_EDGE('',*,*,#1218,.F.) ;
#10344=ORIENTED_EDGE('',*,*,#10341,.T.) ;
#10345=ORIENTED_EDGE('',*,*,#8497,.F.) ;
#10346=ORIENTED_EDGE('',*,*,#10317,.F.) ;
#10367=ORIENTED_EDGE('',*,*,#1211,.F.) ;
#10368=ORIENTED_EDGE('',*,*,#10365,.T.) ;
#10369=ORIENTED_EDGE('',*,*,#8504,.F.) ;
#10370=ORIENTED_EDGE('',*,*,#10341,.F.) ;
#10391=ORIENTED_EDGE('',*,*,#1204,.F.) ;
#10392=ORIENTED_EDGE('',*,*,#10389,.T.) ;
#10393=ORIENTED_EDGE('',*,*,#8511,.F.) ;
#10394=ORIENTED_EDGE('',*,*,#10365,.F.) ;
#10415=ORIENTED_EDGE('',*,*,#1197,.F.) ;
#10416=ORIENTED_EDGE('',*,*,#10413,.T.) ;
#10417=ORIENTED_EDGE('',*,*,#8518,.F.) ;
#10418=ORIENTED_EDGE('',*,*,#10389,.F.) ;
#10439=ORIENTED_EDGE('',*,*,#1190,.F.) ;
#10440=ORIENTED_EDGE('',*,*,#10437,.T.) ;
#10441=ORIENTED_EDGE('',*,*,#8525,.F.) ;
#10442=ORIENTED_EDGE('',*,*,#10413,.F.) ;
#10463=ORIENTED_EDGE('',*,*,#1183,.F.) ;
#10464=ORIENTED_EDGE('',*,*,#10461,.T.) ;
#10465=ORIENTED_EDGE('',*,*,#8532,.F.) ;
#10466=ORIENTED_EDGE('',*,*,#10437,.F.) ;
#10487=ORIENTED_EDGE('',*,*,#1176,.F.) ;
#10488=ORIENTED_EDGE('',*,*,#10485,.T.) ;
#10489=ORIENTED_EDGE('',*,*,#8539,.F.) ;
#10490=ORIENTED_EDGE('',*,*,#10461,.F.) ;
#10511=ORIENTED_EDGE('',*,*,#1169,.F.) ;
#10512=ORIENTED_EDGE('',*,*,#10509,.T.) ;
#10513=ORIENTED_EDGE('',*,*,#8546,.F.) ;
#10514=ORIENTED_EDGE('',*,*,#10485,.F.) ;
#10535=ORIENTED_EDGE('',*,*,#1162,.F.) ;
#10536=ORIENTED_EDGE('',*,*,#10533,.T.) ;
#10537=ORIENTED_EDGE('',*,*,#8553,.F.) ;
#10538=ORIENTED_EDGE('',*,*,#10509,.F.) ;
#10559=ORIENTED_EDGE('',*,*,#1155,.F.) ;
#10560=ORIENTED_EDGE('',*,*,#10557,.T.) ;
#10561=ORIENTED_EDGE('',*,*,#8560,.F.) ;
#10562=ORIENTED_EDGE('',*,*,#10533,.F.) ;
#10583=ORIENTED_EDGE('',*,*,#1148,.F.) ;
#10584=ORIENTED_EDGE('',*,*,#10581,.T.) ;
#10585=ORIENTED_EDGE('',*,*,#8567,.F.) ;
#10586=ORIENTED_EDGE('',*,*,#10557,.F.) ;
#10607=ORIENTED_EDGE('',*,*,#1141,.F.) ;
#10608=ORIENTED_EDGE('',*,*,#10605,.T.) ;
#10609=ORIENTED_EDGE('',*,*,#8574,.F.) ;
#10610=ORIENTED_EDGE('',*,*,#10581,.F.) ;
#10631=ORIENTED_EDGE('',*,*,#1134,.F.) ;
#10632=ORIENTED_EDGE('',*,*,#10629,.T.) ;
#10633=ORIENTED_EDGE('',*,*,#8581,.F.) ;
#10634=ORIENTED_EDGE('',*,*,#10605,.F.) ;
#10655=ORIENTED_EDGE('',*,*,#1127,.F.) ;
#10656=ORIENTED_EDGE('',*,*,#10653,.T.) ;
#10657=ORIENTED_EDGE('',*,*,#8588,.F.) ;
#10658=ORIENTED_EDGE('',*,*,#10629,.F.) ;
#10679=ORIENTED_EDGE('',*,*,#1120,.F.) ;
#10680=ORIENTED_EDGE('',*,*,#10677,.T.) ;
#10681=ORIENTED_EDGE('',*,*,#8595,.F.) ;
#10682=ORIENTED_EDGE('',*,*,#10653,.F.) ;
#10703=ORIENTED_EDGE('',*,*,#1113,.F.) ;
#10704=ORIENTED_EDGE('',*,*,#10701,.T.) ;
#10705=ORIENTED_EDGE('',*,*,#8602,.F.) ;
#10706=ORIENTED_EDGE('',*,*,#10677,.F.) ;
#10727=ORIENTED_EDGE('',*,*,#1106,.F.) ;
#10728=ORIENTED_EDGE('',*,*,#10725,.T.) ;
#10729=ORIENTED_EDGE('',*,*,#8609,.F.) ;
#10730=ORIENTED_EDGE('',*,*,#10701,.F.) ;
#10751=ORIENTED_EDGE('',*,*,#1099,.F.) ;
#10752=ORIENTED_EDGE('',*,*,#10749,.T.) ;
#10753=ORIENTED_EDGE('',*,*,#8616,.F.) ;
#10754=ORIENTED_EDGE('',*,*,#10725,.F.) ;
#10775=ORIENTED_EDGE('',*,*,#1092,.F.) ;
#10776=ORIENTED_EDGE('',*,*,#10773,.T.) ;
#10777=ORIENTED_EDGE('',*,*,#8623,.F.) ;
#10778=ORIENTED_EDGE('',*,*,#10749,.F.) ;
#10799=ORIENTED_EDGE('',*,*,#1085,.F.) ;
#10800=ORIENTED_EDGE('',*,*,#10797,.T.) ;
#10801=ORIENTED_EDGE('',*,*,#8630,.F.) ;
#10802=ORIENTED_EDGE('',*,*,#10773,.F.) ;
#10823=ORIENTED_EDGE('',*,*,#1078,.F.) ;
#10824=ORIENTED_EDGE('',*,*,#10821,.T.) ;
#10825=ORIENTED_EDGE('',*,*,#8637,.F.) ;
#10826=ORIENTED_EDGE('',*,*,#10797,.F.) ;
#10847=ORIENTED_EDGE('',*,*,#1071,.F.) ;
#10848=ORIENTED_EDGE('',*,*,#10845,.T.) ;
#10849=ORIENTED_EDGE('',*,*,#8644,.F.) ;
#10850=ORIENTED_EDGE('',*,*,#10821,.F.) ;
#10871=ORIENTED_EDGE('',*,*,#1064,.F.) ;
#10872=ORIENTED_EDGE('',*,*,#10869,.T.) ;
#10873=ORIENTED_EDGE('',*,*,#8651,.F.) ;
#10874=ORIENTED_EDGE('',*,*,#10845,.F.) ;
#10895=ORIENTED_EDGE('',*,*,#1057,.F.) ;
#10896=ORIENTED_EDGE('',*,*,#10893,.T.) ;
#10897=ORIENTED_EDGE('',*,*,#8658,.F.) ;
#10898=ORIENTED_EDGE('',*,*,#10869,.F.) ;
#10919=ORIENTED_EDGE('',*,*,#1050,.F.) ;
#10920=ORIENTED_EDGE('',*,*,#10917,.T.) ;
#10921=ORIENTED_EDGE('',*,*,#8665,.F.) ;
#10922=ORIENTED_EDGE('',*,*,#10893,.F.) ;
#10943=ORIENTED_EDGE('',*,*,#1043,.F.) ;
#10944=ORIENTED_EDGE('',*,*,#10941,.T.) ;
#10945=ORIENTED_EDGE('',*,*,#8672,.F.) ;
#10946=ORIENTED_EDGE('',*,*,#10917,.F.) ;
#10967=ORIENTED_EDGE('',*,*,#1036,.F.) ;
#10968=ORIENTED_EDGE('',*,*,#10965,.T.) ;
#10969=ORIENTED_EDGE('',*,*,#8679,.F.) ;
#10970=ORIENTED_EDGE('',*,*,#10941,.F.) ;
#10991=ORIENTED_EDGE('',*,*,#1029,.F.) ;
#10992=ORIENTED_EDGE('',*,*,#10989,.T.) ;
#10993=ORIENTED_EDGE('',*,*,#8686,.F.) ;
#10994=ORIENTED_EDGE('',*,*,#10965,.F.) ;
#11015=ORIENTED_EDGE('',*,*,#1022,.F.) ;
#11016=ORIENTED_EDGE('',*,*,#11013,.T.) ;
#11017=ORIENTED_EDGE('',*,*,#8693,.F.) ;
#11018=ORIENTED_EDGE('',*,*,#10989,.F.) ;
#11039=ORIENTED_EDGE('',*,*,#1015,.F.) ;
#11040=ORIENTED_EDGE('',*,*,#11037,.T.) ;
#11041=ORIENTED_EDGE('',*,*,#8700,.F.) ;
#11042=ORIENTED_EDGE('',*,*,#11013,.F.) ;
#11063=ORIENTED_EDGE('',*,*,#1008,.F.) ;
#11064=ORIENTED_EDGE('',*,*,#11061,.T.) ;
#11065=ORIENTED_EDGE('',*,*,#8707,.F.) ;
#11066=ORIENTED_EDGE('',*,*,#11037,.F.) ;
#11087=ORIENTED_EDGE('',*,*,#1001,.F.) ;
#11088=ORIENTED_EDGE('',*,*,#11085,.T.) ;
#11089=ORIENTED_EDGE('',*,*,#8714,.F.) ;
#11090=ORIENTED_EDGE('',*,*,#11061,.F.) ;
#11111=ORIENTED_EDGE('',*,*,#994,.F.) ;
#11112=ORIENTED_EDGE('',*,*,#11109,.T.) ;
#11113=ORIENTED_EDGE('',*,*,#8721,.F.) ;
#11114=ORIENTED_EDGE('',*,*,#11085,.F.) ;
#11135=ORIENTED_EDGE('',*,*,#987,.F.) ;
#11136=ORIENTED_EDGE('',*,*,#11133,.T.) ;
#11137=ORIENTED_EDGE('',*,*,#8728,.F.) ;
#11138=ORIENTED_EDGE('',*,*,#11109,.F.) ;
#11159=ORIENTED_EDGE('',*,*,#980,.F.) ;
#11160=ORIENTED_EDGE('',*,*,#11157,.T.) ;
#11161=ORIENTED_EDGE('',*,*,#8735,.F.) ;
#11162=ORIENTED_EDGE('',*,*,#11133,.F.) ;
#11183=ORIENTED_EDGE('',*,*,#973,.F.) ;
#11184=ORIENTED_EDGE('',*,*,#11181,.T.) ;
#11185=ORIENTED_EDGE('',*,*,#8742,.F.) ;
#11186=ORIENTED_EDGE('',*,*,#11157,.F.) ;
#11207=ORIENTED_EDGE('',*,*,#966,.F.) ;
#11208=ORIENTED_EDGE('',*,*,#11205,.T.) ;
#11209=ORIENTED_EDGE('',*,*,#8749,.F.) ;
#11210=ORIENTED_EDGE('',*,*,#11181,.F.) ;
#11231=ORIENTED_EDGE('',*,*,#959,.F.) ;
#11232=ORIENTED_EDGE('',*,*,#11229,.T.) ;
#11233=ORIENTED_EDGE('',*,*,#8756,.F.) ;
#11234=ORIENTED_EDGE('',*,*,#11205,.F.) ;
#11255=ORIENTED_EDGE('',*,*,#952,.F.) ;
#11256=ORIENTED_EDGE('',*,*,#11253,.T.) ;
#11257=ORIENTED_EDGE('',*,*,#8763,.F.) ;
#11258=ORIENTED_EDGE('',*,*,#11229,.F.) ;
#11279=ORIENTED_EDGE('',*,*,#945,.F.) ;
#11280=ORIENTED_EDGE('',*,*,#11277,.T.) ;
#11281=ORIENTED_EDGE('',*,*,#8770,.F.) ;
#11282=ORIENTED_EDGE('',*,*,#11253,.F.) ;
#11303=ORIENTED_EDGE('',*,*,#938,.F.) ;
#11304=ORIENTED_EDGE('',*,*,#11301,.T.) ;
#11305=ORIENTED_EDGE('',*,*,#8777,.F.) ;
#11306=ORIENTED_EDGE('',*,*,#11277,.F.) ;
#11327=ORIENTED_EDGE('',*,*,#931,.F.) ;
#11328=ORIENTED_EDGE('',*,*,#11325,.T.) ;
#11329=ORIENTED_EDGE('',*,*,#8784,.F.) ;
#11330=ORIENTED_EDGE('',*,*,#11301,.F.) ;
#11351=ORIENTED_EDGE('',*,*,#924,.F.) ;
#11352=ORIENTED_EDGE('',*,*,#11349,.T.) ;
#11353=ORIENTED_EDGE('',*,*,#8791,.F.) ;
#11354=ORIENTED_EDGE('',*,*,#11325,.F.) ;
#11375=ORIENTED_EDGE('',*,*,#917,.F.) ;
#11376=ORIENTED_EDGE('',*,*,#11373,.T.) ;
#11377=ORIENTED_EDGE('',*,*,#8798,.F.) ;
#11378=ORIENTED_EDGE('',*,*,#11349,.F.) ;
#11399=ORIENTED_EDGE('',*,*,#910,.F.) ;
#11400=ORIENTED_EDGE('',*,*,#11397,.T.) ;
#11401=ORIENTED_EDGE('',*,*,#8805,.F.) ;
#11402=ORIENTED_EDGE('',*,*,#11373,.F.) ;
#11423=ORIENTED_EDGE('',*,*,#903,.F.) ;
#11424=ORIENTED_EDGE('',*,*,#11421,.T.) ;
#11425=ORIENTED_EDGE('',*,*,#8812,.F.) ;
#11426=ORIENTED_EDGE('',*,*,#11397,.F.) ;
#11447=ORIENTED_EDGE('',*,*,#896,.F.) ;
#11448=ORIENTED_EDGE('',*,*,#11445,.T.) ;
#11449=ORIENTED_EDGE('',*,*,#8819,.F.) ;
#11450=ORIENTED_EDGE('',*,*,#11421,.F.) ;
#11471=ORIENTED_EDGE('',*,*,#889,.F.) ;
#11472=ORIENTED_EDGE('',*,*,#11469,.T.) ;
#11473=ORIENTED_EDGE('',*,*,#8826,.F.) ;
#11474=ORIENTED_EDGE('',*,*,#11445,.F.) ;
#11495=ORIENTED_EDGE('',*,*,#882,.F.) ;
#11496=ORIENTED_EDGE('',*,*,#11493,.T.) ;
#11497=ORIENTED_EDGE('',*,*,#8833,.F.) ;
#11498=ORIENTED_EDGE('',*,*,#11469,.F.) ;
#11519=ORIENTED_EDGE('',*,*,#875,.F.) ;
#11520=ORIENTED_EDGE('',*,*,#11517,.T.) ;
#11521=ORIENTED_EDGE('',*,*,#8840,.F.) ;
#11522=ORIENTED_EDGE('',*,*,#11493,.F.) ;
#11543=ORIENTED_EDGE('',*,*,#868,.F.) ;
#11544=ORIENTED_EDGE('',*,*,#11541,.T.) ;
#11545=ORIENTED_EDGE('',*,*,#8847,.F.) ;
#11546=ORIENTED_EDGE('',*,*,#11517,.F.) ;
#11567=ORIENTED_EDGE('',*,*,#861,.F.) ;
#11568=ORIENTED_EDGE('',*,*,#11565,.T.) ;
#11569=ORIENTED_EDGE('',*,*,#8854,.F.) ;
#11570=ORIENTED_EDGE('',*,*,#11541,.F.) ;
#11591=ORIENTED_EDGE('',*,*,#854,.F.) ;
#11592=ORIENTED_EDGE('',*,*,#11589,.T.) ;
#11593=ORIENTED_EDGE('',*,*,#8861,.F.) ;
#11594=ORIENTED_EDGE('',*,*,#11565,.F.) ;
#11615=ORIENTED_EDGE('',*,*,#847,.F.) ;
#11616=ORIENTED_EDGE('',*,*,#11613,.T.) ;
#11617=ORIENTED_EDGE('',*,*,#8868,.F.) ;
#11618=ORIENTED_EDGE('',*,*,#11589,.F.) ;
#11639=ORIENTED_EDGE('',*,*,#840,.F.) ;
#11640=ORIENTED_EDGE('',*,*,#11637,.T.) ;
#11641=ORIENTED_EDGE('',*,*,#8875,.F.) ;
#11642=ORIENTED_EDGE('',*,*,#11613,.F.) ;
#11663=ORIENTED_EDGE('',*,*,#833,.F.) ;
#11664=ORIENTED_EDGE('',*,*,#11661,.T.) ;
#11665=ORIENTED_EDGE('',*,*,#8882,.F.) ;
#11666=ORIENTED_EDGE('',*,*,#11637,.F.) ;
#11687=ORIENTED_EDGE('',*,*,#826,.F.) ;
#11688=ORIENTED_EDGE('',*,*,#11685,.T.) ;
#11689=ORIENTED_EDGE('',*,*,#8889,.F.) ;
#11690=ORIENTED_EDGE('',*,*,#11661,.F.) ;
#11711=ORIENTED_EDGE('',*,*,#819,.F.) ;
#11712=ORIENTED_EDGE('',*,*,#11709,.T.) ;
#11713=ORIENTED_EDGE('',*,*,#8896,.F.) ;
#11714=ORIENTED_EDGE('',*,*,#11685,.F.) ;
#11735=ORIENTED_EDGE('',*,*,#812,.F.) ;
#11736=ORIENTED_EDGE('',*,*,#11733,.T.) ;
#11737=ORIENTED_EDGE('',*,*,#8903,.F.) ;
#11738=ORIENTED_EDGE('',*,*,#11709,.F.) ;
#11759=ORIENTED_EDGE('',*,*,#805,.F.) ;
#11760=ORIENTED_EDGE('',*,*,#11757,.T.) ;
#11761=ORIENTED_EDGE('',*,*,#8910,.F.) ;
#11762=ORIENTED_EDGE('',*,*,#11733,.F.) ;
#11783=ORIENTED_EDGE('',*,*,#798,.F.) ;
#11784=ORIENTED_EDGE('',*,*,#11781,.T.) ;
#11785=ORIENTED_EDGE('',*,*,#8917,.F.) ;
#11786=ORIENTED_EDGE('',*,*,#11757,.F.) ;
#11807=ORIENTED_EDGE('',*,*,#791,.F.) ;
#11808=ORIENTED_EDGE('',*,*,#11805,.T.) ;
#11809=ORIENTED_EDGE('',*,*,#8924,.F.) ;
#11810=ORIENTED_EDGE('',*,*,#11781,.F.) ;
#11831=ORIENTED_EDGE('',*,*,#784,.F.) ;
#11832=ORIENTED_EDGE('',*,*,#11829,.T.) ;
#11833=ORIENTED_EDGE('',*,*,#8931,.F.) ;
#11834=ORIENTED_EDGE('',*,*,#11805,.F.) ;
#11855=ORIENTED_EDGE('',*,*,#777,.F.) ;
#11856=ORIENTED_EDGE('',*,*,#11853,.T.) ;
#11857=ORIENTED_EDGE('',*,*,#8938,.F.) ;
#11858=ORIENTED_EDGE('',*,*,#11829,.F.) ;
#11879=ORIENTED_EDGE('',*,*,#770,.F.) ;
#11880=ORIENTED_EDGE('',*,*,#11877,.T.) ;
#11881=ORIENTED_EDGE('',*,*,#8945,.F.) ;
#11882=ORIENTED_EDGE('',*,*,#11853,.F.) ;
#11898=ORIENTED_EDGE('',*,*,#1587,.F.) ;
#11899=ORIENTED_EDGE('',*,*,#9093,.T.) ;
#11900=ORIENTED_EDGE('',*,*,#8950,.F.) ;
#11901=ORIENTED_EDGE('',*,*,#11877,.F.) ;
#11940=ORIENTED_EDGE('',*,*,#11919,.T.) ;
#11941=ORIENTED_EDGE('',*,*,#11926,.T.) ;
#11942=ORIENTED_EDGE('',*,*,#11933,.T.) ;
#11943=ORIENTED_EDGE('',*,*,#11938,.T.) ;
#11969=ORIENTED_EDGE('',*,*,#3466,.F.) ;
#11970=ORIENTED_EDGE('',*,*,#11962,.T.) ;
#11971=ORIENTED_EDGE('',*,*,#11919,.F.) ;
#11972=ORIENTED_EDGE('',*,*,#11967,.F.) ;
#11993=ORIENTED_EDGE('',*,*,#3459,.F.) ;
#11994=ORIENTED_EDGE('',*,*,#11991,.T.) ;
#11995=ORIENTED_EDGE('',*,*,#11926,.F.) ;
#11996=ORIENTED_EDGE('',*,*,#11962,.F.) ;
#12017=ORIENTED_EDGE('',*,*,#3452,.F.) ;
#12018=ORIENTED_EDGE('',*,*,#12015,.T.) ;
#12019=ORIENTED_EDGE('',*,*,#11933,.F.) ;
#12020=ORIENTED_EDGE('',*,*,#11991,.F.) ;
#12036=ORIENTED_EDGE('',*,*,#3471,.F.) ;
#12037=ORIENTED_EDGE('',*,*,#11967,.T.) ;
#12038=ORIENTED_EDGE('',*,*,#11938,.F.) ;
#12039=ORIENTED_EDGE('',*,*,#12015,.F.) ;
#12204=ORIENTED_EDGE('',*,*,#12057,.T.) ;
#12205=ORIENTED_EDGE('',*,*,#12064,.T.) ;
#12206=ORIENTED_EDGE('',*,*,#12071,.T.) ;
#12207=ORIENTED_EDGE('',*,*,#12078,.T.) ;
#12208=ORIENTED_EDGE('',*,*,#12085,.T.) ;
#12209=ORIENTED_EDGE('',*,*,#12092,.T.) ;
#12210=ORIENTED_EDGE('',*,*,#12099,.T.) ;
#12211=ORIENTED_EDGE('',*,*,#12106,.T.) ;
#12212=ORIENTED_EDGE('',*,*,#12113,.T.) ;
#12213=ORIENTED_EDGE('',*,*,#12120,.T.) ;
#12214=ORIENTED_EDGE('',*,*,#12127,.T.) ;
#12215=ORIENTED_EDGE('',*,*,#12134,.T.) ;
#12216=ORIENTED_EDGE('',*,*,#12141,.T.) ;
#12217=ORIENTED_EDGE('',*,*,#12148,.T.) ;
#12218=ORIENTED_EDGE('',*,*,#12155,.T.) ;
#12219=ORIENTED_EDGE('',*,*,#12162,.T.) ;
#12220=ORIENTED_EDGE('',*,*,#12169,.T.) ;
#12221=ORIENTED_EDGE('',*,*,#12176,.T.) ;
#12222=ORIENTED_EDGE('',*,*,#12183,.T.) ;
#12223=ORIENTED_EDGE('',*,*,#12190,.T.) ;
#12224=ORIENTED_EDGE('',*,*,#12197,.T.) ;
#12225=ORIENTED_EDGE('',*,*,#12202,.T.) ;
#12251=ORIENTED_EDGE('',*,*,#1856,.F.) ;
#12252=ORIENTED_EDGE('',*,*,#12244,.T.) ;
#12253=ORIENTED_EDGE('',*,*,#12057,.F.) ;
#12254=ORIENTED_EDGE('',*,*,#12249,.F.) ;
#12275=ORIENTED_EDGE('',*,*,#1849,.F.) ;
#12276=ORIENTED_EDGE('',*,*,#12273,.T.) ;
#12277=ORIENTED_EDGE('',*,*,#12064,.F.) ;
#12278=ORIENTED_EDGE('',*,*,#12244,.F.) ;
#12299=ORIENTED_EDGE('',*,*,#1842,.F.) ;
#12300=ORIENTED_EDGE('',*,*,#12297,.T.) ;
#12301=ORIENTED_EDGE('',*,*,#12071,.F.) ;
#12302=ORIENTED_EDGE('',*,*,#12273,.F.) ;
#12323=ORIENTED_EDGE('',*,*,#1835,.F.) ;
#12324=ORIENTED_EDGE('',*,*,#12321,.T.) ;
#12325=ORIENTED_EDGE('',*,*,#12078,.F.) ;
#12326=ORIENTED_EDGE('',*,*,#12297,.F.) ;
#12347=ORIENTED_EDGE('',*,*,#1828,.F.) ;
#12348=ORIENTED_EDGE('',*,*,#12345,.T.) ;
#12349=ORIENTED_EDGE('',*,*,#12085,.F.) ;
#12350=ORIENTED_EDGE('',*,*,#12321,.F.) ;
#12371=ORIENTED_EDGE('',*,*,#1821,.F.) ;
#12372=ORIENTED_EDGE('',*,*,#12369,.T.) ;
#12373=ORIENTED_EDGE('',*,*,#12092,.F.) ;
#12374=ORIENTED_EDGE('',*,*,#12345,.F.) ;
#12395=ORIENTED_EDGE('',*,*,#1814,.F.) ;
#12396=ORIENTED_EDGE('',*,*,#12393,.T.) ;
#12397=ORIENTED_EDGE('',*,*,#12099,.F.) ;
#12398=ORIENTED_EDGE('',*,*,#12369,.F.) ;
#12419=ORIENTED_EDGE('',*,*,#1807,.F.) ;
#12420=ORIENTED_EDGE('',*,*,#12417,.T.) ;
#12421=ORIENTED_EDGE('',*,*,#12106,.F.) ;
#12422=ORIENTED_EDGE('',*,*,#12393,.F.) ;
#12443=ORIENTED_EDGE('',*,*,#1800,.F.) ;
#12444=ORIENTED_EDGE('',*,*,#12441,.T.) ;
#12445=ORIENTED_EDGE('',*,*,#12113,.F.) ;
#12446=ORIENTED_EDGE('',*,*,#12417,.F.) ;
#12467=ORIENTED_EDGE('',*,*,#1793,.F.) ;
#12468=ORIENTED_EDGE('',*,*,#12465,.T.) ;
#12469=ORIENTED_EDGE('',*,*,#12120,.F.) ;
#12470=ORIENTED_EDGE('',*,*,#12441,.F.) ;
#12491=ORIENTED_EDGE('',*,*,#1786,.F.) ;
#12492=ORIENTED_EDGE('',*,*,#12489,.T.) ;
#12493=ORIENTED_EDGE('',*,*,#12127,.F.) ;
#12494=ORIENTED_EDGE('',*,*,#12465,.F.) ;
#12515=ORIENTED_EDGE('',*,*,#1779,.F.) ;
#12516=ORIENTED_EDGE('',*,*,#12513,.T.) ;
#12517=ORIENTED_EDGE('',*,*,#12134,.F.) ;
#12518=ORIENTED_EDGE('',*,*,#12489,.F.) ;
#12539=ORIENTED_EDGE('',*,*,#1772,.F.) ;
#12540=ORIENTED_EDGE('',*,*,#12537,.T.) ;
#12541=ORIENTED_EDGE('',*,*,#12141,.F.) ;
#12542=ORIENTED_EDGE('',*,*,#12513,.F.) ;
#12563=ORIENTED_EDGE('',*,*,#1765,.F.) ;
#12564=ORIENTED_EDGE('',*,*,#12561,.T.) ;
#12565=ORIENTED_EDGE('',*,*,#12148,.F.) ;
#12566=ORIENTED_EDGE('',*,*,#12537,.F.) ;
#12587=ORIENTED_EDGE('',*,*,#1758,.F.) ;
#12588=ORIENTED_EDGE('',*,*,#12585,.T.) ;
#12589=ORIENTED_EDGE('',*,*,#12155,.F.) ;
#12590=ORIENTED_EDGE('',*,*,#12561,.F.) ;
#12611=ORIENTED_EDGE('',*,*,#1751,.F.) ;
#12612=ORIENTED_EDGE('',*,*,#12609,.T.) ;
#12613=ORIENTED_EDGE('',*,*,#12162,.F.) ;
#12614=ORIENTED_EDGE('',*,*,#12585,.F.) ;
#12635=ORIENTED_EDGE('',*,*,#1744,.F.) ;
#12636=ORIENTED_EDGE('',*,*,#12633,.T.) ;
#12637=ORIENTED_EDGE('',*,*,#12169,.F.) ;
#12638=ORIENTED_EDGE('',*,*,#12609,.F.) ;
#12659=ORIENTED_EDGE('',*,*,#1737,.F.) ;
#12660=ORIENTED_EDGE('',*,*,#12657,.T.) ;
#12661=ORIENTED_EDGE('',*,*,#12176,.F.) ;
#12662=ORIENTED_EDGE('',*,*,#12633,.F.) ;
#12683=ORIENTED_EDGE('',*,*,#1730,.F.) ;
#12684=ORIENTED_EDGE('',*,*,#12681,.T.) ;
#12685=ORIENTED_EDGE('',*,*,#12183,.F.) ;
#12686=ORIENTED_EDGE('',*,*,#12657,.F.) ;
#12707=ORIENTED_EDGE('',*,*,#1723,.F.) ;
#12708=ORIENTED_EDGE('',*,*,#12705,.T.) ;
#12709=ORIENTED_EDGE('',*,*,#12190,.F.) ;
#12710=ORIENTED_EDGE('',*,*,#12681,.F.) ;
#12731=ORIENTED_EDGE('',*,*,#1716,.F.) ;
#12732=ORIENTED_EDGE('',*,*,#12729,.T.) ;
#12733=ORIENTED_EDGE('',*,*,#12197,.F.) ;
#12734=ORIENTED_EDGE('',*,*,#12705,.F.) ;
#12750=ORIENTED_EDGE('',*,*,#1861,.F.) ;
#12751=ORIENTED_EDGE('',*,*,#12249,.T.) ;
#12752=ORIENTED_EDGE('',*,*,#12202,.F.) ;
#12753=ORIENTED_EDGE('',*,*,#12729,.F.) ;
#12918=ORIENTED_EDGE('',*,*,#12771,.T.) ;
#12919=ORIENTED_EDGE('',*,*,#12778,.T.) ;
#12920=ORIENTED_EDGE('',*,*,#12785,.T.) ;
#12921=ORIENTED_EDGE('',*,*,#12792,.T.) ;
#12922=ORIENTED_EDGE('',*,*,#12799,.T.) ;
#12923=ORIENTED_EDGE('',*,*,#12806,.T.) ;
#12924=ORIENTED_EDGE('',*,*,#12813,.T.) ;
#12925=ORIENTED_EDGE('',*,*,#12820,.T.) ;
#12926=ORIENTED_EDGE('',*,*,#12827,.T.) ;
#12927=ORIENTED_EDGE('',*,*,#12834,.T.) ;
#12928=ORIENTED_EDGE('',*,*,#12841,.T.) ;
#12929=ORIENTED_EDGE('',*,*,#12848,.T.) ;
#12930=ORIENTED_EDGE('',*,*,#12855,.T.) ;
#12931=ORIENTED_EDGE('',*,*,#12862,.T.) ;
#12932=ORIENTED_EDGE('',*,*,#12869,.T.) ;
#12933=ORIENTED_EDGE('',*,*,#12876,.T.) ;
#12934=ORIENTED_EDGE('',*,*,#12883,.T.) ;
#12935=ORIENTED_EDGE('',*,*,#12890,.T.) ;
#12936=ORIENTED_EDGE('',*,*,#12897,.T.) ;
#12937=ORIENTED_EDGE('',*,*,#12904,.T.) ;
#12938=ORIENTED_EDGE('',*,*,#12911,.T.) ;
#12939=ORIENTED_EDGE('',*,*,#12916,.T.) ;
#12965=ORIENTED_EDGE('',*,*,#3414,.F.) ;
#12966=ORIENTED_EDGE('',*,*,#12958,.T.) ;
#12967=ORIENTED_EDGE('',*,*,#12771,.F.) ;
#12968=ORIENTED_EDGE('',*,*,#12963,.F.) ;
#12989=ORIENTED_EDGE('',*,*,#3407,.F.) ;
#12990=ORIENTED_EDGE('',*,*,#12987,.T.) ;
#12991=ORIENTED_EDGE('',*,*,#12778,.F.) ;
#12992=ORIENTED_EDGE('',*,*,#12958,.F.) ;
#13013=ORIENTED_EDGE('',*,*,#3400,.F.) ;
#13014=ORIENTED_EDGE('',*,*,#13011,.T.) ;
#13015=ORIENTED_EDGE('',*,*,#12785,.F.) ;
#13016=ORIENTED_EDGE('',*,*,#12987,.F.) ;
#13037=ORIENTED_EDGE('',*,*,#3393,.F.) ;
#13038=ORIENTED_EDGE('',*,*,#13035,.T.) ;
#13039=ORIENTED_EDGE('',*,*,#12792,.F.) ;
#13040=ORIENTED_EDGE('',*,*,#13011,.F.) ;
#13061=ORIENTED_EDGE('',*,*,#3386,.F.) ;
#13062=ORIENTED_EDGE('',*,*,#13059,.T.) ;
#13063=ORIENTED_EDGE('',*,*,#12799,.F.) ;
#13064=ORIENTED_EDGE('',*,*,#13035,.F.) ;
#13085=ORIENTED_EDGE('',*,*,#3379,.F.) ;
#13086=ORIENTED_EDGE('',*,*,#13083,.T.) ;
#13087=ORIENTED_EDGE('',*,*,#12806,.F.) ;
#13088=ORIENTED_EDGE('',*,*,#13059,.F.) ;
#13109=ORIENTED_EDGE('',*,*,#3372,.F.) ;
#13110=ORIENTED_EDGE('',*,*,#13107,.T.) ;
#13111=ORIENTED_EDGE('',*,*,#12813,.F.) ;
#13112=ORIENTED_EDGE('',*,*,#13083,.F.) ;
#13133=ORIENTED_EDGE('',*,*,#3365,.F.) ;
#13134=ORIENTED_EDGE('',*,*,#13131,.T.) ;
#13135=ORIENTED_EDGE('',*,*,#12820,.F.) ;
#13136=ORIENTED_EDGE('',*,*,#13107,.F.) ;
#13157=ORIENTED_EDGE('',*,*,#3358,.F.) ;
#13158=ORIENTED_EDGE('',*,*,#13155,.T.) ;
#13159=ORIENTED_EDGE('',*,*,#12827,.F.) ;
#13160=ORIENTED_EDGE('',*,*,#13131,.F.) ;
#13181=ORIENTED_EDGE('',*,*,#3351,.F.) ;
#13182=ORIENTED_EDGE('',*,*,#13179,.T.) ;
#13183=ORIENTED_EDGE('',*,*,#12834,.F.) ;
#13184=ORIENTED_EDGE('',*,*,#13155,.F.) ;
#13205=ORIENTED_EDGE('',*,*,#3344,.F.) ;
#13206=ORIENTED_EDGE('',*,*,#13203,.T.) ;
#13207=ORIENTED_EDGE('',*,*,#12841,.F.) ;
#13208=ORIENTED_EDGE('',*,*,#13179,.F.) ;
#13229=ORIENTED_EDGE('',*,*,#3337,.F.) ;
#13230=ORIENTED_EDGE('',*,*,#13227,.T.) ;
#13231=ORIENTED_EDGE('',*,*,#12848,.F.) ;
#13232=ORIENTED_EDGE('',*,*,#13203,.F.) ;
#13253=ORIENTED_EDGE('',*,*,#3330,.F.) ;
#13254=ORIENTED_EDGE('',*,*,#13251,.T.) ;
#13255=ORIENTED_EDGE('',*,*,#12855,.F.) ;
#13256=ORIENTED_EDGE('',*,*,#13227,.F.) ;
#13277=ORIENTED_EDGE('',*,*,#3323,.F.) ;
#13278=ORIENTED_EDGE('',*,*,#13275,.T.) ;
#13279=ORIENTED_EDGE('',*,*,#12862,.F.) ;
#13280=ORIENTED_EDGE('',*,*,#13251,.F.) ;
#13301=ORIENTED_EDGE('',*,*,#3316,.F.) ;
#13302=ORIENTED_EDGE('',*,*,#13299,.T.) ;
#13303=ORIENTED_EDGE('',*,*,#12869,.F.) ;
#13304=ORIENTED_EDGE('',*,*,#13275,.F.) ;
#13325=ORIENTED_EDGE('',*,*,#3309,.F.) ;
#13326=ORIENTED_EDGE('',*,*,#13323,.T.) ;
#13327=ORIENTED_EDGE('',*,*,#12876,.F.) ;
#13328=ORIENTED_EDGE('',*,*,#13299,.F.) ;
#13349=ORIENTED_EDGE('',*,*,#3302,.F.) ;
#13350=ORIENTED_EDGE('',*,*,#13347,.T.) ;
#13351=ORIENTED_EDGE('',*,*,#12883,.F.) ;
#13352=ORIENTED_EDGE('',*,*,#13323,.F.) ;
#13373=ORIENTED_EDGE('',*,*,#3295,.F.) ;
#13374=ORIENTED_EDGE('',*,*,#13371,.T.) ;
#13375=ORIENTED_EDGE('',*,*,#12890,.F.) ;
#13376=ORIENTED_EDGE('',*,*,#13347,.F.) ;
#13397=ORIENTED_EDGE('',*,*,#3288,.F.) ;
#13398=ORIENTED_EDGE('',*,*,#13395,.T.) ;
#13399=ORIENTED_EDGE('',*,*,#12897,.F.) ;
#13400=ORIENTED_EDGE('',*,*,#13371,.F.) ;
#13421=ORIENTED_EDGE('',*,*,#3281,.F.) ;
#13422=ORIENTED_EDGE('',*,*,#13419,.T.) ;
#13423=ORIENTED_EDGE('',*,*,#12904,.F.) ;
#13424=ORIENTED_EDGE('',*,*,#13395,.F.) ;
#13445=ORIENTED_EDGE('',*,*,#3274,.F.) ;
#13446=ORIENTED_EDGE('',*,*,#13443,.T.) ;
#13447=ORIENTED_EDGE('',*,*,#12911,.F.) ;
#13448=ORIENTED_EDGE('',*,*,#13419,.F.) ;
#13464=ORIENTED_EDGE('',*,*,#3419,.F.) ;
#13465=ORIENTED_EDGE('',*,*,#12963,.T.) ;
#13466=ORIENTED_EDGE('',*,*,#12916,.F.) ;
#13467=ORIENTED_EDGE('',*,*,#13443,.F.) ;
#13716=ORIENTED_EDGE('',*,*,#13485,.T.) ;
#13717=ORIENTED_EDGE('',*,*,#13492,.T.) ;
#13718=ORIENTED_EDGE('',*,*,#13499,.T.) ;
#13719=ORIENTED_EDGE('',*,*,#13506,.T.) ;
#13720=ORIENTED_EDGE('',*,*,#13513,.T.) ;
#13721=ORIENTED_EDGE('',*,*,#13520,.T.) ;
#13722=ORIENTED_EDGE('',*,*,#13527,.T.) ;
#13723=ORIENTED_EDGE('',*,*,#13534,.T.) ;
#13724=ORIENTED_EDGE('',*,*,#13541,.T.) ;
#13725=ORIENTED_EDGE('',*,*,#13548,.T.) ;
#13726=ORIENTED_EDGE('',*,*,#13555,.T.) ;
#13727=ORIENTED_EDGE('',*,*,#13562,.T.) ;
#13728=ORIENTED_EDGE('',*,*,#13569,.T.) ;
#13729=ORIENTED_EDGE('',*,*,#13576,.T.) ;
#13730=ORIENTED_EDGE('',*,*,#13583,.T.) ;
#13731=ORIENTED_EDGE('',*,*,#13590,.T.) ;
#13732=ORIENTED_EDGE('',*,*,#13597,.T.) ;
#13733=ORIENTED_EDGE('',*,*,#13604,.T.) ;
#13734=ORIENTED_EDGE('',*,*,#13611,.T.) ;
#13735=ORIENTED_EDGE('',*,*,#13618,.T.) ;
#13736=ORIENTED_EDGE('',*,*,#13625,.T.) ;
#13737=ORIENTED_EDGE('',*,*,#13632,.T.) ;
#13738=ORIENTED_EDGE('',*,*,#13639,.T.) ;
#13739=ORIENTED_EDGE('',*,*,#13646,.T.) ;
#13740=ORIENTED_EDGE('',*,*,#13653,.T.) ;
#13741=ORIENTED_EDGE('',*,*,#13660,.T.) ;
#13742=ORIENTED_EDGE('',*,*,#13667,.T.) ;
#13743=ORIENTED_EDGE('',*,*,#13674,.T.) ;
#13744=ORIENTED_EDGE('',*,*,#13681,.T.) ;
#13745=ORIENTED_EDGE('',*,*,#13688,.T.) ;
#13746=ORIENTED_EDGE('',*,*,#13695,.T.) ;
#13747=ORIENTED_EDGE('',*,*,#13702,.T.) ;
#13748=ORIENTED_EDGE('',*,*,#13709,.T.) ;
#13749=ORIENTED_EDGE('',*,*,#13714,.T.) ;
#13775=ORIENTED_EDGE('',*,*,#2118,.F.) ;
#13776=ORIENTED_EDGE('',*,*,#13768,.T.) ;
#13777=ORIENTED_EDGE('',*,*,#13485,.F.) ;
#13778=ORIENTED_EDGE('',*,*,#13773,.F.) ;
#13799=ORIENTED_EDGE('',*,*,#2111,.F.) ;
#13800=ORIENTED_EDGE('',*,*,#13797,.T.) ;
#13801=ORIENTED_EDGE('',*,*,#13492,.F.) ;
#13802=ORIENTED_EDGE('',*,*,#13768,.F.) ;
#13823=ORIENTED_EDGE('',*,*,#2104,.F.) ;
#13824=ORIENTED_EDGE('',*,*,#13821,.T.) ;
#13825=ORIENTED_EDGE('',*,*,#13499,.F.) ;
#13826=ORIENTED_EDGE('',*,*,#13797,.F.) ;
#13847=ORIENTED_EDGE('',*,*,#2097,.F.) ;
#13848=ORIENTED_EDGE('',*,*,#13845,.T.) ;
#13849=ORIENTED_EDGE('',*,*,#13506,.F.) ;
#13850=ORIENTED_EDGE('',*,*,#13821,.F.) ;
#13871=ORIENTED_EDGE('',*,*,#2090,.F.) ;
#13872=ORIENTED_EDGE('',*,*,#13869,.T.) ;
#13873=ORIENTED_EDGE('',*,*,#13513,.F.) ;
#13874=ORIENTED_EDGE('',*,*,#13845,.F.) ;
#13895=ORIENTED_EDGE('',*,*,#2083,.F.) ;
#13896=ORIENTED_EDGE('',*,*,#13893,.T.) ;
#13897=ORIENTED_EDGE('',*,*,#13520,.F.) ;
#13898=ORIENTED_EDGE('',*,*,#13869,.F.) ;
#13919=ORIENTED_EDGE('',*,*,#2076,.F.) ;
#13920=ORIENTED_EDGE('',*,*,#13917,.T.) ;
#13921=ORIENTED_EDGE('',*,*,#13527,.F.) ;
#13922=ORIENTED_EDGE('',*,*,#13893,.F.) ;
#13943=ORIENTED_EDGE('',*,*,#2069,.F.) ;
#13944=ORIENTED_EDGE('',*,*,#13941,.T.) ;
#13945=ORIENTED_EDGE('',*,*,#13534,.F.) ;
#13946=ORIENTED_EDGE('',*,*,#13917,.F.) ;
#13967=ORIENTED_EDGE('',*,*,#2062,.F.) ;
#13968=ORIENTED_EDGE('',*,*,#13965,.T.) ;
#13969=ORIENTED_EDGE('',*,*,#13541,.F.) ;
#13970=ORIENTED_EDGE('',*,*,#13941,.F.) ;
#13991=ORIENTED_EDGE('',*,*,#2055,.F.) ;
#13992=ORIENTED_EDGE('',*,*,#13989,.T.) ;
#13993=ORIENTED_EDGE('',*,*,#13548,.F.) ;
#13994=ORIENTED_EDGE('',*,*,#13965,.F.) ;
#14015=ORIENTED_EDGE('',*,*,#2048,.F.) ;
#14016=ORIENTED_EDGE('',*,*,#14013,.T.) ;
#14017=ORIENTED_EDGE('',*,*,#13555,.F.) ;
#14018=ORIENTED_EDGE('',*,*,#13989,.F.) ;
#14039=ORIENTED_EDGE('',*,*,#2041,.F.) ;
#14040=ORIENTED_EDGE('',*,*,#14037,.T.) ;
#14041=ORIENTED_EDGE('',*,*,#13562,.F.) ;
#14042=ORIENTED_EDGE('',*,*,#14013,.F.) ;
#14063=ORIENTED_EDGE('',*,*,#2034,.F.) ;
#14064=ORIENTED_EDGE('',*,*,#14061,.T.) ;
#14065=ORIENTED_EDGE('',*,*,#13569,.F.) ;
#14066=ORIENTED_EDGE('',*,*,#14037,.F.) ;
#14087=ORIENTED_EDGE('',*,*,#2027,.F.) ;
#14088=ORIENTED_EDGE('',*,*,#14085,.T.) ;
#14089=ORIENTED_EDGE('',*,*,#13576,.F.) ;
#14090=ORIENTED_EDGE('',*,*,#14061,.F.) ;
#14111=ORIENTED_EDGE('',*,*,#2020,.F.) ;
#14112=ORIENTED_EDGE('',*,*,#14109,.T.) ;
#14113=ORIENTED_EDGE('',*,*,#13583,.F.) ;
#14114=ORIENTED_EDGE('',*,*,#14085,.F.) ;
#14135=ORIENTED_EDGE('',*,*,#2013,.F.) ;
#14136=ORIENTED_EDGE('',*,*,#14133,.T.) ;
#14137=ORIENTED_EDGE('',*,*,#13590,.F.) ;
#14138=ORIENTED_EDGE('',*,*,#14109,.F.) ;
#14159=ORIENTED_EDGE('',*,*,#2006,.F.) ;
#14160=ORIENTED_EDGE('',*,*,#14157,.T.) ;
#14161=ORIENTED_EDGE('',*,*,#13597,.F.) ;
#14162=ORIENTED_EDGE('',*,*,#14133,.F.) ;
#14183=ORIENTED_EDGE('',*,*,#1999,.F.) ;
#14184=ORIENTED_EDGE('',*,*,#14181,.T.) ;
#14185=ORIENTED_EDGE('',*,*,#13604,.F.) ;
#14186=ORIENTED_EDGE('',*,*,#14157,.F.) ;
#14207=ORIENTED_EDGE('',*,*,#1992,.F.) ;
#14208=ORIENTED_EDGE('',*,*,#14205,.T.) ;
#14209=ORIENTED_EDGE('',*,*,#13611,.F.) ;
#14210=ORIENTED_EDGE('',*,*,#14181,.F.) ;
#14231=ORIENTED_EDGE('',*,*,#1985,.F.) ;
#14232=ORIENTED_EDGE('',*,*,#14229,.T.) ;
#14233=ORIENTED_EDGE('',*,*,#13618,.F.) ;
#14234=ORIENTED_EDGE('',*,*,#14205,.F.) ;
#14255=ORIENTED_EDGE('',*,*,#1978,.F.) ;
#14256=ORIENTED_EDGE('',*,*,#14253,.T.) ;
#14257=ORIENTED_EDGE('',*,*,#13625,.F.) ;
#14258=ORIENTED_EDGE('',*,*,#14229,.F.) ;
#14279=ORIENTED_EDGE('',*,*,#1971,.F.) ;
#14280=ORIENTED_EDGE('',*,*,#14277,.T.) ;
#14281=ORIENTED_EDGE('',*,*,#13632,.F.) ;
#14282=ORIENTED_EDGE('',*,*,#14253,.F.) ;
#14303=ORIENTED_EDGE('',*,*,#1964,.F.) ;
#14304=ORIENTED_EDGE('',*,*,#14301,.T.) ;
#14305=ORIENTED_EDGE('',*,*,#13639,.F.) ;
#14306=ORIENTED_EDGE('',*,*,#14277,.F.) ;
#14327=ORIENTED_EDGE('',*,*,#1957,.F.) ;
#14328=ORIENTED_EDGE('',*,*,#14325,.T.) ;
#14329=ORIENTED_EDGE('',*,*,#13646,.F.) ;
#14330=ORIENTED_EDGE('',*,*,#14301,.F.) ;
#14351=ORIENTED_EDGE('',*,*,#1950,.F.) ;
#14352=ORIENTED_EDGE('',*,*,#14349,.T.) ;
#14353=ORIENTED_EDGE('',*,*,#13653,.F.) ;
#14354=ORIENTED_EDGE('',*,*,#14325,.F.) ;
#14375=ORIENTED_EDGE('',*,*,#1943,.F.) ;
#14376=ORIENTED_EDGE('',*,*,#14373,.T.) ;
#14377=ORIENTED_EDGE('',*,*,#13660,.F.) ;
#14378=ORIENTED_EDGE('',*,*,#14349,.F.) ;
#14399=ORIENTED_EDGE('',*,*,#1936,.F.) ;
#14400=ORIENTED_EDGE('',*,*,#14397,.T.) ;
#14401=ORIENTED_EDGE('',*,*,#13667,.F.) ;
#14402=ORIENTED_EDGE('',*,*,#14373,.F.) ;
#14423=ORIENTED_EDGE('',*,*,#1929,.F.) ;
#14424=ORIENTED_EDGE('',*,*,#14421,.T.) ;
#14425=ORIENTED_EDGE('',*,*,#13674,.F.) ;
#14426=ORIENTED_EDGE('',*,*,#14397,.F.) ;
#14447=ORIENTED_EDGE('',*,*,#1922,.F.) ;
#14448=ORIENTED_EDGE('',*,*,#14445,.T.) ;
#14449=ORIENTED_EDGE('',*,*,#13681,.F.) ;
#14450=ORIENTED_EDGE('',*,*,#14421,.F.) ;
#14471=ORIENTED_EDGE('',*,*,#1915,.F.) ;
#14472=ORIENTED_EDGE('',*,*,#14469,.T.) ;
#14473=ORIENTED_EDGE('',*,*,#13688,.F.) ;
#14474=ORIENTED_EDGE('',*,*,#14445,.F.) ;
#14495=ORIENTED_EDGE('',*,*,#1908,.F.) ;
#14496=ORIENTED_EDGE('',*,*,#14493,.T.) ;
#14497=ORIENTED_EDGE('',*,*,#13695,.F.) ;
#14498=ORIENTED_EDGE('',*,*,#14469,.F.) ;
#14519=ORIENTED_EDGE('',*,*,#1901,.F.) ;
#14520=ORIENTED_EDGE('',*,*,#14517,.T.) ;
#14521=ORIENTED_EDGE('',*,*,#13702,.F.) ;
#14522=ORIENTED_EDGE('',*,*,#14493,.F.) ;
#14543=ORIENTED_EDGE('',*,*,#1894,.F.) ;
#14544=ORIENTED_EDGE('',*,*,#14541,.T.) ;
#14545=ORIENTED_EDGE('',*,*,#13709,.F.) ;
#14546=ORIENTED_EDGE('',*,*,#14517,.F.) ;
#14562=ORIENTED_EDGE('',*,*,#2123,.F.) ;
#14563=ORIENTED_EDGE('',*,*,#13773,.T.) ;
#14564=ORIENTED_EDGE('',*,*,#13714,.F.) ;
#14565=ORIENTED_EDGE('',*,*,#14541,.F.) ;
#14646=ORIENTED_EDGE('',*,*,#14583,.T.) ;
#14647=ORIENTED_EDGE('',*,*,#14590,.T.) ;
#14648=ORIENTED_EDGE('',*,*,#14597,.T.) ;
#14649=ORIENTED_EDGE('',*,*,#14604,.T.) ;
#14650=ORIENTED_EDGE('',*,*,#14611,.T.) ;
#14651=ORIENTED_EDGE('',*,*,#14618,.T.) ;
#14652=ORIENTED_EDGE('',*,*,#14625,.T.) ;
#14653=ORIENTED_EDGE('',*,*,#14632,.T.) ;
#14654=ORIENTED_EDGE('',*,*,#14639,.T.) ;
#14655=ORIENTED_EDGE('',*,*,#14644,.T.) ;
#14681=ORIENTED_EDGE('',*,*,#3542,.F.) ;
#14682=ORIENTED_EDGE('',*,*,#14674,.T.) ;
#14683=ORIENTED_EDGE('',*,*,#14583,.F.) ;
#14684=ORIENTED_EDGE('',*,*,#14679,.F.) ;
#14705=ORIENTED_EDGE('',*,*,#3535,.F.) ;
#14706=ORIENTED_EDGE('',*,*,#14703,.T.) ;
#14707=ORIENTED_EDGE('',*,*,#14590,.F.) ;
#14708=ORIENTED_EDGE('',*,*,#14674,.F.) ;
#14724=ORIENTED_EDGE('',*,*,#3528,.F.) ;
#14725=ORIENTED_EDGE('',*,*,#14722,.T.) ;
#14726=ORIENTED_EDGE('',*,*,#14597,.F.) ;
#14727=ORIENTED_EDGE('',*,*,#14703,.F.) ;
#14748=ORIENTED_EDGE('',*,*,#3521,.F.) ;
#14749=ORIENTED_EDGE('',*,*,#14746,.T.) ;
#14750=ORIENTED_EDGE('',*,*,#14604,.F.) ;
#14751=ORIENTED_EDGE('',*,*,#14722,.F.) ;
#14767=ORIENTED_EDGE('',*,*,#3514,.F.) ;
#14768=ORIENTED_EDGE('',*,*,#14765,.T.) ;
#14769=ORIENTED_EDGE('',*,*,#14611,.F.) ;
#14770=ORIENTED_EDGE('',*,*,#14746,.F.) ;
#14791=ORIENTED_EDGE('',*,*,#3507,.F.) ;
#14792=ORIENTED_EDGE('',*,*,#14789,.T.) ;
#14793=ORIENTED_EDGE('',*,*,#14618,.F.) ;
#14794=ORIENTED_EDGE('',*,*,#14765,.F.) ;
#14810=ORIENTED_EDGE('',*,*,#3500,.F.) ;
#14811=ORIENTED_EDGE('',*,*,#14808,.T.) ;
#14812=ORIENTED_EDGE('',*,*,#14625,.F.) ;
#14813=ORIENTED_EDGE('',*,*,#14789,.F.) ;
#14834=ORIENTED_EDGE('',*,*,#3493,.F.) ;
#14835=ORIENTED_EDGE('',*,*,#14832,.T.) ;
#14836=ORIENTED_EDGE('',*,*,#14632,.F.) ;
#14837=ORIENTED_EDGE('',*,*,#14808,.F.) ;
#14853=ORIENTED_EDGE('',*,*,#3486,.F.) ;
#14854=ORIENTED_EDGE('',*,*,#14851,.T.) ;
#14855=ORIENTED_EDGE('',*,*,#14639,.F.) ;
#14856=ORIENTED_EDGE('',*,*,#14832,.F.) ;
#14872=ORIENTED_EDGE('',*,*,#3547,.F.) ;
#14873=ORIENTED_EDGE('',*,*,#14679,.T.) ;
#14874=ORIENTED_EDGE('',*,*,#14644,.F.) ;
#14875=ORIENTED_EDGE('',*,*,#14851,.F.) ;
#14900=ORIENTED_EDGE('',*,*,#14893,.T.) ;
#14901=ORIENTED_EDGE('',*,*,#14898,.T.) ;
#14918=ORIENTED_EDGE('',*,*,#14911,.F.) ;
#14919=ORIENTED_EDGE('',*,*,#14916,.F.) ;
#14936=ORIENTED_EDGE('',*,*,#14929,.F.) ;
#14937=ORIENTED_EDGE('',*,*,#14934,.F.) ;
#14954=ORIENTED_EDGE('',*,*,#14947,.F.) ;
#14955=ORIENTED_EDGE('',*,*,#14952,.F.) ;
#14972=ORIENTED_EDGE('',*,*,#14965,.F.) ;
#14973=ORIENTED_EDGE('',*,*,#14970,.F.) ;
#14990=ORIENTED_EDGE('',*,*,#14983,.F.) ;
#14991=ORIENTED_EDGE('',*,*,#14988,.F.) ;
#15008=ORIENTED_EDGE('',*,*,#15001,.F.) ;
#15009=ORIENTED_EDGE('',*,*,#15006,.F.) ;
#15026=ORIENTED_EDGE('',*,*,#15019,.F.) ;
#15027=ORIENTED_EDGE('',*,*,#15024,.F.) ;
#15044=ORIENTED_EDGE('',*,*,#15037,.F.) ;
#15045=ORIENTED_EDGE('',*,*,#15042,.F.) ;
#15062=ORIENTED_EDGE('',*,*,#15055,.F.) ;
#15063=ORIENTED_EDGE('',*,*,#15060,.F.) ;
#15089=ORIENTED_EDGE('',*,*,#738,.F.) ;
#15090=ORIENTED_EDGE('',*,*,#15082,.T.) ;
#15091=ORIENTED_EDGE('',*,*,#14893,.F.) ;
#15092=ORIENTED_EDGE('',*,*,#15087,.F.) ;
#15103=ORIENTED_EDGE('',*,*,#733,.F.) ;
#15104=ORIENTED_EDGE('',*,*,#15087,.T.) ;
#15105=ORIENTED_EDGE('',*,*,#14898,.F.) ;
#15106=ORIENTED_EDGE('',*,*,#15082,.F.) ;
#15132=ORIENTED_EDGE('',*,*,#15125,.T.) ;
#15133=ORIENTED_EDGE('',*,*,#14911,.T.) ;
#15134=ORIENTED_EDGE('',*,*,#15130,.F.) ;
#15135=ORIENTED_EDGE('',*,*,#752,.T.) ;
#15146=ORIENTED_EDGE('',*,*,#15130,.T.) ;
#15147=ORIENTED_EDGE('',*,*,#14916,.T.) ;
#15148=ORIENTED_EDGE('',*,*,#15125,.F.) ;
#15149=ORIENTED_EDGE('',*,*,#757,.T.) ;
#15175=ORIENTED_EDGE('',*,*,#15168,.T.) ;
#15176=ORIENTED_EDGE('',*,*,#14929,.T.) ;
#15177=ORIENTED_EDGE('',*,*,#15173,.F.) ;
#15178=ORIENTED_EDGE('',*,*,#3569,.T.) ;
#15189=ORIENTED_EDGE('',*,*,#15173,.T.) ;
#15190=ORIENTED_EDGE('',*,*,#14934,.T.) ;
#15191=ORIENTED_EDGE('',*,*,#15168,.F.) ;
#15192=ORIENTED_EDGE('',*,*,#3574,.T.) ;
#15218=ORIENTED_EDGE('',*,*,#15211,.T.) ;
#15219=ORIENTED_EDGE('',*,*,#14947,.T.) ;
#15220=ORIENTED_EDGE('',*,*,#15216,.F.) ;
#15221=ORIENTED_EDGE('',*,*,#3588,.T.) ;
#15232=ORIENTED_EDGE('',*,*,#15216,.T.) ;
#15233=ORIENTED_EDGE('',*,*,#14952,.T.) ;
#15234=ORIENTED_EDGE('',*,*,#15211,.F.) ;
#15235=ORIENTED_EDGE('',*,*,#3593,.T.) ;
#15261=ORIENTED_EDGE('',*,*,#15254,.T.) ;
#15262=ORIENTED_EDGE('',*,*,#14965,.T.) ;
#15263=ORIENTED_EDGE('',*,*,#15259,.F.) ;
#15264=ORIENTED_EDGE('',*,*,#3607,.T.) ;
#15275=ORIENTED_EDGE('',*,*,#15259,.T.) ;
#15276=ORIENTED_EDGE('',*,*,#14970,.T.) ;
#15277=ORIENTED_EDGE('',*,*,#15254,.F.) ;
#15278=ORIENTED_EDGE('',*,*,#3612,.T.) ;
#15304=ORIENTED_EDGE('',*,*,#15297,.T.) ;
#15305=ORIENTED_EDGE('',*,*,#14983,.T.) ;
#15306=ORIENTED_EDGE('',*,*,#15302,.F.) ;
#15307=ORIENTED_EDGE('',*,*,#3626,.T.) ;
#15318=ORIENTED_EDGE('',*,*,#15302,.T.) ;
#15319=ORIENTED_EDGE('',*,*,#14988,.T.) ;
#15320=ORIENTED_EDGE('',*,*,#15297,.F.) ;
#15321=ORIENTED_EDGE('',*,*,#3631,.T.) ;
#15347=ORIENTED_EDGE('',*,*,#15340,.T.) ;
#15348=ORIENTED_EDGE('',*,*,#15001,.T.) ;
#15349=ORIENTED_EDGE('',*,*,#15345,.F.) ;
#15350=ORIENTED_EDGE('',*,*,#3645,.T.) ;
#15361=ORIENTED_EDGE('',*,*,#15345,.T.) ;
#15362=ORIENTED_EDGE('',*,*,#15006,.T.) ;
#15363=ORIENTED_EDGE('',*,*,#15340,.F.) ;
#15364=ORIENTED_EDGE('',*,*,#3650,.T.) ;
#15390=ORIENTED_EDGE('',*,*,#15383,.T.) ;
#15391=ORIENTED_EDGE('',*,*,#15019,.T.) ;
#15392=ORIENTED_EDGE('',*,*,#15388,.F.) ;
#15393=ORIENTED_EDGE('',*,*,#3664,.T.) ;
#15404=ORIENTED_EDGE('',*,*,#15388,.T.) ;
#15405=ORIENTED_EDGE('',*,*,#15024,.T.) ;
#15406=ORIENTED_EDGE('',*,*,#15383,.F.) ;
#15407=ORIENTED_EDGE('',*,*,#3669,.T.) ;
#15433=ORIENTED_EDGE('',*,*,#15426,.T.) ;
#15434=ORIENTED_EDGE('',*,*,#15037,.T.) ;
#15435=ORIENTED_EDGE('',*,*,#15431,.F.) ;
#15436=ORIENTED_EDGE('',*,*,#3683,.T.) ;
#15447=ORIENTED_EDGE('',*,*,#15431,.T.) ;
#15448=ORIENTED_EDGE('',*,*,#15042,.T.) ;
#15449=ORIENTED_EDGE('',*,*,#15426,.F.) ;
#15450=ORIENTED_EDGE('',*,*,#3688,.T.) ;
#15476=ORIENTED_EDGE('',*,*,#15469,.T.) ;
#15477=ORIENTED_EDGE('',*,*,#15055,.T.) ;
#15478=ORIENTED_EDGE('',*,*,#15474,.F.) ;
#15479=ORIENTED_EDGE('',*,*,#3702,.T.) ;
#15490=ORIENTED_EDGE('',*,*,#15474,.T.) ;
#15491=ORIENTED_EDGE('',*,*,#15060,.T.) ;
#15492=ORIENTED_EDGE('',*,*,#15469,.F.) ;
#15493=ORIENTED_EDGE('',*,*,#3707,.T.) ;
#423=FACE_BOUND('',#420,.T.) ;
#442=FACE_BOUND('',#439,.T.) ;
#507=FACE_BOUND('',#504,.T.) ;
#511=FACE_BOUND('',#508,.T.) ;
#529=FACE_BOUND('',#526,.T.) ;
#547=FACE_BOUND('',#544,.T.) ;
#565=FACE_BOUND('',#562,.T.) ;
#708=FACE_BOUND('',#705,.T.) ;
#712=FACE_BOUND('',#709,.T.) ;
#716=FACE_BOUND('',#713,.T.) ;
#720=FACE_BOUND('',#717,.T.) ;
#724=FACE_BOUND('',#721,.T.) ;
#742=FACE_BOUND('',#739,.T.) ;
#1707=FACE_BOUND('',#1588,.T.) ;
#1885=FACE_BOUND('',#1862,.T.) ;
#2159=FACE_BOUND('',#2124,.T.) ;
#3265=FACE_BOUND('',#3126,.T.) ;
#3443=FACE_BOUND('',#3420,.T.) ;
#3477=FACE_BOUND('',#3472,.T.) ;
#3559=FACE_BOUND('',#3548,.T.) ;
#14920=FACE_BOUND('',#14917,.T.) ;
#14938=FACE_BOUND('',#14935,.T.) ;
#14956=FACE_BOUND('',#14953,.T.) ;
#14974=FACE_BOUND('',#14971,.T.) ;
#14992=FACE_BOUND('',#14989,.T.) ;
#15010=FACE_BOUND('',#15007,.T.) ;
#15028=FACE_BOUND('',#15025,.T.) ;
#15046=FACE_BOUND('',#15043,.T.) ;
#15064=FACE_BOUND('',#15061,.T.) ;
#34=CLOSED_SHELL('Closed Shell',(#74,#91,#131,#148,#188,#205,#236,#248,#287,#307,#339,#379,#396,#424,#443,#451,#482,#494,#566,#597,#609,#640,#652,#683,#695,#743,#3560,#3579,#3598,#3617,#3636,#3655,#3674,#3693,#3712,#4824,#4854,#4878,#4902,#4926,#4950,#4974,#4998,#5022,#5046,#5070,#5094,#5118,#5142,#5166,#5190,#5214,#5238,#5262,#5286,#5310,#5334,#5358,#5382,#5406,#5430,#5449,#5473,#5497,#5521,#5545,#5569,#5593,#5617,#5641,#5665,#5689,#5713,#5737,#5761,#5785,#5809,#5833,#5857,#5881,#5905,#5929,#5953,#5972,#5996,#6020,#6044,#6068,#6092,#6116,#6140,#6164,#6188,#6212,#6236,#6260,#6284,#6308,#6332,#6356,#6380,#6404,#6428,#6452,#6476,#6500,#6524,#6548,#6572,#6596,#6620,#6644,#6668,#6692,#6716,#6740,#6764,#6788,#6812,#6836,#6860,#6884,#6908,#6932,#6956,#6980,#7004,#7028,#7052,#7076,#7095,#7114,#7138,#7162,#7186,#7210,#7234,#7258,#7282,#7306,#7330,#7354,#7378,#7402,#7426,#7450,#7474,#7498,#7522,#7546,#7570,#7594,#7618,#7642,#7666,#7690,#7714,#7738,#7762,#7786,#7810,#7834,#7858,#7882,#7906,#7930,#7954,#7978,#8002,#8026,#8050,#8074,#8098,#8117,#9071,#9100,#9124,#9148,#9172,#9196,#9220,#9244,#9268,#9292,#9316,#9340,#9364,#9388,#9412,#9436,#9460,#9484,#9508,#9532,#9556,#9580,#9604,#9628,#9652,#9676,#9700,#9724,#9748,#9772,#9796,#9820,#9844,#9868,#9892,#9916,#9940,#9964,#9988,#10012,#10036,#10060,#10084,#10108,#10132,#10156,#10180,#10204,#10228,#10252,#10276,#10300,#10324,#10348,#10372,#10396,#10420,#10444,#10468,#10492,#10516,#10540,#10564,#10588,#10612,#10636,#10660,#10684,#10708,#10732,#10756,#10780,#10804,#10828,#10852,#10876,#10900,#10924,#10948,#10972,#10996,#11020,#11044,#11068,#11092,#11116,#11140,#11164,#11188,#11212,#11236,#11260,#11284,#11308,#11332,#11356,#11380,#11404,#11428,#11452,#11476,#11500,#11524,#11548,#11572,#11596,#11620,#11644,#11668,#11692,#11716,#11740,#11764,#11788,#11812,#11836,#11860,#11884,#11903,#11945,#11974,#11998,#12022,#12041,#12227,#12256,#12280,#12304,#12328,#12352,#12376,#12400,#12424,#12448,#12472,#12496,#12520,#12544,#12568,#12592,#12616,#12640,#12664,#12688,#12712,#12736,#12755,#12941,#12970,#12994,#13018,#13042,#13066,#13090,#13114,#13138,#13162,#13186,#13210,#13234,#13258,#13282,#13306,#13330,#13354,#13378,#13402,#13426,#13450,#13469,#13751,#13780,#13804,#13828,#13852,#13876,#13900,#13924,#13948,#13972,#13996,#14020,#14044,#14068,#14092,#14116,#14140,#14164,#14188,#14212,#14236,#14260,#14284,#14308,#14332,#14356,#14380,#14404,#14428,#14452,#14476,#14500,#14524,#14548,#14567,#14657,#14686,#14710,#14729,#14753,#14772,#14796,#14815,#14839,#14858,#14877,#15065,#15094,#15108,#15137,#15151,#15180,#15194,#15223,#15237,#15266,#15280,#15309,#15323,#15352,#15366,#15395,#15409,#15438,#15452,#15481,#15495)) ;
#15503=ADVANCED_BREP_SHAPE_REPRESENTATION('NONE',(#25),#20) ;
#74=ADVANCED_FACE('PartBody',(#73),#39,.F.) ;
#91=ADVANCED_FACE('PartBody',(#90),#39,.F.) ;
#131=ADVANCED_FACE('PartBody',(#130),#96,.T.) ;
#148=ADVANCED_FACE('PartBody',(#147),#96,.T.) ;
#188=ADVANCED_FACE('PartBody',(#187),#153,.F.) ;
#205=ADVANCED_FACE('PartBody',(#204),#153,.F.) ;
#236=ADVANCED_FACE('PartBody',(#235),#210,.T.) ;
#248=ADVANCED_FACE('PartBody',(#247),#210,.T.) ;
#287=ADVANCED_FACE('PartBody',(#286),#253,.T.) ;
#307=ADVANCED_FACE('PartBody',(#306),#253,.T.) ;
#339=ADVANCED_FACE('PartBody',(#338),#312,.T.) ;
#379=ADVANCED_FACE('PartBody',(#378),#344,.F.) ;
#396=ADVANCED_FACE('PartBody',(#395),#344,.F.) ;
#424=ADVANCED_FACE('PartBody',(#419,#423),#401,.T.) ;
#443=ADVANCED_FACE('PartBody',(#438,#442),#429,.F.) ;
#451=ADVANCED_FACE('PartBody',(#450),#312,.T.) ;
#482=ADVANCED_FACE('PartBody',(#481),#456,.T.) ;
#494=ADVANCED_FACE('PartBody',(#493),#456,.T.) ;
#566=ADVANCED_FACE('PartBody',(#503,#507,#511,#529,#547,#565),#499,.T.) ;
#597=ADVANCED_FACE('PartBody',(#596),#571,.F.) ;
#609=ADVANCED_FACE('PartBody',(#608),#571,.F.) ;
#640=ADVANCED_FACE('PartBody',(#639),#614,.F.) ;
#652=ADVANCED_FACE('PartBody',(#651),#614,.F.) ;
#683=ADVANCED_FACE('PartBody',(#682),#657,.F.) ;
#695=ADVANCED_FACE('PartBody',(#694),#657,.F.) ;
#743=ADVANCED_FACE('PartBody',(#704,#708,#712,#716,#720,#724,#742),#700,.F.) ;
#3560=ADVANCED_FACE('PartBody',(#761,#1707,#1885,#2159,#3265,#3443,#3477,#3559),#700,.F.) ;
#3579=ADVANCED_FACE('PartBody',(#3578),#700,.F.) ;
#3598=ADVANCED_FACE('PartBody',(#3597),#700,.F.) ;
#3617=ADVANCED_FACE('PartBody',(#3616),#700,.F.) ;
#3636=ADVANCED_FACE('PartBody',(#3635),#700,.F.) ;
#3655=ADVANCED_FACE('PartBody',(#3654),#700,.F.) ;
#3674=ADVANCED_FACE('PartBody',(#3673),#700,.F.) ;
#3693=ADVANCED_FACE('PartBody',(#3692),#700,.F.) ;
#3712=ADVANCED_FACE('PartBody',(#3711),#700,.F.) ;
#4824=ADVANCED_FACE('PartBody',(#4823),#3717,.T.) ;
#4854=ADVANCED_FACE('PartBody',(#4853),#4837,.F.) ;
#4878=ADVANCED_FACE('PartBody',(#4877),#4866,.F.) ;
#4902=ADVANCED_FACE('PartBody',(#4901),#4890,.F.) ;
#4926=ADVANCED_FACE('PartBody',(#4925),#4914,.F.) ;
#4950=ADVANCED_FACE('PartBody',(#4949),#4938,.F.) ;
#4974=ADVANCED_FACE('PartBody',(#4973),#4962,.F.) ;
#4998=ADVANCED_FACE('PartBody',(#4997),#4986,.F.) ;
#5022=ADVANCED_FACE('PartBody',(#5021),#5010,.F.) ;
#5046=ADVANCED_FACE('PartBody',(#5045),#5034,.F.) ;
#5070=ADVANCED_FACE('PartBody',(#5069),#5058,.F.) ;
#5094=ADVANCED_FACE('PartBody',(#5093),#5082,.F.) ;
#5118=ADVANCED_FACE('PartBody',(#5117),#5106,.F.) ;
#5142=ADVANCED_FACE('PartBody',(#5141),#5130,.F.) ;
#5166=ADVANCED_FACE('PartBody',(#5165),#5154,.F.) ;
#5190=ADVANCED_FACE('PartBody',(#5189),#5178,.F.) ;
#5214=ADVANCED_FACE('PartBody',(#5213),#5202,.F.) ;
#5238=ADVANCED_FACE('PartBody',(#5237),#5226,.F.) ;
#5262=ADVANCED_FACE('PartBody',(#5261),#5250,.F.) ;
#5286=ADVANCED_FACE('PartBody',(#5285),#5274,.F.) ;
#5310=ADVANCED_FACE('PartBody',(#5309),#5298,.F.) ;
#5334=ADVANCED_FACE('PartBody',(#5333),#5322,.F.) ;
#5358=ADVANCED_FACE('PartBody',(#5357),#5346,.F.) ;
#5382=ADVANCED_FACE('PartBody',(#5381),#5370,.F.) ;
#5406=ADVANCED_FACE('PartBody',(#5405),#5394,.F.) ;
#5430=ADVANCED_FACE('PartBody',(#5429),#5418,.F.) ;
#5449=ADVANCED_FACE('PartBody',(#5448),#4866,.F.) ;
#5473=ADVANCED_FACE('PartBody',(#5472),#5461,.F.) ;
#5497=ADVANCED_FACE('PartBody',(#5496),#5485,.F.) ;
#5521=ADVANCED_FACE('PartBody',(#5520),#5509,.F.) ;
#5545=ADVANCED_FACE('PartBody',(#5544),#5533,.F.) ;
#5569=ADVANCED_FACE('PartBody',(#5568),#5557,.F.) ;
#5593=ADVANCED_FACE('PartBody',(#5592),#5581,.F.) ;
#5617=ADVANCED_FACE('PartBody',(#5616),#5605,.F.) ;
#5641=ADVANCED_FACE('PartBody',(#5640),#5629,.F.) ;
#5665=ADVANCED_FACE('PartBody',(#5664),#5653,.F.) ;
#5689=ADVANCED_FACE('PartBody',(#5688),#5677,.F.) ;
#5713=ADVANCED_FACE('PartBody',(#5712),#5701,.F.) ;
#5737=ADVANCED_FACE('PartBody',(#5736),#5725,.F.) ;
#5761=ADVANCED_FACE('PartBody',(#5760),#5749,.F.) ;
#5785=ADVANCED_FACE('PartBody',(#5784),#5773,.F.) ;
#5809=ADVANCED_FACE('PartBody',(#5808),#5797,.F.) ;
#5833=ADVANCED_FACE('PartBody',(#5832),#5821,.F.) ;
#5857=ADVANCED_FACE('PartBody',(#5856),#5845,.F.) ;
#5881=ADVANCED_FACE('PartBody',(#5880),#5869,.F.) ;
#5905=ADVANCED_FACE('PartBody',(#5904),#5893,.F.) ;
#5929=ADVANCED_FACE('PartBody',(#5928),#5917,.F.) ;
#5953=ADVANCED_FACE('PartBody',(#5952),#5941,.F.) ;
#5972=ADVANCED_FACE('PartBody',(#5971),#4866,.F.) ;
#5996=ADVANCED_FACE('PartBody',(#5995),#5984,.F.) ;
#6020=ADVANCED_FACE('PartBody',(#6019),#6008,.F.) ;
#6044=ADVANCED_FACE('PartBody',(#6043),#6032,.F.) ;
#6068=ADVANCED_FACE('PartBody',(#6067),#6056,.F.) ;
#6092=ADVANCED_FACE('PartBody',(#6091),#6080,.F.) ;
#6116=ADVANCED_FACE('PartBody',(#6115),#6104,.F.) ;
#6140=ADVANCED_FACE('PartBody',(#6139),#6128,.F.) ;
#6164=ADVANCED_FACE('PartBody',(#6163),#6152,.F.) ;
#6188=ADVANCED_FACE('PartBody',(#6187),#6176,.F.) ;
#6212=ADVANCED_FACE('PartBody',(#6211),#6200,.F.) ;
#6236=ADVANCED_FACE('PartBody',(#6235),#6224,.F.) ;
#6260=ADVANCED_FACE('PartBody',(#6259),#6248,.F.) ;
#6284=ADVANCED_FACE('PartBody',(#6283),#6272,.F.) ;
#6308=ADVANCED_FACE('PartBody',(#6307),#6296,.F.) ;
#6332=ADVANCED_FACE('PartBody',(#6331),#6320,.F.) ;
#6356=ADVANCED_FACE('PartBody',(#6355),#6344,.F.) ;
#6380=ADVANCED_FACE('PartBody',(#6379),#6368,.F.) ;
#6404=ADVANCED_FACE('PartBody',(#6403),#6392,.F.) ;
#6428=ADVANCED_FACE('PartBody',(#6427),#6416,.F.) ;
#6452=ADVANCED_FACE('PartBody',(#6451),#6440,.F.) ;
#6476=ADVANCED_FACE('PartBody',(#6475),#6464,.F.) ;
#6500=ADVANCED_FACE('PartBody',(#6499),#6488,.F.) ;
#6524=ADVANCED_FACE('PartBody',(#6523),#6512,.F.) ;
#6548=ADVANCED_FACE('PartBody',(#6547),#6536,.F.) ;
#6572=ADVANCED_FACE('PartBody',(#6571),#6560,.F.) ;
#6596=ADVANCED_FACE('PartBody',(#6595),#6584,.F.) ;
#6620=ADVANCED_FACE('PartBody',(#6619),#6608,.F.) ;
#6644=ADVANCED_FACE('PartBody',(#6643),#6632,.F.) ;
#6668=ADVANCED_FACE('PartBody',(#6667),#6656,.F.) ;
#6692=ADVANCED_FACE('PartBody',(#6691),#6680,.F.) ;
#6716=ADVANCED_FACE('PartBody',(#6715),#6704,.F.) ;
#6740=ADVANCED_FACE('PartBody',(#6739),#6728,.F.) ;
#6764=ADVANCED_FACE('PartBody',(#6763),#6752,.F.) ;
#6788=ADVANCED_FACE('PartBody',(#6787),#6776,.F.) ;
#6812=ADVANCED_FACE('PartBody',(#6811),#6800,.F.) ;
#6836=ADVANCED_FACE('PartBody',(#6835),#6824,.F.) ;
#6860=ADVANCED_FACE('PartBody',(#6859),#6848,.F.) ;
#6884=ADVANCED_FACE('PartBody',(#6883),#6872,.F.) ;
#6908=ADVANCED_FACE('PartBody',(#6907),#6896,.F.) ;
#6932=ADVANCED_FACE('PartBody',(#6931),#6920,.F.) ;
#6956=ADVANCED_FACE('PartBody',(#6955),#6944,.F.) ;
#6980=ADVANCED_FACE('PartBody',(#6979),#6968,.F.) ;
#7004=ADVANCED_FACE('PartBody',(#7003),#6992,.F.) ;
#7028=ADVANCED_FACE('PartBody',(#7027),#7016,.F.) ;
#7052=ADVANCED_FACE('PartBody',(#7051),#7040,.F.) ;
#7076=ADVANCED_FACE('PartBody',(#7075),#7064,.F.) ;
#7095=ADVANCED_FACE('PartBody',(#7094),#6176,.F.) ;
#7114=ADVANCED_FACE('PartBody',(#7113),#6056,.F.) ;
#7138=ADVANCED_FACE('PartBody',(#7137),#7126,.F.) ;
#7162=ADVANCED_FACE('PartBody',(#7161),#7150,.F.) ;
#7186=ADVANCED_FACE('PartBody',(#7185),#7174,.F.) ;
#7210=ADVANCED_FACE('PartBody',(#7209),#7198,.F.) ;
#7234=ADVANCED_FACE('PartBody',(#7233),#7222,.F.) ;
#7258=ADVANCED_FACE('PartBody',(#7257),#7246,.F.) ;
#7282=ADVANCED_FACE('PartBody',(#7281),#7270,.F.) ;
#7306=ADVANCED_FACE('PartBody',(#7305),#7294,.F.) ;
#7330=ADVANCED_FACE('PartBody',(#7329),#7318,.F.) ;
#7354=ADVANCED_FACE('PartBody',(#7353),#7342,.F.) ;
#7378=ADVANCED_FACE('PartBody',(#7377),#7366,.F.) ;
#7402=ADVANCED_FACE('PartBody',(#7401),#7390,.F.) ;
#7426=ADVANCED_FACE('PartBody',(#7425),#7414,.F.) ;
#7450=ADVANCED_FACE('PartBody',(#7449),#7438,.F.) ;
#7474=ADVANCED_FACE('PartBody',(#7473),#7462,.F.) ;
#7498=ADVANCED_FACE('PartBody',(#7497),#7486,.F.) ;
#7522=ADVANCED_FACE('PartBody',(#7521),#7510,.F.) ;
#7546=ADVANCED_FACE('PartBody',(#7545),#7534,.F.) ;
#7570=ADVANCED_FACE('PartBody',(#7569),#7558,.F.) ;
#7594=ADVANCED_FACE('PartBody',(#7593),#7582,.F.) ;
#7618=ADVANCED_FACE('PartBody',(#7617),#7606,.F.) ;
#7642=ADVANCED_FACE('PartBody',(#7641),#7630,.F.) ;
#7666=ADVANCED_FACE('PartBody',(#7665),#7654,.F.) ;
#7690=ADVANCED_FACE('PartBody',(#7689),#7678,.F.) ;
#7714=ADVANCED_FACE('PartBody',(#7713),#7702,.F.) ;
#7738=ADVANCED_FACE('PartBody',(#7737),#7726,.F.) ;
#7762=ADVANCED_FACE('PartBody',(#7761),#7750,.F.) ;
#7786=ADVANCED_FACE('PartBody',(#7785),#7774,.F.) ;
#7810=ADVANCED_FACE('PartBody',(#7809),#7798,.F.) ;
#7834=ADVANCED_FACE('PartBody',(#7833),#7822,.F.) ;
#7858=ADVANCED_FACE('PartBody',(#7857),#7846,.F.) ;
#7882=ADVANCED_FACE('PartBody',(#7881),#7870,.F.) ;
#7906=ADVANCED_FACE('PartBody',(#7905),#7894,.F.) ;
#7930=ADVANCED_FACE('PartBody',(#7929),#7918,.F.) ;
#7954=ADVANCED_FACE('PartBody',(#7953),#7942,.F.) ;
#7978=ADVANCED_FACE('PartBody',(#7977),#7966,.F.) ;
#8002=ADVANCED_FACE('PartBody',(#8001),#7990,.F.) ;
#8026=ADVANCED_FACE('PartBody',(#8025),#8014,.F.) ;
#8050=ADVANCED_FACE('PartBody',(#8049),#8038,.F.) ;
#8074=ADVANCED_FACE('PartBody',(#8073),#8062,.F.) ;
#8098=ADVANCED_FACE('PartBody',(#8097),#8086,.F.) ;
#8117=ADVANCED_FACE('PartBody',(#8116),#8110,.F.) ;
#9071=ADVANCED_FACE('PartBody',(#9070),#3717,.T.) ;
#9100=ADVANCED_FACE('PartBody',(#9099),#9083,.F.) ;
#9124=ADVANCED_FACE('PartBody',(#9123),#9112,.F.) ;
#9148=ADVANCED_FACE('PartBody',(#9147),#9136,.F.) ;
#9172=ADVANCED_FACE('PartBody',(#9171),#9160,.F.) ;
#9196=ADVANCED_FACE('PartBody',(#9195),#9184,.F.) ;
#9220=ADVANCED_FACE('PartBody',(#9219),#9208,.F.) ;
#9244=ADVANCED_FACE('PartBody',(#9243),#9232,.F.) ;
#9268=ADVANCED_FACE('PartBody',(#9267),#9256,.F.) ;
#9292=ADVANCED_FACE('PartBody',(#9291),#9280,.F.) ;
#9316=ADVANCED_FACE('PartBody',(#9315),#9304,.F.) ;
#9340=ADVANCED_FACE('PartBody',(#9339),#9328,.F.) ;
#9364=ADVANCED_FACE('PartBody',(#9363),#9352,.F.) ;
#9388=ADVANCED_FACE('PartBody',(#9387),#9376,.F.) ;
#9412=ADVANCED_FACE('PartBody',(#9411),#9400,.F.) ;
#9436=ADVANCED_FACE('PartBody',(#9435),#9424,.F.) ;
#9460=ADVANCED_FACE('PartBody',(#9459),#9448,.F.) ;
#9484=ADVANCED_FACE('PartBody',(#9483),#9472,.F.) ;
#9508=ADVANCED_FACE('PartBody',(#9507),#9496,.F.) ;
#9532=ADVANCED_FACE('PartBody',(#9531),#9520,.F.) ;
#9556=ADVANCED_FACE('PartBody',(#9555),#9544,.F.) ;
#9580=ADVANCED_FACE('PartBody',(#9579),#9568,.F.) ;
#9604=ADVANCED_FACE('PartBody',(#9603),#9592,.F.) ;
#9628=ADVANCED_FACE('PartBody',(#9627),#9616,.F.) ;
#9652=ADVANCED_FACE('PartBody',(#9651),#9640,.F.) ;
#9676=ADVANCED_FACE('PartBody',(#9675),#9664,.F.) ;
#9700=ADVANCED_FACE('PartBody',(#9699),#9688,.F.) ;
#9724=ADVANCED_FACE('PartBody',(#9723),#9712,.F.) ;
#9748=ADVANCED_FACE('PartBody',(#9747),#9736,.F.) ;
#9772=ADVANCED_FACE('PartBody',(#9771),#9760,.F.) ;
#9796=ADVANCED_FACE('PartBody',(#9795),#9784,.F.) ;
#9820=ADVANCED_FACE('PartBody',(#9819),#9808,.F.) ;
#9844=ADVANCED_FACE('PartBody',(#9843),#9832,.F.) ;
#9868=ADVANCED_FACE('PartBody',(#9867),#9856,.F.) ;
#9892=ADVANCED_FACE('PartBody',(#9891),#9880,.F.) ;
#9916=ADVANCED_FACE('PartBody',(#9915),#9904,.F.) ;
#9940=ADVANCED_FACE('PartBody',(#9939),#9928,.F.) ;
#9964=ADVANCED_FACE('PartBody',(#9963),#9952,.F.) ;
#9988=ADVANCED_FACE('PartBody',(#9987),#9976,.F.) ;
#10012=ADVANCED_FACE('PartBody',(#10011),#10000,.F.) ;
#10036=ADVANCED_FACE('PartBody',(#10035),#10024,.F.) ;
#10060=ADVANCED_FACE('PartBody',(#10059),#10048,.F.) ;
#10084=ADVANCED_FACE('PartBody',(#10083),#10072,.F.) ;
#10108=ADVANCED_FACE('PartBody',(#10107),#10096,.F.) ;
#10132=ADVANCED_FACE('PartBody',(#10131),#10120,.F.) ;
#10156=ADVANCED_FACE('PartBody',(#10155),#10144,.F.) ;
#10180=ADVANCED_FACE('PartBody',(#10179),#10168,.F.) ;
#10204=ADVANCED_FACE('PartBody',(#10203),#10192,.F.) ;
#10228=ADVANCED_FACE('PartBody',(#10227),#10216,.F.) ;
#10252=ADVANCED_FACE('PartBody',(#10251),#10240,.F.) ;
#10276=ADVANCED_FACE('PartBody',(#10275),#10264,.F.) ;
#10300=ADVANCED_FACE('PartBody',(#10299),#10288,.F.) ;
#10324=ADVANCED_FACE('PartBody',(#10323),#10312,.F.) ;
#10348=ADVANCED_FACE('PartBody',(#10347),#10336,.F.) ;
#10372=ADVANCED_FACE('PartBody',(#10371),#10360,.F.) ;
#10396=ADVANCED_FACE('PartBody',(#10395),#10384,.F.) ;
#10420=ADVANCED_FACE('PartBody',(#10419),#10408,.F.) ;
#10444=ADVANCED_FACE('PartBody',(#10443),#10432,.F.) ;
#10468=ADVANCED_FACE('PartBody',(#10467),#10456,.F.) ;
#10492=ADVANCED_FACE('PartBody',(#10491),#10480,.F.) ;
#10516=ADVANCED_FACE('PartBody',(#10515),#10504,.F.) ;
#10540=ADVANCED_FACE('PartBody',(#10539),#10528,.F.) ;
#10564=ADVANCED_FACE('PartBody',(#10563),#10552,.F.) ;
#10588=ADVANCED_FACE('PartBody',(#10587),#10576,.F.) ;
#10612=ADVANCED_FACE('PartBody',(#10611),#10600,.F.) ;
#10636=ADVANCED_FACE('PartBody',(#10635),#10624,.F.) ;
#10660=ADVANCED_FACE('PartBody',(#10659),#10648,.F.) ;
#10684=ADVANCED_FACE('PartBody',(#10683),#10672,.F.) ;
#10708=ADVANCED_FACE('PartBody',(#10707),#10696,.F.) ;
#10732=ADVANCED_FACE('PartBody',(#10731),#10720,.F.) ;
#10756=ADVANCED_FACE('PartBody',(#10755),#10744,.F.) ;
#10780=ADVANCED_FACE('PartBody',(#10779),#10768,.F.) ;
#10804=ADVANCED_FACE('PartBody',(#10803),#10792,.F.) ;
#10828=ADVANCED_FACE('PartBody',(#10827),#10816,.F.) ;
#10852=ADVANCED_FACE('PartBody',(#10851),#10840,.F.) ;
#10876=ADVANCED_FACE('PartBody',(#10875),#10864,.F.) ;
#10900=ADVANCED_FACE('PartBody',(#10899),#10888,.F.) ;
#10924=ADVANCED_FACE('PartBody',(#10923),#10912,.F.) ;
#10948=ADVANCED_FACE('PartBody',(#10947),#10936,.F.) ;
#10972=ADVANCED_FACE('PartBody',(#10971),#10960,.F.) ;
#10996=ADVANCED_FACE('PartBody',(#10995),#10984,.F.) ;
#11020=ADVANCED_FACE('PartBody',(#11019),#11008,.F.) ;
#11044=ADVANCED_FACE('PartBody',(#11043),#11032,.F.) ;
#11068=ADVANCED_FACE('PartBody',(#11067),#11056,.F.) ;
#11092=ADVANCED_FACE('PartBody',(#11091),#11080,.F.) ;
#11116=ADVANCED_FACE('PartBody',(#11115),#11104,.F.) ;
#11140=ADVANCED_FACE('PartBody',(#11139),#11128,.F.) ;
#11164=ADVANCED_FACE('PartBody',(#11163),#11152,.F.) ;
#11188=ADVANCED_FACE('PartBody',(#11187),#11176,.F.) ;
#11212=ADVANCED_FACE('PartBody',(#11211),#11200,.F.) ;
#11236=ADVANCED_FACE('PartBody',(#11235),#11224,.F.) ;
#11260=ADVANCED_FACE('PartBody',(#11259),#11248,.F.) ;
#11284=ADVANCED_FACE('PartBody',(#11283),#11272,.F.) ;
#11308=ADVANCED_FACE('PartBody',(#11307),#11296,.F.) ;
#11332=ADVANCED_FACE('PartBody',(#11331),#11320,.F.) ;
#11356=ADVANCED_FACE('PartBody',(#11355),#11344,.F.) ;
#11380=ADVANCED_FACE('PartBody',(#11379),#11368,.F.) ;
#11404=ADVANCED_FACE('PartBody',(#11403),#11392,.F.) ;
#11428=ADVANCED_FACE('PartBody',(#11427),#11416,.F.) ;
#11452=ADVANCED_FACE('PartBody',(#11451),#11440,.F.) ;
#11476=ADVANCED_FACE('PartBody',(#11475),#11464,.F.) ;
#11500=ADVANCED_FACE('PartBody',(#11499),#11488,.F.) ;
#11524=ADVANCED_FACE('PartBody',(#11523),#11512,.F.) ;
#11548=ADVANCED_FACE('PartBody',(#11547),#11536,.F.) ;
#11572=ADVANCED_FACE('PartBody',(#11571),#11560,.F.) ;
#11596=ADVANCED_FACE('PartBody',(#11595),#11584,.F.) ;
#11620=ADVANCED_FACE('PartBody',(#11619),#11608,.F.) ;
#11644=ADVANCED_FACE('PartBody',(#11643),#11632,.F.) ;
#11668=ADVANCED_FACE('PartBody',(#11667),#11656,.F.) ;
#11692=ADVANCED_FACE('PartBody',(#11691),#11680,.F.) ;
#11716=ADVANCED_FACE('PartBody',(#11715),#11704,.F.) ;
#11740=ADVANCED_FACE('PartBody',(#11739),#11728,.F.) ;
#11764=ADVANCED_FACE('PartBody',(#11763),#11752,.F.) ;
#11788=ADVANCED_FACE('PartBody',(#11787),#11776,.F.) ;
#11812=ADVANCED_FACE('PartBody',(#11811),#11800,.F.) ;
#11836=ADVANCED_FACE('PartBody',(#11835),#11824,.F.) ;
#11860=ADVANCED_FACE('PartBody',(#11859),#11848,.F.) ;
#11884=ADVANCED_FACE('PartBody',(#11883),#11872,.F.) ;
#11903=ADVANCED_FACE('PartBody',(#11902),#11896,.F.) ;
#11945=ADVANCED_FACE('PartBody',(#11944),#3717,.T.) ;
#11974=ADVANCED_FACE('PartBody',(#11973),#11957,.F.) ;
#11998=ADVANCED_FACE('PartBody',(#11997),#11986,.F.) ;
#12022=ADVANCED_FACE('PartBody',(#12021),#12010,.F.) ;
#12041=ADVANCED_FACE('PartBody',(#12040),#12034,.F.) ;
#12227=ADVANCED_FACE('PartBody',(#12226),#3717,.T.) ;
#12256=ADVANCED_FACE('PartBody',(#12255),#12239,.F.) ;
#12280=ADVANCED_FACE('PartBody',(#12279),#12268,.F.) ;
#12304=ADVANCED_FACE('PartBody',(#12303),#12292,.F.) ;
#12328=ADVANCED_FACE('PartBody',(#12327),#12316,.F.) ;
#12352=ADVANCED_FACE('PartBody',(#12351),#12340,.F.) ;
#12376=ADVANCED_FACE('PartBody',(#12375),#12364,.F.) ;
#12400=ADVANCED_FACE('PartBody',(#12399),#12388,.F.) ;
#12424=ADVANCED_FACE('PartBody',(#12423),#12412,.F.) ;
#12448=ADVANCED_FACE('PartBody',(#12447),#12436,.F.) ;
#12472=ADVANCED_FACE('PartBody',(#12471),#12460,.F.) ;
#12496=ADVANCED_FACE('PartBody',(#12495),#12484,.F.) ;
#12520=ADVANCED_FACE('PartBody',(#12519),#12508,.F.) ;
#12544=ADVANCED_FACE('PartBody',(#12543),#12532,.F.) ;
#12568=ADVANCED_FACE('PartBody',(#12567),#12556,.F.) ;
#12592=ADVANCED_FACE('PartBody',(#12591),#12580,.F.) ;
#12616=ADVANCED_FACE('PartBody',(#12615),#12604,.F.) ;
#12640=ADVANCED_FACE('PartBody',(#12639),#12628,.F.) ;
#12664=ADVANCED_FACE('PartBody',(#12663),#12652,.F.) ;
#12688=ADVANCED_FACE('PartBody',(#12687),#12676,.F.) ;
#12712=ADVANCED_FACE('PartBody',(#12711),#12700,.F.) ;
#12736=ADVANCED_FACE('PartBody',(#12735),#12724,.F.) ;
#12755=ADVANCED_FACE('PartBody',(#12754),#12748,.F.) ;
#12941=ADVANCED_FACE('PartBody',(#12940),#3717,.T.) ;
#12970=ADVANCED_FACE('PartBody',(#12969),#12953,.F.) ;
#12994=ADVANCED_FACE('PartBody',(#12993),#12982,.F.) ;
#13018=ADVANCED_FACE('PartBody',(#13017),#13006,.F.) ;
#13042=ADVANCED_FACE('PartBody',(#13041),#13030,.F.) ;
#13066=ADVANCED_FACE('PartBody',(#13065),#13054,.F.) ;
#13090=ADVANCED_FACE('PartBody',(#13089),#13078,.F.) ;
#13114=ADVANCED_FACE('PartBody',(#13113),#13102,.F.) ;
#13138=ADVANCED_FACE('PartBody',(#13137),#13126,.F.) ;
#13162=ADVANCED_FACE('PartBody',(#13161),#13150,.F.) ;
#13186=ADVANCED_FACE('PartBody',(#13185),#13174,.F.) ;
#13210=ADVANCED_FACE('PartBody',(#13209),#13198,.F.) ;
#13234=ADVANCED_FACE('PartBody',(#13233),#13222,.F.) ;
#13258=ADVANCED_FACE('PartBody',(#13257),#13246,.F.) ;
#13282=ADVANCED_FACE('PartBody',(#13281),#13270,.F.) ;
#13306=ADVANCED_FACE('PartBody',(#13305),#13294,.F.) ;
#13330=ADVANCED_FACE('PartBody',(#13329),#13318,.F.) ;
#13354=ADVANCED_FACE('PartBody',(#13353),#13342,.F.) ;
#13378=ADVANCED_FACE('PartBody',(#13377),#13366,.F.) ;
#13402=ADVANCED_FACE('PartBody',(#13401),#13390,.F.) ;
#13426=ADVANCED_FACE('PartBody',(#13425),#13414,.F.) ;
#13450=ADVANCED_FACE('PartBody',(#13449),#13438,.F.) ;
#13469=ADVANCED_FACE('PartBody',(#13468),#13462,.F.) ;
#13751=ADVANCED_FACE('PartBody',(#13750),#3717,.T.) ;
#13780=ADVANCED_FACE('PartBody',(#13779),#13763,.F.) ;
#13804=ADVANCED_FACE('PartBody',(#13803),#13792,.F.) ;
#13828=ADVANCED_FACE('PartBody',(#13827),#13816,.F.) ;
#13852=ADVANCED_FACE('PartBody',(#13851),#13840,.F.) ;
#13876=ADVANCED_FACE('PartBody',(#13875),#13864,.F.) ;
#13900=ADVANCED_FACE('PartBody',(#13899),#13888,.F.) ;
#13924=ADVANCED_FACE('PartBody',(#13923),#13912,.F.) ;
#13948=ADVANCED_FACE('PartBody',(#13947),#13936,.F.) ;
#13972=ADVANCED_FACE('PartBody',(#13971),#13960,.F.) ;
#13996=ADVANCED_FACE('PartBody',(#13995),#13984,.F.) ;
#14020=ADVANCED_FACE('PartBody',(#14019),#14008,.F.) ;
#14044=ADVANCED_FACE('PartBody',(#14043),#14032,.F.) ;
#14068=ADVANCED_FACE('PartBody',(#14067),#14056,.F.) ;
#14092=ADVANCED_FACE('PartBody',(#14091),#14080,.F.) ;
#14116=ADVANCED_FACE('PartBody',(#14115),#14104,.F.) ;
#14140=ADVANCED_FACE('PartBody',(#14139),#14128,.F.) ;
#14164=ADVANCED_FACE('PartBody',(#14163),#14152,.F.) ;
#14188=ADVANCED_FACE('PartBody',(#14187),#14176,.F.) ;
#14212=ADVANCED_FACE('PartBody',(#14211),#14200,.F.) ;
#14236=ADVANCED_FACE('PartBody',(#14235),#14224,.F.) ;
#14260=ADVANCED_FACE('PartBody',(#14259),#14248,.F.) ;
#14284=ADVANCED_FACE('PartBody',(#14283),#14272,.F.) ;
#14308=ADVANCED_FACE('PartBody',(#14307),#14296,.F.) ;
#14332=ADVANCED_FACE('PartBody',(#14331),#14320,.F.) ;
#14356=ADVANCED_FACE('PartBody',(#14355),#14344,.F.) ;
#14380=ADVANCED_FACE('PartBody',(#14379),#14368,.F.) ;
#14404=ADVANCED_FACE('PartBody',(#14403),#14392,.F.) ;
#14428=ADVANCED_FACE('PartBody',(#14427),#14416,.F.) ;
#14452=ADVANCED_FACE('PartBody',(#14451),#14440,.F.) ;
#14476=ADVANCED_FACE('PartBody',(#14475),#14464,.F.) ;
#14500=ADVANCED_FACE('PartBody',(#14499),#14488,.F.) ;
#14524=ADVANCED_FACE('PartBody',(#14523),#14512,.F.) ;
#14548=ADVANCED_FACE('PartBody',(#14547),#14536,.F.) ;
#14567=ADVANCED_FACE('PartBody',(#14566),#14560,.F.) ;
#14657=ADVANCED_FACE('PartBody',(#14656),#3717,.T.) ;
#14686=ADVANCED_FACE('PartBody',(#14685),#14669,.F.) ;
#14710=ADVANCED_FACE('PartBody',(#14709),#14698,.F.) ;
#14729=ADVANCED_FACE('PartBody',(#14728),#7064,.F.) ;
#14753=ADVANCED_FACE('PartBody',(#14752),#14741,.F.) ;
#14772=ADVANCED_FACE('PartBody',(#14771),#14152,.F.) ;
#14796=ADVANCED_FACE('PartBody',(#14795),#14784,.F.) ;
#14815=ADVANCED_FACE('PartBody',(#14814),#14200,.F.) ;
#14839=ADVANCED_FACE('PartBody',(#14838),#14827,.F.) ;
#14858=ADVANCED_FACE('PartBody',(#14857),#6200,.F.) ;
#14877=ADVANCED_FACE('PartBody',(#14876),#14870,.F.) ;
#15065=ADVANCED_FACE('PartBody',(#14902,#14920,#14938,#14956,#14974,#14992,#15010,#15028,#15046,#15064),#3717,.T.) ;
#15094=ADVANCED_FACE('PartBody',(#15093),#15077,.F.) ;
#15108=ADVANCED_FACE('PartBody',(#15107),#15077,.F.) ;
#15137=ADVANCED_FACE('PartBody',(#15136),#15120,.T.) ;
#15151=ADVANCED_FACE('PartBody',(#15150),#15120,.T.) ;
#15180=ADVANCED_FACE('PartBody',(#15179),#15163,.T.) ;
#15194=ADVANCED_FACE('PartBody',(#15193),#15163,.T.) ;
#15223=ADVANCED_FACE('PartBody',(#15222),#15206,.T.) ;
#15237=ADVANCED_FACE('PartBody',(#15236),#15206,.T.) ;
#15266=ADVANCED_FACE('PartBody',(#15265),#15249,.T.) ;
#15280=ADVANCED_FACE('PartBody',(#15279),#15249,.T.) ;
#15309=ADVANCED_FACE('PartBody',(#15308),#15292,.T.) ;
#15323=ADVANCED_FACE('PartBody',(#15322),#15292,.T.) ;
#15352=ADVANCED_FACE('PartBody',(#15351),#15335,.T.) ;
#15366=ADVANCED_FACE('PartBody',(#15365),#15335,.T.) ;
#15395=ADVANCED_FACE('PartBody',(#15394),#15378,.T.) ;
#15409=ADVANCED_FACE('PartBody',(#15408),#15378,.T.) ;
#15438=ADVANCED_FACE('PartBody',(#15437),#15421,.T.) ;
#15452=ADVANCED_FACE('PartBody',(#15451),#15421,.T.) ;
#15481=ADVANCED_FACE('PartBody',(#15480),#15464,.T.) ;
#15495=ADVANCED_FACE('PartBody',(#15494),#15464,.T.) ;
#4=APPLICATION_PROTOCOL_DEFINITION('international standard','automotive_design',2001,#1) ;
#25=MANIFOLD_SOLID_BREP('PartBody',#34) ;
#52=CIRCLE('generated circle',#51,0.375000000002) ;
#66=CIRCLE('generated circle',#65,0.375000000002) ;
#78=CIRCLE('generated circle',#77,0.375000000002) ;
#83=CIRCLE('generated circle',#82,0.375000000002) ;
#100=CIRCLE('generated circle',#99,3.75000000002) ;
#116=CIRCLE('generated circle',#115,3.75000000002) ;
#135=CIRCLE('generated circle',#134,3.75000000002) ;
#140=CIRCLE('generated circle',#139,3.75000000002) ;
#157=CIRCLE('generated circle',#156,2.21820661792) ;
#166=CIRCLE('generated circle',#165,0.12) ;
#173=CIRCLE('generated circle',#172,2.10193791569) ;
#180=CIRCLE('generated circle',#179,0.12) ;
#192=CIRCLE('generated circle',#191,2.21820661792) ;
#197=CIRCLE('generated circle',#196,2.10193791569) ;
#221=CIRCLE('generated circle',#220,1.75000000001) ;
#240=CIRCLE('generated circle',#239,1.75000000001) ;
#271=CIRCLE('generated circle',#270,1.75000000001) ;
#278=CIRCLE('generated circle',#277,1.75000000001) ;
#291=CIRCLE('generated circle',#290,1.75000000001) ;
#298=CIRCLE('generated circle',#297,1.75000000001) ;
#323=CIRCLE('generated circle',#322,1.61274015749) ;
#348=CIRCLE('generated circle',#347,1.53400000001) ;
#364=CIRCLE('generated circle',#363,1.53400000001) ;
#383=CIRCLE('generated circle',#382,1.53400000001) ;
#388=CIRCLE('generated circle',#387,1.53400000001) ;
#405=CIRCLE('generated circle',#404,2.50000000001) ;
#414=CIRCLE('generated circle',#413,2.50000000001) ;
#433=CIRCLE('generated circle',#432,1.61274015749) ;
#467=CIRCLE('generated circle',#466,2.50000000001) ;
#486=CIRCLE('generated circle',#485,2.50000000001) ;
#515=CIRCLE('generated circle',#514,0.375000000002) ;
#524=CIRCLE('generated circle',#523,0.375000000002) ;
#533=CIRCLE('generated circle',#532,0.375000000001) ;
#542=CIRCLE('generated circle',#541,0.375000000001) ;
#551=CIRCLE('generated circle',#550,0.375000000002) ;
#560=CIRCLE('generated circle',#559,0.375000000002) ;
#589=CIRCLE('generated circle',#588,0.375000000002) ;
#601=CIRCLE('generated circle',#600,0.375000000002) ;
#632=CIRCLE('generated circle',#631,0.375000000001) ;
#644=CIRCLE('generated circle',#643,0.375000000001) ;
#675=CIRCLE('generated circle',#674,0.375000000002) ;
#687=CIRCLE('generated circle',#686,0.375000000002) ;
#728=CIRCLE('generated circle',#727,0.247500000001) ;
#737=CIRCLE('generated circle',#736,0.247500000001) ;
#747=CIRCLE('generated circle',#746,0.195000000001) ;
#756=CIRCLE('generated circle',#755,0.195000000001) ;
#3564=CIRCLE('generated circle',#3563,0.0150000000001) ;
#3573=CIRCLE('generated circle',#3572,0.0150000000001) ;
#3583=CIRCLE('generated circle',#3582,0.0150000000001) ;
#3592=CIRCLE('generated circle',#3591,0.0150000000001) ;
#3602=CIRCLE('generated circle',#3601,0.0150000000001) ;
#3611=CIRCLE('generated circle',#3610,0.0150000000001) ;
#3621=CIRCLE('generated circle',#3620,0.0150000000001) ;
#3630=CIRCLE('generated circle',#3629,0.0150000000001) ;
#3640=CIRCLE('generated circle',#3639,0.0150000000001) ;
#3649=CIRCLE('generated circle',#3648,0.0150000000001) ;
#3659=CIRCLE('generated circle',#3658,0.0150000000001) ;
#3668=CIRCLE('generated circle',#3667,0.0150000000001) ;
#3678=CIRCLE('generated circle',#3677,0.0150000000001) ;
#3687=CIRCLE('generated circle',#3686,0.0150000000001) ;
#3697=CIRCLE('generated circle',#3696,0.0150000000001) ;
#3706=CIRCLE('generated circle',#3705,0.0150000000001) ;
#14888=CIRCLE('generated circle',#14887,0.247500000001) ;
#14897=CIRCLE('generated circle',#14896,0.247500000001) ;
#14906=CIRCLE('generated circle',#14905,0.195000000001) ;
#14915=CIRCLE('generated circle',#14914,0.195000000001) ;
#14924=CIRCLE('generated circle',#14923,0.0150000000001) ;
#14933=CIRCLE('generated circle',#14932,0.0150000000001) ;
#14942=CIRCLE('generated circle',#14941,0.0150000000001) ;
#14951=CIRCLE('generated circle',#14950,0.0150000000001) ;
#14960=CIRCLE('generated circle',#14959,0.0150000000001) ;
#14969=CIRCLE('generated circle',#14968,0.0150000000001) ;
#14978=CIRCLE('generated circle',#14977,0.0150000000001) ;
#14987=CIRCLE('generated circle',#14986,0.0150000000001) ;
#14996=CIRCLE('generated circle',#14995,0.0150000000001) ;
#15005=CIRCLE('generated circle',#15004,0.0150000000001) ;
#15014=CIRCLE('generated circle',#15013,0.0150000000001) ;
#15023=CIRCLE('generated circle',#15022,0.0150000000001) ;
#15032=CIRCLE('generated circle',#15031,0.0150000000001) ;
#15041=CIRCLE('generated circle',#15040,0.0150000000001) ;
#15050=CIRCLE('generated circle',#15049,0.0150000000001) ;
#15059=CIRCLE('generated circle',#15058,0.0150000000001) ;
#26=COLOUR_RGB('Colour',0.494117647059,0.635294117647,0.592156862745) ;
#210=CONICAL_SURFACE('Cone',#209,1.75000000001,0.250026553588) ;
#312=CONICAL_SURFACE('Cone',#311,1.61274015749,0.916297857297) ;
#4832=OVER_RIDING_STYLED_ITEM(' ',(#4831),#4824,#33) ;
#4861=OVER_RIDING_STYLED_ITEM(' ',(#4860),#4854,#33) ;
#4885=OVER_RIDING_STYLED_ITEM(' ',(#4884),#4878,#33) ;
#4909=OVER_RIDING_STYLED_ITEM(' ',(#4908),#4902,#33) ;
#4933=OVER_RIDING_STYLED_ITEM(' ',(#4932),#4926,#33) ;
#4957=OVER_RIDING_STYLED_ITEM(' ',(#4956),#4950,#33) ;
#4981=OVER_RIDING_STYLED_ITEM(' ',(#4980),#4974,#33) ;
#5005=OVER_RIDING_STYLED_ITEM(' ',(#5004),#4998,#33) ;
#5029=OVER_RIDING_STYLED_ITEM(' ',(#5028),#5022,#33) ;
#5053=OVER_RIDING_STYLED_ITEM(' ',(#5052),#5046,#33) ;
#5077=OVER_RIDING_STYLED_ITEM(' ',(#5076),#5070,#33) ;
#5101=OVER_RIDING_STYLED_ITEM(' ',(#5100),#5094,#33) ;
#5125=OVER_RIDING_STYLED_ITEM(' ',(#5124),#5118,#33) ;
#5149=OVER_RIDING_STYLED_ITEM(' ',(#5148),#5142,#33) ;
#5173=OVER_RIDING_STYLED_ITEM(' ',(#5172),#5166,#33) ;
#5197=OVER_RIDING_STYLED_ITEM(' ',(#5196),#5190,#33) ;
#5221=OVER_RIDING_STYLED_ITEM(' ',(#5220),#5214,#33) ;
#5245=OVER_RIDING_STYLED_ITEM(' ',(#5244),#5238,#33) ;
#5269=OVER_RIDING_STYLED_ITEM(' ',(#5268),#5262,#33) ;
#5293=OVER_RIDING_STYLED_ITEM(' ',(#5292),#5286,#33) ;
#5317=OVER_RIDING_STYLED_ITEM(' ',(#5316),#5310,#33) ;
#5341=OVER_RIDING_STYLED_ITEM(' ',(#5340),#5334,#33) ;
#5365=OVER_RIDING_STYLED_ITEM(' ',(#5364),#5358,#33) ;
#5389=OVER_RIDING_STYLED_ITEM(' ',(#5388),#5382,#33) ;
#5413=OVER_RIDING_STYLED_ITEM(' ',(#5412),#5406,#33) ;
#5437=OVER_RIDING_STYLED_ITEM(' ',(#5436),#5430,#33) ;
#5456=OVER_RIDING_STYLED_ITEM(' ',(#5455),#5449,#33) ;
#5480=OVER_RIDING_STYLED_ITEM(' ',(#5479),#5473,#33) ;
#5504=OVER_RIDING_STYLED_ITEM(' ',(#5503),#5497,#33) ;
#5528=OVER_RIDING_STYLED_ITEM(' ',(#5527),#5521,#33) ;
#5552=OVER_RIDING_STYLED_ITEM(' ',(#5551),#5545,#33) ;
#5576=OVER_RIDING_STYLED_ITEM(' ',(#5575),#5569,#33) ;
#5600=OVER_RIDING_STYLED_ITEM(' ',(#5599),#5593,#33) ;
#5624=OVER_RIDING_STYLED_ITEM(' ',(#5623),#5617,#33) ;
#5648=OVER_RIDING_STYLED_ITEM(' ',(#5647),#5641,#33) ;
#5672=OVER_RIDING_STYLED_ITEM(' ',(#5671),#5665,#33) ;
#5696=OVER_RIDING_STYLED_ITEM(' ',(#5695),#5689,#33) ;
#5720=OVER_RIDING_STYLED_ITEM(' ',(#5719),#5713,#33) ;
#5744=OVER_RIDING_STYLED_ITEM(' ',(#5743),#5737,#33) ;
#5768=OVER_RIDING_STYLED_ITEM(' ',(#5767),#5761,#33) ;
#5792=OVER_RIDING_STYLED_ITEM(' ',(#5791),#5785,#33) ;
#5816=OVER_RIDING_STYLED_ITEM(' ',(#5815),#5809,#33) ;
#5840=OVER_RIDING_STYLED_ITEM(' ',(#5839),#5833,#33) ;
#5864=OVER_RIDING_STYLED_ITEM(' ',(#5863),#5857,#33) ;
#5888=OVER_RIDING_STYLED_ITEM(' ',(#5887),#5881,#33) ;
#5912=OVER_RIDING_STYLED_ITEM(' ',(#5911),#5905,#33) ;
#5936=OVER_RIDING_STYLED_ITEM(' ',(#5935),#5929,#33) ;
#5960=OVER_RIDING_STYLED_ITEM(' ',(#5959),#5953,#33) ;
#5979=OVER_RIDING_STYLED_ITEM(' ',(#5978),#5972,#33) ;
#6003=OVER_RIDING_STYLED_ITEM(' ',(#6002),#5996,#33) ;
#6027=OVER_RIDING_STYLED_ITEM(' ',(#6026),#6020,#33) ;
#6051=OVER_RIDING_STYLED_ITEM(' ',(#6050),#6044,#33) ;
#6075=OVER_RIDING_STYLED_ITEM(' ',(#6074),#6068,#33) ;
#6099=OVER_RIDING_STYLED_ITEM(' ',(#6098),#6092,#33) ;
#6123=OVER_RIDING_STYLED_ITEM(' ',(#6122),#6116,#33) ;
#6147=OVER_RIDING_STYLED_ITEM(' ',(#6146),#6140,#33) ;
#6171=OVER_RIDING_STYLED_ITEM(' ',(#6170),#6164,#33) ;
#6195=OVER_RIDING_STYLED_ITEM(' ',(#6194),#6188,#33) ;
#6219=OVER_RIDING_STYLED_ITEM(' ',(#6218),#6212,#33) ;
#6243=OVER_RIDING_STYLED_ITEM(' ',(#6242),#6236,#33) ;
#6267=OVER_RIDING_STYLED_ITEM(' ',(#6266),#6260,#33) ;
#6291=OVER_RIDING_STYLED_ITEM(' ',(#6290),#6284,#33) ;
#6315=OVER_RIDING_STYLED_ITEM(' ',(#6314),#6308,#33) ;
#6339=OVER_RIDING_STYLED_ITEM(' ',(#6338),#6332,#33) ;
#6363=OVER_RIDING_STYLED_ITEM(' ',(#6362),#6356,#33) ;
#6387=OVER_RIDING_STYLED_ITEM(' ',(#6386),#6380,#33) ;
#6411=OVER_RIDING_STYLED_ITEM(' ',(#6410),#6404,#33) ;
#6435=OVER_RIDING_STYLED_ITEM(' ',(#6434),#6428,#33) ;
#6459=OVER_RIDING_STYLED_ITEM(' ',(#6458),#6452,#33) ;
#6483=OVER_RIDING_STYLED_ITEM(' ',(#6482),#6476,#33) ;
#6507=OVER_RIDING_STYLED_ITEM(' ',(#6506),#6500,#33) ;
#6531=OVER_RIDING_STYLED_ITEM(' ',(#6530),#6524,#33) ;
#6555=OVER_RIDING_STYLED_ITEM(' ',(#6554),#6548,#33) ;
#6579=OVER_RIDING_STYLED_ITEM(' ',(#6578),#6572,#33) ;
#6603=OVER_RIDING_STYLED_ITEM(' ',(#6602),#6596,#33) ;
#6627=OVER_RIDING_STYLED_ITEM(' ',(#6626),#6620,#33) ;
#6651=OVER_RIDING_STYLED_ITEM(' ',(#6650),#6644,#33) ;
#6675=OVER_RIDING_STYLED_ITEM(' ',(#6674),#6668,#33) ;
#6699=OVER_RIDING_STYLED_ITEM(' ',(#6698),#6692,#33) ;
#6723=OVER_RIDING_STYLED_ITEM(' ',(#6722),#6716,#33) ;
#6747=OVER_RIDING_STYLED_ITEM(' ',(#6746),#6740,#33) ;
#6771=OVER_RIDING_STYLED_ITEM(' ',(#6770),#6764,#33) ;
#6795=OVER_RIDING_STYLED_ITEM(' ',(#6794),#6788,#33) ;
#6819=OVER_RIDING_STYLED_ITEM(' ',(#6818),#6812,#33) ;
#6843=OVER_RIDING_STYLED_ITEM(' ',(#6842),#6836,#33) ;
#6867=OVER_RIDING_STYLED_ITEM(' ',(#6866),#6860,#33) ;
#6891=OVER_RIDING_STYLED_ITEM(' ',(#6890),#6884,#33) ;
#6915=OVER_RIDING_STYLED_ITEM(' ',(#6914),#6908,#33) ;
#6939=OVER_RIDING_STYLED_ITEM(' ',(#6938),#6932,#33) ;
#6963=OVER_RIDING_STYLED_ITEM(' ',(#6962),#6956,#33) ;
#6987=OVER_RIDING_STYLED_ITEM(' ',(#6986),#6980,#33) ;
#7011=OVER_RIDING_STYLED_ITEM(' ',(#7010),#7004,#33) ;
#7035=OVER_RIDING_STYLED_ITEM(' ',(#7034),#7028,#33) ;
#7059=OVER_RIDING_STYLED_ITEM(' ',(#7058),#7052,#33) ;
#7083=OVER_RIDING_STYLED_ITEM(' ',(#7082),#7076,#33) ;
#7102=OVER_RIDING_STYLED_ITEM(' ',(#7101),#7095,#33) ;
#7121=OVER_RIDING_STYLED_ITEM(' ',(#7120),#7114,#33) ;
#7145=OVER_RIDING_STYLED_ITEM(' ',(#7144),#7138,#33) ;
#7169=OVER_RIDING_STYLED_ITEM(' ',(#7168),#7162,#33) ;
#7193=OVER_RIDING_STYLED_ITEM(' ',(#7192),#7186,#33) ;
#7217=OVER_RIDING_STYLED_ITEM(' ',(#7216),#7210,#33) ;
#7241=OVER_RIDING_STYLED_ITEM(' ',(#7240),#7234,#33) ;
#7265=OVER_RIDING_STYLED_ITEM(' ',(#7264),#7258,#33) ;
#7289=OVER_RIDING_STYLED_ITEM(' ',(#7288),#7282,#33) ;
#7313=OVER_RIDING_STYLED_ITEM(' ',(#7312),#7306,#33) ;
#7337=OVER_RIDING_STYLED_ITEM(' ',(#7336),#7330,#33) ;
#7361=OVER_RIDING_STYLED_ITEM(' ',(#7360),#7354,#33) ;
#7385=OVER_RIDING_STYLED_ITEM(' ',(#7384),#7378,#33) ;
#7409=OVER_RIDING_STYLED_ITEM(' ',(#7408),#7402,#33) ;
#7433=OVER_RIDING_STYLED_ITEM(' ',(#7432),#7426,#33) ;
#7457=OVER_RIDING_STYLED_ITEM(' ',(#7456),#7450,#33) ;
#7481=OVER_RIDING_STYLED_ITEM(' ',(#7480),#7474,#33) ;
#7505=OVER_RIDING_STYLED_ITEM(' ',(#7504),#7498,#33) ;
#7529=OVER_RIDING_STYLED_ITEM(' ',(#7528),#7522,#33) ;
#7553=OVER_RIDING_STYLED_ITEM(' ',(#7552),#7546,#33) ;
#7577=OVER_RIDING_STYLED_ITEM(' ',(#7576),#7570,#33) ;
#7601=OVER_RIDING_STYLED_ITEM(' ',(#7600),#7594,#33) ;
#7625=OVER_RIDING_STYLED_ITEM(' ',(#7624),#7618,#33) ;
#7649=OVER_RIDING_STYLED_ITEM(' ',(#7648),#7642,#33) ;
#7673=OVER_RIDING_STYLED_ITEM(' ',(#7672),#7666,#33) ;
#7697=OVER_RIDING_STYLED_ITEM(' ',(#7696),#7690,#33) ;
#7721=OVER_RIDING_STYLED_ITEM(' ',(#7720),#7714,#33) ;
#7745=OVER_RIDING_STYLED_ITEM(' ',(#7744),#7738,#33) ;
#7769=OVER_RIDING_STYLED_ITEM(' ',(#7768),#7762,#33) ;
#7793=OVER_RIDING_STYLED_ITEM(' ',(#7792),#7786,#33) ;
#7817=OVER_RIDING_STYLED_ITEM(' ',(#7816),#7810,#33) ;
#7841=OVER_RIDING_STYLED_ITEM(' ',(#7840),#7834,#33) ;
#7865=OVER_RIDING_STYLED_ITEM(' ',(#7864),#7858,#33) ;
#7889=OVER_RIDING_STYLED_ITEM(' ',(#7888),#7882,#33) ;
#7913=OVER_RIDING_STYLED_ITEM(' ',(#7912),#7906,#33) ;
#7937=OVER_RIDING_STYLED_ITEM(' ',(#7936),#7930,#33) ;
#7961=OVER_RIDING_STYLED_ITEM(' ',(#7960),#7954,#33) ;
#7985=OVER_RIDING_STYLED_ITEM(' ',(#7984),#7978,#33) ;
#8009=OVER_RIDING_STYLED_ITEM(' ',(#8008),#8002,#33) ;
#8033=OVER_RIDING_STYLED_ITEM(' ',(#8032),#8026,#33) ;
#8057=OVER_RIDING_STYLED_ITEM(' ',(#8056),#8050,#33) ;
#8081=OVER_RIDING_STYLED_ITEM(' ',(#8080),#8074,#33) ;
#8105=OVER_RIDING_STYLED_ITEM(' ',(#8104),#8098,#33) ;
#8124=OVER_RIDING_STYLED_ITEM(' ',(#8123),#8117,#33) ;
#9078=OVER_RIDING_STYLED_ITEM(' ',(#9077),#9071,#33) ;
#9107=OVER_RIDING_STYLED_ITEM(' ',(#9106),#9100,#33) ;
#9131=OVER_RIDING_STYLED_ITEM(' ',(#9130),#9124,#33) ;
#9155=OVER_RIDING_STYLED_ITEM(' ',(#9154),#9148,#33) ;
#9179=OVER_RIDING_STYLED_ITEM(' ',(#9178),#9172,#33) ;
#9203=OVER_RIDING_STYLED_ITEM(' ',(#9202),#9196,#33) ;
#9227=OVER_RIDING_STYLED_ITEM(' ',(#9226),#9220,#33) ;
#9251=OVER_RIDING_STYLED_ITEM(' ',(#9250),#9244,#33) ;
#9275=OVER_RIDING_STYLED_ITEM(' ',(#9274),#9268,#33) ;
#9299=OVER_RIDING_STYLED_ITEM(' ',(#9298),#9292,#33) ;
#9323=OVER_RIDING_STYLED_ITEM(' ',(#9322),#9316,#33) ;
#9347=OVER_RIDING_STYLED_ITEM(' ',(#9346),#9340,#33) ;
#9371=OVER_RIDING_STYLED_ITEM(' ',(#9370),#9364,#33) ;
#9395=OVER_RIDING_STYLED_ITEM(' ',(#9394),#9388,#33) ;
#9419=OVER_RIDING_STYLED_ITEM(' ',(#9418),#9412,#33) ;
#9443=OVER_RIDING_STYLED_ITEM(' ',(#9442),#9436,#33) ;
#9467=OVER_RIDING_STYLED_ITEM(' ',(#9466),#9460,#33) ;
#9491=OVER_RIDING_STYLED_ITEM(' ',(#9490),#9484,#33) ;
#9515=OVER_RIDING_STYLED_ITEM(' ',(#9514),#9508,#33) ;
#9539=OVER_RIDING_STYLED_ITEM(' ',(#9538),#9532,#33) ;
#9563=OVER_RIDING_STYLED_ITEM(' ',(#9562),#9556,#33) ;
#9587=OVER_RIDING_STYLED_ITEM(' ',(#9586),#9580,#33) ;
#9611=OVER_RIDING_STYLED_ITEM(' ',(#9610),#9604,#33) ;
#9635=OVER_RIDING_STYLED_ITEM(' ',(#9634),#9628,#33) ;
#9659=OVER_RIDING_STYLED_ITEM(' ',(#9658),#9652,#33) ;
#9683=OVER_RIDING_STYLED_ITEM(' ',(#9682),#9676,#33) ;
#9707=OVER_RIDING_STYLED_ITEM(' ',(#9706),#9700,#33) ;
#9731=OVER_RIDING_STYLED_ITEM(' ',(#9730),#9724,#33) ;
#9755=OVER_RIDING_STYLED_ITEM(' ',(#9754),#9748,#33) ;
#9779=OVER_RIDING_STYLED_ITEM(' ',(#9778),#9772,#33) ;
#9803=OVER_RIDING_STYLED_ITEM(' ',(#9802),#9796,#33) ;
#9827=OVER_RIDING_STYLED_ITEM(' ',(#9826),#9820,#33) ;
#9851=OVER_RIDING_STYLED_ITEM(' ',(#9850),#9844,#33) ;
#9875=OVER_RIDING_STYLED_ITEM(' ',(#9874),#9868,#33) ;
#9899=OVER_RIDING_STYLED_ITEM(' ',(#9898),#9892,#33) ;
#9923=OVER_RIDING_STYLED_ITEM(' ',(#9922),#9916,#33) ;
#9947=OVER_RIDING_STYLED_ITEM(' ',(#9946),#9940,#33) ;
#9971=OVER_RIDING_STYLED_ITEM(' ',(#9970),#9964,#33) ;
#9995=OVER_RIDING_STYLED_ITEM(' ',(#9994),#9988,#33) ;
#10019=OVER_RIDING_STYLED_ITEM(' ',(#10018),#10012,#33) ;
#10043=OVER_RIDING_STYLED_ITEM(' ',(#10042),#10036,#33) ;
#10067=OVER_RIDING_STYLED_ITEM(' ',(#10066),#10060,#33) ;
#10091=OVER_RIDING_STYLED_ITEM(' ',(#10090),#10084,#33) ;
#10115=OVER_RIDING_STYLED_ITEM(' ',(#10114),#10108,#33) ;
#10139=OVER_RIDING_STYLED_ITEM(' ',(#10138),#10132,#33) ;
#10163=OVER_RIDING_STYLED_ITEM(' ',(#10162),#10156,#33) ;
#10187=OVER_RIDING_STYLED_ITEM(' ',(#10186),#10180,#33) ;
#10211=OVER_RIDING_STYLED_ITEM(' ',(#10210),#10204,#33) ;
#10235=OVER_RIDING_STYLED_ITEM(' ',(#10234),#10228,#33) ;
#10259=OVER_RIDING_STYLED_ITEM(' ',(#10258),#10252,#33) ;
#10283=OVER_RIDING_STYLED_ITEM(' ',(#10282),#10276,#33) ;
#10307=OVER_RIDING_STYLED_ITEM(' ',(#10306),#10300,#33) ;
#10331=OVER_RIDING_STYLED_ITEM(' ',(#10330),#10324,#33) ;
#10355=OVER_RIDING_STYLED_ITEM(' ',(#10354),#10348,#33) ;
#10379=OVER_RIDING_STYLED_ITEM(' ',(#10378),#10372,#33) ;
#10403=OVER_RIDING_STYLED_ITEM(' ',(#10402),#10396,#33) ;
#10427=OVER_RIDING_STYLED_ITEM(' ',(#10426),#10420,#33) ;
#10451=OVER_RIDING_STYLED_ITEM(' ',(#10450),#10444,#33) ;
#10475=OVER_RIDING_STYLED_ITEM(' ',(#10474),#10468,#33) ;
#10499=OVER_RIDING_STYLED_ITEM(' ',(#10498),#10492,#33) ;
#10523=OVER_RIDING_STYLED_ITEM(' ',(#10522),#10516,#33) ;
#10547=OVER_RIDING_STYLED_ITEM(' ',(#10546),#10540,#33) ;
#10571=OVER_RIDING_STYLED_ITEM(' ',(#10570),#10564,#33) ;
#10595=OVER_RIDING_STYLED_ITEM(' ',(#10594),#10588,#33) ;
#10619=OVER_RIDING_STYLED_ITEM(' ',(#10618),#10612,#33) ;
#10643=OVER_RIDING_STYLED_ITEM(' ',(#10642),#10636,#33) ;
#10667=OVER_RIDING_STYLED_ITEM(' ',(#10666),#10660,#33) ;
#10691=OVER_RIDING_STYLED_ITEM(' ',(#10690),#10684,#33) ;
#10715=OVER_RIDING_STYLED_ITEM(' ',(#10714),#10708,#33) ;
#10739=OVER_RIDING_STYLED_ITEM(' ',(#10738),#10732,#33) ;
#10763=OVER_RIDING_STYLED_ITEM(' ',(#10762),#10756,#33) ;
#10787=OVER_RIDING_STYLED_ITEM(' ',(#10786),#10780,#33) ;
#10811=OVER_RIDING_STYLED_ITEM(' ',(#10810),#10804,#33) ;
#10835=OVER_RIDING_STYLED_ITEM(' ',(#10834),#10828,#33) ;
#10859=OVER_RIDING_STYLED_ITEM(' ',(#10858),#10852,#33) ;
#10883=OVER_RIDING_STYLED_ITEM(' ',(#10882),#10876,#33) ;
#10907=OVER_RIDING_STYLED_ITEM(' ',(#10906),#10900,#33) ;
#10931=OVER_RIDING_STYLED_ITEM(' ',(#10930),#10924,#33) ;
#10955=OVER_RIDING_STYLED_ITEM(' ',(#10954),#10948,#33) ;
#10979=OVER_RIDING_STYLED_ITEM(' ',(#10978),#10972,#33) ;
#11003=OVER_RIDING_STYLED_ITEM(' ',(#11002),#10996,#33) ;
#11027=OVER_RIDING_STYLED_ITEM(' ',(#11026),#11020,#33) ;
#11051=OVER_RIDING_STYLED_ITEM(' ',(#11050),#11044,#33) ;
#11075=OVER_RIDING_STYLED_ITEM(' ',(#11074),#11068,#33) ;
#11099=OVER_RIDING_STYLED_ITEM(' ',(#11098),#11092,#33) ;
#11123=OVER_RIDING_STYLED_ITEM(' ',(#11122),#11116,#33) ;
#11147=OVER_RIDING_STYLED_ITEM(' ',(#11146),#11140,#33) ;
#11171=OVER_RIDING_STYLED_ITEM(' ',(#11170),#11164,#33) ;
#11195=OVER_RIDING_STYLED_ITEM(' ',(#11194),#11188,#33) ;
#11219=OVER_RIDING_STYLED_ITEM(' ',(#11218),#11212,#33) ;
#11243=OVER_RIDING_STYLED_ITEM(' ',(#11242),#11236,#33) ;
#11267=OVER_RIDING_STYLED_ITEM(' ',(#11266),#11260,#33) ;
#11291=OVER_RIDING_STYLED_ITEM(' ',(#11290),#11284,#33) ;
#11315=OVER_RIDING_STYLED_ITEM(' ',(#11314),#11308,#33) ;
#11339=OVER_RIDING_STYLED_ITEM(' ',(#11338),#11332,#33) ;
#11363=OVER_RIDING_STYLED_ITEM(' ',(#11362),#11356,#33) ;
#11387=OVER_RIDING_STYLED_ITEM(' ',(#11386),#11380,#33) ;
#11411=OVER_RIDING_STYLED_ITEM(' ',(#11410),#11404,#33) ;
#11435=OVER_RIDING_STYLED_ITEM(' ',(#11434),#11428,#33) ;
#11459=OVER_RIDING_STYLED_ITEM(' ',(#11458),#11452,#33) ;
#11483=OVER_RIDING_STYLED_ITEM(' ',(#11482),#11476,#33) ;
#11507=OVER_RIDING_STYLED_ITEM(' ',(#11506),#11500,#33) ;
#11531=OVER_RIDING_STYLED_ITEM(' ',(#11530),#11524,#33) ;
#11555=OVER_RIDING_STYLED_ITEM(' ',(#11554),#11548,#33) ;
#11579=OVER_RIDING_STYLED_ITEM(' ',(#11578),#11572,#33) ;
#11603=OVER_RIDING_STYLED_ITEM(' ',(#11602),#11596,#33) ;
#11627=OVER_RIDING_STYLED_ITEM(' ',(#11626),#11620,#33) ;
#11651=OVER_RIDING_STYLED_ITEM(' ',(#11650),#11644,#33) ;
#11675=OVER_RIDING_STYLED_ITEM(' ',(#11674),#11668,#33) ;
#11699=OVER_RIDING_STYLED_ITEM(' ',(#11698),#11692,#33) ;
#11723=OVER_RIDING_STYLED_ITEM(' ',(#11722),#11716,#33) ;
#11747=OVER_RIDING_STYLED_ITEM(' ',(#11746),#11740,#33) ;
#11771=OVER_RIDING_STYLED_ITEM(' ',(#11770),#11764,#33) ;
#11795=OVER_RIDING_STYLED_ITEM(' ',(#11794),#11788,#33) ;
#11819=OVER_RIDING_STYLED_ITEM(' ',(#11818),#11812,#33) ;
#11843=OVER_RIDING_STYLED_ITEM(' ',(#11842),#11836,#33) ;
#11867=OVER_RIDING_STYLED_ITEM(' ',(#11866),#11860,#33) ;
#11891=OVER_RIDING_STYLED_ITEM(' ',(#11890),#11884,#33) ;
#11910=OVER_RIDING_STYLED_ITEM(' ',(#11909),#11903,#33) ;
#11952=OVER_RIDING_STYLED_ITEM(' ',(#11951),#11945,#33) ;
#11981=OVER_RIDING_STYLED_ITEM(' ',(#11980),#11974,#33) ;
#12005=OVER_RIDING_STYLED_ITEM(' ',(#12004),#11998,#33) ;
#12029=OVER_RIDING_STYLED_ITEM(' ',(#12028),#12022,#33) ;
#12048=OVER_RIDING_STYLED_ITEM(' ',(#12047),#12041,#33) ;
#12234=OVER_RIDING_STYLED_ITEM(' ',(#12233),#12227,#33) ;
#12263=OVER_RIDING_STYLED_ITEM(' ',(#12262),#12256,#33) ;
#12287=OVER_RIDING_STYLED_ITEM(' ',(#12286),#12280,#33) ;
#12311=OVER_RIDING_STYLED_ITEM(' ',(#12310),#12304,#33) ;
#12335=OVER_RIDING_STYLED_ITEM(' ',(#12334),#12328,#33) ;
#12359=OVER_RIDING_STYLED_ITEM(' ',(#12358),#12352,#33) ;
#12383=OVER_RIDING_STYLED_ITEM(' ',(#12382),#12376,#33) ;
#12407=OVER_RIDING_STYLED_ITEM(' ',(#12406),#12400,#33) ;
#12431=OVER_RIDING_STYLED_ITEM(' ',(#12430),#12424,#33) ;
#12455=OVER_RIDING_STYLED_ITEM(' ',(#12454),#12448,#33) ;
#12479=OVER_RIDING_STYLED_ITEM(' ',(#12478),#12472,#33) ;
#12503=OVER_RIDING_STYLED_ITEM(' ',(#12502),#12496,#33) ;
#12527=OVER_RIDING_STYLED_ITEM(' ',(#12526),#12520,#33) ;
#12551=OVER_RIDING_STYLED_ITEM(' ',(#12550),#12544,#33) ;
#12575=OVER_RIDING_STYLED_ITEM(' ',(#12574),#12568,#33) ;
#12599=OVER_RIDING_STYLED_ITEM(' ',(#12598),#12592,#33) ;
#12623=OVER_RIDING_STYLED_ITEM(' ',(#12622),#12616,#33) ;
#12647=OVER_RIDING_STYLED_ITEM(' ',(#12646),#12640,#33) ;
#12671=OVER_RIDING_STYLED_ITEM(' ',(#12670),#12664,#33) ;
#12695=OVER_RIDING_STYLED_ITEM(' ',(#12694),#12688,#33) ;
#12719=OVER_RIDING_STYLED_ITEM(' ',(#12718),#12712,#33) ;
#12743=OVER_RIDING_STYLED_ITEM(' ',(#12742),#12736,#33) ;
#12762=OVER_RIDING_STYLED_ITEM(' ',(#12761),#12755,#33) ;
#12948=OVER_RIDING_STYLED_ITEM(' ',(#12947),#12941,#33) ;
#12977=OVER_RIDING_STYLED_ITEM(' ',(#12976),#12970,#33) ;
#13001=OVER_RIDING_STYLED_ITEM(' ',(#13000),#12994,#33) ;
#13025=OVER_RIDING_STYLED_ITEM(' ',(#13024),#13018,#33) ;
#13049=OVER_RIDING_STYLED_ITEM(' ',(#13048),#13042,#33) ;
#13073=OVER_RIDING_STYLED_ITEM(' ',(#13072),#13066,#33) ;
#13097=OVER_RIDING_STYLED_ITEM(' ',(#13096),#13090,#33) ;
#13121=OVER_RIDING_STYLED_ITEM(' ',(#13120),#13114,#33) ;
#13145=OVER_RIDING_STYLED_ITEM(' ',(#13144),#13138,#33) ;
#13169=OVER_RIDING_STYLED_ITEM(' ',(#13168),#13162,#33) ;
#13193=OVER_RIDING_STYLED_ITEM(' ',(#13192),#13186,#33) ;
#13217=OVER_RIDING_STYLED_ITEM(' ',(#13216),#13210,#33) ;
#13241=OVER_RIDING_STYLED_ITEM(' ',(#13240),#13234,#33) ;
#13265=OVER_RIDING_STYLED_ITEM(' ',(#13264),#13258,#33) ;
#13289=OVER_RIDING_STYLED_ITEM(' ',(#13288),#13282,#33) ;
#13313=OVER_RIDING_STYLED_ITEM(' ',(#13312),#13306,#33) ;
#13337=OVER_RIDING_STYLED_ITEM(' ',(#13336),#13330,#33) ;
#13361=OVER_RIDING_STYLED_ITEM(' ',(#13360),#13354,#33) ;
#13385=OVER_RIDING_STYLED_ITEM(' ',(#13384),#13378,#33) ;
#13409=OVER_RIDING_STYLED_ITEM(' ',(#13408),#13402,#33) ;
#13433=OVER_RIDING_STYLED_ITEM(' ',(#13432),#13426,#33) ;
#13457=OVER_RIDING_STYLED_ITEM(' ',(#13456),#13450,#33) ;
#13476=OVER_RIDING_STYLED_ITEM(' ',(#13475),#13469,#33) ;
#13758=OVER_RIDING_STYLED_ITEM(' ',(#13757),#13751,#33) ;
#13787=OVER_RIDING_STYLED_ITEM(' ',(#13786),#13780,#33) ;
#13811=OVER_RIDING_STYLED_ITEM(' ',(#13810),#13804,#33) ;
#13835=OVER_RIDING_STYLED_ITEM(' ',(#13834),#13828,#33) ;
#13859=OVER_RIDING_STYLED_ITEM(' ',(#13858),#13852,#33) ;
#13883=OVER_RIDING_STYLED_ITEM(' ',(#13882),#13876,#33) ;
#13907=OVER_RIDING_STYLED_ITEM(' ',(#13906),#13900,#33) ;
#13931=OVER_RIDING_STYLED_ITEM(' ',(#13930),#13924,#33) ;
#13955=OVER_RIDING_STYLED_ITEM(' ',(#13954),#13948,#33) ;
#13979=OVER_RIDING_STYLED_ITEM(' ',(#13978),#13972,#33) ;
#14003=OVER_RIDING_STYLED_ITEM(' ',(#14002),#13996,#33) ;
#14027=OVER_RIDING_STYLED_ITEM(' ',(#14026),#14020,#33) ;
#14051=OVER_RIDING_STYLED_ITEM(' ',(#14050),#14044,#33) ;
#14075=OVER_RIDING_STYLED_ITEM(' ',(#14074),#14068,#33) ;
#14099=OVER_RIDING_STYLED_ITEM(' ',(#14098),#14092,#33) ;
#14123=OVER_RIDING_STYLED_ITEM(' ',(#14122),#14116,#33) ;
#14147=OVER_RIDING_STYLED_ITEM(' ',(#14146),#14140,#33) ;
#14171=OVER_RIDING_STYLED_ITEM(' ',(#14170),#14164,#33) ;
#14195=OVER_RIDING_STYLED_ITEM(' ',(#14194),#14188,#33) ;
#14219=OVER_RIDING_STYLED_ITEM(' ',(#14218),#14212,#33) ;
#14243=OVER_RIDING_STYLED_ITEM(' ',(#14242),#14236,#33) ;
#14267=OVER_RIDING_STYLED_ITEM(' ',(#14266),#14260,#33) ;
#14291=OVER_RIDING_STYLED_ITEM(' ',(#14290),#14284,#33) ;
#14315=OVER_RIDING_STYLED_ITEM(' ',(#14314),#14308,#33) ;
#14339=OVER_RIDING_STYLED_ITEM(' ',(#14338),#14332,#33) ;
#14363=OVER_RIDING_STYLED_ITEM(' ',(#14362),#14356,#33) ;
#14387=OVER_RIDING_STYLED_ITEM(' ',(#14386),#14380,#33) ;
#14411=OVER_RIDING_STYLED_ITEM(' ',(#14410),#14404,#33) ;
#14435=OVER_RIDING_STYLED_ITEM(' ',(#14434),#14428,#33) ;
#14459=OVER_RIDING_STYLED_ITEM(' ',(#14458),#14452,#33) ;
#14483=OVER_RIDING_STYLED_ITEM(' ',(#14482),#14476,#33) ;
#14507=OVER_RIDING_STYLED_ITEM(' ',(#14506),#14500,#33) ;
#14531=OVER_RIDING_STYLED_ITEM(' ',(#14530),#14524,#33) ;
#14555=OVER_RIDING_STYLED_ITEM(' ',(#14554),#14548,#33) ;
#14574=OVER_RIDING_STYLED_ITEM(' ',(#14573),#14567,#33) ;
#14664=OVER_RIDING_STYLED_ITEM(' ',(#14663),#14657,#33) ;
#14693=OVER_RIDING_STYLED_ITEM(' ',(#14692),#14686,#33) ;
#14717=OVER_RIDING_STYLED_ITEM(' ',(#14716),#14710,#33) ;
#14736=OVER_RIDING_STYLED_ITEM(' ',(#14735),#14729,#33) ;
#14760=OVER_RIDING_STYLED_ITEM(' ',(#14759),#14753,#33) ;
#14779=OVER_RIDING_STYLED_ITEM(' ',(#14778),#14772,#33) ;
#14803=OVER_RIDING_STYLED_ITEM(' ',(#14802),#14796,#33) ;
#14822=OVER_RIDING_STYLED_ITEM(' ',(#14821),#14815,#33) ;
#14846=OVER_RIDING_STYLED_ITEM(' ',(#14845),#14839,#33) ;
#14865=OVER_RIDING_STYLED_ITEM(' ',(#14864),#14858,#33) ;
#14884=OVER_RIDING_STYLED_ITEM(' ',(#14883),#14877,#33) ;
#15072=OVER_RIDING_STYLED_ITEM(' ',(#15071),#15065,#33) ;
#15101=OVER_RIDING_STYLED_ITEM(' ',(#15100),#15094,#33) ;
#15115=OVER_RIDING_STYLED_ITEM(' ',(#15114),#15108,#33) ;
#15144=OVER_RIDING_STYLED_ITEM(' ',(#15143),#15137,#33) ;
#15158=OVER_RIDING_STYLED_ITEM(' ',(#15157),#15151,#33) ;
#15187=OVER_RIDING_STYLED_ITEM(' ',(#15186),#15180,#33) ;
#15201=OVER_RIDING_STYLED_ITEM(' ',(#15200),#15194,#33) ;
#15230=OVER_RIDING_STYLED_ITEM(' ',(#15229),#15223,#33) ;
#15244=OVER_RIDING_STYLED_ITEM(' ',(#15243),#15237,#33) ;
#15273=OVER_RIDING_STYLED_ITEM(' ',(#15272),#15266,#33) ;
#15287=OVER_RIDING_STYLED_ITEM(' ',(#15286),#15280,#33) ;
#15316=OVER_RIDING_STYLED_ITEM(' ',(#15315),#15309,#33) ;
#15330=OVER_RIDING_STYLED_ITEM(' ',(#15329),#15323,#33) ;
#15359=OVER_RIDING_STYLED_ITEM(' ',(#15358),#15352,#33) ;
#15373=OVER_RIDING_STYLED_ITEM(' ',(#15372),#15366,#33) ;
#15402=OVER_RIDING_STYLED_ITEM(' ',(#15401),#15395,#33) ;
#15416=OVER_RIDING_STYLED_ITEM(' ',(#15415),#15409,#33) ;
#15445=OVER_RIDING_STYLED_ITEM(' ',(#15444),#15438,#33) ;
#15459=OVER_RIDING_STYLED_ITEM(' ',(#15458),#15452,#33) ;
#15488=OVER_RIDING_STYLED_ITEM(' ',(#15487),#15481,#33) ;
#15502=OVER_RIDING_STYLED_ITEM(' ',(#15501),#15495,#33) ;
#39=CYLINDRICAL_SURFACE('generated cylinder',#38,0.375000000002) ;
#96=CYLINDRICAL_SURFACE('generated cylinder',#95,3.75000000002) ;
#253=CYLINDRICAL_SURFACE('generated cylinder',#252,1.75000000001) ;
#344=CYLINDRICAL_SURFACE('generated cylinder',#343,1.53400000001) ;
#456=CYLINDRICAL_SURFACE('generated cylinder',#455,2.50000000001) ;
#571=CYLINDRICAL_SURFACE('generated cylinder',#570,0.375000000002) ;
#614=CYLINDRICAL_SURFACE('generated cylinder',#613,0.375000000001) ;
#657=CYLINDRICAL_SURFACE('generated cylinder',#656,0.375000000002) ;
#15077=CYLINDRICAL_SURFACE('generated cylinder',#15076,0.247500000001) ;
#15120=CYLINDRICAL_SURFACE('generated cylinder',#15119,0.195000000001) ;
#15163=CYLINDRICAL_SURFACE('generated cylinder',#15162,0.0150000000001) ;
#15206=CYLINDRICAL_SURFACE('generated cylinder',#15205,0.0150000000001) ;
#15249=CYLINDRICAL_SURFACE('generated cylinder',#15248,0.0150000000001) ;
#15292=CYLINDRICAL_SURFACE('generated cylinder',#15291,0.0150000000001) ;
#15335=CYLINDRICAL_SURFACE('generated cylinder',#15334,0.0150000000001) ;
#15378=CYLINDRICAL_SURFACE('generated cylinder',#15377,0.0150000000001) ;
#15421=CYLINDRICAL_SURFACE('generated cylinder',#15420,0.0150000000001) ;
#15464=CYLINDRICAL_SURFACE('generated cylinder',#15463,0.0150000000001) ;
#153=TOROIDAL_SURFACE('homeo Torus',#152,2.21820661792,0.12) ;
#4825=DRAUGHTING_PRE_DEFINED_COLOUR('green') ;
#48=EDGE_CURVE('',#45,#47,#43,.F.) ;
#55=EDGE_CURVE('',#45,#54,#52,.T.) ;
#62=EDGE_CURVE('',#54,#61,#59,.F.) ;
#67=EDGE_CURVE('',#47,#61,#66,.T.) ;
#79=EDGE_CURVE('',#54,#45,#78,.T.) ;
#84=EDGE_CURVE('',#61,#47,#83,.T.) ;
#105=EDGE_CURVE('',#102,#104,#100,.T.) ;
#112=EDGE_CURVE('',#102,#111,#109,.F.) ;
#119=EDGE_CURVE('',#111,#118,#116,.T.) ;
#124=EDGE_CURVE('',#104,#118,#123,.F.) ;
#136=EDGE_CURVE('',#104,#102,#135,.T.) ;
#141=EDGE_CURVE('',#118,#111,#140,.T.) ;
#162=EDGE_CURVE('',#159,#161,#157,.T.) ;
#169=EDGE_CURVE('',#159,#168,#166,.T.) ;
#176=EDGE_CURVE('',#168,#175,#173,.T.) ;
#181=EDGE_CURVE('',#161,#175,#180,.T.) ;
#193=EDGE_CURVE('',#161,#159,#192,.T.) ;
#198=EDGE_CURVE('',#175,#168,#197,.T.) ;
#217=EDGE_CURVE('',#168,#216,#214,.F.) ;
#224=EDGE_CURVE('',#216,#223,#221,.T.) ;
#229=EDGE_CURVE('',#175,#223,#228,.F.) ;
#241=EDGE_CURVE('',#223,#216,#240,.T.) ;
#260=EDGE_CURVE('',#223,#259,#257,.F.) ;
#267=EDGE_CURVE('',#216,#266,#264,.F.) ;
#274=EDGE_CURVE('',#273,#266,#271,.F.) ;
#279=EDGE_CURVE('',#273,#259,#278,.T.) ;
#294=EDGE_CURVE('',#293,#259,#291,.F.) ;
#299=EDGE_CURVE('',#293,#266,#298,.T.) ;
#319=EDGE_CURVE('',#318,#273,#316,.T.) ;
#326=EDGE_CURVE('',#325,#318,#323,.F.) ;
#331=EDGE_CURVE('',#325,#293,#330,.T.) ;
#353=EDGE_CURVE('',#350,#352,#348,.T.) ;
#360=EDGE_CURVE('',#350,#359,#357,.T.) ;
#367=EDGE_CURVE('',#359,#366,#364,.T.) ;
#372=EDGE_CURVE('',#352,#366,#371,.T.) ;
#384=EDGE_CURVE('',#352,#350,#383,.T.) ;
#389=EDGE_CURVE('',#366,#359,#388,.T.) ;
#410=EDGE_CURVE('',#407,#409,#405,.T.) ;
#415=EDGE_CURVE('',#409,#407,#414,.T.) ;
#434=EDGE_CURVE('',#318,#325,#433,.F.) ;
#463=EDGE_CURVE('',#407,#462,#460,.F.) ;
#470=EDGE_CURVE('',#462,#469,#467,.T.) ;
#475=EDGE_CURVE('',#409,#469,#474,.F.) ;
#487=EDGE_CURVE('',#469,#462,#486,.T.) ;
#520=EDGE_CURVE('',#517,#519,#515,.T.) ;
#525=EDGE_CURVE('',#519,#517,#524,.T.) ;
#538=EDGE_CURVE('',#535,#537,#533,.T.) ;
#543=EDGE_CURVE('',#537,#535,#542,.T.) ;
#556=EDGE_CURVE('',#553,#555,#551,.T.) ;
#561=EDGE_CURVE('',#555,#553,#560,.T.) ;
#578=EDGE_CURVE('',#553,#577,#575,.F.) ;
#585=EDGE_CURVE('',#555,#584,#582,.F.) ;
#590=EDGE_CURVE('',#577,#584,#589,.T.) ;
#602=EDGE_CURVE('',#584,#577,#601,.T.) ;
#621=EDGE_CURVE('',#535,#620,#618,.F.) ;
#628=EDGE_CURVE('',#537,#627,#625,.F.) ;
#633=EDGE_CURVE('',#620,#627,#632,.T.) ;
#645=EDGE_CURVE('',#627,#620,#644,.T.) ;
#664=EDGE_CURVE('',#517,#663,#661,.F.) ;
#671=EDGE_CURVE('',#519,#670,#668,.F.) ;
#676=EDGE_CURVE('',#663,#670,#675,.T.) ;
#688=EDGE_CURVE('',#670,#663,#687,.T.) ;
#733=EDGE_CURVE('',#730,#732,#728,.T.) ;
#738=EDGE_CURVE('',#732,#730,#737,.T.) ;
#752=EDGE_CURVE('',#749,#751,#747,.T.) ;
#757=EDGE_CURVE('',#751,#749,#756,.T.) ;
#770=EDGE_CURVE('',#767,#769,#765,.T.) ;
#777=EDGE_CURVE('',#769,#776,#774,.T.) ;
#784=EDGE_CURVE('',#776,#783,#781,.T.) ;
#791=EDGE_CURVE('',#783,#790,#788,.T.) ;
#798=EDGE_CURVE('',#790,#797,#795,.T.) ;
#805=EDGE_CURVE('',#797,#804,#802,.T.) ;
#812=EDGE_CURVE('',#804,#811,#809,.T.) ;
#819=EDGE_CURVE('',#811,#818,#816,.T.) ;
#826=EDGE_CURVE('',#818,#825,#823,.T.) ;
#833=EDGE_CURVE('',#825,#832,#830,.T.) ;
#840=EDGE_CURVE('',#832,#839,#837,.T.) ;
#847=EDGE_CURVE('',#839,#846,#844,.T.) ;
#854=EDGE_CURVE('',#846,#853,#851,.T.) ;
#861=EDGE_CURVE('',#853,#860,#858,.T.) ;
#868=EDGE_CURVE('',#860,#867,#865,.T.) ;
#875=EDGE_CURVE('',#867,#874,#872,.T.) ;
#882=EDGE_CURVE('',#874,#881,#879,.T.) ;
#889=EDGE_CURVE('',#881,#888,#886,.T.) ;
#896=EDGE_CURVE('',#888,#895,#893,.T.) ;
#903=EDGE_CURVE('',#895,#902,#900,.T.) ;
#910=EDGE_CURVE('',#902,#909,#907,.T.) ;
#917=EDGE_CURVE('',#909,#916,#914,.T.) ;
#924=EDGE_CURVE('',#916,#923,#921,.T.) ;
#931=EDGE_CURVE('',#923,#930,#928,.T.) ;
#938=EDGE_CURVE('',#930,#937,#935,.T.) ;
#945=EDGE_CURVE('',#937,#944,#942,.T.) ;
#952=EDGE_CURVE('',#944,#951,#949,.T.) ;
#959=EDGE_CURVE('',#951,#958,#956,.T.) ;
#966=EDGE_CURVE('',#958,#965,#963,.T.) ;
#973=EDGE_CURVE('',#965,#972,#970,.T.) ;
#980=EDGE_CURVE('',#972,#979,#977,.T.) ;
#987=EDGE_CURVE('',#979,#986,#984,.T.) ;
#994=EDGE_CURVE('',#986,#993,#991,.T.) ;
#1001=EDGE_CURVE('',#993,#1000,#998,.T.) ;
#1008=EDGE_CURVE('',#1000,#1007,#1005,.T.) ;
#1015=EDGE_CURVE('',#1007,#1014,#1012,.T.) ;
#1022=EDGE_CURVE('',#1014,#1021,#1019,.T.) ;
#1029=EDGE_CURVE('',#1021,#1028,#1026,.T.) ;
#1036=EDGE_CURVE('',#1028,#1035,#1033,.T.) ;
#1043=EDGE_CURVE('',#1035,#1042,#1040,.T.) ;
#1050=EDGE_CURVE('',#1042,#1049,#1047,.T.) ;
#1057=EDGE_CURVE('',#1049,#1056,#1054,.T.) ;
#1064=EDGE_CURVE('',#1056,#1063,#1061,.T.) ;
#1071=EDGE_CURVE('',#1063,#1070,#1068,.T.) ;
#1078=EDGE_CURVE('',#1070,#1077,#1075,.T.) ;
#1085=EDGE_CURVE('',#1077,#1084,#1082,.T.) ;
#1092=EDGE_CURVE('',#1084,#1091,#1089,.T.) ;
#1099=EDGE_CURVE('',#1091,#1098,#1096,.T.) ;
#1106=EDGE_CURVE('',#1098,#1105,#1103,.T.) ;
#1113=EDGE_CURVE('',#1105,#1112,#1110,.T.) ;
#1120=EDGE_CURVE('',#1112,#1119,#1117,.T.) ;
#1127=EDGE_CURVE('',#1119,#1126,#1124,.T.) ;
#1134=EDGE_CURVE('',#1126,#1133,#1131,.T.) ;
#1141=EDGE_CURVE('',#1133,#1140,#1138,.T.) ;
#1148=EDGE_CURVE('',#1140,#1147,#1145,.T.) ;
#1155=EDGE_CURVE('',#1147,#1154,#1152,.T.) ;
#1162=EDGE_CURVE('',#1154,#1161,#1159,.T.) ;
#1169=EDGE_CURVE('',#1161,#1168,#1166,.T.) ;
#1176=EDGE_CURVE('',#1168,#1175,#1173,.T.) ;
#1183=EDGE_CURVE('',#1175,#1182,#1180,.T.) ;
#1190=EDGE_CURVE('',#1182,#1189,#1187,.T.) ;
#1197=EDGE_CURVE('',#1189,#1196,#1194,.T.) ;
#1204=EDGE_CURVE('',#1196,#1203,#1201,.T.) ;
#1211=EDGE_CURVE('',#1203,#1210,#1208,.T.) ;
#1218=EDGE_CURVE('',#1210,#1217,#1215,.T.) ;
#1225=EDGE_CURVE('',#1217,#1224,#1222,.T.) ;
#1232=EDGE_CURVE('',#1224,#1231,#1229,.T.) ;
#1239=EDGE_CURVE('',#1231,#1238,#1236,.T.) ;
#1246=EDGE_CURVE('',#1238,#1245,#1243,.T.) ;
#1253=EDGE_CURVE('',#1245,#1252,#1250,.T.) ;
#1260=EDGE_CURVE('',#1252,#1259,#1257,.T.) ;
#1267=EDGE_CURVE('',#1259,#1266,#1264,.T.) ;
#1274=EDGE_CURVE('',#1266,#1273,#1271,.T.) ;
#1281=EDGE_CURVE('',#1273,#1280,#1278,.T.) ;
#1288=EDGE_CURVE('',#1280,#1287,#1285,.T.) ;
#1295=EDGE_CURVE('',#1287,#1294,#1292,.T.) ;
#1302=EDGE_CURVE('',#1294,#1301,#1299,.T.) ;
#1309=EDGE_CURVE('',#1301,#1308,#1306,.T.) ;
#1316=EDGE_CURVE('',#1308,#1315,#1313,.T.) ;
#1323=EDGE_CURVE('',#1315,#1322,#1320,.T.) ;
#1330=EDGE_CURVE('',#1322,#1329,#1327,.T.) ;
#1337=EDGE_CURVE('',#1329,#1336,#1334,.T.) ;
#1344=EDGE_CURVE('',#1336,#1343,#1341,.T.) ;
#1351=EDGE_CURVE('',#1343,#1350,#1348,.T.) ;
#1358=EDGE_CURVE('',#1350,#1357,#1355,.T.) ;
#1365=EDGE_CURVE('',#1357,#1364,#1362,.T.) ;
#1372=EDGE_CURVE('',#1364,#1371,#1369,.T.) ;
#1379=EDGE_CURVE('',#1371,#1378,#1376,.T.) ;
#1386=EDGE_CURVE('',#1378,#1385,#1383,.T.) ;
#1393=EDGE_CURVE('',#1385,#1392,#1390,.T.) ;
#1400=EDGE_CURVE('',#1392,#1399,#1397,.T.) ;
#1407=EDGE_CURVE('',#1399,#1406,#1404,.T.) ;
#1414=EDGE_CURVE('',#1406,#1413,#1411,.T.) ;
#1421=EDGE_CURVE('',#1413,#1420,#1418,.T.) ;
#1428=EDGE_CURVE('',#1420,#1427,#1425,.T.) ;
#1435=EDGE_CURVE('',#1427,#1434,#1432,.T.) ;
#1442=EDGE_CURVE('',#1434,#1441,#1439,.T.) ;
#1449=EDGE_CURVE('',#1441,#1448,#1446,.T.) ;
#1456=EDGE_CURVE('',#1448,#1455,#1453,.T.) ;
#1463=EDGE_CURVE('',#1455,#1462,#1460,.T.) ;
#1470=EDGE_CURVE('',#1462,#1469,#1467,.T.) ;
#1477=EDGE_CURVE('',#1469,#1476,#1474,.T.) ;
#1484=EDGE_CURVE('',#1476,#1483,#1481,.T.) ;
#1491=EDGE_CURVE('',#1483,#1490,#1488,.T.) ;
#1498=EDGE_CURVE('',#1490,#1497,#1495,.T.) ;
#1505=EDGE_CURVE('',#1497,#1504,#1502,.T.) ;
#1512=EDGE_CURVE('',#1504,#1511,#1509,.T.) ;
#1519=EDGE_CURVE('',#1511,#1518,#1516,.T.) ;
#1526=EDGE_CURVE('',#1518,#1525,#1523,.T.) ;
#1533=EDGE_CURVE('',#1525,#1532,#1530,.T.) ;
#1540=EDGE_CURVE('',#1532,#1539,#1537,.T.) ;
#1547=EDGE_CURVE('',#1539,#1546,#1544,.T.) ;
#1554=EDGE_CURVE('',#1546,#1553,#1551,.T.) ;
#1561=EDGE_CURVE('',#1553,#1560,#1558,.T.) ;
#1568=EDGE_CURVE('',#1560,#1567,#1565,.T.) ;
#1575=EDGE_CURVE('',#1567,#1574,#1572,.T.) ;
#1582=EDGE_CURVE('',#1574,#1581,#1579,.T.) ;
#1587=EDGE_CURVE('',#1581,#767,#1586,.T.) ;
#1716=EDGE_CURVE('',#1713,#1715,#1711,.T.) ;
#1723=EDGE_CURVE('',#1715,#1722,#1720,.T.) ;
#1730=EDGE_CURVE('',#1722,#1729,#1727,.T.) ;
#1737=EDGE_CURVE('',#1729,#1736,#1734,.T.) ;
#1744=EDGE_CURVE('',#1736,#1743,#1741,.T.) ;
#1751=EDGE_CURVE('',#1743,#1750,#1748,.T.) ;
#1758=EDGE_CURVE('',#1750,#1757,#1755,.T.) ;
#1765=EDGE_CURVE('',#1757,#1764,#1762,.T.) ;
#1772=EDGE_CURVE('',#1764,#1771,#1769,.T.) ;
#1779=EDGE_CURVE('',#1771,#1778,#1776,.T.) ;
#1786=EDGE_CURVE('',#1778,#1785,#1783,.T.) ;
#1793=EDGE_CURVE('',#1785,#1792,#1790,.T.) ;
#1800=EDGE_CURVE('',#1792,#1799,#1797,.T.) ;
#1807=EDGE_CURVE('',#1799,#1806,#1804,.T.) ;
#1814=EDGE_CURVE('',#1806,#1813,#1811,.T.) ;
#1821=EDGE_CURVE('',#1813,#1820,#1818,.T.) ;
#1828=EDGE_CURVE('',#1820,#1827,#1825,.T.) ;
#1835=EDGE_CURVE('',#1827,#1834,#1832,.T.) ;
#1842=EDGE_CURVE('',#1834,#1841,#1839,.T.) ;
#1849=EDGE_CURVE('',#1841,#1848,#1846,.T.) ;
#1856=EDGE_CURVE('',#1848,#1855,#1853,.T.) ;
#1861=EDGE_CURVE('',#1855,#1713,#1860,.T.) ;
#1894=EDGE_CURVE('',#1891,#1893,#1889,.T.) ;
#1901=EDGE_CURVE('',#1893,#1900,#1898,.T.) ;
#1908=EDGE_CURVE('',#1900,#1907,#1905,.T.) ;
#1915=EDGE_CURVE('',#1907,#1914,#1912,.T.) ;
#1922=EDGE_CURVE('',#1914,#1921,#1919,.T.) ;
#1929=EDGE_CURVE('',#1921,#1928,#1926,.T.) ;
#1936=EDGE_CURVE('',#1928,#1935,#1933,.T.) ;
#1943=EDGE_CURVE('',#1935,#1942,#1940,.T.) ;
#1950=EDGE_CURVE('',#1942,#1949,#1947,.T.) ;
#1957=EDGE_CURVE('',#1949,#1956,#1954,.T.) ;
#1964=EDGE_CURVE('',#1956,#1963,#1961,.T.) ;
#1971=EDGE_CURVE('',#1963,#1970,#1968,.T.) ;
#1978=EDGE_CURVE('',#1970,#1977,#1975,.T.) ;
#1985=EDGE_CURVE('',#1977,#1984,#1982,.T.) ;
#1992=EDGE_CURVE('',#1984,#1991,#1989,.T.) ;
#1999=EDGE_CURVE('',#1991,#1998,#1996,.T.) ;
#2006=EDGE_CURVE('',#1998,#2005,#2003,.T.) ;
#2013=EDGE_CURVE('',#2005,#2012,#2010,.T.) ;
#2020=EDGE_CURVE('',#2012,#2019,#2017,.T.) ;
#2027=EDGE_CURVE('',#2019,#2026,#2024,.T.) ;
#2034=EDGE_CURVE('',#2026,#2033,#2031,.T.) ;
#2041=EDGE_CURVE('',#2033,#2040,#2038,.T.) ;
#2048=EDGE_CURVE('',#2040,#2047,#2045,.T.) ;
#2055=EDGE_CURVE('',#2047,#2054,#2052,.T.) ;
#2062=EDGE_CURVE('',#2054,#2061,#2059,.T.) ;
#2069=EDGE_CURVE('',#2061,#2068,#2066,.T.) ;
#2076=EDGE_CURVE('',#2068,#2075,#2073,.T.) ;
#2083=EDGE_CURVE('',#2075,#2082,#2080,.T.) ;
#2090=EDGE_CURVE('',#2082,#2089,#2087,.T.) ;
#2097=EDGE_CURVE('',#2089,#2096,#2094,.T.) ;
#2104=EDGE_CURVE('',#2096,#2103,#2101,.T.) ;
#2111=EDGE_CURVE('',#2103,#2110,#2108,.T.) ;
#2118=EDGE_CURVE('',#2110,#2117,#2115,.T.) ;
#2123=EDGE_CURVE('',#2117,#1891,#2122,.T.) ;
#2168=EDGE_CURVE('',#2165,#2167,#2163,.T.) ;
#2175=EDGE_CURVE('',#2167,#2174,#2172,.T.) ;
#2182=EDGE_CURVE('',#2174,#2181,#2179,.T.) ;
#2189=EDGE_CURVE('',#2181,#2188,#2186,.T.) ;
#2196=EDGE_CURVE('',#2188,#2195,#2193,.T.) ;
#2203=EDGE_CURVE('',#2195,#2202,#2200,.T.) ;
#2210=EDGE_CURVE('',#2202,#2209,#2207,.T.) ;
#2217=EDGE_CURVE('',#2209,#2216,#2214,.T.) ;
#2224=EDGE_CURVE('',#2216,#2223,#2221,.T.) ;
#2231=EDGE_CURVE('',#2223,#2230,#2228,.T.) ;
#2238=EDGE_CURVE('',#2230,#2237,#2235,.T.) ;
#2245=EDGE_CURVE('',#2237,#2244,#2242,.T.) ;
#2252=EDGE_CURVE('',#2244,#2251,#2249,.T.) ;
#2259=EDGE_CURVE('',#2251,#2258,#2256,.T.) ;
#2266=EDGE_CURVE('',#2258,#2265,#2263,.T.) ;
#2273=EDGE_CURVE('',#2265,#2272,#2270,.T.) ;
#2280=EDGE_CURVE('',#2272,#2279,#2277,.T.) ;
#2287=EDGE_CURVE('',#2279,#2286,#2284,.T.) ;
#2294=EDGE_CURVE('',#2286,#2293,#2291,.T.) ;
#2301=EDGE_CURVE('',#2293,#2300,#2298,.T.) ;
#2308=EDGE_CURVE('',#2300,#2307,#2305,.T.) ;
#2315=EDGE_CURVE('',#2307,#2314,#2312,.T.) ;
#2322=EDGE_CURVE('',#2314,#2321,#2319,.T.) ;
#2329=EDGE_CURVE('',#2321,#2328,#2326,.T.) ;
#2336=EDGE_CURVE('',#2328,#2335,#2333,.T.) ;
#2343=EDGE_CURVE('',#2335,#2342,#2340,.T.) ;
#2350=EDGE_CURVE('',#2342,#2349,#2347,.T.) ;
#2357=EDGE_CURVE('',#2349,#2356,#2354,.T.) ;
#2364=EDGE_CURVE('',#2356,#2363,#2361,.T.) ;
#2371=EDGE_CURVE('',#2363,#2370,#2368,.T.) ;
#2378=EDGE_CURVE('',#2370,#2377,#2375,.T.) ;
#2385=EDGE_CURVE('',#2377,#2384,#2382,.T.) ;
#2392=EDGE_CURVE('',#2384,#2391,#2389,.T.) ;
#2399=EDGE_CURVE('',#2391,#2398,#2396,.T.) ;
#2406=EDGE_CURVE('',#2398,#2405,#2403,.T.) ;
#2413=EDGE_CURVE('',#2405,#2412,#2410,.T.) ;
#2420=EDGE_CURVE('',#2412,#2419,#2417,.T.) ;
#2427=EDGE_CURVE('',#2419,#2426,#2424,.T.) ;
#2434=EDGE_CURVE('',#2426,#2433,#2431,.T.) ;
#2441=EDGE_CURVE('',#2433,#2440,#2438,.T.) ;
#2448=EDGE_CURVE('',#2440,#2447,#2445,.T.) ;
#2455=EDGE_CURVE('',#2447,#2454,#2452,.T.) ;
#2462=EDGE_CURVE('',#2454,#2461,#2459,.T.) ;
#2469=EDGE_CURVE('',#2461,#2468,#2466,.T.) ;
#2476=EDGE_CURVE('',#2468,#2475,#2473,.T.) ;
#2483=EDGE_CURVE('',#2475,#2482,#2480,.T.) ;
#2490=EDGE_CURVE('',#2482,#2489,#2487,.T.) ;
#2497=EDGE_CURVE('',#2489,#2496,#2494,.T.) ;
#2504=EDGE_CURVE('',#2496,#2503,#2501,.T.) ;
#2511=EDGE_CURVE('',#2503,#2510,#2508,.T.) ;
#2518=EDGE_CURVE('',#2510,#2517,#2515,.T.) ;
#2525=EDGE_CURVE('',#2517,#2524,#2522,.T.) ;
#2532=EDGE_CURVE('',#2524,#2531,#2529,.T.) ;
#2539=EDGE_CURVE('',#2531,#2538,#2536,.T.) ;
#2546=EDGE_CURVE('',#2538,#2545,#2543,.T.) ;
#2553=EDGE_CURVE('',#2545,#2552,#2550,.T.) ;
#2560=EDGE_CURVE('',#2552,#2559,#2557,.T.) ;
#2567=EDGE_CURVE('',#2559,#2566,#2564,.T.) ;
#2574=EDGE_CURVE('',#2566,#2573,#2571,.T.) ;
#2581=EDGE_CURVE('',#2573,#2580,#2578,.T.) ;
#2588=EDGE_CURVE('',#2580,#2587,#2585,.T.) ;
#2595=EDGE_CURVE('',#2587,#2594,#2592,.T.) ;
#2602=EDGE_CURVE('',#2594,#2601,#2599,.T.) ;
#2609=EDGE_CURVE('',#2601,#2608,#2606,.T.) ;
#2616=EDGE_CURVE('',#2608,#2615,#2613,.T.) ;
#2623=EDGE_CURVE('',#2615,#2622,#2620,.T.) ;
#2630=EDGE_CURVE('',#2622,#2629,#2627,.T.) ;
#2637=EDGE_CURVE('',#2629,#2636,#2634,.T.) ;
#2644=EDGE_CURVE('',#2636,#2643,#2641,.T.) ;
#2651=EDGE_CURVE('',#2643,#2650,#2648,.T.) ;
#2658=EDGE_CURVE('',#2650,#2657,#2655,.T.) ;
#2665=EDGE_CURVE('',#2657,#2664,#2662,.T.) ;
#2672=EDGE_CURVE('',#2664,#2671,#2669,.T.) ;
#2679=EDGE_CURVE('',#2671,#2678,#2676,.T.) ;
#2686=EDGE_CURVE('',#2678,#2685,#2683,.T.) ;
#2693=EDGE_CURVE('',#2685,#2692,#2690,.T.) ;
#2700=EDGE_CURVE('',#2692,#2699,#2697,.T.) ;
#2707=EDGE_CURVE('',#2699,#2706,#2704,.T.) ;
#2714=EDGE_CURVE('',#2706,#2713,#2711,.T.) ;
#2721=EDGE_CURVE('',#2713,#2720,#2718,.T.) ;
#2728=EDGE_CURVE('',#2720,#2727,#2725,.T.) ;
#2735=EDGE_CURVE('',#2727,#2734,#2732,.T.) ;
#2742=EDGE_CURVE('',#2734,#2741,#2739,.T.) ;
#2749=EDGE_CURVE('',#2741,#2748,#2746,.T.) ;
#2756=EDGE_CURVE('',#2748,#2755,#2753,.T.) ;
#2763=EDGE_CURVE('',#2755,#2762,#2760,.T.) ;
#2770=EDGE_CURVE('',#2762,#2769,#2767,.T.) ;
#2777=EDGE_CURVE('',#2769,#2776,#2774,.T.) ;
#2784=EDGE_CURVE('',#2776,#2783,#2781,.T.) ;
#2791=EDGE_CURVE('',#2783,#2790,#2788,.T.) ;
#2798=EDGE_CURVE('',#2790,#2797,#2795,.T.) ;
#2805=EDGE_CURVE('',#2797,#2804,#2802,.T.) ;
#2812=EDGE_CURVE('',#2804,#2811,#2809,.T.) ;
#2819=EDGE_CURVE('',#2811,#2818,#2816,.T.) ;
#2826=EDGE_CURVE('',#2818,#2825,#2823,.T.) ;
#2833=EDGE_CURVE('',#2825,#2832,#2830,.T.) ;
#2840=EDGE_CURVE('',#2832,#2839,#2837,.T.) ;
#2847=EDGE_CURVE('',#2839,#2846,#2844,.T.) ;
#2854=EDGE_CURVE('',#2846,#2853,#2851,.T.) ;
#2861=EDGE_CURVE('',#2853,#2860,#2858,.T.) ;
#2868=EDGE_CURVE('',#2860,#2867,#2865,.T.) ;
#2875=EDGE_CURVE('',#2867,#2874,#2872,.T.) ;
#2882=EDGE_CURVE('',#2874,#2881,#2879,.T.) ;
#2889=EDGE_CURVE('',#2881,#2888,#2886,.T.) ;
#2896=EDGE_CURVE('',#2888,#2895,#2893,.T.) ;
#2903=EDGE_CURVE('',#2895,#2902,#2900,.T.) ;
#2910=EDGE_CURVE('',#2902,#2909,#2907,.T.) ;
#2917=EDGE_CURVE('',#2909,#2916,#2914,.T.) ;
#2924=EDGE_CURVE('',#2916,#2923,#2921,.T.) ;
#2931=EDGE_CURVE('',#2923,#2930,#2928,.T.) ;
#2938=EDGE_CURVE('',#2930,#2937,#2935,.T.) ;
#2945=EDGE_CURVE('',#2937,#2944,#2942,.T.) ;
#2952=EDGE_CURVE('',#2944,#2951,#2949,.T.) ;
#2959=EDGE_CURVE('',#2951,#2958,#2956,.T.) ;
#2966=EDGE_CURVE('',#2958,#2965,#2963,.T.) ;
#2973=EDGE_CURVE('',#2965,#2972,#2970,.T.) ;
#2980=EDGE_CURVE('',#2972,#2979,#2977,.T.) ;
#2987=EDGE_CURVE('',#2979,#2986,#2984,.T.) ;
#2994=EDGE_CURVE('',#2986,#2993,#2991,.T.) ;
#3001=EDGE_CURVE('',#2993,#3000,#2998,.T.) ;
#3008=EDGE_CURVE('',#3000,#3007,#3005,.T.) ;
#3015=EDGE_CURVE('',#3007,#3014,#3012,.T.) ;
#3022=EDGE_CURVE('',#3014,#3021,#3019,.T.) ;
#3029=EDGE_CURVE('',#3021,#3028,#3026,.T.) ;
#3036=EDGE_CURVE('',#3028,#3035,#3033,.T.) ;
#3043=EDGE_CURVE('',#3035,#3042,#3040,.T.) ;
#3050=EDGE_CURVE('',#3042,#3049,#3047,.T.) ;
#3057=EDGE_CURVE('',#3049,#3056,#3054,.T.) ;
#3064=EDGE_CURVE('',#3056,#3063,#3061,.T.) ;
#3071=EDGE_CURVE('',#3063,#3070,#3068,.T.) ;
#3078=EDGE_CURVE('',#3070,#3077,#3075,.T.) ;
#3085=EDGE_CURVE('',#3077,#3084,#3082,.T.) ;
#3092=EDGE_CURVE('',#3084,#3091,#3089,.T.) ;
#3099=EDGE_CURVE('',#3091,#3098,#3096,.T.) ;
#3106=EDGE_CURVE('',#3098,#3105,#3103,.T.) ;
#3113=EDGE_CURVE('',#3105,#3112,#3110,.T.) ;
#3120=EDGE_CURVE('',#3112,#3119,#3117,.T.) ;
#3125=EDGE_CURVE('',#3119,#2165,#3124,.T.) ;
#3274=EDGE_CURVE('',#3271,#3273,#3269,.T.) ;
#3281=EDGE_CURVE('',#3273,#3280,#3278,.T.) ;
#3288=EDGE_CURVE('',#3280,#3287,#3285,.T.) ;
#3295=EDGE_CURVE('',#3287,#3294,#3292,.T.) ;
#3302=EDGE_CURVE('',#3294,#3301,#3299,.T.) ;
#3309=EDGE_CURVE('',#3301,#3308,#3306,.T.) ;
#3316=EDGE_CURVE('',#3308,#3315,#3313,.T.) ;
#3323=EDGE_CURVE('',#3315,#3322,#3320,.T.) ;
#3330=EDGE_CURVE('',#3322,#3329,#3327,.T.) ;
#3337=EDGE_CURVE('',#3329,#3336,#3334,.T.) ;
#3344=EDGE_CURVE('',#3336,#3343,#3341,.T.) ;
#3351=EDGE_CURVE('',#3343,#3350,#3348,.T.) ;
#3358=EDGE_CURVE('',#3350,#3357,#3355,.T.) ;
#3365=EDGE_CURVE('',#3357,#3364,#3362,.T.) ;
#3372=EDGE_CURVE('',#3364,#3371,#3369,.T.) ;
#3379=EDGE_CURVE('',#3371,#3378,#3376,.T.) ;
#3386=EDGE_CURVE('',#3378,#3385,#3383,.T.) ;
#3393=EDGE_CURVE('',#3385,#3392,#3390,.T.) ;
#3400=EDGE_CURVE('',#3392,#3399,#3397,.T.) ;
#3407=EDGE_CURVE('',#3399,#3406,#3404,.T.) ;
#3414=EDGE_CURVE('',#3406,#3413,#3411,.T.) ;
#3419=EDGE_CURVE('',#3413,#3271,#3418,.T.) ;
#3452=EDGE_CURVE('',#3449,#3451,#3447,.T.) ;
#3459=EDGE_CURVE('',#3451,#3458,#3456,.T.) ;
#3466=EDGE_CURVE('',#3458,#3465,#3463,.T.) ;
#3471=EDGE_CURVE('',#3465,#3449,#3470,.T.) ;
#3486=EDGE_CURVE('',#3483,#3485,#3481,.T.) ;
#3493=EDGE_CURVE('',#3485,#3492,#3490,.T.) ;
#3500=EDGE_CURVE('',#3492,#3499,#3497,.T.) ;
#3507=EDGE_CURVE('',#3499,#3506,#3504,.T.) ;
#3514=EDGE_CURVE('',#3506,#3513,#3511,.T.) ;
#3521=EDGE_CURVE('',#3513,#3520,#3518,.T.) ;
#3528=EDGE_CURVE('',#3520,#3527,#3525,.T.) ;
#3535=EDGE_CURVE('',#3527,#3534,#3532,.T.) ;
#3542=EDGE_CURVE('',#3534,#3541,#3539,.T.) ;
#3547=EDGE_CURVE('',#3541,#3483,#3546,.T.) ;
#3569=EDGE_CURVE('',#3566,#3568,#3564,.T.) ;
#3574=EDGE_CURVE('',#3568,#3566,#3573,.T.) ;
#3588=EDGE_CURVE('',#3585,#3587,#3583,.T.) ;
#3593=EDGE_CURVE('',#3587,#3585,#3592,.T.) ;
#3607=EDGE_CURVE('',#3604,#3606,#3602,.T.) ;
#3612=EDGE_CURVE('',#3606,#3604,#3611,.T.) ;
#3626=EDGE_CURVE('',#3623,#3625,#3621,.T.) ;
#3631=EDGE_CURVE('',#3625,#3623,#3630,.T.) ;
#3645=EDGE_CURVE('',#3642,#3644,#3640,.T.) ;
#3650=EDGE_CURVE('',#3644,#3642,#3649,.T.) ;
#3664=EDGE_CURVE('',#3661,#3663,#3659,.T.) ;
#3669=EDGE_CURVE('',#3663,#3661,#3668,.T.) ;
#3683=EDGE_CURVE('',#3680,#3682,#3678,.T.) ;
#3688=EDGE_CURVE('',#3682,#3680,#3687,.T.) ;
#3702=EDGE_CURVE('',#3699,#3701,#3697,.T.) ;
#3707=EDGE_CURVE('',#3701,#3699,#3706,.T.) ;
#3726=EDGE_CURVE('',#3723,#3725,#3721,.F.) ;
#3733=EDGE_CURVE('',#3725,#3732,#3730,.F.) ;
#3740=EDGE_CURVE('',#3732,#3739,#3737,.F.) ;
#3747=EDGE_CURVE('',#3739,#3746,#3744,.F.) ;
#3754=EDGE_CURVE('',#3746,#3753,#3751,.F.) ;
#3761=EDGE_CURVE('',#3753,#3760,#3758,.F.) ;
#3768=EDGE_CURVE('',#3760,#3767,#3765,.F.) ;
#3775=EDGE_CURVE('',#3767,#3774,#3772,.F.) ;
#3782=EDGE_CURVE('',#3774,#3781,#3779,.F.) ;
#3789=EDGE_CURVE('',#3781,#3788,#3786,.F.) ;
#3796=EDGE_CURVE('',#3788,#3795,#3793,.F.) ;
#3803=EDGE_CURVE('',#3795,#3802,#3800,.F.) ;
#3810=EDGE_CURVE('',#3802,#3809,#3807,.F.) ;
#3817=EDGE_CURVE('',#3809,#3816,#3814,.F.) ;
#3824=EDGE_CURVE('',#3816,#3823,#3821,.F.) ;
#3831=EDGE_CURVE('',#3823,#3830,#3828,.F.) ;
#3838=EDGE_CURVE('',#3830,#3837,#3835,.F.) ;
#3845=EDGE_CURVE('',#3837,#3844,#3842,.F.) ;
#3852=EDGE_CURVE('',#3844,#3851,#3849,.F.) ;
#3859=EDGE_CURVE('',#3851,#3858,#3856,.F.) ;
#3866=EDGE_CURVE('',#3858,#3865,#3863,.F.) ;
#3873=EDGE_CURVE('',#3865,#3872,#3870,.F.) ;
#3880=EDGE_CURVE('',#3872,#3879,#3877,.F.) ;
#3887=EDGE_CURVE('',#3879,#3886,#3884,.F.) ;
#3894=EDGE_CURVE('',#3886,#3893,#3891,.F.) ;
#3901=EDGE_CURVE('',#3893,#3900,#3898,.F.) ;
#3908=EDGE_CURVE('',#3900,#3907,#3905,.F.) ;
#3915=EDGE_CURVE('',#3907,#3914,#3912,.F.) ;
#3922=EDGE_CURVE('',#3914,#3921,#3919,.F.) ;
#3929=EDGE_CURVE('',#3921,#3928,#3926,.F.) ;
#3936=EDGE_CURVE('',#3928,#3935,#3933,.F.) ;
#3943=EDGE_CURVE('',#3935,#3942,#3940,.F.) ;
#3950=EDGE_CURVE('',#3942,#3949,#3947,.F.) ;
#3957=EDGE_CURVE('',#3949,#3956,#3954,.F.) ;
#3964=EDGE_CURVE('',#3956,#3963,#3961,.F.) ;
#3971=EDGE_CURVE('',#3963,#3970,#3968,.F.) ;
#3978=EDGE_CURVE('',#3970,#3977,#3975,.F.) ;
#3985=EDGE_CURVE('',#3977,#3984,#3982,.F.) ;
#3992=EDGE_CURVE('',#3984,#3991,#3989,.F.) ;
#3999=EDGE_CURVE('',#3991,#3998,#3996,.F.) ;
#4006=EDGE_CURVE('',#3998,#4005,#4003,.F.) ;
#4013=EDGE_CURVE('',#4005,#4012,#4010,.F.) ;
#4020=EDGE_CURVE('',#4012,#4019,#4017,.F.) ;
#4027=EDGE_CURVE('',#4019,#4026,#4024,.F.) ;
#4034=EDGE_CURVE('',#4026,#4033,#4031,.F.) ;
#4041=EDGE_CURVE('',#4033,#4040,#4038,.F.) ;
#4048=EDGE_CURVE('',#4040,#4047,#4045,.F.) ;
#4055=EDGE_CURVE('',#4047,#4054,#4052,.F.) ;
#4062=EDGE_CURVE('',#4054,#4061,#4059,.F.) ;
#4069=EDGE_CURVE('',#4061,#4068,#4066,.F.) ;
#4076=EDGE_CURVE('',#4068,#4075,#4073,.F.) ;
#4083=EDGE_CURVE('',#4075,#4082,#4080,.F.) ;
#4090=EDGE_CURVE('',#4082,#4089,#4087,.F.) ;
#4097=EDGE_CURVE('',#4089,#4096,#4094,.F.) ;
#4104=EDGE_CURVE('',#4096,#4103,#4101,.F.) ;
#4111=EDGE_CURVE('',#4103,#4110,#4108,.F.) ;
#4118=EDGE_CURVE('',#4110,#4117,#4115,.F.) ;
#4125=EDGE_CURVE('',#4117,#4124,#4122,.F.) ;
#4132=EDGE_CURVE('',#4124,#4131,#4129,.F.) ;
#4139=EDGE_CURVE('',#4131,#4138,#4136,.F.) ;
#4146=EDGE_CURVE('',#4138,#4145,#4143,.F.) ;
#4153=EDGE_CURVE('',#4145,#4152,#4150,.F.) ;
#4160=EDGE_CURVE('',#4152,#4159,#4157,.F.) ;
#4167=EDGE_CURVE('',#4159,#4166,#4164,.F.) ;
#4174=EDGE_CURVE('',#4166,#4173,#4171,.F.) ;
#4181=EDGE_CURVE('',#4173,#4180,#4178,.F.) ;
#4188=EDGE_CURVE('',#4180,#4187,#4185,.F.) ;
#4195=EDGE_CURVE('',#4187,#4194,#4192,.F.) ;
#4202=EDGE_CURVE('',#4194,#4201,#4199,.F.) ;
#4209=EDGE_CURVE('',#4201,#4208,#4206,.F.) ;
#4216=EDGE_CURVE('',#4208,#4215,#4213,.F.) ;
#4223=EDGE_CURVE('',#4215,#4222,#4220,.F.) ;
#4230=EDGE_CURVE('',#4222,#4229,#4227,.F.) ;
#4237=EDGE_CURVE('',#4229,#4236,#4234,.F.) ;
#4244=EDGE_CURVE('',#4236,#4243,#4241,.F.) ;
#4251=EDGE_CURVE('',#4243,#4250,#4248,.F.) ;
#4258=EDGE_CURVE('',#4250,#4257,#4255,.F.) ;
#4265=EDGE_CURVE('',#4257,#4264,#4262,.F.) ;
#4272=EDGE_CURVE('',#4264,#4271,#4269,.F.) ;
#4279=EDGE_CURVE('',#4271,#4278,#4276,.F.) ;
#4286=EDGE_CURVE('',#4278,#4285,#4283,.F.) ;
#4293=EDGE_CURVE('',#4285,#4292,#4290,.F.) ;
#4300=EDGE_CURVE('',#4292,#4299,#4297,.F.) ;
#4307=EDGE_CURVE('',#4299,#4306,#4304,.F.) ;
#4314=EDGE_CURVE('',#4306,#4313,#4311,.F.) ;
#4321=EDGE_CURVE('',#4313,#4320,#4318,.F.) ;
#4328=EDGE_CURVE('',#4320,#4327,#4325,.F.) ;
#4335=EDGE_CURVE('',#4327,#4334,#4332,.F.) ;
#4342=EDGE_CURVE('',#4334,#4341,#4339,.F.) ;
#4349=EDGE_CURVE('',#4341,#4348,#4346,.F.) ;
#4356=EDGE_CURVE('',#4348,#4355,#4353,.F.) ;
#4363=EDGE_CURVE('',#4355,#4362,#4360,.F.) ;
#4370=EDGE_CURVE('',#4362,#4369,#4367,.F.) ;
#4377=EDGE_CURVE('',#4369,#4376,#4374,.F.) ;
#4384=EDGE_CURVE('',#4376,#4383,#4381,.F.) ;
#4391=EDGE_CURVE('',#4383,#4390,#4388,.F.) ;
#4398=EDGE_CURVE('',#4390,#4397,#4395,.F.) ;
#4405=EDGE_CURVE('',#4397,#4404,#4402,.F.) ;
#4412=EDGE_CURVE('',#4404,#4411,#4409,.F.) ;
#4419=EDGE_CURVE('',#4411,#4418,#4416,.F.) ;
#4426=EDGE_CURVE('',#4418,#4425,#4423,.F.) ;
#4433=EDGE_CURVE('',#4425,#4432,#4430,.F.) ;
#4440=EDGE_CURVE('',#4432,#4439,#4437,.F.) ;
#4447=EDGE_CURVE('',#4439,#4446,#4444,.F.) ;
#4454=EDGE_CURVE('',#4446,#4453,#4451,.F.) ;
#4461=EDGE_CURVE('',#4453,#4460,#4458,.F.) ;
#4468=EDGE_CURVE('',#4460,#4467,#4465,.F.) ;
#4475=EDGE_CURVE('',#4467,#4474,#4472,.F.) ;
#4482=EDGE_CURVE('',#4474,#4481,#4479,.F.) ;
#4489=EDGE_CURVE('',#4481,#4488,#4486,.F.) ;
#4496=EDGE_CURVE('',#4488,#4495,#4493,.F.) ;
#4503=EDGE_CURVE('',#4495,#4502,#4500,.F.) ;
#4510=EDGE_CURVE('',#4502,#4509,#4507,.F.) ;
#4517=EDGE_CURVE('',#4509,#4516,#4514,.F.) ;
#4524=EDGE_CURVE('',#4516,#4523,#4521,.F.) ;
#4531=EDGE_CURVE('',#4523,#4530,#4528,.F.) ;
#4538=EDGE_CURVE('',#4530,#4537,#4535,.F.) ;
#4545=EDGE_CURVE('',#4537,#4544,#4542,.F.) ;
#4552=EDGE_CURVE('',#4544,#4551,#4549,.F.) ;
#4559=EDGE_CURVE('',#4551,#4558,#4556,.F.) ;
#4566=EDGE_CURVE('',#4558,#4565,#4563,.F.) ;
#4573=EDGE_CURVE('',#4565,#4572,#4570,.F.) ;
#4580=EDGE_CURVE('',#4572,#4579,#4577,.F.) ;
#4587=EDGE_CURVE('',#4579,#4586,#4584,.F.) ;
#4594=EDGE_CURVE('',#4586,#4593,#4591,.F.) ;
#4601=EDGE_CURVE('',#4593,#4600,#4598,.F.) ;
#4608=EDGE_CURVE('',#4600,#4607,#4605,.F.) ;
#4615=EDGE_CURVE('',#4607,#4614,#4612,.F.) ;
#4622=EDGE_CURVE('',#4614,#4621,#4619,.F.) ;
#4629=EDGE_CURVE('',#4621,#4628,#4626,.F.) ;
#4636=EDGE_CURVE('',#4628,#4635,#4633,.F.) ;
#4643=EDGE_CURVE('',#4635,#4642,#4640,.F.) ;
#4650=EDGE_CURVE('',#4642,#4649,#4647,.F.) ;
#4657=EDGE_CURVE('',#4649,#4656,#4654,.F.) ;
#4664=EDGE_CURVE('',#4656,#4663,#4661,.F.) ;
#4671=EDGE_CURVE('',#4663,#4670,#4668,.F.) ;
#4678=EDGE_CURVE('',#4670,#4677,#4675,.F.) ;
#4683=EDGE_CURVE('',#4677,#3723,#4682,.F.) ;
#4842=EDGE_CURVE('',#3112,#3725,#4841,.T.) ;
#4847=EDGE_CURVE('',#3119,#3723,#4846,.T.) ;
#4871=EDGE_CURVE('',#3105,#3732,#4870,.T.) ;
#4895=EDGE_CURVE('',#3098,#3739,#4894,.T.) ;
#4919=EDGE_CURVE('',#3091,#3746,#4918,.T.) ;
#4943=EDGE_CURVE('',#3084,#3753,#4942,.T.) ;
#4967=EDGE_CURVE('',#3077,#3760,#4966,.T.) ;
#4991=EDGE_CURVE('',#3070,#3767,#4990,.T.) ;
#5015=EDGE_CURVE('',#3063,#3774,#5014,.T.) ;
#5039=EDGE_CURVE('',#3056,#3781,#5038,.T.) ;
#5063=EDGE_CURVE('',#3049,#3788,#5062,.T.) ;
#5087=EDGE_CURVE('',#3042,#3795,#5086,.T.) ;
#5111=EDGE_CURVE('',#3035,#3802,#5110,.T.) ;
#5135=EDGE_CURVE('',#3028,#3809,#5134,.T.) ;
#5159=EDGE_CURVE('',#3021,#3816,#5158,.T.) ;
#5183=EDGE_CURVE('',#3014,#3823,#5182,.T.) ;
#5207=EDGE_CURVE('',#3007,#3830,#5206,.T.) ;
#5231=EDGE_CURVE('',#3000,#3837,#5230,.T.) ;
#5255=EDGE_CURVE('',#2993,#3844,#5254,.T.) ;
#5279=EDGE_CURVE('',#2986,#3851,#5278,.T.) ;
#5303=EDGE_CURVE('',#2979,#3858,#5302,.T.) ;
#5327=EDGE_CURVE('',#2972,#3865,#5326,.T.) ;
#5351=EDGE_CURVE('',#2965,#3872,#5350,.T.) ;
#5375=EDGE_CURVE('',#2958,#3879,#5374,.T.) ;
#5399=EDGE_CURVE('',#2951,#3886,#5398,.T.) ;
#5423=EDGE_CURVE('',#2944,#3893,#5422,.T.) ;
#5442=EDGE_CURVE('',#2937,#3900,#5441,.T.) ;
#5466=EDGE_CURVE('',#2930,#3907,#5465,.T.) ;
#5490=EDGE_CURVE('',#2923,#3914,#5489,.T.) ;
#5514=EDGE_CURVE('',#2916,#3921,#5513,.T.) ;
#5538=EDGE_CURVE('',#2909,#3928,#5537,.T.) ;
#5562=EDGE_CURVE('',#2902,#3935,#5561,.T.) ;
#5586=EDGE_CURVE('',#2895,#3942,#5585,.T.) ;
#5610=EDGE_CURVE('',#2888,#3949,#5609,.T.) ;
#5634=EDGE_CURVE('',#2881,#3956,#5633,.T.) ;
#5658=EDGE_CURVE('',#2874,#3963,#5657,.T.) ;
#5682=EDGE_CURVE('',#2867,#3970,#5681,.T.) ;
#5706=EDGE_CURVE('',#2860,#3977,#5705,.T.) ;
#5730=EDGE_CURVE('',#2853,#3984,#5729,.T.) ;
#5754=EDGE_CURVE('',#2846,#3991,#5753,.T.) ;
#5778=EDGE_CURVE('',#2839,#3998,#5777,.T.) ;
#5802=EDGE_CURVE('',#2832,#4005,#5801,.T.) ;
#5826=EDGE_CURVE('',#2825,#4012,#5825,.T.) ;
#5850=EDGE_CURVE('',#2818,#4019,#5849,.T.) ;
#5874=EDGE_CURVE('',#2811,#4026,#5873,.T.) ;
#5898=EDGE_CURVE('',#2804,#4033,#5897,.T.) ;
#5922=EDGE_CURVE('',#2797,#4040,#5921,.T.) ;
#5946=EDGE_CURVE('',#2790,#4047,#5945,.T.) ;
#5965=EDGE_CURVE('',#2783,#4054,#5964,.T.) ;
#5989=EDGE_CURVE('',#2776,#4061,#5988,.T.) ;
#6013=EDGE_CURVE('',#2769,#4068,#6012,.T.) ;
#6037=EDGE_CURVE('',#2762,#4075,#6036,.T.) ;
#6061=EDGE_CURVE('',#2755,#4082,#6060,.T.) ;
#6085=EDGE_CURVE('',#2748,#4089,#6084,.T.) ;
#6109=EDGE_CURVE('',#2741,#4096,#6108,.T.) ;
#6133=EDGE_CURVE('',#2734,#4103,#6132,.T.) ;
#6157=EDGE_CURVE('',#2727,#4110,#6156,.T.) ;
#6181=EDGE_CURVE('',#2720,#4117,#6180,.T.) ;
#6205=EDGE_CURVE('',#2713,#4124,#6204,.T.) ;
#6229=EDGE_CURVE('',#2706,#4131,#6228,.T.) ;
#6253=EDGE_CURVE('',#2699,#4138,#6252,.T.) ;
#6277=EDGE_CURVE('',#2692,#4145,#6276,.T.) ;
#6301=EDGE_CURVE('',#2685,#4152,#6300,.T.) ;
#6325=EDGE_CURVE('',#2678,#4159,#6324,.T.) ;
#6349=EDGE_CURVE('',#2671,#4166,#6348,.T.) ;
#6373=EDGE_CURVE('',#2664,#4173,#6372,.T.) ;
#6397=EDGE_CURVE('',#2657,#4180,#6396,.T.) ;
#6421=EDGE_CURVE('',#2650,#4187,#6420,.T.) ;
#6445=EDGE_CURVE('',#2643,#4194,#6444,.T.) ;
#6469=EDGE_CURVE('',#2636,#4201,#6468,.T.) ;
#6493=EDGE_CURVE('',#2629,#4208,#6492,.T.) ;
#6517=EDGE_CURVE('',#2622,#4215,#6516,.T.) ;
#6541=EDGE_CURVE('',#2615,#4222,#6540,.T.) ;
#6565=EDGE_CURVE('',#2608,#4229,#6564,.T.) ;
#6589=EDGE_CURVE('',#2601,#4236,#6588,.T.) ;
#6613=EDGE_CURVE('',#2594,#4243,#6612,.T.) ;
#6637=EDGE_CURVE('',#2587,#4250,#6636,.T.) ;
#6661=EDGE_CURVE('',#2580,#4257,#6660,.T.) ;
#6685=EDGE_CURVE('',#2573,#4264,#6684,.T.) ;
#6709=EDGE_CURVE('',#2566,#4271,#6708,.T.) ;
#6733=EDGE_CURVE('',#2559,#4278,#6732,.T.) ;
#6757=EDGE_CURVE('',#2552,#4285,#6756,.T.) ;
#6781=EDGE_CURVE('',#2545,#4292,#6780,.T.) ;
#6805=EDGE_CURVE('',#2538,#4299,#6804,.T.) ;
#6829=EDGE_CURVE('',#2531,#4306,#6828,.T.) ;
#6853=EDGE_CURVE('',#2524,#4313,#6852,.T.) ;
#6877=EDGE_CURVE('',#2517,#4320,#6876,.T.) ;
#6901=EDGE_CURVE('',#2510,#4327,#6900,.T.) ;
#6925=EDGE_CURVE('',#2503,#4334,#6924,.T.) ;
#6949=EDGE_CURVE('',#2496,#4341,#6948,.T.) ;
#6973=EDGE_CURVE('',#2489,#4348,#6972,.T.) ;
#6997=EDGE_CURVE('',#2482,#4355,#6996,.T.) ;
#7021=EDGE_CURVE('',#2475,#4362,#7020,.T.) ;
#7045=EDGE_CURVE('',#2468,#4369,#7044,.T.) ;
#7069=EDGE_CURVE('',#2461,#4376,#7068,.T.) ;
#7088=EDGE_CURVE('',#2454,#4383,#7087,.T.) ;
#7107=EDGE_CURVE('',#2447,#4390,#7106,.T.) ;
#7131=EDGE_CURVE('',#2440,#4397,#7130,.T.) ;
#7155=EDGE_CURVE('',#2433,#4404,#7154,.T.) ;
#7179=EDGE_CURVE('',#2426,#4411,#7178,.T.) ;
#7203=EDGE_CURVE('',#2419,#4418,#7202,.T.) ;
#7227=EDGE_CURVE('',#2412,#4425,#7226,.T.) ;
#7251=EDGE_CURVE('',#2405,#4432,#7250,.T.) ;
#7275=EDGE_CURVE('',#2398,#4439,#7274,.T.) ;
#7299=EDGE_CURVE('',#2391,#4446,#7298,.T.) ;
#7323=EDGE_CURVE('',#2384,#4453,#7322,.T.) ;
#7347=EDGE_CURVE('',#2377,#4460,#7346,.T.) ;
#7371=EDGE_CURVE('',#2370,#4467,#7370,.T.) ;
#7395=EDGE_CURVE('',#2363,#4474,#7394,.T.) ;
#7419=EDGE_CURVE('',#2356,#4481,#7418,.T.) ;
#7443=EDGE_CURVE('',#2349,#4488,#7442,.T.) ;
#7467=EDGE_CURVE('',#2342,#4495,#7466,.T.) ;
#7491=EDGE_CURVE('',#2335,#4502,#7490,.T.) ;
#7515=EDGE_CURVE('',#2328,#4509,#7514,.T.) ;
#7539=EDGE_CURVE('',#2321,#4516,#7538,.T.) ;
#7563=EDGE_CURVE('',#2314,#4523,#7562,.T.) ;
#7587=EDGE_CURVE('',#2307,#4530,#7586,.T.) ;
#7611=EDGE_CURVE('',#2300,#4537,#7610,.T.) ;
#7635=EDGE_CURVE('',#2293,#4544,#7634,.T.) ;
#7659=EDGE_CURVE('',#2286,#4551,#7658,.T.) ;
#7683=EDGE_CURVE('',#2279,#4558,#7682,.T.) ;
#7707=EDGE_CURVE('',#2272,#4565,#7706,.T.) ;
#7731=EDGE_CURVE('',#2265,#4572,#7730,.T.) ;
#7755=EDGE_CURVE('',#2258,#4579,#7754,.T.) ;
#7779=EDGE_CURVE('',#2251,#4586,#7778,.T.) ;
#7803=EDGE_CURVE('',#2244,#4593,#7802,.T.) ;
#7827=EDGE_CURVE('',#2237,#4600,#7826,.T.) ;
#7851=EDGE_CURVE('',#2230,#4607,#7850,.T.) ;
#7875=EDGE_CURVE('',#2223,#4614,#7874,.T.) ;
#7899=EDGE_CURVE('',#2216,#4621,#7898,.T.) ;
#7923=EDGE_CURVE('',#2209,#4628,#7922,.T.) ;
#7947=EDGE_CURVE('',#2202,#4635,#7946,.T.) ;
#7971=EDGE_CURVE('',#2195,#4642,#7970,.T.) ;
#7995=EDGE_CURVE('',#2188,#4649,#7994,.T.) ;
#8019=EDGE_CURVE('',#2181,#4656,#8018,.T.) ;
#8043=EDGE_CURVE('',#2174,#4663,#8042,.T.) ;
#8067=EDGE_CURVE('',#2167,#4670,#8066,.T.) ;
#8091=EDGE_CURVE('',#2165,#4677,#8090,.T.) ;
#8133=EDGE_CURVE('',#8130,#8132,#8128,.F.) ;
#8140=EDGE_CURVE('',#8132,#8139,#8137,.F.) ;
#8147=EDGE_CURVE('',#8139,#8146,#8144,.F.) ;
#8154=EDGE_CURVE('',#8146,#8153,#8151,.F.) ;
#8161=EDGE_CURVE('',#8153,#8160,#8158,.F.) ;
#8168=EDGE_CURVE('',#8160,#8167,#8165,.F.) ;
#8175=EDGE_CURVE('',#8167,#8174,#8172,.F.) ;
#8182=EDGE_CURVE('',#8174,#8181,#8179,.F.) ;
#8189=EDGE_CURVE('',#8181,#8188,#8186,.F.) ;
#8196=EDGE_CURVE('',#8188,#8195,#8193,.F.) ;
#8203=EDGE_CURVE('',#8195,#8202,#8200,.F.) ;
#8210=EDGE_CURVE('',#8202,#8209,#8207,.F.) ;
#8217=EDGE_CURVE('',#8209,#8216,#8214,.F.) ;
#8224=EDGE_CURVE('',#8216,#8223,#8221,.F.) ;
#8231=EDGE_CURVE('',#8223,#8230,#8228,.F.) ;
#8238=EDGE_CURVE('',#8230,#8237,#8235,.F.) ;
#8245=EDGE_CURVE('',#8237,#8244,#8242,.F.) ;
#8252=EDGE_CURVE('',#8244,#8251,#8249,.F.) ;
#8259=EDGE_CURVE('',#8251,#8258,#8256,.F.) ;
#8266=EDGE_CURVE('',#8258,#8265,#8263,.F.) ;
#8273=EDGE_CURVE('',#8265,#8272,#8270,.F.) ;
#8280=EDGE_CURVE('',#8272,#8279,#8277,.F.) ;
#8287=EDGE_CURVE('',#8279,#8286,#8284,.F.) ;
#8294=EDGE_CURVE('',#8286,#8293,#8291,.F.) ;
#8301=EDGE_CURVE('',#8293,#8300,#8298,.F.) ;
#8308=EDGE_CURVE('',#8300,#8307,#8305,.F.) ;
#8315=EDGE_CURVE('',#8307,#8314,#8312,.F.) ;
#8322=EDGE_CURVE('',#8314,#8321,#8319,.F.) ;
#8329=EDGE_CURVE('',#8321,#8328,#8326,.F.) ;
#8336=EDGE_CURVE('',#8328,#8335,#8333,.F.) ;
#8343=EDGE_CURVE('',#8335,#8342,#8340,.F.) ;
#8350=EDGE_CURVE('',#8342,#8349,#8347,.F.) ;
#8357=EDGE_CURVE('',#8349,#8356,#8354,.F.) ;
#8364=EDGE_CURVE('',#8356,#8363,#8361,.F.) ;
#8371=EDGE_CURVE('',#8363,#8370,#8368,.F.) ;
#8378=EDGE_CURVE('',#8370,#8377,#8375,.F.) ;
#8385=EDGE_CURVE('',#8377,#8384,#8382,.F.) ;
#8392=EDGE_CURVE('',#8384,#8391,#8389,.F.) ;
#8399=EDGE_CURVE('',#8391,#8398,#8396,.F.) ;
#8406=EDGE_CURVE('',#8398,#8405,#8403,.F.) ;
#8413=EDGE_CURVE('',#8405,#8412,#8410,.F.) ;
#8420=EDGE_CURVE('',#8412,#8419,#8417,.F.) ;
#8427=EDGE_CURVE('',#8419,#8426,#8424,.F.) ;
#8434=EDGE_CURVE('',#8426,#8433,#8431,.F.) ;
#8441=EDGE_CURVE('',#8433,#8440,#8438,.F.) ;
#8448=EDGE_CURVE('',#8440,#8447,#8445,.F.) ;
#8455=EDGE_CURVE('',#8447,#8454,#8452,.F.) ;
#8462=EDGE_CURVE('',#8454,#8461,#8459,.F.) ;
#8469=EDGE_CURVE('',#8461,#8468,#8466,.F.) ;
#8476=EDGE_CURVE('',#8468,#8475,#8473,.F.) ;
#8483=EDGE_CURVE('',#8475,#8482,#8480,.F.) ;
#8490=EDGE_CURVE('',#8482,#8489,#8487,.F.) ;
#8497=EDGE_CURVE('',#8489,#8496,#8494,.F.) ;
#8504=EDGE_CURVE('',#8496,#8503,#8501,.F.) ;
#8511=EDGE_CURVE('',#8503,#8510,#8508,.F.) ;
#8518=EDGE_CURVE('',#8510,#8517,#8515,.F.) ;
#8525=EDGE_CURVE('',#8517,#8524,#8522,.F.) ;
#8532=EDGE_CURVE('',#8524,#8531,#8529,.F.) ;
#8539=EDGE_CURVE('',#8531,#8538,#8536,.F.) ;
#8546=EDGE_CURVE('',#8538,#8545,#8543,.F.) ;
#8553=EDGE_CURVE('',#8545,#8552,#8550,.F.) ;
#8560=EDGE_CURVE('',#8552,#8559,#8557,.F.) ;
#8567=EDGE_CURVE('',#8559,#8566,#8564,.F.) ;
#8574=EDGE_CURVE('',#8566,#8573,#8571,.F.) ;
#8581=EDGE_CURVE('',#8573,#8580,#8578,.F.) ;
#8588=EDGE_CURVE('',#8580,#8587,#8585,.F.) ;
#8595=EDGE_CURVE('',#8587,#8594,#8592,.F.) ;
#8602=EDGE_CURVE('',#8594,#8601,#8599,.F.) ;
#8609=EDGE_CURVE('',#8601,#8608,#8606,.F.) ;
#8616=EDGE_CURVE('',#8608,#8615,#8613,.F.) ;
#8623=EDGE_CURVE('',#8615,#8622,#8620,.F.) ;
#8630=EDGE_CURVE('',#8622,#8629,#8627,.F.) ;
#8637=EDGE_CURVE('',#8629,#8636,#8634,.F.) ;
#8644=EDGE_CURVE('',#8636,#8643,#8641,.F.) ;
#8651=EDGE_CURVE('',#8643,#8650,#8648,.F.) ;
#8658=EDGE_CURVE('',#8650,#8657,#8655,.F.) ;
#8665=EDGE_CURVE('',#8657,#8664,#8662,.F.) ;
#8672=EDGE_CURVE('',#8664,#8671,#8669,.F.) ;
#8679=EDGE_CURVE('',#8671,#8678,#8676,.F.) ;
#8686=EDGE_CURVE('',#8678,#8685,#8683,.F.) ;
#8693=EDGE_CURVE('',#8685,#8692,#8690,.F.) ;
#8700=EDGE_CURVE('',#8692,#8699,#8697,.F.) ;
#8707=EDGE_CURVE('',#8699,#8706,#8704,.F.) ;
#8714=EDGE_CURVE('',#8706,#8713,#8711,.F.) ;
#8721=EDGE_CURVE('',#8713,#8720,#8718,.F.) ;
#8728=EDGE_CURVE('',#8720,#8727,#8725,.F.) ;
#8735=EDGE_CURVE('',#8727,#8734,#8732,.F.) ;
#8742=EDGE_CURVE('',#8734,#8741,#8739,.F.) ;
#8749=EDGE_CURVE('',#8741,#8748,#8746,.F.) ;
#8756=EDGE_CURVE('',#8748,#8755,#8753,.F.) ;
#8763=EDGE_CURVE('',#8755,#8762,#8760,.F.) ;
#8770=EDGE_CURVE('',#8762,#8769,#8767,.F.) ;
#8777=EDGE_CURVE('',#8769,#8776,#8774,.F.) ;
#8784=EDGE_CURVE('',#8776,#8783,#8781,.F.) ;
#8791=EDGE_CURVE('',#8783,#8790,#8788,.F.) ;
#8798=EDGE_CURVE('',#8790,#8797,#8795,.F.) ;
#8805=EDGE_CURVE('',#8797,#8804,#8802,.F.) ;
#8812=EDGE_CURVE('',#8804,#8811,#8809,.F.) ;
#8819=EDGE_CURVE('',#8811,#8818,#8816,.F.) ;
#8826=EDGE_CURVE('',#8818,#8825,#8823,.F.) ;
#8833=EDGE_CURVE('',#8825,#8832,#8830,.F.) ;
#8840=EDGE_CURVE('',#8832,#8839,#8837,.F.) ;
#8847=EDGE_CURVE('',#8839,#8846,#8844,.F.) ;
#8854=EDGE_CURVE('',#8846,#8853,#8851,.F.) ;
#8861=EDGE_CURVE('',#8853,#8860,#8858,.F.) ;
#8868=EDGE_CURVE('',#8860,#8867,#8865,.F.) ;
#8875=EDGE_CURVE('',#8867,#8874,#8872,.F.) ;
#8882=EDGE_CURVE('',#8874,#8881,#8879,.F.) ;
#8889=EDGE_CURVE('',#8881,#8888,#8886,.F.) ;
#8896=EDGE_CURVE('',#8888,#8895,#8893,.F.) ;
#8903=EDGE_CURVE('',#8895,#8902,#8900,.F.) ;
#8910=EDGE_CURVE('',#8902,#8909,#8907,.F.) ;
#8917=EDGE_CURVE('',#8909,#8916,#8914,.F.) ;
#8924=EDGE_CURVE('',#8916,#8923,#8921,.F.) ;
#8931=EDGE_CURVE('',#8923,#8930,#8928,.F.) ;
#8938=EDGE_CURVE('',#8930,#8937,#8935,.F.) ;
#8945=EDGE_CURVE('',#8937,#8944,#8942,.F.) ;
#8950=EDGE_CURVE('',#8944,#8130,#8949,.F.) ;
#9088=EDGE_CURVE('',#1574,#8132,#9087,.T.) ;
#9093=EDGE_CURVE('',#1581,#8130,#9092,.T.) ;
#9117=EDGE_CURVE('',#1567,#8139,#9116,.T.) ;
#9141=EDGE_CURVE('',#1560,#8146,#9140,.T.) ;
#9165=EDGE_CURVE('',#1553,#8153,#9164,.T.) ;
#9189=EDGE_CURVE('',#1546,#8160,#9188,.T.) ;
#9213=EDGE_CURVE('',#1539,#8167,#9212,.T.) ;
#9237=EDGE_CURVE('',#1532,#8174,#9236,.T.) ;
#9261=EDGE_CURVE('',#1525,#8181,#9260,.T.) ;
#9285=EDGE_CURVE('',#1518,#8188,#9284,.T.) ;
#9309=EDGE_CURVE('',#1511,#8195,#9308,.T.) ;
#9333=EDGE_CURVE('',#1504,#8202,#9332,.T.) ;
#9357=EDGE_CURVE('',#1497,#8209,#9356,.T.) ;
#9381=EDGE_CURVE('',#1490,#8216,#9380,.T.) ;
#9405=EDGE_CURVE('',#1483,#8223,#9404,.T.) ;
#9429=EDGE_CURVE('',#1476,#8230,#9428,.T.) ;
#9453=EDGE_CURVE('',#1469,#8237,#9452,.T.) ;
#9477=EDGE_CURVE('',#1462,#8244,#9476,.T.) ;
#9501=EDGE_CURVE('',#1455,#8251,#9500,.T.) ;
#9525=EDGE_CURVE('',#1448,#8258,#9524,.T.) ;
#9549=EDGE_CURVE('',#1441,#8265,#9548,.T.) ;
#9573=EDGE_CURVE('',#1434,#8272,#9572,.T.) ;
#9597=EDGE_CURVE('',#1427,#8279,#9596,.T.) ;
#9621=EDGE_CURVE('',#1420,#8286,#9620,.T.) ;
#9645=EDGE_CURVE('',#1413,#8293,#9644,.T.) ;
#9669=EDGE_CURVE('',#1406,#8300,#9668,.T.) ;
#9693=EDGE_CURVE('',#1399,#8307,#9692,.T.) ;
#9717=EDGE_CURVE('',#1392,#8314,#9716,.T.) ;
#9741=EDGE_CURVE('',#1385,#8321,#9740,.T.) ;
#9765=EDGE_CURVE('',#1378,#8328,#9764,.T.) ;
#9789=EDGE_CURVE('',#1371,#8335,#9788,.T.) ;
#9813=EDGE_CURVE('',#1364,#8342,#9812,.T.) ;
#9837=EDGE_CURVE('',#1357,#8349,#9836,.T.) ;
#9861=EDGE_CURVE('',#1350,#8356,#9860,.T.) ;
#9885=EDGE_CURVE('',#1343,#8363,#9884,.T.) ;
#9909=EDGE_CURVE('',#1336,#8370,#9908,.T.) ;
#9933=EDGE_CURVE('',#1329,#8377,#9932,.T.) ;
#9957=EDGE_CURVE('',#1322,#8384,#9956,.T.) ;
#9981=EDGE_CURVE('',#1315,#8391,#9980,.T.) ;
#10005=EDGE_CURVE('',#1308,#8398,#10004,.T.) ;
#10029=EDGE_CURVE('',#1301,#8405,#10028,.T.) ;
#10053=EDGE_CURVE('',#1294,#8412,#10052,.T.) ;
#10077=EDGE_CURVE('',#1287,#8419,#10076,.T.) ;
#10101=EDGE_CURVE('',#1280,#8426,#10100,.T.) ;
#10125=EDGE_CURVE('',#1273,#8433,#10124,.T.) ;
#10149=EDGE_CURVE('',#1266,#8440,#10148,.T.) ;
#10173=EDGE_CURVE('',#1259,#8447,#10172,.T.) ;
#10197=EDGE_CURVE('',#1252,#8454,#10196,.T.) ;
#10221=EDGE_CURVE('',#1245,#8461,#10220,.T.) ;
#10245=EDGE_CURVE('',#1238,#8468,#10244,.T.) ;
#10269=EDGE_CURVE('',#1231,#8475,#10268,.T.) ;
#10293=EDGE_CURVE('',#1224,#8482,#10292,.T.) ;
#10317=EDGE_CURVE('',#1217,#8489,#10316,.T.) ;
#10341=EDGE_CURVE('',#1210,#8496,#10340,.T.) ;
#10365=EDGE_CURVE('',#1203,#8503,#10364,.T.) ;
#10389=EDGE_CURVE('',#1196,#8510,#10388,.T.) ;
#10413=EDGE_CURVE('',#1189,#8517,#10412,.T.) ;
#10437=EDGE_CURVE('',#1182,#8524,#10436,.T.) ;
#10461=EDGE_CURVE('',#1175,#8531,#10460,.T.) ;
#10485=EDGE_CURVE('',#1168,#8538,#10484,.T.) ;
#10509=EDGE_CURVE('',#1161,#8545,#10508,.T.) ;
#10533=EDGE_CURVE('',#1154,#8552,#10532,.T.) ;
#10557=EDGE_CURVE('',#1147,#8559,#10556,.T.) ;
#10581=EDGE_CURVE('',#1140,#8566,#10580,.T.) ;
#10605=EDGE_CURVE('',#1133,#8573,#10604,.T.) ;
#10629=EDGE_CURVE('',#1126,#8580,#10628,.T.) ;
#10653=EDGE_CURVE('',#1119,#8587,#10652,.T.) ;
#10677=EDGE_CURVE('',#1112,#8594,#10676,.T.) ;
#10701=EDGE_CURVE('',#1105,#8601,#10700,.T.) ;
#10725=EDGE_CURVE('',#1098,#8608,#10724,.T.) ;
#10749=EDGE_CURVE('',#1091,#8615,#10748,.T.) ;
#10773=EDGE_CURVE('',#1084,#8622,#10772,.T.) ;
#10797=EDGE_CURVE('',#1077,#8629,#10796,.T.) ;
#10821=EDGE_CURVE('',#1070,#8636,#10820,.T.) ;
#10845=EDGE_CURVE('',#1063,#8643,#10844,.T.) ;
#10869=EDGE_CURVE('',#1056,#8650,#10868,.T.) ;
#10893=EDGE_CURVE('',#1049,#8657,#10892,.T.) ;
#10917=EDGE_CURVE('',#1042,#8664,#10916,.T.) ;
#10941=EDGE_CURVE('',#1035,#8671,#10940,.T.) ;
#10965=EDGE_CURVE('',#1028,#8678,#10964,.T.) ;
#10989=EDGE_CURVE('',#1021,#8685,#10988,.T.) ;
#11013=EDGE_CURVE('',#1014,#8692,#11012,.T.) ;
#11037=EDGE_CURVE('',#1007,#8699,#11036,.T.) ;
#11061=EDGE_CURVE('',#1000,#8706,#11060,.T.) ;
#11085=EDGE_CURVE('',#993,#8713,#11084,.T.) ;
#11109=EDGE_CURVE('',#986,#8720,#11108,.T.) ;
#11133=EDGE_CURVE('',#979,#8727,#11132,.T.) ;
#11157=EDGE_CURVE('',#972,#8734,#11156,.T.) ;
#11181=EDGE_CURVE('',#965,#8741,#11180,.T.) ;
#11205=EDGE_CURVE('',#958,#8748,#11204,.T.) ;
#11229=EDGE_CURVE('',#951,#8755,#11228,.T.) ;
#11253=EDGE_CURVE('',#944,#8762,#11252,.T.) ;
#11277=EDGE_CURVE('',#937,#8769,#11276,.T.) ;
#11301=EDGE_CURVE('',#930,#8776,#11300,.T.) ;
#11325=EDGE_CURVE('',#923,#8783,#11324,.T.) ;
#11349=EDGE_CURVE('',#916,#8790,#11348,.T.) ;
#11373=EDGE_CURVE('',#909,#8797,#11372,.T.) ;
#11397=EDGE_CURVE('',#902,#8804,#11396,.T.) ;
#11421=EDGE_CURVE('',#895,#8811,#11420,.T.) ;
#11445=EDGE_CURVE('',#888,#8818,#11444,.T.) ;
#11469=EDGE_CURVE('',#881,#8825,#11468,.T.) ;
#11493=EDGE_CURVE('',#874,#8832,#11492,.T.) ;
#11517=EDGE_CURVE('',#867,#8839,#11516,.T.) ;
#11541=EDGE_CURVE('',#860,#8846,#11540,.T.) ;
#11565=EDGE_CURVE('',#853,#8853,#11564,.T.) ;
#11589=EDGE_CURVE('',#846,#8860,#11588,.T.) ;
#11613=EDGE_CURVE('',#839,#8867,#11612,.T.) ;
#11637=EDGE_CURVE('',#832,#8874,#11636,.T.) ;
#11661=EDGE_CURVE('',#825,#8881,#11660,.T.) ;
#11685=EDGE_CURVE('',#818,#8888,#11684,.T.) ;
#11709=EDGE_CURVE('',#811,#8895,#11708,.T.) ;
#11733=EDGE_CURVE('',#804,#8902,#11732,.T.) ;
#11757=EDGE_CURVE('',#797,#8909,#11756,.T.) ;
#11781=EDGE_CURVE('',#790,#8916,#11780,.T.) ;
#11805=EDGE_CURVE('',#783,#8923,#11804,.T.) ;
#11829=EDGE_CURVE('',#776,#8930,#11828,.T.) ;
#11853=EDGE_CURVE('',#769,#8937,#11852,.T.) ;
#11877=EDGE_CURVE('',#767,#8944,#11876,.T.) ;
#11919=EDGE_CURVE('',#11916,#11918,#11914,.F.) ;
#11926=EDGE_CURVE('',#11918,#11925,#11923,.F.) ;
#11933=EDGE_CURVE('',#11925,#11932,#11930,.F.) ;
#11938=EDGE_CURVE('',#11932,#11916,#11937,.F.) ;
#11962=EDGE_CURVE('',#3458,#11918,#11961,.T.) ;
#11967=EDGE_CURVE('',#3465,#11916,#11966,.T.) ;
#11991=EDGE_CURVE('',#3451,#11925,#11990,.T.) ;
#12015=EDGE_CURVE('',#3449,#11932,#12014,.T.) ;
#12057=EDGE_CURVE('',#12054,#12056,#12052,.F.) ;
#12064=EDGE_CURVE('',#12056,#12063,#12061,.F.) ;
#12071=EDGE_CURVE('',#12063,#12070,#12068,.F.) ;
#12078=EDGE_CURVE('',#12070,#12077,#12075,.F.) ;
#12085=EDGE_CURVE('',#12077,#12084,#12082,.F.) ;
#12092=EDGE_CURVE('',#12084,#12091,#12089,.F.) ;
#12099=EDGE_CURVE('',#12091,#12098,#12096,.F.) ;
#12106=EDGE_CURVE('',#12098,#12105,#12103,.F.) ;
#12113=EDGE_CURVE('',#12105,#12112,#12110,.F.) ;
#12120=EDGE_CURVE('',#12112,#12119,#12117,.F.) ;
#12127=EDGE_CURVE('',#12119,#12126,#12124,.F.) ;
#12134=EDGE_CURVE('',#12126,#12133,#12131,.F.) ;
#12141=EDGE_CURVE('',#12133,#12140,#12138,.F.) ;
#12148=EDGE_CURVE('',#12140,#12147,#12145,.F.) ;
#12155=EDGE_CURVE('',#12147,#12154,#12152,.F.) ;
#12162=EDGE_CURVE('',#12154,#12161,#12159,.F.) ;
#12169=EDGE_CURVE('',#12161,#12168,#12166,.F.) ;
#12176=EDGE_CURVE('',#12168,#12175,#12173,.F.) ;
#12183=EDGE_CURVE('',#12175,#12182,#12180,.F.) ;
#12190=EDGE_CURVE('',#12182,#12189,#12187,.F.) ;
#12197=EDGE_CURVE('',#12189,#12196,#12194,.F.) ;
#12202=EDGE_CURVE('',#12196,#12054,#12201,.F.) ;
#12244=EDGE_CURVE('',#1848,#12056,#12243,.T.) ;
#12249=EDGE_CURVE('',#1855,#12054,#12248,.T.) ;
#12273=EDGE_CURVE('',#1841,#12063,#12272,.T.) ;
#12297=EDGE_CURVE('',#1834,#12070,#12296,.T.) ;
#12321=EDGE_CURVE('',#1827,#12077,#12320,.T.) ;
#12345=EDGE_CURVE('',#1820,#12084,#12344,.T.) ;
#12369=EDGE_CURVE('',#1813,#12091,#12368,.T.) ;
#12393=EDGE_CURVE('',#1806,#12098,#12392,.T.) ;
#12417=EDGE_CURVE('',#1799,#12105,#12416,.T.) ;
#12441=EDGE_CURVE('',#1792,#12112,#12440,.T.) ;
#12465=EDGE_CURVE('',#1785,#12119,#12464,.T.) ;
#12489=EDGE_CURVE('',#1778,#12126,#12488,.T.) ;
#12513=EDGE_CURVE('',#1771,#12133,#12512,.T.) ;
#12537=EDGE_CURVE('',#1764,#12140,#12536,.T.) ;
#12561=EDGE_CURVE('',#1757,#12147,#12560,.T.) ;
#12585=EDGE_CURVE('',#1750,#12154,#12584,.T.) ;
#12609=EDGE_CURVE('',#1743,#12161,#12608,.T.) ;
#12633=EDGE_CURVE('',#1736,#12168,#12632,.T.) ;
#12657=EDGE_CURVE('',#1729,#12175,#12656,.T.) ;
#12681=EDGE_CURVE('',#1722,#12182,#12680,.T.) ;
#12705=EDGE_CURVE('',#1715,#12189,#12704,.T.) ;
#12729=EDGE_CURVE('',#1713,#12196,#12728,.T.) ;
#12771=EDGE_CURVE('',#12768,#12770,#12766,.F.) ;
#12778=EDGE_CURVE('',#12770,#12777,#12775,.F.) ;
#12785=EDGE_CURVE('',#12777,#12784,#12782,.F.) ;
#12792=EDGE_CURVE('',#12784,#12791,#12789,.F.) ;
#12799=EDGE_CURVE('',#12791,#12798,#12796,.F.) ;
#12806=EDGE_CURVE('',#12798,#12805,#12803,.F.) ;
#12813=EDGE_CURVE('',#12805,#12812,#12810,.F.) ;
#12820=EDGE_CURVE('',#12812,#12819,#12817,.F.) ;
#12827=EDGE_CURVE('',#12819,#12826,#12824,.F.) ;
#12834=EDGE_CURVE('',#12826,#12833,#12831,.F.) ;
#12841=EDGE_CURVE('',#12833,#12840,#12838,.F.) ;
#12848=EDGE_CURVE('',#12840,#12847,#12845,.F.) ;
#12855=EDGE_CURVE('',#12847,#12854,#12852,.F.) ;
#12862=EDGE_CURVE('',#12854,#12861,#12859,.F.) ;
#12869=EDGE_CURVE('',#12861,#12868,#12866,.F.) ;
#12876=EDGE_CURVE('',#12868,#12875,#12873,.F.) ;
#12883=EDGE_CURVE('',#12875,#12882,#12880,.F.) ;
#12890=EDGE_CURVE('',#12882,#12889,#12887,.F.) ;
#12897=EDGE_CURVE('',#12889,#12896,#12894,.F.) ;
#12904=EDGE_CURVE('',#12896,#12903,#12901,.F.) ;
#12911=EDGE_CURVE('',#12903,#12910,#12908,.F.) ;
#12916=EDGE_CURVE('',#12910,#12768,#12915,.F.) ;
#12958=EDGE_CURVE('',#3406,#12770,#12957,.T.) ;
#12963=EDGE_CURVE('',#3413,#12768,#12962,.T.) ;
#12987=EDGE_CURVE('',#3399,#12777,#12986,.T.) ;
#13011=EDGE_CURVE('',#3392,#12784,#13010,.T.) ;
#13035=EDGE_CURVE('',#3385,#12791,#13034,.T.) ;
#13059=EDGE_CURVE('',#3378,#12798,#13058,.T.) ;
#13083=EDGE_CURVE('',#3371,#12805,#13082,.T.) ;
#13107=EDGE_CURVE('',#3364,#12812,#13106,.T.) ;
#13131=EDGE_CURVE('',#3357,#12819,#13130,.T.) ;
#13155=EDGE_CURVE('',#3350,#12826,#13154,.T.) ;
#13179=EDGE_CURVE('',#3343,#12833,#13178,.T.) ;
#13203=EDGE_CURVE('',#3336,#12840,#13202,.T.) ;
#13227=EDGE_CURVE('',#3329,#12847,#13226,.T.) ;
#13251=EDGE_CURVE('',#3322,#12854,#13250,.T.) ;
#13275=EDGE_CURVE('',#3315,#12861,#13274,.T.) ;
#13299=EDGE_CURVE('',#3308,#12868,#13298,.T.) ;
#13323=EDGE_CURVE('',#3301,#12875,#13322,.T.) ;
#13347=EDGE_CURVE('',#3294,#12882,#13346,.T.) ;
#13371=EDGE_CURVE('',#3287,#12889,#13370,.T.) ;
#13395=EDGE_CURVE('',#3280,#12896,#13394,.T.) ;
#13419=EDGE_CURVE('',#3273,#12903,#13418,.T.) ;
#13443=EDGE_CURVE('',#3271,#12910,#13442,.T.) ;
#13485=EDGE_CURVE('',#13482,#13484,#13480,.F.) ;
#13492=EDGE_CURVE('',#13484,#13491,#13489,.F.) ;
#13499=EDGE_CURVE('',#13491,#13498,#13496,.F.) ;
#13506=EDGE_CURVE('',#13498,#13505,#13503,.F.) ;
#13513=EDGE_CURVE('',#13505,#13512,#13510,.F.) ;
#13520=EDGE_CURVE('',#13512,#13519,#13517,.F.) ;
#13527=EDGE_CURVE('',#13519,#13526,#13524,.F.) ;
#13534=EDGE_CURVE('',#13526,#13533,#13531,.F.) ;
#13541=EDGE_CURVE('',#13533,#13540,#13538,.F.) ;
#13548=EDGE_CURVE('',#13540,#13547,#13545,.F.) ;
#13555=EDGE_CURVE('',#13547,#13554,#13552,.F.) ;
#13562=EDGE_CURVE('',#13554,#13561,#13559,.F.) ;
#13569=EDGE_CURVE('',#13561,#13568,#13566,.F.) ;
#13576=EDGE_CURVE('',#13568,#13575,#13573,.F.) ;
#13583=EDGE_CURVE('',#13575,#13582,#13580,.F.) ;
#13590=EDGE_CURVE('',#13582,#13589,#13587,.F.) ;
#13597=EDGE_CURVE('',#13589,#13596,#13594,.F.) ;
#13604=EDGE_CURVE('',#13596,#13603,#13601,.F.) ;
#13611=EDGE_CURVE('',#13603,#13610,#13608,.F.) ;
#13618=EDGE_CURVE('',#13610,#13617,#13615,.F.) ;
#13625=EDGE_CURVE('',#13617,#13624,#13622,.F.) ;
#13632=EDGE_CURVE('',#13624,#13631,#13629,.F.) ;
#13639=EDGE_CURVE('',#13631,#13638,#13636,.F.) ;
#13646=EDGE_CURVE('',#13638,#13645,#13643,.F.) ;
#13653=EDGE_CURVE('',#13645,#13652,#13650,.F.) ;
#13660=EDGE_CURVE('',#13652,#13659,#13657,.F.) ;
#13667=EDGE_CURVE('',#13659,#13666,#13664,.F.) ;
#13674=EDGE_CURVE('',#13666,#13673,#13671,.F.) ;
#13681=EDGE_CURVE('',#13673,#13680,#13678,.F.) ;
#13688=EDGE_CURVE('',#13680,#13687,#13685,.F.) ;
#13695=EDGE_CURVE('',#13687,#13694,#13692,.F.) ;
#13702=EDGE_CURVE('',#13694,#13701,#13699,.F.) ;
#13709=EDGE_CURVE('',#13701,#13708,#13706,.F.) ;
#13714=EDGE_CURVE('',#13708,#13482,#13713,.F.) ;
#13768=EDGE_CURVE('',#2110,#13484,#13767,.T.) ;
#13773=EDGE_CURVE('',#2117,#13482,#13772,.T.) ;
#13797=EDGE_CURVE('',#2103,#13491,#13796,.T.) ;
#13821=EDGE_CURVE('',#2096,#13498,#13820,.T.) ;
#13845=EDGE_CURVE('',#2089,#13505,#13844,.T.) ;
#13869=EDGE_CURVE('',#2082,#13512,#13868,.T.) ;
#13893=EDGE_CURVE('',#2075,#13519,#13892,.T.) ;
#13917=EDGE_CURVE('',#2068,#13526,#13916,.T.) ;
#13941=EDGE_CURVE('',#2061,#13533,#13940,.T.) ;
#13965=EDGE_CURVE('',#2054,#13540,#13964,.T.) ;
#13989=EDGE_CURVE('',#2047,#13547,#13988,.T.) ;
#14013=EDGE_CURVE('',#2040,#13554,#14012,.T.) ;
#14037=EDGE_CURVE('',#2033,#13561,#14036,.T.) ;
#14061=EDGE_CURVE('',#2026,#13568,#14060,.T.) ;
#14085=EDGE_CURVE('',#2019,#13575,#14084,.T.) ;
#14109=EDGE_CURVE('',#2012,#13582,#14108,.T.) ;
#14133=EDGE_CURVE('',#2005,#13589,#14132,.T.) ;
#14157=EDGE_CURVE('',#1998,#13596,#14156,.T.) ;
#14181=EDGE_CURVE('',#1991,#13603,#14180,.T.) ;
#14205=EDGE_CURVE('',#1984,#13610,#14204,.T.) ;
#14229=EDGE_CURVE('',#1977,#13617,#14228,.T.) ;
#14253=EDGE_CURVE('',#1970,#13624,#14252,.T.) ;
#14277=EDGE_CURVE('',#1963,#13631,#14276,.T.) ;
#14301=EDGE_CURVE('',#1956,#13638,#14300,.T.) ;
#14325=EDGE_CURVE('',#1949,#13645,#14324,.T.) ;
#14349=EDGE_CURVE('',#1942,#13652,#14348,.T.) ;
#14373=EDGE_CURVE('',#1935,#13659,#14372,.T.) ;
#14397=EDGE_CURVE('',#1928,#13666,#14396,.T.) ;
#14421=EDGE_CURVE('',#1921,#13673,#14420,.T.) ;
#14445=EDGE_CURVE('',#1914,#13680,#14444,.T.) ;
#14469=EDGE_CURVE('',#1907,#13687,#14468,.T.) ;
#14493=EDGE_CURVE('',#1900,#13694,#14492,.T.) ;
#14517=EDGE_CURVE('',#1893,#13701,#14516,.T.) ;
#14541=EDGE_CURVE('',#1891,#13708,#14540,.T.) ;
#14583=EDGE_CURVE('',#14580,#14582,#14578,.F.) ;
#14590=EDGE_CURVE('',#14582,#14589,#14587,.F.) ;
#14597=EDGE_CURVE('',#14589,#14596,#14594,.F.) ;
#14604=EDGE_CURVE('',#14596,#14603,#14601,.F.) ;
#14611=EDGE_CURVE('',#14603,#14610,#14608,.F.) ;
#14618=EDGE_CURVE('',#14610,#14617,#14615,.F.) ;
#14625=EDGE_CURVE('',#14617,#14624,#14622,.F.) ;
#14632=EDGE_CURVE('',#14624,#14631,#14629,.F.) ;
#14639=EDGE_CURVE('',#14631,#14638,#14636,.F.) ;
#14644=EDGE_CURVE('',#14638,#14580,#14643,.F.) ;
#14674=EDGE_CURVE('',#3534,#14582,#14673,.T.) ;
#14679=EDGE_CURVE('',#3541,#14580,#14678,.T.) ;
#14703=EDGE_CURVE('',#3527,#14589,#14702,.T.) ;
#14722=EDGE_CURVE('',#3520,#14596,#14721,.T.) ;
#14746=EDGE_CURVE('',#3513,#14603,#14745,.T.) ;
#14765=EDGE_CURVE('',#3506,#14610,#14764,.T.) ;
#14789=EDGE_CURVE('',#3499,#14617,#14788,.T.) ;
#14808=EDGE_CURVE('',#3492,#14624,#14807,.T.) ;
#14832=EDGE_CURVE('',#3485,#14631,#14831,.T.) ;
#14851=EDGE_CURVE('',#3483,#14638,#14850,.T.) ;
#14893=EDGE_CURVE('',#14890,#14892,#14888,.T.) ;
#14898=EDGE_CURVE('',#14892,#14890,#14897,.T.) ;
#14911=EDGE_CURVE('',#14908,#14910,#14906,.T.) ;
#14916=EDGE_CURVE('',#14910,#14908,#14915,.T.) ;
#14929=EDGE_CURVE('',#14926,#14928,#14924,.T.) ;
#14934=EDGE_CURVE('',#14928,#14926,#14933,.T.) ;
#14947=EDGE_CURVE('',#14944,#14946,#14942,.T.) ;
#14952=EDGE_CURVE('',#14946,#14944,#14951,.T.) ;
#14965=EDGE_CURVE('',#14962,#14964,#14960,.T.) ;
#14970=EDGE_CURVE('',#14964,#14962,#14969,.T.) ;
#14983=EDGE_CURVE('',#14980,#14982,#14978,.T.) ;
#14988=EDGE_CURVE('',#14982,#14980,#14987,.T.) ;
#15001=EDGE_CURVE('',#14998,#15000,#14996,.T.) ;
#15006=EDGE_CURVE('',#15000,#14998,#15005,.T.) ;
#15019=EDGE_CURVE('',#15016,#15018,#15014,.T.) ;
#15024=EDGE_CURVE('',#15018,#15016,#15023,.T.) ;
#15037=EDGE_CURVE('',#15034,#15036,#15032,.T.) ;
#15042=EDGE_CURVE('',#15036,#15034,#15041,.T.) ;
#15055=EDGE_CURVE('',#15052,#15054,#15050,.T.) ;
#15060=EDGE_CURVE('',#15054,#15052,#15059,.T.) ;
#15082=EDGE_CURVE('',#732,#14892,#15081,.F.) ;
#15087=EDGE_CURVE('',#730,#14890,#15086,.F.) ;
#15125=EDGE_CURVE('',#751,#14908,#15124,.F.) ;
#15130=EDGE_CURVE('',#749,#14910,#15129,.F.) ;
#15168=EDGE_CURVE('',#3568,#14926,#15167,.F.) ;
#15173=EDGE_CURVE('',#3566,#14928,#15172,.F.) ;
#15211=EDGE_CURVE('',#3587,#14944,#15210,.F.) ;
#15216=EDGE_CURVE('',#3585,#14946,#15215,.F.) ;
#15254=EDGE_CURVE('',#3606,#14962,#15253,.F.) ;
#15259=EDGE_CURVE('',#3604,#14964,#15258,.F.) ;
#15297=EDGE_CURVE('',#3625,#14980,#15296,.F.) ;
#15302=EDGE_CURVE('',#3623,#14982,#15301,.F.) ;
#15340=EDGE_CURVE('',#3644,#14998,#15339,.F.) ;
#15345=EDGE_CURVE('',#3642,#15000,#15344,.F.) ;
#15383=EDGE_CURVE('',#3663,#15016,#15382,.F.) ;
#15388=EDGE_CURVE('',#3661,#15018,#15387,.F.) ;
#15426=EDGE_CURVE('',#3682,#15034,#15425,.F.) ;
#15431=EDGE_CURVE('',#3680,#15036,#15430,.F.) ;
#15469=EDGE_CURVE('',#3701,#15052,#15468,.F.) ;
#15474=EDGE_CURVE('',#3699,#15054,#15473,.F.) ;
#68=EDGE_LOOP('',(#69,#70,#71,#72)) ;
#85=EDGE_LOOP('',(#86,#87,#88,#89)) ;
#125=EDGE_LOOP('',(#126,#127,#128,#129)) ;
#142=EDGE_LOOP('',(#143,#144,#145,#146)) ;
#182=EDGE_LOOP('',(#183,#184,#185,#186)) ;
#199=EDGE_LOOP('',(#200,#201,#202,#203)) ;
#230=EDGE_LOOP('',(#231,#232,#233,#234)) ;
#242=EDGE_LOOP('',(#243,#244,#245,#246)) ;
#280=EDGE_LOOP('',(#281,#282,#283,#284,#285)) ;
#300=EDGE_LOOP('',(#301,#302,#303,#304,#305)) ;
#332=EDGE_LOOP('',(#333,#334,#335,#336,#337)) ;
#373=EDGE_LOOP('',(#374,#375,#376,#377)) ;
#390=EDGE_LOOP('',(#391,#392,#393,#394)) ;
#416=EDGE_LOOP('',(#417,#418)) ;
#420=EDGE_LOOP('',(#421,#422)) ;
#435=EDGE_LOOP('',(#436,#437)) ;
#439=EDGE_LOOP('',(#440,#441)) ;
#444=EDGE_LOOP('',(#445,#446,#447,#448,#449)) ;
#476=EDGE_LOOP('',(#477,#478,#479,#480)) ;
#488=EDGE_LOOP('',(#489,#490,#491,#492)) ;
#500=EDGE_LOOP('',(#501,#502)) ;
#504=EDGE_LOOP('',(#505,#506)) ;
#508=EDGE_LOOP('',(#509,#510)) ;
#526=EDGE_LOOP('',(#527,#528)) ;
#544=EDGE_LOOP('',(#545,#546)) ;
#562=EDGE_LOOP('',(#563,#564)) ;
#591=EDGE_LOOP('',(#592,#593,#594,#595)) ;
#603=EDGE_LOOP('',(#604,#605,#606,#607)) ;
#634=EDGE_LOOP('',(#635,#636,#637,#638)) ;
#646=EDGE_LOOP('',(#647,#648,#649,#650)) ;
#677=EDGE_LOOP('',(#678,#679,#680,#681)) ;
#689=EDGE_LOOP('',(#690,#691,#692,#693)) ;
#701=EDGE_LOOP('',(#702,#703)) ;
#705=EDGE_LOOP('',(#706,#707)) ;
#709=EDGE_LOOP('',(#710,#711)) ;
#713=EDGE_LOOP('',(#714,#715)) ;
#717=EDGE_LOOP('',(#718,#719)) ;
#721=EDGE_LOOP('',(#722,#723)) ;
#739=EDGE_LOOP('',(#740,#741)) ;
#758=EDGE_LOOP('',(#759,#760)) ;
#1588=EDGE_LOOP('',(#1589,#1590,#1591,#1592,#1593,#1594,#1595,#1596,#1597,#1598,#1599,#1600,#1601,#1602,#1603,#1604,#1605,#1606,#1607,#1608,#1609,#1610,#1611,#1612,#1613,#1614,#1615,#1616,#1617,#1618,#1619,#1620,#1621,#1622,#1623,#1624,#1625,#1626,#1627,#1628,#1629,#1630,#1631,#1632,#1633,#1634,#1635,#1636,#1637,#1638,#1639,#1640,#1641,#1642,#1643,#1644,#1645,#1646,#1647,#1648,#1649,#1650,#1651,#1652,#1653,#1654,#1655,#1656,#1657,#1658,#1659,#1660,#1661,#1662,#1663,#1664,#1665,#1666,#1667,#1668,#1669,#1670,#1671,#1672,#1673,#1674,#1675,#1676,#1677,#1678,#1679,#1680,#1681,#1682,#1683,#1684,#1685,#1686,#1687,#1688,#1689,#1690,#1691,#1692,#1693,#1694,#1695,#1696,#1697,#1698,#1699,#1700,#1701,#1702,#1703,#1704,#1705,#1706)) ;
#1862=EDGE_LOOP('',(#1863,#1864,#1865,#1866,#1867,#1868,#1869,#1870,#1871,#1872,#1873,#1874,#1875,#1876,#1877,#1878,#1879,#1880,#1881,#1882,#1883,#1884)) ;
#2124=EDGE_LOOP('',(#2125,#2126,#2127,#2128,#2129,#2130,#2131,#2132,#2133,#2134,#2135,#2136,#2137,#2138,#2139,#2140,#2141,#2142,#2143,#2144,#2145,#2146,#2147,#2148,#2149,#2150,#2151,#2152,#2153,#2154,#2155,#2156,#2157,#2158)) ;
#3126=EDGE_LOOP('',(#3127,#3128,#3129,#3130,#3131,#3132,#3133,#3134,#3135,#3136,#3137,#3138,#3139,#3140,#3141,#3142,#3143,#3144,#3145,#3146,#3147,#3148,#3149,#3150,#3151,#3152,#3153,#3154,#3155,#3156,#3157,#3158,#3159,#3160,#3161,#3162,#3163,#3164,#3165,#3166,#3167,#3168,#3169,#3170,#3171,#3172,#3173,#3174,#3175,#3176,#3177,#3178,#3179,#3180,#3181,#3182,#3183,#3184,#3185,#3186,#3187,#3188,#3189,#3190,#3191,#3192,#3193,#3194,#3195,#3196,#3197,#3198,#3199,#3200,#3201,#3202,#3203,#3204,#3205,#3206,#3207,#3208,#3209,#3210,#3211,#3212,#3213,#3214,#3215,#3216,#3217,#3218,#3219,#3220,#3221,#3222,#3223,#3224,#3225,#3226,#3227,#3228,#3229,#3230,#3231,#3232,#3233,#3234,#3235,#3236,#3237,#3238,#3239,#3240,#3241,#3242,#3243,#3244,#3245,#3246,#3247,#3248,#3249,#3250,#3251,#3252,#3253,#3254,#3255,#3256,#3257,#3258,#3259,#3260,#3261,#3262,#3263,#3264)) ;
#3420=EDGE_LOOP('',(#3421,#3422,#3423,#3424,#3425,#3426,#3427,#3428,#3429,#3430,#3431,#3432,#3433,#3434,#3435,#3436,#3437,#3438,#3439,#3440,#3441,#3442)) ;
#3472=EDGE_LOOP('',(#3473,#3474,#3475,#3476)) ;
#3548=EDGE_LOOP('',(#3549,#3550,#3551,#3552,#3553,#3554,#3555,#3556,#3557,#3558)) ;
#3575=EDGE_LOOP('',(#3576,#3577)) ;
#3594=EDGE_LOOP('',(#3595,#3596)) ;
#3613=EDGE_LOOP('',(#3614,#3615)) ;
#3632=EDGE_LOOP('',(#3633,#3634)) ;
#3651=EDGE_LOOP('',(#3652,#3653)) ;
#3670=EDGE_LOOP('',(#3671,#3672)) ;
#3689=EDGE_LOOP('',(#3690,#3691)) ;
#3708=EDGE_LOOP('',(#3709,#3710)) ;
#4684=EDGE_LOOP('',(#4685,#4686,#4687,#4688,#4689,#4690,#4691,#4692,#4693,#4694,#4695,#4696,#4697,#4698,#4699,#4700,#4701,#4702,#4703,#4704,#4705,#4706,#4707,#4708,#4709,#4710,#4711,#4712,#4713,#4714,#4715,#4716,#4717,#4718,#4719,#4720,#4721,#4722,#4723,#4724,#4725,#4726,#4727,#4728,#4729,#4730,#4731,#4732,#4733,#4734,#4735,#4736,#4737,#4738,#4739,#4740,#4741,#4742,#4743,#4744,#4745,#4746,#4747,#4748,#4749,#4750,#4751,#4752,#4753,#4754,#4755,#4756,#4757,#4758,#4759,#4760,#4761,#4762,#4763,#4764,#4765,#4766,#4767,#4768,#4769,#4770,#4771,#4772,#4773,#4774,#4775,#4776,#4777,#4778,#4779,#4780,#4781,#4782,#4783,#4784,#4785,#4786,#4787,#4788,#4789,#4790,#4791,#4792,#4793,#4794,#4795,#4796,#4797,#4798,#4799,#4800,#4801,#4802,#4803,#4804,#4805,#4806,#4807,#4808,#4809,#4810,#4811,#4812,#4813,#4814,#4815,#4816,#4817,#4818,#4819,#4820,#4821,#4822)) ;
#4848=EDGE_LOOP('',(#4849,#4850,#4851,#4852)) ;
#4872=EDGE_LOOP('',(#4873,#4874,#4875,#4876)) ;
#4896=EDGE_LOOP('',(#4897,#4898,#4899,#4900)) ;
#4920=EDGE_LOOP('',(#4921,#4922,#4923,#4924)) ;
#4944=EDGE_LOOP('',(#4945,#4946,#4947,#4948)) ;
#4968=EDGE_LOOP('',(#4969,#4970,#4971,#4972)) ;
#4992=EDGE_LOOP('',(#4993,#4994,#4995,#4996)) ;
#5016=EDGE_LOOP('',(#5017,#5018,#5019,#5020)) ;
#5040=EDGE_LOOP('',(#5041,#5042,#5043,#5044)) ;
#5064=EDGE_LOOP('',(#5065,#5066,#5067,#5068)) ;
#5088=EDGE_LOOP('',(#5089,#5090,#5091,#5092)) ;
#5112=EDGE_LOOP('',(#5113,#5114,#5115,#5116)) ;
#5136=EDGE_LOOP('',(#5137,#5138,#5139,#5140)) ;
#5160=EDGE_LOOP('',(#5161,#5162,#5163,#5164)) ;
#5184=EDGE_LOOP('',(#5185,#5186,#5187,#5188)) ;
#5208=EDGE_LOOP('',(#5209,#5210,#5211,#5212)) ;
#5232=EDGE_LOOP('',(#5233,#5234,#5235,#5236)) ;
#5256=EDGE_LOOP('',(#5257,#5258,#5259,#5260)) ;
#5280=EDGE_LOOP('',(#5281,#5282,#5283,#5284)) ;
#5304=EDGE_LOOP('',(#5305,#5306,#5307,#5308)) ;
#5328=EDGE_LOOP('',(#5329,#5330,#5331,#5332)) ;
#5352=EDGE_LOOP('',(#5353,#5354,#5355,#5356)) ;
#5376=EDGE_LOOP('',(#5377,#5378,#5379,#5380)) ;
#5400=EDGE_LOOP('',(#5401,#5402,#5403,#5404)) ;
#5424=EDGE_LOOP('',(#5425,#5426,#5427,#5428)) ;
#5443=EDGE_LOOP('',(#5444,#5445,#5446,#5447)) ;
#5467=EDGE_LOOP('',(#5468,#5469,#5470,#5471)) ;
#5491=EDGE_LOOP('',(#5492,#5493,#5494,#5495)) ;
#5515=EDGE_LOOP('',(#5516,#5517,#5518,#5519)) ;
#5539=EDGE_LOOP('',(#5540,#5541,#5542,#5543)) ;
#5563=EDGE_LOOP('',(#5564,#5565,#5566,#5567)) ;
#5587=EDGE_LOOP('',(#5588,#5589,#5590,#5591)) ;
#5611=EDGE_LOOP('',(#5612,#5613,#5614,#5615)) ;
#5635=EDGE_LOOP('',(#5636,#5637,#5638,#5639)) ;
#5659=EDGE_LOOP('',(#5660,#5661,#5662,#5663)) ;
#5683=EDGE_LOOP('',(#5684,#5685,#5686,#5687)) ;
#5707=EDGE_LOOP('',(#5708,#5709,#5710,#5711)) ;
#5731=EDGE_LOOP('',(#5732,#5733,#5734,#5735)) ;
#5755=EDGE_LOOP('',(#5756,#5757,#5758,#5759)) ;
#5779=EDGE_LOOP('',(#5780,#5781,#5782,#5783)) ;
#5803=EDGE_LOOP('',(#5804,#5805,#5806,#5807)) ;
#5827=EDGE_LOOP('',(#5828,#5829,#5830,#5831)) ;
#5851=EDGE_LOOP('',(#5852,#5853,#5854,#5855)) ;
#5875=EDGE_LOOP('',(#5876,#5877,#5878,#5879)) ;
#5899=EDGE_LOOP('',(#5900,#5901,#5902,#5903)) ;
#5923=EDGE_LOOP('',(#5924,#5925,#5926,#5927)) ;
#5947=EDGE_LOOP('',(#5948,#5949,#5950,#5951)) ;
#5966=EDGE_LOOP('',(#5967,#5968,#5969,#5970)) ;
#5990=EDGE_LOOP('',(#5991,#5992,#5993,#5994)) ;
#6014=EDGE_LOOP('',(#6015,#6016,#6017,#6018)) ;
#6038=EDGE_LOOP('',(#6039,#6040,#6041,#6042)) ;
#6062=EDGE_LOOP('',(#6063,#6064,#6065,#6066)) ;
#6086=EDGE_LOOP('',(#6087,#6088,#6089,#6090)) ;
#6110=EDGE_LOOP('',(#6111,#6112,#6113,#6114)) ;
#6134=EDGE_LOOP('',(#6135,#6136,#6137,#6138)) ;
#6158=EDGE_LOOP('',(#6159,#6160,#6161,#6162)) ;
#6182=EDGE_LOOP('',(#6183,#6184,#6185,#6186)) ;
#6206=EDGE_LOOP('',(#6207,#6208,#6209,#6210)) ;
#6230=EDGE_LOOP('',(#6231,#6232,#6233,#6234)) ;
#6254=EDGE_LOOP('',(#6255,#6256,#6257,#6258)) ;
#6278=EDGE_LOOP('',(#6279,#6280,#6281,#6282)) ;
#6302=EDGE_LOOP('',(#6303,#6304,#6305,#6306)) ;
#6326=EDGE_LOOP('',(#6327,#6328,#6329,#6330)) ;
#6350=EDGE_LOOP('',(#6351,#6352,#6353,#6354)) ;
#6374=EDGE_LOOP('',(#6375,#6376,#6377,#6378)) ;
#6398=EDGE_LOOP('',(#6399,#6400,#6401,#6402)) ;
#6422=EDGE_LOOP('',(#6423,#6424,#6425,#6426)) ;
#6446=EDGE_LOOP('',(#6447,#6448,#6449,#6450)) ;
#6470=EDGE_LOOP('',(#6471,#6472,#6473,#6474)) ;
#6494=EDGE_LOOP('',(#6495,#6496,#6497,#6498)) ;
#6518=EDGE_LOOP('',(#6519,#6520,#6521,#6522)) ;
#6542=EDGE_LOOP('',(#6543,#6544,#6545,#6546)) ;
#6566=EDGE_LOOP('',(#6567,#6568,#6569,#6570)) ;
#6590=EDGE_LOOP('',(#6591,#6592,#6593,#6594)) ;
#6614=EDGE_LOOP('',(#6615,#6616,#6617,#6618)) ;
#6638=EDGE_LOOP('',(#6639,#6640,#6641,#6642)) ;
#6662=EDGE_LOOP('',(#6663,#6664,#6665,#6666)) ;
#6686=EDGE_LOOP('',(#6687,#6688,#6689,#6690)) ;
#6710=EDGE_LOOP('',(#6711,#6712,#6713,#6714)) ;
#6734=EDGE_LOOP('',(#6735,#6736,#6737,#6738)) ;
#6758=EDGE_LOOP('',(#6759,#6760,#6761,#6762)) ;
#6782=EDGE_LOOP('',(#6783,#6784,#6785,#6786)) ;
#6806=EDGE_LOOP('',(#6807,#6808,#6809,#6810)) ;
#6830=EDGE_LOOP('',(#6831,#6832,#6833,#6834)) ;
#6854=EDGE_LOOP('',(#6855,#6856,#6857,#6858)) ;
#6878=EDGE_LOOP('',(#6879,#6880,#6881,#6882)) ;
#6902=EDGE_LOOP('',(#6903,#6904,#6905,#6906)) ;
#6926=EDGE_LOOP('',(#6927,#6928,#6929,#6930)) ;
#6950=EDGE_LOOP('',(#6951,#6952,#6953,#6954)) ;
#6974=EDGE_LOOP('',(#6975,#6976,#6977,#6978)) ;
#6998=EDGE_LOOP('',(#6999,#7000,#7001,#7002)) ;
#7022=EDGE_LOOP('',(#7023,#7024,#7025,#7026)) ;
#7046=EDGE_LOOP('',(#7047,#7048,#7049,#7050)) ;
#7070=EDGE_LOOP('',(#7071,#7072,#7073,#7074)) ;
#7089=EDGE_LOOP('',(#7090,#7091,#7092,#7093)) ;
#7108=EDGE_LOOP('',(#7109,#7110,#7111,#7112)) ;
#7132=EDGE_LOOP('',(#7133,#7134,#7135,#7136)) ;
#7156=EDGE_LOOP('',(#7157,#7158,#7159,#7160)) ;
#7180=EDGE_LOOP('',(#7181,#7182,#7183,#7184)) ;
#7204=EDGE_LOOP('',(#7205,#7206,#7207,#7208)) ;
#7228=EDGE_LOOP('',(#7229,#7230,#7231,#7232)) ;
#7252=EDGE_LOOP('',(#7253,#7254,#7255,#7256)) ;
#7276=EDGE_LOOP('',(#7277,#7278,#7279,#7280)) ;
#7300=EDGE_LOOP('',(#7301,#7302,#7303,#7304)) ;
#7324=EDGE_LOOP('',(#7325,#7326,#7327,#7328)) ;
#7348=EDGE_LOOP('',(#7349,#7350,#7351,#7352)) ;
#7372=EDGE_LOOP('',(#7373,#7374,#7375,#7376)) ;
#7396=EDGE_LOOP('',(#7397,#7398,#7399,#7400)) ;
#7420=EDGE_LOOP('',(#7421,#7422,#7423,#7424)) ;
#7444=EDGE_LOOP('',(#7445,#7446,#7447,#7448)) ;
#7468=EDGE_LOOP('',(#7469,#7470,#7471,#7472)) ;
#7492=EDGE_LOOP('',(#7493,#7494,#7495,#7496)) ;
#7516=EDGE_LOOP('',(#7517,#7518,#7519,#7520)) ;
#7540=EDGE_LOOP('',(#7541,#7542,#7543,#7544)) ;
#7564=EDGE_LOOP('',(#7565,#7566,#7567,#7568)) ;
#7588=EDGE_LOOP('',(#7589,#7590,#7591,#7592)) ;
#7612=EDGE_LOOP('',(#7613,#7614,#7615,#7616)) ;
#7636=EDGE_LOOP('',(#7637,#7638,#7639,#7640)) ;
#7660=EDGE_LOOP('',(#7661,#7662,#7663,#7664)) ;
#7684=EDGE_LOOP('',(#7685,#7686,#7687,#7688)) ;
#7708=EDGE_LOOP('',(#7709,#7710,#7711,#7712)) ;
#7732=EDGE_LOOP('',(#7733,#7734,#7735,#7736)) ;
#7756=EDGE_LOOP('',(#7757,#7758,#7759,#7760)) ;
#7780=EDGE_LOOP('',(#7781,#7782,#7783,#7784)) ;
#7804=EDGE_LOOP('',(#7805,#7806,#7807,#7808)) ;
#7828=EDGE_LOOP('',(#7829,#7830,#7831,#7832)) ;
#7852=EDGE_LOOP('',(#7853,#7854,#7855,#7856)) ;
#7876=EDGE_LOOP('',(#7877,#7878,#7879,#7880)) ;
#7900=EDGE_LOOP('',(#7901,#7902,#7903,#7904)) ;
#7924=EDGE_LOOP('',(#7925,#7926,#7927,#7928)) ;
#7948=EDGE_LOOP('',(#7949,#7950,#7951,#7952)) ;
#7972=EDGE_LOOP('',(#7973,#7974,#7975,#7976)) ;
#7996=EDGE_LOOP('',(#7997,#7998,#7999,#8000)) ;
#8020=EDGE_LOOP('',(#8021,#8022,#8023,#8024)) ;
#8044=EDGE_LOOP('',(#8045,#8046,#8047,#8048)) ;
#8068=EDGE_LOOP('',(#8069,#8070,#8071,#8072)) ;
#8092=EDGE_LOOP('',(#8093,#8094,#8095,#8096)) ;
#8111=EDGE_LOOP('',(#8112,#8113,#8114,#8115)) ;
#8951=EDGE_LOOP('',(#8952,#8953,#8954,#8955,#8956,#8957,#8958,#8959,#8960,#8961,#8962,#8963,#8964,#8965,#8966,#8967,#8968,#8969,#8970,#8971,#8972,#8973,#8974,#8975,#8976,#8977,#8978,#8979,#8980,#8981,#8982,#8983,#8984,#8985,#8986,#8987,#8988,#8989,#8990,#8991,#8992,#8993,#8994,#8995,#8996,#8997,#8998,#8999,#9000,#9001,#9002,#9003,#9004,#9005,#9006,#9007,#9008,#9009,#9010,#9011,#9012,#9013,#9014,#9015,#9016,#9017,#9018,#9019,#9020,#9021,#9022,#9023,#9024,#9025,#9026,#9027,#9028,#9029,#9030,#9031,#9032,#9033,#9034,#9035,#9036,#9037,#9038,#9039,#9040,#9041,#9042,#9043,#9044,#9045,#9046,#9047,#9048,#9049,#9050,#9051,#9052,#9053,#9054,#9055,#9056,#9057,#9058,#9059,#9060,#9061,#9062,#9063,#9064,#9065,#9066,#9067,#9068,#9069)) ;
#9094=EDGE_LOOP('',(#9095,#9096,#9097,#9098)) ;
#9118=EDGE_LOOP('',(#9119,#9120,#9121,#9122)) ;
#9142=EDGE_LOOP('',(#9143,#9144,#9145,#9146)) ;
#9166=EDGE_LOOP('',(#9167,#9168,#9169,#9170)) ;
#9190=EDGE_LOOP('',(#9191,#9192,#9193,#9194)) ;
#9214=EDGE_LOOP('',(#9215,#9216,#9217,#9218)) ;
#9238=EDGE_LOOP('',(#9239,#9240,#9241,#9242)) ;
#9262=EDGE_LOOP('',(#9263,#9264,#9265,#9266)) ;
#9286=EDGE_LOOP('',(#9287,#9288,#9289,#9290)) ;
#9310=EDGE_LOOP('',(#9311,#9312,#9313,#9314)) ;
#9334=EDGE_LOOP('',(#9335,#9336,#9337,#9338)) ;
#9358=EDGE_LOOP('',(#9359,#9360,#9361,#9362)) ;
#9382=EDGE_LOOP('',(#9383,#9384,#9385,#9386)) ;
#9406=EDGE_LOOP('',(#9407,#9408,#9409,#9410)) ;
#9430=EDGE_LOOP('',(#9431,#9432,#9433,#9434)) ;
#9454=EDGE_LOOP('',(#9455,#9456,#9457,#9458)) ;
#9478=EDGE_LOOP('',(#9479,#9480,#9481,#9482)) ;
#9502=EDGE_LOOP('',(#9503,#9504,#9505,#9506)) ;
#9526=EDGE_LOOP('',(#9527,#9528,#9529,#9530)) ;
#9550=EDGE_LOOP('',(#9551,#9552,#9553,#9554)) ;
#9574=EDGE_LOOP('',(#9575,#9576,#9577,#9578)) ;
#9598=EDGE_LOOP('',(#9599,#9600,#9601,#9602)) ;
#9622=EDGE_LOOP('',(#9623,#9624,#9625,#9626)) ;
#9646=EDGE_LOOP('',(#9647,#9648,#9649,#9650)) ;
#9670=EDGE_LOOP('',(#9671,#9672,#9673,#9674)) ;
#9694=EDGE_LOOP('',(#9695,#9696,#9697,#9698)) ;
#9718=EDGE_LOOP('',(#9719,#9720,#9721,#9722)) ;
#9742=EDGE_LOOP('',(#9743,#9744,#9745,#9746)) ;
#9766=EDGE_LOOP('',(#9767,#9768,#9769,#9770)) ;
#9790=EDGE_LOOP('',(#9791,#9792,#9793,#9794)) ;
#9814=EDGE_LOOP('',(#9815,#9816,#9817,#9818)) ;
#9838=EDGE_LOOP('',(#9839,#9840,#9841,#9842)) ;
#9862=EDGE_LOOP('',(#9863,#9864,#9865,#9866)) ;
#9886=EDGE_LOOP('',(#9887,#9888,#9889,#9890)) ;
#9910=EDGE_LOOP('',(#9911,#9912,#9913,#9914)) ;
#9934=EDGE_LOOP('',(#9935,#9936,#9937,#9938)) ;
#9958=EDGE_LOOP('',(#9959,#9960,#9961,#9962)) ;
#9982=EDGE_LOOP('',(#9983,#9984,#9985,#9986)) ;
#10006=EDGE_LOOP('',(#10007,#10008,#10009,#10010)) ;
#10030=EDGE_LOOP('',(#10031,#10032,#10033,#10034)) ;
#10054=EDGE_LOOP('',(#10055,#10056,#10057,#10058)) ;
#10078=EDGE_LOOP('',(#10079,#10080,#10081,#10082)) ;
#10102=EDGE_LOOP('',(#10103,#10104,#10105,#10106)) ;
#10126=EDGE_LOOP('',(#10127,#10128,#10129,#10130)) ;
#10150=EDGE_LOOP('',(#10151,#10152,#10153,#10154)) ;
#10174=EDGE_LOOP('',(#10175,#10176,#10177,#10178)) ;
#10198=EDGE_LOOP('',(#10199,#10200,#10201,#10202)) ;
#10222=EDGE_LOOP('',(#10223,#10224,#10225,#10226)) ;
#10246=EDGE_LOOP('',(#10247,#10248,#10249,#10250)) ;
#10270=EDGE_LOOP('',(#10271,#10272,#10273,#10274)) ;
#10294=EDGE_LOOP('',(#10295,#10296,#10297,#10298)) ;
#10318=EDGE_LOOP('',(#10319,#10320,#10321,#10322)) ;
#10342=EDGE_LOOP('',(#10343,#10344,#10345,#10346)) ;
#10366=EDGE_LOOP('',(#10367,#10368,#10369,#10370)) ;
#10390=EDGE_LOOP('',(#10391,#10392,#10393,#10394)) ;
#10414=EDGE_LOOP('',(#10415,#10416,#10417,#10418)) ;
#10438=EDGE_LOOP('',(#10439,#10440,#10441,#10442)) ;
#10462=EDGE_LOOP('',(#10463,#10464,#10465,#10466)) ;
#10486=EDGE_LOOP('',(#10487,#10488,#10489,#10490)) ;
#10510=EDGE_LOOP('',(#10511,#10512,#10513,#10514)) ;
#10534=EDGE_LOOP('',(#10535,#10536,#10537,#10538)) ;
#10558=EDGE_LOOP('',(#10559,#10560,#10561,#10562)) ;
#10582=EDGE_LOOP('',(#10583,#10584,#10585,#10586)) ;
#10606=EDGE_LOOP('',(#10607,#10608,#10609,#10610)) ;
#10630=EDGE_LOOP('',(#10631,#10632,#10633,#10634)) ;
#10654=EDGE_LOOP('',(#10655,#10656,#10657,#10658)) ;
#10678=EDGE_LOOP('',(#10679,#10680,#10681,#10682)) ;
#10702=EDGE_LOOP('',(#10703,#10704,#10705,#10706)) ;
#10726=EDGE_LOOP('',(#10727,#10728,#10729,#10730)) ;
#10750=EDGE_LOOP('',(#10751,#10752,#10753,#10754)) ;
#10774=EDGE_LOOP('',(#10775,#10776,#10777,#10778)) ;
#10798=EDGE_LOOP('',(#10799,#10800,#10801,#10802)) ;
#10822=EDGE_LOOP('',(#10823,#10824,#10825,#10826)) ;
#10846=EDGE_LOOP('',(#10847,#10848,#10849,#10850)) ;
#10870=EDGE_LOOP('',(#10871,#10872,#10873,#10874)) ;
#10894=EDGE_LOOP('',(#10895,#10896,#10897,#10898)) ;
#10918=EDGE_LOOP('',(#10919,#10920,#10921,#10922)) ;
#10942=EDGE_LOOP('',(#10943,#10944,#10945,#10946)) ;
#10966=EDGE_LOOP('',(#10967,#10968,#10969,#10970)) ;
#10990=EDGE_LOOP('',(#10991,#10992,#10993,#10994)) ;
#11014=EDGE_LOOP('',(#11015,#11016,#11017,#11018)) ;
#11038=EDGE_LOOP('',(#11039,#11040,#11041,#11042)) ;
#11062=EDGE_LOOP('',(#11063,#11064,#11065,#11066)) ;
#11086=EDGE_LOOP('',(#11087,#11088,#11089,#11090)) ;
#11110=EDGE_LOOP('',(#11111,#11112,#11113,#11114)) ;
#11134=EDGE_LOOP('',(#11135,#11136,#11137,#11138)) ;
#11158=EDGE_LOOP('',(#11159,#11160,#11161,#11162)) ;
#11182=EDGE_LOOP('',(#11183,#11184,#11185,#11186)) ;
#11206=EDGE_LOOP('',(#11207,#11208,#11209,#11210)) ;
#11230=EDGE_LOOP('',(#11231,#11232,#11233,#11234)) ;
#11254=EDGE_LOOP('',(#11255,#11256,#11257,#11258)) ;
#11278=EDGE_LOOP('',(#11279,#11280,#11281,#11282)) ;
#11302=EDGE_LOOP('',(#11303,#11304,#11305,#11306)) ;
#11326=EDGE_LOOP('',(#11327,#11328,#11329,#11330)) ;
#11350=EDGE_LOOP('',(#11351,#11352,#11353,#11354)) ;
#11374=EDGE_LOOP('',(#11375,#11376,#11377,#11378)) ;
#11398=EDGE_LOOP('',(#11399,#11400,#11401,#11402)) ;
#11422=EDGE_LOOP('',(#11423,#11424,#11425,#11426)) ;
#11446=EDGE_LOOP('',(#11447,#11448,#11449,#11450)) ;
#11470=EDGE_LOOP('',(#11471,#11472,#11473,#11474)) ;
#11494=EDGE_LOOP('',(#11495,#11496,#11497,#11498)) ;
#11518=EDGE_LOOP('',(#11519,#11520,#11521,#11522)) ;
#11542=EDGE_LOOP('',(#11543,#11544,#11545,#11546)) ;
#11566=EDGE_LOOP('',(#11567,#11568,#11569,#11570)) ;
#11590=EDGE_LOOP('',(#11591,#11592,#11593,#11594)) ;
#11614=EDGE_LOOP('',(#11615,#11616,#11617,#11618)) ;
#11638=EDGE_LOOP('',(#11639,#11640,#11641,#11642)) ;
#11662=EDGE_LOOP('',(#11663,#11664,#11665,#11666)) ;
#11686=EDGE_LOOP('',(#11687,#11688,#11689,#11690)) ;
#11710=EDGE_LOOP('',(#11711,#11712,#11713,#11714)) ;
#11734=EDGE_LOOP('',(#11735,#11736,#11737,#11738)) ;
#11758=EDGE_LOOP('',(#11759,#11760,#11761,#11762)) ;
#11782=EDGE_LOOP('',(#11783,#11784,#11785,#11786)) ;
#11806=EDGE_LOOP('',(#11807,#11808,#11809,#11810)) ;
#11830=EDGE_LOOP('',(#11831,#11832,#11833,#11834)) ;
#11854=EDGE_LOOP('',(#11855,#11856,#11857,#11858)) ;
#11878=EDGE_LOOP('',(#11879,#11880,#11881,#11882)) ;
#11897=EDGE_LOOP('',(#11898,#11899,#11900,#11901)) ;
#11939=EDGE_LOOP('',(#11940,#11941,#11942,#11943)) ;
#11968=EDGE_LOOP('',(#11969,#11970,#11971,#11972)) ;
#11992=EDGE_LOOP('',(#11993,#11994,#11995,#11996)) ;
#12016=EDGE_LOOP('',(#12017,#12018,#12019,#12020)) ;
#12035=EDGE_LOOP('',(#12036,#12037,#12038,#12039)) ;
#12203=EDGE_LOOP('',(#12204,#12205,#12206,#12207,#12208,#12209,#12210,#12211,#12212,#12213,#12214,#12215,#12216,#12217,#12218,#12219,#12220,#12221,#12222,#12223,#12224,#12225)) ;
#12250=EDGE_LOOP('',(#12251,#12252,#12253,#12254)) ;
#12274=EDGE_LOOP('',(#12275,#12276,#12277,#12278)) ;
#12298=EDGE_LOOP('',(#12299,#12300,#12301,#12302)) ;
#12322=EDGE_LOOP('',(#12323,#12324,#12325,#12326)) ;
#12346=EDGE_LOOP('',(#12347,#12348,#12349,#12350)) ;
#12370=EDGE_LOOP('',(#12371,#12372,#12373,#12374)) ;
#12394=EDGE_LOOP('',(#12395,#12396,#12397,#12398)) ;
#12418=EDGE_LOOP('',(#12419,#12420,#12421,#12422)) ;
#12442=EDGE_LOOP('',(#12443,#12444,#12445,#12446)) ;
#12466=EDGE_LOOP('',(#12467,#12468,#12469,#12470)) ;
#12490=EDGE_LOOP('',(#12491,#12492,#12493,#12494)) ;
#12514=EDGE_LOOP('',(#12515,#12516,#12517,#12518)) ;
#12538=EDGE_LOOP('',(#12539,#12540,#12541,#12542)) ;
#12562=EDGE_LOOP('',(#12563,#12564,#12565,#12566)) ;
#12586=EDGE_LOOP('',(#12587,#12588,#12589,#12590)) ;
#12610=EDGE_LOOP('',(#12611,#12612,#12613,#12614)) ;
#12634=EDGE_LOOP('',(#12635,#12636,#12637,#12638)) ;
#12658=EDGE_LOOP('',(#12659,#12660,#12661,#12662)) ;
#12682=EDGE_LOOP('',(#12683,#12684,#12685,#12686)) ;
#12706=EDGE_LOOP('',(#12707,#12708,#12709,#12710)) ;
#12730=EDGE_LOOP('',(#12731,#12732,#12733,#12734)) ;
#12749=EDGE_LOOP('',(#12750,#12751,#12752,#12753)) ;
#12917=EDGE_LOOP('',(#12918,#12919,#12920,#12921,#12922,#12923,#12924,#12925,#12926,#12927,#12928,#12929,#12930,#12931,#12932,#12933,#12934,#12935,#12936,#12937,#12938,#12939)) ;
#12964=EDGE_LOOP('',(#12965,#12966,#12967,#12968)) ;
#12988=EDGE_LOOP('',(#12989,#12990,#12991,#12992)) ;
#13012=EDGE_LOOP('',(#13013,#13014,#13015,#13016)) ;
#13036=EDGE_LOOP('',(#13037,#13038,#13039,#13040)) ;
#13060=EDGE_LOOP('',(#13061,#13062,#13063,#13064)) ;
#13084=EDGE_LOOP('',(#13085,#13086,#13087,#13088)) ;
#13108=EDGE_LOOP('',(#13109,#13110,#13111,#13112)) ;
#13132=EDGE_LOOP('',(#13133,#13134,#13135,#13136)) ;
#13156=EDGE_LOOP('',(#13157,#13158,#13159,#13160)) ;
#13180=EDGE_LOOP('',(#13181,#13182,#13183,#13184)) ;
#13204=EDGE_LOOP('',(#13205,#13206,#13207,#13208)) ;
#13228=EDGE_LOOP('',(#13229,#13230,#13231,#13232)) ;
#13252=EDGE_LOOP('',(#13253,#13254,#13255,#13256)) ;
#13276=EDGE_LOOP('',(#13277,#13278,#13279,#13280)) ;
#13300=EDGE_LOOP('',(#13301,#13302,#13303,#13304)) ;
#13324=EDGE_LOOP('',(#13325,#13326,#13327,#13328)) ;
#13348=EDGE_LOOP('',(#13349,#13350,#13351,#13352)) ;
#13372=EDGE_LOOP('',(#13373,#13374,#13375,#13376)) ;
#13396=EDGE_LOOP('',(#13397,#13398,#13399,#13400)) ;
#13420=EDGE_LOOP('',(#13421,#13422,#13423,#13424)) ;
#13444=EDGE_LOOP('',(#13445,#13446,#13447,#13448)) ;
#13463=EDGE_LOOP('',(#13464,#13465,#13466,#13467)) ;
#13715=EDGE_LOOP('',(#13716,#13717,#13718,#13719,#13720,#13721,#13722,#13723,#13724,#13725,#13726,#13727,#13728,#13729,#13730,#13731,#13732,#13733,#13734,#13735,#13736,#13737,#13738,#13739,#13740,#13741,#13742,#13743,#13744,#13745,#13746,#13747,#13748,#13749)) ;
#13774=EDGE_LOOP('',(#13775,#13776,#13777,#13778)) ;
#13798=EDGE_LOOP('',(#13799,#13800,#13801,#13802)) ;
#13822=EDGE_LOOP('',(#13823,#13824,#13825,#13826)) ;
#13846=EDGE_LOOP('',(#13847,#13848,#13849,#13850)) ;
#13870=EDGE_LOOP('',(#13871,#13872,#13873,#13874)) ;
#13894=EDGE_LOOP('',(#13895,#13896,#13897,#13898)) ;
#13918=EDGE_LOOP('',(#13919,#13920,#13921,#13922)) ;
#13942=EDGE_LOOP('',(#13943,#13944,#13945,#13946)) ;
#13966=EDGE_LOOP('',(#13967,#13968,#13969,#13970)) ;
#13990=EDGE_LOOP('',(#13991,#13992,#13993,#13994)) ;
#14014=EDGE_LOOP('',(#14015,#14016,#14017,#14018)) ;
#14038=EDGE_LOOP('',(#14039,#14040,#14041,#14042)) ;
#14062=EDGE_LOOP('',(#14063,#14064,#14065,#14066)) ;
#14086=EDGE_LOOP('',(#14087,#14088,#14089,#14090)) ;
#14110=EDGE_LOOP('',(#14111,#14112,#14113,#14114)) ;
#14134=EDGE_LOOP('',(#14135,#14136,#14137,#14138)) ;
#14158=EDGE_LOOP('',(#14159,#14160,#14161,#14162)) ;
#14182=EDGE_LOOP('',(#14183,#14184,#14185,#14186)) ;
#14206=EDGE_LOOP('',(#14207,#14208,#14209,#14210)) ;
#14230=EDGE_LOOP('',(#14231,#14232,#14233,#14234)) ;
#14254=EDGE_LOOP('',(#14255,#14256,#14257,#14258)) ;
#14278=EDGE_LOOP('',(#14279,#14280,#14281,#14282)) ;
#14302=EDGE_LOOP('',(#14303,#14304,#14305,#14306)) ;
#14326=EDGE_LOOP('',(#14327,#14328,#14329,#14330)) ;
#14350=EDGE_LOOP('',(#14351,#14352,#14353,#14354)) ;
#14374=EDGE_LOOP('',(#14375,#14376,#14377,#14378)) ;
#14398=EDGE_LOOP('',(#14399,#14400,#14401,#14402)) ;
#14422=EDGE_LOOP('',(#14423,#14424,#14425,#14426)) ;
#14446=EDGE_LOOP('',(#14447,#14448,#14449,#14450)) ;
#14470=EDGE_LOOP('',(#14471,#14472,#14473,#14474)) ;
#14494=EDGE_LOOP('',(#14495,#14496,#14497,#14498)) ;
#14518=EDGE_LOOP('',(#14519,#14520,#14521,#14522)) ;
#14542=EDGE_LOOP('',(#14543,#14544,#14545,#14546)) ;
#14561=EDGE_LOOP('',(#14562,#14563,#14564,#14565)) ;
#14645=EDGE_LOOP('',(#14646,#14647,#14648,#14649,#14650,#14651,#14652,#14653,#14654,#14655)) ;
#14680=EDGE_LOOP('',(#14681,#14682,#14683,#14684)) ;
#14704=EDGE_LOOP('',(#14705,#14706,#14707,#14708)) ;
#14723=EDGE_LOOP('',(#14724,#14725,#14726,#14727)) ;
#14747=EDGE_LOOP('',(#14748,#14749,#14750,#14751)) ;
#14766=EDGE_LOOP('',(#14767,#14768,#14769,#14770)) ;
#14790=EDGE_LOOP('',(#14791,#14792,#14793,#14794)) ;
#14809=EDGE_LOOP('',(#14810,#14811,#14812,#14813)) ;
#14833=EDGE_LOOP('',(#14834,#14835,#14836,#14837)) ;
#14852=EDGE_LOOP('',(#14853,#14854,#14855,#14856)) ;
#14871=EDGE_LOOP('',(#14872,#14873,#14874,#14875)) ;
#14899=EDGE_LOOP('',(#14900,#14901)) ;
#14917=EDGE_LOOP('',(#14918,#14919)) ;
#14935=EDGE_LOOP('',(#14936,#14937)) ;
#14953=EDGE_LOOP('',(#14954,#14955)) ;
#14971=EDGE_LOOP('',(#14972,#14973)) ;
#14989=EDGE_LOOP('',(#14990,#14991)) ;
#15007=EDGE_LOOP('',(#15008,#15009)) ;
#15025=EDGE_LOOP('',(#15026,#15027)) ;
#15043=EDGE_LOOP('',(#15044,#15045)) ;
#15061=EDGE_LOOP('',(#15062,#15063)) ;
#15088=EDGE_LOOP('',(#15089,#15090,#15091,#15092)) ;
#15102=EDGE_LOOP('',(#15103,#15104,#15105,#15106)) ;
#15131=EDGE_LOOP('',(#15132,#15133,#15134,#15135)) ;
#15145=EDGE_LOOP('',(#15146,#15147,#15148,#15149)) ;
#15174=EDGE_LOOP('',(#15175,#15176,#15177,#15178)) ;
#15188=EDGE_LOOP('',(#15189,#15190,#15191,#15192)) ;
#15217=EDGE_LOOP('',(#15218,#15219,#15220,#15221)) ;
#15231=EDGE_LOOP('',(#15232,#15233,#15234,#15235)) ;
#15260=EDGE_LOOP('',(#15261,#15262,#15263,#15264)) ;
#15274=EDGE_LOOP('',(#15275,#15276,#15277,#15278)) ;
#15303=EDGE_LOOP('',(#15304,#15305,#15306,#15307)) ;
#15317=EDGE_LOOP('',(#15318,#15319,#15320,#15321)) ;
#15346=EDGE_LOOP('',(#15347,#15348,#15349,#15350)) ;
#15360=EDGE_LOOP('',(#15361,#15362,#15363,#15364)) ;
#15389=EDGE_LOOP('',(#15390,#15391,#15392,#15393)) ;
#15403=EDGE_LOOP('',(#15404,#15405,#15406,#15407)) ;
#15432=EDGE_LOOP('',(#15433,#15434,#15435,#15436)) ;
#15446=EDGE_LOOP('',(#15447,#15448,#15449,#15450)) ;
#15475=EDGE_LOOP('',(#15476,#15477,#15478,#15479)) ;
#15489=EDGE_LOOP('',(#15490,#15491,#15492,#15493)) ;
#73=FACE_OUTER_BOUND('',#68,.T.) ;
#90=FACE_OUTER_BOUND('',#85,.T.) ;
#130=FACE_OUTER_BOUND('',#125,.T.) ;
#147=FACE_OUTER_BOUND('',#142,.T.) ;
#187=FACE_OUTER_BOUND('',#182,.T.) ;
#204=FACE_OUTER_BOUND('',#199,.T.) ;
#235=FACE_OUTER_BOUND('',#230,.T.) ;
#247=FACE_OUTER_BOUND('',#242,.T.) ;
#286=FACE_OUTER_BOUND('',#280,.T.) ;
#306=FACE_OUTER_BOUND('',#300,.T.) ;
#338=FACE_OUTER_BOUND('',#332,.T.) ;
#378=FACE_OUTER_BOUND('',#373,.T.) ;
#395=FACE_OUTER_BOUND('',#390,.T.) ;
#419=FACE_OUTER_BOUND('',#416,.T.) ;
#438=FACE_OUTER_BOUND('',#435,.T.) ;
#450=FACE_OUTER_BOUND('',#444,.T.) ;
#481=FACE_OUTER_BOUND('',#476,.T.) ;
#493=FACE_OUTER_BOUND('',#488,.T.) ;
#503=FACE_OUTER_BOUND('',#500,.T.) ;
#596=FACE_OUTER_BOUND('',#591,.T.) ;
#608=FACE_OUTER_BOUND('',#603,.T.) ;
#639=FACE_OUTER_BOUND('',#634,.T.) ;
#651=FACE_OUTER_BOUND('',#646,.T.) ;
#682=FACE_OUTER_BOUND('',#677,.T.) ;
#694=FACE_OUTER_BOUND('',#689,.T.) ;
#704=FACE_OUTER_BOUND('',#701,.T.) ;
#761=FACE_OUTER_BOUND('',#758,.T.) ;
#3578=FACE_OUTER_BOUND('',#3575,.T.) ;
#3597=FACE_OUTER_BOUND('',#3594,.T.) ;
#3616=FACE_OUTER_BOUND('',#3613,.T.) ;
#3635=FACE_OUTER_BOUND('',#3632,.T.) ;
#3654=FACE_OUTER_BOUND('',#3651,.T.) ;
#3673=FACE_OUTER_BOUND('',#3670,.T.) ;
#3692=FACE_OUTER_BOUND('',#3689,.T.) ;
#3711=FACE_OUTER_BOUND('',#3708,.T.) ;
#4823=FACE_OUTER_BOUND('',#4684,.T.) ;
#4853=FACE_OUTER_BOUND('',#4848,.T.) ;
#4877=FACE_OUTER_BOUND('',#4872,.T.) ;
#4901=FACE_OUTER_BOUND('',#4896,.T.) ;
#4925=FACE_OUTER_BOUND('',#4920,.T.) ;
#4949=FACE_OUTER_BOUND('',#4944,.T.) ;
#4973=FACE_OUTER_BOUND('',#4968,.T.) ;
#4997=FACE_OUTER_BOUND('',#4992,.T.) ;
#5021=FACE_OUTER_BOUND('',#5016,.T.) ;
#5045=FACE_OUTER_BOUND('',#5040,.T.) ;
#5069=FACE_OUTER_BOUND('',#5064,.T.) ;
#5093=FACE_OUTER_BOUND('',#5088,.T.) ;
#5117=FACE_OUTER_BOUND('',#5112,.T.) ;
#5141=FACE_OUTER_BOUND('',#5136,.T.) ;
#5165=FACE_OUTER_BOUND('',#5160,.T.) ;
#5189=FACE_OUTER_BOUND('',#5184,.T.) ;
#5213=FACE_OUTER_BOUND('',#5208,.T.) ;
#5237=FACE_OUTER_BOUND('',#5232,.T.) ;
#5261=FACE_OUTER_BOUND('',#5256,.T.) ;
#5285=FACE_OUTER_BOUND('',#5280,.T.) ;
#5309=FACE_OUTER_BOUND('',#5304,.T.) ;
#5333=FACE_OUTER_BOUND('',#5328,.T.) ;
#5357=FACE_OUTER_BOUND('',#5352,.T.) ;
#5381=FACE_OUTER_BOUND('',#5376,.T.) ;
#5405=FACE_OUTER_BOUND('',#5400,.T.) ;
#5429=FACE_OUTER_BOUND('',#5424,.T.) ;
#5448=FACE_OUTER_BOUND('',#5443,.T.) ;
#5472=FACE_OUTER_BOUND('',#5467,.T.) ;
#5496=FACE_OUTER_BOUND('',#5491,.T.) ;
#5520=FACE_OUTER_BOUND('',#5515,.T.) ;
#5544=FACE_OUTER_BOUND('',#5539,.T.) ;
#5568=FACE_OUTER_BOUND('',#5563,.T.) ;
#5592=FACE_OUTER_BOUND('',#5587,.T.) ;
#5616=FACE_OUTER_BOUND('',#5611,.T.) ;
#5640=FACE_OUTER_BOUND('',#5635,.T.) ;
#5664=FACE_OUTER_BOUND('',#5659,.T.) ;
#5688=FACE_OUTER_BOUND('',#5683,.T.) ;
#5712=FACE_OUTER_BOUND('',#5707,.T.) ;
#5736=FACE_OUTER_BOUND('',#5731,.T.) ;
#5760=FACE_OUTER_BOUND('',#5755,.T.) ;
#5784=FACE_OUTER_BOUND('',#5779,.T.) ;
#5808=FACE_OUTER_BOUND('',#5803,.T.) ;
#5832=FACE_OUTER_BOUND('',#5827,.T.) ;
#5856=FACE_OUTER_BOUND('',#5851,.T.) ;
#5880=FACE_OUTER_BOUND('',#5875,.T.) ;
#5904=FACE_OUTER_BOUND('',#5899,.T.) ;
#5928=FACE_OUTER_BOUND('',#5923,.T.) ;
#5952=FACE_OUTER_BOUND('',#5947,.T.) ;
#5971=FACE_OUTER_BOUND('',#5966,.T.) ;
#5995=FACE_OUTER_BOUND('',#5990,.T.) ;
#6019=FACE_OUTER_BOUND('',#6014,.T.) ;
#6043=FACE_OUTER_BOUND('',#6038,.T.) ;
#6067=FACE_OUTER_BOUND('',#6062,.T.) ;
#6091=FACE_OUTER_BOUND('',#6086,.T.) ;
#6115=FACE_OUTER_BOUND('',#6110,.T.) ;
#6139=FACE_OUTER_BOUND('',#6134,.T.) ;
#6163=FACE_OUTER_BOUND('',#6158,.T.) ;
#6187=FACE_OUTER_BOUND('',#6182,.T.) ;
#6211=FACE_OUTER_BOUND('',#6206,.T.) ;
#6235=FACE_OUTER_BOUND('',#6230,.T.) ;
#6259=FACE_OUTER_BOUND('',#6254,.T.) ;
#6283=FACE_OUTER_BOUND('',#6278,.T.) ;
#6307=FACE_OUTER_BOUND('',#6302,.T.) ;
#6331=FACE_OUTER_BOUND('',#6326,.T.) ;
#6355=FACE_OUTER_BOUND('',#6350,.T.) ;
#6379=FACE_OUTER_BOUND('',#6374,.T.) ;
#6403=FACE_OUTER_BOUND('',#6398,.T.) ;
#6427=FACE_OUTER_BOUND('',#6422,.T.) ;
#6451=FACE_OUTER_BOUND('',#6446,.T.) ;
#6475=FACE_OUTER_BOUND('',#6470,.T.) ;
#6499=FACE_OUTER_BOUND('',#6494,.T.) ;
#6523=FACE_OUTER_BOUND('',#6518,.T.) ;
#6547=FACE_OUTER_BOUND('',#6542,.T.) ;
#6571=FACE_OUTER_BOUND('',#6566,.T.) ;
#6595=FACE_OUTER_BOUND('',#6590,.T.) ;
#6619=FACE_OUTER_BOUND('',#6614,.T.) ;
#6643=FACE_OUTER_BOUND('',#6638,.T.) ;
#6667=FACE_OUTER_BOUND('',#6662,.T.) ;
#6691=FACE_OUTER_BOUND('',#6686,.T.) ;
#6715=FACE_OUTER_BOUND('',#6710,.T.) ;
#6739=FACE_OUTER_BOUND('',#6734,.T.) ;
#6763=FACE_OUTER_BOUND('',#6758,.T.) ;
#6787=FACE_OUTER_BOUND('',#6782,.T.) ;
#6811=FACE_OUTER_BOUND('',#6806,.T.) ;
#6835=FACE_OUTER_BOUND('',#6830,.T.) ;
#6859=FACE_OUTER_BOUND('',#6854,.T.) ;
#6883=FACE_OUTER_BOUND('',#6878,.T.) ;
#6907=FACE_OUTER_BOUND('',#6902,.T.) ;
#6931=FACE_OUTER_BOUND('',#6926,.T.) ;
#6955=FACE_OUTER_BOUND('',#6950,.T.) ;
#6979=FACE_OUTER_BOUND('',#6974,.T.) ;
#7003=FACE_OUTER_BOUND('',#6998,.T.) ;
#7027=FACE_OUTER_BOUND('',#7022,.T.) ;
#7051=FACE_OUTER_BOUND('',#7046,.T.) ;
#7075=FACE_OUTER_BOUND('',#7070,.T.) ;
#7094=FACE_OUTER_BOUND('',#7089,.T.) ;
#7113=FACE_OUTER_BOUND('',#7108,.T.) ;
#7137=FACE_OUTER_BOUND('',#7132,.T.) ;
#7161=FACE_OUTER_BOUND('',#7156,.T.) ;
#7185=FACE_OUTER_BOUND('',#7180,.T.) ;
#7209=FACE_OUTER_BOUND('',#7204,.T.) ;
#7233=FACE_OUTER_BOUND('',#7228,.T.) ;
#7257=FACE_OUTER_BOUND('',#7252,.T.) ;
#7281=FACE_OUTER_BOUND('',#7276,.T.) ;
#7305=FACE_OUTER_BOUND('',#7300,.T.) ;
#7329=FACE_OUTER_BOUND('',#7324,.T.) ;
#7353=FACE_OUTER_BOUND('',#7348,.T.) ;
#7377=FACE_OUTER_BOUND('',#7372,.T.) ;
#7401=FACE_OUTER_BOUND('',#7396,.T.) ;
#7425=FACE_OUTER_BOUND('',#7420,.T.) ;
#7449=FACE_OUTER_BOUND('',#7444,.T.) ;
#7473=FACE_OUTER_BOUND('',#7468,.T.) ;
#7497=FACE_OUTER_BOUND('',#7492,.T.) ;
#7521=FACE_OUTER_BOUND('',#7516,.T.) ;
#7545=FACE_OUTER_BOUND('',#7540,.T.) ;
#7569=FACE_OUTER_BOUND('',#7564,.T.) ;
#7593=FACE_OUTER_BOUND('',#7588,.T.) ;
#7617=FACE_OUTER_BOUND('',#7612,.T.) ;
#7641=FACE_OUTER_BOUND('',#7636,.T.) ;
#7665=FACE_OUTER_BOUND('',#7660,.T.) ;
#7689=FACE_OUTER_BOUND('',#7684,.T.) ;
#7713=FACE_OUTER_BOUND('',#7708,.T.) ;
#7737=FACE_OUTER_BOUND('',#7732,.T.) ;
#7761=FACE_OUTER_BOUND('',#7756,.T.) ;
#7785=FACE_OUTER_BOUND('',#7780,.T.) ;
#7809=FACE_OUTER_BOUND('',#7804,.T.) ;
#7833=FACE_OUTER_BOUND('',#7828,.T.) ;
#7857=FACE_OUTER_BOUND('',#7852,.T.) ;
#7881=FACE_OUTER_BOUND('',#7876,.T.) ;
#7905=FACE_OUTER_BOUND('',#7900,.T.) ;
#7929=FACE_OUTER_BOUND('',#7924,.T.) ;
#7953=FACE_OUTER_BOUND('',#7948,.T.) ;
#7977=FACE_OUTER_BOUND('',#7972,.T.) ;
#8001=FACE_OUTER_BOUND('',#7996,.T.) ;
#8025=FACE_OUTER_BOUND('',#8020,.T.) ;
#8049=FACE_OUTER_BOUND('',#8044,.T.) ;
#8073=FACE_OUTER_BOUND('',#8068,.T.) ;
#8097=FACE_OUTER_BOUND('',#8092,.T.) ;
#8116=FACE_OUTER_BOUND('',#8111,.T.) ;
#9070=FACE_OUTER_BOUND('',#8951,.T.) ;
#9099=FACE_OUTER_BOUND('',#9094,.T.) ;
#9123=FACE_OUTER_BOUND('',#9118,.T.) ;
#9147=FACE_OUTER_BOUND('',#9142,.T.) ;
#9171=FACE_OUTER_BOUND('',#9166,.T.) ;
#9195=FACE_OUTER_BOUND('',#9190,.T.) ;
#9219=FACE_OUTER_BOUND('',#9214,.T.) ;
#9243=FACE_OUTER_BOUND('',#9238,.T.) ;
#9267=FACE_OUTER_BOUND('',#9262,.T.) ;
#9291=FACE_OUTER_BOUND('',#9286,.T.) ;
#9315=FACE_OUTER_BOUND('',#9310,.T.) ;
#9339=FACE_OUTER_BOUND('',#9334,.T.) ;
#9363=FACE_OUTER_BOUND('',#9358,.T.) ;
#9387=FACE_OUTER_BOUND('',#9382,.T.) ;
#9411=FACE_OUTER_BOUND('',#9406,.T.) ;
#9435=FACE_OUTER_BOUND('',#9430,.T.) ;
#9459=FACE_OUTER_BOUND('',#9454,.T.) ;
#9483=FACE_OUTER_BOUND('',#9478,.T.) ;
#9507=FACE_OUTER_BOUND('',#9502,.T.) ;
#9531=FACE_OUTER_BOUND('',#9526,.T.) ;
#9555=FACE_OUTER_BOUND('',#9550,.T.) ;
#9579=FACE_OUTER_BOUND('',#9574,.T.) ;
#9603=FACE_OUTER_BOUND('',#9598,.T.) ;
#9627=FACE_OUTER_BOUND('',#9622,.T.) ;
#9651=FACE_OUTER_BOUND('',#9646,.T.) ;
#9675=FACE_OUTER_BOUND('',#9670,.T.) ;
#9699=FACE_OUTER_BOUND('',#9694,.T.) ;
#9723=FACE_OUTER_BOUND('',#9718,.T.) ;
#9747=FACE_OUTER_BOUND('',#9742,.T.) ;
#9771=FACE_OUTER_BOUND('',#9766,.T.) ;
#9795=FACE_OUTER_BOUND('',#9790,.T.) ;
#9819=FACE_OUTER_BOUND('',#9814,.T.) ;
#9843=FACE_OUTER_BOUND('',#9838,.T.) ;
#9867=FACE_OUTER_BOUND('',#9862,.T.) ;
#9891=FACE_OUTER_BOUND('',#9886,.T.) ;
#9915=FACE_OUTER_BOUND('',#9910,.T.) ;
#9939=FACE_OUTER_BOUND('',#9934,.T.) ;
#9963=FACE_OUTER_BOUND('',#9958,.T.) ;
#9987=FACE_OUTER_BOUND('',#9982,.T.) ;
#10011=FACE_OUTER_BOUND('',#10006,.T.) ;
#10035=FACE_OUTER_BOUND('',#10030,.T.) ;
#10059=FACE_OUTER_BOUND('',#10054,.T.) ;
#10083=FACE_OUTER_BOUND('',#10078,.T.) ;
#10107=FACE_OUTER_BOUND('',#10102,.T.) ;
#10131=FACE_OUTER_BOUND('',#10126,.T.) ;
#10155=FACE_OUTER_BOUND('',#10150,.T.) ;
#10179=FACE_OUTER_BOUND('',#10174,.T.) ;
#10203=FACE_OUTER_BOUND('',#10198,.T.) ;
#10227=FACE_OUTER_BOUND('',#10222,.T.) ;
#10251=FACE_OUTER_BOUND('',#10246,.T.) ;
#10275=FACE_OUTER_BOUND('',#10270,.T.) ;
#10299=FACE_OUTER_BOUND('',#10294,.T.) ;
#10323=FACE_OUTER_BOUND('',#10318,.T.) ;
#10347=FACE_OUTER_BOUND('',#10342,.T.) ;
#10371=FACE_OUTER_BOUND('',#10366,.T.) ;
#10395=FACE_OUTER_BOUND('',#10390,.T.) ;
#10419=FACE_OUTER_BOUND('',#10414,.T.) ;
#10443=FACE_OUTER_BOUND('',#10438,.T.) ;
#10467=FACE_OUTER_BOUND('',#10462,.T.) ;
#10491=FACE_OUTER_BOUND('',#10486,.T.) ;
#10515=FACE_OUTER_BOUND('',#10510,.T.) ;
#10539=FACE_OUTER_BOUND('',#10534,.T.) ;
#10563=FACE_OUTER_BOUND('',#10558,.T.) ;
#10587=FACE_OUTER_BOUND('',#10582,.T.) ;
#10611=FACE_OUTER_BOUND('',#10606,.T.) ;
#10635=FACE_OUTER_BOUND('',#10630,.T.) ;
#10659=FACE_OUTER_BOUND('',#10654,.T.) ;
#10683=FACE_OUTER_BOUND('',#10678,.T.) ;
#10707=FACE_OUTER_BOUND('',#10702,.T.) ;
#10731=FACE_OUTER_BOUND('',#10726,.T.) ;
#10755=FACE_OUTER_BOUND('',#10750,.T.) ;
#10779=FACE_OUTER_BOUND('',#10774,.T.) ;
#10803=FACE_OUTER_BOUND('',#10798,.T.) ;
#10827=FACE_OUTER_BOUND('',#10822,.T.) ;
#10851=FACE_OUTER_BOUND('',#10846,.T.) ;
#10875=FACE_OUTER_BOUND('',#10870,.T.) ;
#10899=FACE_OUTER_BOUND('',#10894,.T.) ;
#10923=FACE_OUTER_BOUND('',#10918,.T.) ;
#10947=FACE_OUTER_BOUND('',#10942,.T.) ;
#10971=FACE_OUTER_BOUND('',#10966,.T.) ;
#10995=FACE_OUTER_BOUND('',#10990,.T.) ;
#11019=FACE_OUTER_BOUND('',#11014,.T.) ;
#11043=FACE_OUTER_BOUND('',#11038,.T.) ;
#11067=FACE_OUTER_BOUND('',#11062,.T.) ;
#11091=FACE_OUTER_BOUND('',#11086,.T.) ;
#11115=FACE_OUTER_BOUND('',#11110,.T.) ;
#11139=FACE_OUTER_BOUND('',#11134,.T.) ;
#11163=FACE_OUTER_BOUND('',#11158,.T.) ;
#11187=FACE_OUTER_BOUND('',#11182,.T.) ;
#11211=FACE_OUTER_BOUND('',#11206,.T.) ;
#11235=FACE_OUTER_BOUND('',#11230,.T.) ;
#11259=FACE_OUTER_BOUND('',#11254,.T.) ;
#11283=FACE_OUTER_BOUND('',#11278,.T.) ;
#11307=FACE_OUTER_BOUND('',#11302,.T.) ;
#11331=FACE_OUTER_BOUND('',#11326,.T.) ;
#11355=FACE_OUTER_BOUND('',#11350,.T.) ;
#11379=FACE_OUTER_BOUND('',#11374,.T.) ;
#11403=FACE_OUTER_BOUND('',#11398,.T.) ;
#11427=FACE_OUTER_BOUND('',#11422,.T.) ;
#11451=FACE_OUTER_BOUND('',#11446,.T.) ;
#11475=FACE_OUTER_BOUND('',#11470,.T.) ;
#11499=FACE_OUTER_BOUND('',#11494,.T.) ;
#11523=FACE_OUTER_BOUND('',#11518,.T.) ;
#11547=FACE_OUTER_BOUND('',#11542,.T.) ;
#11571=FACE_OUTER_BOUND('',#11566,.T.) ;
#11595=FACE_OUTER_BOUND('',#11590,.T.) ;
#11619=FACE_OUTER_BOUND('',#11614,.T.) ;
#11643=FACE_OUTER_BOUND('',#11638,.T.) ;
#11667=FACE_OUTER_BOUND('',#11662,.T.) ;
#11691=FACE_OUTER_BOUND('',#11686,.T.) ;
#11715=FACE_OUTER_BOUND('',#11710,.T.) ;
#11739=FACE_OUTER_BOUND('',#11734,.T.) ;
#11763=FACE_OUTER_BOUND('',#11758,.T.) ;
#11787=FACE_OUTER_BOUND('',#11782,.T.) ;
#11811=FACE_OUTER_BOUND('',#11806,.T.) ;
#11835=FACE_OUTER_BOUND('',#11830,.T.) ;
#11859=FACE_OUTER_BOUND('',#11854,.T.) ;
#11883=FACE_OUTER_BOUND('',#11878,.T.) ;
#11902=FACE_OUTER_BOUND('',#11897,.T.) ;
#11944=FACE_OUTER_BOUND('',#11939,.T.) ;
#11973=FACE_OUTER_BOUND('',#11968,.T.) ;
#11997=FACE_OUTER_BOUND('',#11992,.T.) ;
#12021=FACE_OUTER_BOUND('',#12016,.T.) ;
#12040=FACE_OUTER_BOUND('',#12035,.T.) ;
#12226=FACE_OUTER_BOUND('',#12203,.T.) ;
#12255=FACE_OUTER_BOUND('',#12250,.T.) ;
#12279=FACE_OUTER_BOUND('',#12274,.T.) ;
#12303=FACE_OUTER_BOUND('',#12298,.T.) ;
#12327=FACE_OUTER_BOUND('',#12322,.T.) ;
#12351=FACE_OUTER_BOUND('',#12346,.T.) ;
#12375=FACE_OUTER_BOUND('',#12370,.T.) ;
#12399=FACE_OUTER_BOUND('',#12394,.T.) ;
#12423=FACE_OUTER_BOUND('',#12418,.T.) ;
#12447=FACE_OUTER_BOUND('',#12442,.T.) ;
#12471=FACE_OUTER_BOUND('',#12466,.T.) ;
#12495=FACE_OUTER_BOUND('',#12490,.T.) ;
#12519=FACE_OUTER_BOUND('',#12514,.T.) ;
#12543=FACE_OUTER_BOUND('',#12538,.T.) ;
#12567=FACE_OUTER_BOUND('',#12562,.T.) ;
#12591=FACE_OUTER_BOUND('',#12586,.T.) ;
#12615=FACE_OUTER_BOUND('',#12610,.T.) ;
#12639=FACE_OUTER_BOUND('',#12634,.T.) ;
#12663=FACE_OUTER_BOUND('',#12658,.T.) ;
#12687=FACE_OUTER_BOUND('',#12682,.T.) ;
#12711=FACE_OUTER_BOUND('',#12706,.T.) ;
#12735=FACE_OUTER_BOUND('',#12730,.T.) ;
#12754=FACE_OUTER_BOUND('',#12749,.T.) ;
#12940=FACE_OUTER_BOUND('',#12917,.T.) ;
#12969=FACE_OUTER_BOUND('',#12964,.T.) ;
#12993=FACE_OUTER_BOUND('',#12988,.T.) ;
#13017=FACE_OUTER_BOUND('',#13012,.T.) ;
#13041=FACE_OUTER_BOUND('',#13036,.T.) ;
#13065=FACE_OUTER_BOUND('',#13060,.T.) ;
#13089=FACE_OUTER_BOUND('',#13084,.T.) ;
#13113=FACE_OUTER_BOUND('',#13108,.T.) ;
#13137=FACE_OUTER_BOUND('',#13132,.T.) ;
#13161=FACE_OUTER_BOUND('',#13156,.T.) ;
#13185=FACE_OUTER_BOUND('',#13180,.T.) ;
#13209=FACE_OUTER_BOUND('',#13204,.T.) ;
#13233=FACE_OUTER_BOUND('',#13228,.T.) ;
#13257=FACE_OUTER_BOUND('',#13252,.T.) ;
#13281=FACE_OUTER_BOUND('',#13276,.T.) ;
#13305=FACE_OUTER_BOUND('',#13300,.T.) ;
#13329=FACE_OUTER_BOUND('',#13324,.T.) ;
#13353=FACE_OUTER_BOUND('',#13348,.T.) ;
#13377=FACE_OUTER_BOUND('',#13372,.T.) ;
#13401=FACE_OUTER_BOUND('',#13396,.T.) ;
#13425=FACE_OUTER_BOUND('',#13420,.T.) ;
#13449=FACE_OUTER_BOUND('',#13444,.T.) ;
#13468=FACE_OUTER_BOUND('',#13463,.T.) ;
#13750=FACE_OUTER_BOUND('',#13715,.T.) ;
#13779=FACE_OUTER_BOUND('',#13774,.T.) ;
#13803=FACE_OUTER_BOUND('',#13798,.T.) ;
#13827=FACE_OUTER_BOUND('',#13822,.T.) ;
#13851=FACE_OUTER_BOUND('',#13846,.T.) ;
#13875=FACE_OUTER_BOUND('',#13870,.T.) ;
#13899=FACE_OUTER_BOUND('',#13894,.T.) ;
#13923=FACE_OUTER_BOUND('',#13918,.T.) ;
#13947=FACE_OUTER_BOUND('',#13942,.T.) ;
#13971=FACE_OUTER_BOUND('',#13966,.T.) ;
#13995=FACE_OUTER_BOUND('',#13990,.T.) ;
#14019=FACE_OUTER_BOUND('',#14014,.T.) ;
#14043=FACE_OUTER_BOUND('',#14038,.T.) ;
#14067=FACE_OUTER_BOUND('',#14062,.T.) ;
#14091=FACE_OUTER_BOUND('',#14086,.T.) ;
#14115=FACE_OUTER_BOUND('',#14110,.T.) ;
#14139=FACE_OUTER_BOUND('',#14134,.T.) ;
#14163=FACE_OUTER_BOUND('',#14158,.T.) ;
#14187=FACE_OUTER_BOUND('',#14182,.T.) ;
#14211=FACE_OUTER_BOUND('',#14206,.T.) ;
#14235=FACE_OUTER_BOUND('',#14230,.T.) ;
#14259=FACE_OUTER_BOUND('',#14254,.T.) ;
#14283=FACE_OUTER_BOUND('',#14278,.T.) ;
#14307=FACE_OUTER_BOUND('',#14302,.T.) ;
#14331=FACE_OUTER_BOUND('',#14326,.T.) ;
#14355=FACE_OUTER_BOUND('',#14350,.T.) ;
#14379=FACE_OUTER_BOUND('',#14374,.T.) ;
#14403=FACE_OUTER_BOUND('',#14398,.T.) ;
#14427=FACE_OUTER_BOUND('',#14422,.T.) ;
#14451=FACE_OUTER_BOUND('',#14446,.T.) ;
#14475=FACE_OUTER_BOUND('',#14470,.T.) ;
#14499=FACE_OUTER_BOUND('',#14494,.T.) ;
#14523=FACE_OUTER_BOUND('',#14518,.T.) ;
#14547=FACE_OUTER_BOUND('',#14542,.T.) ;
#14566=FACE_OUTER_BOUND('',#14561,.T.) ;
#14656=FACE_OUTER_BOUND('',#14645,.T.) ;
#14685=FACE_OUTER_BOUND('',#14680,.T.) ;
#14709=FACE_OUTER_BOUND('',#14704,.T.) ;
#14728=FACE_OUTER_BOUND('',#14723,.T.) ;
#14752=FACE_OUTER_BOUND('',#14747,.T.) ;
#14771=FACE_OUTER_BOUND('',#14766,.T.) ;
#14795=FACE_OUTER_BOUND('',#14790,.T.) ;
#14814=FACE_OUTER_BOUND('',#14809,.T.) ;
#14838=FACE_OUTER_BOUND('',#14833,.T.) ;
#14857=FACE_OUTER_BOUND('',#14852,.T.) ;
#14876=FACE_OUTER_BOUND('',#14871,.T.) ;
#14902=FACE_OUTER_BOUND('',#14899,.T.) ;
#15093=FACE_OUTER_BOUND('',#15088,.T.) ;
#15107=FACE_OUTER_BOUND('',#15102,.T.) ;
#15136=FACE_OUTER_BOUND('',#15131,.T.) ;
#15150=FACE_OUTER_BOUND('',#15145,.T.) ;
#15179=FACE_OUTER_BOUND('',#15174,.T.) ;
#15193=FACE_OUTER_BOUND('',#15188,.T.) ;
#15222=FACE_OUTER_BOUND('',#15217,.T.) ;
#15236=FACE_OUTER_BOUND('',#15231,.T.) ;
#15265=FACE_OUTER_BOUND('',#15260,.T.) ;
#15279=FACE_OUTER_BOUND('',#15274,.T.) ;
#15308=FACE_OUTER_BOUND('',#15303,.T.) ;
#15322=FACE_OUTER_BOUND('',#15317,.T.) ;
#15351=FACE_OUTER_BOUND('',#15346,.T.) ;
#15365=FACE_OUTER_BOUND('',#15360,.T.) ;
#15394=FACE_OUTER_BOUND('',#15389,.T.) ;
#15408=FACE_OUTER_BOUND('',#15403,.T.) ;
#15437=FACE_OUTER_BOUND('',#15432,.T.) ;
#15451=FACE_OUTER_BOUND('',#15446,.T.) ;
#15480=FACE_OUTER_BOUND('',#15475,.T.) ;
#15494=FACE_OUTER_BOUND('',#15489,.T.) ;
#16=LENGTH_MEASURE_WITH_UNIT(LENGTH_MEASURE(25.4),#12) ;
#43=LINE('Line',#40,#42) ;
#59=LINE('Line',#56,#58) ;
#109=LINE('Line',#106,#108) ;
#123=LINE('Line',#120,#122) ;
#214=LINE('Line',#211,#213) ;
#228=LINE('Line',#225,#227) ;
#257=LINE('Line',#254,#256) ;
#264=LINE('Line',#261,#263) ;
#316=LINE('Line',#313,#315) ;
#330=LINE('Line',#327,#329) ;
#357=LINE('Line',#354,#356) ;
#371=LINE('Line',#368,#370) ;
#460=LINE('Line',#457,#459) ;
#474=LINE('Line',#471,#473) ;
#575=LINE('Line',#572,#574) ;
#582=LINE('Line',#579,#581) ;
#618=LINE('Line',#615,#617) ;
#625=LINE('Line',#622,#624) ;
#661=LINE('Line',#658,#660) ;
#668=LINE('Line',#665,#667) ;
#765=LINE('Line',#762,#764) ;
#774=LINE('Line',#771,#773) ;
#781=LINE('Line',#778,#780) ;
#788=LINE('Line',#785,#787) ;
#795=LINE('Line',#792,#794) ;
#802=LINE('Line',#799,#801) ;
#809=LINE('Line',#806,#808) ;
#816=LINE('Line',#813,#815) ;
#823=LINE('Line',#820,#822) ;
#830=LINE('Line',#827,#829) ;
#837=LINE('Line',#834,#836) ;
#844=LINE('Line',#841,#843) ;
#851=LINE('Line',#848,#850) ;
#858=LINE('Line',#855,#857) ;
#865=LINE('Line',#862,#864) ;
#872=LINE('Line',#869,#871) ;
#879=LINE('Line',#876,#878) ;
#886=LINE('Line',#883,#885) ;
#893=LINE('Line',#890,#892) ;
#900=LINE('Line',#897,#899) ;
#907=LINE('Line',#904,#906) ;
#914=LINE('Line',#911,#913) ;
#921=LINE('Line',#918,#920) ;
#928=LINE('Line',#925,#927) ;
#935=LINE('Line',#932,#934) ;
#942=LINE('Line',#939,#941) ;
#949=LINE('Line',#946,#948) ;
#956=LINE('Line',#953,#955) ;
#963=LINE('Line',#960,#962) ;
#970=LINE('Line',#967,#969) ;
#977=LINE('Line',#974,#976) ;
#984=LINE('Line',#981,#983) ;
#991=LINE('Line',#988,#990) ;
#998=LINE('Line',#995,#997) ;
#1005=LINE('Line',#1002,#1004) ;
#1012=LINE('Line',#1009,#1011) ;
#1019=LINE('Line',#1016,#1018) ;
#1026=LINE('Line',#1023,#1025) ;
#1033=LINE('Line',#1030,#1032) ;
#1040=LINE('Line',#1037,#1039) ;
#1047=LINE('Line',#1044,#1046) ;
#1054=LINE('Line',#1051,#1053) ;
#1061=LINE('Line',#1058,#1060) ;
#1068=LINE('Line',#1065,#1067) ;
#1075=LINE('Line',#1072,#1074) ;
#1082=LINE('Line',#1079,#1081) ;
#1089=LINE('Line',#1086,#1088) ;
#1096=LINE('Line',#1093,#1095) ;
#1103=LINE('Line',#1100,#1102) ;
#1110=LINE('Line',#1107,#1109) ;
#1117=LINE('Line',#1114,#1116) ;
#1124=LINE('Line',#1121,#1123) ;
#1131=LINE('Line',#1128,#1130) ;
#1138=LINE('Line',#1135,#1137) ;
#1145=LINE('Line',#1142,#1144) ;
#1152=LINE('Line',#1149,#1151) ;
#1159=LINE('Line',#1156,#1158) ;
#1166=LINE('Line',#1163,#1165) ;
#1173=LINE('Line',#1170,#1172) ;
#1180=LINE('Line',#1177,#1179) ;
#1187=LINE('Line',#1184,#1186) ;
#1194=LINE('Line',#1191,#1193) ;
#1201=LINE('Line',#1198,#1200) ;
#1208=LINE('Line',#1205,#1207) ;
#1215=LINE('Line',#1212,#1214) ;
#1222=LINE('Line',#1219,#1221) ;
#1229=LINE('Line',#1226,#1228) ;
#1236=LINE('Line',#1233,#1235) ;
#1243=LINE('Line',#1240,#1242) ;
#1250=LINE('Line',#1247,#1249) ;
#1257=LINE('Line',#1254,#1256) ;
#1264=LINE('Line',#1261,#1263) ;
#1271=LINE('Line',#1268,#1270) ;
#1278=LINE('Line',#1275,#1277) ;
#1285=LINE('Line',#1282,#1284) ;
#1292=LINE('Line',#1289,#1291) ;
#1299=LINE('Line',#1296,#1298) ;
#1306=LINE('Line',#1303,#1305) ;
#1313=LINE('Line',#1310,#1312) ;
#1320=LINE('Line',#1317,#1319) ;
#1327=LINE('Line',#1324,#1326) ;
#1334=LINE('Line',#1331,#1333) ;
#1341=LINE('Line',#1338,#1340) ;
#1348=LINE('Line',#1345,#1347) ;
#1355=LINE('Line',#1352,#1354) ;
#1362=LINE('Line',#1359,#1361) ;
#1369=LINE('Line',#1366,#1368) ;
#1376=LINE('Line',#1373,#1375) ;
#1383=LINE('Line',#1380,#1382) ;
#1390=LINE('Line',#1387,#1389) ;
#1397=LINE('Line',#1394,#1396) ;
#1404=LINE('Line',#1401,#1403) ;
#1411=LINE('Line',#1408,#1410) ;
#1418=LINE('Line',#1415,#1417) ;
#1425=LINE('Line',#1422,#1424) ;
#1432=LINE('Line',#1429,#1431) ;
#1439=LINE('Line',#1436,#1438) ;
#1446=LINE('Line',#1443,#1445) ;
#1453=LINE('Line',#1450,#1452) ;
#1460=LINE('Line',#1457,#1459) ;
#1467=LINE('Line',#1464,#1466) ;
#1474=LINE('Line',#1471,#1473) ;
#1481=LINE('Line',#1478,#1480) ;
#1488=LINE('Line',#1485,#1487) ;
#1495=LINE('Line',#1492,#1494) ;
#1502=LINE('Line',#1499,#1501) ;
#1509=LINE('Line',#1506,#1508) ;
#1516=LINE('Line',#1513,#1515) ;
#1523=LINE('Line',#1520,#1522) ;
#1530=LINE('Line',#1527,#1529) ;
#1537=LINE('Line',#1534,#1536) ;
#1544=LINE('Line',#1541,#1543) ;
#1551=LINE('Line',#1548,#1550) ;
#1558=LINE('Line',#1555,#1557) ;
#1565=LINE('Line',#1562,#1564) ;
#1572=LINE('Line',#1569,#1571) ;
#1579=LINE('Line',#1576,#1578) ;
#1586=LINE('Line',#1583,#1585) ;
#1711=LINE('Line',#1708,#1710) ;
#1720=LINE('Line',#1717,#1719) ;
#1727=LINE('Line',#1724,#1726) ;
#1734=LINE('Line',#1731,#1733) ;
#1741=LINE('Line',#1738,#1740) ;
#1748=LINE('Line',#1745,#1747) ;
#1755=LINE('Line',#1752,#1754) ;
#1762=LINE('Line',#1759,#1761) ;
#1769=LINE('Line',#1766,#1768) ;
#1776=LINE('Line',#1773,#1775) ;
#1783=LINE('Line',#1780,#1782) ;
#1790=LINE('Line',#1787,#1789) ;
#1797=LINE('Line',#1794,#1796) ;
#1804=LINE('Line',#1801,#1803) ;
#1811=LINE('Line',#1808,#1810) ;
#1818=LINE('Line',#1815,#1817) ;
#1825=LINE('Line',#1822,#1824) ;
#1832=LINE('Line',#1829,#1831) ;
#1839=LINE('Line',#1836,#1838) ;
#1846=LINE('Line',#1843,#1845) ;
#1853=LINE('Line',#1850,#1852) ;
#1860=LINE('Line',#1857,#1859) ;
#1889=LINE('Line',#1886,#1888) ;
#1898=LINE('Line',#1895,#1897) ;
#1905=LINE('Line',#1902,#1904) ;
#1912=LINE('Line',#1909,#1911) ;
#1919=LINE('Line',#1916,#1918) ;
#1926=LINE('Line',#1923,#1925) ;
#1933=LINE('Line',#1930,#1932) ;
#1940=LINE('Line',#1937,#1939) ;
#1947=LINE('Line',#1944,#1946) ;
#1954=LINE('Line',#1951,#1953) ;
#1961=LINE('Line',#1958,#1960) ;
#1968=LINE('Line',#1965,#1967) ;
#1975=LINE('Line',#1972,#1974) ;
#1982=LINE('Line',#1979,#1981) ;
#1989=LINE('Line',#1986,#1988) ;
#1996=LINE('Line',#1993,#1995) ;
#2003=LINE('Line',#2000,#2002) ;
#2010=LINE('Line',#2007,#2009) ;
#2017=LINE('Line',#2014,#2016) ;
#2024=LINE('Line',#2021,#2023) ;
#2031=LINE('Line',#2028,#2030) ;
#2038=LINE('Line',#2035,#2037) ;
#2045=LINE('Line',#2042,#2044) ;
#2052=LINE('Line',#2049,#2051) ;
#2059=LINE('Line',#2056,#2058) ;
#2066=LINE('Line',#2063,#2065) ;
#2073=LINE('Line',#2070,#2072) ;
#2080=LINE('Line',#2077,#2079) ;
#2087=LINE('Line',#2084,#2086) ;
#2094=LINE('Line',#2091,#2093) ;
#2101=LINE('Line',#2098,#2100) ;
#2108=LINE('Line',#2105,#2107) ;
#2115=LINE('Line',#2112,#2114) ;
#2122=LINE('Line',#2119,#2121) ;
#2163=LINE('Line',#2160,#2162) ;
#2172=LINE('Line',#2169,#2171) ;
#2179=LINE('Line',#2176,#2178) ;
#2186=LINE('Line',#2183,#2185) ;
#2193=LINE('Line',#2190,#2192) ;
#2200=LINE('Line',#2197,#2199) ;
#2207=LINE('Line',#2204,#2206) ;
#2214=LINE('Line',#2211,#2213) ;
#2221=LINE('Line',#2218,#2220) ;
#2228=LINE('Line',#2225,#2227) ;
#2235=LINE('Line',#2232,#2234) ;
#2242=LINE('Line',#2239,#2241) ;
#2249=LINE('Line',#2246,#2248) ;
#2256=LINE('Line',#2253,#2255) ;
#2263=LINE('Line',#2260,#2262) ;
#2270=LINE('Line',#2267,#2269) ;
#2277=LINE('Line',#2274,#2276) ;
#2284=LINE('Line',#2281,#2283) ;
#2291=LINE('Line',#2288,#2290) ;
#2298=LINE('Line',#2295,#2297) ;
#2305=LINE('Line',#2302,#2304) ;
#2312=LINE('Line',#2309,#2311) ;
#2319=LINE('Line',#2316,#2318) ;
#2326=LINE('Line',#2323,#2325) ;
#2333=LINE('Line',#2330,#2332) ;
#2340=LINE('Line',#2337,#2339) ;
#2347=LINE('Line',#2344,#2346) ;
#2354=LINE('Line',#2351,#2353) ;
#2361=LINE('Line',#2358,#2360) ;
#2368=LINE('Line',#2365,#2367) ;
#2375=LINE('Line',#2372,#2374) ;
#2382=LINE('Line',#2379,#2381) ;
#2389=LINE('Line',#2386,#2388) ;
#2396=LINE('Line',#2393,#2395) ;
#2403=LINE('Line',#2400,#2402) ;
#2410=LINE('Line',#2407,#2409) ;
#2417=LINE('Line',#2414,#2416) ;
#2424=LINE('Line',#2421,#2423) ;
#2431=LINE('Line',#2428,#2430) ;
#2438=LINE('Line',#2435,#2437) ;
#2445=LINE('Line',#2442,#2444) ;
#2452=LINE('Line',#2449,#2451) ;
#2459=LINE('Line',#2456,#2458) ;
#2466=LINE('Line',#2463,#2465) ;
#2473=LINE('Line',#2470,#2472) ;
#2480=LINE('Line',#2477,#2479) ;
#2487=LINE('Line',#2484,#2486) ;
#2494=LINE('Line',#2491,#2493) ;
#2501=LINE('Line',#2498,#2500) ;
#2508=LINE('Line',#2505,#2507) ;
#2515=LINE('Line',#2512,#2514) ;
#2522=LINE('Line',#2519,#2521) ;
#2529=LINE('Line',#2526,#2528) ;
#2536=LINE('Line',#2533,#2535) ;
#2543=LINE('Line',#2540,#2542) ;
#2550=LINE('Line',#2547,#2549) ;
#2557=LINE('Line',#2554,#2556) ;
#2564=LINE('Line',#2561,#2563) ;
#2571=LINE('Line',#2568,#2570) ;
#2578=LINE('Line',#2575,#2577) ;
#2585=LINE('Line',#2582,#2584) ;
#2592=LINE('Line',#2589,#2591) ;
#2599=LINE('Line',#2596,#2598) ;
#2606=LINE('Line',#2603,#2605) ;
#2613=LINE('Line',#2610,#2612) ;
#2620=LINE('Line',#2617,#2619) ;
#2627=LINE('Line',#2624,#2626) ;
#2634=LINE('Line',#2631,#2633) ;
#2641=LINE('Line',#2638,#2640) ;
#2648=LINE('Line',#2645,#2647) ;
#2655=LINE('Line',#2652,#2654) ;
#2662=LINE('Line',#2659,#2661) ;
#2669=LINE('Line',#2666,#2668) ;
#2676=LINE('Line',#2673,#2675) ;
#2683=LINE('Line',#2680,#2682) ;
#2690=LINE('Line',#2687,#2689) ;
#2697=LINE('Line',#2694,#2696) ;
#2704=LINE('Line',#2701,#2703) ;
#2711=LINE('Line',#2708,#2710) ;
#2718=LINE('Line',#2715,#2717) ;
#2725=LINE('Line',#2722,#2724) ;
#2732=LINE('Line',#2729,#2731) ;
#2739=LINE('Line',#2736,#2738) ;
#2746=LINE('Line',#2743,#2745) ;
#2753=LINE('Line',#2750,#2752) ;
#2760=LINE('Line',#2757,#2759) ;
#2767=LINE('Line',#2764,#2766) ;
#2774=LINE('Line',#2771,#2773) ;
#2781=LINE('Line',#2778,#2780) ;
#2788=LINE('Line',#2785,#2787) ;
#2795=LINE('Line',#2792,#2794) ;
#2802=LINE('Line',#2799,#2801) ;
#2809=LINE('Line',#2806,#2808) ;
#2816=LINE('Line',#2813,#2815) ;
#2823=LINE('Line',#2820,#2822) ;
#2830=LINE('Line',#2827,#2829) ;
#2837=LINE('Line',#2834,#2836) ;
#2844=LINE('Line',#2841,#2843) ;
#2851=LINE('Line',#2848,#2850) ;
#2858=LINE('Line',#2855,#2857) ;
#2865=LINE('Line',#2862,#2864) ;
#2872=LINE('Line',#2869,#2871) ;
#2879=LINE('Line',#2876,#2878) ;
#2886=LINE('Line',#2883,#2885) ;
#2893=LINE('Line',#2890,#2892) ;
#2900=LINE('Line',#2897,#2899) ;
#2907=LINE('Line',#2904,#2906) ;
#2914=LINE('Line',#2911,#2913) ;
#2921=LINE('Line',#2918,#2920) ;
#2928=LINE('Line',#2925,#2927) ;
#2935=LINE('Line',#2932,#2934) ;
#2942=LINE('Line',#2939,#2941) ;
#2949=LINE('Line',#2946,#2948) ;
#2956=LINE('Line',#2953,#2955) ;
#2963=LINE('Line',#2960,#2962) ;
#2970=LINE('Line',#2967,#2969) ;
#2977=LINE('Line',#2974,#2976) ;
#2984=LINE('Line',#2981,#2983) ;
#2991=LINE('Line',#2988,#2990) ;
#2998=LINE('Line',#2995,#2997) ;
#3005=LINE('Line',#3002,#3004) ;
#3012=LINE('Line',#3009,#3011) ;
#3019=LINE('Line',#3016,#3018) ;
#3026=LINE('Line',#3023,#3025) ;
#3033=LINE('Line',#3030,#3032) ;
#3040=LINE('Line',#3037,#3039) ;
#3047=LINE('Line',#3044,#3046) ;
#3054=LINE('Line',#3051,#3053) ;
#3061=LINE('Line',#3058,#3060) ;
#3068=LINE('Line',#3065,#3067) ;
#3075=LINE('Line',#3072,#3074) ;
#3082=LINE('Line',#3079,#3081) ;
#3089=LINE('Line',#3086,#3088) ;
#3096=LINE('Line',#3093,#3095) ;
#3103=LINE('Line',#3100,#3102) ;
#3110=LINE('Line',#3107,#3109) ;
#3117=LINE('Line',#3114,#3116) ;
#3124=LINE('Line',#3121,#3123) ;
#3269=LINE('Line',#3266,#3268) ;
#3278=LINE('Line',#3275,#3277) ;
#3285=LINE('Line',#3282,#3284) ;
#3292=LINE('Line',#3289,#3291) ;
#3299=LINE('Line',#3296,#3298) ;
#3306=LINE('Line',#3303,#3305) ;
#3313=LINE('Line',#3310,#3312) ;
#3320=LINE('Line',#3317,#3319) ;
#3327=LINE('Line',#3324,#3326) ;
#3334=LINE('Line',#3331,#3333) ;
#3341=LINE('Line',#3338,#3340) ;
#3348=LINE('Line',#3345,#3347) ;
#3355=LINE('Line',#3352,#3354) ;
#3362=LINE('Line',#3359,#3361) ;
#3369=LINE('Line',#3366,#3368) ;
#3376=LINE('Line',#3373,#3375) ;
#3383=LINE('Line',#3380,#3382) ;
#3390=LINE('Line',#3387,#3389) ;
#3397=LINE('Line',#3394,#3396) ;
#3404=LINE('Line',#3401,#3403) ;
#3411=LINE('Line',#3408,#3410) ;
#3418=LINE('Line',#3415,#3417) ;
#3447=LINE('Line',#3444,#3446) ;
#3456=LINE('Line',#3453,#3455) ;
#3463=LINE('Line',#3460,#3462) ;
#3470=LINE('Line',#3467,#3469) ;
#3481=LINE('Line',#3478,#3480) ;
#3490=LINE('Line',#3487,#3489) ;
#3497=LINE('Line',#3494,#3496) ;
#3504=LINE('Line',#3501,#3503) ;
#3511=LINE('Line',#3508,#3510) ;
#3518=LINE('Line',#3515,#3517) ;
#3525=LINE('Line',#3522,#3524) ;
#3532=LINE('Line',#3529,#3531) ;
#3539=LINE('Line',#3536,#3538) ;
#3546=LINE('Line',#3543,#3545) ;
#3721=LINE('Line',#3718,#3720) ;
#3730=LINE('Line',#3727,#3729) ;
#3737=LINE('Line',#3734,#3736) ;
#3744=LINE('Line',#3741,#3743) ;
#3751=LINE('Line',#3748,#3750) ;
#3758=LINE('Line',#3755,#3757) ;
#3765=LINE('Line',#3762,#3764) ;
#3772=LINE('Line',#3769,#3771) ;
#3779=LINE('Line',#3776,#3778) ;
#3786=LINE('Line',#3783,#3785) ;
#3793=LINE('Line',#3790,#3792) ;
#3800=LINE('Line',#3797,#3799) ;
#3807=LINE('Line',#3804,#3806) ;
#3814=LINE('Line',#3811,#3813) ;
#3821=LINE('Line',#3818,#3820) ;
#3828=LINE('Line',#3825,#3827) ;
#3835=LINE('Line',#3832,#3834) ;
#3842=LINE('Line',#3839,#3841) ;
#3849=LINE('Line',#3846,#3848) ;
#3856=LINE('Line',#3853,#3855) ;
#3863=LINE('Line',#3860,#3862) ;
#3870=LINE('Line',#3867,#3869) ;
#3877=LINE('Line',#3874,#3876) ;
#3884=LINE('Line',#3881,#3883) ;
#3891=LINE('Line',#3888,#3890) ;
#3898=LINE('Line',#3895,#3897) ;
#3905=LINE('Line',#3902,#3904) ;
#3912=LINE('Line',#3909,#3911) ;
#3919=LINE('Line',#3916,#3918) ;
#3926=LINE('Line',#3923,#3925) ;
#3933=LINE('Line',#3930,#3932) ;
#3940=LINE('Line',#3937,#3939) ;
#3947=LINE('Line',#3944,#3946) ;
#3954=LINE('Line',#3951,#3953) ;
#3961=LINE('Line',#3958,#3960) ;
#3968=LINE('Line',#3965,#3967) ;
#3975=LINE('Line',#3972,#3974) ;
#3982=LINE('Line',#3979,#3981) ;
#3989=LINE('Line',#3986,#3988) ;
#3996=LINE('Line',#3993,#3995) ;
#4003=LINE('Line',#4000,#4002) ;
#4010=LINE('Line',#4007,#4009) ;
#4017=LINE('Line',#4014,#4016) ;
#4024=LINE('Line',#4021,#4023) ;
#4031=LINE('Line',#4028,#4030) ;
#4038=LINE('Line',#4035,#4037) ;
#4045=LINE('Line',#4042,#4044) ;
#4052=LINE('Line',#4049,#4051) ;
#4059=LINE('Line',#4056,#4058) ;
#4066=LINE('Line',#4063,#4065) ;
#4073=LINE('Line',#4070,#4072) ;
#4080=LINE('Line',#4077,#4079) ;
#4087=LINE('Line',#4084,#4086) ;
#4094=LINE('Line',#4091,#4093) ;
#4101=LINE('Line',#4098,#4100) ;
#4108=LINE('Line',#4105,#4107) ;
#4115=LINE('Line',#4112,#4114) ;
#4122=LINE('Line',#4119,#4121) ;
#4129=LINE('Line',#4126,#4128) ;
#4136=LINE('Line',#4133,#4135) ;
#4143=LINE('Line',#4140,#4142) ;
#4150=LINE('Line',#4147,#4149) ;
#4157=LINE('Line',#4154,#4156) ;
#4164=LINE('Line',#4161,#4163) ;
#4171=LINE('Line',#4168,#4170) ;
#4178=LINE('Line',#4175,#4177) ;
#4185=LINE('Line',#4182,#4184) ;
#4192=LINE('Line',#4189,#4191) ;
#4199=LINE('Line',#4196,#4198) ;
#4206=LINE('Line',#4203,#4205) ;
#4213=LINE('Line',#4210,#4212) ;
#4220=LINE('Line',#4217,#4219) ;
#4227=LINE('Line',#4224,#4226) ;
#4234=LINE('Line',#4231,#4233) ;
#4241=LINE('Line',#4238,#4240) ;
#4248=LINE('Line',#4245,#4247) ;
#4255=LINE('Line',#4252,#4254) ;
#4262=LINE('Line',#4259,#4261) ;
#4269=LINE('Line',#4266,#4268) ;
#4276=LINE('Line',#4273,#4275) ;
#4283=LINE('Line',#4280,#4282) ;
#4290=LINE('Line',#4287,#4289) ;
#4297=LINE('Line',#4294,#4296) ;
#4304=LINE('Line',#4301,#4303) ;
#4311=LINE('Line',#4308,#4310) ;
#4318=LINE('Line',#4315,#4317) ;
#4325=LINE('Line',#4322,#4324) ;
#4332=LINE('Line',#4329,#4331) ;
#4339=LINE('Line',#4336,#4338) ;
#4346=LINE('Line',#4343,#4345) ;
#4353=LINE('Line',#4350,#4352) ;
#4360=LINE('Line',#4357,#4359) ;
#4367=LINE('Line',#4364,#4366) ;
#4374=LINE('Line',#4371,#4373) ;
#4381=LINE('Line',#4378,#4380) ;
#4388=LINE('Line',#4385,#4387) ;
#4395=LINE('Line',#4392,#4394) ;
#4402=LINE('Line',#4399,#4401) ;
#4409=LINE('Line',#4406,#4408) ;
#4416=LINE('Line',#4413,#4415) ;
#4423=LINE('Line',#4420,#4422) ;
#4430=LINE('Line',#4427,#4429) ;
#4437=LINE('Line',#4434,#4436) ;
#4444=LINE('Line',#4441,#4443) ;
#4451=LINE('Line',#4448,#4450) ;
#4458=LINE('Line',#4455,#4457) ;
#4465=LINE('Line',#4462,#4464) ;
#4472=LINE('Line',#4469,#4471) ;
#4479=LINE('Line',#4476,#4478) ;
#4486=LINE('Line',#4483,#4485) ;
#4493=LINE('Line',#4490,#4492) ;
#4500=LINE('Line',#4497,#4499) ;
#4507=LINE('Line',#4504,#4506) ;
#4514=LINE('Line',#4511,#4513) ;
#4521=LINE('Line',#4518,#4520) ;
#4528=LINE('Line',#4525,#4527) ;
#4535=LINE('Line',#4532,#4534) ;
#4542=LINE('Line',#4539,#4541) ;
#4549=LINE('Line',#4546,#4548) ;
#4556=LINE('Line',#4553,#4555) ;
#4563=LINE('Line',#4560,#4562) ;
#4570=LINE('Line',#4567,#4569) ;
#4577=LINE('Line',#4574,#4576) ;
#4584=LINE('Line',#4581,#4583) ;
#4591=LINE('Line',#4588,#4590) ;
#4598=LINE('Line',#4595,#4597) ;
#4605=LINE('Line',#4602,#4604) ;
#4612=LINE('Line',#4609,#4611) ;
#4619=LINE('Line',#4616,#4618) ;
#4626=LINE('Line',#4623,#4625) ;
#4633=LINE('Line',#4630,#4632) ;
#4640=LINE('Line',#4637,#4639) ;
#4647=LINE('Line',#4644,#4646) ;
#4654=LINE('Line',#4651,#4653) ;
#4661=LINE('Line',#4658,#4660) ;
#4668=LINE('Line',#4665,#4667) ;
#4675=LINE('Line',#4672,#4674) ;
#4682=LINE('Line',#4679,#4681) ;
#4841=LINE('Line',#4838,#4840) ;
#4846=LINE('Line',#4843,#4845) ;
#4870=LINE('Line',#4867,#4869) ;
#4894=LINE('Line',#4891,#4893) ;
#4918=LINE('Line',#4915,#4917) ;
#4942=LINE('Line',#4939,#4941) ;
#4966=LINE('Line',#4963,#4965) ;
#4990=LINE('Line',#4987,#4989) ;
#5014=LINE('Line',#5011,#5013) ;
#5038=LINE('Line',#5035,#5037) ;
#5062=LINE('Line',#5059,#5061) ;
#5086=LINE('Line',#5083,#5085) ;
#5110=LINE('Line',#5107,#5109) ;
#5134=LINE('Line',#5131,#5133) ;
#5158=LINE('Line',#5155,#5157) ;
#5182=LINE('Line',#5179,#5181) ;
#5206=LINE('Line',#5203,#5205) ;
#5230=LINE('Line',#5227,#5229) ;
#5254=LINE('Line',#5251,#5253) ;
#5278=LINE('Line',#5275,#5277) ;
#5302=LINE('Line',#5299,#5301) ;
#5326=LINE('Line',#5323,#5325) ;
#5350=LINE('Line',#5347,#5349) ;
#5374=LINE('Line',#5371,#5373) ;
#5398=LINE('Line',#5395,#5397) ;
#5422=LINE('Line',#5419,#5421) ;
#5441=LINE('Line',#5438,#5440) ;
#5465=LINE('Line',#5462,#5464) ;
#5489=LINE('Line',#5486,#5488) ;
#5513=LINE('Line',#5510,#5512) ;
#5537=LINE('Line',#5534,#5536) ;
#5561=LINE('Line',#5558,#5560) ;
#5585=LINE('Line',#5582,#5584) ;
#5609=LINE('Line',#5606,#5608) ;
#5633=LINE('Line',#5630,#5632) ;
#5657=LINE('Line',#5654,#5656) ;
#5681=LINE('Line',#5678,#5680) ;
#5705=LINE('Line',#5702,#5704) ;
#5729=LINE('Line',#5726,#5728) ;
#5753=LINE('Line',#5750,#5752) ;
#5777=LINE('Line',#5774,#5776) ;
#5801=LINE('Line',#5798,#5800) ;
#5825=LINE('Line',#5822,#5824) ;
#5849=LINE('Line',#5846,#5848) ;
#5873=LINE('Line',#5870,#5872) ;
#5897=LINE('Line',#5894,#5896) ;
#5921=LINE('Line',#5918,#5920) ;
#5945=LINE('Line',#5942,#5944) ;
#5964=LINE('Line',#5961,#5963) ;
#5988=LINE('Line',#5985,#5987) ;
#6012=LINE('Line',#6009,#6011) ;
#6036=LINE('Line',#6033,#6035) ;
#6060=LINE('Line',#6057,#6059) ;
#6084=LINE('Line',#6081,#6083) ;
#6108=LINE('Line',#6105,#6107) ;
#6132=LINE('Line',#6129,#6131) ;
#6156=LINE('Line',#6153,#6155) ;
#6180=LINE('Line',#6177,#6179) ;
#6204=LINE('Line',#6201,#6203) ;
#6228=LINE('Line',#6225,#6227) ;
#6252=LINE('Line',#6249,#6251) ;
#6276=LINE('Line',#6273,#6275) ;
#6300=LINE('Line',#6297,#6299) ;
#6324=LINE('Line',#6321,#6323) ;
#6348=LINE('Line',#6345,#6347) ;
#6372=LINE('Line',#6369,#6371) ;
#6396=LINE('Line',#6393,#6395) ;
#6420=LINE('Line',#6417,#6419) ;
#6444=LINE('Line',#6441,#6443) ;
#6468=LINE('Line',#6465,#6467) ;
#6492=LINE('Line',#6489,#6491) ;
#6516=LINE('Line',#6513,#6515) ;
#6540=LINE('Line',#6537,#6539) ;
#6564=LINE('Line',#6561,#6563) ;
#6588=LINE('Line',#6585,#6587) ;
#6612=LINE('Line',#6609,#6611) ;
#6636=LINE('Line',#6633,#6635) ;
#6660=LINE('Line',#6657,#6659) ;
#6684=LINE('Line',#6681,#6683) ;
#6708=LINE('Line',#6705,#6707) ;
#6732=LINE('Line',#6729,#6731) ;
#6756=LINE('Line',#6753,#6755) ;
#6780=LINE('Line',#6777,#6779) ;
#6804=LINE('Line',#6801,#6803) ;
#6828=LINE('Line',#6825,#6827) ;
#6852=LINE('Line',#6849,#6851) ;
#6876=LINE('Line',#6873,#6875) ;
#6900=LINE('Line',#6897,#6899) ;
#6924=LINE('Line',#6921,#6923) ;
#6948=LINE('Line',#6945,#6947) ;
#6972=LINE('Line',#6969,#6971) ;
#6996=LINE('Line',#6993,#6995) ;
#7020=LINE('Line',#7017,#7019) ;
#7044=LINE('Line',#7041,#7043) ;
#7068=LINE('Line',#7065,#7067) ;
#7087=LINE('Line',#7084,#7086) ;
#7106=LINE('Line',#7103,#7105) ;
#7130=LINE('Line',#7127,#7129) ;
#7154=LINE('Line',#7151,#7153) ;
#7178=LINE('Line',#7175,#7177) ;
#7202=LINE('Line',#7199,#7201) ;
#7226=LINE('Line',#7223,#7225) ;
#7250=LINE('Line',#7247,#7249) ;
#7274=LINE('Line',#7271,#7273) ;
#7298=LINE('Line',#7295,#7297) ;
#7322=LINE('Line',#7319,#7321) ;
#7346=LINE('Line',#7343,#7345) ;
#7370=LINE('Line',#7367,#7369) ;
#7394=LINE('Line',#7391,#7393) ;
#7418=LINE('Line',#7415,#7417) ;
#7442=LINE('Line',#7439,#7441) ;
#7466=LINE('Line',#7463,#7465) ;
#7490=LINE('Line',#7487,#7489) ;
#7514=LINE('Line',#7511,#7513) ;
#7538=LINE('Line',#7535,#7537) ;
#7562=LINE('Line',#7559,#7561) ;
#7586=LINE('Line',#7583,#7585) ;
#7610=LINE('Line',#7607,#7609) ;
#7634=LINE('Line',#7631,#7633) ;
#7658=LINE('Line',#7655,#7657) ;
#7682=LINE('Line',#7679,#7681) ;
#7706=LINE('Line',#7703,#7705) ;
#7730=LINE('Line',#7727,#7729) ;
#7754=LINE('Line',#7751,#7753) ;
#7778=LINE('Line',#7775,#7777) ;
#7802=LINE('Line',#7799,#7801) ;
#7826=LINE('Line',#7823,#7825) ;
#7850=LINE('Line',#7847,#7849) ;
#7874=LINE('Line',#7871,#7873) ;
#7898=LINE('Line',#7895,#7897) ;
#7922=LINE('Line',#7919,#7921) ;
#7946=LINE('Line',#7943,#7945) ;
#7970=LINE('Line',#7967,#7969) ;
#7994=LINE('Line',#7991,#7993) ;
#8018=LINE('Line',#8015,#8017) ;
#8042=LINE('Line',#8039,#8041) ;
#8066=LINE('Line',#8063,#8065) ;
#8090=LINE('Line',#8087,#8089) ;
#8128=LINE('Line',#8125,#8127) ;
#8137=LINE('Line',#8134,#8136) ;
#8144=LINE('Line',#8141,#8143) ;
#8151=LINE('Line',#8148,#8150) ;
#8158=LINE('Line',#8155,#8157) ;
#8165=LINE('Line',#8162,#8164) ;
#8172=LINE('Line',#8169,#8171) ;
#8179=LINE('Line',#8176,#8178) ;
#8186=LINE('Line',#8183,#8185) ;
#8193=LINE('Line',#8190,#8192) ;
#8200=LINE('Line',#8197,#8199) ;
#8207=LINE('Line',#8204,#8206) ;
#8214=LINE('Line',#8211,#8213) ;
#8221=LINE('Line',#8218,#8220) ;
#8228=LINE('Line',#8225,#8227) ;
#8235=LINE('Line',#8232,#8234) ;
#8242=LINE('Line',#8239,#8241) ;
#8249=LINE('Line',#8246,#8248) ;
#8256=LINE('Line',#8253,#8255) ;
#8263=LINE('Line',#8260,#8262) ;
#8270=LINE('Line',#8267,#8269) ;
#8277=LINE('Line',#8274,#8276) ;
#8284=LINE('Line',#8281,#8283) ;
#8291=LINE('Line',#8288,#8290) ;
#8298=LINE('Line',#8295,#8297) ;
#8305=LINE('Line',#8302,#8304) ;
#8312=LINE('Line',#8309,#8311) ;
#8319=LINE('Line',#8316,#8318) ;
#8326=LINE('Line',#8323,#8325) ;
#8333=LINE('Line',#8330,#8332) ;
#8340=LINE('Line',#8337,#8339) ;
#8347=LINE('Line',#8344,#8346) ;
#8354=LINE('Line',#8351,#8353) ;
#8361=LINE('Line',#8358,#8360) ;
#8368=LINE('Line',#8365,#8367) ;
#8375=LINE('Line',#8372,#8374) ;
#8382=LINE('Line',#8379,#8381) ;
#8389=LINE('Line',#8386,#8388) ;
#8396=LINE('Line',#8393,#8395) ;
#8403=LINE('Line',#8400,#8402) ;
#8410=LINE('Line',#8407,#8409) ;
#8417=LINE('Line',#8414,#8416) ;
#8424=LINE('Line',#8421,#8423) ;
#8431=LINE('Line',#8428,#8430) ;
#8438=LINE('Line',#8435,#8437) ;
#8445=LINE('Line',#8442,#8444) ;
#8452=LINE('Line',#8449,#8451) ;
#8459=LINE('Line',#8456,#8458) ;
#8466=LINE('Line',#8463,#8465) ;
#8473=LINE('Line',#8470,#8472) ;
#8480=LINE('Line',#8477,#8479) ;
#8487=LINE('Line',#8484,#8486) ;
#8494=LINE('Line',#8491,#8493) ;
#8501=LINE('Line',#8498,#8500) ;
#8508=LINE('Line',#8505,#8507) ;
#8515=LINE('Line',#8512,#8514) ;
#8522=LINE('Line',#8519,#8521) ;
#8529=LINE('Line',#8526,#8528) ;
#8536=LINE('Line',#8533,#8535) ;
#8543=LINE('Line',#8540,#8542) ;
#8550=LINE('Line',#8547,#8549) ;
#8557=LINE('Line',#8554,#8556) ;
#8564=LINE('Line',#8561,#8563) ;
#8571=LINE('Line',#8568,#8570) ;
#8578=LINE('Line',#8575,#8577) ;
#8585=LINE('Line',#8582,#8584) ;
#8592=LINE('Line',#8589,#8591) ;
#8599=LINE('Line',#8596,#8598) ;
#8606=LINE('Line',#8603,#8605) ;
#8613=LINE('Line',#8610,#8612) ;
#8620=LINE('Line',#8617,#8619) ;
#8627=LINE('Line',#8624,#8626) ;
#8634=LINE('Line',#8631,#8633) ;
#8641=LINE('Line',#8638,#8640) ;
#8648=LINE('Line',#8645,#8647) ;
#8655=LINE('Line',#8652,#8654) ;
#8662=LINE('Line',#8659,#8661) ;
#8669=LINE('Line',#8666,#8668) ;
#8676=LINE('Line',#8673,#8675) ;
#8683=LINE('Line',#8680,#8682) ;
#8690=LINE('Line',#8687,#8689) ;
#8697=LINE('Line',#8694,#8696) ;
#8704=LINE('Line',#8701,#8703) ;
#8711=LINE('Line',#8708,#8710) ;
#8718=LINE('Line',#8715,#8717) ;
#8725=LINE('Line',#8722,#8724) ;
#8732=LINE('Line',#8729,#8731) ;
#8739=LINE('Line',#8736,#8738) ;
#8746=LINE('Line',#8743,#8745) ;
#8753=LINE('Line',#8750,#8752) ;
#8760=LINE('Line',#8757,#8759) ;
#8767=LINE('Line',#8764,#8766) ;
#8774=LINE('Line',#8771,#8773) ;
#8781=LINE('Line',#8778,#8780) ;
#8788=LINE('Line',#8785,#8787) ;
#8795=LINE('Line',#8792,#8794) ;
#8802=LINE('Line',#8799,#8801) ;
#8809=LINE('Line',#8806,#8808) ;
#8816=LINE('Line',#8813,#8815) ;
#8823=LINE('Line',#8820,#8822) ;
#8830=LINE('Line',#8827,#8829) ;
#8837=LINE('Line',#8834,#8836) ;
#8844=LINE('Line',#8841,#8843) ;
#8851=LINE('Line',#8848,#8850) ;
#8858=LINE('Line',#8855,#8857) ;
#8865=LINE('Line',#8862,#8864) ;
#8872=LINE('Line',#8869,#8871) ;
#8879=LINE('Line',#8876,#8878) ;
#8886=LINE('Line',#8883,#8885) ;
#8893=LINE('Line',#8890,#8892) ;
#8900=LINE('Line',#8897,#8899) ;
#8907=LINE('Line',#8904,#8906) ;
#8914=LINE('Line',#8911,#8913) ;
#8921=LINE('Line',#8918,#8920) ;
#8928=LINE('Line',#8925,#8927) ;
#8935=LINE('Line',#8932,#8934) ;
#8942=LINE('Line',#8939,#8941) ;
#8949=LINE('Line',#8946,#8948) ;
#9087=LINE('Line',#9084,#9086) ;
#9092=LINE('Line',#9089,#9091) ;
#9116=LINE('Line',#9113,#9115) ;
#9140=LINE('Line',#9137,#9139) ;
#9164=LINE('Line',#9161,#9163) ;
#9188=LINE('Line',#9185,#9187) ;
#9212=LINE('Line',#9209,#9211) ;
#9236=LINE('Line',#9233,#9235) ;
#9260=LINE('Line',#9257,#9259) ;
#9284=LINE('Line',#9281,#9283) ;
#9308=LINE('Line',#9305,#9307) ;
#9332=LINE('Line',#9329,#9331) ;
#9356=LINE('Line',#9353,#9355) ;
#9380=LINE('Line',#9377,#9379) ;
#9404=LINE('Line',#9401,#9403) ;
#9428=LINE('Line',#9425,#9427) ;
#9452=LINE('Line',#9449,#9451) ;
#9476=LINE('Line',#9473,#9475) ;
#9500=LINE('Line',#9497,#9499) ;
#9524=LINE('Line',#9521,#9523) ;
#9548=LINE('Line',#9545,#9547) ;
#9572=LINE('Line',#9569,#9571) ;
#9596=LINE('Line',#9593,#9595) ;
#9620=LINE('Line',#9617,#9619) ;
#9644=LINE('Line',#9641,#9643) ;
#9668=LINE('Line',#9665,#9667) ;
#9692=LINE('Line',#9689,#9691) ;
#9716=LINE('Line',#9713,#9715) ;
#9740=LINE('Line',#9737,#9739) ;
#9764=LINE('Line',#9761,#9763) ;
#9788=LINE('Line',#9785,#9787) ;
#9812=LINE('Line',#9809,#9811) ;
#9836=LINE('Line',#9833,#9835) ;
#9860=LINE('Line',#9857,#9859) ;
#9884=LINE('Line',#9881,#9883) ;
#9908=LINE('Line',#9905,#9907) ;
#9932=LINE('Line',#9929,#9931) ;
#9956=LINE('Line',#9953,#9955) ;
#9980=LINE('Line',#9977,#9979) ;
#10004=LINE('Line',#10001,#10003) ;
#10028=LINE('Line',#10025,#10027) ;
#10052=LINE('Line',#10049,#10051) ;
#10076=LINE('Line',#10073,#10075) ;
#10100=LINE('Line',#10097,#10099) ;
#10124=LINE('Line',#10121,#10123) ;
#10148=LINE('Line',#10145,#10147) ;
#10172=LINE('Line',#10169,#10171) ;
#10196=LINE('Line',#10193,#10195) ;
#10220=LINE('Line',#10217,#10219) ;
#10244=LINE('Line',#10241,#10243) ;
#10268=LINE('Line',#10265,#10267) ;
#10292=LINE('Line',#10289,#10291) ;
#10316=LINE('Line',#10313,#10315) ;
#10340=LINE('Line',#10337,#10339) ;
#10364=LINE('Line',#10361,#10363) ;
#10388=LINE('Line',#10385,#10387) ;
#10412=LINE('Line',#10409,#10411) ;
#10436=LINE('Line',#10433,#10435) ;
#10460=LINE('Line',#10457,#10459) ;
#10484=LINE('Line',#10481,#10483) ;
#10508=LINE('Line',#10505,#10507) ;
#10532=LINE('Line',#10529,#10531) ;
#10556=LINE('Line',#10553,#10555) ;
#10580=LINE('Line',#10577,#10579) ;
#10604=LINE('Line',#10601,#10603) ;
#10628=LINE('Line',#10625,#10627) ;
#10652=LINE('Line',#10649,#10651) ;
#10676=LINE('Line',#10673,#10675) ;
#10700=LINE('Line',#10697,#10699) ;
#10724=LINE('Line',#10721,#10723) ;
#10748=LINE('Line',#10745,#10747) ;
#10772=LINE('Line',#10769,#10771) ;
#10796=LINE('Line',#10793,#10795) ;
#10820=LINE('Line',#10817,#10819) ;
#10844=LINE('Line',#10841,#10843) ;
#10868=LINE('Line',#10865,#10867) ;
#10892=LINE('Line',#10889,#10891) ;
#10916=LINE('Line',#10913,#10915) ;
#10940=LINE('Line',#10937,#10939) ;
#10964=LINE('Line',#10961,#10963) ;
#10988=LINE('Line',#10985,#10987) ;
#11012=LINE('Line',#11009,#11011) ;
#11036=LINE('Line',#11033,#11035) ;
#11060=LINE('Line',#11057,#11059) ;
#11084=LINE('Line',#11081,#11083) ;
#11108=LINE('Line',#11105,#11107) ;
#11132=LINE('Line',#11129,#11131) ;
#11156=LINE('Line',#11153,#11155) ;
#11180=LINE('Line',#11177,#11179) ;
#11204=LINE('Line',#11201,#11203) ;
#11228=LINE('Line',#11225,#11227) ;
#11252=LINE('Line',#11249,#11251) ;
#11276=LINE('Line',#11273,#11275) ;
#11300=LINE('Line',#11297,#11299) ;
#11324=LINE('Line',#11321,#11323) ;
#11348=LINE('Line',#11345,#11347) ;
#11372=LINE('Line',#11369,#11371) ;
#11396=LINE('Line',#11393,#11395) ;
#11420=LINE('Line',#11417,#11419) ;
#11444=LINE('Line',#11441,#11443) ;
#11468=LINE('Line',#11465,#11467) ;
#11492=LINE('Line',#11489,#11491) ;
#11516=LINE('Line',#11513,#11515) ;
#11540=LINE('Line',#11537,#11539) ;
#11564=LINE('Line',#11561,#11563) ;
#11588=LINE('Line',#11585,#11587) ;
#11612=LINE('Line',#11609,#11611) ;
#11636=LINE('Line',#11633,#11635) ;
#11660=LINE('Line',#11657,#11659) ;
#11684=LINE('Line',#11681,#11683) ;
#11708=LINE('Line',#11705,#11707) ;
#11732=LINE('Line',#11729,#11731) ;
#11756=LINE('Line',#11753,#11755) ;
#11780=LINE('Line',#11777,#11779) ;
#11804=LINE('Line',#11801,#11803) ;
#11828=LINE('Line',#11825,#11827) ;
#11852=LINE('Line',#11849,#11851) ;
#11876=LINE('Line',#11873,#11875) ;
#11914=LINE('Line',#11911,#11913) ;
#11923=LINE('Line',#11920,#11922) ;
#11930=LINE('Line',#11927,#11929) ;
#11937=LINE('Line',#11934,#11936) ;
#11961=LINE('Line',#11958,#11960) ;
#11966=LINE('Line',#11963,#11965) ;
#11990=LINE('Line',#11987,#11989) ;
#12014=LINE('Line',#12011,#12013) ;
#12052=LINE('Line',#12049,#12051) ;
#12061=LINE('Line',#12058,#12060) ;
#12068=LINE('Line',#12065,#12067) ;
#12075=LINE('Line',#12072,#12074) ;
#12082=LINE('Line',#12079,#12081) ;
#12089=LINE('Line',#12086,#12088) ;
#12096=LINE('Line',#12093,#12095) ;
#12103=LINE('Line',#12100,#12102) ;
#12110=LINE('Line',#12107,#12109) ;
#12117=LINE('Line',#12114,#12116) ;
#12124=LINE('Line',#12121,#12123) ;
#12131=LINE('Line',#12128,#12130) ;
#12138=LINE('Line',#12135,#12137) ;
#12145=LINE('Line',#12142,#12144) ;
#12152=LINE('Line',#12149,#12151) ;
#12159=LINE('Line',#12156,#12158) ;
#12166=LINE('Line',#12163,#12165) ;
#12173=LINE('Line',#12170,#12172) ;
#12180=LINE('Line',#12177,#12179) ;
#12187=LINE('Line',#12184,#12186) ;
#12194=LINE('Line',#12191,#12193) ;
#12201=LINE('Line',#12198,#12200) ;
#12243=LINE('Line',#12240,#12242) ;
#12248=LINE('Line',#12245,#12247) ;
#12272=LINE('Line',#12269,#12271) ;
#12296=LINE('Line',#12293,#12295) ;
#12320=LINE('Line',#12317,#12319) ;
#12344=LINE('Line',#12341,#12343) ;
#12368=LINE('Line',#12365,#12367) ;
#12392=LINE('Line',#12389,#12391) ;
#12416=LINE('Line',#12413,#12415) ;
#12440=LINE('Line',#12437,#12439) ;
#12464=LINE('Line',#12461,#12463) ;
#12488=LINE('Line',#12485,#12487) ;
#12512=LINE('Line',#12509,#12511) ;
#12536=LINE('Line',#12533,#12535) ;
#12560=LINE('Line',#12557,#12559) ;
#12584=LINE('Line',#12581,#12583) ;
#12608=LINE('Line',#12605,#12607) ;
#12632=LINE('Line',#12629,#12631) ;
#12656=LINE('Line',#12653,#12655) ;
#12680=LINE('Line',#12677,#12679) ;
#12704=LINE('Line',#12701,#12703) ;
#12728=LINE('Line',#12725,#12727) ;
#12766=LINE('Line',#12763,#12765) ;
#12775=LINE('Line',#12772,#12774) ;
#12782=LINE('Line',#12779,#12781) ;
#12789=LINE('Line',#12786,#12788) ;
#12796=LINE('Line',#12793,#12795) ;
#12803=LINE('Line',#12800,#12802) ;
#12810=LINE('Line',#12807,#12809) ;
#12817=LINE('Line',#12814,#12816) ;
#12824=LINE('Line',#12821,#12823) ;
#12831=LINE('Line',#12828,#12830) ;
#12838=LINE('Line',#12835,#12837) ;
#12845=LINE('Line',#12842,#12844) ;
#12852=LINE('Line',#12849,#12851) ;
#12859=LINE('Line',#12856,#12858) ;
#12866=LINE('Line',#12863,#12865) ;
#12873=LINE('Line',#12870,#12872) ;
#12880=LINE('Line',#12877,#12879) ;
#12887=LINE('Line',#12884,#12886) ;
#12894=LINE('Line',#12891,#12893) ;
#12901=LINE('Line',#12898,#12900) ;
#12908=LINE('Line',#12905,#12907) ;
#12915=LINE('Line',#12912,#12914) ;
#12957=LINE('Line',#12954,#12956) ;
#12962=LINE('Line',#12959,#12961) ;
#12986=LINE('Line',#12983,#12985) ;
#13010=LINE('Line',#13007,#13009) ;
#13034=LINE('Line',#13031,#13033) ;
#13058=LINE('Line',#13055,#13057) ;
#13082=LINE('Line',#13079,#13081) ;
#13106=LINE('Line',#13103,#13105) ;
#13130=LINE('Line',#13127,#13129) ;
#13154=LINE('Line',#13151,#13153) ;
#13178=LINE('Line',#13175,#13177) ;
#13202=LINE('Line',#13199,#13201) ;
#13226=LINE('Line',#13223,#13225) ;
#13250=LINE('Line',#13247,#13249) ;
#13274=LINE('Line',#13271,#13273) ;
#13298=LINE('Line',#13295,#13297) ;
#13322=LINE('Line',#13319,#13321) ;
#13346=LINE('Line',#13343,#13345) ;
#13370=LINE('Line',#13367,#13369) ;
#13394=LINE('Line',#13391,#13393) ;
#13418=LINE('Line',#13415,#13417) ;
#13442=LINE('Line',#13439,#13441) ;
#13480=LINE('Line',#13477,#13479) ;
#13489=LINE('Line',#13486,#13488) ;
#13496=LINE('Line',#13493,#13495) ;
#13503=LINE('Line',#13500,#13502) ;
#13510=LINE('Line',#13507,#13509) ;
#13517=LINE('Line',#13514,#13516) ;
#13524=LINE('Line',#13521,#13523) ;
#13531=LINE('Line',#13528,#13530) ;
#13538=LINE('Line',#13535,#13537) ;
#13545=LINE('Line',#13542,#13544) ;
#13552=LINE('Line',#13549,#13551) ;
#13559=LINE('Line',#13556,#13558) ;
#13566=LINE('Line',#13563,#13565) ;
#13573=LINE('Line',#13570,#13572) ;
#13580=LINE('Line',#13577,#13579) ;
#13587=LINE('Line',#13584,#13586) ;
#13594=LINE('Line',#13591,#13593) ;
#13601=LINE('Line',#13598,#13600) ;
#13608=LINE('Line',#13605,#13607) ;
#13615=LINE('Line',#13612,#13614) ;
#13622=LINE('Line',#13619,#13621) ;
#13629=LINE('Line',#13626,#13628) ;
#13636=LINE('Line',#13633,#13635) ;
#13643=LINE('Line',#13640,#13642) ;
#13650=LINE('Line',#13647,#13649) ;
#13657=LINE('Line',#13654,#13656) ;
#13664=LINE('Line',#13661,#13663) ;
#13671=LINE('Line',#13668,#13670) ;
#13678=LINE('Line',#13675,#13677) ;
#13685=LINE('Line',#13682,#13684) ;
#13692=LINE('Line',#13689,#13691) ;
#13699=LINE('Line',#13696,#13698) ;
#13706=LINE('Line',#13703,#13705) ;
#13713=LINE('Line',#13710,#13712) ;
#13767=LINE('Line',#13764,#13766) ;
#13772=LINE('Line',#13769,#13771) ;
#13796=LINE('Line',#13793,#13795) ;
#13820=LINE('Line',#13817,#13819) ;
#13844=LINE('Line',#13841,#13843) ;
#13868=LINE('Line',#13865,#13867) ;
#13892=LINE('Line',#13889,#13891) ;
#13916=LINE('Line',#13913,#13915) ;
#13940=LINE('Line',#13937,#13939) ;
#13964=LINE('Line',#13961,#13963) ;
#13988=LINE('Line',#13985,#13987) ;
#14012=LINE('Line',#14009,#14011) ;
#14036=LINE('Line',#14033,#14035) ;
#14060=LINE('Line',#14057,#14059) ;
#14084=LINE('Line',#14081,#14083) ;
#14108=LINE('Line',#14105,#14107) ;
#14132=LINE('Line',#14129,#14131) ;
#14156=LINE('Line',#14153,#14155) ;
#14180=LINE('Line',#14177,#14179) ;
#14204=LINE('Line',#14201,#14203) ;
#14228=LINE('Line',#14225,#14227) ;
#14252=LINE('Line',#14249,#14251) ;
#14276=LINE('Line',#14273,#14275) ;
#14300=LINE('Line',#14297,#14299) ;
#14324=LINE('Line',#14321,#14323) ;
#14348=LINE('Line',#14345,#14347) ;
#14372=LINE('Line',#14369,#14371) ;
#14396=LINE('Line',#14393,#14395) ;
#14420=LINE('Line',#14417,#14419) ;
#14444=LINE('Line',#14441,#14443) ;
#14468=LINE('Line',#14465,#14467) ;
#14492=LINE('Line',#14489,#14491) ;
#14516=LINE('Line',#14513,#14515) ;
#14540=LINE('Line',#14537,#14539) ;
#14578=LINE('Line',#14575,#14577) ;
#14587=LINE('Line',#14584,#14586) ;
#14594=LINE('Line',#14591,#14593) ;
#14601=LINE('Line',#14598,#14600) ;
#14608=LINE('Line',#14605,#14607) ;
#14615=LINE('Line',#14612,#14614) ;
#14622=LINE('Line',#14619,#14621) ;
#14629=LINE('Line',#14626,#14628) ;
#14636=LINE('Line',#14633,#14635) ;
#14643=LINE('Line',#14640,#14642) ;
#14673=LINE('Line',#14670,#14672) ;
#14678=LINE('Line',#14675,#14677) ;
#14702=LINE('Line',#14699,#14701) ;
#14721=LINE('Line',#14718,#14720) ;
#14745=LINE('Line',#14742,#14744) ;
#14764=LINE('Line',#14761,#14763) ;
#14788=LINE('Line',#14785,#14787) ;
#14807=LINE('Line',#14804,#14806) ;
#14831=LINE('Line',#14828,#14830) ;
#14850=LINE('Line',#14847,#14849) ;
#15081=LINE('Line',#15078,#15080) ;
#15086=LINE('Line',#15083,#15085) ;
#15124=LINE('Line',#15121,#15123) ;
#15129=LINE('Line',#15126,#15128) ;
#15167=LINE('Line',#15164,#15166) ;
#15172=LINE('Line',#15169,#15171) ;
#15210=LINE('Line',#15207,#15209) ;
#15215=LINE('Line',#15212,#15214) ;
#15253=LINE('Line',#15250,#15252) ;
#15258=LINE('Line',#15255,#15257) ;
#15296=LINE('Line',#15293,#15295) ;
#15301=LINE('Line',#15298,#15300) ;
#15339=LINE('Line',#15336,#15338) ;
#15344=LINE('Line',#15341,#15343) ;
#15382=LINE('Line',#15379,#15381) ;
#15387=LINE('Line',#15384,#15386) ;
#15425=LINE('Line',#15422,#15424) ;
#15430=LINE('Line',#15427,#15429) ;
#15468=LINE('Line',#15465,#15467) ;
#15473=LINE('Line',#15470,#15472) ;
#401=PLANE('',#400) ;
#429=PLANE('',#428) ;
#499=PLANE('',#498) ;
#700=PLANE('',#699) ;
#3717=PLANE('',#3716) ;
#4837=PLANE('',#4836) ;
#4866=PLANE('',#4865) ;
#4890=PLANE('',#4889) ;
#4914=PLANE('',#4913) ;
#4938=PLANE('',#4937) ;
#4962=PLANE('',#4961) ;
#4986=PLANE('',#4985) ;
#5010=PLANE('',#5009) ;
#5034=PLANE('',#5033) ;
#5058=PLANE('',#5057) ;
#5082=PLANE('',#5081) ;
#5106=PLANE('',#5105) ;
#5130=PLANE('',#5129) ;
#5154=PLANE('',#5153) ;
#5178=PLANE('',#5177) ;
#5202=PLANE('',#5201) ;
#5226=PLANE('',#5225) ;
#5250=PLANE('',#5249) ;
#5274=PLANE('',#5273) ;
#5298=PLANE('',#5297) ;
#5322=PLANE('',#5321) ;
#5346=PLANE('',#5345) ;
#5370=PLANE('',#5369) ;
#5394=PLANE('',#5393) ;
#5418=PLANE('',#5417) ;
#5461=PLANE('',#5460) ;
#5485=PLANE('',#5484) ;
#5509=PLANE('',#5508) ;
#5533=PLANE('',#5532) ;
#5557=PLANE('',#5556) ;
#5581=PLANE('',#5580) ;
#5605=PLANE('',#5604) ;
#5629=PLANE('',#5628) ;
#5653=PLANE('',#5652) ;
#5677=PLANE('',#5676) ;
#5701=PLANE('',#5700) ;
#5725=PLANE('',#5724) ;
#5749=PLANE('',#5748) ;
#5773=PLANE('',#5772) ;
#5797=PLANE('',#5796) ;
#5821=PLANE('',#5820) ;
#5845=PLANE('',#5844) ;
#5869=PLANE('',#5868) ;
#5893=PLANE('',#5892) ;
#5917=PLANE('',#5916) ;
#5941=PLANE('',#5940) ;
#5984=PLANE('',#5983) ;
#6008=PLANE('',#6007) ;
#6032=PLANE('',#6031) ;
#6056=PLANE('',#6055) ;
#6080=PLANE('',#6079) ;
#6104=PLANE('',#6103) ;
#6128=PLANE('',#6127) ;
#6152=PLANE('',#6151) ;
#6176=PLANE('',#6175) ;
#6200=PLANE('',#6199) ;
#6224=PLANE('',#6223) ;
#6248=PLANE('',#6247) ;
#6272=PLANE('',#6271) ;
#6296=PLANE('',#6295) ;
#6320=PLANE('',#6319) ;
#6344=PLANE('',#6343) ;
#6368=PLANE('',#6367) ;
#6392=PLANE('',#6391) ;
#6416=PLANE('',#6415) ;
#6440=PLANE('',#6439) ;
#6464=PLANE('',#6463) ;
#6488=PLANE('',#6487) ;
#6512=PLANE('',#6511) ;
#6536=PLANE('',#6535) ;
#6560=PLANE('',#6559) ;
#6584=PLANE('',#6583) ;
#6608=PLANE('',#6607) ;
#6632=PLANE('',#6631) ;
#6656=PLANE('',#6655) ;
#6680=PLANE('',#6679) ;
#6704=PLANE('',#6703) ;
#6728=PLANE('',#6727) ;
#6752=PLANE('',#6751) ;
#6776=PLANE('',#6775) ;
#6800=PLANE('',#6799) ;
#6824=PLANE('',#6823) ;
#6848=PLANE('',#6847) ;
#6872=PLANE('',#6871) ;
#6896=PLANE('',#6895) ;
#6920=PLANE('',#6919) ;
#6944=PLANE('',#6943) ;
#6968=PLANE('',#6967) ;
#6992=PLANE('',#6991) ;
#7016=PLANE('',#7015) ;
#7040=PLANE('',#7039) ;
#7064=PLANE('',#7063) ;
#7126=PLANE('',#7125) ;
#7150=PLANE('',#7149) ;
#7174=PLANE('',#7173) ;
#7198=PLANE('',#7197) ;
#7222=PLANE('',#7221) ;
#7246=PLANE('',#7245) ;
#7270=PLANE('',#7269) ;
#7294=PLANE('',#7293) ;
#7318=PLANE('',#7317) ;
#7342=PLANE('',#7341) ;
#7366=PLANE('',#7365) ;
#7390=PLANE('',#7389) ;
#7414=PLANE('',#7413) ;
#7438=PLANE('',#7437) ;
#7462=PLANE('',#7461) ;
#7486=PLANE('',#7485) ;
#7510=PLANE('',#7509) ;
#7534=PLANE('',#7533) ;
#7558=PLANE('',#7557) ;
#7582=PLANE('',#7581) ;
#7606=PLANE('',#7605) ;
#7630=PLANE('',#7629) ;
#7654=PLANE('',#7653) ;
#7678=PLANE('',#7677) ;
#7702=PLANE('',#7701) ;
#7726=PLANE('',#7725) ;
#7750=PLANE('',#7749) ;
#7774=PLANE('',#7773) ;
#7798=PLANE('',#7797) ;
#7822=PLANE('',#7821) ;
#7846=PLANE('',#7845) ;
#7870=PLANE('',#7869) ;
#7894=PLANE('',#7893) ;
#7918=PLANE('',#7917) ;
#7942=PLANE('',#7941) ;
#7966=PLANE('',#7965) ;
#7990=PLANE('',#7989) ;
#8014=PLANE('',#8013) ;
#8038=PLANE('',#8037) ;
#8062=PLANE('',#8061) ;
#8086=PLANE('',#8085) ;
#8110=PLANE('',#8109) ;
#9083=PLANE('',#9082) ;
#9112=PLANE('',#9111) ;
#9136=PLANE('',#9135) ;
#9160=PLANE('',#9159) ;
#9184=PLANE('',#9183) ;
#9208=PLANE('',#9207) ;
#9232=PLANE('',#9231) ;
#9256=PLANE('',#9255) ;
#9280=PLANE('',#9279) ;
#9304=PLANE('',#9303) ;
#9328=PLANE('',#9327) ;
#9352=PLANE('',#9351) ;
#9376=PLANE('',#9375) ;
#9400=PLANE('',#9399) ;
#9424=PLANE('',#9423) ;
#9448=PLANE('',#9447) ;
#9472=PLANE('',#9471) ;
#9496=PLANE('',#9495) ;
#9520=PLANE('',#9519) ;
#9544=PLANE('',#9543) ;
#9568=PLANE('',#9567) ;
#9592=PLANE('',#9591) ;
#9616=PLANE('',#9615) ;
#9640=PLANE('',#9639) ;
#9664=PLANE('',#9663) ;
#9688=PLANE('',#9687) ;
#9712=PLANE('',#9711) ;
#9736=PLANE('',#9735) ;
#9760=PLANE('',#9759) ;
#9784=PLANE('',#9783) ;
#9808=PLANE('',#9807) ;
#9832=PLANE('',#9831) ;
#9856=PLANE('',#9855) ;
#9880=PLANE('',#9879) ;
#9904=PLANE('',#9903) ;
#9928=PLANE('',#9927) ;
#9952=PLANE('',#9951) ;
#9976=PLANE('',#9975) ;
#10000=PLANE('',#9999) ;
#10024=PLANE('',#10023) ;
#10048=PLANE('',#10047) ;
#10072=PLANE('',#10071) ;
#10096=PLANE('',#10095) ;
#10120=PLANE('',#10119) ;
#10144=PLANE('',#10143) ;
#10168=PLANE('',#10167) ;
#10192=PLANE('',#10191) ;
#10216=PLANE('',#10215) ;
#10240=PLANE('',#10239) ;
#10264=PLANE('',#10263) ;
#10288=PLANE('',#10287) ;
#10312=PLANE('',#10311) ;
#10336=PLANE('',#10335) ;
#10360=PLANE('',#10359) ;
#10384=PLANE('',#10383) ;
#10408=PLANE('',#10407) ;
#10432=PLANE('',#10431) ;
#10456=PLANE('',#10455) ;
#10480=PLANE('',#10479) ;
#10504=PLANE('',#10503) ;
#10528=PLANE('',#10527) ;
#10552=PLANE('',#10551) ;
#10576=PLANE('',#10575) ;
#10600=PLANE('',#10599) ;
#10624=PLANE('',#10623) ;
#10648=PLANE('',#10647) ;
#10672=PLANE('',#10671) ;
#10696=PLANE('',#10695) ;
#10720=PLANE('',#10719) ;
#10744=PLANE('',#10743) ;
#10768=PLANE('',#10767) ;
#10792=PLANE('',#10791) ;
#10816=PLANE('',#10815) ;
#10840=PLANE('',#10839) ;
#10864=PLANE('',#10863) ;
#10888=PLANE('',#10887) ;
#10912=PLANE('',#10911) ;
#10936=PLANE('',#10935) ;
#10960=PLANE('',#10959) ;
#10984=PLANE('',#10983) ;
#11008=PLANE('',#11007) ;
#11032=PLANE('',#11031) ;
#11056=PLANE('',#11055) ;
#11080=PLANE('',#11079) ;
#11104=PLANE('',#11103) ;
#11128=PLANE('',#11127) ;
#11152=PLANE('',#11151) ;
#11176=PLANE('',#11175) ;
#11200=PLANE('',#11199) ;
#11224=PLANE('',#11223) ;
#11248=PLANE('',#11247) ;
#11272=PLANE('',#11271) ;
#11296=PLANE('',#11295) ;
#11320=PLANE('',#11319) ;
#11344=PLANE('',#11343) ;
#11368=PLANE('',#11367) ;
#11392=PLANE('',#11391) ;
#11416=PLANE('',#11415) ;
#11440=PLANE('',#11439) ;
#11464=PLANE('',#11463) ;
#11488=PLANE('',#11487) ;
#11512=PLANE('',#11511) ;
#11536=PLANE('',#11535) ;
#11560=PLANE('',#11559) ;
#11584=PLANE('',#11583) ;
#11608=PLANE('',#11607) ;
#11632=PLANE('',#11631) ;
#11656=PLANE('',#11655) ;
#11680=PLANE('',#11679) ;
#11704=PLANE('',#11703) ;
#11728=PLANE('',#11727) ;
#11752=PLANE('',#11751) ;
#11776=PLANE('',#11775) ;
#11800=PLANE('',#11799) ;
#11824=PLANE('',#11823) ;
#11848=PLANE('',#11847) ;
#11872=PLANE('',#11871) ;
#11896=PLANE('',#11895) ;
#11957=PLANE('',#11956) ;
#11986=PLANE('',#11985) ;
#12010=PLANE('',#12009) ;
#12034=PLANE('',#12033) ;
#12239=PLANE('',#12238) ;
#12268=PLANE('',#12267) ;
#12292=PLANE('',#12291) ;
#12316=PLANE('',#12315) ;
#12340=PLANE('',#12339) ;
#12364=PLANE('',#12363) ;
#12388=PLANE('',#12387) ;
#12412=PLANE('',#12411) ;
#12436=PLANE('',#12435) ;
#12460=PLANE('',#12459) ;
#12484=PLANE('',#12483) ;
#12508=PLANE('',#12507) ;
#12532=PLANE('',#12531) ;
#12556=PLANE('',#12555) ;
#12580=PLANE('',#12579) ;
#12604=PLANE('',#12603) ;
#12628=PLANE('',#12627) ;
#12652=PLANE('',#12651) ;
#12676=PLANE('',#12675) ;
#12700=PLANE('',#12699) ;
#12724=PLANE('',#12723) ;
#12748=PLANE('',#12747) ;
#12953=PLANE('',#12952) ;
#12982=PLANE('',#12981) ;
#13006=PLANE('',#13005) ;
#13030=PLANE('',#13029) ;
#13054=PLANE('',#13053) ;
#13078=PLANE('',#13077) ;
#13102=PLANE('',#13101) ;
#13126=PLANE('',#13125) ;
#13150=PLANE('',#13149) ;
#13174=PLANE('',#13173) ;
#13198=PLANE('',#13197) ;
#13222=PLANE('',#13221) ;
#13246=PLANE('',#13245) ;
#13270=PLANE('',#13269) ;
#13294=PLANE('',#13293) ;
#13318=PLANE('',#13317) ;
#13342=PLANE('',#13341) ;
#13366=PLANE('',#13365) ;
#13390=PLANE('',#13389) ;
#13414=PLANE('',#13413) ;
#13438=PLANE('',#13437) ;
#13462=PLANE('',#13461) ;
#13763=PLANE('',#13762) ;
#13792=PLANE('',#13791) ;
#13816=PLANE('',#13815) ;
#13840=PLANE('',#13839) ;
#13864=PLANE('',#13863) ;
#13888=PLANE('',#13887) ;
#13912=PLANE('',#13911) ;
#13936=PLANE('',#13935) ;
#13960=PLANE('',#13959) ;
#13984=PLANE('',#13983) ;
#14008=PLANE('',#14007) ;
#14032=PLANE('',#14031) ;
#14056=PLANE('',#14055) ;
#14080=PLANE('',#14079) ;
#14104=PLANE('',#14103) ;
#14128=PLANE('',#14127) ;
#14152=PLANE('',#14151) ;
#14176=PLANE('',#14175) ;
#14200=PLANE('',#14199) ;
#14224=PLANE('',#14223) ;
#14248=PLANE('',#14247) ;
#14272=PLANE('',#14271) ;
#14296=PLANE('',#14295) ;
#14320=PLANE('',#14319) ;
#14344=PLANE('',#14343) ;
#14368=PLANE('',#14367) ;
#14392=PLANE('',#14391) ;
#14416=PLANE('',#14415) ;
#14440=PLANE('',#14439) ;
#14464=PLANE('',#14463) ;
#14488=PLANE('',#14487) ;
#14512=PLANE('',#14511) ;
#14536=PLANE('',#14535) ;
#14560=PLANE('',#14559) ;
#14669=PLANE('',#14668) ;
#14698=PLANE('',#14697) ;
#14741=PLANE('',#14740) ;
#14784=PLANE('',#14783) ;
#14827=PLANE('',#14826) ;
#14870=PLANE('',#14869) ;
#14=PLANE_ANGLE_MEASURE_WITH_UNIT(PLANE_ANGLE_MEASURE(0.0174532925199),#13) ;
#9=PRODUCT_CATEGORY_RELATIONSHIP(' ',' ',#7,#8) ;
#6=PRODUCT_DEFINITION_FORMATION_WITH_SPECIFIED_SOURCE('-',' ',#5,.NOT_KNOWN.) ;
#24=SHAPE_DEFINITION_REPRESENTATION(#11,#23) ;
#45=VERTEX_POINT('',#44) ;
#47=VERTEX_POINT('',#46) ;
#54=VERTEX_POINT('',#53) ;
#61=VERTEX_POINT('',#60) ;
#102=VERTEX_POINT('',#101) ;
#104=VERTEX_POINT('',#103) ;
#111=VERTEX_POINT('',#110) ;
#118=VERTEX_POINT('',#117) ;
#159=VERTEX_POINT('',#158) ;
#161=VERTEX_POINT('',#160) ;
#168=VERTEX_POINT('',#167) ;
#175=VERTEX_POINT('',#174) ;
#216=VERTEX_POINT('',#215) ;
#223=VERTEX_POINT('',#222) ;
#259=VERTEX_POINT('',#258) ;
#266=VERTEX_POINT('',#265) ;
#273=VERTEX_POINT('',#272) ;
#293=VERTEX_POINT('',#292) ;
#318=VERTEX_POINT('',#317) ;
#325=VERTEX_POINT('',#324) ;
#350=VERTEX_POINT('',#349) ;
#352=VERTEX_POINT('',#351) ;
#359=VERTEX_POINT('',#358) ;
#366=VERTEX_POINT('',#365) ;
#407=VERTEX_POINT('',#406) ;
#409=VERTEX_POINT('',#408) ;
#462=VERTEX_POINT('',#461) ;
#469=VERTEX_POINT('',#468) ;
#517=VERTEX_POINT('',#516) ;
#519=VERTEX_POINT('',#518) ;
#535=VERTEX_POINT('',#534) ;
#537=VERTEX_POINT('',#536) ;
#553=VERTEX_POINT('',#552) ;
#555=VERTEX_POINT('',#554) ;
#577=VERTEX_POINT('',#576) ;
#584=VERTEX_POINT('',#583) ;
#620=VERTEX_POINT('',#619) ;
#627=VERTEX_POINT('',#626) ;
#663=VERTEX_POINT('',#662) ;
#670=VERTEX_POINT('',#669) ;
#730=VERTEX_POINT('',#729) ;
#732=VERTEX_POINT('',#731) ;
#749=VERTEX_POINT('',#748) ;
#751=VERTEX_POINT('',#750) ;
#767=VERTEX_POINT('',#766) ;
#769=VERTEX_POINT('',#768) ;
#776=VERTEX_POINT('',#775) ;
#783=VERTEX_POINT('',#782) ;
#790=VERTEX_POINT('',#789) ;
#797=VERTEX_POINT('',#796) ;
#804=VERTEX_POINT('',#803) ;
#811=VERTEX_POINT('',#810) ;
#818=VERTEX_POINT('',#817) ;
#825=VERTEX_POINT('',#824) ;
#832=VERTEX_POINT('',#831) ;
#839=VERTEX_POINT('',#838) ;
#846=VERTEX_POINT('',#845) ;
#853=VERTEX_POINT('',#852) ;
#860=VERTEX_POINT('',#859) ;
#867=VERTEX_POINT('',#866) ;
#874=VERTEX_POINT('',#873) ;
#881=VERTEX_POINT('',#880) ;
#888=VERTEX_POINT('',#887) ;
#895=VERTEX_POINT('',#894) ;
#902=VERTEX_POINT('',#901) ;
#909=VERTEX_POINT('',#908) ;
#916=VERTEX_POINT('',#915) ;
#923=VERTEX_POINT('',#922) ;
#930=VERTEX_POINT('',#929) ;
#937=VERTEX_POINT('',#936) ;
#944=VERTEX_POINT('',#943) ;
#951=VERTEX_POINT('',#950) ;
#958=VERTEX_POINT('',#957) ;
#965=VERTEX_POINT('',#964) ;
#972=VERTEX_POINT('',#971) ;
#979=VERTEX_POINT('',#978) ;
#986=VERTEX_POINT('',#985) ;
#993=VERTEX_POINT('',#992) ;
#1000=VERTEX_POINT('',#999) ;
#1007=VERTEX_POINT('',#1006) ;
#1014=VERTEX_POINT('',#1013) ;
#1021=VERTEX_POINT('',#1020) ;
#1028=VERTEX_POINT('',#1027) ;
#1035=VERTEX_POINT('',#1034) ;
#1042=VERTEX_POINT('',#1041) ;
#1049=VERTEX_POINT('',#1048) ;
#1056=VERTEX_POINT('',#1055) ;
#1063=VERTEX_POINT('',#1062) ;
#1070=VERTEX_POINT('',#1069) ;
#1077=VERTEX_POINT('',#1076) ;
#1084=VERTEX_POINT('',#1083) ;
#1091=VERTEX_POINT('',#1090) ;
#1098=VERTEX_POINT('',#1097) ;
#1105=VERTEX_POINT('',#1104) ;
#1112=VERTEX_POINT('',#1111) ;
#1119=VERTEX_POINT('',#1118) ;
#1126=VERTEX_POINT('',#1125) ;
#1133=VERTEX_POINT('',#1132) ;
#1140=VERTEX_POINT('',#1139) ;
#1147=VERTEX_POINT('',#1146) ;
#1154=VERTEX_POINT('',#1153) ;
#1161=VERTEX_POINT('',#1160) ;
#1168=VERTEX_POINT('',#1167) ;
#1175=VERTEX_POINT('',#1174) ;
#1182=VERTEX_POINT('',#1181) ;
#1189=VERTEX_POINT('',#1188) ;
#1196=VERTEX_POINT('',#1195) ;
#1203=VERTEX_POINT('',#1202) ;
#1210=VERTEX_POINT('',#1209) ;
#1217=VERTEX_POINT('',#1216) ;
#1224=VERTEX_POINT('',#1223) ;
#1231=VERTEX_POINT('',#1230) ;
#1238=VERTEX_POINT('',#1237) ;
#1245=VERTEX_POINT('',#1244) ;
#1252=VERTEX_POINT('',#1251) ;
#1259=VERTEX_POINT('',#1258) ;
#1266=VERTEX_POINT('',#1265) ;
#1273=VERTEX_POINT('',#1272) ;
#1280=VERTEX_POINT('',#1279) ;
#1287=VERTEX_POINT('',#1286) ;
#1294=VERTEX_POINT('',#1293) ;
#1301=VERTEX_POINT('',#1300) ;
#1308=VERTEX_POINT('',#1307) ;
#1315=VERTEX_POINT('',#1314) ;
#1322=VERTEX_POINT('',#1321) ;
#1329=VERTEX_POINT('',#1328) ;
#1336=VERTEX_POINT('',#1335) ;
#1343=VERTEX_POINT('',#1342) ;
#1350=VERTEX_POINT('',#1349) ;
#1357=VERTEX_POINT('',#1356) ;
#1364=VERTEX_POINT('',#1363) ;
#1371=VERTEX_POINT('',#1370) ;
#1378=VERTEX_POINT('',#1377) ;
#1385=VERTEX_POINT('',#1384) ;
#1392=VERTEX_POINT('',#1391) ;
#1399=VERTEX_POINT('',#1398) ;
#1406=VERTEX_POINT('',#1405) ;
#1413=VERTEX_POINT('',#1412) ;
#1420=VERTEX_POINT('',#1419) ;
#1427=VERTEX_POINT('',#1426) ;
#1434=VERTEX_POINT('',#1433) ;
#1441=VERTEX_POINT('',#1440) ;
#1448=VERTEX_POINT('',#1447) ;
#1455=VERTEX_POINT('',#1454) ;
#1462=VERTEX_POINT('',#1461) ;
#1469=VERTEX_POINT('',#1468) ;
#1476=VERTEX_POINT('',#1475) ;
#1483=VERTEX_POINT('',#1482) ;
#1490=VERTEX_POINT('',#1489) ;
#1497=VERTEX_POINT('',#1496) ;
#1504=VERTEX_POINT('',#1503) ;
#1511=VERTEX_POINT('',#1510) ;
#1518=VERTEX_POINT('',#1517) ;
#1525=VERTEX_POINT('',#1524) ;
#1532=VERTEX_POINT('',#1531) ;
#1539=VERTEX_POINT('',#1538) ;
#1546=VERTEX_POINT('',#1545) ;
#1553=VERTEX_POINT('',#1552) ;
#1560=VERTEX_POINT('',#1559) ;
#1567=VERTEX_POINT('',#1566) ;
#1574=VERTEX_POINT('',#1573) ;
#1581=VERTEX_POINT('',#1580) ;
#1713=VERTEX_POINT('',#1712) ;
#1715=VERTEX_POINT('',#1714) ;
#1722=VERTEX_POINT('',#1721) ;
#1729=VERTEX_POINT('',#1728) ;
#1736=VERTEX_POINT('',#1735) ;
#1743=VERTEX_POINT('',#1742) ;
#1750=VERTEX_POINT('',#1749) ;
#1757=VERTEX_POINT('',#1756) ;
#1764=VERTEX_POINT('',#1763) ;
#1771=VERTEX_POINT('',#1770) ;
#1778=VERTEX_POINT('',#1777) ;
#1785=VERTEX_POINT('',#1784) ;
#1792=VERTEX_POINT('',#1791) ;
#1799=VERTEX_POINT('',#1798) ;
#1806=VERTEX_POINT('',#1805) ;
#1813=VERTEX_POINT('',#1812) ;
#1820=VERTEX_POINT('',#1819) ;
#1827=VERTEX_POINT('',#1826) ;
#1834=VERTEX_POINT('',#1833) ;
#1841=VERTEX_POINT('',#1840) ;
#1848=VERTEX_POINT('',#1847) ;
#1855=VERTEX_POINT('',#1854) ;
#1891=VERTEX_POINT('',#1890) ;
#1893=VERTEX_POINT('',#1892) ;
#1900=VERTEX_POINT('',#1899) ;
#1907=VERTEX_POINT('',#1906) ;
#1914=VERTEX_POINT('',#1913) ;
#1921=VERTEX_POINT('',#1920) ;
#1928=VERTEX_POINT('',#1927) ;
#1935=VERTEX_POINT('',#1934) ;
#1942=VERTEX_POINT('',#1941) ;
#1949=VERTEX_POINT('',#1948) ;
#1956=VERTEX_POINT('',#1955) ;
#1963=VERTEX_POINT('',#1962) ;
#1970=VERTEX_POINT('',#1969) ;
#1977=VERTEX_POINT('',#1976) ;
#1984=VERTEX_POINT('',#1983) ;
#1991=VERTEX_POINT('',#1990) ;
#1998=VERTEX_POINT('',#1997) ;
#2005=VERTEX_POINT('',#2004) ;
#2012=VERTEX_POINT('',#2011) ;
#2019=VERTEX_POINT('',#2018) ;
#2026=VERTEX_POINT('',#2025) ;
#2033=VERTEX_POINT('',#2032) ;
#2040=VERTEX_POINT('',#2039) ;
#2047=VERTEX_POINT('',#2046) ;
#2054=VERTEX_POINT('',#2053) ;
#2061=VERTEX_POINT('',#2060) ;
#2068=VERTEX_POINT('',#2067) ;
#2075=VERTEX_POINT('',#2074) ;
#2082=VERTEX_POINT('',#2081) ;
#2089=VERTEX_POINT('',#2088) ;
#2096=VERTEX_POINT('',#2095) ;
#2103=VERTEX_POINT('',#2102) ;
#2110=VERTEX_POINT('',#2109) ;
#2117=VERTEX_POINT('',#2116) ;
#2165=VERTEX_POINT('',#2164) ;
#2167=VERTEX_POINT('',#2166) ;
#2174=VERTEX_POINT('',#2173) ;
#2181=VERTEX_POINT('',#2180) ;
#2188=VERTEX_POINT('',#2187) ;
#2195=VERTEX_POINT('',#2194) ;
#2202=VERTEX_POINT('',#2201) ;
#2209=VERTEX_POINT('',#2208) ;
#2216=VERTEX_POINT('',#2215) ;
#2223=VERTEX_POINT('',#2222) ;
#2230=VERTEX_POINT('',#2229) ;
#2237=VERTEX_POINT('',#2236) ;
#2244=VERTEX_POINT('',#2243) ;
#2251=VERTEX_POINT('',#2250) ;
#2258=VERTEX_POINT('',#2257) ;
#2265=VERTEX_POINT('',#2264) ;
#2272=VERTEX_POINT('',#2271) ;
#2279=VERTEX_POINT('',#2278) ;
#2286=VERTEX_POINT('',#2285) ;
#2293=VERTEX_POINT('',#2292) ;
#2300=VERTEX_POINT('',#2299) ;
#2307=VERTEX_POINT('',#2306) ;
#2314=VERTEX_POINT('',#2313) ;
#2321=VERTEX_POINT('',#2320) ;
#2328=VERTEX_POINT('',#2327) ;
#2335=VERTEX_POINT('',#2334) ;
#2342=VERTEX_POINT('',#2341) ;
#2349=VERTEX_POINT('',#2348) ;
#2356=VERTEX_POINT('',#2355) ;
#2363=VERTEX_POINT('',#2362) ;
#2370=VERTEX_POINT('',#2369) ;
#2377=VERTEX_POINT('',#2376) ;
#2384=VERTEX_POINT('',#2383) ;
#2391=VERTEX_POINT('',#2390) ;
#2398=VERTEX_POINT('',#2397) ;
#2405=VERTEX_POINT('',#2404) ;
#2412=VERTEX_POINT('',#2411) ;
#2419=VERTEX_POINT('',#2418) ;
#2426=VERTEX_POINT('',#2425) ;
#2433=VERTEX_POINT('',#2432) ;
#2440=VERTEX_POINT('',#2439) ;
#2447=VERTEX_POINT('',#2446) ;
#2454=VERTEX_POINT('',#2453) ;
#2461=VERTEX_POINT('',#2460) ;
#2468=VERTEX_POINT('',#2467) ;
#2475=VERTEX_POINT('',#2474) ;
#2482=VERTEX_POINT('',#2481) ;
#2489=VERTEX_POINT('',#2488) ;
#2496=VERTEX_POINT('',#2495) ;
#2503=VERTEX_POINT('',#2502) ;
#2510=VERTEX_POINT('',#2509) ;
#2517=VERTEX_POINT('',#2516) ;
#2524=VERTEX_POINT('',#2523) ;
#2531=VERTEX_POINT('',#2530) ;
#2538=VERTEX_POINT('',#2537) ;
#2545=VERTEX_POINT('',#2544) ;
#2552=VERTEX_POINT('',#2551) ;
#2559=VERTEX_POINT('',#2558) ;
#2566=VERTEX_POINT('',#2565) ;
#2573=VERTEX_POINT('',#2572) ;
#2580=VERTEX_POINT('',#2579) ;
#2587=VERTEX_POINT('',#2586) ;
#2594=VERTEX_POINT('',#2593) ;
#2601=VERTEX_POINT('',#2600) ;
#2608=VERTEX_POINT('',#2607) ;
#2615=VERTEX_POINT('',#2614) ;
#2622=VERTEX_POINT('',#2621) ;
#2629=VERTEX_POINT('',#2628) ;
#2636=VERTEX_POINT('',#2635) ;
#2643=VERTEX_POINT('',#2642) ;
#2650=VERTEX_POINT('',#2649) ;
#2657=VERTEX_POINT('',#2656) ;
#2664=VERTEX_POINT('',#2663) ;
#2671=VERTEX_POINT('',#2670) ;
#2678=VERTEX_POINT('',#2677) ;
#2685=VERTEX_POINT('',#2684) ;
#2692=VERTEX_POINT('',#2691) ;
#2699=VERTEX_POINT('',#2698) ;
#2706=VERTEX_POINT('',#2705) ;
#2713=VERTEX_POINT('',#2712) ;
#2720=VERTEX_POINT('',#2719) ;
#2727=VERTEX_POINT('',#2726) ;
#2734=VERTEX_POINT('',#2733) ;
#2741=VERTEX_POINT('',#2740) ;
#2748=VERTEX_POINT('',#2747) ;
#2755=VERTEX_POINT('',#2754) ;
#2762=VERTEX_POINT('',#2761) ;
#2769=VERTEX_POINT('',#2768) ;
#2776=VERTEX_POINT('',#2775) ;
#2783=VERTEX_POINT('',#2782) ;
#2790=VERTEX_POINT('',#2789) ;
#2797=VERTEX_POINT('',#2796) ;
#2804=VERTEX_POINT('',#2803) ;
#2811=VERTEX_POINT('',#2810) ;
#2818=VERTEX_POINT('',#2817) ;
#2825=VERTEX_POINT('',#2824) ;
#2832=VERTEX_POINT('',#2831) ;
#2839=VERTEX_POINT('',#2838) ;
#2846=VERTEX_POINT('',#2845) ;
#2853=VERTEX_POINT('',#2852) ;
#2860=VERTEX_POINT('',#2859) ;
#2867=VERTEX_POINT('',#2866) ;
#2874=VERTEX_POINT('',#2873) ;
#2881=VERTEX_POINT('',#2880) ;
#2888=VERTEX_POINT('',#2887) ;
#2895=VERTEX_POINT('',#2894) ;
#2902=VERTEX_POINT('',#2901) ;
#2909=VERTEX_POINT('',#2908) ;
#2916=VERTEX_POINT('',#2915) ;
#2923=VERTEX_POINT('',#2922) ;
#2930=VERTEX_POINT('',#2929) ;
#2937=VERTEX_POINT('',#2936) ;
#2944=VERTEX_POINT('',#2943) ;
#2951=VERTEX_POINT('',#2950) ;
#2958=VERTEX_POINT('',#2957) ;
#2965=VERTEX_POINT('',#2964) ;
#2972=VERTEX_POINT('',#2971) ;
#2979=VERTEX_POINT('',#2978) ;
#2986=VERTEX_POINT('',#2985) ;
#2993=VERTEX_POINT('',#2992) ;
#3000=VERTEX_POINT('',#2999) ;
#3007=VERTEX_POINT('',#3006) ;
#3014=VERTEX_POINT('',#3013) ;
#3021=VERTEX_POINT('',#3020) ;
#3028=VERTEX_POINT('',#3027) ;
#3035=VERTEX_POINT('',#3034) ;
#3042=VERTEX_POINT('',#3041) ;
#3049=VERTEX_POINT('',#3048) ;
#3056=VERTEX_POINT('',#3055) ;
#3063=VERTEX_POINT('',#3062) ;
#3070=VERTEX_POINT('',#3069) ;
#3077=VERTEX_POINT('',#3076) ;
#3084=VERTEX_POINT('',#3083) ;
#3091=VERTEX_POINT('',#3090) ;
#3098=VERTEX_POINT('',#3097) ;
#3105=VERTEX_POINT('',#3104) ;
#3112=VERTEX_POINT('',#3111) ;
#3119=VERTEX_POINT('',#3118) ;
#3271=VERTEX_POINT('',#3270) ;
#3273=VERTEX_POINT('',#3272) ;
#3280=VERTEX_POINT('',#3279) ;
#3287=VERTEX_POINT('',#3286) ;
#3294=VERTEX_POINT('',#3293) ;
#3301=VERTEX_POINT('',#3300) ;
#3308=VERTEX_POINT('',#3307) ;
#3315=VERTEX_POINT('',#3314) ;
#3322=VERTEX_POINT('',#3321) ;
#3329=VERTEX_POINT('',#3328) ;
#3336=VERTEX_POINT('',#3335) ;
#3343=VERTEX_POINT('',#3342) ;
#3350=VERTEX_POINT('',#3349) ;
#3357=VERTEX_POINT('',#3356) ;
#3364=VERTEX_POINT('',#3363) ;
#3371=VERTEX_POINT('',#3370) ;
#3378=VERTEX_POINT('',#3377) ;
#3385=VERTEX_POINT('',#3384) ;
#3392=VERTEX_POINT('',#3391) ;
#3399=VERTEX_POINT('',#3398) ;
#3406=VERTEX_POINT('',#3405) ;
#3413=VERTEX_POINT('',#3412) ;
#3449=VERTEX_POINT('',#3448) ;
#3451=VERTEX_POINT('',#3450) ;
#3458=VERTEX_POINT('',#3457) ;
#3465=VERTEX_POINT('',#3464) ;
#3483=VERTEX_POINT('',#3482) ;
#3485=VERTEX_POINT('',#3484) ;
#3492=VERTEX_POINT('',#3491) ;
#3499=VERTEX_POINT('',#3498) ;
#3506=VERTEX_POINT('',#3505) ;
#3513=VERTEX_POINT('',#3512) ;
#3520=VERTEX_POINT('',#3519) ;
#3527=VERTEX_POINT('',#3526) ;
#3534=VERTEX_POINT('',#3533) ;
#3541=VERTEX_POINT('',#3540) ;
#3566=VERTEX_POINT('',#3565) ;
#3568=VERTEX_POINT('',#3567) ;
#3585=VERTEX_POINT('',#3584) ;
#3587=VERTEX_POINT('',#3586) ;
#3604=VERTEX_POINT('',#3603) ;
#3606=VERTEX_POINT('',#3605) ;
#3623=VERTEX_POINT('',#3622) ;
#3625=VERTEX_POINT('',#3624) ;
#3642=VERTEX_POINT('',#3641) ;
#3644=VERTEX_POINT('',#3643) ;
#3661=VERTEX_POINT('',#3660) ;
#3663=VERTEX_POINT('',#3662) ;
#3680=VERTEX_POINT('',#3679) ;
#3682=VERTEX_POINT('',#3681) ;
#3699=VERTEX_POINT('',#3698) ;
#3701=VERTEX_POINT('',#3700) ;
#3723=VERTEX_POINT('',#3722) ;
#3725=VERTEX_POINT('',#3724) ;
#3732=VERTEX_POINT('',#3731) ;
#3739=VERTEX_POINT('',#3738) ;
#3746=VERTEX_POINT('',#3745) ;
#3753=VERTEX_POINT('',#3752) ;
#3760=VERTEX_POINT('',#3759) ;
#3767=VERTEX_POINT('',#3766) ;
#3774=VERTEX_POINT('',#3773) ;
#3781=VERTEX_POINT('',#3780) ;
#3788=VERTEX_POINT('',#3787) ;
#3795=VERTEX_POINT('',#3794) ;
#3802=VERTEX_POINT('',#3801) ;
#3809=VERTEX_POINT('',#3808) ;
#3816=VERTEX_POINT('',#3815) ;
#3823=VERTEX_POINT('',#3822) ;
#3830=VERTEX_POINT('',#3829) ;
#3837=VERTEX_POINT('',#3836) ;
#3844=VERTEX_POINT('',#3843) ;
#3851=VERTEX_POINT('',#3850) ;
#3858=VERTEX_POINT('',#3857) ;
#3865=VERTEX_POINT('',#3864) ;
#3872=VERTEX_POINT('',#3871) ;
#3879=VERTEX_POINT('',#3878) ;
#3886=VERTEX_POINT('',#3885) ;
#3893=VERTEX_POINT('',#3892) ;
#3900=VERTEX_POINT('',#3899) ;
#3907=VERTEX_POINT('',#3906) ;
#3914=VERTEX_POINT('',#3913) ;
#3921=VERTEX_POINT('',#3920) ;
#3928=VERTEX_POINT('',#3927) ;
#3935=VERTEX_POINT('',#3934) ;
#3942=VERTEX_POINT('',#3941) ;
#3949=VERTEX_POINT('',#3948) ;
#3956=VERTEX_POINT('',#3955) ;
#3963=VERTEX_POINT('',#3962) ;
#3970=VERTEX_POINT('',#3969) ;
#3977=VERTEX_POINT('',#3976) ;
#3984=VERTEX_POINT('',#3983) ;
#3991=VERTEX_POINT('',#3990) ;
#3998=VERTEX_POINT('',#3997) ;
#4005=VERTEX_POINT('',#4004) ;
#4012=VERTEX_POINT('',#4011) ;
#4019=VERTEX_POINT('',#4018) ;
#4026=VERTEX_POINT('',#4025) ;
#4033=VERTEX_POINT('',#4032) ;
#4040=VERTEX_POINT('',#4039) ;
#4047=VERTEX_POINT('',#4046) ;
#4054=VERTEX_POINT('',#4053) ;
#4061=VERTEX_POINT('',#4060) ;
#4068=VERTEX_POINT('',#4067) ;
#4075=VERTEX_POINT('',#4074) ;
#4082=VERTEX_POINT('',#4081) ;
#4089=VERTEX_POINT('',#4088) ;
#4096=VERTEX_POINT('',#4095) ;
#4103=VERTEX_POINT('',#4102) ;
#4110=VERTEX_POINT('',#4109) ;
#4117=VERTEX_POINT('',#4116) ;
#4124=VERTEX_POINT('',#4123) ;
#4131=VERTEX_POINT('',#4130) ;
#4138=VERTEX_POINT('',#4137) ;
#4145=VERTEX_POINT('',#4144) ;
#4152=VERTEX_POINT('',#4151) ;
#4159=VERTEX_POINT('',#4158) ;
#4166=VERTEX_POINT('',#4165) ;
#4173=VERTEX_POINT('',#4172) ;
#4180=VERTEX_POINT('',#4179) ;
#4187=VERTEX_POINT('',#4186) ;
#4194=VERTEX_POINT('',#4193) ;
#4201=VERTEX_POINT('',#4200) ;
#4208=VERTEX_POINT('',#4207) ;
#4215=VERTEX_POINT('',#4214) ;
#4222=VERTEX_POINT('',#4221) ;
#4229=VERTEX_POINT('',#4228) ;
#4236=VERTEX_POINT('',#4235) ;
#4243=VERTEX_POINT('',#4242) ;
#4250=VERTEX_POINT('',#4249) ;
#4257=VERTEX_POINT('',#4256) ;
#4264=VERTEX_POINT('',#4263) ;
#4271=VERTEX_POINT('',#4270) ;
#4278=VERTEX_POINT('',#4277) ;
#4285=VERTEX_POINT('',#4284) ;
#4292=VERTEX_POINT('',#4291) ;
#4299=VERTEX_POINT('',#4298) ;
#4306=VERTEX_POINT('',#4305) ;
#4313=VERTEX_POINT('',#4312) ;
#4320=VERTEX_POINT('',#4319) ;
#4327=VERTEX_POINT('',#4326) ;
#4334=VERTEX_POINT('',#4333) ;
#4341=VERTEX_POINT('',#4340) ;
#4348=VERTEX_POINT('',#4347) ;
#4355=VERTEX_POINT('',#4354) ;
#4362=VERTEX_POINT('',#4361) ;
#4369=VERTEX_POINT('',#4368) ;
#4376=VERTEX_POINT('',#4375) ;
#4383=VERTEX_POINT('',#4382) ;
#4390=VERTEX_POINT('',#4389) ;
#4397=VERTEX_POINT('',#4396) ;
#4404=VERTEX_POINT('',#4403) ;
#4411=VERTEX_POINT('',#4410) ;
#4418=VERTEX_POINT('',#4417) ;
#4425=VERTEX_POINT('',#4424) ;
#4432=VERTEX_POINT('',#4431) ;
#4439=VERTEX_POINT('',#4438) ;
#4446=VERTEX_POINT('',#4445) ;
#4453=VERTEX_POINT('',#4452) ;
#4460=VERTEX_POINT('',#4459) ;
#4467=VERTEX_POINT('',#4466) ;
#4474=VERTEX_POINT('',#4473) ;
#4481=VERTEX_POINT('',#4480) ;
#4488=VERTEX_POINT('',#4487) ;
#4495=VERTEX_POINT('',#4494) ;
#4502=VERTEX_POINT('',#4501) ;
#4509=VERTEX_POINT('',#4508) ;
#4516=VERTEX_POINT('',#4515) ;
#4523=VERTEX_POINT('',#4522) ;
#4530=VERTEX_POINT('',#4529) ;
#4537=VERTEX_POINT('',#4536) ;
#4544=VERTEX_POINT('',#4543) ;
#4551=VERTEX_POINT('',#4550) ;
#4558=VERTEX_POINT('',#4557) ;
#4565=VERTEX_POINT('',#4564) ;
#4572=VERTEX_POINT('',#4571) ;
#4579=VERTEX_POINT('',#4578) ;
#4586=VERTEX_POINT('',#4585) ;
#4593=VERTEX_POINT('',#4592) ;
#4600=VERTEX_POINT('',#4599) ;
#4607=VERTEX_POINT('',#4606) ;
#4614=VERTEX_POINT('',#4613) ;
#4621=VERTEX_POINT('',#4620) ;
#4628=VERTEX_POINT('',#4627) ;
#4635=VERTEX_POINT('',#4634) ;
#4642=VERTEX_POINT('',#4641) ;
#4649=VERTEX_POINT('',#4648) ;
#4656=VERTEX_POINT('',#4655) ;
#4663=VERTEX_POINT('',#4662) ;
#4670=VERTEX_POINT('',#4669) ;
#4677=VERTEX_POINT('',#4676) ;
#8130=VERTEX_POINT('',#8129) ;
#8132=VERTEX_POINT('',#8131) ;
#8139=VERTEX_POINT('',#8138) ;
#8146=VERTEX_POINT('',#8145) ;
#8153=VERTEX_POINT('',#8152) ;
#8160=VERTEX_POINT('',#8159) ;
#8167=VERTEX_POINT('',#8166) ;
#8174=VERTEX_POINT('',#8173) ;
#8181=VERTEX_POINT('',#8180) ;
#8188=VERTEX_POINT('',#8187) ;
#8195=VERTEX_POINT('',#8194) ;
#8202=VERTEX_POINT('',#8201) ;
#8209=VERTEX_POINT('',#8208) ;
#8216=VERTEX_POINT('',#8215) ;
#8223=VERTEX_POINT('',#8222) ;
#8230=VERTEX_POINT('',#8229) ;
#8237=VERTEX_POINT('',#8236) ;
#8244=VERTEX_POINT('',#8243) ;
#8251=VERTEX_POINT('',#8250) ;
#8258=VERTEX_POINT('',#8257) ;
#8265=VERTEX_POINT('',#8264) ;
#8272=VERTEX_POINT('',#8271) ;
#8279=VERTEX_POINT('',#8278) ;
#8286=VERTEX_POINT('',#8285) ;
#8293=VERTEX_POINT('',#8292) ;
#8300=VERTEX_POINT('',#8299) ;
#8307=VERTEX_POINT('',#8306) ;
#8314=VERTEX_POINT('',#8313) ;
#8321=VERTEX_POINT('',#8320) ;
#8328=VERTEX_POINT('',#8327) ;
#8335=VERTEX_POINT('',#8334) ;
#8342=VERTEX_POINT('',#8341) ;
#8349=VERTEX_POINT('',#8348) ;
#8356=VERTEX_POINT('',#8355) ;
#8363=VERTEX_POINT('',#8362) ;
#8370=VERTEX_POINT('',#8369) ;
#8377=VERTEX_POINT('',#8376) ;
#8384=VERTEX_POINT('',#8383) ;
#8391=VERTEX_POINT('',#8390) ;
#8398=VERTEX_POINT('',#8397) ;
#8405=VERTEX_POINT('',#8404) ;
#8412=VERTEX_POINT('',#8411) ;
#8419=VERTEX_POINT('',#8418) ;
#8426=VERTEX_POINT('',#8425) ;
#8433=VERTEX_POINT('',#8432) ;
#8440=VERTEX_POINT('',#8439) ;
#8447=VERTEX_POINT('',#8446) ;
#8454=VERTEX_POINT('',#8453) ;
#8461=VERTEX_POINT('',#8460) ;
#8468=VERTEX_POINT('',#8467) ;
#8475=VERTEX_POINT('',#8474) ;
#8482=VERTEX_POINT('',#8481) ;
#8489=VERTEX_POINT('',#8488) ;
#8496=VERTEX_POINT('',#8495) ;
#8503=VERTEX_POINT('',#8502) ;
#8510=VERTEX_POINT('',#8509) ;
#8517=VERTEX_POINT('',#8516) ;
#8524=VERTEX_POINT('',#8523) ;
#8531=VERTEX_POINT('',#8530) ;
#8538=VERTEX_POINT('',#8537) ;
#8545=VERTEX_POINT('',#8544) ;
#8552=VERTEX_POINT('',#8551) ;
#8559=VERTEX_POINT('',#8558) ;
#8566=VERTEX_POINT('',#8565) ;
#8573=VERTEX_POINT('',#8572) ;
#8580=VERTEX_POINT('',#8579) ;
#8587=VERTEX_POINT('',#8586) ;
#8594=VERTEX_POINT('',#8593) ;
#8601=VERTEX_POINT('',#8600) ;
#8608=VERTEX_POINT('',#8607) ;
#8615=VERTEX_POINT('',#8614) ;
#8622=VERTEX_POINT('',#8621) ;
#8629=VERTEX_POINT('',#8628) ;
#8636=VERTEX_POINT('',#8635) ;
#8643=VERTEX_POINT('',#8642) ;
#8650=VERTEX_POINT('',#8649) ;
#8657=VERTEX_POINT('',#8656) ;
#8664=VERTEX_POINT('',#8663) ;
#8671=VERTEX_POINT('',#8670) ;
#8678=VERTEX_POINT('',#8677) ;
#8685=VERTEX_POINT('',#8684) ;
#8692=VERTEX_POINT('',#8691) ;
#8699=VERTEX_POINT('',#8698) ;
#8706=VERTEX_POINT('',#8705) ;
#8713=VERTEX_POINT('',#8712) ;
#8720=VERTEX_POINT('',#8719) ;
#8727=VERTEX_POINT('',#8726) ;
#8734=VERTEX_POINT('',#8733) ;
#8741=VERTEX_POINT('',#8740) ;
#8748=VERTEX_POINT('',#8747) ;
#8755=VERTEX_POINT('',#8754) ;
#8762=VERTEX_POINT('',#8761) ;
#8769=VERTEX_POINT('',#8768) ;
#8776=VERTEX_POINT('',#8775) ;
#8783=VERTEX_POINT('',#8782) ;
#8790=VERTEX_POINT('',#8789) ;
#8797=VERTEX_POINT('',#8796) ;
#8804=VERTEX_POINT('',#8803) ;
#8811=VERTEX_POINT('',#8810) ;
#8818=VERTEX_POINT('',#8817) ;
#8825=VERTEX_POINT('',#8824) ;
#8832=VERTEX_POINT('',#8831) ;
#8839=VERTEX_POINT('',#8838) ;
#8846=VERTEX_POINT('',#8845) ;
#8853=VERTEX_POINT('',#8852) ;
#8860=VERTEX_POINT('',#8859) ;
#8867=VERTEX_POINT('',#8866) ;
#8874=VERTEX_POINT('',#8873) ;
#8881=VERTEX_POINT('',#8880) ;
#8888=VERTEX_POINT('',#8887) ;
#8895=VERTEX_POINT('',#8894) ;
#8902=VERTEX_POINT('',#8901) ;
#8909=VERTEX_POINT('',#8908) ;
#8916=VERTEX_POINT('',#8915) ;
#8923=VERTEX_POINT('',#8922) ;
#8930=VERTEX_POINT('',#8929) ;
#8937=VERTEX_POINT('',#8936) ;
#8944=VERTEX_POINT('',#8943) ;
#11916=VERTEX_POINT('',#11915) ;
#11918=VERTEX_POINT('',#11917) ;
#11925=VERTEX_POINT('',#11924) ;
#11932=VERTEX_POINT('',#11931) ;
#12054=VERTEX_POINT('',#12053) ;
#12056=VERTEX_POINT('',#12055) ;
#12063=VERTEX_POINT('',#12062) ;
#12070=VERTEX_POINT('',#12069) ;
#12077=VERTEX_POINT('',#12076) ;
#12084=VERTEX_POINT('',#12083) ;
#12091=VERTEX_POINT('',#12090) ;
#12098=VERTEX_POINT('',#12097) ;
#12105=VERTEX_POINT('',#12104) ;
#12112=VERTEX_POINT('',#12111) ;
#12119=VERTEX_POINT('',#12118) ;
#12126=VERTEX_POINT('',#12125) ;
#12133=VERTEX_POINT('',#12132) ;
#12140=VERTEX_POINT('',#12139) ;
#12147=VERTEX_POINT('',#12146) ;
#12154=VERTEX_POINT('',#12153) ;
#12161=VERTEX_POINT('',#12160) ;
#12168=VERTEX_POINT('',#12167) ;
#12175=VERTEX_POINT('',#12174) ;
#12182=VERTEX_POINT('',#12181) ;
#12189=VERTEX_POINT('',#12188) ;
#12196=VERTEX_POINT('',#12195) ;
#12768=VERTEX_POINT('',#12767) ;
#12770=VERTEX_POINT('',#12769) ;
#12777=VERTEX_POINT('',#12776) ;
#12784=VERTEX_POINT('',#12783) ;
#12791=VERTEX_POINT('',#12790) ;
#12798=VERTEX_POINT('',#12797) ;
#12805=VERTEX_POINT('',#12804) ;
#12812=VERTEX_POINT('',#12811) ;
#12819=VERTEX_POINT('',#12818) ;
#12826=VERTEX_POINT('',#12825) ;
#12833=VERTEX_POINT('',#12832) ;
#12840=VERTEX_POINT('',#12839) ;
#12847=VERTEX_POINT('',#12846) ;
#12854=VERTEX_POINT('',#12853) ;
#12861=VERTEX_POINT('',#12860) ;
#12868=VERTEX_POINT('',#12867) ;
#12875=VERTEX_POINT('',#12874) ;
#12882=VERTEX_POINT('',#12881) ;
#12889=VERTEX_POINT('',#12888) ;
#12896=VERTEX_POINT('',#12895) ;
#12903=VERTEX_POINT('',#12902) ;
#12910=VERTEX_POINT('',#12909) ;
#13482=VERTEX_POINT('',#13481) ;
#13484=VERTEX_POINT('',#13483) ;
#13491=VERTEX_POINT('',#13490) ;
#13498=VERTEX_POINT('',#13497) ;
#13505=VERTEX_POINT('',#13504) ;
#13512=VERTEX_POINT('',#13511) ;
#13519=VERTEX_POINT('',#13518) ;
#13526=VERTEX_POINT('',#13525) ;
#13533=VERTEX_POINT('',#13532) ;
#13540=VERTEX_POINT('',#13539) ;
#13547=VERTEX_POINT('',#13546) ;
#13554=VERTEX_POINT('',#13553) ;
#13561=VERTEX_POINT('',#13560) ;
#13568=VERTEX_POINT('',#13567) ;
#13575=VERTEX_POINT('',#13574) ;
#13582=VERTEX_POINT('',#13581) ;
#13589=VERTEX_POINT('',#13588) ;
#13596=VERTEX_POINT('',#13595) ;
#13603=VERTEX_POINT('',#13602) ;
#13610=VERTEX_POINT('',#13609) ;
#13617=VERTEX_POINT('',#13616) ;
#13624=VERTEX_POINT('',#13623) ;
#13631=VERTEX_POINT('',#13630) ;
#13638=VERTEX_POINT('',#13637) ;
#13645=VERTEX_POINT('',#13644) ;
#13652=VERTEX_POINT('',#13651) ;
#13659=VERTEX_POINT('',#13658) ;
#13666=VERTEX_POINT('',#13665) ;
#13673=VERTEX_POINT('',#13672) ;
#13680=VERTEX_POINT('',#13679) ;
#13687=VERTEX_POINT('',#13686) ;
#13694=VERTEX_POINT('',#13693) ;
#13701=VERTEX_POINT('',#13700) ;
#13708=VERTEX_POINT('',#13707) ;
#14580=VERTEX_POINT('',#14579) ;
#14582=VERTEX_POINT('',#14581) ;
#14589=VERTEX_POINT('',#14588) ;
#14596=VERTEX_POINT('',#14595) ;
#14603=VERTEX_POINT('',#14602) ;
#14610=VERTEX_POINT('',#14609) ;
#14617=VERTEX_POINT('',#14616) ;
#14624=VERTEX_POINT('',#14623) ;
#14631=VERTEX_POINT('',#14630) ;
#14638=VERTEX_POINT('',#14637) ;
#14890=VERTEX_POINT('',#14889) ;
#14892=VERTEX_POINT('',#14891) ;
#14908=VERTEX_POINT('',#14907) ;
#14910=VERTEX_POINT('',#14909) ;
#14926=VERTEX_POINT('',#14925) ;
#14928=VERTEX_POINT('',#14927) ;
#14944=VERTEX_POINT('',#14943) ;
#14946=VERTEX_POINT('',#14945) ;
#14962=VERTEX_POINT('',#14961) ;
#14964=VERTEX_POINT('',#14963) ;
#14980=VERTEX_POINT('',#14979) ;
#14982=VERTEX_POINT('',#14981) ;
#14998=VERTEX_POINT('',#14997) ;
#15000=VERTEX_POINT('',#14999) ;
#15016=VERTEX_POINT('',#15015) ;
#15018=VERTEX_POINT('',#15017) ;
#15034=VERTEX_POINT('',#15033) ;
#15036=VERTEX_POINT('',#15035) ;
#15052=VERTEX_POINT('',#15051) ;
#15054=VERTEX_POINT('',#15053) ;
#12=(LENGTH_UNIT()NAMED_UNIT(*)SI_UNIT(.MILLI.,.METRE.)) ;
#13=(NAMED_UNIT(*)PLANE_ANGLE_UNIT()SI_UNIT($,.RADIAN.)) ;
#15=(NAMED_UNIT(*)SI_UNIT($,.STERADIAN.)SOLID_ANGLE_UNIT()) ;
#18=(CONVERSION_BASED_UNIT('INCH',#16)LENGTH_UNIT()NAMED_UNIT(#17)) ;
#20=(GEOMETRIC_REPRESENTATION_CONTEXT(3)GLOBAL_UNCERTAINTY_ASSIGNED_CONTEXT((#19))GLOBAL_UNIT_ASSIGNED_CONTEXT((#18,#13,#15))REPRESENTATION_CONTEXT(' ',' ')) ;
ENDSEC;
END-ISO-10303-21;
