ISO-10303-21;
HEADER;
FILE_DESCRIPTION(('3D STEP'),'2;1');

FILE_NAME('Y:\\parts\\TexasFlange\\Export\\B16_5-C150\\RFWN\\Neutral-Files\\6-150-WELD-NECK-RF-40-FLANGE.stp','2013-01-26T05:25:08+00:00',('Texas Flange'),('sales@texasflange.comv'),'CATIA Version 5 Release 20 SP 6 (IN-10)','CATIA V5 STEP AP214','800-826-3801');

FILE_SCHEMA(('AUTOMOTIVE_DESIGN { 1 0 10303 214 1 1 1 1 }'));

ENDSEC;
/* file written by CATIA V5R20 */
DATA;
#5=PRODUCT('6-150-WELD-NECK-RF-40-FLANGE','150-WELD-NECK-RF','',(#2)) ;
#2=PRODUCT_CONTEXT(' ',#1,'mechanical') ;
#1=APPLICATION_CONTEXT('automotive design') ;
#10=PRODUCT_DEFINITION('NOM PIPE SIZE 6 X SCH 40',' ',#6,#3) ;
#3=PRODUCT_DEFINITION_CONTEXT('part definition',#1,' ') ;
#11=PRODUCT_DEFINITION_SHAPE(' ',' ',#10) ;
#17=DIMENSIONAL_EXPONENTS(1.,0.,0.,0.,0.,0.,0.) ;
#15765=MECHANICAL_DESIGN_GEOMETRIC_PRESENTATION_REPRESENTATION(' ',(#5092,#5121,#5145,#5169,#5193,#5217,#5241,#5265,#5289,#5313,#5337,#5361,#5385,#5409,#5433,#5457,#5481,#5505,#5529,#5553,#5577,#5601,#5625,#5649,#5673,#5697,#5716,#5740,#5764,#5788,#5812,#5836,#5860,#5884,#5908,#5932,#5956,#5980,#6004,#6028,#6052,#6076,#6100,#6124,#6148,#6172,#6196,#6220,#6239,#6263,#6287,#6311,#6335,#6359,#6383,#6407,#6431,#6455,#6479,#6503,#6527,#6551,#6575,#6599,#6623,#6647,#6671,#6695,#6719,#6743,#6767,#6791,#6815,#6839,#6863,#6887,#6911,#6935,#6959,#6983,#7007,#7031,#7055,#7079,#7103,#7127,#7151,#7175,#7199,#7223,#7247,#7271,#7295,#7319,#7343,#7362,#7381,#7405,#7429,#7453,#7477,#7501,#7525,#7549,#7573,#7597,#7621,#7645,#7669,#7693,#7717,#7741,#7765,#7789,#7813,#7837,#7861,#7885,#7909,#7933,#7957,#7981,#8005,#8029,#8053,#8077,#8101,#8125,#8149,#8173,#8197,#8221,#8245,#8269,#8293,#8317,#8341,#8365,#8384,#9338,#9367,#9391,#9415,#9439,#9463,#9487,#9511,#9535,#9559,#9583,#9607,#9631,#9655,#9679,#9703,#9727,#9751,#9775,#9799,#9823,#9847,#9871,#9895,#9919,#9943,#9967,#9991,#10015,#10039,#10063,#10087,#10111,#10135,#10159,#10183,#10207,#10231,#10255,#10279,#10303,#10327,#10351,#10375,#10399,#10423,#10447,#10471,#10495,#10519,#10543,#10567,#10591,#10615,#10639,#10663,#10687,#10711,#10735,#10759,#10783,#10807,#10831,#10855,#10879,#10903,#10927,#10951,#10975,#10999,#11023,#11047,#11071,#11095,#11119,#11143,#11167,#11191,#11215,#11239,#11263,#11287,#11311,#11335,#11359,#11383,#11407,#11431,#11455,#11479,#11503,#11527,#11551,#11575,#11599,#11623,#11647,#11671,#11695,#11719,#11743,#11767,#11791,#11815,#11839,#11863,#11887,#11911,#11935,#11959,#11983,#12007,#12031,#12055,#12079,#12103,#12127,#12151,#12170,#12212,#12241,#12265,#12289,#12308,#12494,#12523,#12547,#12571,#12595,#12619,#12643,#12667,#12691,#12715,#12739,#12763,#12787,#12811,#12835,#12859,#12883,#12907,#12931,#12955,#12979,#13003,#13022,#13208,#13237,#13261,#13285,#13309,#13333,#13357,#13381,#13405,#13429,#13453,#13477,#13501,#13525,#13549,#13573,#13597,#13621,#13645,#13669,#13693,#13717,#13736,#14018,#14047,#14071,#14095,#14119,#14143,#14167,#14191,#14215,#14239,#14263,#14287,#14311,#14335,#14359,#14383,#14407,#14431,#14455,#14479,#14503,#14527,#14551,#14575,#14599,#14623,#14647,#14671,#14695,#14719,#14743,#14767,#14791,#14815,#14834,#14924,#14953,#14977,#14996,#15020,#15039,#15063,#15082,#15106,#15125,#15144,#15332,#15361,#15375,#15404,#15418,#15447,#15461,#15490,#15504,#15533,#15547,#15576,#15590,#15619,#15633,#15662,#15676,#15705,#15719,#15748,#15762,#33),#20) ;
#23=SHAPE_REPRESENTATION(' ',(#22),#20) ;
#22=AXIS2_PLACEMENT_3D(' ',#21,$,$) ;
#38=AXIS2_PLACEMENT_3D('Cylinder Axis2P3D',#35,#36,#37) ;
#51=AXIS2_PLACEMENT_3D('Circle Axis2P3D',#49,#50,$) ;
#65=AXIS2_PLACEMENT_3D('Circle Axis2P3D',#63,#64,$) ;
#77=AXIS2_PLACEMENT_3D('Circle Axis2P3D',#75,#76,$) ;
#82=AXIS2_PLACEMENT_3D('Circle Axis2P3D',#80,#81,$) ;
#95=AXIS2_PLACEMENT_3D('Cylinder Axis2P3D',#92,#93,#94) ;
#99=AXIS2_PLACEMENT_3D('Circle Axis2P3D',#97,#98,$) ;
#115=AXIS2_PLACEMENT_3D('Circle Axis2P3D',#113,#114,$) ;
#134=AXIS2_PLACEMENT_3D('Circle Axis2P3D',#132,#133,$) ;
#139=AXIS2_PLACEMENT_3D('Circle Axis2P3D',#137,#138,$) ;
#152=AXIS2_PLACEMENT_3D('Torus Axis2P3D',#149,#150,#151) ;
#156=AXIS2_PLACEMENT_3D('Circle Axis2P3D',#154,#155,$) ;
#165=AXIS2_PLACEMENT_3D('Circle Axis2P3D',#163,#164,$) ;
#172=AXIS2_PLACEMENT_3D('Circle Axis2P3D',#170,#171,$) ;
#179=AXIS2_PLACEMENT_3D('Circle Axis2P3D',#177,#178,$) ;
#191=AXIS2_PLACEMENT_3D('Circle Axis2P3D',#189,#190,$) ;
#196=AXIS2_PLACEMENT_3D('Circle Axis2P3D',#194,#195,$) ;
#209=AXIS2_PLACEMENT_3D('Cone Axis2P3D',#206,#207,#208) ;
#220=AXIS2_PLACEMENT_3D('Circle Axis2P3D',#218,#219,$) ;
#239=AXIS2_PLACEMENT_3D('Circle Axis2P3D',#237,#238,$) ;
#252=AXIS2_PLACEMENT_3D('Cylinder Axis2P3D',#249,#250,#251) ;
#270=AXIS2_PLACEMENT_3D('Circle Axis2P3D',#268,#269,$) ;
#277=AXIS2_PLACEMENT_3D('Circle Axis2P3D',#275,#276,$) ;
#290=AXIS2_PLACEMENT_3D('Circle Axis2P3D',#288,#289,$) ;
#297=AXIS2_PLACEMENT_3D('Circle Axis2P3D',#295,#296,$) ;
#311=AXIS2_PLACEMENT_3D('Cone Axis2P3D',#308,#309,#310) ;
#322=AXIS2_PLACEMENT_3D('Circle Axis2P3D',#320,#321,$) ;
#343=AXIS2_PLACEMENT_3D('Cylinder Axis2P3D',#340,#341,#342) ;
#347=AXIS2_PLACEMENT_3D('Circle Axis2P3D',#345,#346,$) ;
#363=AXIS2_PLACEMENT_3D('Circle Axis2P3D',#361,#362,$) ;
#382=AXIS2_PLACEMENT_3D('Circle Axis2P3D',#380,#381,$) ;
#387=AXIS2_PLACEMENT_3D('Circle Axis2P3D',#385,#386,$) ;
#400=AXIS2_PLACEMENT_3D('Plane Axis2P3D',#397,#398,#399) ;
#404=AXIS2_PLACEMENT_3D('Circle Axis2P3D',#402,#403,$) ;
#413=AXIS2_PLACEMENT_3D('Circle Axis2P3D',#411,#412,$) ;
#428=AXIS2_PLACEMENT_3D('Plane Axis2P3D',#425,#426,#427) ;
#432=AXIS2_PLACEMENT_3D('Circle Axis2P3D',#430,#431,$) ;
#455=AXIS2_PLACEMENT_3D('Cylinder Axis2P3D',#452,#453,#454) ;
#466=AXIS2_PLACEMENT_3D('Circle Axis2P3D',#464,#465,$) ;
#485=AXIS2_PLACEMENT_3D('Circle Axis2P3D',#483,#484,$) ;
#498=AXIS2_PLACEMENT_3D('Plane Axis2P3D',#495,#496,#497) ;
#514=AXIS2_PLACEMENT_3D('Circle Axis2P3D',#512,#513,$) ;
#523=AXIS2_PLACEMENT_3D('Circle Axis2P3D',#521,#522,$) ;
#532=AXIS2_PLACEMENT_3D('Circle Axis2P3D',#530,#531,$) ;
#541=AXIS2_PLACEMENT_3D('Circle Axis2P3D',#539,#540,$) ;
#550=AXIS2_PLACEMENT_3D('Circle Axis2P3D',#548,#549,$) ;
#559=AXIS2_PLACEMENT_3D('Circle Axis2P3D',#557,#558,$) ;
#568=AXIS2_PLACEMENT_3D('Circle Axis2P3D',#566,#567,$) ;
#577=AXIS2_PLACEMENT_3D('Circle Axis2P3D',#575,#576,$) ;
#586=AXIS2_PLACEMENT_3D('Circle Axis2P3D',#584,#585,$) ;
#595=AXIS2_PLACEMENT_3D('Circle Axis2P3D',#593,#594,$) ;
#604=AXIS2_PLACEMENT_3D('Circle Axis2P3D',#602,#603,$) ;
#613=AXIS2_PLACEMENT_3D('Circle Axis2P3D',#611,#612,$) ;
#622=AXIS2_PLACEMENT_3D('Circle Axis2P3D',#620,#621,$) ;
#631=AXIS2_PLACEMENT_3D('Circle Axis2P3D',#629,#630,$) ;
#642=AXIS2_PLACEMENT_3D('Cylinder Axis2P3D',#639,#640,#641) ;
#660=AXIS2_PLACEMENT_3D('Circle Axis2P3D',#658,#659,$) ;
#672=AXIS2_PLACEMENT_3D('Circle Axis2P3D',#670,#671,$) ;
#685=AXIS2_PLACEMENT_3D('Cylinder Axis2P3D',#682,#683,#684) ;
#703=AXIS2_PLACEMENT_3D('Circle Axis2P3D',#701,#702,$) ;
#715=AXIS2_PLACEMENT_3D('Circle Axis2P3D',#713,#714,$) ;
#728=AXIS2_PLACEMENT_3D('Cylinder Axis2P3D',#725,#726,#727) ;
#746=AXIS2_PLACEMENT_3D('Circle Axis2P3D',#744,#745,$) ;
#758=AXIS2_PLACEMENT_3D('Circle Axis2P3D',#756,#757,$) ;
#771=AXIS2_PLACEMENT_3D('Cylinder Axis2P3D',#768,#769,#770) ;
#789=AXIS2_PLACEMENT_3D('Circle Axis2P3D',#787,#788,$) ;
#801=AXIS2_PLACEMENT_3D('Circle Axis2P3D',#799,#800,$) ;
#814=AXIS2_PLACEMENT_3D('Cylinder Axis2P3D',#811,#812,#813) ;
#832=AXIS2_PLACEMENT_3D('Circle Axis2P3D',#830,#831,$) ;
#844=AXIS2_PLACEMENT_3D('Circle Axis2P3D',#842,#843,$) ;
#857=AXIS2_PLACEMENT_3D('Cylinder Axis2P3D',#854,#855,#856) ;
#875=AXIS2_PLACEMENT_3D('Circle Axis2P3D',#873,#874,$) ;
#887=AXIS2_PLACEMENT_3D('Circle Axis2P3D',#885,#886,$) ;
#900=AXIS2_PLACEMENT_3D('Cylinder Axis2P3D',#897,#898,#899) ;
#918=AXIS2_PLACEMENT_3D('Circle Axis2P3D',#916,#917,$) ;
#930=AXIS2_PLACEMENT_3D('Circle Axis2P3D',#928,#929,$) ;
#943=AXIS2_PLACEMENT_3D('Plane Axis2P3D',#940,#941,#942) ;
#987=AXIS2_PLACEMENT_3D('Circle Axis2P3D',#985,#986,$) ;
#996=AXIS2_PLACEMENT_3D('Circle Axis2P3D',#994,#995,$) ;
#1006=AXIS2_PLACEMENT_3D('Circle Axis2P3D',#1004,#1005,$) ;
#1015=AXIS2_PLACEMENT_3D('Circle Axis2P3D',#1013,#1014,$) ;
#3823=AXIS2_PLACEMENT_3D('Circle Axis2P3D',#3821,#3822,$) ;
#3832=AXIS2_PLACEMENT_3D('Circle Axis2P3D',#3830,#3831,$) ;
#3842=AXIS2_PLACEMENT_3D('Circle Axis2P3D',#3840,#3841,$) ;
#3851=AXIS2_PLACEMENT_3D('Circle Axis2P3D',#3849,#3850,$) ;
#3861=AXIS2_PLACEMENT_3D('Circle Axis2P3D',#3859,#3860,$) ;
#3870=AXIS2_PLACEMENT_3D('Circle Axis2P3D',#3868,#3869,$) ;
#3880=AXIS2_PLACEMENT_3D('Circle Axis2P3D',#3878,#3879,$) ;
#3889=AXIS2_PLACEMENT_3D('Circle Axis2P3D',#3887,#3888,$) ;
#3899=AXIS2_PLACEMENT_3D('Circle Axis2P3D',#3897,#3898,$) ;
#3908=AXIS2_PLACEMENT_3D('Circle Axis2P3D',#3906,#3907,$) ;
#3918=AXIS2_PLACEMENT_3D('Circle Axis2P3D',#3916,#3917,$) ;
#3927=AXIS2_PLACEMENT_3D('Circle Axis2P3D',#3925,#3926,$) ;
#3937=AXIS2_PLACEMENT_3D('Circle Axis2P3D',#3935,#3936,$) ;
#3946=AXIS2_PLACEMENT_3D('Circle Axis2P3D',#3944,#3945,$) ;
#3956=AXIS2_PLACEMENT_3D('Circle Axis2P3D',#3954,#3955,$) ;
#3965=AXIS2_PLACEMENT_3D('Circle Axis2P3D',#3963,#3964,$) ;
#3976=AXIS2_PLACEMENT_3D('Plane Axis2P3D',#3973,#3974,#3975) ;
#5096=AXIS2_PLACEMENT_3D('Plane Axis2P3D',#5093,#5094,#5095) ;
#5125=AXIS2_PLACEMENT_3D('Plane Axis2P3D',#5122,#5123,#5124) ;
#5149=AXIS2_PLACEMENT_3D('Plane Axis2P3D',#5146,#5147,#5148) ;
#5173=AXIS2_PLACEMENT_3D('Plane Axis2P3D',#5170,#5171,#5172) ;
#5197=AXIS2_PLACEMENT_3D('Plane Axis2P3D',#5194,#5195,#5196) ;
#5221=AXIS2_PLACEMENT_3D('Plane Axis2P3D',#5218,#5219,#5220) ;
#5245=AXIS2_PLACEMENT_3D('Plane Axis2P3D',#5242,#5243,#5244) ;
#5269=AXIS2_PLACEMENT_3D('Plane Axis2P3D',#5266,#5267,#5268) ;
#5293=AXIS2_PLACEMENT_3D('Plane Axis2P3D',#5290,#5291,#5292) ;
#5317=AXIS2_PLACEMENT_3D('Plane Axis2P3D',#5314,#5315,#5316) ;
#5341=AXIS2_PLACEMENT_3D('Plane Axis2P3D',#5338,#5339,#5340) ;
#5365=AXIS2_PLACEMENT_3D('Plane Axis2P3D',#5362,#5363,#5364) ;
#5389=AXIS2_PLACEMENT_3D('Plane Axis2P3D',#5386,#5387,#5388) ;
#5413=AXIS2_PLACEMENT_3D('Plane Axis2P3D',#5410,#5411,#5412) ;
#5437=AXIS2_PLACEMENT_3D('Plane Axis2P3D',#5434,#5435,#5436) ;
#5461=AXIS2_PLACEMENT_3D('Plane Axis2P3D',#5458,#5459,#5460) ;
#5485=AXIS2_PLACEMENT_3D('Plane Axis2P3D',#5482,#5483,#5484) ;
#5509=AXIS2_PLACEMENT_3D('Plane Axis2P3D',#5506,#5507,#5508) ;
#5533=AXIS2_PLACEMENT_3D('Plane Axis2P3D',#5530,#5531,#5532) ;
#5557=AXIS2_PLACEMENT_3D('Plane Axis2P3D',#5554,#5555,#5556) ;
#5581=AXIS2_PLACEMENT_3D('Plane Axis2P3D',#5578,#5579,#5580) ;
#5605=AXIS2_PLACEMENT_3D('Plane Axis2P3D',#5602,#5603,#5604) ;
#5629=AXIS2_PLACEMENT_3D('Plane Axis2P3D',#5626,#5627,#5628) ;
#5653=AXIS2_PLACEMENT_3D('Plane Axis2P3D',#5650,#5651,#5652) ;
#5677=AXIS2_PLACEMENT_3D('Plane Axis2P3D',#5674,#5675,#5676) ;
#5720=AXIS2_PLACEMENT_3D('Plane Axis2P3D',#5717,#5718,#5719) ;
#5744=AXIS2_PLACEMENT_3D('Plane Axis2P3D',#5741,#5742,#5743) ;
#5768=AXIS2_PLACEMENT_3D('Plane Axis2P3D',#5765,#5766,#5767) ;
#5792=AXIS2_PLACEMENT_3D('Plane Axis2P3D',#5789,#5790,#5791) ;
#5816=AXIS2_PLACEMENT_3D('Plane Axis2P3D',#5813,#5814,#5815) ;
#5840=AXIS2_PLACEMENT_3D('Plane Axis2P3D',#5837,#5838,#5839) ;
#5864=AXIS2_PLACEMENT_3D('Plane Axis2P3D',#5861,#5862,#5863) ;
#5888=AXIS2_PLACEMENT_3D('Plane Axis2P3D',#5885,#5886,#5887) ;
#5912=AXIS2_PLACEMENT_3D('Plane Axis2P3D',#5909,#5910,#5911) ;
#5936=AXIS2_PLACEMENT_3D('Plane Axis2P3D',#5933,#5934,#5935) ;
#5960=AXIS2_PLACEMENT_3D('Plane Axis2P3D',#5957,#5958,#5959) ;
#5984=AXIS2_PLACEMENT_3D('Plane Axis2P3D',#5981,#5982,#5983) ;
#6008=AXIS2_PLACEMENT_3D('Plane Axis2P3D',#6005,#6006,#6007) ;
#6032=AXIS2_PLACEMENT_3D('Plane Axis2P3D',#6029,#6030,#6031) ;
#6056=AXIS2_PLACEMENT_3D('Plane Axis2P3D',#6053,#6054,#6055) ;
#6080=AXIS2_PLACEMENT_3D('Plane Axis2P3D',#6077,#6078,#6079) ;
#6104=AXIS2_PLACEMENT_3D('Plane Axis2P3D',#6101,#6102,#6103) ;
#6128=AXIS2_PLACEMENT_3D('Plane Axis2P3D',#6125,#6126,#6127) ;
#6152=AXIS2_PLACEMENT_3D('Plane Axis2P3D',#6149,#6150,#6151) ;
#6176=AXIS2_PLACEMENT_3D('Plane Axis2P3D',#6173,#6174,#6175) ;
#6200=AXIS2_PLACEMENT_3D('Plane Axis2P3D',#6197,#6198,#6199) ;
#6243=AXIS2_PLACEMENT_3D('Plane Axis2P3D',#6240,#6241,#6242) ;
#6267=AXIS2_PLACEMENT_3D('Plane Axis2P3D',#6264,#6265,#6266) ;
#6291=AXIS2_PLACEMENT_3D('Plane Axis2P3D',#6288,#6289,#6290) ;
#6315=AXIS2_PLACEMENT_3D('Plane Axis2P3D',#6312,#6313,#6314) ;
#6339=AXIS2_PLACEMENT_3D('Plane Axis2P3D',#6336,#6337,#6338) ;
#6363=AXIS2_PLACEMENT_3D('Plane Axis2P3D',#6360,#6361,#6362) ;
#6387=AXIS2_PLACEMENT_3D('Plane Axis2P3D',#6384,#6385,#6386) ;
#6411=AXIS2_PLACEMENT_3D('Plane Axis2P3D',#6408,#6409,#6410) ;
#6435=AXIS2_PLACEMENT_3D('Plane Axis2P3D',#6432,#6433,#6434) ;
#6459=AXIS2_PLACEMENT_3D('Plane Axis2P3D',#6456,#6457,#6458) ;
#6483=AXIS2_PLACEMENT_3D('Plane Axis2P3D',#6480,#6481,#6482) ;
#6507=AXIS2_PLACEMENT_3D('Plane Axis2P3D',#6504,#6505,#6506) ;
#6531=AXIS2_PLACEMENT_3D('Plane Axis2P3D',#6528,#6529,#6530) ;
#6555=AXIS2_PLACEMENT_3D('Plane Axis2P3D',#6552,#6553,#6554) ;
#6579=AXIS2_PLACEMENT_3D('Plane Axis2P3D',#6576,#6577,#6578) ;
#6603=AXIS2_PLACEMENT_3D('Plane Axis2P3D',#6600,#6601,#6602) ;
#6627=AXIS2_PLACEMENT_3D('Plane Axis2P3D',#6624,#6625,#6626) ;
#6651=AXIS2_PLACEMENT_3D('Plane Axis2P3D',#6648,#6649,#6650) ;
#6675=AXIS2_PLACEMENT_3D('Plane Axis2P3D',#6672,#6673,#6674) ;
#6699=AXIS2_PLACEMENT_3D('Plane Axis2P3D',#6696,#6697,#6698) ;
#6723=AXIS2_PLACEMENT_3D('Plane Axis2P3D',#6720,#6721,#6722) ;
#6747=AXIS2_PLACEMENT_3D('Plane Axis2P3D',#6744,#6745,#6746) ;
#6771=AXIS2_PLACEMENT_3D('Plane Axis2P3D',#6768,#6769,#6770) ;
#6795=AXIS2_PLACEMENT_3D('Plane Axis2P3D',#6792,#6793,#6794) ;
#6819=AXIS2_PLACEMENT_3D('Plane Axis2P3D',#6816,#6817,#6818) ;
#6843=AXIS2_PLACEMENT_3D('Plane Axis2P3D',#6840,#6841,#6842) ;
#6867=AXIS2_PLACEMENT_3D('Plane Axis2P3D',#6864,#6865,#6866) ;
#6891=AXIS2_PLACEMENT_3D('Plane Axis2P3D',#6888,#6889,#6890) ;
#6915=AXIS2_PLACEMENT_3D('Plane Axis2P3D',#6912,#6913,#6914) ;
#6939=AXIS2_PLACEMENT_3D('Plane Axis2P3D',#6936,#6937,#6938) ;
#6963=AXIS2_PLACEMENT_3D('Plane Axis2P3D',#6960,#6961,#6962) ;
#6987=AXIS2_PLACEMENT_3D('Plane Axis2P3D',#6984,#6985,#6986) ;
#7011=AXIS2_PLACEMENT_3D('Plane Axis2P3D',#7008,#7009,#7010) ;
#7035=AXIS2_PLACEMENT_3D('Plane Axis2P3D',#7032,#7033,#7034) ;
#7059=AXIS2_PLACEMENT_3D('Plane Axis2P3D',#7056,#7057,#7058) ;
#7083=AXIS2_PLACEMENT_3D('Plane Axis2P3D',#7080,#7081,#7082) ;
#7107=AXIS2_PLACEMENT_3D('Plane Axis2P3D',#7104,#7105,#7106) ;
#7131=AXIS2_PLACEMENT_3D('Plane Axis2P3D',#7128,#7129,#7130) ;
#7155=AXIS2_PLACEMENT_3D('Plane Axis2P3D',#7152,#7153,#7154) ;
#7179=AXIS2_PLACEMENT_3D('Plane Axis2P3D',#7176,#7177,#7178) ;
#7203=AXIS2_PLACEMENT_3D('Plane Axis2P3D',#7200,#7201,#7202) ;
#7227=AXIS2_PLACEMENT_3D('Plane Axis2P3D',#7224,#7225,#7226) ;
#7251=AXIS2_PLACEMENT_3D('Plane Axis2P3D',#7248,#7249,#7250) ;
#7275=AXIS2_PLACEMENT_3D('Plane Axis2P3D',#7272,#7273,#7274) ;
#7299=AXIS2_PLACEMENT_3D('Plane Axis2P3D',#7296,#7297,#7298) ;
#7323=AXIS2_PLACEMENT_3D('Plane Axis2P3D',#7320,#7321,#7322) ;
#7385=AXIS2_PLACEMENT_3D('Plane Axis2P3D',#7382,#7383,#7384) ;
#7409=AXIS2_PLACEMENT_3D('Plane Axis2P3D',#7406,#7407,#7408) ;
#7433=AXIS2_PLACEMENT_3D('Plane Axis2P3D',#7430,#7431,#7432) ;
#7457=AXIS2_PLACEMENT_3D('Plane Axis2P3D',#7454,#7455,#7456) ;
#7481=AXIS2_PLACEMENT_3D('Plane Axis2P3D',#7478,#7479,#7480) ;
#7505=AXIS2_PLACEMENT_3D('Plane Axis2P3D',#7502,#7503,#7504) ;
#7529=AXIS2_PLACEMENT_3D('Plane Axis2P3D',#7526,#7527,#7528) ;
#7553=AXIS2_PLACEMENT_3D('Plane Axis2P3D',#7550,#7551,#7552) ;
#7577=AXIS2_PLACEMENT_3D('Plane Axis2P3D',#7574,#7575,#7576) ;
#7601=AXIS2_PLACEMENT_3D('Plane Axis2P3D',#7598,#7599,#7600) ;
#7625=AXIS2_PLACEMENT_3D('Plane Axis2P3D',#7622,#7623,#7624) ;
#7649=AXIS2_PLACEMENT_3D('Plane Axis2P3D',#7646,#7647,#7648) ;
#7673=AXIS2_PLACEMENT_3D('Plane Axis2P3D',#7670,#7671,#7672) ;
#7697=AXIS2_PLACEMENT_3D('Plane Axis2P3D',#7694,#7695,#7696) ;
#7721=AXIS2_PLACEMENT_3D('Plane Axis2P3D',#7718,#7719,#7720) ;
#7745=AXIS2_PLACEMENT_3D('Plane Axis2P3D',#7742,#7743,#7744) ;
#7769=AXIS2_PLACEMENT_3D('Plane Axis2P3D',#7766,#7767,#7768) ;
#7793=AXIS2_PLACEMENT_3D('Plane Axis2P3D',#7790,#7791,#7792) ;
#7817=AXIS2_PLACEMENT_3D('Plane Axis2P3D',#7814,#7815,#7816) ;
#7841=AXIS2_PLACEMENT_3D('Plane Axis2P3D',#7838,#7839,#7840) ;
#7865=AXIS2_PLACEMENT_3D('Plane Axis2P3D',#7862,#7863,#7864) ;
#7889=AXIS2_PLACEMENT_3D('Plane Axis2P3D',#7886,#7887,#7888) ;
#7913=AXIS2_PLACEMENT_3D('Plane Axis2P3D',#7910,#7911,#7912) ;
#7937=AXIS2_PLACEMENT_3D('Plane Axis2P3D',#7934,#7935,#7936) ;
#7961=AXIS2_PLACEMENT_3D('Plane Axis2P3D',#7958,#7959,#7960) ;
#7985=AXIS2_PLACEMENT_3D('Plane Axis2P3D',#7982,#7983,#7984) ;
#8009=AXIS2_PLACEMENT_3D('Plane Axis2P3D',#8006,#8007,#8008) ;
#8033=AXIS2_PLACEMENT_3D('Plane Axis2P3D',#8030,#8031,#8032) ;
#8057=AXIS2_PLACEMENT_3D('Plane Axis2P3D',#8054,#8055,#8056) ;
#8081=AXIS2_PLACEMENT_3D('Plane Axis2P3D',#8078,#8079,#8080) ;
#8105=AXIS2_PLACEMENT_3D('Plane Axis2P3D',#8102,#8103,#8104) ;
#8129=AXIS2_PLACEMENT_3D('Plane Axis2P3D',#8126,#8127,#8128) ;
#8153=AXIS2_PLACEMENT_3D('Plane Axis2P3D',#8150,#8151,#8152) ;
#8177=AXIS2_PLACEMENT_3D('Plane Axis2P3D',#8174,#8175,#8176) ;
#8201=AXIS2_PLACEMENT_3D('Plane Axis2P3D',#8198,#8199,#8200) ;
#8225=AXIS2_PLACEMENT_3D('Plane Axis2P3D',#8222,#8223,#8224) ;
#8249=AXIS2_PLACEMENT_3D('Plane Axis2P3D',#8246,#8247,#8248) ;
#8273=AXIS2_PLACEMENT_3D('Plane Axis2P3D',#8270,#8271,#8272) ;
#8297=AXIS2_PLACEMENT_3D('Plane Axis2P3D',#8294,#8295,#8296) ;
#8321=AXIS2_PLACEMENT_3D('Plane Axis2P3D',#8318,#8319,#8320) ;
#8345=AXIS2_PLACEMENT_3D('Plane Axis2P3D',#8342,#8343,#8344) ;
#8369=AXIS2_PLACEMENT_3D('Plane Axis2P3D',#8366,#8367,#8368) ;
#9342=AXIS2_PLACEMENT_3D('Plane Axis2P3D',#9339,#9340,#9341) ;
#9371=AXIS2_PLACEMENT_3D('Plane Axis2P3D',#9368,#9369,#9370) ;
#9395=AXIS2_PLACEMENT_3D('Plane Axis2P3D',#9392,#9393,#9394) ;
#9419=AXIS2_PLACEMENT_3D('Plane Axis2P3D',#9416,#9417,#9418) ;
#9443=AXIS2_PLACEMENT_3D('Plane Axis2P3D',#9440,#9441,#9442) ;
#9467=AXIS2_PLACEMENT_3D('Plane Axis2P3D',#9464,#9465,#9466) ;
#9491=AXIS2_PLACEMENT_3D('Plane Axis2P3D',#9488,#9489,#9490) ;
#9515=AXIS2_PLACEMENT_3D('Plane Axis2P3D',#9512,#9513,#9514) ;
#9539=AXIS2_PLACEMENT_3D('Plane Axis2P3D',#9536,#9537,#9538) ;
#9563=AXIS2_PLACEMENT_3D('Plane Axis2P3D',#9560,#9561,#9562) ;
#9587=AXIS2_PLACEMENT_3D('Plane Axis2P3D',#9584,#9585,#9586) ;
#9611=AXIS2_PLACEMENT_3D('Plane Axis2P3D',#9608,#9609,#9610) ;
#9635=AXIS2_PLACEMENT_3D('Plane Axis2P3D',#9632,#9633,#9634) ;
#9659=AXIS2_PLACEMENT_3D('Plane Axis2P3D',#9656,#9657,#9658) ;
#9683=AXIS2_PLACEMENT_3D('Plane Axis2P3D',#9680,#9681,#9682) ;
#9707=AXIS2_PLACEMENT_3D('Plane Axis2P3D',#9704,#9705,#9706) ;
#9731=AXIS2_PLACEMENT_3D('Plane Axis2P3D',#9728,#9729,#9730) ;
#9755=AXIS2_PLACEMENT_3D('Plane Axis2P3D',#9752,#9753,#9754) ;
#9779=AXIS2_PLACEMENT_3D('Plane Axis2P3D',#9776,#9777,#9778) ;
#9803=AXIS2_PLACEMENT_3D('Plane Axis2P3D',#9800,#9801,#9802) ;
#9827=AXIS2_PLACEMENT_3D('Plane Axis2P3D',#9824,#9825,#9826) ;
#9851=AXIS2_PLACEMENT_3D('Plane Axis2P3D',#9848,#9849,#9850) ;
#9875=AXIS2_PLACEMENT_3D('Plane Axis2P3D',#9872,#9873,#9874) ;
#9899=AXIS2_PLACEMENT_3D('Plane Axis2P3D',#9896,#9897,#9898) ;
#9923=AXIS2_PLACEMENT_3D('Plane Axis2P3D',#9920,#9921,#9922) ;
#9947=AXIS2_PLACEMENT_3D('Plane Axis2P3D',#9944,#9945,#9946) ;
#9971=AXIS2_PLACEMENT_3D('Plane Axis2P3D',#9968,#9969,#9970) ;
#9995=AXIS2_PLACEMENT_3D('Plane Axis2P3D',#9992,#9993,#9994) ;
#10019=AXIS2_PLACEMENT_3D('Plane Axis2P3D',#10016,#10017,#10018) ;
#10043=AXIS2_PLACEMENT_3D('Plane Axis2P3D',#10040,#10041,#10042) ;
#10067=AXIS2_PLACEMENT_3D('Plane Axis2P3D',#10064,#10065,#10066) ;
#10091=AXIS2_PLACEMENT_3D('Plane Axis2P3D',#10088,#10089,#10090) ;
#10115=AXIS2_PLACEMENT_3D('Plane Axis2P3D',#10112,#10113,#10114) ;
#10139=AXIS2_PLACEMENT_3D('Plane Axis2P3D',#10136,#10137,#10138) ;
#10163=AXIS2_PLACEMENT_3D('Plane Axis2P3D',#10160,#10161,#10162) ;
#10187=AXIS2_PLACEMENT_3D('Plane Axis2P3D',#10184,#10185,#10186) ;
#10211=AXIS2_PLACEMENT_3D('Plane Axis2P3D',#10208,#10209,#10210) ;
#10235=AXIS2_PLACEMENT_3D('Plane Axis2P3D',#10232,#10233,#10234) ;
#10259=AXIS2_PLACEMENT_3D('Plane Axis2P3D',#10256,#10257,#10258) ;
#10283=AXIS2_PLACEMENT_3D('Plane Axis2P3D',#10280,#10281,#10282) ;
#10307=AXIS2_PLACEMENT_3D('Plane Axis2P3D',#10304,#10305,#10306) ;
#10331=AXIS2_PLACEMENT_3D('Plane Axis2P3D',#10328,#10329,#10330) ;
#10355=AXIS2_PLACEMENT_3D('Plane Axis2P3D',#10352,#10353,#10354) ;
#10379=AXIS2_PLACEMENT_3D('Plane Axis2P3D',#10376,#10377,#10378) ;
#10403=AXIS2_PLACEMENT_3D('Plane Axis2P3D',#10400,#10401,#10402) ;
#10427=AXIS2_PLACEMENT_3D('Plane Axis2P3D',#10424,#10425,#10426) ;
#10451=AXIS2_PLACEMENT_3D('Plane Axis2P3D',#10448,#10449,#10450) ;
#10475=AXIS2_PLACEMENT_3D('Plane Axis2P3D',#10472,#10473,#10474) ;
#10499=AXIS2_PLACEMENT_3D('Plane Axis2P3D',#10496,#10497,#10498) ;
#10523=AXIS2_PLACEMENT_3D('Plane Axis2P3D',#10520,#10521,#10522) ;
#10547=AXIS2_PLACEMENT_3D('Plane Axis2P3D',#10544,#10545,#10546) ;
#10571=AXIS2_PLACEMENT_3D('Plane Axis2P3D',#10568,#10569,#10570) ;
#10595=AXIS2_PLACEMENT_3D('Plane Axis2P3D',#10592,#10593,#10594) ;
#10619=AXIS2_PLACEMENT_3D('Plane Axis2P3D',#10616,#10617,#10618) ;
#10643=AXIS2_PLACEMENT_3D('Plane Axis2P3D',#10640,#10641,#10642) ;
#10667=AXIS2_PLACEMENT_3D('Plane Axis2P3D',#10664,#10665,#10666) ;
#10691=AXIS2_PLACEMENT_3D('Plane Axis2P3D',#10688,#10689,#10690) ;
#10715=AXIS2_PLACEMENT_3D('Plane Axis2P3D',#10712,#10713,#10714) ;
#10739=AXIS2_PLACEMENT_3D('Plane Axis2P3D',#10736,#10737,#10738) ;
#10763=AXIS2_PLACEMENT_3D('Plane Axis2P3D',#10760,#10761,#10762) ;
#10787=AXIS2_PLACEMENT_3D('Plane Axis2P3D',#10784,#10785,#10786) ;
#10811=AXIS2_PLACEMENT_3D('Plane Axis2P3D',#10808,#10809,#10810) ;
#10835=AXIS2_PLACEMENT_3D('Plane Axis2P3D',#10832,#10833,#10834) ;
#10859=AXIS2_PLACEMENT_3D('Plane Axis2P3D',#10856,#10857,#10858) ;
#10883=AXIS2_PLACEMENT_3D('Plane Axis2P3D',#10880,#10881,#10882) ;
#10907=AXIS2_PLACEMENT_3D('Plane Axis2P3D',#10904,#10905,#10906) ;
#10931=AXIS2_PLACEMENT_3D('Plane Axis2P3D',#10928,#10929,#10930) ;
#10955=AXIS2_PLACEMENT_3D('Plane Axis2P3D',#10952,#10953,#10954) ;
#10979=AXIS2_PLACEMENT_3D('Plane Axis2P3D',#10976,#10977,#10978) ;
#11003=AXIS2_PLACEMENT_3D('Plane Axis2P3D',#11000,#11001,#11002) ;
#11027=AXIS2_PLACEMENT_3D('Plane Axis2P3D',#11024,#11025,#11026) ;
#11051=AXIS2_PLACEMENT_3D('Plane Axis2P3D',#11048,#11049,#11050) ;
#11075=AXIS2_PLACEMENT_3D('Plane Axis2P3D',#11072,#11073,#11074) ;
#11099=AXIS2_PLACEMENT_3D('Plane Axis2P3D',#11096,#11097,#11098) ;
#11123=AXIS2_PLACEMENT_3D('Plane Axis2P3D',#11120,#11121,#11122) ;
#11147=AXIS2_PLACEMENT_3D('Plane Axis2P3D',#11144,#11145,#11146) ;
#11171=AXIS2_PLACEMENT_3D('Plane Axis2P3D',#11168,#11169,#11170) ;
#11195=AXIS2_PLACEMENT_3D('Plane Axis2P3D',#11192,#11193,#11194) ;
#11219=AXIS2_PLACEMENT_3D('Plane Axis2P3D',#11216,#11217,#11218) ;
#11243=AXIS2_PLACEMENT_3D('Plane Axis2P3D',#11240,#11241,#11242) ;
#11267=AXIS2_PLACEMENT_3D('Plane Axis2P3D',#11264,#11265,#11266) ;
#11291=AXIS2_PLACEMENT_3D('Plane Axis2P3D',#11288,#11289,#11290) ;
#11315=AXIS2_PLACEMENT_3D('Plane Axis2P3D',#11312,#11313,#11314) ;
#11339=AXIS2_PLACEMENT_3D('Plane Axis2P3D',#11336,#11337,#11338) ;
#11363=AXIS2_PLACEMENT_3D('Plane Axis2P3D',#11360,#11361,#11362) ;
#11387=AXIS2_PLACEMENT_3D('Plane Axis2P3D',#11384,#11385,#11386) ;
#11411=AXIS2_PLACEMENT_3D('Plane Axis2P3D',#11408,#11409,#11410) ;
#11435=AXIS2_PLACEMENT_3D('Plane Axis2P3D',#11432,#11433,#11434) ;
#11459=AXIS2_PLACEMENT_3D('Plane Axis2P3D',#11456,#11457,#11458) ;
#11483=AXIS2_PLACEMENT_3D('Plane Axis2P3D',#11480,#11481,#11482) ;
#11507=AXIS2_PLACEMENT_3D('Plane Axis2P3D',#11504,#11505,#11506) ;
#11531=AXIS2_PLACEMENT_3D('Plane Axis2P3D',#11528,#11529,#11530) ;
#11555=AXIS2_PLACEMENT_3D('Plane Axis2P3D',#11552,#11553,#11554) ;
#11579=AXIS2_PLACEMENT_3D('Plane Axis2P3D',#11576,#11577,#11578) ;
#11603=AXIS2_PLACEMENT_3D('Plane Axis2P3D',#11600,#11601,#11602) ;
#11627=AXIS2_PLACEMENT_3D('Plane Axis2P3D',#11624,#11625,#11626) ;
#11651=AXIS2_PLACEMENT_3D('Plane Axis2P3D',#11648,#11649,#11650) ;
#11675=AXIS2_PLACEMENT_3D('Plane Axis2P3D',#11672,#11673,#11674) ;
#11699=AXIS2_PLACEMENT_3D('Plane Axis2P3D',#11696,#11697,#11698) ;
#11723=AXIS2_PLACEMENT_3D('Plane Axis2P3D',#11720,#11721,#11722) ;
#11747=AXIS2_PLACEMENT_3D('Plane Axis2P3D',#11744,#11745,#11746) ;
#11771=AXIS2_PLACEMENT_3D('Plane Axis2P3D',#11768,#11769,#11770) ;
#11795=AXIS2_PLACEMENT_3D('Plane Axis2P3D',#11792,#11793,#11794) ;
#11819=AXIS2_PLACEMENT_3D('Plane Axis2P3D',#11816,#11817,#11818) ;
#11843=AXIS2_PLACEMENT_3D('Plane Axis2P3D',#11840,#11841,#11842) ;
#11867=AXIS2_PLACEMENT_3D('Plane Axis2P3D',#11864,#11865,#11866) ;
#11891=AXIS2_PLACEMENT_3D('Plane Axis2P3D',#11888,#11889,#11890) ;
#11915=AXIS2_PLACEMENT_3D('Plane Axis2P3D',#11912,#11913,#11914) ;
#11939=AXIS2_PLACEMENT_3D('Plane Axis2P3D',#11936,#11937,#11938) ;
#11963=AXIS2_PLACEMENT_3D('Plane Axis2P3D',#11960,#11961,#11962) ;
#11987=AXIS2_PLACEMENT_3D('Plane Axis2P3D',#11984,#11985,#11986) ;
#12011=AXIS2_PLACEMENT_3D('Plane Axis2P3D',#12008,#12009,#12010) ;
#12035=AXIS2_PLACEMENT_3D('Plane Axis2P3D',#12032,#12033,#12034) ;
#12059=AXIS2_PLACEMENT_3D('Plane Axis2P3D',#12056,#12057,#12058) ;
#12083=AXIS2_PLACEMENT_3D('Plane Axis2P3D',#12080,#12081,#12082) ;
#12107=AXIS2_PLACEMENT_3D('Plane Axis2P3D',#12104,#12105,#12106) ;
#12131=AXIS2_PLACEMENT_3D('Plane Axis2P3D',#12128,#12129,#12130) ;
#12155=AXIS2_PLACEMENT_3D('Plane Axis2P3D',#12152,#12153,#12154) ;
#12216=AXIS2_PLACEMENT_3D('Plane Axis2P3D',#12213,#12214,#12215) ;
#12245=AXIS2_PLACEMENT_3D('Plane Axis2P3D',#12242,#12243,#12244) ;
#12269=AXIS2_PLACEMENT_3D('Plane Axis2P3D',#12266,#12267,#12268) ;
#12293=AXIS2_PLACEMENT_3D('Plane Axis2P3D',#12290,#12291,#12292) ;
#12498=AXIS2_PLACEMENT_3D('Plane Axis2P3D',#12495,#12496,#12497) ;
#12527=AXIS2_PLACEMENT_3D('Plane Axis2P3D',#12524,#12525,#12526) ;
#12551=AXIS2_PLACEMENT_3D('Plane Axis2P3D',#12548,#12549,#12550) ;
#12575=AXIS2_PLACEMENT_3D('Plane Axis2P3D',#12572,#12573,#12574) ;
#12599=AXIS2_PLACEMENT_3D('Plane Axis2P3D',#12596,#12597,#12598) ;
#12623=AXIS2_PLACEMENT_3D('Plane Axis2P3D',#12620,#12621,#12622) ;
#12647=AXIS2_PLACEMENT_3D('Plane Axis2P3D',#12644,#12645,#12646) ;
#12671=AXIS2_PLACEMENT_3D('Plane Axis2P3D',#12668,#12669,#12670) ;
#12695=AXIS2_PLACEMENT_3D('Plane Axis2P3D',#12692,#12693,#12694) ;
#12719=AXIS2_PLACEMENT_3D('Plane Axis2P3D',#12716,#12717,#12718) ;
#12743=AXIS2_PLACEMENT_3D('Plane Axis2P3D',#12740,#12741,#12742) ;
#12767=AXIS2_PLACEMENT_3D('Plane Axis2P3D',#12764,#12765,#12766) ;
#12791=AXIS2_PLACEMENT_3D('Plane Axis2P3D',#12788,#12789,#12790) ;
#12815=AXIS2_PLACEMENT_3D('Plane Axis2P3D',#12812,#12813,#12814) ;
#12839=AXIS2_PLACEMENT_3D('Plane Axis2P3D',#12836,#12837,#12838) ;
#12863=AXIS2_PLACEMENT_3D('Plane Axis2P3D',#12860,#12861,#12862) ;
#12887=AXIS2_PLACEMENT_3D('Plane Axis2P3D',#12884,#12885,#12886) ;
#12911=AXIS2_PLACEMENT_3D('Plane Axis2P3D',#12908,#12909,#12910) ;
#12935=AXIS2_PLACEMENT_3D('Plane Axis2P3D',#12932,#12933,#12934) ;
#12959=AXIS2_PLACEMENT_3D('Plane Axis2P3D',#12956,#12957,#12958) ;
#12983=AXIS2_PLACEMENT_3D('Plane Axis2P3D',#12980,#12981,#12982) ;
#13007=AXIS2_PLACEMENT_3D('Plane Axis2P3D',#13004,#13005,#13006) ;
#13212=AXIS2_PLACEMENT_3D('Plane Axis2P3D',#13209,#13210,#13211) ;
#13241=AXIS2_PLACEMENT_3D('Plane Axis2P3D',#13238,#13239,#13240) ;
#13265=AXIS2_PLACEMENT_3D('Plane Axis2P3D',#13262,#13263,#13264) ;
#13289=AXIS2_PLACEMENT_3D('Plane Axis2P3D',#13286,#13287,#13288) ;
#13313=AXIS2_PLACEMENT_3D('Plane Axis2P3D',#13310,#13311,#13312) ;
#13337=AXIS2_PLACEMENT_3D('Plane Axis2P3D',#13334,#13335,#13336) ;
#13361=AXIS2_PLACEMENT_3D('Plane Axis2P3D',#13358,#13359,#13360) ;
#13385=AXIS2_PLACEMENT_3D('Plane Axis2P3D',#13382,#13383,#13384) ;
#13409=AXIS2_PLACEMENT_3D('Plane Axis2P3D',#13406,#13407,#13408) ;
#13433=AXIS2_PLACEMENT_3D('Plane Axis2P3D',#13430,#13431,#13432) ;
#13457=AXIS2_PLACEMENT_3D('Plane Axis2P3D',#13454,#13455,#13456) ;
#13481=AXIS2_PLACEMENT_3D('Plane Axis2P3D',#13478,#13479,#13480) ;
#13505=AXIS2_PLACEMENT_3D('Plane Axis2P3D',#13502,#13503,#13504) ;
#13529=AXIS2_PLACEMENT_3D('Plane Axis2P3D',#13526,#13527,#13528) ;
#13553=AXIS2_PLACEMENT_3D('Plane Axis2P3D',#13550,#13551,#13552) ;
#13577=AXIS2_PLACEMENT_3D('Plane Axis2P3D',#13574,#13575,#13576) ;
#13601=AXIS2_PLACEMENT_3D('Plane Axis2P3D',#13598,#13599,#13600) ;
#13625=AXIS2_PLACEMENT_3D('Plane Axis2P3D',#13622,#13623,#13624) ;
#13649=AXIS2_PLACEMENT_3D('Plane Axis2P3D',#13646,#13647,#13648) ;
#13673=AXIS2_PLACEMENT_3D('Plane Axis2P3D',#13670,#13671,#13672) ;
#13697=AXIS2_PLACEMENT_3D('Plane Axis2P3D',#13694,#13695,#13696) ;
#13721=AXIS2_PLACEMENT_3D('Plane Axis2P3D',#13718,#13719,#13720) ;
#14022=AXIS2_PLACEMENT_3D('Plane Axis2P3D',#14019,#14020,#14021) ;
#14051=AXIS2_PLACEMENT_3D('Plane Axis2P3D',#14048,#14049,#14050) ;
#14075=AXIS2_PLACEMENT_3D('Plane Axis2P3D',#14072,#14073,#14074) ;
#14099=AXIS2_PLACEMENT_3D('Plane Axis2P3D',#14096,#14097,#14098) ;
#14123=AXIS2_PLACEMENT_3D('Plane Axis2P3D',#14120,#14121,#14122) ;
#14147=AXIS2_PLACEMENT_3D('Plane Axis2P3D',#14144,#14145,#14146) ;
#14171=AXIS2_PLACEMENT_3D('Plane Axis2P3D',#14168,#14169,#14170) ;
#14195=AXIS2_PLACEMENT_3D('Plane Axis2P3D',#14192,#14193,#14194) ;
#14219=AXIS2_PLACEMENT_3D('Plane Axis2P3D',#14216,#14217,#14218) ;
#14243=AXIS2_PLACEMENT_3D('Plane Axis2P3D',#14240,#14241,#14242) ;
#14267=AXIS2_PLACEMENT_3D('Plane Axis2P3D',#14264,#14265,#14266) ;
#14291=AXIS2_PLACEMENT_3D('Plane Axis2P3D',#14288,#14289,#14290) ;
#14315=AXIS2_PLACEMENT_3D('Plane Axis2P3D',#14312,#14313,#14314) ;
#14339=AXIS2_PLACEMENT_3D('Plane Axis2P3D',#14336,#14337,#14338) ;
#14363=AXIS2_PLACEMENT_3D('Plane Axis2P3D',#14360,#14361,#14362) ;
#14387=AXIS2_PLACEMENT_3D('Plane Axis2P3D',#14384,#14385,#14386) ;
#14411=AXIS2_PLACEMENT_3D('Plane Axis2P3D',#14408,#14409,#14410) ;
#14435=AXIS2_PLACEMENT_3D('Plane Axis2P3D',#14432,#14433,#14434) ;
#14459=AXIS2_PLACEMENT_3D('Plane Axis2P3D',#14456,#14457,#14458) ;
#14483=AXIS2_PLACEMENT_3D('Plane Axis2P3D',#14480,#14481,#14482) ;
#14507=AXIS2_PLACEMENT_3D('Plane Axis2P3D',#14504,#14505,#14506) ;
#14531=AXIS2_PLACEMENT_3D('Plane Axis2P3D',#14528,#14529,#14530) ;
#14555=AXIS2_PLACEMENT_3D('Plane Axis2P3D',#14552,#14553,#14554) ;
#14579=AXIS2_PLACEMENT_3D('Plane Axis2P3D',#14576,#14577,#14578) ;
#14603=AXIS2_PLACEMENT_3D('Plane Axis2P3D',#14600,#14601,#14602) ;
#14627=AXIS2_PLACEMENT_3D('Plane Axis2P3D',#14624,#14625,#14626) ;
#14651=AXIS2_PLACEMENT_3D('Plane Axis2P3D',#14648,#14649,#14650) ;
#14675=AXIS2_PLACEMENT_3D('Plane Axis2P3D',#14672,#14673,#14674) ;
#14699=AXIS2_PLACEMENT_3D('Plane Axis2P3D',#14696,#14697,#14698) ;
#14723=AXIS2_PLACEMENT_3D('Plane Axis2P3D',#14720,#14721,#14722) ;
#14747=AXIS2_PLACEMENT_3D('Plane Axis2P3D',#14744,#14745,#14746) ;
#14771=AXIS2_PLACEMENT_3D('Plane Axis2P3D',#14768,#14769,#14770) ;
#14795=AXIS2_PLACEMENT_3D('Plane Axis2P3D',#14792,#14793,#14794) ;
#14819=AXIS2_PLACEMENT_3D('Plane Axis2P3D',#14816,#14817,#14818) ;
#14928=AXIS2_PLACEMENT_3D('Plane Axis2P3D',#14925,#14926,#14927) ;
#14957=AXIS2_PLACEMENT_3D('Plane Axis2P3D',#14954,#14955,#14956) ;
#15000=AXIS2_PLACEMENT_3D('Plane Axis2P3D',#14997,#14998,#14999) ;
#15043=AXIS2_PLACEMENT_3D('Plane Axis2P3D',#15040,#15041,#15042) ;
#15086=AXIS2_PLACEMENT_3D('Plane Axis2P3D',#15083,#15084,#15085) ;
#15129=AXIS2_PLACEMENT_3D('Plane Axis2P3D',#15126,#15127,#15128) ;
#15147=AXIS2_PLACEMENT_3D('Circle Axis2P3D',#15145,#15146,$) ;
#15156=AXIS2_PLACEMENT_3D('Circle Axis2P3D',#15154,#15155,$) ;
#15165=AXIS2_PLACEMENT_3D('Circle Axis2P3D',#15163,#15164,$) ;
#15174=AXIS2_PLACEMENT_3D('Circle Axis2P3D',#15172,#15173,$) ;
#15183=AXIS2_PLACEMENT_3D('Circle Axis2P3D',#15181,#15182,$) ;
#15192=AXIS2_PLACEMENT_3D('Circle Axis2P3D',#15190,#15191,$) ;
#15201=AXIS2_PLACEMENT_3D('Circle Axis2P3D',#15199,#15200,$) ;
#15210=AXIS2_PLACEMENT_3D('Circle Axis2P3D',#15208,#15209,$) ;
#15219=AXIS2_PLACEMENT_3D('Circle Axis2P3D',#15217,#15218,$) ;
#15228=AXIS2_PLACEMENT_3D('Circle Axis2P3D',#15226,#15227,$) ;
#15237=AXIS2_PLACEMENT_3D('Circle Axis2P3D',#15235,#15236,$) ;
#15246=AXIS2_PLACEMENT_3D('Circle Axis2P3D',#15244,#15245,$) ;
#15255=AXIS2_PLACEMENT_3D('Circle Axis2P3D',#15253,#15254,$) ;
#15264=AXIS2_PLACEMENT_3D('Circle Axis2P3D',#15262,#15263,$) ;
#15273=AXIS2_PLACEMENT_3D('Circle Axis2P3D',#15271,#15272,$) ;
#15282=AXIS2_PLACEMENT_3D('Circle Axis2P3D',#15280,#15281,$) ;
#15291=AXIS2_PLACEMENT_3D('Circle Axis2P3D',#15289,#15290,$) ;
#15300=AXIS2_PLACEMENT_3D('Circle Axis2P3D',#15298,#15299,$) ;
#15309=AXIS2_PLACEMENT_3D('Circle Axis2P3D',#15307,#15308,$) ;
#15318=AXIS2_PLACEMENT_3D('Circle Axis2P3D',#15316,#15317,$) ;
#15336=AXIS2_PLACEMENT_3D('Cylinder Axis2P3D',#15333,#15334,#15335) ;
#15379=AXIS2_PLACEMENT_3D('Cylinder Axis2P3D',#15376,#15377,#15378) ;
#15422=AXIS2_PLACEMENT_3D('Cylinder Axis2P3D',#15419,#15420,#15421) ;
#15465=AXIS2_PLACEMENT_3D('Cylinder Axis2P3D',#15462,#15463,#15464) ;
#15508=AXIS2_PLACEMENT_3D('Cylinder Axis2P3D',#15505,#15506,#15507) ;
#15551=AXIS2_PLACEMENT_3D('Cylinder Axis2P3D',#15548,#15549,#15550) ;
#15594=AXIS2_PLACEMENT_3D('Cylinder Axis2P3D',#15591,#15592,#15593) ;
#15637=AXIS2_PLACEMENT_3D('Cylinder Axis2P3D',#15634,#15635,#15636) ;
#15680=AXIS2_PLACEMENT_3D('Cylinder Axis2P3D',#15677,#15678,#15679) ;
#15723=AXIS2_PLACEMENT_3D('Cylinder Axis2P3D',#15720,#15721,#15722) ;
#21=CARTESIAN_POINT(' ',(0.,0.,0.)) ;
#35=CARTESIAN_POINT('Axis2P3D Location',(4.75000000002,0.,0.93606299213)) ;
#40=CARTESIAN_POINT('Line Origine',(4.36386367279,0.210947236987,0.470000000002)) ;
#44=CARTESIAN_POINT('Vertex',(4.36386367279,0.210947236987,-1.39870617276E-016)) ;
#46=CARTESIAN_POINT('Vertex',(4.36386367279,0.210947236987,0.940000000004)) ;
#49=CARTESIAN_POINT('Axis2P3D Location',(4.75000000002,0.,0.)) ;
#53=CARTESIAN_POINT('Vertex',(5.13613632725,-0.210947236987,-1.39870617276E-016)) ;
#56=CARTESIAN_POINT('Line Origine',(5.13613632725,-0.210947236987,0.470000000002)) ;
#60=CARTESIAN_POINT('Vertex',(5.13613632725,-0.210947236987,0.940000000004)) ;
#63=CARTESIAN_POINT('Axis2P3D Location',(4.75000000002,0.,0.940000000004)) ;
#75=CARTESIAN_POINT('Axis2P3D Location',(4.75000000002,0.,0.)) ;
#80=CARTESIAN_POINT('Axis2P3D Location',(4.75000000002,0.,0.940000000004)) ;
#92=CARTESIAN_POINT('Axis2P3D Location',(0.,0.,1.68875000001)) ;
#97=CARTESIAN_POINT('Axis2P3D Location',(0.,0.,5.59482469102E-016)) ;
#101=CARTESIAN_POINT('Vertex',(-2.63684046233,-4.82670409042,5.59482469102E-016)) ;
#103=CARTESIAN_POINT('Vertex',(2.63684046233,4.82670409042,5.59482469102E-016)) ;
#106=CARTESIAN_POINT('Line Origine',(-2.63684046233,-4.82670409042,0.470000000002)) ;
#110=CARTESIAN_POINT('Vertex',(-2.63684046233,-4.82670409042,0.940000000004)) ;
#113=CARTESIAN_POINT('Axis2P3D Location',(0.,0.,0.940000000004)) ;
#117=CARTESIAN_POINT('Vertex',(2.63684046233,4.82670409042,0.940000000004)) ;
#120=CARTESIAN_POINT('Line Origine',(2.63684046233,4.82670409042,0.470000000002)) ;
#132=CARTESIAN_POINT('Axis2P3D Location',(0.,0.,5.59482469102E-016)) ;
#137=CARTESIAN_POINT('Axis2P3D Location',(0.,0.,0.940000000004)) ;
#149=CARTESIAN_POINT('Axis2P3D Location',(0.,0.,1.06)) ;
#154=CARTESIAN_POINT('Axis2P3D Location',(0.,0.,0.940000000004)) ;
#158=CARTESIAN_POINT('Vertex',(1.858404898,3.40178734776,0.940000000004)) ;
#160=CARTESIAN_POINT('Vertex',(-1.858404898,-3.40178734776,0.940000000004)) ;
#163=CARTESIAN_POINT('Axis2P3D Location',(1.858404898,3.40178734776,1.06)) ;
#167=CARTESIAN_POINT('Vertex',(1.80223681194,3.29897235588,1.03403418492)) ;
#170=CARTESIAN_POINT('Axis2P3D Location',(0.,0.,1.03403418492)) ;
#174=CARTESIAN_POINT('Vertex',(-1.80223681194,-3.29897235588,1.03403418492)) ;
#177=CARTESIAN_POINT('Axis2P3D Location',(-1.858404898,-3.40178734776,1.06)) ;
#189=CARTESIAN_POINT('Axis2P3D Location',(0.,0.,0.940000000004)) ;
#194=CARTESIAN_POINT('Axis2P3D Location',(0.,0.,1.03403418492)) ;
#206=CARTESIAN_POINT('Axis2P3D Location',(0.,0.,3.04934741881)) ;
#211=CARTESIAN_POINT('Line Origine',(1.69516695429,3.10298229607,2.04169080186)) ;
#215=CARTESIAN_POINT('Vertex',(1.58809709663,2.90699223627,3.04934741881)) ;
#218=CARTESIAN_POINT('Axis2P3D Location',(0.,0.,3.04934741881)) ;
#222=CARTESIAN_POINT('Vertex',(-1.58809709663,-2.90699223627,3.04934741881)) ;
#225=CARTESIAN_POINT('Line Origine',(-1.69516695429,-3.10298229607,2.04169080186)) ;
#237=CARTESIAN_POINT('Axis2P3D Location',(0.,0.,3.04934741881)) ;
#249=CARTESIAN_POINT('Axis2P3D Location',(0.,0.,1.68875000001)) ;
#254=CARTESIAN_POINT('Line Origine',(-1.58809709663,-2.90699223627,3.16745765503)) ;
#258=CARTESIAN_POINT('Vertex',(-1.58809709663,-2.90699223627,3.28556789125)) ;
#261=CARTESIAN_POINT('Line Origine',(1.58809709663,2.90699223627,3.16745765503)) ;
#265=CARTESIAN_POINT('Vertex',(1.58809709663,2.90699223627,3.28556789125)) ;
#268=CARTESIAN_POINT('Axis2P3D Location',(0.,0.,3.28556789125)) ;
#272=CARTESIAN_POINT('Vertex',(1.58809709663,-2.90699223627,3.28556789125)) ;
#275=CARTESIAN_POINT('Axis2P3D Location',(0.,0.,3.28556789125)) ;
#288=CARTESIAN_POINT('Axis2P3D Location',(0.,0.,3.28556789125)) ;
#292=CARTESIAN_POINT('Vertex',(-1.58809709663,2.90699223627,3.28556789125)) ;
#295=CARTESIAN_POINT('Axis2P3D Location',(0.,0.,3.28556789125)) ;
#308=CARTESIAN_POINT('Axis2P3D Location',(0.,0.,3.44000000001)) ;
#313=CARTESIAN_POINT('Line Origine',(1.53985254243,-2.81868117217,3.36278394563)) ;
#317=CARTESIAN_POINT('Vertex',(1.49160798823,-2.73037010807,3.44000000001)) ;
#320=CARTESIAN_POINT('Axis2P3D Location',(0.,0.,3.44000000001)) ;
#324=CARTESIAN_POINT('Vertex',(-1.49160798823,2.73037010807,3.44000000001)) ;
#327=CARTESIAN_POINT('Line Origine',(-1.53985254243,2.81868117217,3.36278394563)) ;
#340=CARTESIAN_POINT('Axis2P3D Location',(0.,0.,1.68875000001)) ;
#345=CARTESIAN_POINT('Axis2P3D Location',(0.,0.,3.44000000001)) ;
#349=CARTESIAN_POINT('Vertex',(1.45385794582,2.66126911894,3.44000000001)) ;
#351=CARTESIAN_POINT('Vertex',(-1.45385794582,-2.66126911894,3.44000000001)) ;
#354=CARTESIAN_POINT('Line Origine',(1.45385794582,2.66126911894,1.68875000001)) ;
#358=CARTESIAN_POINT('Vertex',(1.45385794582,2.66126911894,-0.0625000000003)) ;
#361=CARTESIAN_POINT('Axis2P3D Location',(0.,0.,-0.0625000000003)) ;
#365=CARTESIAN_POINT('Vertex',(-1.45385794582,-2.66126911894,-0.0625000000003)) ;
#368=CARTESIAN_POINT('Line Origine',(-1.45385794582,-2.66126911894,1.68875000001)) ;
#380=CARTESIAN_POINT('Axis2P3D Location',(0.,0.,3.44000000001)) ;
#385=CARTESIAN_POINT('Axis2P3D Location',(0.,0.,-0.0625000000003)) ;
#397=CARTESIAN_POINT('Axis2P3D Location',(0.,3.03250000001,-0.0625000000003)) ;
#402=CARTESIAN_POINT('Axis2P3D Location',(0.,0.,-0.0625000000003)) ;
#406=CARTESIAN_POINT('Vertex',(-2.03755853908,-3.72972588805,-0.0625000000002)) ;
#408=CARTESIAN_POINT('Vertex',(2.03755853908,3.72972588805,-0.0625000000002)) ;
#411=CARTESIAN_POINT('Axis2P3D Location',(0.,0.,-0.0625000000003)) ;
#425=CARTESIAN_POINT('Axis2P3D Location',(0.,3.31250000001,3.44000000001)) ;
#430=CARTESIAN_POINT('Axis2P3D Location',(0.,0.,3.44000000001)) ;
#452=CARTESIAN_POINT('Axis2P3D Location',(0.,0.,1.68875000001)) ;
#457=CARTESIAN_POINT('Line Origine',(-2.03755853908,-3.72972588805,-0.0312500000001)) ;
#461=CARTESIAN_POINT('Vertex',(-2.03755853908,-3.72972588805,2.79741234551E-016)) ;
#464=CARTESIAN_POINT('Axis2P3D Location',(0.,0.,5.59482469102E-016)) ;
#468=CARTESIAN_POINT('Vertex',(2.03755853908,3.72972588805,2.79741234551E-016)) ;
#471=CARTESIAN_POINT('Line Origine',(2.03755853908,3.72972588805,-0.0312500000001)) ;
#483=CARTESIAN_POINT('Axis2P3D Location',(0.,0.,5.59482469102E-016)) ;
#495=CARTESIAN_POINT('Axis2P3D Location',(0.,4.25000000002,0.)) ;
#512=CARTESIAN_POINT('Axis2P3D Location',(3.35875721065,-3.35875721065,0.)) ;
#516=CARTESIAN_POINT('Vertex',(3.23487981695,-2.93655537345,0.)) ;
#518=CARTESIAN_POINT('Vertex',(3.48263460435,-3.78095904784,-1.39870617276E-016)) ;
#521=CARTESIAN_POINT('Axis2P3D Location',(3.35875721065,-3.35875721065,0.)) ;
#530=CARTESIAN_POINT('Axis2P3D Location',(3.49676543189E-017,-4.75000000002,0.)) ;
#534=CARTESIAN_POINT('Vertex',(0.210947236987,-4.36386367279,0.)) ;
#536=CARTESIAN_POINT('Vertex',(-0.210947236987,-5.13613632725,-1.39870617276E-016)) ;
#539=CARTESIAN_POINT('Axis2P3D Location',(3.49676543189E-017,-4.75000000002,0.)) ;
#548=CARTESIAN_POINT('Axis2P3D Location',(-3.35875721065,-3.35875721065,0.)) ;
#552=CARTESIAN_POINT('Vertex',(-2.93655537345,-3.23487981695,0.)) ;
#554=CARTESIAN_POINT('Vertex',(-3.78095904784,-3.48263460435,-1.39870617276E-016)) ;
#557=CARTESIAN_POINT('Axis2P3D Location',(-3.35875721065,-3.35875721065,0.)) ;
#566=CARTESIAN_POINT('Axis2P3D Location',(-4.75000000002,-5.59482469102E-016,0.)) ;
#570=CARTESIAN_POINT('Vertex',(-4.36386367279,-0.210947236987,0.)) ;
#572=CARTESIAN_POINT('Vertex',(-5.13613632725,0.210947236987,-1.39870617276E-016)) ;
#575=CARTESIAN_POINT('Axis2P3D Location',(-4.75000000002,0.,0.)) ;
#584=CARTESIAN_POINT('Axis2P3D Location',(-3.35875721065,3.35875721065,0.)) ;
#588=CARTESIAN_POINT('Vertex',(-3.23487981695,2.93655537345,0.)) ;
#590=CARTESIAN_POINT('Vertex',(-3.48263460435,3.78095904784,-1.39870617276E-016)) ;
#593=CARTESIAN_POINT('Axis2P3D Location',(-3.35875721065,3.35875721065,0.)) ;
#602=CARTESIAN_POINT('Axis2P3D Location',(-6.2941777774E-016,4.75000000002,0.)) ;
#606=CARTESIAN_POINT('Vertex',(-0.210947236987,4.36386367279,0.)) ;
#608=CARTESIAN_POINT('Vertex',(0.210947236987,5.13613632725,-1.39870617276E-016)) ;
#611=CARTESIAN_POINT('Axis2P3D Location',(-2.09805925913E-016,4.75000000002,0.)) ;
#620=CARTESIAN_POINT('Axis2P3D Location',(3.35875721065,3.35875721065,0.)) ;
#624=CARTESIAN_POINT('Vertex',(2.93655537345,3.23487981695,0.)) ;
#626=CARTESIAN_POINT('Vertex',(3.78095904784,3.48263460435,-1.39870617276E-016)) ;
#629=CARTESIAN_POINT('Axis2P3D Location',(3.35875721065,3.35875721065,0.)) ;
#639=CARTESIAN_POINT('Axis2P3D Location',(-3.35875721065,3.35875721065,0.93606299213)) ;
#644=CARTESIAN_POINT('Line Origine',(-3.23487981695,2.93655537345,0.470000000002)) ;
#648=CARTESIAN_POINT('Vertex',(-3.23487981695,2.93655537345,0.940000000004)) ;
#651=CARTESIAN_POINT('Line Origine',(-3.48263460435,3.78095904784,0.470000000002)) ;
#655=CARTESIAN_POINT('Vertex',(-3.48263460435,3.78095904784,0.940000000004)) ;
#658=CARTESIAN_POINT('Axis2P3D Location',(-3.35875721065,3.35875721065,0.940000000004)) ;
#670=CARTESIAN_POINT('Axis2P3D Location',(-3.35875721065,3.35875721065,0.940000000004)) ;
#682=CARTESIAN_POINT('Axis2P3D Location',(-2.68628854304E-016,-4.75000000002,0.93606299213)) ;
#687=CARTESIAN_POINT('Line Origine',(0.210947236987,-4.36386367279,0.470000000002)) ;
#691=CARTESIAN_POINT('Vertex',(0.210947236987,-4.36386367279,0.940000000004)) ;
#694=CARTESIAN_POINT('Line Origine',(-0.210947236987,-5.13613632725,0.470000000002)) ;
#698=CARTESIAN_POINT('Vertex',(-0.210947236987,-5.13613632725,0.940000000004)) ;
#701=CARTESIAN_POINT('Axis2P3D Location',(-2.68628854304E-016,-4.75000000002,0.940000000004)) ;
#713=CARTESIAN_POINT('Axis2P3D Location',(-2.68628854304E-016,-4.75000000002,0.940000000004)) ;
#725=CARTESIAN_POINT('Axis2P3D Location',(-3.13078375294E-016,4.75000000002,0.93606299213)) ;
#730=CARTESIAN_POINT('Line Origine',(-0.210947236987,4.36386367279,0.470000000002)) ;
#734=CARTESIAN_POINT('Vertex',(-0.210947236987,4.36386367279,0.940000000004)) ;
#737=CARTESIAN_POINT('Line Origine',(0.210947236987,5.13613632725,0.470000000002)) ;
#741=CARTESIAN_POINT('Vertex',(0.210947236987,5.13613632725,0.940000000004)) ;
#744=CARTESIAN_POINT('Axis2P3D Location',(-3.13078375294E-016,4.75000000002,0.940000000004)) ;
#756=CARTESIAN_POINT('Axis2P3D Location',(-3.13078375294E-016,4.75000000002,0.940000000004)) ;
#768=CARTESIAN_POINT('Axis2P3D Location',(-3.35875721065,-3.35875721065,0.93606299213)) ;
#773=CARTESIAN_POINT('Line Origine',(-2.93655537345,-3.23487981695,0.470000000002)) ;
#777=CARTESIAN_POINT('Vertex',(-2.93655537345,-3.23487981695,0.940000000004)) ;
#780=CARTESIAN_POINT('Line Origine',(-3.78095904784,-3.48263460435,0.470000000002)) ;
#784=CARTESIAN_POINT('Vertex',(-3.78095904784,-3.48263460435,0.940000000004)) ;
#787=CARTESIAN_POINT('Axis2P3D Location',(-3.35875721065,-3.35875721065,0.940000000004)) ;
#799=CARTESIAN_POINT('Axis2P3D Location',(-3.35875721065,-3.35875721065,0.940000000004)) ;
#811=CARTESIAN_POINT('Axis2P3D Location',(3.35875721065,3.35875721065,0.93606299213)) ;
#816=CARTESIAN_POINT('Line Origine',(2.93655537345,3.23487981695,0.470000000002)) ;
#820=CARTESIAN_POINT('Vertex',(2.93655537345,3.23487981695,0.940000000004)) ;
#823=CARTESIAN_POINT('Line Origine',(3.78095904784,3.48263460435,0.470000000002)) ;
#827=CARTESIAN_POINT('Vertex',(3.78095904784,3.48263460435,0.940000000004)) ;
#830=CARTESIAN_POINT('Axis2P3D Location',(3.35875721065,3.35875721065,0.940000000004)) ;
#842=CARTESIAN_POINT('Axis2P3D Location',(3.35875721065,3.35875721065,0.940000000004)) ;
#854=CARTESIAN_POINT('Axis2P3D Location',(-4.75000000002,-5.81707229597E-016,0.93606299213)) ;
#859=CARTESIAN_POINT('Line Origine',(-4.36386367279,-0.210947236987,0.470000000002)) ;
#863=CARTESIAN_POINT('Vertex',(-4.36386367279,-0.210947236987,0.940000000004)) ;
#866=CARTESIAN_POINT('Line Origine',(-5.13613632725,0.210947236987,0.470000000002)) ;
#870=CARTESIAN_POINT('Vertex',(-5.13613632725,0.210947236987,0.940000000004)) ;
#873=CARTESIAN_POINT('Axis2P3D Location',(-4.75000000002,-5.81707229597E-016,0.940000000004)) ;
#885=CARTESIAN_POINT('Axis2P3D Location',(-4.75000000002,-5.81707229597E-016,0.940000000004)) ;
#897=CARTESIAN_POINT('Axis2P3D Location',(3.35875721065,-3.35875721065,0.93606299213)) ;
#902=CARTESIAN_POINT('Line Origine',(3.23487981695,-2.93655537345,0.470000000002)) ;
#906=CARTESIAN_POINT('Vertex',(3.23487981695,-2.93655537345,0.940000000004)) ;
#909=CARTESIAN_POINT('Line Origine',(3.48263460435,-3.78095904784,0.470000000002)) ;
#913=CARTESIAN_POINT('Vertex',(3.48263460435,-3.78095904784,0.940000000004)) ;
#916=CARTESIAN_POINT('Axis2P3D Location',(3.35875721065,-3.35875721065,0.940000000004)) ;
#928=CARTESIAN_POINT('Axis2P3D Location',(3.35875721065,-3.35875721065,0.940000000004)) ;
#940=CARTESIAN_POINT('Axis2P3D Location',(0.,5.50000000002,0.940000000004)) ;
#985=CARTESIAN_POINT('Axis2P3D Location',(4.38842777945,1.81774630374,0.940000000004)) ;
#989=CARTESIAN_POINT('Vertex',(4.29371362994,2.04640648804,0.940000000004)) ;
#991=CARTESIAN_POINT('Vertex',(4.48314192896,1.58908611944,0.940000000004)) ;
#994=CARTESIAN_POINT('Axis2P3D Location',(4.38842777945,1.81774630374,0.940000000004)) ;
#1004=CARTESIAN_POINT('Axis2P3D Location',(4.38842777945,1.81774630374,0.940000000004)) ;
#1008=CARTESIAN_POINT('Vertex',(4.31380451013,1.99790281258,0.940000000004)) ;
#1010=CARTESIAN_POINT('Vertex',(4.46305104876,1.6375897949,0.940000000004)) ;
#1013=CARTESIAN_POINT('Axis2P3D Location',(4.38842777945,1.81774630374,0.940000000004)) ;
#1022=CARTESIAN_POINT('Line Origine',(4.32966051232,1.78836347431,0.940000000004)) ;
#1026=CARTESIAN_POINT('Vertex',(4.32172773031,1.78932166823,0.940000000004)) ;
#1028=CARTESIAN_POINT('Vertex',(4.33759329433,1.78740528039,0.940000000004)) ;
#1031=CARTESIAN_POINT('Line Origine',(4.33839327307,1.78732993357,0.940000000004)) ;
#1035=CARTESIAN_POINT('Vertex',(4.33919325181,1.78725458674,0.940000000004)) ;
#1038=CARTESIAN_POINT('Line Origine',(4.34002240239,1.78719700585,0.940000000004)) ;
#1042=CARTESIAN_POINT('Vertex',(4.34085155298,1.78713942495,0.940000000004)) ;
#1045=CARTESIAN_POINT('Line Origine',(4.34171056832,1.78709989701,0.940000000004)) ;
#1049=CARTESIAN_POINT('Vertex',(4.34256958366,1.78706036906,0.940000000004)) ;
#1052=CARTESIAN_POINT('Line Origine',(4.34345817674,1.78703958697,0.940000000004)) ;
#1056=CARTESIAN_POINT('Vertex',(4.34434676982,1.78701880488,0.940000000004)) ;
#1059=CARTESIAN_POINT('Line Origine',(4.34526592057,1.78701636274,0.940000000004)) ;
#1063=CARTESIAN_POINT('Vertex',(4.34618507132,1.78701392061,0.940000000004)) ;
#1066=CARTESIAN_POINT('Line Origine',(4.34713408682,1.78702953142,0.940000000004)) ;
#1070=CARTESIAN_POINT('Vertex',(4.34808310233,1.78704514224,0.940000000004)) ;
#1073=CARTESIAN_POINT('Line Origine',(4.34906198259,1.78707880599,0.940000000004)) ;
#1077=CARTESIAN_POINT('Vertex',(4.35004086285,1.78711246975,0.940000000004)) ;
#1080=CARTESIAN_POINT('Line Origine',(4.35104960786,1.78716418646,0.940000000004)) ;
#1084=CARTESIAN_POINT('Vertex',(4.35205835288,1.78721590316,0.940000000004)) ;
#1087=CARTESIAN_POINT('Line Origine',(4.35309667564,1.78728636572,0.940000000004)) ;
#1091=CARTESIAN_POINT('Vertex',(4.3541349984,1.78735682828,0.940000000004)) ;
#1094=CARTESIAN_POINT('Line Origine',(4.35520416584,1.78744493789,0.940000000004)) ;
#1098=CARTESIAN_POINT('Vertex',(4.35627333327,1.7875330475,0.940000000004)) ;
#1101=CARTESIAN_POINT('Line Origine',(4.35583386563,1.78647346457,0.940000000004)) ;
#1105=CARTESIAN_POINT('Vertex',(4.35539439798,1.78541388163,0.940000000004)) ;
#1108=CARTESIAN_POINT('Line Origine',(4.35441573039,1.78465456199,0.940000000004)) ;
#1112=CARTESIAN_POINT('Vertex',(4.3534370628,1.78389524235,0.940000000004)) ;
#1115=CARTESIAN_POINT('Line Origine',(4.35253801863,1.78313967923,0.940000000004)) ;
#1119=CARTESIAN_POINT('Vertex',(4.35163897446,1.7823841161,0.940000000004)) ;
#1122=CARTESIAN_POINT('Line Origine',(4.35081967259,1.78163398231,0.940000000004)) ;
#1126=CARTESIAN_POINT('Vertex',(4.35000037072,1.78088384853,0.940000000004)) ;
#1129=CARTESIAN_POINT('Line Origine',(4.34926138518,1.78013775826,0.940000000004)) ;
#1133=CARTESIAN_POINT('Vertex',(4.34852239963,1.779391668,0.940000000004)) ;
#1136=CARTESIAN_POINT('Line Origine',(4.34786413632,1.77865060118,0.940000000004)) ;
#1140=CARTESIAN_POINT('Vertex',(4.347205873,1.77790953436,0.940000000004)) ;
#1143=CARTESIAN_POINT('Line Origine',(4.3466272331,1.77717222405,0.940000000004)) ;
#1147=CARTESIAN_POINT('Vertex',(4.3460485932,1.77643491375,0.940000000004)) ;
#1150=CARTESIAN_POINT('Line Origine',(4.3455496956,1.77570303278,0.940000000004)) ;
#1154=CARTESIAN_POINT('Vertex',(4.345050798,1.77497115181,0.940000000004)) ;
#1157=CARTESIAN_POINT('Line Origine',(4.34463250374,1.77424262146,0.940000000004)) ;
#1161=CARTESIAN_POINT('Vertex',(4.34421420949,1.77351409111,0.940000000004)) ;
#1164=CARTESIAN_POINT('Line Origine',(4.34387565753,1.77279099009,0.940000000004)) ;
#1168=CARTESIAN_POINT('Vertex',(4.34353710557,1.77206788908,0.940000000004)) ;
#1171=CARTESIAN_POINT('Line Origine',(4.34327886994,1.77134883159,0.940000000004)) ;
#1175=CARTESIAN_POINT('Vertex',(4.34302063432,1.7706297741,0.940000000004)) ;
#1178=CARTESIAN_POINT('Line Origine',(4.34283586401,1.76989406289,0.940000000004)) ;
#1182=CARTESIAN_POINT('Vertex',(4.3426510937,1.76915835167,0.940000000004)) ;
#1185=CARTESIAN_POINT('Line Origine',(4.34253420464,1.76838419067,0.940000000004)) ;
#1189=CARTESIAN_POINT('Vertex',(4.34241731558,1.76761002966,0.940000000004)) ;
#1192=CARTESIAN_POINT('Line Origine',(4.34236732785,1.76679782477,0.940000000004)) ;
#1196=CARTESIAN_POINT('Vertex',(4.34231734011,1.76598561987,0.940000000004)) ;
#1199=CARTESIAN_POINT('Line Origine',(4.34233523363,1.76513496519,0.940000000004)) ;
#1203=CARTESIAN_POINT('Vertex',(4.34235312714,1.76428431051,0.940000000004)) ;
#1206=CARTESIAN_POINT('Line Origine',(4.34243792199,1.76339561194,0.940000000004)) ;
#1210=CARTESIAN_POINT('Vertex',(4.34252271683,1.76250691338,0.940000000004)) ;
#1213=CARTESIAN_POINT('Line Origine',(4.34267470001,1.76157947801,0.940000000004)) ;
#1217=CARTESIAN_POINT('Vertex',(4.34282668319,1.76065204264,0.940000000004)) ;
#1220=CARTESIAN_POINT('Line Origine',(4.34304626061,1.75968685039,0.940000000004)) ;
#1224=CARTESIAN_POINT('Vertex',(4.34326583802,1.75872165815,0.940000000004)) ;
#1227=CARTESIAN_POINT('Line Origine',(4.34355329669,1.75771801612,0.940000000004)) ;
#1231=CARTESIAN_POINT('Vertex',(4.34384075536,1.75671437408,0.940000000004)) ;
#1234=CARTESIAN_POINT('Line Origine',(4.34419442244,1.75567240115,0.940000000004)) ;
#1238=CARTESIAN_POINT('Vertex',(4.34454808952,1.75463042822,0.940000000004)) ;
#1241=CARTESIAN_POINT('Line Origine',(4.34496935084,1.75355069841,0.940000000004)) ;
#1245=CARTESIAN_POINT('Vertex',(4.34539061216,1.7524709686,0.940000000004)) ;
#1248=CARTESIAN_POINT('Line Origine',(4.34577146939,1.75157501602,0.940000000004)) ;
#1252=CARTESIAN_POINT('Vertex',(4.34615232663,1.75067906345,0.940000000004)) ;
#1255=CARTESIAN_POINT('Line Origine',(4.34654912079,1.74978971216,0.940000000004)) ;
#1259=CARTESIAN_POINT('Vertex',(4.34694591495,1.74890036088,0.940000000004)) ;
#1262=CARTESIAN_POINT('Line Origine',(4.34735795312,1.74801732387,0.940000000004)) ;
#1266=CARTESIAN_POINT('Vertex',(4.34776999129,1.74713428686,0.940000000004)) ;
#1269=CARTESIAN_POINT('Line Origine',(4.3481986593,1.74625813815,0.940000000004)) ;
#1273=CARTESIAN_POINT('Vertex',(4.3486273273,1.74538198945,0.940000000004)) ;
#1276=CARTESIAN_POINT('Line Origine',(4.34907193222,1.74451244203,0.940000000004)) ;
#1280=CARTESIAN_POINT('Vertex',(4.34951653715,1.74364289461,0.940000000004)) ;
#1283=CARTESIAN_POINT('Line Origine',(4.40392469995,1.76547729161,0.940000000004)) ;
#1287=CARTESIAN_POINT('Vertex',(4.45833286275,1.78731168861,0.940000000004)) ;
#1290=CARTESIAN_POINT('Line Origine',(4.46133722961,1.79546288274,0.940000000004)) ;
#1294=CARTESIAN_POINT('Vertex',(4.46434159648,1.80361407687,0.940000000004)) ;
#1297=CARTESIAN_POINT('Line Origine',(4.47379923482,1.7807813181,0.940000000004)) ;
#1301=CARTESIAN_POINT('Vertex',(4.48325687317,1.75794855934,0.940000000004)) ;
#1304=CARTESIAN_POINT('Line Origine',(4.47451368953,1.76252126425,0.940000000004)) ;
#1308=CARTESIAN_POINT('Vertex',(4.4657705059,1.76709396916,0.940000000004)) ;
#1311=CARTESIAN_POINT('Line Origine',(4.4160577031,1.74650225202,0.940000000004)) ;
#1315=CARTESIAN_POINT('Vertex',(4.36634490031,1.72591053488,0.940000000004)) ;
#1318=CARTESIAN_POINT('Line Origine',(4.36776353527,1.72234257846,0.940000000004)) ;
#1322=CARTESIAN_POINT('Vertex',(4.36918217023,1.71877462205,0.940000000004)) ;
#1325=CARTESIAN_POINT('Line Origine',(4.36961682966,1.71778405671,0.940000000004)) ;
#1329=CARTESIAN_POINT('Vertex',(4.37005148908,1.71679349138,0.940000000004)) ;
#1332=CARTESIAN_POINT('Line Origine',(4.37050124828,1.71587818308,0.940000000004)) ;
#1336=CARTESIAN_POINT('Vertex',(4.37095100748,1.71496287477,0.940000000004)) ;
#1339=CARTESIAN_POINT('Line Origine',(4.37141696527,1.71412409045,0.940000000004)) ;
#1343=CARTESIAN_POINT('Vertex',(4.37188292306,1.71328530612,0.940000000004)) ;
#1346=CARTESIAN_POINT('Line Origine',(4.37236507944,1.71252304576,0.940000000004)) ;
#1350=CARTESIAN_POINT('Vertex',(4.37284723582,1.7117607854,0.940000000004)) ;
#1353=CARTESIAN_POINT('Line Origine',(4.37334489788,1.71107476201,0.940000000004)) ;
#1357=CARTESIAN_POINT('Vertex',(4.37384255994,1.71038873861,0.940000000004)) ;
#1360=CARTESIAN_POINT('Line Origine',(4.37435601468,1.70977825926,0.940000000004)) ;
#1364=CARTESIAN_POINT('Vertex',(4.37486946943,1.70916777991,0.940000000004)) ;
#1367=CARTESIAN_POINT('Line Origine',(4.37539814284,1.70863423043,0.940000000004)) ;
#1371=CARTESIAN_POINT('Vertex',(4.37592681626,1.70810068095,0.940000000004)) ;
#1374=CARTESIAN_POINT('Line Origine',(4.37703333287,1.70726176809,0.940000000004)) ;
#1378=CARTESIAN_POINT('Vertex',(4.37813984949,1.70642285523,0.940000000004)) ;
#1381=CARTESIAN_POINT('Line Origine',(4.3793246416,1.70588101003,0.940000000004)) ;
#1385=CARTESIAN_POINT('Vertex',(4.38050943371,1.70533916483,0.940000000004)) ;
#1388=CARTESIAN_POINT('Line Origine',(4.38186609831,1.70504872985,0.940000000004)) ;
#1392=CARTESIAN_POINT('Vertex',(4.38322276291,1.70475829487,0.940000000004)) ;
#1395=CARTESIAN_POINT('Line Origine',(4.38476657285,1.70471179583,0.940000000004)) ;
#1399=CARTESIAN_POINT('Vertex',(4.3863103828,1.70466529679,0.940000000004)) ;
#1402=CARTESIAN_POINT('Line Origine',(4.3871524883,1.70473322753,0.940000000004)) ;
#1406=CARTESIAN_POINT('Vertex',(4.38799459379,1.70480115827,0.940000000004)) ;
#1409=CARTESIAN_POINT('Line Origine',(4.38888303769,1.70492968451,0.940000000004)) ;
#1413=CARTESIAN_POINT('Vertex',(4.3897714816,1.70505821075,0.940000000004)) ;
#1416=CARTESIAN_POINT('Line Origine',(4.3907066698,1.70524831241,0.940000000004)) ;
#1420=CARTESIAN_POINT('Vertex',(4.39164185801,1.70543841407,0.940000000004)) ;
#1423=CARTESIAN_POINT('Line Origine',(4.39262407754,1.70568939824,0.940000000004)) ;
#1427=CARTESIAN_POINT('Vertex',(4.39360629706,1.70594038242,0.940000000004)) ;
#1430=CARTESIAN_POINT('Line Origine',(4.3946355479,1.7062522491,0.940000000004)) ;
#1434=CARTESIAN_POINT('Vertex',(4.39566479875,1.70656411578,0.940000000004)) ;
#1437=CARTESIAN_POINT('Line Origine',(4.39620294732,1.70526491019,0.940000000004)) ;
#1441=CARTESIAN_POINT('Vertex',(4.3967410959,1.7039657046,0.940000000004)) ;
#1444=CARTESIAN_POINT('Line Origine',(4.39555382436,1.70362572613,0.940000000004)) ;
#1448=CARTESIAN_POINT('Vertex',(4.39436655282,1.70328574766,0.940000000004)) ;
#1451=CARTESIAN_POINT('Line Origine',(4.39323445939,1.7030124616,0.940000000004)) ;
#1455=CARTESIAN_POINT('Vertex',(4.39210236596,1.70273917554,0.940000000004)) ;
#1458=CARTESIAN_POINT('Line Origine',(4.3910252825,1.70253494762,0.940000000004)) ;
#1462=CARTESIAN_POINT('Vertex',(4.38994819905,1.7023307197,0.940000000004)) ;
#1465=CARTESIAN_POINT('Line Origine',(4.38892600669,1.70219387709,0.940000000004)) ;
#1469=CARTESIAN_POINT('Vertex',(4.38790381432,1.70205703449,0.940000000004)) ;
#1472=CARTESIAN_POINT('Line Origine',(4.38693651305,1.7019875772,0.940000000004)) ;
#1476=CARTESIAN_POINT('Vertex',(4.38596921178,1.70191811991,0.940000000004)) ;
#1479=CARTESIAN_POINT('Line Origine',(4.3850572075,1.70191702785,0.940000000004)) ;
#1483=CARTESIAN_POINT('Vertex',(4.38414520322,1.70191593579,0.940000000004)) ;
#1486=CARTESIAN_POINT('Line Origine',(4.38328849593,1.70198320897,0.940000000004)) ;
#1490=CARTESIAN_POINT('Vertex',(4.38243178864,1.70205048215,0.940000000004)) ;
#1493=CARTESIAN_POINT('Line Origine',(4.38162927953,1.70218485363,0.940000000004)) ;
#1497=CARTESIAN_POINT('Vertex',(4.38082677043,1.70231922511,0.940000000004)) ;
#1500=CARTESIAN_POINT('Line Origine',(4.38007984532,1.70252126892,0.940000000004)) ;
#1504=CARTESIAN_POINT('Vertex',(4.37933292021,1.70272331272,0.940000000004)) ;
#1507=CARTESIAN_POINT('Line Origine',(4.37798564954,1.70333992107,0.940000000004)) ;
#1511=CARTESIAN_POINT('Vertex',(4.37663837887,1.70395652942,0.940000000004)) ;
#1514=CARTESIAN_POINT('Line Origine',(4.37600344901,1.70438599328,0.940000000004)) ;
#1518=CARTESIAN_POINT('Vertex',(4.37536851915,1.70481545713,0.940000000004)) ;
#1521=CARTESIAN_POINT('Line Origine',(4.37475164924,1.7053287103,0.940000000004)) ;
#1525=CARTESIAN_POINT('Vertex',(4.37413477932,1.70584196348,0.940000000004)) ;
#1528=CARTESIAN_POINT('Line Origine',(4.3735379292,1.70643819419,0.940000000004)) ;
#1532=CARTESIAN_POINT('Vertex',(4.37294107908,1.70703442489,0.940000000004)) ;
#1535=CARTESIAN_POINT('Line Origine',(4.37236326882,1.70771403903,0.940000000004)) ;
#1539=CARTESIAN_POINT('Vertex',(4.37178545857,1.70839365316,0.940000000004)) ;
#1542=CARTESIAN_POINT('Line Origine',(4.37122640116,1.70915734363,0.940000000004)) ;
#1546=CARTESIAN_POINT('Vertex',(4.37066734376,1.7099210341,0.940000000004)) ;
#1549=CARTESIAN_POINT('Line Origine',(4.37012801914,1.71076839501,0.940000000004)) ;
#1553=CARTESIAN_POINT('Vertex',(4.36958869451,1.71161575592,0.940000000004)) ;
#1556=CARTESIAN_POINT('Line Origine',(4.36906869677,1.71254580735,0.940000000004)) ;
#1560=CARTESIAN_POINT('Vertex',(4.36854869903,1.71347585878,0.940000000004)) ;
#1563=CARTESIAN_POINT('Line Origine',(4.36804814705,1.71449027355,0.940000000004)) ;
#1567=CARTESIAN_POINT('Vertex',(4.36754759507,1.71550468833,0.940000000004)) ;
#1570=CARTESIAN_POINT('Line Origine',(4.36706636997,1.71660179363,0.940000000004)) ;
#1574=CARTESIAN_POINT('Vertex',(4.36658514487,1.71769889892,0.940000000004)) ;
#1577=CARTESIAN_POINT('Line Origine',(4.36539341797,1.72071709097,0.940000000004)) ;
#1581=CARTESIAN_POINT('Vertex',(4.36420169107,1.72373528302,0.940000000004)) ;
#1584=CARTESIAN_POINT('Line Origine',(4.3615260403,1.72327074495,0.940000000004)) ;
#1588=CARTESIAN_POINT('Vertex',(4.35885038954,1.72280620687,0.940000000004)) ;
#1591=CARTESIAN_POINT('Line Origine',(4.35916018594,1.72175255646,0.940000000004)) ;
#1595=CARTESIAN_POINT('Vertex',(4.35946998235,1.72069890605,0.940000000004)) ;
#1598=CARTESIAN_POINT('Line Origine',(4.35979599423,1.71967470255,0.940000000004)) ;
#1602=CARTESIAN_POINT('Vertex',(4.36012200612,1.71865049905,0.940000000004)) ;
#1605=CARTESIAN_POINT('Line Origine',(4.36046325357,1.71765614836,0.940000000004)) ;
#1609=CARTESIAN_POINT('Vertex',(4.36080450103,1.71666179766,0.940000000004)) ;
#1612=CARTESIAN_POINT('Line Origine',(4.36116167695,1.71569758679,0.940000000004)) ;
#1616=CARTESIAN_POINT('Vertex',(4.36151885288,1.71473337591,0.940000000004)) ;
#1619=CARTESIAN_POINT('Line Origine',(4.36189195727,1.71379930486,0.940000000004)) ;
#1623=CARTESIAN_POINT('Vertex',(4.36226506167,1.71286523381,0.940000000004)) ;
#1626=CARTESIAN_POINT('Line Origine',(4.36281031097,1.71162335964,0.940000000004)) ;
#1630=CARTESIAN_POINT('Vertex',(4.36335556027,1.71038148547,0.940000000004)) ;
#1633=CARTESIAN_POINT('Line Origine',(4.3639232155,1.70923250694,0.940000000004)) ;
#1637=CARTESIAN_POINT('Vertex',(4.36449087073,1.70808352841,0.940000000004)) ;
#1640=CARTESIAN_POINT('Line Origine',(4.36508174369,1.70702940536,0.940000000004)) ;
#1644=CARTESIAN_POINT('Vertex',(4.36567261664,1.70597528231,0.940000000004)) ;
#1647=CARTESIAN_POINT('Line Origine',(4.36628618253,1.70501336199,0.940000000004)) ;
#1651=CARTESIAN_POINT('Vertex',(4.36689974842,1.70405144166,0.940000000004)) ;
#1654=CARTESIAN_POINT('Line Origine',(4.36753514622,1.7031838028,0.940000000004)) ;
#1658=CARTESIAN_POINT('Vertex',(4.36817054402,1.70231616393,0.940000000004)) ;
#1661=CARTESIAN_POINT('Line Origine',(4.36882944655,1.70154268764,0.940000000004)) ;
#1665=CARTESIAN_POINT('Vertex',(4.36948834908,1.70076921134,0.940000000004)) ;
#1668=CARTESIAN_POINT('Line Origine',(4.37016937053,1.70008932359,0.940000000004)) ;
#1672=CARTESIAN_POINT('Vertex',(4.37085039198,1.69940943585,0.940000000004)) ;
#1675=CARTESIAN_POINT('Line Origine',(4.37155451226,1.69882273075,0.940000000004)) ;
#1679=CARTESIAN_POINT('Vertex',(4.37225863255,1.69823602565,0.940000000004)) ;
#1682=CARTESIAN_POINT('Line Origine',(4.37298487175,1.6977429091,0.940000000004)) ;
#1686=CARTESIAN_POINT('Vertex',(4.37371111096,1.69724979255,0.940000000004)) ;
#1689=CARTESIAN_POINT('Line Origine',(4.37446016198,1.69685055155,0.940000000004)) ;
#1693=CARTESIAN_POINT('Vertex',(4.37520921301,1.69645131056,0.940000000004)) ;
#1696=CARTESIAN_POINT('Line Origine',(4.3759957747,1.69613985667,0.940000000004)) ;
#1700=CARTESIAN_POINT('Vertex',(4.37678233638,1.69582840278,0.940000000004)) ;
#1703=CARTESIAN_POINT('Line Origine',(4.37762000876,1.6955973806,0.940000000004)) ;
#1707=CARTESIAN_POINT('Vertex',(4.37845768113,1.69536635843,0.940000000004)) ;
#1710=CARTESIAN_POINT('Line Origine',(4.37934617717,1.69521646087,0.940000000004)) ;
#1714=CARTESIAN_POINT('Vertex',(4.38023467322,1.69506656331,0.940000000004)) ;
#1717=CARTESIAN_POINT('Line Origine',(4.38117537876,1.69499836441,0.940000000004)) ;
#1721=CARTESIAN_POINT('Vertex',(4.3821160843,1.6949301655,0.940000000004)) ;
#1724=CARTESIAN_POINT('Line Origine',(4.38310720761,1.69494211129,0.940000000004)) ;
#1728=CARTESIAN_POINT('Vertex',(4.38409833092,1.69495405708,0.940000000004)) ;
#1731=CARTESIAN_POINT('Line Origine',(4.38514125783,1.69504672159,0.940000000004)) ;
#1735=CARTESIAN_POINT('Vertex',(4.38618418474,1.69513938611,0.940000000004)) ;
#1738=CARTESIAN_POINT('Line Origine',(4.38727862823,1.69531346226,0.940000000004)) ;
#1742=CARTESIAN_POINT('Vertex',(4.38837307172,1.69548753841,0.940000000004)) ;
#1745=CARTESIAN_POINT('Line Origine',(4.38951833889,1.69574273918,0.940000000004)) ;
#1749=CARTESIAN_POINT('Vertex',(4.39066360605,1.69599793995,0.940000000004)) ;
#1752=CARTESIAN_POINT('Line Origine',(4.39186067681,1.69633385945,0.940000000004)) ;
#1756=CARTESIAN_POINT('Vertex',(4.39305774757,1.69666977894,0.940000000004)) ;
#1759=CARTESIAN_POINT('Line Origine',(4.39430564201,1.69708682306,0.940000000004)) ;
#1763=CARTESIAN_POINT('Vertex',(4.39555353644,1.69750386718,0.940000000004)) ;
#1766=CARTESIAN_POINT('Line Origine',(4.39458526769,1.69586887003,0.940000000004)) ;
#1770=CARTESIAN_POINT('Vertex',(4.39361699895,1.69423387287,0.940000000004)) ;
#1773=CARTESIAN_POINT('Line Origine',(4.3923868404,1.69313902093,0.940000000004)) ;
#1777=CARTESIAN_POINT('Vertex',(4.39115668185,1.692044169,0.940000000004)) ;
#1780=CARTESIAN_POINT('Line Origine',(4.38991445333,1.69088830372,0.940000000004)) ;
#1784=CARTESIAN_POINT('Vertex',(4.38867222481,1.68973243844,0.940000000004)) ;
#1787=CARTESIAN_POINT('Line Origine',(4.38741735228,1.68851694563,0.940000000004)) ;
#1791=CARTESIAN_POINT('Vertex',(4.38616247976,1.68730145283,0.940000000004)) ;
#1794=CARTESIAN_POINT('Line Origine',(4.38489525025,1.68602563959,0.940000000004)) ;
#1798=CARTESIAN_POINT('Vertex',(4.38362802073,1.68474982635,0.940000000004)) ;
#1801=CARTESIAN_POINT('Line Origine',(4.38234843423,1.68341369267,0.940000000004)) ;
#1805=CARTESIAN_POINT('Vertex',(4.38106884773,1.682077559,0.940000000004)) ;
#1808=CARTESIAN_POINT('Line Origine',(4.37977621133,1.68068081788,0.940000000004)) ;
#1812=CARTESIAN_POINT('Vertex',(4.37848357493,1.67928407675,0.940000000004)) ;
#1815=CARTESIAN_POINT('Line Origine',(4.37717858154,1.6778270152,0.940000000004)) ;
#1819=CARTESIAN_POINT('Vertex',(4.37587358815,1.67636995364,0.940000000004)) ;
#1822=CARTESIAN_POINT('Line Origine',(4.37455595076,1.67485326456,0.940000000004)) ;
#1826=CARTESIAN_POINT('Vertex',(4.37323831337,1.67333657548,0.940000000004)) ;
#1829=CARTESIAN_POINT('Line Origine',(4.3719090119,1.67175985298,0.940000000004)) ;
#1833=CARTESIAN_POINT('Vertex',(4.37057971043,1.67018313047,0.940000000004)) ;
#1836=CARTESIAN_POINT('Line Origine',(4.34528613544,1.72983221455,0.940000000004)) ;
#1840=CARTESIAN_POINT('Vertex',(4.31999256046,1.78948129862,0.940000000004)) ;
#1843=CARTESIAN_POINT('Line Origine',(4.32086014538,1.78940148343,0.940000000004)) ;
#1968=CARTESIAN_POINT('Line Origine',(4.32747325934,1.79751074322,0.940000000004)) ;
#1972=CARTESIAN_POINT('Vertex',(4.32613015397,1.79777432285,0.940000000004)) ;
#1974=CARTESIAN_POINT('Vertex',(4.32881636471,1.79724716359,0.940000000004)) ;
#1977=CARTESIAN_POINT('Line Origine',(4.33027805611,1.79702458596,0.940000000004)) ;
#1981=CARTESIAN_POINT('Vertex',(4.33173974751,1.79680200833,0.940000000004)) ;
#1984=CARTESIAN_POINT('Line Origine',(4.33332100488,1.7966200268,0.940000000004)) ;
#1988=CARTESIAN_POINT('Vertex',(4.33490226224,1.79643804528,0.940000000004)) ;
#1991=CARTESIAN_POINT('Line Origine',(4.33660181863,1.79629775867,0.940000000004)) ;
#1995=CARTESIAN_POINT('Vertex',(4.33830137502,1.79615747206,0.940000000004)) ;
#1998=CARTESIAN_POINT('Line Origine',(4.34011980446,1.79605749454,0.940000000004)) ;
#2002=CARTESIAN_POINT('Vertex',(4.34193823389,1.79595751703,0.940000000004)) ;
#2005=CARTESIAN_POINT('Line Origine',(4.34387524937,1.79589854151,0.940000000004)) ;
#2009=CARTESIAN_POINT('Vertex',(4.34581226484,1.795839566,0.940000000004)) ;
#2012=CARTESIAN_POINT('Line Origine',(4.34786827225,1.79582257241,0.940000000004)) ;
#2016=CARTESIAN_POINT('Vertex',(4.34992427966,1.79580557883,0.940000000004)) ;
#2019=CARTESIAN_POINT('Line Origine',(4.35209916012,1.79582889433,0.940000000004)) ;
#2023=CARTESIAN_POINT('Vertex',(4.35427404058,1.79585220984,0.940000000004)) ;
#2026=CARTESIAN_POINT('Line Origine',(4.35656750708,1.79591652735,0.940000000004)) ;
#2030=CARTESIAN_POINT('Vertex',(4.35886097357,1.79598084486,0.940000000004)) ;
#2033=CARTESIAN_POINT('Line Origine',(4.35894942379,1.79449536811,0.940000000004)) ;
#2037=CARTESIAN_POINT('Vertex',(4.359037874,1.79300989135,0.940000000004)) ;
#2040=CARTESIAN_POINT('Line Origine',(4.35621551902,1.79287993015,0.940000000004)) ;
#2044=CARTESIAN_POINT('Vertex',(4.35339316404,1.79274996895,0.940000000004)) ;
#2047=CARTESIAN_POINT('Line Origine',(4.35121021488,1.79270301643,0.940000000004)) ;
#2051=CARTESIAN_POINT('Vertex',(4.34902726572,1.79265606391,0.940000000004)) ;
#2054=CARTESIAN_POINT('Line Origine',(4.3469721482,1.79265719021,0.940000000004)) ;
#2058=CARTESIAN_POINT('Vertex',(4.34491703067,1.79265831652,0.940000000004)) ;
#2061=CARTESIAN_POINT('Line Origine',(4.3429903188,1.79270613584,0.940000000004)) ;
#2065=CARTESIAN_POINT('Vertex',(4.34106360693,1.79275395515,0.940000000004)) ;
#2068=CARTESIAN_POINT('Line Origine',(4.33926460781,1.79284818047,0.940000000004)) ;
#2072=CARTESIAN_POINT('Vertex',(4.33746560869,1.79294240579,0.940000000004)) ;
#2075=CARTESIAN_POINT('Line Origine',(4.33579513411,1.79308499695,0.940000000004)) ;
#2079=CARTESIAN_POINT('Vertex',(4.33412465953,1.79322758811,0.940000000004)) ;
#2082=CARTESIAN_POINT('Line Origine',(4.3325818977,1.79341658526,0.940000000004)) ;
#2086=CARTESIAN_POINT('Vertex',(4.33103913586,1.79360558242,0.940000000004)) ;
#2089=CARTESIAN_POINT('Line Origine',(4.32962379977,1.79384167849,0.940000000004)) ;
#2093=CARTESIAN_POINT('Vertex',(4.32820846367,1.79407777456,0.940000000004)) ;
#2096=CARTESIAN_POINT('Line Origine',(4.32692124621,1.79436125654,0.940000000004)) ;
#2100=CARTESIAN_POINT('Vertex',(4.32563402876,1.79464473853,0.940000000004)) ;
#2103=CARTESIAN_POINT('Line Origine',(4.32447562286,1.79497589345,0.940000000004)) ;
#2107=CARTESIAN_POINT('Vertex',(4.32331721696,1.79530704837,0.940000000004)) ;
#2110=CARTESIAN_POINT('Line Origine',(4.32349916613,1.79684526725,0.940000000004)) ;
#2114=CARTESIAN_POINT('Vertex',(4.32368111531,1.79838348613,0.940000000004)) ;
#2117=CARTESIAN_POINT('Line Origine',(4.32490563464,1.79807890449,0.940000000004)) ;
#2146=CARTESIAN_POINT('Line Origine',(4.349930307,1.7752185404,0.940000000004)) ;
#2150=CARTESIAN_POINT('Vertex',(4.35002011694,1.77620310467,0.940000000004)) ;
#2152=CARTESIAN_POINT('Vertex',(4.34984049705,1.77423397613,0.940000000004)) ;
#2155=CARTESIAN_POINT('Line Origine',(4.34981119607,1.77324443911,0.940000000004)) ;
#2159=CARTESIAN_POINT('Vertex',(4.34978189509,1.77225490209,0.940000000004)) ;
#2162=CARTESIAN_POINT('Line Origine',(4.34981339008,1.77125969941,0.940000000004)) ;
#2166=CARTESIAN_POINT('Vertex',(4.34984488508,1.77026449672,0.940000000004)) ;
#2169=CARTESIAN_POINT('Line Origine',(4.34993758194,1.7692646083,0.940000000004)) ;
#2173=CARTESIAN_POINT('Vertex',(4.3500302788,1.76826471988,0.940000000004)) ;
#2176=CARTESIAN_POINT('Line Origine',(4.35018307872,1.76725887879,0.940000000004)) ;
#2180=CARTESIAN_POINT('Vertex',(4.35033587865,1.76625303769,0.940000000004)) ;
#2183=CARTESIAN_POINT('Line Origine',(4.35054988044,1.76524251086,0.940000000004)) ;
#2187=CARTESIAN_POINT('Vertex',(4.35076388223,1.76423198402,0.940000000004)) ;
#2190=CARTESIAN_POINT('Line Origine',(4.35103839299,1.76321648444,0.940000000004)) ;
#2194=CARTESIAN_POINT('Vertex',(4.35131290374,1.76220098485,0.940000000004)) ;
#2197=CARTESIAN_POINT('Line Origine',(4.35164780457,1.76117883968,0.940000000004)) ;
#2201=CARTESIAN_POINT('Vertex',(4.3519827054,1.76015669451,0.940000000004)) ;
#2204=CARTESIAN_POINT('Line Origine',(4.35237852109,1.75913055652,0.940000000004)) ;
#2208=CARTESIAN_POINT('Vertex',(4.35277433677,1.75810441852,0.940000000004)) ;
#2211=CARTESIAN_POINT('Line Origine',(4.35307750364,1.75741170584,0.940000000004)) ;
#2215=CARTESIAN_POINT('Vertex',(4.35338067051,1.75671899317,0.940000000004)) ;
#2218=CARTESIAN_POINT('Line Origine',(4.35371763027,1.75601917132,0.940000000004)) ;
#2222=CARTESIAN_POINT('Vertex',(4.35405459003,1.75531934947,0.940000000004)) ;
#2225=CARTESIAN_POINT('Line Origine',(4.3544260356,1.75461270546,0.940000000004)) ;
#2229=CARTESIAN_POINT('Vertex',(4.35479748116,1.75390606145,0.940000000004)) ;
#2232=CARTESIAN_POINT('Line Origine',(4.40506004482,1.77466785962,0.940000000004)) ;
#2236=CARTESIAN_POINT('Vertex',(4.45532260848,1.79542965778,0.940000000004)) ;
#2239=CARTESIAN_POINT('Line Origine',(4.46142509253,1.80726460937,0.940000000004)) ;
#2243=CARTESIAN_POINT('Vertex',(4.46752757657,1.81909956095,0.940000000004)) ;
#2246=CARTESIAN_POINT('Line Origine',(4.47810284188,1.79356861201,0.940000000004)) ;
#2250=CARTESIAN_POINT('Vertex',(4.48867810719,1.76803766307,0.940000000004)) ;
#2253=CARTESIAN_POINT('Line Origine',(4.48780516597,1.76632931248,0.940000000004)) ;
#2257=CARTESIAN_POINT('Vertex',(4.48693222474,1.76462096189,0.940000000004)) ;
#2260=CARTESIAN_POINT('Line Origine',(4.47701909744,1.78855336827,0.940000000004)) ;
#2264=CARTESIAN_POINT('Vertex',(4.46710597013,1.81248577465,0.940000000004)) ;
#2267=CARTESIAN_POINT('Line Origine',(4.46223421346,1.80262427189,0.940000000004)) ;
#2271=CARTESIAN_POINT('Vertex',(4.45736245679,1.79276276912,0.940000000004)) ;
#2274=CARTESIAN_POINT('Line Origine',(4.40530069029,1.77119807935,0.940000000004)) ;
#2278=CARTESIAN_POINT('Vertex',(4.35323892378,1.74963338959,0.940000000004)) ;
#2281=CARTESIAN_POINT('Line Origine',(4.35207140732,1.75231091485,0.940000000004)) ;
#2285=CARTESIAN_POINT('Vertex',(4.35090389086,1.75498844012,0.940000000004)) ;
#2288=CARTESIAN_POINT('Line Origine',(4.3505224427,1.75593285558,0.940000000004)) ;
#2292=CARTESIAN_POINT('Vertex',(4.35014099454,1.75687727103,0.940000000004)) ;
#2295=CARTESIAN_POINT('Line Origine',(4.3497973455,1.75777158807,0.940000000004)) ;
#2299=CARTESIAN_POINT('Vertex',(4.34945369647,1.75866590511,0.940000000004)) ;
#2302=CARTESIAN_POINT('Line Origine',(4.34914951938,1.75951000484,0.940000000004)) ;
#2306=CARTESIAN_POINT('Vertex',(4.34884534229,1.76035410458,0.940000000004)) ;
#2309=CARTESIAN_POINT('Line Origine',(4.34857994425,1.7611477,0.940000000004)) ;
#2313=CARTESIAN_POINT('Vertex',(4.34831454621,1.76194129542,0.940000000004)) ;
#2316=CARTESIAN_POINT('Line Origine',(4.34808804609,1.76268605936,0.940000000004)) ;
#2320=CARTESIAN_POINT('Vertex',(4.34786154598,1.7634308233,0.940000000004)) ;
#2323=CARTESIAN_POINT('Line Origine',(4.34752488288,1.76476883823,0.940000000004)) ;
#2327=CARTESIAN_POINT('Vertex',(4.34718821978,1.76610685316,0.940000000004)) ;
#2330=CARTESIAN_POINT('Line Origine',(4.34700748465,1.76724481068,0.940000000004)) ;
#2334=CARTESIAN_POINT('Vertex',(4.34682674952,1.76838276819,0.940000000004)) ;
#2337=CARTESIAN_POINT('Line Origine',(4.34680112211,1.76934224698,0.940000000004)) ;
#2341=CARTESIAN_POINT('Vertex',(4.34677549471,1.77030172577,0.940000000004)) ;
#2344=CARTESIAN_POINT('Line Origine',(4.34690237006,1.77121640466,0.940000000004)) ;
#2348=CARTESIAN_POINT('Vertex',(4.34702924542,1.77213108354,0.940000000004)) ;
#2351=CARTESIAN_POINT('Line Origine',(4.34730907023,1.77302144239,0.940000000004)) ;
#2355=CARTESIAN_POINT('Vertex',(4.34758889505,1.77391180124,0.940000000004)) ;
#2358=CARTESIAN_POINT('Line Origine',(4.34802040238,1.77477893887,0.940000000004)) ;
#2362=CARTESIAN_POINT('Vertex',(4.34845190972,1.7756460765,0.940000000004)) ;
#2365=CARTESIAN_POINT('Line Origine',(4.34903677241,1.77648987402,0.940000000004)) ;
#2369=CARTESIAN_POINT('Vertex',(4.3496216351,1.77733367155,0.940000000004)) ;
#2372=CARTESIAN_POINT('Line Origine',(4.34997148193,1.77774728671,0.940000000004)) ;
#2376=CARTESIAN_POINT('Vertex',(4.35032132876,1.77816090188,0.940000000004)) ;
#2379=CARTESIAN_POINT('Line Origine',(4.35017072285,1.77718200327,0.940000000004)) ;
#2420=CARTESIAN_POINT('Line Origine',(4.27427279466,1.90212807716,0.940000000004)) ;
#2424=CARTESIAN_POINT('Vertex',(4.27322099136,1.90239785508,0.940000000004)) ;
#2426=CARTESIAN_POINT('Vertex',(4.27532459796,1.90185829924,0.940000000004)) ;
#2429=CARTESIAN_POINT('Line Origine',(4.27632613822,1.90160991497,0.940000000004)) ;
#2433=CARTESIAN_POINT('Vertex',(4.27732767847,1.90136153071,0.940000000004)) ;
#2436=CARTESIAN_POINT('Line Origine',(4.27827924269,1.90113384719,0.940000000004)) ;
#2440=CARTESIAN_POINT('Vertex',(4.27923080691,1.90090616368,0.940000000004)) ;
#2443=CARTESIAN_POINT('Line Origine',(4.28013308801,1.90069946793,0.940000000004)) ;
#2447=CARTESIAN_POINT('Vertex',(4.28103536911,1.90049277218,0.940000000004)) ;
#2450=CARTESIAN_POINT('Line Origine',(4.28188767417,1.90030677718,0.940000000004)) ;
#2454=CARTESIAN_POINT('Vertex',(4.28273997924,1.90012078218,0.940000000004)) ;
#2457=CARTESIAN_POINT('Line Origine',(4.28354271417,1.89995646786,0.940000000004)) ;
#2461=CARTESIAN_POINT('Vertex',(4.28434544909,1.89979215353,0.940000000004)) ;
#2464=CARTESIAN_POINT('Line Origine',(4.28509918791,1.89964813406,0.940000000004)) ;
#2468=CARTESIAN_POINT('Vertex',(4.28585292673,1.89950411459,0.940000000004)) ;
#2471=CARTESIAN_POINT('Line Origine',(4.28720990224,1.89927956372,0.940000000004)) ;
#2475=CARTESIAN_POINT('Vertex',(4.28856687775,1.89905501285,0.940000000004)) ;
#2478=CARTESIAN_POINT('Line Origine',(4.28978180533,1.89890881701,0.940000000004)) ;
#2482=CARTESIAN_POINT('Vertex',(4.29099673291,1.89876262117,0.940000000004)) ;
#2485=CARTESIAN_POINT('Line Origine',(4.29240697942,1.89865836296,0.940000000004)) ;
#2489=CARTESIAN_POINT('Vertex',(4.29381722593,1.89855410475,0.940000000004)) ;
#2492=CARTESIAN_POINT('Line Origine',(4.29461716737,1.89851608501,0.940000000004)) ;
#2496=CARTESIAN_POINT('Vertex',(4.29541710882,1.89847806527,0.940000000004)) ;
#2499=CARTESIAN_POINT('Line Origine',(4.29628018313,1.89844833654,0.940000000004)) ;
#2503=CARTESIAN_POINT('Vertex',(4.29714325744,1.89841860782,0.940000000004)) ;
#2506=CARTESIAN_POINT('Line Origine',(4.29806889059,1.89839855593,0.940000000004)) ;
#2510=CARTESIAN_POINT('Vertex',(4.29899452374,1.89837850404,0.940000000004)) ;
#2513=CARTESIAN_POINT('Line Origine',(4.29998300275,1.89836743608,0.940000000004)) ;
#2517=CARTESIAN_POINT('Vertex',(4.30097148176,1.89835636812,0.940000000004)) ;
#2520=CARTESIAN_POINT('Line Origine',(4.30202280663,1.89835428409,0.940000000004)) ;
#2524=CARTESIAN_POINT('Vertex',(4.30307413149,1.89835220007,0.940000000004)) ;
#2527=CARTESIAN_POINT('Line Origine',(4.30418830221,1.89835909996,0.940000000004)) ;
#2531=CARTESIAN_POINT('Vertex',(4.30530247293,1.89836599986,0.940000000004)) ;
#2534=CARTESIAN_POINT('Line Origine',(4.30648018241,1.8983821707,0.940000000004)) ;
#2538=CARTESIAN_POINT('Vertex',(4.3076578919,1.89839834154,0.940000000004)) ;
#2541=CARTESIAN_POINT('Line Origine',(4.30882267387,1.89841240481,0.940000000004)) ;
#2545=CARTESIAN_POINT('Vertex',(4.30998745584,1.89842646807,0.940000000004)) ;
#2548=CARTESIAN_POINT('Line Origine',(4.30894913272,1.89722517611,0.940000000004)) ;
#2552=CARTESIAN_POINT('Vertex',(4.30791080961,1.89602388416,0.940000000004)) ;
#2555=CARTESIAN_POINT('Line Origine',(4.30696782102,1.89486289284,0.940000000004)) ;
#2559=CARTESIAN_POINT('Vertex',(4.30602483243,1.89370190153,0.940000000004)) ;
#2562=CARTESIAN_POINT('Line Origine',(4.30517729724,1.89258288369,0.940000000004)) ;
#2566=CARTESIAN_POINT('Vertex',(4.30432976205,1.89146386586,0.940000000004)) ;
#2569=CARTESIAN_POINT('Line Origine',(4.30357727437,1.89038584158,0.940000000004)) ;
#2573=CARTESIAN_POINT('Vertex',(4.30282478669,1.8893078173,0.940000000004)) ;
#2576=CARTESIAN_POINT('Line Origine',(4.30216803942,1.88827107358,0.940000000004)) ;
#2580=CARTESIAN_POINT('Vertex',(4.30151129216,1.88723432987,0.940000000004)) ;
#2583=CARTESIAN_POINT('Line Origine',(4.30094987941,1.8862378868,0.940000000004)) ;
#2587=CARTESIAN_POINT('Vertex',(4.30038846666,1.88524144373,0.940000000004)) ;
#2590=CARTESIAN_POINT('Line Origine',(4.29992222031,1.88428766705,0.940000000004)) ;
#2594=CARTESIAN_POINT('Vertex',(4.29945597395,1.88333389036,0.940000000004)) ;
#2597=CARTESIAN_POINT('Line Origine',(4.29908506211,1.88242041433,0.940000000004)) ;
#2601=CARTESIAN_POINT('Vertex',(4.29871415028,1.88150693829,0.940000000004)) ;
#2604=CARTESIAN_POINT('Line Origine',(4.29843869184,1.88063543573,0.940000000004)) ;
#2608=CARTESIAN_POINT('Vertex',(4.29816323341,1.87976393317,0.940000000004)) ;
#2611=CARTESIAN_POINT('Line Origine',(4.29798212957,1.87893313715,0.940000000004)) ;
#2615=CARTESIAN_POINT('Vertex',(4.29780102574,1.87810234113,0.940000000004)) ;
#2618=CARTESIAN_POINT('Line Origine',(4.29770729466,1.87725659306,0.940000000004)) ;
#2622=CARTESIAN_POINT('Vertex',(4.29761356358,1.87641084499,0.940000000004)) ;
#2625=CARTESIAN_POINT('Line Origine',(4.29759537305,1.87549247719,0.940000000004)) ;
#2629=CARTESIAN_POINT('Vertex',(4.29757718252,1.87457410939,0.940000000004)) ;
#2632=CARTESIAN_POINT('Line Origine',(4.29763632426,1.8735846758,0.940000000004)) ;
#2636=CARTESIAN_POINT('Vertex',(4.29769546599,1.87259524222,0.940000000004)) ;
#2639=CARTESIAN_POINT('Line Origine',(4.29783084119,1.87153347592,0.940000000004)) ;
#2643=CARTESIAN_POINT('Vertex',(4.29796621639,1.87047170961,0.940000000004)) ;
#2646=CARTESIAN_POINT('Line Origine',(4.29817782504,1.86933761059,0.940000000004)) ;
#2650=CARTESIAN_POINT('Vertex',(4.2983894337,1.86820351157,0.940000000004)) ;
#2653=CARTESIAN_POINT('Line Origine',(4.29867837462,1.86699834677,0.940000000004)) ;
#2657=CARTESIAN_POINT('Vertex',(4.29896731554,1.86579318196,0.940000000004)) ;
#2660=CARTESIAN_POINT('Line Origine',(4.29933248992,1.86451568444,0.940000000004)) ;
#2664=CARTESIAN_POINT('Vertex',(4.2996976643,1.86323818692,0.940000000004)) ;
#2667=CARTESIAN_POINT('Line Origine',(4.30013947804,1.8618893366,0.940000000004)) ;
#2671=CARTESIAN_POINT('Vertex',(4.30058129178,1.86054048628,0.940000000004)) ;
#2674=CARTESIAN_POINT('Line Origine',(4.30109933898,1.85911930324,0.940000000004)) ;
#2678=CARTESIAN_POINT('Vertex',(4.30161738618,1.8576981202,0.940000000004)) ;
#2681=CARTESIAN_POINT('Line Origine',(4.30221235974,1.85620489146,0.940000000004)) ;
#2685=CARTESIAN_POINT('Vertex',(4.30280733331,1.85471166272,0.940000000004)) ;
#2688=CARTESIAN_POINT('Line Origine',(4.30403684448,1.85188446896,0.940000000004)) ;
#2692=CARTESIAN_POINT('Vertex',(4.30526635566,1.84905727521,0.940000000004)) ;
#2695=CARTESIAN_POINT('Line Origine',(4.30722383211,1.84419040022,0.940000000004)) ;
#2699=CARTESIAN_POINT('Vertex',(4.30918130856,1.83932352522,0.940000000004)) ;
#2702=CARTESIAN_POINT('Line Origine',(4.30989716861,1.83745417737,0.940000000004)) ;
#2706=CARTESIAN_POINT('Vertex',(4.31061302867,1.83558482952,0.940000000004)) ;
#2709=CARTESIAN_POINT('Line Origine',(4.33399595769,1.84527035586,0.940000000004)) ;
#2713=CARTESIAN_POINT('Vertex',(4.35737888672,1.85495588219,0.940000000004)) ;
#2716=CARTESIAN_POINT('Line Origine',(4.35611631841,1.85800399173,0.940000000004)) ;
#2720=CARTESIAN_POINT('Vertex',(4.35485375009,1.86105210128,0.940000000004)) ;
#2723=CARTESIAN_POINT('Line Origine',(4.33421890074,1.85250486682,0.940000000004)) ;
#2727=CARTESIAN_POINT('Vertex',(4.31358405138,1.84395763236,0.940000000004)) ;
#2730=CARTESIAN_POINT('Line Origine',(4.31293401859,1.84538584153,0.940000000004)) ;
#2734=CARTESIAN_POINT('Vertex',(4.3122839858,1.8468140507,0.940000000004)) ;
#2737=CARTESIAN_POINT('Line Origine',(4.31171015908,1.8480465231,0.940000000004)) ;
#2741=CARTESIAN_POINT('Vertex',(4.31113633235,1.84927899549,0.940000000004)) ;
#2744=CARTESIAN_POINT('Line Origine',(4.31056108251,1.85054822094,0.940000000004)) ;
#2748=CARTESIAN_POINT('Vertex',(4.30998583267,1.85181744639,0.940000000004)) ;
#2751=CARTESIAN_POINT('Line Origine',(4.30940956562,1.85312440483,0.940000000004)) ;
#2755=CARTESIAN_POINT('Vertex',(4.30883329856,1.85443136326,0.940000000004)) ;
#2758=CARTESIAN_POINT('Line Origine',(4.30825560839,1.85577507475,0.940000000004)) ;
#2762=CARTESIAN_POINT('Vertex',(4.30767791822,1.85711878624,0.940000000004)) ;
#2765=CARTESIAN_POINT('Line Origine',(4.30709949784,1.8584995378,0.940000000004)) ;
#2769=CARTESIAN_POINT('Vertex',(4.30652107747,1.85988028936,0.940000000004)) ;
#2772=CARTESIAN_POINT('Line Origine',(4.305761206,1.86186372953,0.940000000004)) ;
#2776=CARTESIAN_POINT('Vertex',(4.30500133454,1.8638471697,0.940000000004)) ;
#2779=CARTESIAN_POINT('Line Origine',(4.30441062102,1.86572208268,0.940000000004)) ;
#2783=CARTESIAN_POINT('Vertex',(4.3038199075,1.86759699565,0.940000000004)) ;
#2786=CARTESIAN_POINT('Line Origine',(4.30339835192,1.86936338142,0.940000000004)) ;
#2790=CARTESIAN_POINT('Vertex',(4.30297679634,1.8711297672,0.940000000004)) ;
#2793=CARTESIAN_POINT('Line Origine',(4.30272497273,1.87278623996,0.940000000004)) ;
#2797=CARTESIAN_POINT('Vertex',(4.30247314912,1.87444271271,0.940000000004)) ;
#2800=CARTESIAN_POINT('Line Origine',(4.30239019644,1.87599135118,0.940000000004)) ;
#2804=CARTESIAN_POINT('Vertex',(4.30230724375,1.87753998965,0.940000000004)) ;
#2807=CARTESIAN_POINT('Line Origine',(4.30239402304,1.8789787151,0.940000000004)) ;
#2811=CARTESIAN_POINT('Vertex',(4.30248080233,1.88041744055,0.940000000004)) ;
#2814=CARTESIAN_POINT('Line Origine',(4.30273702657,1.88174694589,0.940000000004)) ;
#2818=CARTESIAN_POINT('Vertex',(4.30299325081,1.88307645123,0.940000000004)) ;
#2821=CARTESIAN_POINT('Line Origine',(4.30341794009,1.88429714236,0.940000000004)) ;
#2825=CARTESIAN_POINT('Vertex',(4.30384262936,1.88551783348,0.940000000004)) ;
#2828=CARTESIAN_POINT('Line Origine',(4.30443716949,1.88663028443,0.940000000004)) ;
#2832=CARTESIAN_POINT('Vertex',(4.30503170962,1.88774273537,0.940000000004)) ;
#2835=CARTESIAN_POINT('Line Origine',(4.30579500179,1.88874567919,0.940000000004)) ;
#2839=CARTESIAN_POINT('Vertex',(4.30655829396,1.88974862301,0.940000000004)) ;
#2842=CARTESIAN_POINT('Line Origine',(4.30609240861,1.88838828699,0.940000000004)) ;
#2846=CARTESIAN_POINT('Vertex',(4.30562652326,1.88702795097,0.940000000004)) ;
#2849=CARTESIAN_POINT('Line Origine',(4.30529665362,1.88568417659,0.940000000004)) ;
#2853=CARTESIAN_POINT('Vertex',(4.30496678398,1.88434040221,0.940000000004)) ;
#2856=CARTESIAN_POINT('Line Origine',(4.30477362296,1.88301347649,0.940000000004)) ;
#2860=CARTESIAN_POINT('Vertex',(4.30458046195,1.88168655076,0.940000000004)) ;
#2863=CARTESIAN_POINT('Line Origine',(4.30452262374,1.88037589966,0.940000000004)) ;
#2867=CARTESIAN_POINT('Vertex',(4.30446478553,1.87906524856,0.940000000004)) ;
#2870=CARTESIAN_POINT('Line Origine',(4.30454296303,1.8777711591,0.940000000004)) ;
#2874=CARTESIAN_POINT('Vertex',(4.30462114053,1.87647706964,0.940000000004)) ;
#2877=CARTESIAN_POINT('Line Origine',(4.30485210432,1.87508066032,0.940000000004)) ;
#2881=CARTESIAN_POINT('Vertex',(4.3050830681,1.87368425101,0.940000000004)) ;
#2884=CARTESIAN_POINT('Line Origine',(4.30526183554,1.87290185608,0.940000000004)) ;
#2888=CARTESIAN_POINT('Vertex',(4.30544060298,1.87211946115,0.940000000004)) ;
#2891=CARTESIAN_POINT('Line Origine',(4.30566223727,1.87128257257,0.940000000004)) ;
#2895=CARTESIAN_POINT('Vertex',(4.30588387157,1.870445684,0.940000000004)) ;
#2898=CARTESIAN_POINT('Line Origine',(4.30614756094,1.86955234193,0.940000000004)) ;
#2902=CARTESIAN_POINT('Vertex',(4.3064112503,1.86865899987,0.940000000004)) ;
#2905=CARTESIAN_POINT('Line Origine',(4.30671740063,1.86771018424,0.940000000004)) ;
#2909=CARTESIAN_POINT('Vertex',(4.30702355096,1.8667613686,0.940000000004)) ;
#2912=CARTESIAN_POINT('Line Origine',(4.30737146934,1.86575679239,0.940000000004)) ;
#2916=CARTESIAN_POINT('Vertex',(4.30771938772,1.86475221618,0.940000000004)) ;
#2919=CARTESIAN_POINT('Line Origine',(4.30811045998,1.86369245342,0.940000000004)) ;
#2923=CARTESIAN_POINT('Vertex',(4.30850153223,1.86263269066,0.940000000004)) ;
#2926=CARTESIAN_POINT('Line Origine',(4.30893465956,1.8615164744,0.940000000004)) ;
#2930=CARTESIAN_POINT('Vertex',(4.30936778688,1.86040025815,0.940000000004)) ;
#2933=CARTESIAN_POINT('Line Origine',(4.30984308815,1.85922926124,0.940000000004)) ;
#2937=CARTESIAN_POINT('Vertex',(4.31031838942,1.85805826433,0.940000000004)) ;
#2940=CARTESIAN_POINT('Line Origine',(4.31070218642,1.85716109406,0.940000000004)) ;
#2944=CARTESIAN_POINT('Vertex',(4.31108598343,1.8562639238,0.940000000004)) ;
#2947=CARTESIAN_POINT('Line Origine',(4.31152391042,1.85529094782,0.940000000004)) ;
#2951=CARTESIAN_POINT('Vertex',(4.31196183742,1.85431797184,0.940000000004)) ;
#2954=CARTESIAN_POINT('Line Origine',(4.31245458732,1.85326947715,0.940000000004)) ;
#2958=CARTESIAN_POINT('Vertex',(4.31294733721,1.85222098247,0.940000000004)) ;
#2961=CARTESIAN_POINT('Line Origine',(4.31349491001,1.85109696908,0.940000000004)) ;
#2965=CARTESIAN_POINT('Vertex',(4.31404248281,1.8499729557,0.940000000004)) ;
#2968=CARTESIAN_POINT('Line Origine',(4.31464516552,1.8487727307,0.940000000004)) ;
#2972=CARTESIAN_POINT('Vertex',(4.31524784823,1.8475725057,0.940000000004)) ;
#2975=CARTESIAN_POINT('Line Origine',(4.3345336025,1.85556092668,0.940000000004)) ;
#2979=CARTESIAN_POINT('Vertex',(4.35381935678,1.86354934766,0.940000000004)) ;
#2982=CARTESIAN_POINT('Line Origine',(4.35069436387,1.87109374792,0.940000000004)) ;
#2986=CARTESIAN_POINT('Vertex',(4.34756937096,1.87863814818,0.940000000004)) ;
#2989=CARTESIAN_POINT('Line Origine',(4.3358143099,1.88313471158,0.940000000004)) ;
#2993=CARTESIAN_POINT('Vertex',(4.32405924885,1.88763127497,0.940000000004)) ;
#2996=CARTESIAN_POINT('Line Origine',(4.34499412808,1.89630278588,0.940000000004)) ;
#3000=CARTESIAN_POINT('Vertex',(4.36592900732,1.90497429679,0.940000000004)) ;
#3003=CARTESIAN_POINT('Line Origine',(4.36111174914,1.89314484878,0.940000000004)) ;
#3007=CARTESIAN_POINT('Vertex',(4.35629449096,1.88131540077,0.940000000004)) ;
#3010=CARTESIAN_POINT('Line Origine',(4.36103364259,1.86987407664,0.940000000004)) ;
#3014=CARTESIAN_POINT('Vertex',(4.36577279421,1.85843275251,0.940000000004)) ;
#3017=CARTESIAN_POINT('Line Origine',(4.39095451669,1.86886336349,0.940000000004)) ;
#3021=CARTESIAN_POINT('Vertex',(4.41613623917,1.87929397446,0.940000000004)) ;
#3024=CARTESIAN_POINT('Line Origine',(4.41998175525,1.88837969938,0.940000000004)) ;
#3028=CARTESIAN_POINT('Vertex',(4.42382727134,1.89746542431,0.940000000004)) ;
#3031=CARTESIAN_POINT('Line Origine',(4.43398866452,1.87293365108,0.940000000004)) ;
#3035=CARTESIAN_POINT('Vertex',(4.4441500577,1.84840187785,0.940000000004)) ;
#3038=CARTESIAN_POINT('Line Origine',(4.43428215677,1.8538554761,0.940000000004)) ;
#3042=CARTESIAN_POINT('Vertex',(4.42441425584,1.85930907435,0.940000000004)) ;
#3045=CARTESIAN_POINT('Line Origine',(4.40292989925,1.85040996247,0.940000000004)) ;
#3049=CARTESIAN_POINT('Vertex',(4.38144554266,1.8415108506,0.940000000004)) ;
#3052=CARTESIAN_POINT('Line Origine',(4.38178949766,1.84076278324,0.940000000004)) ;
#3056=CARTESIAN_POINT('Vertex',(4.38213345266,1.84001471588,0.940000000004)) ;
#3059=CARTESIAN_POINT('Line Origine',(4.38252688281,1.83930987204,0.940000000004)) ;
#3063=CARTESIAN_POINT('Vertex',(4.38292031295,1.8386050282,0.940000000004)) ;
#3066=CARTESIAN_POINT('Line Origine',(4.38336419817,1.83794300197,0.940000000004)) ;
#3070=CARTESIAN_POINT('Vertex',(4.38380808339,1.83728097574,0.940000000004)) ;
#3073=CARTESIAN_POINT('Line Origine',(4.38430242368,1.83666176713,0.940000000004)) ;
#3077=CARTESIAN_POINT('Vertex',(4.38479676397,1.83604255852,0.940000000004)) ;
#3080=CARTESIAN_POINT('Line Origine',(4.38534057941,1.83546657343,0.940000000004)) ;
#3084=CARTESIAN_POINT('Vertex',(4.38588439485,1.83489058833,0.940000000004)) ;
#3087=CARTESIAN_POINT('Line Origine',(4.38647837835,1.83435811376,0.940000000004)) ;
#3091=CARTESIAN_POINT('Vertex',(4.38707236185,1.83382563919,0.940000000004)) ;
#3094=CARTESIAN_POINT('Line Origine',(4.38771708743,1.83333528933,0.940000000004)) ;
#3098=CARTESIAN_POINT('Vertex',(4.38836181301,1.83284493947,0.940000000004)) ;
#3101=CARTESIAN_POINT('Line Origine',(4.38905601374,1.83239781312,0.940000000004)) ;
#3105=CARTESIAN_POINT('Vertex',(4.38975021447,1.83195068677,0.940000000004)) ;
#3108=CARTESIAN_POINT('Line Origine',(4.39049458326,1.83154707095,0.940000000004)) ;
#3112=CARTESIAN_POINT('Vertex',(4.39123895204,1.83114345512,0.940000000004)) ;
#3115=CARTESIAN_POINT('Line Origine',(4.39203406292,1.83078196401,0.940000000004)) ;
#3119=CARTESIAN_POINT('Vertex',(4.39282917379,1.83042047289,0.940000000004)) ;
#3122=CARTESIAN_POINT('Line Origine',(4.39217331581,1.82903664964,0.940000000004)) ;
#3126=CARTESIAN_POINT('Vertex',(4.39151745782,1.82765282638,0.940000000004)) ;
#3129=CARTESIAN_POINT('Line Origine',(4.3906617972,1.82799979029,0.940000000004)) ;
#3133=CARTESIAN_POINT('Vertex',(4.38980613657,1.8283467542,0.940000000004)) ;
#3136=CARTESIAN_POINT('Line Origine',(4.38899843794,1.8287582333,0.940000000004)) ;
#3140=CARTESIAN_POINT('Vertex',(4.38819073931,1.82916971239,0.940000000004)) ;
#3143=CARTESIAN_POINT('Line Origine',(4.3874319826,1.82964530078,0.940000000004)) ;
#3147=CARTESIAN_POINT('Vertex',(4.38667322589,1.83012088917,0.940000000004)) ;
#3150=CARTESIAN_POINT('Line Origine',(4.38596214416,1.83066168565,0.940000000004)) ;
#3154=CARTESIAN_POINT('Vertex',(4.38525106243,1.83120248214,0.940000000004)) ;
#3157=CARTESIAN_POINT('Line Origine',(4.38458892262,1.83180738791,0.940000000004)) ;
#3161=CARTESIAN_POINT('Vertex',(4.38392678281,1.83241229369,0.940000000004)) ;
#3164=CARTESIAN_POINT('Line Origine',(4.3833121991,1.83308073473,0.940000000004)) ;
#3168=CARTESIAN_POINT('Vertex',(4.38269761539,1.83374917577,0.940000000004)) ;
#3171=CARTESIAN_POINT('Line Origine',(4.38213139957,1.83448311192,0.940000000004)) ;
#3175=CARTESIAN_POINT('Vertex',(4.38156518375,1.83521704807,0.940000000004)) ;
#3178=CARTESIAN_POINT('Line Origine',(4.38104762284,1.83601578642,0.940000000004)) ;
#3182=CARTESIAN_POINT('Vertex',(4.38053006193,1.83681452477,0.940000000004)) ;
#3185=CARTESIAN_POINT('Line Origine',(4.38006005711,1.83767679839,0.940000000004)) ;
#3189=CARTESIAN_POINT('Vertex',(4.3795900523,1.838539072,0.940000000004)) ;
#3192=CARTESIAN_POINT('Line Origine',(4.37916870239,1.83946614782,0.940000000004)) ;
#3196=CARTESIAN_POINT('Vertex',(4.37874735249,1.84039322363,0.940000000004)) ;
#3199=CARTESIAN_POINT('Line Origine',(4.37639908168,1.83942053802,0.940000000004)) ;
#3203=CARTESIAN_POINT('Vertex',(4.37405081088,1.8384478524,0.940000000004)) ;
#3206=CARTESIAN_POINT('Line Origine',(4.37429502769,1.83767795519,0.940000000004)) ;
#3210=CARTESIAN_POINT('Vertex',(4.37453924449,1.83690805798,0.940000000004)) ;
#3213=CARTESIAN_POINT('Line Origine',(4.3748160569,1.83613786181,0.940000000004)) ;
#3217=CARTESIAN_POINT('Vertex',(4.3750928693,1.83536766564,0.940000000004)) ;
#3220=CARTESIAN_POINT('Line Origine',(4.37551098398,1.83446603896,0.940000000004)) ;
#3224=CARTESIAN_POINT('Vertex',(4.37592909866,1.83356441227,0.940000000004)) ;
#3227=CARTESIAN_POINT('Line Origine',(4.37641212102,1.83271970761,0.940000000004)) ;
#3231=CARTESIAN_POINT('Vertex',(4.37689514339,1.83187500296,0.940000000004)) ;
#3234=CARTESIAN_POINT('Line Origine',(4.37744405336,1.83108681443,0.940000000004)) ;
#3238=CARTESIAN_POINT('Vertex',(4.37799296334,1.83029862591,0.940000000004)) ;
#3241=CARTESIAN_POINT('Line Origine',(4.37860706801,1.8295666665,0.940000000004)) ;
#3245=CARTESIAN_POINT('Vertex',(4.37922117268,1.82883470709,0.940000000004)) ;
#3248=CARTESIAN_POINT('Line Origine',(4.37990185788,1.82815955083,0.940000000004)) ;
#3252=CARTESIAN_POINT('Vertex',(4.38058254307,1.82748439456,0.940000000004)) ;
#3255=CARTESIAN_POINT('Line Origine',(4.38132773005,1.8268651804,0.940000000004)) ;
#3259=CARTESIAN_POINT('Vertex',(4.38207291703,1.82624596624,0.940000000004)) ;
#3262=CARTESIAN_POINT('Line Origine',(4.38288439752,1.82568424813,0.940000000004)) ;
#3266=CARTESIAN_POINT('Vertex',(4.383695878,1.82512253003,0.940000000004)) ;
#3269=CARTESIAN_POINT('Line Origine',(4.3845728402,1.82461634813,0.940000000004)) ;
#3273=CARTESIAN_POINT('Vertex',(4.3854498024,1.82411016623,0.940000000004)) ;
#3276=CARTESIAN_POINT('Line Origine',(4.38639265221,1.82366050046,0.940000000004)) ;
#3280=CARTESIAN_POINT('Vertex',(4.38733550202,1.82321083469,0.940000000004)) ;
#3283=CARTESIAN_POINT('Line Origine',(4.38834325951,1.82281809095,0.940000000004)) ;
#3287=CARTESIAN_POINT('Vertex',(4.38935101701,1.82242534721,0.940000000004)) ;
#3290=CARTESIAN_POINT('Line Origine',(4.38869634062,1.82174421533,0.940000000004)) ;
#3294=CARTESIAN_POINT('Vertex',(4.38804166424,1.82106308345,0.940000000004)) ;
#3297=CARTESIAN_POINT('Line Origine',(4.38659269782,1.82105307625,0.940000000004)) ;
#3301=CARTESIAN_POINT('Vertex',(4.38514373141,1.82104306906,0.940000000004)) ;
#3304=CARTESIAN_POINT('Line Origine',(4.38376876559,1.82118954201,0.940000000004)) ;
#3308=CARTESIAN_POINT('Vertex',(4.38239379978,1.82133601497,0.940000000004)) ;
#3311=CARTESIAN_POINT('Line Origine',(4.38109116174,1.82163908695,0.940000000004)) ;
#3315=CARTESIAN_POINT('Vertex',(4.37978852369,1.82194215893,0.940000000004)) ;
#3318=CARTESIAN_POINT('Line Origine',(4.37855931223,1.82240309688,0.940000000004)) ;
#3322=CARTESIAN_POINT('Vertex',(4.37733010076,1.82286403483,0.940000000004)) ;
#3325=CARTESIAN_POINT('Line Origine',(4.37617419698,1.82348116591,0.940000000004)) ;
#3329=CARTESIAN_POINT('Vertex',(4.37501829321,1.82409829699,0.940000000004)) ;
#3332=CARTESIAN_POINT('Line Origine',(4.37393639003,1.82487190822,0.940000000004)) ;
#3336=CARTESIAN_POINT('Vertex',(4.37285448686,1.82564551945,0.940000000004)) ;
#3339=CARTESIAN_POINT('Line Origine',(4.37184491145,1.82657572971,0.940000000004)) ;
#3343=CARTESIAN_POINT('Vertex',(4.37083533604,1.82750593997,0.940000000004)) ;
#3346=CARTESIAN_POINT('Line Origine',(4.36989918721,1.82859401619,0.940000000004)) ;
#3350=CARTESIAN_POINT('Vertex',(4.36896303838,1.82968209241,0.940000000004)) ;
#3353=CARTESIAN_POINT('Line Origine',(4.36809979135,1.83092538185,0.940000000004)) ;
#3357=CARTESIAN_POINT('Vertex',(4.36723654431,1.83216867128,0.940000000004)) ;
#3360=CARTESIAN_POINT('Line Origine',(4.36644672385,1.83356982668,0.940000000004)) ;
#3364=CARTESIAN_POINT('Vertex',(4.36565690339,1.83497098208,0.940000000004)) ;
#3367=CARTESIAN_POINT('Line Origine',(4.34457235567,1.82623747646,0.940000000004)) ;
#3371=CARTESIAN_POINT('Vertex',(4.32348780795,1.81750397083,0.940000000004)) ;
#3374=CARTESIAN_POINT('Line Origine',(4.3198364298,1.80808870443,0.940000000004)) ;
#3378=CARTESIAN_POINT('Vertex',(4.31618505165,1.79867343803,0.940000000004)) ;
#3381=CARTESIAN_POINT('Line Origine',(4.2947030215,1.85053564656,0.940000000004)) ;
#3526=CARTESIAN_POINT('Line Origine',(4.28277394898,1.91053961853,0.940000000004)) ;
#3530=CARTESIAN_POINT('Vertex',(4.28062090307,1.9111358164,0.940000000004)) ;
#3532=CARTESIAN_POINT('Vertex',(4.28492699488,1.90994342067,0.940000000004)) ;
#3535=CARTESIAN_POINT('Line Origine',(4.28700771857,1.90944147047,0.940000000004)) ;
#3539=CARTESIAN_POINT('Vertex',(4.28908844225,1.90893952027,0.940000000004)) ;
#3542=CARTESIAN_POINT('Line Origine',(4.29109753663,1.90853210474,0.940000000004)) ;
#3546=CARTESIAN_POINT('Vertex',(4.293106631,1.90812468921,0.940000000004)) ;
#3549=CARTESIAN_POINT('Line Origine',(4.29504409607,1.90781180835,0.940000000004)) ;
#3553=CARTESIAN_POINT('Vertex',(4.29698156114,1.9074989275,0.940000000004)) ;
#3556=CARTESIAN_POINT('Line Origine',(4.298846991,1.90727960139,0.940000000004)) ;
#3560=CARTESIAN_POINT('Vertex',(4.30071242086,1.90706027529,0.940000000004)) ;
#3563=CARTESIAN_POINT('Line Origine',(4.3025062214,1.90693548386,0.940000000004)) ;
#3567=CARTESIAN_POINT('Vertex',(4.30430002195,1.90681069243,0.940000000004)) ;
#3570=CARTESIAN_POINT('Line Origine',(4.30602121327,1.90678084157,0.940000000004)) ;
#3574=CARTESIAN_POINT('Vertex',(4.30774240459,1.90675099071,0.940000000004)) ;
#3577=CARTESIAN_POINT('Line Origine',(4.30939294652,1.90681526862,0.940000000004)) ;
#3581=CARTESIAN_POINT('Vertex',(4.31104348845,1.90687954654,0.940000000004)) ;
#3584=CARTESIAN_POINT('Line Origine',(4.31262170816,1.90703807212,0.940000000004)) ;
#3588=CARTESIAN_POINT('Vertex',(4.31419992787,1.90719659769,0.940000000004)) ;
#3591=CARTESIAN_POINT('Line Origine',(4.31393462616,1.90585764978,0.940000000004)) ;
#3595=CARTESIAN_POINT('Vertex',(4.31366932445,1.90451870188,0.940000000004)) ;
#3598=CARTESIAN_POINT('Line Origine',(4.31192327288,1.90430283498,0.940000000004)) ;
#3602=CARTESIAN_POINT('Vertex',(4.3101772213,1.90408696808,0.940000000004)) ;
#3605=CARTESIAN_POINT('Line Origine',(4.30839251306,1.90398010536,0.940000000004)) ;
#3609=CARTESIAN_POINT('Vertex',(4.30660780483,1.90387324265,0.940000000004)) ;
#3612=CARTESIAN_POINT('Line Origine',(4.30478346001,1.90387579002,0.940000000004)) ;
#3616=CARTESIAN_POINT('Vertex',(4.3029591152,1.90387833739,0.940000000004)) ;
#3619=CARTESIAN_POINT('Line Origine',(4.30109542081,1.90398960194,0.940000000004)) ;
#3623=CARTESIAN_POINT('Vertex',(4.29923172642,1.90410086648,0.940000000004)) ;
#3626=CARTESIAN_POINT('Line Origine',(4.29732868247,1.9043208482,0.940000000004)) ;
#3630=CARTESIAN_POINT('Vertex',(4.29542563851,1.90454082992,0.940000000004)) ;
#3633=CARTESIAN_POINT('Line Origine',(4.29348365089,1.90487050873,0.940000000004)) ;
#3637=CARTESIAN_POINT('Vertex',(4.29154166326,1.90520018755,0.940000000004)) ;
#3640=CARTESIAN_POINT('Line Origine',(4.28956032607,1.90563858354,0.940000000004)) ;
#3644=CARTESIAN_POINT('Vertex',(4.28757898887,1.90607697953,0.940000000004)) ;
#3647=CARTESIAN_POINT('Line Origine',(4.2855576092,1.90662380568,0.940000000004)) ;
#3651=CARTESIAN_POINT('Vertex',(4.28353622952,1.90717063183,0.940000000004)) ;
#3654=CARTESIAN_POINT('Line Origine',(4.28147659909,1.90782744209,0.940000000004)) ;
#3658=CARTESIAN_POINT('Vertex',(4.27941696865,1.90848425235,0.940000000004)) ;
#3661=CARTESIAN_POINT('Line Origine',(4.27731729574,1.90924949277,0.940000000004)) ;
#3665=CARTESIAN_POINT('Vertex',(4.27521762282,1.91001473319,0.940000000004)) ;
#3668=CARTESIAN_POINT('Line Origine',(4.27569458773,1.91126600733,0.940000000004)) ;
#3672=CARTESIAN_POINT('Vertex',(4.27617155264,1.91251728147,0.940000000004)) ;
#3675=CARTESIAN_POINT('Line Origine',(4.27839622785,1.91182654893,0.940000000004)) ;
#3704=CARTESIAN_POINT('Line Origine',(4.36749207987,1.91264619742,0.940000000004)) ;
#3708=CARTESIAN_POINT('Vertex',(4.36770365953,1.91425595061,0.940000000004)) ;
#3710=CARTESIAN_POINT('Vertex',(4.3672805002,1.91103644422,0.940000000004)) ;
#3713=CARTESIAN_POINT('Line Origine',(4.34569636462,1.90209600253,0.940000000004)) ;
#3717=CARTESIAN_POINT('Vertex',(4.32411222905,1.89315556084,0.940000000004)) ;
#3720=CARTESIAN_POINT('Line Origine',(4.32432380871,1.89476531404,0.940000000004)) ;
#3724=CARTESIAN_POINT('Vertex',(4.32453538837,1.89637506724,0.940000000004)) ;
#3727=CARTESIAN_POINT('Line Origine',(4.34611952395,1.90531550893,0.940000000004)) ;
#3738=CARTESIAN_POINT('Line Origine',(4.39199105645,1.87936058336,0.940000000004)) ;
#3742=CARTESIAN_POINT('Vertex',(4.37060717176,1.87050308831,0.940000000004)) ;
#3744=CARTESIAN_POINT('Vertex',(4.41337494114,1.88821807842,0.940000000004)) ;
#3747=CARTESIAN_POINT('Line Origine',(4.42062500425,1.90152363245,0.940000000004)) ;
#3751=CARTESIAN_POINT('Vertex',(4.42787506736,1.91482918647,0.940000000004)) ;
#3754=CARTESIAN_POINT('Line Origine',(4.43985784233,1.88590020861,0.940000000004)) ;
#3758=CARTESIAN_POINT('Vertex',(4.45184061731,1.85697123075,0.940000000004)) ;
#3761=CARTESIAN_POINT('Line Origine',(4.45100871888,1.85516379408,0.940000000004)) ;
#3765=CARTESIAN_POINT('Vertex',(4.45017682045,1.85335635741,0.940000000004)) ;
#3768=CARTESIAN_POINT('Line Origine',(4.43883580559,1.8807359893,0.940000000004)) ;
#3772=CARTESIAN_POINT('Vertex',(4.42749479073,1.90811562118,0.940000000004)) ;
#3775=CARTESIAN_POINT('Line Origine',(4.42155212235,1.8971667795,0.940000000004)) ;
#3779=CARTESIAN_POINT('Vertex',(4.41560945397,1.88621793782,0.940000000004)) ;
#3782=CARTESIAN_POINT('Line Origine',(4.39227641444,1.87655307639,0.940000000004)) ;
#3786=CARTESIAN_POINT('Vertex',(4.3689433749,1.86688821497,0.940000000004)) ;
#3789=CARTESIAN_POINT('Line Origine',(4.36478370167,1.87693055452,0.940000000004)) ;
#3793=CARTESIAN_POINT('Vertex',(4.36062402843,1.88697289406,0.940000000004)) ;
#3796=CARTESIAN_POINT('Line Origine',(4.36137298022,1.88898058162,0.940000000004)) ;
#3800=CARTESIAN_POINT('Vertex',(4.36212193202,1.89098826918,0.940000000004)) ;
#3803=CARTESIAN_POINT('Line Origine',(4.36636455189,1.88074567875,0.940000000004)) ;
#3821=CARTESIAN_POINT('Axis2P3D Location',(4.18401943288,1.73307759433,0.940000000004)) ;
#3825=CARTESIAN_POINT('Vertex',(4.17827918139,1.74693578732,0.940000000004)) ;
#3827=CARTESIAN_POINT('Vertex',(4.18975968436,1.71921940134,0.940000000004)) ;
#3830=CARTESIAN_POINT('Axis2P3D Location',(4.18401943288,1.73307759433,0.940000000004)) ;
#3840=CARTESIAN_POINT('Axis2P3D Location',(4.30375907004,2.02215465031,0.940000000004)) ;
#3844=CARTESIAN_POINT('Vertex',(4.29801881855,2.0360128433,0.940000000004)) ;
#3846=CARTESIAN_POINT('Vertex',(4.30949932152,2.00829645732,0.940000000004)) ;
#3849=CARTESIAN_POINT('Axis2P3D Location',(4.30375907004,2.02215465031,0.940000000004)) ;
#3859=CARTESIAN_POINT('Axis2P3D Location',(4.18401943288,1.90241501315,0.940000000004)) ;
#3863=CARTESIAN_POINT('Vertex',(4.17827918139,1.91627320614,0.940000000004)) ;
#3865=CARTESIAN_POINT('Vertex',(4.18975968436,1.88855682016,0.940000000004)) ;
#3868=CARTESIAN_POINT('Axis2P3D Location',(4.18401943288,1.90241501315,0.940000000004)) ;
#3878=CARTESIAN_POINT('Axis2P3D Location',(4.59283612602,1.90241501315,0.940000000004)) ;
#3882=CARTESIAN_POINT('Vertex',(4.58709587453,1.91627320614,0.940000000004)) ;
#3884=CARTESIAN_POINT('Vertex',(4.5985763775,1.88855682016,0.940000000004)) ;
#3887=CARTESIAN_POINT('Axis2P3D Location',(4.59283612602,1.90241501315,0.940000000004)) ;
#3897=CARTESIAN_POINT('Axis2P3D Location',(4.47309648886,2.02215465031,0.940000000004)) ;
#3901=CARTESIAN_POINT('Vertex',(4.46735623737,2.0360128433,0.940000000004)) ;
#3903=CARTESIAN_POINT('Vertex',(4.47883674034,2.00829645732,0.940000000004)) ;
#3906=CARTESIAN_POINT('Axis2P3D Location',(4.47309648886,2.02215465031,0.940000000004)) ;
#3916=CARTESIAN_POINT('Axis2P3D Location',(4.47309648886,1.61333795717,0.940000000004)) ;
#3920=CARTESIAN_POINT('Vertex',(4.47883674034,1.59947976418,0.940000000004)) ;
#3922=CARTESIAN_POINT('Vertex',(4.46735623737,1.62719615016,0.940000000004)) ;
#3925=CARTESIAN_POINT('Axis2P3D Location',(4.47309648886,1.61333795717,0.940000000004)) ;
#3935=CARTESIAN_POINT('Axis2P3D Location',(4.30375907004,1.61333795717,0.940000000004)) ;
#3939=CARTESIAN_POINT('Vertex',(4.30949932152,1.59947976418,0.940000000004)) ;
#3941=CARTESIAN_POINT('Vertex',(4.29801881855,1.62719615016,0.940000000004)) ;
#3944=CARTESIAN_POINT('Axis2P3D Location',(4.30375907004,1.61333795717,0.940000000004)) ;
#3954=CARTESIAN_POINT('Axis2P3D Location',(4.59283612602,1.73307759433,0.940000000004)) ;
#3958=CARTESIAN_POINT('Vertex',(4.5985763775,1.71921940134,0.940000000004)) ;
#3960=CARTESIAN_POINT('Vertex',(4.58709587453,1.74693578732,0.940000000004)) ;
#3963=CARTESIAN_POINT('Axis2P3D Location',(4.59283612602,1.73307759433,0.940000000004)) ;
#3973=CARTESIAN_POINT('Axis2P3D Location',(0.,0.,0.925000000004)) ;
#3978=CARTESIAN_POINT('Line Origine',(4.3198364298,1.80808870443,0.925000000004)) ;
#3982=CARTESIAN_POINT('Vertex',(4.31618505165,1.79867343803,0.925000000004)) ;
#3984=CARTESIAN_POINT('Vertex',(4.32348780795,1.81750397083,0.925000000004)) ;
#3987=CARTESIAN_POINT('Line Origine',(4.34457235567,1.82623747646,0.925000000004)) ;
#3991=CARTESIAN_POINT('Vertex',(4.36565690339,1.83497098208,0.925000000004)) ;
#3994=CARTESIAN_POINT('Line Origine',(4.36644672385,1.83356982668,0.925000000004)) ;
#3998=CARTESIAN_POINT('Vertex',(4.36723654431,1.83216867128,0.925000000004)) ;
#4001=CARTESIAN_POINT('Line Origine',(4.36809979135,1.83092538185,0.925000000004)) ;
#4005=CARTESIAN_POINT('Vertex',(4.36896303838,1.82968209241,0.925000000004)) ;
#4008=CARTESIAN_POINT('Line Origine',(4.36989918721,1.82859401619,0.925000000004)) ;
#4012=CARTESIAN_POINT('Vertex',(4.37083533604,1.82750593997,0.925000000004)) ;
#4015=CARTESIAN_POINT('Line Origine',(4.37184491145,1.82657572971,0.925000000004)) ;
#4019=CARTESIAN_POINT('Vertex',(4.37285448686,1.82564551945,0.925000000004)) ;
#4022=CARTESIAN_POINT('Line Origine',(4.37393639003,1.82487190822,0.925000000004)) ;
#4026=CARTESIAN_POINT('Vertex',(4.37501829321,1.82409829699,0.925000000004)) ;
#4029=CARTESIAN_POINT('Line Origine',(4.37617419698,1.82348116591,0.925000000004)) ;
#4033=CARTESIAN_POINT('Vertex',(4.37733010076,1.82286403483,0.925000000004)) ;
#4036=CARTESIAN_POINT('Line Origine',(4.37855931223,1.82240309688,0.925000000004)) ;
#4040=CARTESIAN_POINT('Vertex',(4.37978852369,1.82194215893,0.925000000004)) ;
#4043=CARTESIAN_POINT('Line Origine',(4.38109116174,1.82163908695,0.925000000004)) ;
#4047=CARTESIAN_POINT('Vertex',(4.38239379978,1.82133601497,0.925000000004)) ;
#4050=CARTESIAN_POINT('Line Origine',(4.38376876559,1.82118954201,0.925000000004)) ;
#4054=CARTESIAN_POINT('Vertex',(4.38514373141,1.82104306906,0.925000000004)) ;
#4057=CARTESIAN_POINT('Line Origine',(4.38659269782,1.82105307625,0.925000000004)) ;
#4061=CARTESIAN_POINT('Vertex',(4.38804166424,1.82106308345,0.925000000004)) ;
#4064=CARTESIAN_POINT('Line Origine',(4.38869634062,1.82174421533,0.925000000004)) ;
#4068=CARTESIAN_POINT('Vertex',(4.38935101701,1.82242534721,0.925000000004)) ;
#4071=CARTESIAN_POINT('Line Origine',(4.38834325951,1.82281809095,0.925000000004)) ;
#4075=CARTESIAN_POINT('Vertex',(4.38733550202,1.82321083469,0.925000000004)) ;
#4078=CARTESIAN_POINT('Line Origine',(4.38639265221,1.82366050046,0.925000000004)) ;
#4082=CARTESIAN_POINT('Vertex',(4.3854498024,1.82411016623,0.925000000004)) ;
#4085=CARTESIAN_POINT('Line Origine',(4.3845728402,1.82461634813,0.925000000004)) ;
#4089=CARTESIAN_POINT('Vertex',(4.383695878,1.82512253003,0.925000000004)) ;
#4092=CARTESIAN_POINT('Line Origine',(4.38288439752,1.82568424813,0.925000000004)) ;
#4096=CARTESIAN_POINT('Vertex',(4.38207291703,1.82624596624,0.925000000004)) ;
#4099=CARTESIAN_POINT('Line Origine',(4.38132773005,1.8268651804,0.925000000004)) ;
#4103=CARTESIAN_POINT('Vertex',(4.38058254307,1.82748439456,0.925000000004)) ;
#4106=CARTESIAN_POINT('Line Origine',(4.37990185788,1.82815955083,0.925000000004)) ;
#4110=CARTESIAN_POINT('Vertex',(4.37922117268,1.82883470709,0.925000000004)) ;
#4113=CARTESIAN_POINT('Line Origine',(4.37860706801,1.8295666665,0.925000000004)) ;
#4117=CARTESIAN_POINT('Vertex',(4.37799296334,1.83029862591,0.925000000004)) ;
#4120=CARTESIAN_POINT('Line Origine',(4.37744405336,1.83108681443,0.925000000004)) ;
#4124=CARTESIAN_POINT('Vertex',(4.37689514339,1.83187500296,0.925000000004)) ;
#4127=CARTESIAN_POINT('Line Origine',(4.37641212102,1.83271970761,0.925000000004)) ;
#4131=CARTESIAN_POINT('Vertex',(4.37592909866,1.83356441227,0.925000000004)) ;
#4134=CARTESIAN_POINT('Line Origine',(4.37551098398,1.83446603896,0.925000000004)) ;
#4138=CARTESIAN_POINT('Vertex',(4.3750928693,1.83536766564,0.925000000004)) ;
#4141=CARTESIAN_POINT('Line Origine',(4.3748160569,1.83613786181,0.925000000004)) ;
#4145=CARTESIAN_POINT('Vertex',(4.37453924449,1.83690805798,0.925000000004)) ;
#4148=CARTESIAN_POINT('Line Origine',(4.37429502769,1.83767795519,0.925000000004)) ;
#4152=CARTESIAN_POINT('Vertex',(4.37405081088,1.8384478524,0.925000000004)) ;
#4155=CARTESIAN_POINT('Line Origine',(4.37639908168,1.83942053802,0.925000000004)) ;
#4159=CARTESIAN_POINT('Vertex',(4.37874735249,1.84039322363,0.925000000004)) ;
#4162=CARTESIAN_POINT('Line Origine',(4.37916870239,1.83946614782,0.925000000004)) ;
#4166=CARTESIAN_POINT('Vertex',(4.3795900523,1.838539072,0.925000000004)) ;
#4169=CARTESIAN_POINT('Line Origine',(4.38006005711,1.83767679839,0.925000000004)) ;
#4173=CARTESIAN_POINT('Vertex',(4.38053006193,1.83681452477,0.925000000004)) ;
#4176=CARTESIAN_POINT('Line Origine',(4.38104762284,1.83601578642,0.925000000004)) ;
#4180=CARTESIAN_POINT('Vertex',(4.38156518375,1.83521704807,0.925000000004)) ;
#4183=CARTESIAN_POINT('Line Origine',(4.38213139957,1.83448311192,0.925000000004)) ;
#4187=CARTESIAN_POINT('Vertex',(4.38269761539,1.83374917577,0.925000000004)) ;
#4190=CARTESIAN_POINT('Line Origine',(4.3833121991,1.83308073473,0.925000000004)) ;
#4194=CARTESIAN_POINT('Vertex',(4.38392678281,1.83241229369,0.925000000004)) ;
#4197=CARTESIAN_POINT('Line Origine',(4.38458892262,1.83180738791,0.925000000004)) ;
#4201=CARTESIAN_POINT('Vertex',(4.38525106243,1.83120248214,0.925000000004)) ;
#4204=CARTESIAN_POINT('Line Origine',(4.38596214416,1.83066168565,0.925000000004)) ;
#4208=CARTESIAN_POINT('Vertex',(4.38667322589,1.83012088917,0.925000000004)) ;
#4211=CARTESIAN_POINT('Line Origine',(4.3874319826,1.82964530078,0.925000000004)) ;
#4215=CARTESIAN_POINT('Vertex',(4.38819073931,1.82916971239,0.925000000004)) ;
#4218=CARTESIAN_POINT('Line Origine',(4.38899843794,1.8287582333,0.925000000004)) ;
#4222=CARTESIAN_POINT('Vertex',(4.38980613657,1.8283467542,0.925000000004)) ;
#4225=CARTESIAN_POINT('Line Origine',(4.3906617972,1.82799979029,0.925000000004)) ;
#4229=CARTESIAN_POINT('Vertex',(4.39151745782,1.82765282638,0.925000000004)) ;
#4232=CARTESIAN_POINT('Line Origine',(4.39217331581,1.82903664964,0.925000000004)) ;
#4236=CARTESIAN_POINT('Vertex',(4.39282917379,1.83042047289,0.925000000004)) ;
#4239=CARTESIAN_POINT('Line Origine',(4.39203406292,1.83078196401,0.925000000004)) ;
#4243=CARTESIAN_POINT('Vertex',(4.39123895204,1.83114345512,0.925000000004)) ;
#4246=CARTESIAN_POINT('Line Origine',(4.39049458326,1.83154707095,0.925000000004)) ;
#4250=CARTESIAN_POINT('Vertex',(4.38975021447,1.83195068677,0.925000000004)) ;
#4253=CARTESIAN_POINT('Line Origine',(4.38905601374,1.83239781312,0.925000000004)) ;
#4257=CARTESIAN_POINT('Vertex',(4.38836181301,1.83284493947,0.925000000004)) ;
#4260=CARTESIAN_POINT('Line Origine',(4.38771708743,1.83333528933,0.925000000004)) ;
#4264=CARTESIAN_POINT('Vertex',(4.38707236185,1.83382563919,0.925000000004)) ;
#4267=CARTESIAN_POINT('Line Origine',(4.38647837835,1.83435811376,0.925000000004)) ;
#4271=CARTESIAN_POINT('Vertex',(4.38588439485,1.83489058833,0.925000000004)) ;
#4274=CARTESIAN_POINT('Line Origine',(4.38534057941,1.83546657343,0.925000000004)) ;
#4278=CARTESIAN_POINT('Vertex',(4.38479676397,1.83604255852,0.925000000004)) ;
#4281=CARTESIAN_POINT('Line Origine',(4.38430242368,1.83666176713,0.925000000004)) ;
#4285=CARTESIAN_POINT('Vertex',(4.38380808339,1.83728097574,0.925000000004)) ;
#4288=CARTESIAN_POINT('Line Origine',(4.38336419817,1.83794300197,0.925000000004)) ;
#4292=CARTESIAN_POINT('Vertex',(4.38292031295,1.8386050282,0.925000000004)) ;
#4295=CARTESIAN_POINT('Line Origine',(4.38252688281,1.83930987204,0.925000000004)) ;
#4299=CARTESIAN_POINT('Vertex',(4.38213345266,1.84001471588,0.925000000004)) ;
#4302=CARTESIAN_POINT('Line Origine',(4.38178949766,1.84076278324,0.925000000004)) ;
#4306=CARTESIAN_POINT('Vertex',(4.38144554266,1.8415108506,0.925000000004)) ;
#4309=CARTESIAN_POINT('Line Origine',(4.40292989925,1.85040996247,0.925000000004)) ;
#4313=CARTESIAN_POINT('Vertex',(4.42441425584,1.85930907435,0.925000000004)) ;
#4316=CARTESIAN_POINT('Line Origine',(4.43428215677,1.8538554761,0.925000000004)) ;
#4320=CARTESIAN_POINT('Vertex',(4.4441500577,1.84840187785,0.925000000004)) ;
#4323=CARTESIAN_POINT('Line Origine',(4.43398866452,1.87293365108,0.925000000004)) ;
#4327=CARTESIAN_POINT('Vertex',(4.42382727134,1.89746542431,0.925000000004)) ;
#4330=CARTESIAN_POINT('Line Origine',(4.41998175525,1.88837969938,0.925000000004)) ;
#4334=CARTESIAN_POINT('Vertex',(4.41613623917,1.87929397446,0.925000000004)) ;
#4337=CARTESIAN_POINT('Line Origine',(4.39095451669,1.86886336349,0.925000000004)) ;
#4341=CARTESIAN_POINT('Vertex',(4.36577279421,1.85843275251,0.925000000004)) ;
#4344=CARTESIAN_POINT('Line Origine',(4.36103364259,1.86987407664,0.925000000004)) ;
#4348=CARTESIAN_POINT('Vertex',(4.35629449096,1.88131540077,0.925000000004)) ;
#4351=CARTESIAN_POINT('Line Origine',(4.36111174914,1.89314484878,0.925000000004)) ;
#4355=CARTESIAN_POINT('Vertex',(4.36592900732,1.90497429679,0.925000000004)) ;
#4358=CARTESIAN_POINT('Line Origine',(4.34499412808,1.89630278588,0.925000000004)) ;
#4362=CARTESIAN_POINT('Vertex',(4.32405924885,1.88763127497,0.925000000004)) ;
#4365=CARTESIAN_POINT('Line Origine',(4.3358143099,1.88313471158,0.925000000004)) ;
#4369=CARTESIAN_POINT('Vertex',(4.34756937096,1.87863814818,0.925000000004)) ;
#4372=CARTESIAN_POINT('Line Origine',(4.35069436387,1.87109374792,0.925000000004)) ;
#4376=CARTESIAN_POINT('Vertex',(4.35381935678,1.86354934766,0.925000000004)) ;
#4379=CARTESIAN_POINT('Line Origine',(4.3345336025,1.85556092668,0.925000000004)) ;
#4383=CARTESIAN_POINT('Vertex',(4.31524784823,1.8475725057,0.925000000004)) ;
#4386=CARTESIAN_POINT('Line Origine',(4.31464516552,1.8487727307,0.925000000004)) ;
#4390=CARTESIAN_POINT('Vertex',(4.31404248281,1.8499729557,0.925000000004)) ;
#4393=CARTESIAN_POINT('Line Origine',(4.31349491001,1.85109696908,0.925000000004)) ;
#4397=CARTESIAN_POINT('Vertex',(4.31294733721,1.85222098247,0.925000000004)) ;
#4400=CARTESIAN_POINT('Line Origine',(4.31245458732,1.85326947715,0.925000000004)) ;
#4404=CARTESIAN_POINT('Vertex',(4.31196183742,1.85431797184,0.925000000004)) ;
#4407=CARTESIAN_POINT('Line Origine',(4.31152391042,1.85529094782,0.925000000004)) ;
#4411=CARTESIAN_POINT('Vertex',(4.31108598343,1.8562639238,0.925000000004)) ;
#4414=CARTESIAN_POINT('Line Origine',(4.31070218642,1.85716109406,0.925000000004)) ;
#4418=CARTESIAN_POINT('Vertex',(4.31031838942,1.85805826433,0.925000000004)) ;
#4421=CARTESIAN_POINT('Line Origine',(4.30984308815,1.85922926124,0.925000000004)) ;
#4425=CARTESIAN_POINT('Vertex',(4.30936778688,1.86040025815,0.925000000004)) ;
#4428=CARTESIAN_POINT('Line Origine',(4.30893465956,1.8615164744,0.925000000004)) ;
#4432=CARTESIAN_POINT('Vertex',(4.30850153223,1.86263269066,0.925000000004)) ;
#4435=CARTESIAN_POINT('Line Origine',(4.30811045998,1.86369245342,0.925000000004)) ;
#4439=CARTESIAN_POINT('Vertex',(4.30771938772,1.86475221618,0.925000000004)) ;
#4442=CARTESIAN_POINT('Line Origine',(4.30737146934,1.86575679239,0.925000000004)) ;
#4446=CARTESIAN_POINT('Vertex',(4.30702355096,1.8667613686,0.925000000004)) ;
#4449=CARTESIAN_POINT('Line Origine',(4.30671740063,1.86771018424,0.925000000004)) ;
#4453=CARTESIAN_POINT('Vertex',(4.3064112503,1.86865899987,0.925000000004)) ;
#4456=CARTESIAN_POINT('Line Origine',(4.30614756094,1.86955234193,0.925000000004)) ;
#4460=CARTESIAN_POINT('Vertex',(4.30588387157,1.870445684,0.925000000004)) ;
#4463=CARTESIAN_POINT('Line Origine',(4.30566223727,1.87128257257,0.925000000004)) ;
#4467=CARTESIAN_POINT('Vertex',(4.30544060298,1.87211946115,0.925000000004)) ;
#4470=CARTESIAN_POINT('Line Origine',(4.30526183554,1.87290185608,0.925000000004)) ;
#4474=CARTESIAN_POINT('Vertex',(4.3050830681,1.87368425101,0.925000000004)) ;
#4477=CARTESIAN_POINT('Line Origine',(4.30485210432,1.87508066032,0.925000000004)) ;
#4481=CARTESIAN_POINT('Vertex',(4.30462114053,1.87647706964,0.925000000004)) ;
#4484=CARTESIAN_POINT('Line Origine',(4.30454296303,1.8777711591,0.925000000004)) ;
#4488=CARTESIAN_POINT('Vertex',(4.30446478553,1.87906524856,0.925000000004)) ;
#4491=CARTESIAN_POINT('Line Origine',(4.30452262374,1.88037589966,0.925000000004)) ;
#4495=CARTESIAN_POINT('Vertex',(4.30458046195,1.88168655076,0.925000000004)) ;
#4498=CARTESIAN_POINT('Line Origine',(4.30477362296,1.88301347649,0.925000000004)) ;
#4502=CARTESIAN_POINT('Vertex',(4.30496678398,1.88434040221,0.925000000004)) ;
#4505=CARTESIAN_POINT('Line Origine',(4.30529665362,1.88568417659,0.925000000004)) ;
#4509=CARTESIAN_POINT('Vertex',(4.30562652326,1.88702795097,0.925000000004)) ;
#4512=CARTESIAN_POINT('Line Origine',(4.30609240861,1.88838828699,0.925000000004)) ;
#4516=CARTESIAN_POINT('Vertex',(4.30655829396,1.88974862301,0.925000000004)) ;
#4519=CARTESIAN_POINT('Line Origine',(4.30579500179,1.88874567919,0.925000000004)) ;
#4523=CARTESIAN_POINT('Vertex',(4.30503170962,1.88774273537,0.925000000004)) ;
#4526=CARTESIAN_POINT('Line Origine',(4.30443716949,1.88663028443,0.925000000004)) ;
#4530=CARTESIAN_POINT('Vertex',(4.30384262936,1.88551783348,0.925000000004)) ;
#4533=CARTESIAN_POINT('Line Origine',(4.30341794009,1.88429714236,0.925000000004)) ;
#4537=CARTESIAN_POINT('Vertex',(4.30299325081,1.88307645123,0.925000000004)) ;
#4540=CARTESIAN_POINT('Line Origine',(4.30273702657,1.88174694589,0.925000000004)) ;
#4544=CARTESIAN_POINT('Vertex',(4.30248080233,1.88041744055,0.925000000004)) ;
#4547=CARTESIAN_POINT('Line Origine',(4.30239402304,1.8789787151,0.925000000004)) ;
#4551=CARTESIAN_POINT('Vertex',(4.30230724375,1.87753998965,0.925000000004)) ;
#4554=CARTESIAN_POINT('Line Origine',(4.30239019644,1.87599135118,0.925000000004)) ;
#4558=CARTESIAN_POINT('Vertex',(4.30247314912,1.87444271271,0.925000000004)) ;
#4561=CARTESIAN_POINT('Line Origine',(4.30272497273,1.87278623996,0.925000000004)) ;
#4565=CARTESIAN_POINT('Vertex',(4.30297679634,1.8711297672,0.925000000004)) ;
#4568=CARTESIAN_POINT('Line Origine',(4.30339835192,1.86936338142,0.925000000004)) ;
#4572=CARTESIAN_POINT('Vertex',(4.3038199075,1.86759699565,0.925000000004)) ;
#4575=CARTESIAN_POINT('Line Origine',(4.30441062102,1.86572208268,0.925000000004)) ;
#4579=CARTESIAN_POINT('Vertex',(4.30500133454,1.8638471697,0.925000000004)) ;
#4582=CARTESIAN_POINT('Line Origine',(4.305761206,1.86186372953,0.925000000004)) ;
#4586=CARTESIAN_POINT('Vertex',(4.30652107747,1.85988028936,0.925000000004)) ;
#4589=CARTESIAN_POINT('Line Origine',(4.30709949784,1.8584995378,0.925000000004)) ;
#4593=CARTESIAN_POINT('Vertex',(4.30767791822,1.85711878624,0.925000000004)) ;
#4596=CARTESIAN_POINT('Line Origine',(4.30825560839,1.85577507475,0.925000000004)) ;
#4600=CARTESIAN_POINT('Vertex',(4.30883329856,1.85443136326,0.925000000004)) ;
#4603=CARTESIAN_POINT('Line Origine',(4.30940956562,1.85312440483,0.925000000004)) ;
#4607=CARTESIAN_POINT('Vertex',(4.30998583267,1.85181744639,0.925000000004)) ;
#4610=CARTESIAN_POINT('Line Origine',(4.31056108251,1.85054822094,0.925000000004)) ;
#4614=CARTESIAN_POINT('Vertex',(4.31113633235,1.84927899549,0.925000000004)) ;
#4617=CARTESIAN_POINT('Line Origine',(4.31171015908,1.8480465231,0.925000000004)) ;
#4621=CARTESIAN_POINT('Vertex',(4.3122839858,1.8468140507,0.925000000004)) ;
#4624=CARTESIAN_POINT('Line Origine',(4.31293401859,1.84538584153,0.925000000004)) ;
#4628=CARTESIAN_POINT('Vertex',(4.31358405138,1.84395763236,0.925000000004)) ;
#4631=CARTESIAN_POINT('Line Origine',(4.33421890074,1.85250486682,0.925000000004)) ;
#4635=CARTESIAN_POINT('Vertex',(4.35485375009,1.86105210128,0.925000000004)) ;
#4638=CARTESIAN_POINT('Line Origine',(4.35611631841,1.85800399173,0.925000000004)) ;
#4642=CARTESIAN_POINT('Vertex',(4.35737888672,1.85495588219,0.925000000004)) ;
#4645=CARTESIAN_POINT('Line Origine',(4.33399595769,1.84527035586,0.925000000004)) ;
#4649=CARTESIAN_POINT('Vertex',(4.31061302867,1.83558482952,0.925000000004)) ;
#4652=CARTESIAN_POINT('Line Origine',(4.30989716861,1.83745417737,0.925000000004)) ;
#4656=CARTESIAN_POINT('Vertex',(4.30918130856,1.83932352522,0.925000000004)) ;
#4659=CARTESIAN_POINT('Line Origine',(4.30722383211,1.84419040022,0.925000000004)) ;
#4663=CARTESIAN_POINT('Vertex',(4.30526635566,1.84905727521,0.925000000004)) ;
#4666=CARTESIAN_POINT('Line Origine',(4.30403684448,1.85188446896,0.925000000004)) ;
#4670=CARTESIAN_POINT('Vertex',(4.30280733331,1.85471166272,0.925000000004)) ;
#4673=CARTESIAN_POINT('Line Origine',(4.30221235974,1.85620489146,0.925000000004)) ;
#4677=CARTESIAN_POINT('Vertex',(4.30161738618,1.8576981202,0.925000000004)) ;
#4680=CARTESIAN_POINT('Line Origine',(4.30109933898,1.85911930324,0.925000000004)) ;
#4684=CARTESIAN_POINT('Vertex',(4.30058129178,1.86054048628,0.925000000004)) ;
#4687=CARTESIAN_POINT('Line Origine',(4.30013947804,1.8618893366,0.925000000004)) ;
#4691=CARTESIAN_POINT('Vertex',(4.2996976643,1.86323818692,0.925000000004)) ;
#4694=CARTESIAN_POINT('Line Origine',(4.29933248992,1.86451568444,0.925000000004)) ;
#4698=CARTESIAN_POINT('Vertex',(4.29896731554,1.86579318196,0.925000000004)) ;
#4701=CARTESIAN_POINT('Line Origine',(4.29867837462,1.86699834677,0.925000000004)) ;
#4705=CARTESIAN_POINT('Vertex',(4.2983894337,1.86820351157,0.925000000004)) ;
#4708=CARTESIAN_POINT('Line Origine',(4.29817782504,1.86933761059,0.925000000004)) ;
#4712=CARTESIAN_POINT('Vertex',(4.29796621639,1.87047170961,0.925000000004)) ;
#4715=CARTESIAN_POINT('Line Origine',(4.29783084119,1.87153347592,0.925000000004)) ;
#4719=CARTESIAN_POINT('Vertex',(4.29769546599,1.87259524222,0.925000000004)) ;
#4722=CARTESIAN_POINT('Line Origine',(4.29763632426,1.8735846758,0.925000000004)) ;
#4726=CARTESIAN_POINT('Vertex',(4.29757718252,1.87457410939,0.925000000004)) ;
#4729=CARTESIAN_POINT('Line Origine',(4.29759537305,1.87549247719,0.925000000004)) ;
#4733=CARTESIAN_POINT('Vertex',(4.29761356358,1.87641084499,0.925000000004)) ;
#4736=CARTESIAN_POINT('Line Origine',(4.29770729466,1.87725659306,0.925000000004)) ;
#4740=CARTESIAN_POINT('Vertex',(4.29780102574,1.87810234113,0.925000000004)) ;
#4743=CARTESIAN_POINT('Line Origine',(4.29798212957,1.87893313715,0.925000000004)) ;
#4747=CARTESIAN_POINT('Vertex',(4.29816323341,1.87976393317,0.925000000004)) ;
#4750=CARTESIAN_POINT('Line Origine',(4.29843869184,1.88063543573,0.925000000004)) ;
#4754=CARTESIAN_POINT('Vertex',(4.29871415028,1.88150693829,0.925000000004)) ;
#4757=CARTESIAN_POINT('Line Origine',(4.29908506211,1.88242041433,0.925000000004)) ;
#4761=CARTESIAN_POINT('Vertex',(4.29945597395,1.88333389036,0.925000000004)) ;
#4764=CARTESIAN_POINT('Line Origine',(4.29992222031,1.88428766705,0.925000000004)) ;
#4768=CARTESIAN_POINT('Vertex',(4.30038846666,1.88524144373,0.925000000004)) ;
#4771=CARTESIAN_POINT('Line Origine',(4.30094987941,1.8862378868,0.925000000004)) ;
#4775=CARTESIAN_POINT('Vertex',(4.30151129216,1.88723432987,0.925000000004)) ;
#4778=CARTESIAN_POINT('Line Origine',(4.30216803942,1.88827107358,0.925000000004)) ;
#4782=CARTESIAN_POINT('Vertex',(4.30282478669,1.8893078173,0.925000000004)) ;
#4785=CARTESIAN_POINT('Line Origine',(4.30357727437,1.89038584158,0.925000000004)) ;
#4789=CARTESIAN_POINT('Vertex',(4.30432976205,1.89146386586,0.925000000004)) ;
#4792=CARTESIAN_POINT('Line Origine',(4.30517729724,1.89258288369,0.925000000004)) ;
#4796=CARTESIAN_POINT('Vertex',(4.30602483243,1.89370190153,0.925000000004)) ;
#4799=CARTESIAN_POINT('Line Origine',(4.30696782102,1.89486289284,0.925000000004)) ;
#4803=CARTESIAN_POINT('Vertex',(4.30791080961,1.89602388416,0.925000000004)) ;
#4806=CARTESIAN_POINT('Line Origine',(4.30894913272,1.89722517611,0.925000000004)) ;
#4810=CARTESIAN_POINT('Vertex',(4.30998745584,1.89842646807,0.925000000004)) ;
#4813=CARTESIAN_POINT('Line Origine',(4.30882267387,1.89841240481,0.925000000004)) ;
#4817=CARTESIAN_POINT('Vertex',(4.3076578919,1.89839834154,0.925000000004)) ;
#4820=CARTESIAN_POINT('Line Origine',(4.30648018241,1.8983821707,0.925000000004)) ;
#4824=CARTESIAN_POINT('Vertex',(4.30530247293,1.89836599986,0.925000000004)) ;
#4827=CARTESIAN_POINT('Line Origine',(4.30418830221,1.89835909996,0.925000000004)) ;
#4831=CARTESIAN_POINT('Vertex',(4.30307413149,1.89835220007,0.925000000004)) ;
#4834=CARTESIAN_POINT('Line Origine',(4.30202280663,1.89835428409,0.925000000004)) ;
#4838=CARTESIAN_POINT('Vertex',(4.30097148176,1.89835636812,0.925000000004)) ;
#4841=CARTESIAN_POINT('Line Origine',(4.29998300275,1.89836743608,0.925000000004)) ;
#4845=CARTESIAN_POINT('Vertex',(4.29899452374,1.89837850404,0.925000000004)) ;
#4848=CARTESIAN_POINT('Line Origine',(4.29806889059,1.89839855593,0.925000000004)) ;
#4852=CARTESIAN_POINT('Vertex',(4.29714325744,1.89841860782,0.925000000004)) ;
#4855=CARTESIAN_POINT('Line Origine',(4.29628018313,1.89844833654,0.925000000004)) ;
#4859=CARTESIAN_POINT('Vertex',(4.29541710882,1.89847806527,0.925000000004)) ;
#4862=CARTESIAN_POINT('Line Origine',(4.29461716737,1.89851608501,0.925000000004)) ;
#4866=CARTESIAN_POINT('Vertex',(4.29381722593,1.89855410475,0.925000000004)) ;
#4869=CARTESIAN_POINT('Line Origine',(4.29240697942,1.89865836296,0.925000000004)) ;
#4873=CARTESIAN_POINT('Vertex',(4.29099673291,1.89876262117,0.925000000004)) ;
#4876=CARTESIAN_POINT('Line Origine',(4.28978180533,1.89890881701,0.925000000004)) ;
#4880=CARTESIAN_POINT('Vertex',(4.28856687775,1.89905501285,0.925000000004)) ;
#4883=CARTESIAN_POINT('Line Origine',(4.28720990224,1.89927956372,0.925000000004)) ;
#4887=CARTESIAN_POINT('Vertex',(4.28585292673,1.89950411459,0.925000000004)) ;
#4890=CARTESIAN_POINT('Line Origine',(4.28509918791,1.89964813406,0.925000000004)) ;
#4894=CARTESIAN_POINT('Vertex',(4.28434544909,1.89979215353,0.925000000004)) ;
#4897=CARTESIAN_POINT('Line Origine',(4.28354271417,1.89995646786,0.925000000004)) ;
#4901=CARTESIAN_POINT('Vertex',(4.28273997924,1.90012078218,0.925000000004)) ;
#4904=CARTESIAN_POINT('Line Origine',(4.28188767417,1.90030677718,0.925000000004)) ;
#4908=CARTESIAN_POINT('Vertex',(4.28103536911,1.90049277218,0.925000000004)) ;
#4911=CARTESIAN_POINT('Line Origine',(4.28013308801,1.90069946793,0.925000000004)) ;
#4915=CARTESIAN_POINT('Vertex',(4.27923080691,1.90090616368,0.925000000004)) ;
#4918=CARTESIAN_POINT('Line Origine',(4.27827924269,1.90113384719,0.925000000004)) ;
#4922=CARTESIAN_POINT('Vertex',(4.27732767847,1.90136153071,0.925000000004)) ;
#4925=CARTESIAN_POINT('Line Origine',(4.27632613822,1.90160991497,0.925000000004)) ;
#4929=CARTESIAN_POINT('Vertex',(4.27532459796,1.90185829924,0.925000000004)) ;
#4932=CARTESIAN_POINT('Line Origine',(4.27427279466,1.90212807716,0.925000000004)) ;
#4936=CARTESIAN_POINT('Vertex',(4.27322099136,1.90239785508,0.925000000004)) ;
#4939=CARTESIAN_POINT('Line Origine',(4.2947030215,1.85053564656,0.925000000004)) ;
#5093=CARTESIAN_POINT('Axis2P3D Location',(4.32348780795,1.81750397083,0.940000000004)) ;
#5098=CARTESIAN_POINT('Line Origine',(4.32348780795,1.81750397083,0.932500000004)) ;
#5103=CARTESIAN_POINT('Line Origine',(4.31618505165,1.79867343803,0.932500000004)) ;
#5122=CARTESIAN_POINT('Axis2P3D Location',(4.36565690339,1.83497098208,0.940000000004)) ;
#5127=CARTESIAN_POINT('Line Origine',(4.36565690339,1.83497098208,0.932500000004)) ;
#5146=CARTESIAN_POINT('Axis2P3D Location',(4.36723654431,1.83216867128,0.940000000004)) ;
#5151=CARTESIAN_POINT('Line Origine',(4.36723654431,1.83216867128,0.932500000004)) ;
#5170=CARTESIAN_POINT('Axis2P3D Location',(4.36896303838,1.82968209241,0.940000000004)) ;
#5175=CARTESIAN_POINT('Line Origine',(4.36896303838,1.82968209241,0.932500000004)) ;
#5194=CARTESIAN_POINT('Axis2P3D Location',(4.37083533604,1.82750593997,0.940000000004)) ;
#5199=CARTESIAN_POINT('Line Origine',(4.37083533604,1.82750593997,0.932500000004)) ;
#5218=CARTESIAN_POINT('Axis2P3D Location',(4.37285448686,1.82564551945,0.940000000004)) ;
#5223=CARTESIAN_POINT('Line Origine',(4.37285448686,1.82564551945,0.932500000004)) ;
#5242=CARTESIAN_POINT('Axis2P3D Location',(4.37501829321,1.82409829699,0.940000000004)) ;
#5247=CARTESIAN_POINT('Line Origine',(4.37501829321,1.82409829699,0.932500000004)) ;
#5266=CARTESIAN_POINT('Axis2P3D Location',(4.37733010076,1.82286403483,0.940000000004)) ;
#5271=CARTESIAN_POINT('Line Origine',(4.37733010076,1.82286403483,0.932500000004)) ;
#5290=CARTESIAN_POINT('Axis2P3D Location',(4.37978852369,1.82194215893,0.940000000004)) ;
#5295=CARTESIAN_POINT('Line Origine',(4.37978852369,1.82194215893,0.932500000004)) ;
#5314=CARTESIAN_POINT('Axis2P3D Location',(4.38239379978,1.82133601497,0.940000000004)) ;
#5319=CARTESIAN_POINT('Line Origine',(4.38239379978,1.82133601497,0.932500000004)) ;
#5338=CARTESIAN_POINT('Axis2P3D Location',(4.38514373141,1.82104306906,0.940000000004)) ;
#5343=CARTESIAN_POINT('Line Origine',(4.38514373141,1.82104306906,0.932500000004)) ;
#5362=CARTESIAN_POINT('Axis2P3D Location',(4.38804166424,1.82106308345,0.940000000004)) ;
#5367=CARTESIAN_POINT('Line Origine',(4.38804166424,1.82106308345,0.932500000004)) ;
#5386=CARTESIAN_POINT('Axis2P3D Location',(4.38935101701,1.82242534721,0.940000000004)) ;
#5391=CARTESIAN_POINT('Line Origine',(4.38935101701,1.82242534721,0.932500000004)) ;
#5410=CARTESIAN_POINT('Axis2P3D Location',(4.38733550202,1.82321083469,0.940000000004)) ;
#5415=CARTESIAN_POINT('Line Origine',(4.38733550202,1.82321083469,0.932500000004)) ;
#5434=CARTESIAN_POINT('Axis2P3D Location',(4.3854498024,1.82411016623,0.940000000004)) ;
#5439=CARTESIAN_POINT('Line Origine',(4.3854498024,1.82411016623,0.932500000004)) ;
#5458=CARTESIAN_POINT('Axis2P3D Location',(4.383695878,1.82512253003,0.940000000004)) ;
#5463=CARTESIAN_POINT('Line Origine',(4.383695878,1.82512253003,0.932500000004)) ;
#5482=CARTESIAN_POINT('Axis2P3D Location',(4.38207291703,1.82624596624,0.940000000004)) ;
#5487=CARTESIAN_POINT('Line Origine',(4.38207291703,1.82624596624,0.932500000004)) ;
#5506=CARTESIAN_POINT('Axis2P3D Location',(4.38058254307,1.82748439456,0.940000000004)) ;
#5511=CARTESIAN_POINT('Line Origine',(4.38058254307,1.82748439456,0.932500000004)) ;
#5530=CARTESIAN_POINT('Axis2P3D Location',(4.37922117268,1.82883470709,0.940000000004)) ;
#5535=CARTESIAN_POINT('Line Origine',(4.37922117268,1.82883470709,0.932500000004)) ;
#5554=CARTESIAN_POINT('Axis2P3D Location',(4.37799296334,1.83029862591,0.940000000004)) ;
#5559=CARTESIAN_POINT('Line Origine',(4.37799296334,1.83029862591,0.932500000004)) ;
#5578=CARTESIAN_POINT('Axis2P3D Location',(4.37689514339,1.83187500296,0.940000000004)) ;
#5583=CARTESIAN_POINT('Line Origine',(4.37689514339,1.83187500296,0.932500000004)) ;
#5602=CARTESIAN_POINT('Axis2P3D Location',(4.37592909866,1.83356441227,0.940000000004)) ;
#5607=CARTESIAN_POINT('Line Origine',(4.37592909866,1.83356441227,0.932500000004)) ;
#5626=CARTESIAN_POINT('Axis2P3D Location',(4.3750928693,1.83536766564,0.940000000004)) ;
#5631=CARTESIAN_POINT('Line Origine',(4.3750928693,1.83536766564,0.932500000004)) ;
#5650=CARTESIAN_POINT('Axis2P3D Location',(4.37453924449,1.83690805798,0.940000000004)) ;
#5655=CARTESIAN_POINT('Line Origine',(4.37453924449,1.83690805798,0.932500000004)) ;
#5674=CARTESIAN_POINT('Axis2P3D Location',(4.37405081088,1.8384478524,0.940000000004)) ;
#5679=CARTESIAN_POINT('Line Origine',(4.37405081088,1.8384478524,0.932500000004)) ;
#5698=CARTESIAN_POINT('Line Origine',(4.37874735249,1.84039322363,0.932500000004)) ;
#5717=CARTESIAN_POINT('Axis2P3D Location',(4.3795900523,1.838539072,0.940000000004)) ;
#5722=CARTESIAN_POINT('Line Origine',(4.3795900523,1.838539072,0.932500000004)) ;
#5741=CARTESIAN_POINT('Axis2P3D Location',(4.38053006193,1.83681452477,0.940000000004)) ;
#5746=CARTESIAN_POINT('Line Origine',(4.38053006193,1.83681452477,0.932500000004)) ;
#5765=CARTESIAN_POINT('Axis2P3D Location',(4.38156518375,1.83521704807,0.940000000004)) ;
#5770=CARTESIAN_POINT('Line Origine',(4.38156518375,1.83521704807,0.932500000004)) ;
#5789=CARTESIAN_POINT('Axis2P3D Location',(4.38269761539,1.83374917577,0.940000000004)) ;
#5794=CARTESIAN_POINT('Line Origine',(4.38269761539,1.83374917577,0.932500000004)) ;
#5813=CARTESIAN_POINT('Axis2P3D Location',(4.38392678281,1.83241229369,0.940000000004)) ;
#5818=CARTESIAN_POINT('Line Origine',(4.38392678281,1.83241229369,0.932500000004)) ;
#5837=CARTESIAN_POINT('Axis2P3D Location',(4.38525106243,1.83120248214,0.940000000004)) ;
#5842=CARTESIAN_POINT('Line Origine',(4.38525106243,1.83120248214,0.932500000004)) ;
#5861=CARTESIAN_POINT('Axis2P3D Location',(4.38667322589,1.83012088917,0.940000000004)) ;
#5866=CARTESIAN_POINT('Line Origine',(4.38667322589,1.83012088917,0.932500000004)) ;
#5885=CARTESIAN_POINT('Axis2P3D Location',(4.38819073931,1.82916971239,0.940000000004)) ;
#5890=CARTESIAN_POINT('Line Origine',(4.38819073931,1.82916971239,0.932500000004)) ;
#5909=CARTESIAN_POINT('Axis2P3D Location',(4.38980613657,1.8283467542,0.940000000004)) ;
#5914=CARTESIAN_POINT('Line Origine',(4.38980613657,1.8283467542,0.932500000004)) ;
#5933=CARTESIAN_POINT('Axis2P3D Location',(4.39151745782,1.82765282638,0.940000000004)) ;
#5938=CARTESIAN_POINT('Line Origine',(4.39151745782,1.82765282638,0.932500000004)) ;
#5957=CARTESIAN_POINT('Axis2P3D Location',(4.39282917379,1.83042047289,0.940000000004)) ;
#5962=CARTESIAN_POINT('Line Origine',(4.39282917379,1.83042047289,0.932500000004)) ;
#5981=CARTESIAN_POINT('Axis2P3D Location',(4.39123895204,1.83114345512,0.940000000004)) ;
#5986=CARTESIAN_POINT('Line Origine',(4.39123895204,1.83114345512,0.932500000004)) ;
#6005=CARTESIAN_POINT('Axis2P3D Location',(4.38975021447,1.83195068677,0.940000000004)) ;
#6010=CARTESIAN_POINT('Line Origine',(4.38975021447,1.83195068677,0.932500000004)) ;
#6029=CARTESIAN_POINT('Axis2P3D Location',(4.38836181301,1.83284493947,0.940000000004)) ;
#6034=CARTESIAN_POINT('Line Origine',(4.38836181301,1.83284493947,0.932500000004)) ;
#6053=CARTESIAN_POINT('Axis2P3D Location',(4.38707236185,1.83382563919,0.940000000004)) ;
#6058=CARTESIAN_POINT('Line Origine',(4.38707236185,1.83382563919,0.932500000004)) ;
#6077=CARTESIAN_POINT('Axis2P3D Location',(4.38588439485,1.83489058833,0.940000000004)) ;
#6082=CARTESIAN_POINT('Line Origine',(4.38588439485,1.83489058833,0.932500000004)) ;
#6101=CARTESIAN_POINT('Axis2P3D Location',(4.38479676397,1.83604255852,0.940000000004)) ;
#6106=CARTESIAN_POINT('Line Origine',(4.38479676397,1.83604255852,0.932500000004)) ;
#6125=CARTESIAN_POINT('Axis2P3D Location',(4.38380808339,1.83728097574,0.940000000004)) ;
#6130=CARTESIAN_POINT('Line Origine',(4.38380808339,1.83728097574,0.932500000004)) ;
#6149=CARTESIAN_POINT('Axis2P3D Location',(4.38292031295,1.8386050282,0.940000000004)) ;
#6154=CARTESIAN_POINT('Line Origine',(4.38292031295,1.8386050282,0.932500000004)) ;
#6173=CARTESIAN_POINT('Axis2P3D Location',(4.38213345266,1.84001471588,0.940000000004)) ;
#6178=CARTESIAN_POINT('Line Origine',(4.38213345266,1.84001471588,0.932500000004)) ;
#6197=CARTESIAN_POINT('Axis2P3D Location',(4.38144554266,1.8415108506,0.940000000004)) ;
#6202=CARTESIAN_POINT('Line Origine',(4.38144554266,1.8415108506,0.932500000004)) ;
#6221=CARTESIAN_POINT('Line Origine',(4.42441425584,1.85930907435,0.932500000004)) ;
#6240=CARTESIAN_POINT('Axis2P3D Location',(4.4441500577,1.84840187785,0.940000000004)) ;
#6245=CARTESIAN_POINT('Line Origine',(4.4441500577,1.84840187785,0.932500000004)) ;
#6264=CARTESIAN_POINT('Axis2P3D Location',(4.42382727134,1.89746542431,0.940000000004)) ;
#6269=CARTESIAN_POINT('Line Origine',(4.42382727134,1.89746542431,0.932500000004)) ;
#6288=CARTESIAN_POINT('Axis2P3D Location',(4.41613623917,1.87929397446,0.940000000004)) ;
#6293=CARTESIAN_POINT('Line Origine',(4.41613623917,1.87929397446,0.932500000004)) ;
#6312=CARTESIAN_POINT('Axis2P3D Location',(4.36577279421,1.85843275251,0.940000000004)) ;
#6317=CARTESIAN_POINT('Line Origine',(4.36577279421,1.85843275251,0.932500000004)) ;
#6336=CARTESIAN_POINT('Axis2P3D Location',(4.35629449096,1.88131540077,0.940000000004)) ;
#6341=CARTESIAN_POINT('Line Origine',(4.35629449096,1.88131540077,0.932500000004)) ;
#6360=CARTESIAN_POINT('Axis2P3D Location',(4.36592900732,1.90497429679,0.940000000004)) ;
#6365=CARTESIAN_POINT('Line Origine',(4.36592900732,1.90497429679,0.932500000004)) ;
#6384=CARTESIAN_POINT('Axis2P3D Location',(4.32405924885,1.88763127497,0.940000000004)) ;
#6389=CARTESIAN_POINT('Line Origine',(4.32405924885,1.88763127497,0.932500000004)) ;
#6408=CARTESIAN_POINT('Axis2P3D Location',(4.34756937096,1.87863814818,0.940000000004)) ;
#6413=CARTESIAN_POINT('Line Origine',(4.34756937096,1.87863814818,0.932500000004)) ;
#6432=CARTESIAN_POINT('Axis2P3D Location',(4.35381935678,1.86354934766,0.940000000004)) ;
#6437=CARTESIAN_POINT('Line Origine',(4.35381935678,1.86354934766,0.932500000004)) ;
#6456=CARTESIAN_POINT('Axis2P3D Location',(4.31524784823,1.8475725057,0.940000000004)) ;
#6461=CARTESIAN_POINT('Line Origine',(4.31524784823,1.8475725057,0.932500000004)) ;
#6480=CARTESIAN_POINT('Axis2P3D Location',(4.31404248281,1.8499729557,0.940000000004)) ;
#6485=CARTESIAN_POINT('Line Origine',(4.31404248281,1.8499729557,0.932500000004)) ;
#6504=CARTESIAN_POINT('Axis2P3D Location',(4.31294733721,1.85222098247,0.940000000004)) ;
#6509=CARTESIAN_POINT('Line Origine',(4.31294733721,1.85222098247,0.932500000004)) ;
#6528=CARTESIAN_POINT('Axis2P3D Location',(4.31196183742,1.85431797184,0.940000000004)) ;
#6533=CARTESIAN_POINT('Line Origine',(4.31196183742,1.85431797184,0.932500000004)) ;
#6552=CARTESIAN_POINT('Axis2P3D Location',(4.31108598343,1.8562639238,0.940000000004)) ;
#6557=CARTESIAN_POINT('Line Origine',(4.31108598343,1.8562639238,0.932500000004)) ;
#6576=CARTESIAN_POINT('Axis2P3D Location',(4.31031838942,1.85805826433,0.940000000004)) ;
#6581=CARTESIAN_POINT('Line Origine',(4.31031838942,1.85805826433,0.932500000004)) ;
#6600=CARTESIAN_POINT('Axis2P3D Location',(4.30936778688,1.86040025815,0.940000000004)) ;
#6605=CARTESIAN_POINT('Line Origine',(4.30936778688,1.86040025815,0.932500000004)) ;
#6624=CARTESIAN_POINT('Axis2P3D Location',(4.30850153223,1.86263269066,0.940000000004)) ;
#6629=CARTESIAN_POINT('Line Origine',(4.30850153223,1.86263269066,0.932500000004)) ;
#6648=CARTESIAN_POINT('Axis2P3D Location',(4.30771938772,1.86475221618,0.940000000004)) ;
#6653=CARTESIAN_POINT('Line Origine',(4.30771938772,1.86475221618,0.932500000004)) ;
#6672=CARTESIAN_POINT('Axis2P3D Location',(4.30702355096,1.8667613686,0.940000000004)) ;
#6677=CARTESIAN_POINT('Line Origine',(4.30702355096,1.8667613686,0.932500000004)) ;
#6696=CARTESIAN_POINT('Axis2P3D Location',(4.3064112503,1.86865899987,0.940000000004)) ;
#6701=CARTESIAN_POINT('Line Origine',(4.3064112503,1.86865899987,0.932500000004)) ;
#6720=CARTESIAN_POINT('Axis2P3D Location',(4.30588387157,1.870445684,0.940000000004)) ;
#6725=CARTESIAN_POINT('Line Origine',(4.30588387157,1.870445684,0.932500000004)) ;
#6744=CARTESIAN_POINT('Axis2P3D Location',(4.30544060298,1.87211946115,0.940000000004)) ;
#6749=CARTESIAN_POINT('Line Origine',(4.30544060298,1.87211946115,0.932500000004)) ;
#6768=CARTESIAN_POINT('Axis2P3D Location',(4.3050830681,1.87368425101,0.940000000004)) ;
#6773=CARTESIAN_POINT('Line Origine',(4.3050830681,1.87368425101,0.932500000004)) ;
#6792=CARTESIAN_POINT('Axis2P3D Location',(4.30462114053,1.87647706964,0.940000000004)) ;
#6797=CARTESIAN_POINT('Line Origine',(4.30462114053,1.87647706964,0.932500000004)) ;
#6816=CARTESIAN_POINT('Axis2P3D Location',(4.30446478553,1.87906524856,0.940000000004)) ;
#6821=CARTESIAN_POINT('Line Origine',(4.30446478553,1.87906524856,0.932500000004)) ;
#6840=CARTESIAN_POINT('Axis2P3D Location',(4.30458046195,1.88168655076,0.940000000004)) ;
#6845=CARTESIAN_POINT('Line Origine',(4.30458046195,1.88168655076,0.932500000004)) ;
#6864=CARTESIAN_POINT('Axis2P3D Location',(4.30496678398,1.88434040221,0.940000000004)) ;
#6869=CARTESIAN_POINT('Line Origine',(4.30496678398,1.88434040221,0.932500000004)) ;
#6888=CARTESIAN_POINT('Axis2P3D Location',(4.30562652326,1.88702795097,0.940000000004)) ;
#6893=CARTESIAN_POINT('Line Origine',(4.30562652326,1.88702795097,0.932500000004)) ;
#6912=CARTESIAN_POINT('Axis2P3D Location',(4.30655829396,1.88974862301,0.940000000004)) ;
#6917=CARTESIAN_POINT('Line Origine',(4.30655829396,1.88974862301,0.932500000004)) ;
#6936=CARTESIAN_POINT('Axis2P3D Location',(4.30503170962,1.88774273537,0.940000000004)) ;
#6941=CARTESIAN_POINT('Line Origine',(4.30503170962,1.88774273537,0.932500000004)) ;
#6960=CARTESIAN_POINT('Axis2P3D Location',(4.30384262936,1.88551783348,0.940000000004)) ;
#6965=CARTESIAN_POINT('Line Origine',(4.30384262936,1.88551783348,0.932500000004)) ;
#6984=CARTESIAN_POINT('Axis2P3D Location',(4.30299325081,1.88307645123,0.940000000004)) ;
#6989=CARTESIAN_POINT('Line Origine',(4.30299325081,1.88307645123,0.932500000004)) ;
#7008=CARTESIAN_POINT('Axis2P3D Location',(4.30248080233,1.88041744055,0.940000000004)) ;
#7013=CARTESIAN_POINT('Line Origine',(4.30248080233,1.88041744055,0.932500000004)) ;
#7032=CARTESIAN_POINT('Axis2P3D Location',(4.30230724375,1.87753998965,0.940000000004)) ;
#7037=CARTESIAN_POINT('Line Origine',(4.30230724375,1.87753998965,0.932500000004)) ;
#7056=CARTESIAN_POINT('Axis2P3D Location',(4.30247314912,1.87444271271,0.940000000004)) ;
#7061=CARTESIAN_POINT('Line Origine',(4.30247314912,1.87444271271,0.932500000004)) ;
#7080=CARTESIAN_POINT('Axis2P3D Location',(4.30297679634,1.8711297672,0.940000000004)) ;
#7085=CARTESIAN_POINT('Line Origine',(4.30297679634,1.8711297672,0.932500000004)) ;
#7104=CARTESIAN_POINT('Axis2P3D Location',(4.3038199075,1.86759699565,0.940000000004)) ;
#7109=CARTESIAN_POINT('Line Origine',(4.3038199075,1.86759699565,0.932500000004)) ;
#7128=CARTESIAN_POINT('Axis2P3D Location',(4.30500133454,1.8638471697,0.940000000004)) ;
#7133=CARTESIAN_POINT('Line Origine',(4.30500133454,1.8638471697,0.932500000004)) ;
#7152=CARTESIAN_POINT('Axis2P3D Location',(4.30652107747,1.85988028936,0.940000000004)) ;
#7157=CARTESIAN_POINT('Line Origine',(4.30652107747,1.85988028936,0.932500000004)) ;
#7176=CARTESIAN_POINT('Axis2P3D Location',(4.30767791822,1.85711878624,0.940000000004)) ;
#7181=CARTESIAN_POINT('Line Origine',(4.30767791822,1.85711878624,0.932500000004)) ;
#7200=CARTESIAN_POINT('Axis2P3D Location',(4.30883329856,1.85443136326,0.940000000004)) ;
#7205=CARTESIAN_POINT('Line Origine',(4.30883329856,1.85443136326,0.932500000004)) ;
#7224=CARTESIAN_POINT('Axis2P3D Location',(4.30998583267,1.85181744639,0.940000000004)) ;
#7229=CARTESIAN_POINT('Line Origine',(4.30998583267,1.85181744639,0.932500000004)) ;
#7248=CARTESIAN_POINT('Axis2P3D Location',(4.31113633235,1.84927899549,0.940000000004)) ;
#7253=CARTESIAN_POINT('Line Origine',(4.31113633235,1.84927899549,0.932500000004)) ;
#7272=CARTESIAN_POINT('Axis2P3D Location',(4.3122839858,1.8468140507,0.940000000004)) ;
#7277=CARTESIAN_POINT('Line Origine',(4.3122839858,1.8468140507,0.932500000004)) ;
#7296=CARTESIAN_POINT('Axis2P3D Location',(4.31358405138,1.84395763236,0.940000000004)) ;
#7301=CARTESIAN_POINT('Line Origine',(4.31358405138,1.84395763236,0.932500000004)) ;
#7320=CARTESIAN_POINT('Axis2P3D Location',(4.35485375009,1.86105210128,0.940000000004)) ;
#7325=CARTESIAN_POINT('Line Origine',(4.35485375009,1.86105210128,0.932500000004)) ;
#7344=CARTESIAN_POINT('Line Origine',(4.35737888672,1.85495588219,0.932500000004)) ;
#7363=CARTESIAN_POINT('Line Origine',(4.31061302867,1.83558482952,0.932500000004)) ;
#7382=CARTESIAN_POINT('Axis2P3D Location',(4.30918130856,1.83932352522,0.940000000004)) ;
#7387=CARTESIAN_POINT('Line Origine',(4.30918130856,1.83932352522,0.932500000004)) ;
#7406=CARTESIAN_POINT('Axis2P3D Location',(4.30526635566,1.84905727521,0.940000000004)) ;
#7411=CARTESIAN_POINT('Line Origine',(4.30526635566,1.84905727521,0.932500000004)) ;
#7430=CARTESIAN_POINT('Axis2P3D Location',(4.30280733331,1.85471166272,0.940000000004)) ;
#7435=CARTESIAN_POINT('Line Origine',(4.30280733331,1.85471166272,0.932500000004)) ;
#7454=CARTESIAN_POINT('Axis2P3D Location',(4.30161738618,1.8576981202,0.940000000004)) ;
#7459=CARTESIAN_POINT('Line Origine',(4.30161738618,1.8576981202,0.932500000004)) ;
#7478=CARTESIAN_POINT('Axis2P3D Location',(4.30058129178,1.86054048628,0.940000000004)) ;
#7483=CARTESIAN_POINT('Line Origine',(4.30058129178,1.86054048628,0.932500000004)) ;
#7502=CARTESIAN_POINT('Axis2P3D Location',(4.2996976643,1.86323818692,0.940000000004)) ;
#7507=CARTESIAN_POINT('Line Origine',(4.2996976643,1.86323818692,0.932500000004)) ;
#7526=CARTESIAN_POINT('Axis2P3D Location',(4.29896731554,1.86579318196,0.940000000004)) ;
#7531=CARTESIAN_POINT('Line Origine',(4.29896731554,1.86579318196,0.932500000004)) ;
#7550=CARTESIAN_POINT('Axis2P3D Location',(4.2983894337,1.86820351157,0.940000000004)) ;
#7555=CARTESIAN_POINT('Line Origine',(4.2983894337,1.86820351157,0.932500000004)) ;
#7574=CARTESIAN_POINT('Axis2P3D Location',(4.29796621639,1.87047170961,0.940000000004)) ;
#7579=CARTESIAN_POINT('Line Origine',(4.29796621639,1.87047170961,0.932500000004)) ;
#7598=CARTESIAN_POINT('Axis2P3D Location',(4.29769546599,1.87259524222,0.940000000004)) ;
#7603=CARTESIAN_POINT('Line Origine',(4.29769546599,1.87259524222,0.932500000004)) ;
#7622=CARTESIAN_POINT('Axis2P3D Location',(4.29757718252,1.87457410939,0.940000000004)) ;
#7627=CARTESIAN_POINT('Line Origine',(4.29757718252,1.87457410939,0.932500000004)) ;
#7646=CARTESIAN_POINT('Axis2P3D Location',(4.29761356358,1.87641084499,0.940000000004)) ;
#7651=CARTESIAN_POINT('Line Origine',(4.29761356358,1.87641084499,0.932500000004)) ;
#7670=CARTESIAN_POINT('Axis2P3D Location',(4.29780102574,1.87810234113,0.940000000004)) ;
#7675=CARTESIAN_POINT('Line Origine',(4.29780102574,1.87810234113,0.932500000004)) ;
#7694=CARTESIAN_POINT('Axis2P3D Location',(4.29816323341,1.87976393317,0.940000000004)) ;
#7699=CARTESIAN_POINT('Line Origine',(4.29816323341,1.87976393317,0.932500000004)) ;
#7718=CARTESIAN_POINT('Axis2P3D Location',(4.29871415028,1.88150693829,0.940000000004)) ;
#7723=CARTESIAN_POINT('Line Origine',(4.29871415028,1.88150693829,0.932500000004)) ;
#7742=CARTESIAN_POINT('Axis2P3D Location',(4.29945597395,1.88333389036,0.940000000004)) ;
#7747=CARTESIAN_POINT('Line Origine',(4.29945597395,1.88333389036,0.932500000004)) ;
#7766=CARTESIAN_POINT('Axis2P3D Location',(4.30038846666,1.88524144373,0.940000000004)) ;
#7771=CARTESIAN_POINT('Line Origine',(4.30038846666,1.88524144373,0.932500000004)) ;
#7790=CARTESIAN_POINT('Axis2P3D Location',(4.30151129216,1.88723432987,0.940000000004)) ;
#7795=CARTESIAN_POINT('Line Origine',(4.30151129216,1.88723432987,0.932500000004)) ;
#7814=CARTESIAN_POINT('Axis2P3D Location',(4.30282478669,1.8893078173,0.940000000004)) ;
#7819=CARTESIAN_POINT('Line Origine',(4.30282478669,1.8893078173,0.932500000004)) ;
#7838=CARTESIAN_POINT('Axis2P3D Location',(4.30432976205,1.89146386586,0.940000000004)) ;
#7843=CARTESIAN_POINT('Line Origine',(4.30432976205,1.89146386586,0.932500000004)) ;
#7862=CARTESIAN_POINT('Axis2P3D Location',(4.30602483243,1.89370190153,0.940000000004)) ;
#7867=CARTESIAN_POINT('Line Origine',(4.30602483243,1.89370190153,0.932500000004)) ;
#7886=CARTESIAN_POINT('Axis2P3D Location',(4.30791080961,1.89602388416,0.940000000004)) ;
#7891=CARTESIAN_POINT('Line Origine',(4.30791080961,1.89602388416,0.932500000004)) ;
#7910=CARTESIAN_POINT('Axis2P3D Location',(4.30998745584,1.89842646807,0.940000000004)) ;
#7915=CARTESIAN_POINT('Line Origine',(4.30998745584,1.89842646807,0.932500000004)) ;
#7934=CARTESIAN_POINT('Axis2P3D Location',(4.3076578919,1.89839834154,0.940000000004)) ;
#7939=CARTESIAN_POINT('Line Origine',(4.3076578919,1.89839834154,0.932500000004)) ;
#7958=CARTESIAN_POINT('Axis2P3D Location',(4.30530247293,1.89836599986,0.940000000004)) ;
#7963=CARTESIAN_POINT('Line Origine',(4.30530247293,1.89836599986,0.932500000004)) ;
#7982=CARTESIAN_POINT('Axis2P3D Location',(4.30307413149,1.89835220007,0.940000000004)) ;
#7987=CARTESIAN_POINT('Line Origine',(4.30307413149,1.89835220007,0.932500000004)) ;
#8006=CARTESIAN_POINT('Axis2P3D Location',(4.30097148176,1.89835636812,0.940000000004)) ;
#8011=CARTESIAN_POINT('Line Origine',(4.30097148176,1.89835636812,0.932500000004)) ;
#8030=CARTESIAN_POINT('Axis2P3D Location',(4.29899452374,1.89837850404,0.940000000004)) ;
#8035=CARTESIAN_POINT('Line Origine',(4.29899452374,1.89837850404,0.932500000004)) ;
#8054=CARTESIAN_POINT('Axis2P3D Location',(4.29714325744,1.89841860782,0.940000000004)) ;
#8059=CARTESIAN_POINT('Line Origine',(4.29714325744,1.89841860782,0.932500000004)) ;
#8078=CARTESIAN_POINT('Axis2P3D Location',(4.29541710882,1.89847806527,0.940000000004)) ;
#8083=CARTESIAN_POINT('Line Origine',(4.29541710882,1.89847806527,0.932500000004)) ;
#8102=CARTESIAN_POINT('Axis2P3D Location',(4.29381722593,1.89855410475,0.940000000004)) ;
#8107=CARTESIAN_POINT('Line Origine',(4.29381722593,1.89855410475,0.932500000004)) ;
#8126=CARTESIAN_POINT('Axis2P3D Location',(4.29099673291,1.89876262117,0.940000000004)) ;
#8131=CARTESIAN_POINT('Line Origine',(4.29099673291,1.89876262117,0.932500000004)) ;
#8150=CARTESIAN_POINT('Axis2P3D Location',(4.28856687775,1.89905501285,0.940000000004)) ;
#8155=CARTESIAN_POINT('Line Origine',(4.28856687775,1.89905501285,0.932500000004)) ;
#8174=CARTESIAN_POINT('Axis2P3D Location',(4.28585292673,1.89950411459,0.940000000004)) ;
#8179=CARTESIAN_POINT('Line Origine',(4.28585292673,1.89950411459,0.932500000004)) ;
#8198=CARTESIAN_POINT('Axis2P3D Location',(4.28434544909,1.89979215353,0.940000000004)) ;
#8203=CARTESIAN_POINT('Line Origine',(4.28434544909,1.89979215353,0.932500000004)) ;
#8222=CARTESIAN_POINT('Axis2P3D Location',(4.28273997924,1.90012078218,0.940000000004)) ;
#8227=CARTESIAN_POINT('Line Origine',(4.28273997924,1.90012078218,0.932500000004)) ;
#8246=CARTESIAN_POINT('Axis2P3D Location',(4.28103536911,1.90049277218,0.940000000004)) ;
#8251=CARTESIAN_POINT('Line Origine',(4.28103536911,1.90049277218,0.932500000004)) ;
#8270=CARTESIAN_POINT('Axis2P3D Location',(4.27923080691,1.90090616368,0.940000000004)) ;
#8275=CARTESIAN_POINT('Line Origine',(4.27923080691,1.90090616368,0.932500000004)) ;
#8294=CARTESIAN_POINT('Axis2P3D Location',(4.27732767847,1.90136153071,0.940000000004)) ;
#8299=CARTESIAN_POINT('Line Origine',(4.27732767847,1.90136153071,0.932500000004)) ;
#8318=CARTESIAN_POINT('Axis2P3D Location',(4.27532459796,1.90185829924,0.940000000004)) ;
#8323=CARTESIAN_POINT('Line Origine',(4.27532459796,1.90185829924,0.932500000004)) ;
#8342=CARTESIAN_POINT('Axis2P3D Location',(4.27322099136,1.90239785508,0.940000000004)) ;
#8347=CARTESIAN_POINT('Line Origine',(4.27322099136,1.90239785508,0.932500000004)) ;
#8366=CARTESIAN_POINT('Axis2P3D Location',(4.31618505165,1.79867343803,0.940000000004)) ;
#8385=CARTESIAN_POINT('Line Origine',(4.34528613544,1.72983221455,0.925000000004)) ;
#8389=CARTESIAN_POINT('Vertex',(4.31999256046,1.78948129862,0.925000000004)) ;
#8391=CARTESIAN_POINT('Vertex',(4.37057971043,1.67018313047,0.925000000004)) ;
#8394=CARTESIAN_POINT('Line Origine',(4.3719090119,1.67175985298,0.925000000004)) ;
#8398=CARTESIAN_POINT('Vertex',(4.37323831337,1.67333657548,0.925000000004)) ;
#8401=CARTESIAN_POINT('Line Origine',(4.37455595076,1.67485326456,0.925000000004)) ;
#8405=CARTESIAN_POINT('Vertex',(4.37587358815,1.67636995364,0.925000000004)) ;
#8408=CARTESIAN_POINT('Line Origine',(4.37717858154,1.6778270152,0.925000000004)) ;
#8412=CARTESIAN_POINT('Vertex',(4.37848357493,1.67928407675,0.925000000004)) ;
#8415=CARTESIAN_POINT('Line Origine',(4.37977621133,1.68068081788,0.925000000004)) ;
#8419=CARTESIAN_POINT('Vertex',(4.38106884773,1.682077559,0.925000000004)) ;
#8422=CARTESIAN_POINT('Line Origine',(4.38234843423,1.68341369267,0.925000000004)) ;
#8426=CARTESIAN_POINT('Vertex',(4.38362802073,1.68474982635,0.925000000004)) ;
#8429=CARTESIAN_POINT('Line Origine',(4.38489525025,1.68602563959,0.925000000004)) ;
#8433=CARTESIAN_POINT('Vertex',(4.38616247976,1.68730145283,0.925000000004)) ;
#8436=CARTESIAN_POINT('Line Origine',(4.38741735228,1.68851694563,0.925000000004)) ;
#8440=CARTESIAN_POINT('Vertex',(4.38867222481,1.68973243844,0.925000000004)) ;
#8443=CARTESIAN_POINT('Line Origine',(4.38991445333,1.69088830372,0.925000000004)) ;
#8447=CARTESIAN_POINT('Vertex',(4.39115668185,1.692044169,0.925000000004)) ;
#8450=CARTESIAN_POINT('Line Origine',(4.3923868404,1.69313902093,0.925000000004)) ;
#8454=CARTESIAN_POINT('Vertex',(4.39361699895,1.69423387287,0.925000000004)) ;
#8457=CARTESIAN_POINT('Line Origine',(4.39458526769,1.69586887003,0.925000000004)) ;
#8461=CARTESIAN_POINT('Vertex',(4.39555353644,1.69750386718,0.925000000004)) ;
#8464=CARTESIAN_POINT('Line Origine',(4.39430564201,1.69708682306,0.925000000004)) ;
#8468=CARTESIAN_POINT('Vertex',(4.39305774757,1.69666977894,0.925000000004)) ;
#8471=CARTESIAN_POINT('Line Origine',(4.39186067681,1.69633385945,0.925000000004)) ;
#8475=CARTESIAN_POINT('Vertex',(4.39066360605,1.69599793995,0.925000000004)) ;
#8478=CARTESIAN_POINT('Line Origine',(4.38951833889,1.69574273918,0.925000000004)) ;
#8482=CARTESIAN_POINT('Vertex',(4.38837307172,1.69548753841,0.925000000004)) ;
#8485=CARTESIAN_POINT('Line Origine',(4.38727862823,1.69531346226,0.925000000004)) ;
#8489=CARTESIAN_POINT('Vertex',(4.38618418474,1.69513938611,0.925000000004)) ;
#8492=CARTESIAN_POINT('Line Origine',(4.38514125783,1.69504672159,0.925000000004)) ;
#8496=CARTESIAN_POINT('Vertex',(4.38409833092,1.69495405708,0.925000000004)) ;
#8499=CARTESIAN_POINT('Line Origine',(4.38310720761,1.69494211129,0.925000000004)) ;
#8503=CARTESIAN_POINT('Vertex',(4.3821160843,1.6949301655,0.925000000004)) ;
#8506=CARTESIAN_POINT('Line Origine',(4.38117537876,1.69499836441,0.925000000004)) ;
#8510=CARTESIAN_POINT('Vertex',(4.38023467322,1.69506656331,0.925000000004)) ;
#8513=CARTESIAN_POINT('Line Origine',(4.37934617717,1.69521646087,0.925000000004)) ;
#8517=CARTESIAN_POINT('Vertex',(4.37845768113,1.69536635843,0.925000000004)) ;
#8520=CARTESIAN_POINT('Line Origine',(4.37762000876,1.6955973806,0.925000000004)) ;
#8524=CARTESIAN_POINT('Vertex',(4.37678233638,1.69582840278,0.925000000004)) ;
#8527=CARTESIAN_POINT('Line Origine',(4.3759957747,1.69613985667,0.925000000004)) ;
#8531=CARTESIAN_POINT('Vertex',(4.37520921301,1.69645131056,0.925000000004)) ;
#8534=CARTESIAN_POINT('Line Origine',(4.37446016198,1.69685055155,0.925000000004)) ;
#8538=CARTESIAN_POINT('Vertex',(4.37371111096,1.69724979255,0.925000000004)) ;
#8541=CARTESIAN_POINT('Line Origine',(4.37298487175,1.6977429091,0.925000000004)) ;
#8545=CARTESIAN_POINT('Vertex',(4.37225863255,1.69823602565,0.925000000004)) ;
#8548=CARTESIAN_POINT('Line Origine',(4.37155451226,1.69882273075,0.925000000004)) ;
#8552=CARTESIAN_POINT('Vertex',(4.37085039198,1.69940943585,0.925000000004)) ;
#8555=CARTESIAN_POINT('Line Origine',(4.37016937053,1.70008932359,0.925000000004)) ;
#8559=CARTESIAN_POINT('Vertex',(4.36948834908,1.70076921134,0.925000000004)) ;
#8562=CARTESIAN_POINT('Line Origine',(4.36882944655,1.70154268764,0.925000000004)) ;
#8566=CARTESIAN_POINT('Vertex',(4.36817054402,1.70231616393,0.925000000004)) ;
#8569=CARTESIAN_POINT('Line Origine',(4.36753514622,1.7031838028,0.925000000004)) ;
#8573=CARTESIAN_POINT('Vertex',(4.36689974842,1.70405144166,0.925000000004)) ;
#8576=CARTESIAN_POINT('Line Origine',(4.36628618253,1.70501336199,0.925000000004)) ;
#8580=CARTESIAN_POINT('Vertex',(4.36567261664,1.70597528231,0.925000000004)) ;
#8583=CARTESIAN_POINT('Line Origine',(4.36508174369,1.70702940536,0.925000000004)) ;
#8587=CARTESIAN_POINT('Vertex',(4.36449087073,1.70808352841,0.925000000004)) ;
#8590=CARTESIAN_POINT('Line Origine',(4.3639232155,1.70923250694,0.925000000004)) ;
#8594=CARTESIAN_POINT('Vertex',(4.36335556027,1.71038148547,0.925000000004)) ;
#8597=CARTESIAN_POINT('Line Origine',(4.36281031097,1.71162335964,0.925000000004)) ;
#8601=CARTESIAN_POINT('Vertex',(4.36226506167,1.71286523381,0.925000000004)) ;
#8604=CARTESIAN_POINT('Line Origine',(4.36189195727,1.71379930486,0.925000000004)) ;
#8608=CARTESIAN_POINT('Vertex',(4.36151885288,1.71473337591,0.925000000004)) ;
#8611=CARTESIAN_POINT('Line Origine',(4.36116167695,1.71569758679,0.925000000004)) ;
#8615=CARTESIAN_POINT('Vertex',(4.36080450103,1.71666179766,0.925000000004)) ;
#8618=CARTESIAN_POINT('Line Origine',(4.36046325357,1.71765614836,0.925000000004)) ;
#8622=CARTESIAN_POINT('Vertex',(4.36012200612,1.71865049905,0.925000000004)) ;
#8625=CARTESIAN_POINT('Line Origine',(4.35979599423,1.71967470255,0.925000000004)) ;
#8629=CARTESIAN_POINT('Vertex',(4.35946998235,1.72069890605,0.925000000004)) ;
#8632=CARTESIAN_POINT('Line Origine',(4.35916018594,1.72175255646,0.925000000004)) ;
#8636=CARTESIAN_POINT('Vertex',(4.35885038954,1.72280620687,0.925000000004)) ;
#8639=CARTESIAN_POINT('Line Origine',(4.3615260403,1.72327074495,0.925000000004)) ;
#8643=CARTESIAN_POINT('Vertex',(4.36420169107,1.72373528302,0.925000000004)) ;
#8646=CARTESIAN_POINT('Line Origine',(4.36539341797,1.72071709097,0.925000000004)) ;
#8650=CARTESIAN_POINT('Vertex',(4.36658514487,1.71769889892,0.925000000004)) ;
#8653=CARTESIAN_POINT('Line Origine',(4.36706636997,1.71660179363,0.925000000004)) ;
#8657=CARTESIAN_POINT('Vertex',(4.36754759507,1.71550468833,0.925000000004)) ;
#8660=CARTESIAN_POINT('Line Origine',(4.36804814705,1.71449027355,0.925000000004)) ;
#8664=CARTESIAN_POINT('Vertex',(4.36854869903,1.71347585878,0.925000000004)) ;
#8667=CARTESIAN_POINT('Line Origine',(4.36906869677,1.71254580735,0.925000000004)) ;
#8671=CARTESIAN_POINT('Vertex',(4.36958869451,1.71161575592,0.925000000004)) ;
#8674=CARTESIAN_POINT('Line Origine',(4.37012801914,1.71076839501,0.925000000004)) ;
#8678=CARTESIAN_POINT('Vertex',(4.37066734376,1.7099210341,0.925000000004)) ;
#8681=CARTESIAN_POINT('Line Origine',(4.37122640116,1.70915734363,0.925000000004)) ;
#8685=CARTESIAN_POINT('Vertex',(4.37178545857,1.70839365316,0.925000000004)) ;
#8688=CARTESIAN_POINT('Line Origine',(4.37236326882,1.70771403903,0.925000000004)) ;
#8692=CARTESIAN_POINT('Vertex',(4.37294107908,1.70703442489,0.925000000004)) ;
#8695=CARTESIAN_POINT('Line Origine',(4.3735379292,1.70643819419,0.925000000004)) ;
#8699=CARTESIAN_POINT('Vertex',(4.37413477932,1.70584196348,0.925000000004)) ;
#8702=CARTESIAN_POINT('Line Origine',(4.37475164924,1.7053287103,0.925000000004)) ;
#8706=CARTESIAN_POINT('Vertex',(4.37536851915,1.70481545713,0.925000000004)) ;
#8709=CARTESIAN_POINT('Line Origine',(4.37600344901,1.70438599328,0.925000000004)) ;
#8713=CARTESIAN_POINT('Vertex',(4.37663837887,1.70395652942,0.925000000004)) ;
#8716=CARTESIAN_POINT('Line Origine',(4.37798564954,1.70333992107,0.925000000004)) ;
#8720=CARTESIAN_POINT('Vertex',(4.37933292021,1.70272331272,0.925000000004)) ;
#8723=CARTESIAN_POINT('Line Origine',(4.38007984532,1.70252126892,0.925000000004)) ;
#8727=CARTESIAN_POINT('Vertex',(4.38082677043,1.70231922511,0.925000000004)) ;
#8730=CARTESIAN_POINT('Line Origine',(4.38162927953,1.70218485363,0.925000000004)) ;
#8734=CARTESIAN_POINT('Vertex',(4.38243178864,1.70205048215,0.925000000004)) ;
#8737=CARTESIAN_POINT('Line Origine',(4.38328849593,1.70198320897,0.925000000004)) ;
#8741=CARTESIAN_POINT('Vertex',(4.38414520322,1.70191593579,0.925000000004)) ;
#8744=CARTESIAN_POINT('Line Origine',(4.3850572075,1.70191702785,0.925000000004)) ;
#8748=CARTESIAN_POINT('Vertex',(4.38596921178,1.70191811991,0.925000000004)) ;
#8751=CARTESIAN_POINT('Line Origine',(4.38693651305,1.7019875772,0.925000000004)) ;
#8755=CARTESIAN_POINT('Vertex',(4.38790381432,1.70205703449,0.925000000004)) ;
#8758=CARTESIAN_POINT('Line Origine',(4.38892600669,1.70219387709,0.925000000004)) ;
#8762=CARTESIAN_POINT('Vertex',(4.38994819905,1.7023307197,0.925000000004)) ;
#8765=CARTESIAN_POINT('Line Origine',(4.3910252825,1.70253494762,0.925000000004)) ;
#8769=CARTESIAN_POINT('Vertex',(4.39210236596,1.70273917554,0.925000000004)) ;
#8772=CARTESIAN_POINT('Line Origine',(4.39323445939,1.7030124616,0.925000000004)) ;
#8776=CARTESIAN_POINT('Vertex',(4.39436655282,1.70328574766,0.925000000004)) ;
#8779=CARTESIAN_POINT('Line Origine',(4.39555382436,1.70362572613,0.925000000004)) ;
#8783=CARTESIAN_POINT('Vertex',(4.3967410959,1.7039657046,0.925000000004)) ;
#8786=CARTESIAN_POINT('Line Origine',(4.39620294732,1.70526491019,0.925000000004)) ;
#8790=CARTESIAN_POINT('Vertex',(4.39566479875,1.70656411578,0.925000000004)) ;
#8793=CARTESIAN_POINT('Line Origine',(4.3946355479,1.7062522491,0.925000000004)) ;
#8797=CARTESIAN_POINT('Vertex',(4.39360629706,1.70594038242,0.925000000004)) ;
#8800=CARTESIAN_POINT('Line Origine',(4.39262407754,1.70568939824,0.925000000004)) ;
#8804=CARTESIAN_POINT('Vertex',(4.39164185801,1.70543841407,0.925000000004)) ;
#8807=CARTESIAN_POINT('Line Origine',(4.3907066698,1.70524831241,0.925000000004)) ;
#8811=CARTESIAN_POINT('Vertex',(4.3897714816,1.70505821075,0.925000000004)) ;
#8814=CARTESIAN_POINT('Line Origine',(4.38888303769,1.70492968451,0.925000000004)) ;
#8818=CARTESIAN_POINT('Vertex',(4.38799459379,1.70480115827,0.925000000004)) ;
#8821=CARTESIAN_POINT('Line Origine',(4.3871524883,1.70473322753,0.925000000004)) ;
#8825=CARTESIAN_POINT('Vertex',(4.3863103828,1.70466529679,0.925000000004)) ;
#8828=CARTESIAN_POINT('Line Origine',(4.38476657285,1.70471179583,0.925000000004)) ;
#8832=CARTESIAN_POINT('Vertex',(4.38322276291,1.70475829487,0.925000000004)) ;
#8835=CARTESIAN_POINT('Line Origine',(4.38186609831,1.70504872985,0.925000000004)) ;
#8839=CARTESIAN_POINT('Vertex',(4.38050943371,1.70533916483,0.925000000004)) ;
#8842=CARTESIAN_POINT('Line Origine',(4.3793246416,1.70588101003,0.925000000004)) ;
#8846=CARTESIAN_POINT('Vertex',(4.37813984949,1.70642285523,0.925000000004)) ;
#8849=CARTESIAN_POINT('Line Origine',(4.37703333287,1.70726176809,0.925000000004)) ;
#8853=CARTESIAN_POINT('Vertex',(4.37592681626,1.70810068095,0.925000000004)) ;
#8856=CARTESIAN_POINT('Line Origine',(4.37539814284,1.70863423043,0.925000000004)) ;
#8860=CARTESIAN_POINT('Vertex',(4.37486946943,1.70916777991,0.925000000004)) ;
#8863=CARTESIAN_POINT('Line Origine',(4.37435601468,1.70977825926,0.925000000004)) ;
#8867=CARTESIAN_POINT('Vertex',(4.37384255994,1.71038873861,0.925000000004)) ;
#8870=CARTESIAN_POINT('Line Origine',(4.37334489788,1.71107476201,0.925000000004)) ;
#8874=CARTESIAN_POINT('Vertex',(4.37284723582,1.7117607854,0.925000000004)) ;
#8877=CARTESIAN_POINT('Line Origine',(4.37236507944,1.71252304576,0.925000000004)) ;
#8881=CARTESIAN_POINT('Vertex',(4.37188292306,1.71328530612,0.925000000004)) ;
#8884=CARTESIAN_POINT('Line Origine',(4.37141696527,1.71412409045,0.925000000004)) ;
#8888=CARTESIAN_POINT('Vertex',(4.37095100748,1.71496287477,0.925000000004)) ;
#8891=CARTESIAN_POINT('Line Origine',(4.37050124828,1.71587818308,0.925000000004)) ;
#8895=CARTESIAN_POINT('Vertex',(4.37005148908,1.71679349138,0.925000000004)) ;
#8898=CARTESIAN_POINT('Line Origine',(4.36961682966,1.71778405671,0.925000000004)) ;
#8902=CARTESIAN_POINT('Vertex',(4.36918217023,1.71877462205,0.925000000004)) ;
#8905=CARTESIAN_POINT('Line Origine',(4.36776353527,1.72234257846,0.925000000004)) ;
#8909=CARTESIAN_POINT('Vertex',(4.36634490031,1.72591053488,0.925000000004)) ;
#8912=CARTESIAN_POINT('Line Origine',(4.4160577031,1.74650225202,0.925000000004)) ;
#8916=CARTESIAN_POINT('Vertex',(4.4657705059,1.76709396916,0.925000000004)) ;
#8919=CARTESIAN_POINT('Line Origine',(4.47451368953,1.76252126425,0.925000000004)) ;
#8923=CARTESIAN_POINT('Vertex',(4.48325687317,1.75794855934,0.925000000004)) ;
#8926=CARTESIAN_POINT('Line Origine',(4.47379923482,1.7807813181,0.925000000004)) ;
#8930=CARTESIAN_POINT('Vertex',(4.46434159648,1.80361407687,0.925000000004)) ;
#8933=CARTESIAN_POINT('Line Origine',(4.46133722961,1.79546288274,0.925000000004)) ;
#8937=CARTESIAN_POINT('Vertex',(4.45833286275,1.78731168861,0.925000000004)) ;
#8940=CARTESIAN_POINT('Line Origine',(4.40392469995,1.76547729161,0.925000000004)) ;
#8944=CARTESIAN_POINT('Vertex',(4.34951653715,1.74364289461,0.925000000004)) ;
#8947=CARTESIAN_POINT('Line Origine',(4.34907193222,1.74451244203,0.925000000004)) ;
#8951=CARTESIAN_POINT('Vertex',(4.3486273273,1.74538198945,0.925000000004)) ;
#8954=CARTESIAN_POINT('Line Origine',(4.3481986593,1.74625813815,0.925000000004)) ;
#8958=CARTESIAN_POINT('Vertex',(4.34776999129,1.74713428686,0.925000000004)) ;
#8961=CARTESIAN_POINT('Line Origine',(4.34735795312,1.74801732387,0.925000000004)) ;
#8965=CARTESIAN_POINT('Vertex',(4.34694591495,1.74890036088,0.925000000004)) ;
#8968=CARTESIAN_POINT('Line Origine',(4.34654912079,1.74978971216,0.925000000004)) ;
#8972=CARTESIAN_POINT('Vertex',(4.34615232663,1.75067906345,0.925000000004)) ;
#8975=CARTESIAN_POINT('Line Origine',(4.34577146939,1.75157501602,0.925000000004)) ;
#8979=CARTESIAN_POINT('Vertex',(4.34539061216,1.7524709686,0.925000000004)) ;
#8982=CARTESIAN_POINT('Line Origine',(4.34496935084,1.75355069841,0.925000000004)) ;
#8986=CARTESIAN_POINT('Vertex',(4.34454808952,1.75463042822,0.925000000004)) ;
#8989=CARTESIAN_POINT('Line Origine',(4.34419442244,1.75567240115,0.925000000004)) ;
#8993=CARTESIAN_POINT('Vertex',(4.34384075536,1.75671437408,0.925000000004)) ;
#8996=CARTESIAN_POINT('Line Origine',(4.34355329669,1.75771801612,0.925000000004)) ;
#9000=CARTESIAN_POINT('Vertex',(4.34326583802,1.75872165815,0.925000000004)) ;
#9003=CARTESIAN_POINT('Line Origine',(4.34304626061,1.75968685039,0.925000000004)) ;
#9007=CARTESIAN_POINT('Vertex',(4.34282668319,1.76065204264,0.925000000004)) ;
#9010=CARTESIAN_POINT('Line Origine',(4.34267470001,1.76157947801,0.925000000004)) ;
#9014=CARTESIAN_POINT('Vertex',(4.34252271683,1.76250691338,0.925000000004)) ;
#9017=CARTESIAN_POINT('Line Origine',(4.34243792199,1.76339561194,0.925000000004)) ;
#9021=CARTESIAN_POINT('Vertex',(4.34235312714,1.76428431051,0.925000000004)) ;
#9024=CARTESIAN_POINT('Line Origine',(4.34233523363,1.76513496519,0.925000000004)) ;
#9028=CARTESIAN_POINT('Vertex',(4.34231734011,1.76598561987,0.925000000004)) ;
#9031=CARTESIAN_POINT('Line Origine',(4.34236732785,1.76679782477,0.925000000004)) ;
#9035=CARTESIAN_POINT('Vertex',(4.34241731558,1.76761002966,0.925000000004)) ;
#9038=CARTESIAN_POINT('Line Origine',(4.34253420464,1.76838419067,0.925000000004)) ;
#9042=CARTESIAN_POINT('Vertex',(4.3426510937,1.76915835167,0.925000000004)) ;
#9045=CARTESIAN_POINT('Line Origine',(4.34283586401,1.76989406289,0.925000000004)) ;
#9049=CARTESIAN_POINT('Vertex',(4.34302063432,1.7706297741,0.925000000004)) ;
#9052=CARTESIAN_POINT('Line Origine',(4.34327886994,1.77134883159,0.925000000004)) ;
#9056=CARTESIAN_POINT('Vertex',(4.34353710557,1.77206788908,0.925000000004)) ;
#9059=CARTESIAN_POINT('Line Origine',(4.34387565753,1.77279099009,0.925000000004)) ;
#9063=CARTESIAN_POINT('Vertex',(4.34421420949,1.77351409111,0.925000000004)) ;
#9066=CARTESIAN_POINT('Line Origine',(4.34463250374,1.77424262146,0.925000000004)) ;
#9070=CARTESIAN_POINT('Vertex',(4.345050798,1.77497115181,0.925000000004)) ;
#9073=CARTESIAN_POINT('Line Origine',(4.3455496956,1.77570303278,0.925000000004)) ;
#9077=CARTESIAN_POINT('Vertex',(4.3460485932,1.77643491375,0.925000000004)) ;
#9080=CARTESIAN_POINT('Line Origine',(4.3466272331,1.77717222405,0.925000000004)) ;
#9084=CARTESIAN_POINT('Vertex',(4.347205873,1.77790953436,0.925000000004)) ;
#9087=CARTESIAN_POINT('Line Origine',(4.34786413632,1.77865060118,0.925000000004)) ;
#9091=CARTESIAN_POINT('Vertex',(4.34852239963,1.779391668,0.925000000004)) ;
#9094=CARTESIAN_POINT('Line Origine',(4.34926138518,1.78013775826,0.925000000004)) ;
#9098=CARTESIAN_POINT('Vertex',(4.35000037072,1.78088384853,0.925000000004)) ;
#9101=CARTESIAN_POINT('Line Origine',(4.35081967259,1.78163398231,0.925000000004)) ;
#9105=CARTESIAN_POINT('Vertex',(4.35163897446,1.7823841161,0.925000000004)) ;
#9108=CARTESIAN_POINT('Line Origine',(4.35253801863,1.78313967923,0.925000000004)) ;
#9112=CARTESIAN_POINT('Vertex',(4.3534370628,1.78389524235,0.925000000004)) ;
#9115=CARTESIAN_POINT('Line Origine',(4.35441573039,1.78465456199,0.925000000004)) ;
#9119=CARTESIAN_POINT('Vertex',(4.35539439798,1.78541388163,0.925000000004)) ;
#9122=CARTESIAN_POINT('Line Origine',(4.35583386563,1.78647346457,0.925000000004)) ;
#9126=CARTESIAN_POINT('Vertex',(4.35627333327,1.7875330475,0.925000000004)) ;
#9129=CARTESIAN_POINT('Line Origine',(4.35520416584,1.78744493789,0.925000000004)) ;
#9133=CARTESIAN_POINT('Vertex',(4.3541349984,1.78735682828,0.925000000004)) ;
#9136=CARTESIAN_POINT('Line Origine',(4.35309667564,1.78728636572,0.925000000004)) ;
#9140=CARTESIAN_POINT('Vertex',(4.35205835288,1.78721590316,0.925000000004)) ;
#9143=CARTESIAN_POINT('Line Origine',(4.35104960786,1.78716418646,0.925000000004)) ;
#9147=CARTESIAN_POINT('Vertex',(4.35004086285,1.78711246975,0.925000000004)) ;
#9150=CARTESIAN_POINT('Line Origine',(4.34906198259,1.78707880599,0.925000000004)) ;
#9154=CARTESIAN_POINT('Vertex',(4.34808310233,1.78704514224,0.925000000004)) ;
#9157=CARTESIAN_POINT('Line Origine',(4.34713408682,1.78702953142,0.925000000004)) ;
#9161=CARTESIAN_POINT('Vertex',(4.34618507132,1.78701392061,0.925000000004)) ;
#9164=CARTESIAN_POINT('Line Origine',(4.34526592057,1.78701636274,0.925000000004)) ;
#9168=CARTESIAN_POINT('Vertex',(4.34434676982,1.78701880488,0.925000000004)) ;
#9171=CARTESIAN_POINT('Line Origine',(4.34345817674,1.78703958697,0.925000000004)) ;
#9175=CARTESIAN_POINT('Vertex',(4.34256958366,1.78706036906,0.925000000004)) ;
#9178=CARTESIAN_POINT('Line Origine',(4.34171056832,1.78709989701,0.925000000004)) ;
#9182=CARTESIAN_POINT('Vertex',(4.34085155298,1.78713942495,0.925000000004)) ;
#9185=CARTESIAN_POINT('Line Origine',(4.34002240239,1.78719700585,0.925000000004)) ;
#9189=CARTESIAN_POINT('Vertex',(4.33919325181,1.78725458674,0.925000000004)) ;
#9192=CARTESIAN_POINT('Line Origine',(4.33839327307,1.78732993357,0.925000000004)) ;
#9196=CARTESIAN_POINT('Vertex',(4.33759329433,1.78740528039,0.925000000004)) ;
#9199=CARTESIAN_POINT('Line Origine',(4.32966051232,1.78836347431,0.925000000004)) ;
#9203=CARTESIAN_POINT('Vertex',(4.32172773031,1.78932166823,0.925000000004)) ;
#9206=CARTESIAN_POINT('Line Origine',(4.32086014538,1.78940148343,0.925000000004)) ;
#9339=CARTESIAN_POINT('Axis2P3D Location',(4.37057971043,1.67018313047,0.940000000004)) ;
#9344=CARTESIAN_POINT('Line Origine',(4.37057971043,1.67018313047,0.932500000004)) ;
#9349=CARTESIAN_POINT('Line Origine',(4.31999256046,1.78948129862,0.932500000004)) ;
#9368=CARTESIAN_POINT('Axis2P3D Location',(4.37323831337,1.67333657548,0.940000000004)) ;
#9373=CARTESIAN_POINT('Line Origine',(4.37323831337,1.67333657548,0.932500000004)) ;
#9392=CARTESIAN_POINT('Axis2P3D Location',(4.37587358815,1.67636995364,0.940000000004)) ;
#9397=CARTESIAN_POINT('Line Origine',(4.37587358815,1.67636995364,0.932500000004)) ;
#9416=CARTESIAN_POINT('Axis2P3D Location',(4.37848357493,1.67928407675,0.940000000004)) ;
#9421=CARTESIAN_POINT('Line Origine',(4.37848357493,1.67928407675,0.932500000004)) ;
#9440=CARTESIAN_POINT('Axis2P3D Location',(4.38106884773,1.682077559,0.940000000004)) ;
#9445=CARTESIAN_POINT('Line Origine',(4.38106884773,1.682077559,0.932500000004)) ;
#9464=CARTESIAN_POINT('Axis2P3D Location',(4.38362802073,1.68474982635,0.940000000004)) ;
#9469=CARTESIAN_POINT('Line Origine',(4.38362802073,1.68474982635,0.932500000004)) ;
#9488=CARTESIAN_POINT('Axis2P3D Location',(4.38616247976,1.68730145283,0.940000000004)) ;
#9493=CARTESIAN_POINT('Line Origine',(4.38616247976,1.68730145283,0.932500000004)) ;
#9512=CARTESIAN_POINT('Axis2P3D Location',(4.38867222481,1.68973243844,0.940000000004)) ;
#9517=CARTESIAN_POINT('Line Origine',(4.38867222481,1.68973243844,0.932500000004)) ;
#9536=CARTESIAN_POINT('Axis2P3D Location',(4.39115668185,1.692044169,0.940000000004)) ;
#9541=CARTESIAN_POINT('Line Origine',(4.39115668185,1.692044169,0.932500000004)) ;
#9560=CARTESIAN_POINT('Axis2P3D Location',(4.39361699895,1.69423387287,0.940000000004)) ;
#9565=CARTESIAN_POINT('Line Origine',(4.39361699895,1.69423387287,0.932500000004)) ;
#9584=CARTESIAN_POINT('Axis2P3D Location',(4.39555353644,1.69750386718,0.940000000004)) ;
#9589=CARTESIAN_POINT('Line Origine',(4.39555353644,1.69750386718,0.932500000004)) ;
#9608=CARTESIAN_POINT('Axis2P3D Location',(4.39305774757,1.69666977894,0.940000000004)) ;
#9613=CARTESIAN_POINT('Line Origine',(4.39305774757,1.69666977894,0.932500000004)) ;
#9632=CARTESIAN_POINT('Axis2P3D Location',(4.39066360605,1.69599793995,0.940000000004)) ;
#9637=CARTESIAN_POINT('Line Origine',(4.39066360605,1.69599793995,0.932500000004)) ;
#9656=CARTESIAN_POINT('Axis2P3D Location',(4.38837307172,1.69548753841,0.940000000004)) ;
#9661=CARTESIAN_POINT('Line Origine',(4.38837307172,1.69548753841,0.932500000004)) ;
#9680=CARTESIAN_POINT('Axis2P3D Location',(4.38618418474,1.69513938611,0.940000000004)) ;
#9685=CARTESIAN_POINT('Line Origine',(4.38618418474,1.69513938611,0.932500000004)) ;
#9704=CARTESIAN_POINT('Axis2P3D Location',(4.38409833092,1.69495405708,0.940000000004)) ;
#9709=CARTESIAN_POINT('Line Origine',(4.38409833092,1.69495405708,0.932500000004)) ;
#9728=CARTESIAN_POINT('Axis2P3D Location',(4.3821160843,1.6949301655,0.940000000004)) ;
#9733=CARTESIAN_POINT('Line Origine',(4.3821160843,1.6949301655,0.932500000004)) ;
#9752=CARTESIAN_POINT('Axis2P3D Location',(4.38023467322,1.69506656331,0.940000000004)) ;
#9757=CARTESIAN_POINT('Line Origine',(4.38023467322,1.69506656331,0.932500000004)) ;
#9776=CARTESIAN_POINT('Axis2P3D Location',(4.37845768113,1.69536635843,0.940000000004)) ;
#9781=CARTESIAN_POINT('Line Origine',(4.37845768113,1.69536635843,0.932500000004)) ;
#9800=CARTESIAN_POINT('Axis2P3D Location',(4.37678233638,1.69582840278,0.940000000004)) ;
#9805=CARTESIAN_POINT('Line Origine',(4.37678233638,1.69582840278,0.932500000004)) ;
#9824=CARTESIAN_POINT('Axis2P3D Location',(4.37520921301,1.69645131056,0.940000000004)) ;
#9829=CARTESIAN_POINT('Line Origine',(4.37520921301,1.69645131056,0.932500000004)) ;
#9848=CARTESIAN_POINT('Axis2P3D Location',(4.37371111096,1.69724979255,0.940000000004)) ;
#9853=CARTESIAN_POINT('Line Origine',(4.37371111096,1.69724979255,0.932500000004)) ;
#9872=CARTESIAN_POINT('Axis2P3D Location',(4.37225863255,1.69823602565,0.940000000004)) ;
#9877=CARTESIAN_POINT('Line Origine',(4.37225863255,1.69823602565,0.932500000004)) ;
#9896=CARTESIAN_POINT('Axis2P3D Location',(4.37085039198,1.69940943585,0.940000000004)) ;
#9901=CARTESIAN_POINT('Line Origine',(4.37085039198,1.69940943585,0.932500000004)) ;
#9920=CARTESIAN_POINT('Axis2P3D Location',(4.36948834908,1.70076921134,0.940000000004)) ;
#9925=CARTESIAN_POINT('Line Origine',(4.36948834908,1.70076921134,0.932500000004)) ;
#9944=CARTESIAN_POINT('Axis2P3D Location',(4.36817054402,1.70231616393,0.940000000004)) ;
#9949=CARTESIAN_POINT('Line Origine',(4.36817054402,1.70231616393,0.932500000004)) ;
#9968=CARTESIAN_POINT('Axis2P3D Location',(4.36689974842,1.70405144166,0.940000000004)) ;
#9973=CARTESIAN_POINT('Line Origine',(4.36689974842,1.70405144166,0.932500000004)) ;
#9992=CARTESIAN_POINT('Axis2P3D Location',(4.36567261664,1.70597528231,0.940000000004)) ;
#9997=CARTESIAN_POINT('Line Origine',(4.36567261664,1.70597528231,0.932500000004)) ;
#10016=CARTESIAN_POINT('Axis2P3D Location',(4.36449087073,1.70808352841,0.940000000004)) ;
#10021=CARTESIAN_POINT('Line Origine',(4.36449087073,1.70808352841,0.932500000004)) ;
#10040=CARTESIAN_POINT('Axis2P3D Location',(4.36335556027,1.71038148547,0.940000000004)) ;
#10045=CARTESIAN_POINT('Line Origine',(4.36335556027,1.71038148547,0.932500000004)) ;
#10064=CARTESIAN_POINT('Axis2P3D Location',(4.36226506167,1.71286523381,0.940000000004)) ;
#10069=CARTESIAN_POINT('Line Origine',(4.36226506167,1.71286523381,0.932500000004)) ;
#10088=CARTESIAN_POINT('Axis2P3D Location',(4.36151885288,1.71473337591,0.940000000004)) ;
#10093=CARTESIAN_POINT('Line Origine',(4.36151885288,1.71473337591,0.932500000004)) ;
#10112=CARTESIAN_POINT('Axis2P3D Location',(4.36080450103,1.71666179766,0.940000000004)) ;
#10117=CARTESIAN_POINT('Line Origine',(4.36080450103,1.71666179766,0.932500000004)) ;
#10136=CARTESIAN_POINT('Axis2P3D Location',(4.36012200612,1.71865049905,0.940000000004)) ;
#10141=CARTESIAN_POINT('Line Origine',(4.36012200612,1.71865049905,0.932500000004)) ;
#10160=CARTESIAN_POINT('Axis2P3D Location',(4.35946998235,1.72069890605,0.940000000004)) ;
#10165=CARTESIAN_POINT('Line Origine',(4.35946998235,1.72069890605,0.932500000004)) ;
#10184=CARTESIAN_POINT('Axis2P3D Location',(4.35885038954,1.72280620687,0.940000000004)) ;
#10189=CARTESIAN_POINT('Line Origine',(4.35885038954,1.72280620687,0.932500000004)) ;
#10208=CARTESIAN_POINT('Axis2P3D Location',(4.36420169107,1.72373528302,0.940000000004)) ;
#10213=CARTESIAN_POINT('Line Origine',(4.36420169107,1.72373528302,0.932500000004)) ;
#10232=CARTESIAN_POINT('Axis2P3D Location',(4.36658514487,1.71769889892,0.940000000004)) ;
#10237=CARTESIAN_POINT('Line Origine',(4.36658514487,1.71769889892,0.932500000004)) ;
#10256=CARTESIAN_POINT('Axis2P3D Location',(4.36754759507,1.71550468833,0.940000000004)) ;
#10261=CARTESIAN_POINT('Line Origine',(4.36754759507,1.71550468833,0.932500000004)) ;
#10280=CARTESIAN_POINT('Axis2P3D Location',(4.36854869903,1.71347585878,0.940000000004)) ;
#10285=CARTESIAN_POINT('Line Origine',(4.36854869903,1.71347585878,0.932500000004)) ;
#10304=CARTESIAN_POINT('Axis2P3D Location',(4.36958869451,1.71161575592,0.940000000004)) ;
#10309=CARTESIAN_POINT('Line Origine',(4.36958869451,1.71161575592,0.932500000004)) ;
#10328=CARTESIAN_POINT('Axis2P3D Location',(4.37066734376,1.7099210341,0.940000000004)) ;
#10333=CARTESIAN_POINT('Line Origine',(4.37066734376,1.7099210341,0.932500000004)) ;
#10352=CARTESIAN_POINT('Axis2P3D Location',(4.37178545857,1.70839365316,0.940000000004)) ;
#10357=CARTESIAN_POINT('Line Origine',(4.37178545857,1.70839365316,0.932500000004)) ;
#10376=CARTESIAN_POINT('Axis2P3D Location',(4.37294107908,1.70703442489,0.940000000004)) ;
#10381=CARTESIAN_POINT('Line Origine',(4.37294107908,1.70703442489,0.932500000004)) ;
#10400=CARTESIAN_POINT('Axis2P3D Location',(4.37413477932,1.70584196348,0.940000000004)) ;
#10405=CARTESIAN_POINT('Line Origine',(4.37413477932,1.70584196348,0.932500000004)) ;
#10424=CARTESIAN_POINT('Axis2P3D Location',(4.37536851915,1.70481545713,0.940000000004)) ;
#10429=CARTESIAN_POINT('Line Origine',(4.37536851915,1.70481545713,0.932500000004)) ;
#10448=CARTESIAN_POINT('Axis2P3D Location',(4.37663837887,1.70395652942,0.940000000004)) ;
#10453=CARTESIAN_POINT('Line Origine',(4.37663837887,1.70395652942,0.932500000004)) ;
#10472=CARTESIAN_POINT('Axis2P3D Location',(4.37933292021,1.70272331272,0.940000000004)) ;
#10477=CARTESIAN_POINT('Line Origine',(4.37933292021,1.70272331272,0.932500000004)) ;
#10496=CARTESIAN_POINT('Axis2P3D Location',(4.38082677043,1.70231922511,0.940000000004)) ;
#10501=CARTESIAN_POINT('Line Origine',(4.38082677043,1.70231922511,0.932500000004)) ;
#10520=CARTESIAN_POINT('Axis2P3D Location',(4.38243178864,1.70205048215,0.940000000004)) ;
#10525=CARTESIAN_POINT('Line Origine',(4.38243178864,1.70205048215,0.932500000004)) ;
#10544=CARTESIAN_POINT('Axis2P3D Location',(4.38414520322,1.70191593579,0.940000000004)) ;
#10549=CARTESIAN_POINT('Line Origine',(4.38414520322,1.70191593579,0.932500000004)) ;
#10568=CARTESIAN_POINT('Axis2P3D Location',(4.38596921178,1.70191811991,0.940000000004)) ;
#10573=CARTESIAN_POINT('Line Origine',(4.38596921178,1.70191811991,0.932500000004)) ;
#10592=CARTESIAN_POINT('Axis2P3D Location',(4.38790381432,1.70205703449,0.940000000004)) ;
#10597=CARTESIAN_POINT('Line Origine',(4.38790381432,1.70205703449,0.932500000004)) ;
#10616=CARTESIAN_POINT('Axis2P3D Location',(4.38994819905,1.7023307197,0.940000000004)) ;
#10621=CARTESIAN_POINT('Line Origine',(4.38994819905,1.7023307197,0.932500000004)) ;
#10640=CARTESIAN_POINT('Axis2P3D Location',(4.39210236596,1.70273917554,0.940000000004)) ;
#10645=CARTESIAN_POINT('Line Origine',(4.39210236596,1.70273917554,0.932500000004)) ;
#10664=CARTESIAN_POINT('Axis2P3D Location',(4.39436655282,1.70328574766,0.940000000004)) ;
#10669=CARTESIAN_POINT('Line Origine',(4.39436655282,1.70328574766,0.932500000004)) ;
#10688=CARTESIAN_POINT('Axis2P3D Location',(4.3967410959,1.7039657046,0.940000000004)) ;
#10693=CARTESIAN_POINT('Line Origine',(4.3967410959,1.7039657046,0.932500000004)) ;
#10712=CARTESIAN_POINT('Axis2P3D Location',(4.39566479875,1.70656411578,0.940000000004)) ;
#10717=CARTESIAN_POINT('Line Origine',(4.39566479875,1.70656411578,0.932500000004)) ;
#10736=CARTESIAN_POINT('Axis2P3D Location',(4.39360629706,1.70594038242,0.940000000004)) ;
#10741=CARTESIAN_POINT('Line Origine',(4.39360629706,1.70594038242,0.932500000004)) ;
#10760=CARTESIAN_POINT('Axis2P3D Location',(4.39164185801,1.70543841407,0.940000000004)) ;
#10765=CARTESIAN_POINT('Line Origine',(4.39164185801,1.70543841407,0.932500000004)) ;
#10784=CARTESIAN_POINT('Axis2P3D Location',(4.3897714816,1.70505821075,0.940000000004)) ;
#10789=CARTESIAN_POINT('Line Origine',(4.3897714816,1.70505821075,0.932500000004)) ;
#10808=CARTESIAN_POINT('Axis2P3D Location',(4.38799459379,1.70480115827,0.940000000004)) ;
#10813=CARTESIAN_POINT('Line Origine',(4.38799459379,1.70480115827,0.932500000004)) ;
#10832=CARTESIAN_POINT('Axis2P3D Location',(4.3863103828,1.70466529679,0.940000000004)) ;
#10837=CARTESIAN_POINT('Line Origine',(4.3863103828,1.70466529679,0.932500000004)) ;
#10856=CARTESIAN_POINT('Axis2P3D Location',(4.38322276291,1.70475829487,0.940000000004)) ;
#10861=CARTESIAN_POINT('Line Origine',(4.38322276291,1.70475829487,0.932500000004)) ;
#10880=CARTESIAN_POINT('Axis2P3D Location',(4.38050943371,1.70533916483,0.940000000004)) ;
#10885=CARTESIAN_POINT('Line Origine',(4.38050943371,1.70533916483,0.932500000004)) ;
#10904=CARTESIAN_POINT('Axis2P3D Location',(4.37813984949,1.70642285523,0.940000000004)) ;
#10909=CARTESIAN_POINT('Line Origine',(4.37813984949,1.70642285523,0.932500000004)) ;
#10928=CARTESIAN_POINT('Axis2P3D Location',(4.37592681626,1.70810068095,0.940000000004)) ;
#10933=CARTESIAN_POINT('Line Origine',(4.37592681626,1.70810068095,0.932500000004)) ;
#10952=CARTESIAN_POINT('Axis2P3D Location',(4.37486946943,1.70916777991,0.940000000004)) ;
#10957=CARTESIAN_POINT('Line Origine',(4.37486946943,1.70916777991,0.932500000004)) ;
#10976=CARTESIAN_POINT('Axis2P3D Location',(4.37384255994,1.71038873861,0.940000000004)) ;
#10981=CARTESIAN_POINT('Line Origine',(4.37384255994,1.71038873861,0.932500000004)) ;
#11000=CARTESIAN_POINT('Axis2P3D Location',(4.37284723582,1.7117607854,0.940000000004)) ;
#11005=CARTESIAN_POINT('Line Origine',(4.37284723582,1.7117607854,0.932500000004)) ;
#11024=CARTESIAN_POINT('Axis2P3D Location',(4.37188292306,1.71328530612,0.940000000004)) ;
#11029=CARTESIAN_POINT('Line Origine',(4.37188292306,1.71328530612,0.932500000004)) ;
#11048=CARTESIAN_POINT('Axis2P3D Location',(4.37095100748,1.71496287477,0.940000000004)) ;
#11053=CARTESIAN_POINT('Line Origine',(4.37095100748,1.71496287477,0.932500000004)) ;
#11072=CARTESIAN_POINT('Axis2P3D Location',(4.37005148908,1.71679349138,0.940000000004)) ;
#11077=CARTESIAN_POINT('Line Origine',(4.37005148908,1.71679349138,0.932500000004)) ;
#11096=CARTESIAN_POINT('Axis2P3D Location',(4.36918217023,1.71877462205,0.940000000004)) ;
#11101=CARTESIAN_POINT('Line Origine',(4.36918217023,1.71877462205,0.932500000004)) ;
#11120=CARTESIAN_POINT('Axis2P3D Location',(4.36634490031,1.72591053488,0.940000000004)) ;
#11125=CARTESIAN_POINT('Line Origine',(4.36634490031,1.72591053488,0.932500000004)) ;
#11144=CARTESIAN_POINT('Axis2P3D Location',(4.4657705059,1.76709396916,0.940000000004)) ;
#11149=CARTESIAN_POINT('Line Origine',(4.4657705059,1.76709396916,0.932500000004)) ;
#11168=CARTESIAN_POINT('Axis2P3D Location',(4.48325687317,1.75794855934,0.940000000004)) ;
#11173=CARTESIAN_POINT('Line Origine',(4.48325687317,1.75794855934,0.932500000004)) ;
#11192=CARTESIAN_POINT('Axis2P3D Location',(4.46434159648,1.80361407687,0.940000000004)) ;
#11197=CARTESIAN_POINT('Line Origine',(4.46434159648,1.80361407687,0.932500000004)) ;
#11216=CARTESIAN_POINT('Axis2P3D Location',(4.45833286275,1.78731168861,0.940000000004)) ;
#11221=CARTESIAN_POINT('Line Origine',(4.45833286275,1.78731168861,0.932500000004)) ;
#11240=CARTESIAN_POINT('Axis2P3D Location',(4.34951653715,1.74364289461,0.940000000004)) ;
#11245=CARTESIAN_POINT('Line Origine',(4.34951653715,1.74364289461,0.932500000004)) ;
#11264=CARTESIAN_POINT('Axis2P3D Location',(4.3486273273,1.74538198945,0.940000000004)) ;
#11269=CARTESIAN_POINT('Line Origine',(4.3486273273,1.74538198945,0.932500000004)) ;
#11288=CARTESIAN_POINT('Axis2P3D Location',(4.34776999129,1.74713428686,0.940000000004)) ;
#11293=CARTESIAN_POINT('Line Origine',(4.34776999129,1.74713428686,0.932500000004)) ;
#11312=CARTESIAN_POINT('Axis2P3D Location',(4.34694591495,1.74890036088,0.940000000004)) ;
#11317=CARTESIAN_POINT('Line Origine',(4.34694591495,1.74890036088,0.932500000004)) ;
#11336=CARTESIAN_POINT('Axis2P3D Location',(4.34615232663,1.75067906345,0.940000000004)) ;
#11341=CARTESIAN_POINT('Line Origine',(4.34615232663,1.75067906345,0.932500000004)) ;
#11360=CARTESIAN_POINT('Axis2P3D Location',(4.34539061216,1.7524709686,0.940000000004)) ;
#11365=CARTESIAN_POINT('Line Origine',(4.34539061216,1.7524709686,0.932500000004)) ;
#11384=CARTESIAN_POINT('Axis2P3D Location',(4.34454808952,1.75463042822,0.940000000004)) ;
#11389=CARTESIAN_POINT('Line Origine',(4.34454808952,1.75463042822,0.932500000004)) ;
#11408=CARTESIAN_POINT('Axis2P3D Location',(4.34384075536,1.75671437408,0.940000000004)) ;
#11413=CARTESIAN_POINT('Line Origine',(4.34384075536,1.75671437408,0.932500000004)) ;
#11432=CARTESIAN_POINT('Axis2P3D Location',(4.34326583802,1.75872165815,0.940000000004)) ;
#11437=CARTESIAN_POINT('Line Origine',(4.34326583802,1.75872165815,0.932500000004)) ;
#11456=CARTESIAN_POINT('Axis2P3D Location',(4.34282668319,1.76065204264,0.940000000004)) ;
#11461=CARTESIAN_POINT('Line Origine',(4.34282668319,1.76065204264,0.932500000004)) ;
#11480=CARTESIAN_POINT('Axis2P3D Location',(4.34252271683,1.76250691338,0.940000000004)) ;
#11485=CARTESIAN_POINT('Line Origine',(4.34252271683,1.76250691338,0.932500000004)) ;
#11504=CARTESIAN_POINT('Axis2P3D Location',(4.34235312714,1.76428431051,0.940000000004)) ;
#11509=CARTESIAN_POINT('Line Origine',(4.34235312714,1.76428431051,0.932500000004)) ;
#11528=CARTESIAN_POINT('Axis2P3D Location',(4.34231734011,1.76598561987,0.940000000004)) ;
#11533=CARTESIAN_POINT('Line Origine',(4.34231734011,1.76598561987,0.932500000004)) ;
#11552=CARTESIAN_POINT('Axis2P3D Location',(4.34241731558,1.76761002966,0.940000000004)) ;
#11557=CARTESIAN_POINT('Line Origine',(4.34241731558,1.76761002966,0.932500000004)) ;
#11576=CARTESIAN_POINT('Axis2P3D Location',(4.3426510937,1.76915835167,0.940000000004)) ;
#11581=CARTESIAN_POINT('Line Origine',(4.3426510937,1.76915835167,0.932500000004)) ;
#11600=CARTESIAN_POINT('Axis2P3D Location',(4.34302063432,1.7706297741,0.940000000004)) ;
#11605=CARTESIAN_POINT('Line Origine',(4.34302063432,1.7706297741,0.932500000004)) ;
#11624=CARTESIAN_POINT('Axis2P3D Location',(4.34353710557,1.77206788908,0.940000000004)) ;
#11629=CARTESIAN_POINT('Line Origine',(4.34353710557,1.77206788908,0.932500000004)) ;
#11648=CARTESIAN_POINT('Axis2P3D Location',(4.34421420949,1.77351409111,0.940000000004)) ;
#11653=CARTESIAN_POINT('Line Origine',(4.34421420949,1.77351409111,0.932500000004)) ;
#11672=CARTESIAN_POINT('Axis2P3D Location',(4.345050798,1.77497115181,0.940000000004)) ;
#11677=CARTESIAN_POINT('Line Origine',(4.345050798,1.77497115181,0.932500000004)) ;
#11696=CARTESIAN_POINT('Axis2P3D Location',(4.3460485932,1.77643491375,0.940000000004)) ;
#11701=CARTESIAN_POINT('Line Origine',(4.3460485932,1.77643491375,0.932500000004)) ;
#11720=CARTESIAN_POINT('Axis2P3D Location',(4.347205873,1.77790953436,0.940000000004)) ;
#11725=CARTESIAN_POINT('Line Origine',(4.347205873,1.77790953436,0.932500000004)) ;
#11744=CARTESIAN_POINT('Axis2P3D Location',(4.34852239963,1.779391668,0.940000000004)) ;
#11749=CARTESIAN_POINT('Line Origine',(4.34852239963,1.779391668,0.932500000004)) ;
#11768=CARTESIAN_POINT('Axis2P3D Location',(4.35000037072,1.78088384853,0.940000000004)) ;
#11773=CARTESIAN_POINT('Line Origine',(4.35000037072,1.78088384853,0.932500000004)) ;
#11792=CARTESIAN_POINT('Axis2P3D Location',(4.35163897446,1.7823841161,0.940000000004)) ;
#11797=CARTESIAN_POINT('Line Origine',(4.35163897446,1.7823841161,0.932500000004)) ;
#11816=CARTESIAN_POINT('Axis2P3D Location',(4.3534370628,1.78389524235,0.940000000004)) ;
#11821=CARTESIAN_POINT('Line Origine',(4.3534370628,1.78389524235,0.932500000004)) ;
#11840=CARTESIAN_POINT('Axis2P3D Location',(4.35539439798,1.78541388163,0.940000000004)) ;
#11845=CARTESIAN_POINT('Line Origine',(4.35539439798,1.78541388163,0.932500000004)) ;
#11864=CARTESIAN_POINT('Axis2P3D Location',(4.35627333327,1.7875330475,0.940000000004)) ;
#11869=CARTESIAN_POINT('Line Origine',(4.35627333327,1.7875330475,0.932500000004)) ;
#11888=CARTESIAN_POINT('Axis2P3D Location',(4.3541349984,1.78735682828,0.940000000004)) ;
#11893=CARTESIAN_POINT('Line Origine',(4.3541349984,1.78735682828,0.932500000004)) ;
#11912=CARTESIAN_POINT('Axis2P3D Location',(4.35205835288,1.78721590316,0.940000000004)) ;
#11917=CARTESIAN_POINT('Line Origine',(4.35205835288,1.78721590316,0.932500000004)) ;
#11936=CARTESIAN_POINT('Axis2P3D Location',(4.35004086285,1.78711246975,0.940000000004)) ;
#11941=CARTESIAN_POINT('Line Origine',(4.35004086285,1.78711246975,0.932500000004)) ;
#11960=CARTESIAN_POINT('Axis2P3D Location',(4.34808310233,1.78704514224,0.940000000004)) ;
#11965=CARTESIAN_POINT('Line Origine',(4.34808310233,1.78704514224,0.932500000004)) ;
#11984=CARTESIAN_POINT('Axis2P3D Location',(4.34618507132,1.78701392061,0.940000000004)) ;
#11989=CARTESIAN_POINT('Line Origine',(4.34618507132,1.78701392061,0.932500000004)) ;
#12008=CARTESIAN_POINT('Axis2P3D Location',(4.34434676982,1.78701880488,0.940000000004)) ;
#12013=CARTESIAN_POINT('Line Origine',(4.34434676982,1.78701880488,0.932500000004)) ;
#12032=CARTESIAN_POINT('Axis2P3D Location',(4.34256958366,1.78706036906,0.940000000004)) ;
#12037=CARTESIAN_POINT('Line Origine',(4.34256958366,1.78706036906,0.932500000004)) ;
#12056=CARTESIAN_POINT('Axis2P3D Location',(4.34085155298,1.78713942495,0.940000000004)) ;
#12061=CARTESIAN_POINT('Line Origine',(4.34085155298,1.78713942495,0.932500000004)) ;
#12080=CARTESIAN_POINT('Axis2P3D Location',(4.33919325181,1.78725458674,0.940000000004)) ;
#12085=CARTESIAN_POINT('Line Origine',(4.33919325181,1.78725458674,0.932500000004)) ;
#12104=CARTESIAN_POINT('Axis2P3D Location',(4.33759329433,1.78740528039,0.940000000004)) ;
#12109=CARTESIAN_POINT('Line Origine',(4.33759329433,1.78740528039,0.932500000004)) ;
#12128=CARTESIAN_POINT('Axis2P3D Location',(4.32172773031,1.78932166823,0.940000000004)) ;
#12133=CARTESIAN_POINT('Line Origine',(4.32172773031,1.78932166823,0.932500000004)) ;
#12152=CARTESIAN_POINT('Axis2P3D Location',(4.31999256046,1.78948129862,0.940000000004)) ;
#12171=CARTESIAN_POINT('Line Origine',(4.32432380871,1.89476531404,0.925000000004)) ;
#12175=CARTESIAN_POINT('Vertex',(4.32453538837,1.89637506724,0.925000000004)) ;
#12177=CARTESIAN_POINT('Vertex',(4.32411222905,1.89315556084,0.925000000004)) ;
#12180=CARTESIAN_POINT('Line Origine',(4.34569636462,1.90209600253,0.925000000004)) ;
#12184=CARTESIAN_POINT('Vertex',(4.3672805002,1.91103644422,0.925000000004)) ;
#12187=CARTESIAN_POINT('Line Origine',(4.36749207987,1.91264619742,0.925000000004)) ;
#12191=CARTESIAN_POINT('Vertex',(4.36770365953,1.91425595061,0.925000000004)) ;
#12194=CARTESIAN_POINT('Line Origine',(4.34611952395,1.90531550893,0.925000000004)) ;
#12213=CARTESIAN_POINT('Axis2P3D Location',(4.32411222905,1.89315556084,0.940000000004)) ;
#12218=CARTESIAN_POINT('Line Origine',(4.32411222905,1.89315556084,0.932500000004)) ;
#12223=CARTESIAN_POINT('Line Origine',(4.32453538837,1.89637506724,0.932500000004)) ;
#12242=CARTESIAN_POINT('Axis2P3D Location',(4.3672805002,1.91103644422,0.940000000004)) ;
#12247=CARTESIAN_POINT('Line Origine',(4.3672805002,1.91103644422,0.932500000004)) ;
#12266=CARTESIAN_POINT('Axis2P3D Location',(4.36770365953,1.91425595061,0.940000000004)) ;
#12271=CARTESIAN_POINT('Line Origine',(4.36770365953,1.91425595061,0.932500000004)) ;
#12290=CARTESIAN_POINT('Axis2P3D Location',(4.32453538837,1.89637506724,0.940000000004)) ;
#12309=CARTESIAN_POINT('Line Origine',(4.32349916613,1.79684526725,0.925000000004)) ;
#12313=CARTESIAN_POINT('Vertex',(4.32368111531,1.79838348613,0.925000000004)) ;
#12315=CARTESIAN_POINT('Vertex',(4.32331721696,1.79530704837,0.925000000004)) ;
#12318=CARTESIAN_POINT('Line Origine',(4.32447562286,1.79497589345,0.925000000004)) ;
#12322=CARTESIAN_POINT('Vertex',(4.32563402876,1.79464473853,0.925000000004)) ;
#12325=CARTESIAN_POINT('Line Origine',(4.32692124621,1.79436125654,0.925000000004)) ;
#12329=CARTESIAN_POINT('Vertex',(4.32820846367,1.79407777456,0.925000000004)) ;
#12332=CARTESIAN_POINT('Line Origine',(4.32962379977,1.79384167849,0.925000000004)) ;
#12336=CARTESIAN_POINT('Vertex',(4.33103913586,1.79360558242,0.925000000004)) ;
#12339=CARTESIAN_POINT('Line Origine',(4.3325818977,1.79341658526,0.925000000004)) ;
#12343=CARTESIAN_POINT('Vertex',(4.33412465953,1.79322758811,0.925000000004)) ;
#12346=CARTESIAN_POINT('Line Origine',(4.33579513411,1.79308499695,0.925000000004)) ;
#12350=CARTESIAN_POINT('Vertex',(4.33746560869,1.79294240579,0.925000000004)) ;
#12353=CARTESIAN_POINT('Line Origine',(4.33926460781,1.79284818047,0.925000000004)) ;
#12357=CARTESIAN_POINT('Vertex',(4.34106360693,1.79275395515,0.925000000004)) ;
#12360=CARTESIAN_POINT('Line Origine',(4.3429903188,1.79270613584,0.925000000004)) ;
#12364=CARTESIAN_POINT('Vertex',(4.34491703067,1.79265831652,0.925000000004)) ;
#12367=CARTESIAN_POINT('Line Origine',(4.3469721482,1.79265719021,0.925000000004)) ;
#12371=CARTESIAN_POINT('Vertex',(4.34902726572,1.79265606391,0.925000000004)) ;
#12374=CARTESIAN_POINT('Line Origine',(4.35121021488,1.79270301643,0.925000000004)) ;
#12378=CARTESIAN_POINT('Vertex',(4.35339316404,1.79274996895,0.925000000004)) ;
#12381=CARTESIAN_POINT('Line Origine',(4.35621551902,1.79287993015,0.925000000004)) ;
#12385=CARTESIAN_POINT('Vertex',(4.359037874,1.79300989135,0.925000000004)) ;
#12388=CARTESIAN_POINT('Line Origine',(4.35894942379,1.79449536811,0.925000000004)) ;
#12392=CARTESIAN_POINT('Vertex',(4.35886097357,1.79598084486,0.925000000004)) ;
#12395=CARTESIAN_POINT('Line Origine',(4.35656750708,1.79591652735,0.925000000004)) ;
#12399=CARTESIAN_POINT('Vertex',(4.35427404058,1.79585220984,0.925000000004)) ;
#12402=CARTESIAN_POINT('Line Origine',(4.35209916012,1.79582889433,0.925000000004)) ;
#12406=CARTESIAN_POINT('Vertex',(4.34992427966,1.79580557883,0.925000000004)) ;
#12409=CARTESIAN_POINT('Line Origine',(4.34786827225,1.79582257241,0.925000000004)) ;
#12413=CARTESIAN_POINT('Vertex',(4.34581226484,1.795839566,0.925000000004)) ;
#12416=CARTESIAN_POINT('Line Origine',(4.34387524937,1.79589854151,0.925000000004)) ;
#12420=CARTESIAN_POINT('Vertex',(4.34193823389,1.79595751703,0.925000000004)) ;
#12423=CARTESIAN_POINT('Line Origine',(4.34011980446,1.79605749454,0.925000000004)) ;
#12427=CARTESIAN_POINT('Vertex',(4.33830137502,1.79615747206,0.925000000004)) ;
#12430=CARTESIAN_POINT('Line Origine',(4.33660181863,1.79629775867,0.925000000004)) ;
#12434=CARTESIAN_POINT('Vertex',(4.33490226224,1.79643804528,0.925000000004)) ;
#12437=CARTESIAN_POINT('Line Origine',(4.33332100488,1.7966200268,0.925000000004)) ;
#12441=CARTESIAN_POINT('Vertex',(4.33173974751,1.79680200833,0.925000000004)) ;
#12444=CARTESIAN_POINT('Line Origine',(4.33027805611,1.79702458596,0.925000000004)) ;
#12448=CARTESIAN_POINT('Vertex',(4.32881636471,1.79724716359,0.925000000004)) ;
#12451=CARTESIAN_POINT('Line Origine',(4.32747325934,1.79751074322,0.925000000004)) ;
#12455=CARTESIAN_POINT('Vertex',(4.32613015397,1.79777432285,0.925000000004)) ;
#12458=CARTESIAN_POINT('Line Origine',(4.32490563464,1.79807890449,0.925000000004)) ;
#12495=CARTESIAN_POINT('Axis2P3D Location',(4.32331721696,1.79530704837,0.940000000004)) ;
#12500=CARTESIAN_POINT('Line Origine',(4.32331721696,1.79530704837,0.932500000004)) ;
#12505=CARTESIAN_POINT('Line Origine',(4.32368111531,1.79838348613,0.932500000004)) ;
#12524=CARTESIAN_POINT('Axis2P3D Location',(4.32563402876,1.79464473853,0.940000000004)) ;
#12529=CARTESIAN_POINT('Line Origine',(4.32563402876,1.79464473853,0.932500000004)) ;
#12548=CARTESIAN_POINT('Axis2P3D Location',(4.32820846367,1.79407777456,0.940000000004)) ;
#12553=CARTESIAN_POINT('Line Origine',(4.32820846367,1.79407777456,0.932500000004)) ;
#12572=CARTESIAN_POINT('Axis2P3D Location',(4.33103913586,1.79360558242,0.940000000004)) ;
#12577=CARTESIAN_POINT('Line Origine',(4.33103913586,1.79360558242,0.932500000004)) ;
#12596=CARTESIAN_POINT('Axis2P3D Location',(4.33412465953,1.79322758811,0.940000000004)) ;
#12601=CARTESIAN_POINT('Line Origine',(4.33412465953,1.79322758811,0.932500000004)) ;
#12620=CARTESIAN_POINT('Axis2P3D Location',(4.33746560869,1.79294240579,0.940000000004)) ;
#12625=CARTESIAN_POINT('Line Origine',(4.33746560869,1.79294240579,0.932500000004)) ;
#12644=CARTESIAN_POINT('Axis2P3D Location',(4.34106360693,1.79275395515,0.940000000004)) ;
#12649=CARTESIAN_POINT('Line Origine',(4.34106360693,1.79275395515,0.932500000004)) ;
#12668=CARTESIAN_POINT('Axis2P3D Location',(4.34491703067,1.79265831652,0.940000000004)) ;
#12673=CARTESIAN_POINT('Line Origine',(4.34491703067,1.79265831652,0.932500000004)) ;
#12692=CARTESIAN_POINT('Axis2P3D Location',(4.34902726572,1.79265606391,0.940000000004)) ;
#12697=CARTESIAN_POINT('Line Origine',(4.34902726572,1.79265606391,0.932500000004)) ;
#12716=CARTESIAN_POINT('Axis2P3D Location',(4.35339316404,1.79274996895,0.940000000004)) ;
#12721=CARTESIAN_POINT('Line Origine',(4.35339316404,1.79274996895,0.932500000004)) ;
#12740=CARTESIAN_POINT('Axis2P3D Location',(4.359037874,1.79300989135,0.940000000004)) ;
#12745=CARTESIAN_POINT('Line Origine',(4.359037874,1.79300989135,0.932500000004)) ;
#12764=CARTESIAN_POINT('Axis2P3D Location',(4.35886097357,1.79598084486,0.940000000004)) ;
#12769=CARTESIAN_POINT('Line Origine',(4.35886097357,1.79598084486,0.932500000004)) ;
#12788=CARTESIAN_POINT('Axis2P3D Location',(4.35427404058,1.79585220984,0.940000000004)) ;
#12793=CARTESIAN_POINT('Line Origine',(4.35427404058,1.79585220984,0.932500000004)) ;
#12812=CARTESIAN_POINT('Axis2P3D Location',(4.34992427966,1.79580557883,0.940000000004)) ;
#12817=CARTESIAN_POINT('Line Origine',(4.34992427966,1.79580557883,0.932500000004)) ;
#12836=CARTESIAN_POINT('Axis2P3D Location',(4.34581226484,1.795839566,0.940000000004)) ;
#12841=CARTESIAN_POINT('Line Origine',(4.34581226484,1.795839566,0.932500000004)) ;
#12860=CARTESIAN_POINT('Axis2P3D Location',(4.34193823389,1.79595751703,0.940000000004)) ;
#12865=CARTESIAN_POINT('Line Origine',(4.34193823389,1.79595751703,0.932500000004)) ;
#12884=CARTESIAN_POINT('Axis2P3D Location',(4.33830137502,1.79615747206,0.940000000004)) ;
#12889=CARTESIAN_POINT('Line Origine',(4.33830137502,1.79615747206,0.932500000004)) ;
#12908=CARTESIAN_POINT('Axis2P3D Location',(4.33490226224,1.79643804528,0.940000000004)) ;
#12913=CARTESIAN_POINT('Line Origine',(4.33490226224,1.79643804528,0.932500000004)) ;
#12932=CARTESIAN_POINT('Axis2P3D Location',(4.33173974751,1.79680200833,0.940000000004)) ;
#12937=CARTESIAN_POINT('Line Origine',(4.33173974751,1.79680200833,0.932500000004)) ;
#12956=CARTESIAN_POINT('Axis2P3D Location',(4.32881636471,1.79724716359,0.940000000004)) ;
#12961=CARTESIAN_POINT('Line Origine',(4.32881636471,1.79724716359,0.932500000004)) ;
#12980=CARTESIAN_POINT('Axis2P3D Location',(4.32613015397,1.79777432285,0.940000000004)) ;
#12985=CARTESIAN_POINT('Line Origine',(4.32613015397,1.79777432285,0.932500000004)) ;
#13004=CARTESIAN_POINT('Axis2P3D Location',(4.32368111531,1.79838348613,0.940000000004)) ;
#13023=CARTESIAN_POINT('Line Origine',(4.27569458773,1.91126600733,0.925000000004)) ;
#13027=CARTESIAN_POINT('Vertex',(4.27617155264,1.91251728147,0.925000000004)) ;
#13029=CARTESIAN_POINT('Vertex',(4.27521762282,1.91001473319,0.925000000004)) ;
#13032=CARTESIAN_POINT('Line Origine',(4.27731729574,1.90924949277,0.925000000004)) ;
#13036=CARTESIAN_POINT('Vertex',(4.27941696865,1.90848425235,0.925000000004)) ;
#13039=CARTESIAN_POINT('Line Origine',(4.28147659909,1.90782744209,0.925000000004)) ;
#13043=CARTESIAN_POINT('Vertex',(4.28353622952,1.90717063183,0.925000000004)) ;
#13046=CARTESIAN_POINT('Line Origine',(4.2855576092,1.90662380568,0.925000000004)) ;
#13050=CARTESIAN_POINT('Vertex',(4.28757898887,1.90607697953,0.925000000004)) ;
#13053=CARTESIAN_POINT('Line Origine',(4.28956032607,1.90563858354,0.925000000004)) ;
#13057=CARTESIAN_POINT('Vertex',(4.29154166326,1.90520018755,0.925000000004)) ;
#13060=CARTESIAN_POINT('Line Origine',(4.29348365089,1.90487050873,0.925000000004)) ;
#13064=CARTESIAN_POINT('Vertex',(4.29542563851,1.90454082992,0.925000000004)) ;
#13067=CARTESIAN_POINT('Line Origine',(4.29732868247,1.9043208482,0.925000000004)) ;
#13071=CARTESIAN_POINT('Vertex',(4.29923172642,1.90410086648,0.925000000004)) ;
#13074=CARTESIAN_POINT('Line Origine',(4.30109542081,1.90398960194,0.925000000004)) ;
#13078=CARTESIAN_POINT('Vertex',(4.3029591152,1.90387833739,0.925000000004)) ;
#13081=CARTESIAN_POINT('Line Origine',(4.30478346001,1.90387579002,0.925000000004)) ;
#13085=CARTESIAN_POINT('Vertex',(4.30660780483,1.90387324265,0.925000000004)) ;
#13088=CARTESIAN_POINT('Line Origine',(4.30839251306,1.90398010536,0.925000000004)) ;
#13092=CARTESIAN_POINT('Vertex',(4.3101772213,1.90408696808,0.925000000004)) ;
#13095=CARTESIAN_POINT('Line Origine',(4.31192327288,1.90430283498,0.925000000004)) ;
#13099=CARTESIAN_POINT('Vertex',(4.31366932445,1.90451870188,0.925000000004)) ;
#13102=CARTESIAN_POINT('Line Origine',(4.31393462616,1.90585764978,0.925000000004)) ;
#13106=CARTESIAN_POINT('Vertex',(4.31419992787,1.90719659769,0.925000000004)) ;
#13109=CARTESIAN_POINT('Line Origine',(4.31262170816,1.90703807212,0.925000000004)) ;
#13113=CARTESIAN_POINT('Vertex',(4.31104348845,1.90687954654,0.925000000004)) ;
#13116=CARTESIAN_POINT('Line Origine',(4.30939294652,1.90681526862,0.925000000004)) ;
#13120=CARTESIAN_POINT('Vertex',(4.30774240459,1.90675099071,0.925000000004)) ;
#13123=CARTESIAN_POINT('Line Origine',(4.30602121327,1.90678084157,0.925000000004)) ;
#13127=CARTESIAN_POINT('Vertex',(4.30430002195,1.90681069243,0.925000000004)) ;
#13130=CARTESIAN_POINT('Line Origine',(4.3025062214,1.90693548386,0.925000000004)) ;
#13134=CARTESIAN_POINT('Vertex',(4.30071242086,1.90706027529,0.925000000004)) ;
#13137=CARTESIAN_POINT('Line Origine',(4.298846991,1.90727960139,0.925000000004)) ;
#13141=CARTESIAN_POINT('Vertex',(4.29698156114,1.9074989275,0.925000000004)) ;
#13144=CARTESIAN_POINT('Line Origine',(4.29504409607,1.90781180835,0.925000000004)) ;
#13148=CARTESIAN_POINT('Vertex',(4.293106631,1.90812468921,0.925000000004)) ;
#13151=CARTESIAN_POINT('Line Origine',(4.29109753663,1.90853210474,0.925000000004)) ;
#13155=CARTESIAN_POINT('Vertex',(4.28908844225,1.90893952027,0.925000000004)) ;
#13158=CARTESIAN_POINT('Line Origine',(4.28700771857,1.90944147047,0.925000000004)) ;
#13162=CARTESIAN_POINT('Vertex',(4.28492699488,1.90994342067,0.925000000004)) ;
#13165=CARTESIAN_POINT('Line Origine',(4.28277394898,1.91053961853,0.925000000004)) ;
#13169=CARTESIAN_POINT('Vertex',(4.28062090307,1.9111358164,0.925000000004)) ;
#13172=CARTESIAN_POINT('Line Origine',(4.27839622785,1.91182654893,0.925000000004)) ;
#13209=CARTESIAN_POINT('Axis2P3D Location',(4.27521762282,1.91001473319,0.940000000004)) ;
#13214=CARTESIAN_POINT('Line Origine',(4.27521762282,1.91001473319,0.932500000004)) ;
#13219=CARTESIAN_POINT('Line Origine',(4.27617155264,1.91251728147,0.932500000004)) ;
#13238=CARTESIAN_POINT('Axis2P3D Location',(4.27941696865,1.90848425235,0.940000000004)) ;
#13243=CARTESIAN_POINT('Line Origine',(4.27941696865,1.90848425235,0.932500000004)) ;
#13262=CARTESIAN_POINT('Axis2P3D Location',(4.28353622952,1.90717063183,0.940000000004)) ;
#13267=CARTESIAN_POINT('Line Origine',(4.28353622952,1.90717063183,0.932500000004)) ;
#13286=CARTESIAN_POINT('Axis2P3D Location',(4.28757898887,1.90607697953,0.940000000004)) ;
#13291=CARTESIAN_POINT('Line Origine',(4.28757898887,1.90607697953,0.932500000004)) ;
#13310=CARTESIAN_POINT('Axis2P3D Location',(4.29154166326,1.90520018755,0.940000000004)) ;
#13315=CARTESIAN_POINT('Line Origine',(4.29154166326,1.90520018755,0.932500000004)) ;
#13334=CARTESIAN_POINT('Axis2P3D Location',(4.29542563851,1.90454082992,0.940000000004)) ;
#13339=CARTESIAN_POINT('Line Origine',(4.29542563851,1.90454082992,0.932500000004)) ;
#13358=CARTESIAN_POINT('Axis2P3D Location',(4.29923172642,1.90410086648,0.940000000004)) ;
#13363=CARTESIAN_POINT('Line Origine',(4.29923172642,1.90410086648,0.932500000004)) ;
#13382=CARTESIAN_POINT('Axis2P3D Location',(4.3029591152,1.90387833739,0.940000000004)) ;
#13387=CARTESIAN_POINT('Line Origine',(4.3029591152,1.90387833739,0.932500000004)) ;
#13406=CARTESIAN_POINT('Axis2P3D Location',(4.30660780483,1.90387324265,0.940000000004)) ;
#13411=CARTESIAN_POINT('Line Origine',(4.30660780483,1.90387324265,0.932500000004)) ;
#13430=CARTESIAN_POINT('Axis2P3D Location',(4.3101772213,1.90408696808,0.940000000004)) ;
#13435=CARTESIAN_POINT('Line Origine',(4.3101772213,1.90408696808,0.932500000004)) ;
#13454=CARTESIAN_POINT('Axis2P3D Location',(4.31366932445,1.90451870188,0.940000000004)) ;
#13459=CARTESIAN_POINT('Line Origine',(4.31366932445,1.90451870188,0.932500000004)) ;
#13478=CARTESIAN_POINT('Axis2P3D Location',(4.31419992787,1.90719659769,0.940000000004)) ;
#13483=CARTESIAN_POINT('Line Origine',(4.31419992787,1.90719659769,0.932500000004)) ;
#13502=CARTESIAN_POINT('Axis2P3D Location',(4.31104348845,1.90687954654,0.940000000004)) ;
#13507=CARTESIAN_POINT('Line Origine',(4.31104348845,1.90687954654,0.932500000004)) ;
#13526=CARTESIAN_POINT('Axis2P3D Location',(4.30774240459,1.90675099071,0.940000000004)) ;
#13531=CARTESIAN_POINT('Line Origine',(4.30774240459,1.90675099071,0.932500000004)) ;
#13550=CARTESIAN_POINT('Axis2P3D Location',(4.30430002195,1.90681069243,0.940000000004)) ;
#13555=CARTESIAN_POINT('Line Origine',(4.30430002195,1.90681069243,0.932500000004)) ;
#13574=CARTESIAN_POINT('Axis2P3D Location',(4.30071242086,1.90706027529,0.940000000004)) ;
#13579=CARTESIAN_POINT('Line Origine',(4.30071242086,1.90706027529,0.932500000004)) ;
#13598=CARTESIAN_POINT('Axis2P3D Location',(4.29698156114,1.9074989275,0.940000000004)) ;
#13603=CARTESIAN_POINT('Line Origine',(4.29698156114,1.9074989275,0.932500000004)) ;
#13622=CARTESIAN_POINT('Axis2P3D Location',(4.293106631,1.90812468921,0.940000000004)) ;
#13627=CARTESIAN_POINT('Line Origine',(4.293106631,1.90812468921,0.932500000004)) ;
#13646=CARTESIAN_POINT('Axis2P3D Location',(4.28908844225,1.90893952027,0.940000000004)) ;
#13651=CARTESIAN_POINT('Line Origine',(4.28908844225,1.90893952027,0.932500000004)) ;
#13670=CARTESIAN_POINT('Axis2P3D Location',(4.28492699488,1.90994342067,0.940000000004)) ;
#13675=CARTESIAN_POINT('Line Origine',(4.28492699488,1.90994342067,0.932500000004)) ;
#13694=CARTESIAN_POINT('Axis2P3D Location',(4.28062090307,1.9111358164,0.940000000004)) ;
#13699=CARTESIAN_POINT('Line Origine',(4.28062090307,1.9111358164,0.932500000004)) ;
#13718=CARTESIAN_POINT('Axis2P3D Location',(4.27617155264,1.91251728147,0.940000000004)) ;
#13737=CARTESIAN_POINT('Line Origine',(4.34997148193,1.77774728671,0.925000000004)) ;
#13741=CARTESIAN_POINT('Vertex',(4.35032132876,1.77816090188,0.925000000004)) ;
#13743=CARTESIAN_POINT('Vertex',(4.3496216351,1.77733367155,0.925000000004)) ;
#13746=CARTESIAN_POINT('Line Origine',(4.34903677241,1.77648987402,0.925000000004)) ;
#13750=CARTESIAN_POINT('Vertex',(4.34845190972,1.7756460765,0.925000000004)) ;
#13753=CARTESIAN_POINT('Line Origine',(4.34802040238,1.77477893887,0.925000000004)) ;
#13757=CARTESIAN_POINT('Vertex',(4.34758889505,1.77391180124,0.925000000004)) ;
#13760=CARTESIAN_POINT('Line Origine',(4.34730907023,1.77302144239,0.925000000004)) ;
#13764=CARTESIAN_POINT('Vertex',(4.34702924542,1.77213108354,0.925000000004)) ;
#13767=CARTESIAN_POINT('Line Origine',(4.34690237006,1.77121640466,0.925000000004)) ;
#13771=CARTESIAN_POINT('Vertex',(4.34677549471,1.77030172577,0.925000000004)) ;
#13774=CARTESIAN_POINT('Line Origine',(4.34680112211,1.76934224698,0.925000000004)) ;
#13778=CARTESIAN_POINT('Vertex',(4.34682674952,1.76838276819,0.925000000004)) ;
#13781=CARTESIAN_POINT('Line Origine',(4.34700748465,1.76724481068,0.925000000004)) ;
#13785=CARTESIAN_POINT('Vertex',(4.34718821978,1.76610685316,0.925000000004)) ;
#13788=CARTESIAN_POINT('Line Origine',(4.34752488288,1.76476883823,0.925000000004)) ;
#13792=CARTESIAN_POINT('Vertex',(4.34786154598,1.7634308233,0.925000000004)) ;
#13795=CARTESIAN_POINT('Line Origine',(4.34808804609,1.76268605936,0.925000000004)) ;
#13799=CARTESIAN_POINT('Vertex',(4.34831454621,1.76194129542,0.925000000004)) ;
#13802=CARTESIAN_POINT('Line Origine',(4.34857994425,1.7611477,0.925000000004)) ;
#13806=CARTESIAN_POINT('Vertex',(4.34884534229,1.76035410458,0.925000000004)) ;
#13809=CARTESIAN_POINT('Line Origine',(4.34914951938,1.75951000484,0.925000000004)) ;
#13813=CARTESIAN_POINT('Vertex',(4.34945369647,1.75866590511,0.925000000004)) ;
#13816=CARTESIAN_POINT('Line Origine',(4.3497973455,1.75777158807,0.925000000004)) ;
#13820=CARTESIAN_POINT('Vertex',(4.35014099454,1.75687727103,0.925000000004)) ;
#13823=CARTESIAN_POINT('Line Origine',(4.3505224427,1.75593285558,0.925000000004)) ;
#13827=CARTESIAN_POINT('Vertex',(4.35090389086,1.75498844012,0.925000000004)) ;
#13830=CARTESIAN_POINT('Line Origine',(4.35207140732,1.75231091485,0.925000000004)) ;
#13834=CARTESIAN_POINT('Vertex',(4.35323892378,1.74963338959,0.925000000004)) ;
#13837=CARTESIAN_POINT('Line Origine',(4.40530069029,1.77119807935,0.925000000004)) ;
#13841=CARTESIAN_POINT('Vertex',(4.45736245679,1.79276276912,0.925000000004)) ;
#13844=CARTESIAN_POINT('Line Origine',(4.46223421346,1.80262427189,0.925000000004)) ;
#13848=CARTESIAN_POINT('Vertex',(4.46710597013,1.81248577465,0.925000000004)) ;
#13851=CARTESIAN_POINT('Line Origine',(4.47701909744,1.78855336827,0.925000000004)) ;
#13855=CARTESIAN_POINT('Vertex',(4.48693222474,1.76462096189,0.925000000004)) ;
#13858=CARTESIAN_POINT('Line Origine',(4.48780516597,1.76632931248,0.925000000004)) ;
#13862=CARTESIAN_POINT('Vertex',(4.48867810719,1.76803766307,0.925000000004)) ;
#13865=CARTESIAN_POINT('Line Origine',(4.47810284188,1.79356861201,0.925000000004)) ;
#13869=CARTESIAN_POINT('Vertex',(4.46752757657,1.81909956095,0.925000000004)) ;
#13872=CARTESIAN_POINT('Line Origine',(4.46142509253,1.80726460937,0.925000000004)) ;
#13876=CARTESIAN_POINT('Vertex',(4.45532260848,1.79542965778,0.925000000004)) ;
#13879=CARTESIAN_POINT('Line Origine',(4.40506004482,1.77466785962,0.925000000004)) ;
#13883=CARTESIAN_POINT('Vertex',(4.35479748116,1.75390606145,0.925000000004)) ;
#13886=CARTESIAN_POINT('Line Origine',(4.3544260356,1.75461270546,0.925000000004)) ;
#13890=CARTESIAN_POINT('Vertex',(4.35405459003,1.75531934947,0.925000000004)) ;
#13893=CARTESIAN_POINT('Line Origine',(4.35371763027,1.75601917132,0.925000000004)) ;
#13897=CARTESIAN_POINT('Vertex',(4.35338067051,1.75671899317,0.925000000004)) ;
#13900=CARTESIAN_POINT('Line Origine',(4.35307750364,1.75741170584,0.925000000004)) ;
#13904=CARTESIAN_POINT('Vertex',(4.35277433677,1.75810441852,0.925000000004)) ;
#13907=CARTESIAN_POINT('Line Origine',(4.35237852109,1.75913055652,0.925000000004)) ;
#13911=CARTESIAN_POINT('Vertex',(4.3519827054,1.76015669451,0.925000000004)) ;
#13914=CARTESIAN_POINT('Line Origine',(4.35164780457,1.76117883968,0.925000000004)) ;
#13918=CARTESIAN_POINT('Vertex',(4.35131290374,1.76220098485,0.925000000004)) ;
#13921=CARTESIAN_POINT('Line Origine',(4.35103839299,1.76321648444,0.925000000004)) ;
#13925=CARTESIAN_POINT('Vertex',(4.35076388223,1.76423198402,0.925000000004)) ;
#13928=CARTESIAN_POINT('Line Origine',(4.35054988044,1.76524251086,0.925000000004)) ;
#13932=CARTESIAN_POINT('Vertex',(4.35033587865,1.76625303769,0.925000000004)) ;
#13935=CARTESIAN_POINT('Line Origine',(4.35018307872,1.76725887879,0.925000000004)) ;
#13939=CARTESIAN_POINT('Vertex',(4.3500302788,1.76826471988,0.925000000004)) ;
#13942=CARTESIAN_POINT('Line Origine',(4.34993758194,1.7692646083,0.925000000004)) ;
#13946=CARTESIAN_POINT('Vertex',(4.34984488508,1.77026449672,0.925000000004)) ;
#13949=CARTESIAN_POINT('Line Origine',(4.34981339008,1.77125969941,0.925000000004)) ;
#13953=CARTESIAN_POINT('Vertex',(4.34978189509,1.77225490209,0.925000000004)) ;
#13956=CARTESIAN_POINT('Line Origine',(4.34981119607,1.77324443911,0.925000000004)) ;
#13960=CARTESIAN_POINT('Vertex',(4.34984049705,1.77423397613,0.925000000004)) ;
#13963=CARTESIAN_POINT('Line Origine',(4.349930307,1.7752185404,0.925000000004)) ;
#13967=CARTESIAN_POINT('Vertex',(4.35002011694,1.77620310467,0.925000000004)) ;
#13970=CARTESIAN_POINT('Line Origine',(4.35017072285,1.77718200327,0.925000000004)) ;
#14019=CARTESIAN_POINT('Axis2P3D Location',(4.3496216351,1.77733367155,0.940000000004)) ;
#14024=CARTESIAN_POINT('Line Origine',(4.3496216351,1.77733367155,0.932500000004)) ;
#14029=CARTESIAN_POINT('Line Origine',(4.35032132876,1.77816090188,0.932500000004)) ;
#14048=CARTESIAN_POINT('Axis2P3D Location',(4.34845190972,1.7756460765,0.940000000004)) ;
#14053=CARTESIAN_POINT('Line Origine',(4.34845190972,1.7756460765,0.932500000004)) ;
#14072=CARTESIAN_POINT('Axis2P3D Location',(4.34758889505,1.77391180124,0.940000000004)) ;
#14077=CARTESIAN_POINT('Line Origine',(4.34758889505,1.77391180124,0.932500000004)) ;
#14096=CARTESIAN_POINT('Axis2P3D Location',(4.34702924542,1.77213108354,0.940000000004)) ;
#14101=CARTESIAN_POINT('Line Origine',(4.34702924542,1.77213108354,0.932500000004)) ;
#14120=CARTESIAN_POINT('Axis2P3D Location',(4.34677549471,1.77030172577,0.940000000004)) ;
#14125=CARTESIAN_POINT('Line Origine',(4.34677549471,1.77030172577,0.932500000004)) ;
#14144=CARTESIAN_POINT('Axis2P3D Location',(4.34682674952,1.76838276819,0.940000000004)) ;
#14149=CARTESIAN_POINT('Line Origine',(4.34682674952,1.76838276819,0.932500000004)) ;
#14168=CARTESIAN_POINT('Axis2P3D Location',(4.34718821978,1.76610685316,0.940000000004)) ;
#14173=CARTESIAN_POINT('Line Origine',(4.34718821978,1.76610685316,0.932500000004)) ;
#14192=CARTESIAN_POINT('Axis2P3D Location',(4.34786154598,1.7634308233,0.940000000004)) ;
#14197=CARTESIAN_POINT('Line Origine',(4.34786154598,1.7634308233,0.932500000004)) ;
#14216=CARTESIAN_POINT('Axis2P3D Location',(4.34831454621,1.76194129542,0.940000000004)) ;
#14221=CARTESIAN_POINT('Line Origine',(4.34831454621,1.76194129542,0.932500000004)) ;
#14240=CARTESIAN_POINT('Axis2P3D Location',(4.34884534229,1.76035410458,0.940000000004)) ;
#14245=CARTESIAN_POINT('Line Origine',(4.34884534229,1.76035410458,0.932500000004)) ;
#14264=CARTESIAN_POINT('Axis2P3D Location',(4.34945369647,1.75866590511,0.940000000004)) ;
#14269=CARTESIAN_POINT('Line Origine',(4.34945369647,1.75866590511,0.932500000004)) ;
#14288=CARTESIAN_POINT('Axis2P3D Location',(4.35014099454,1.75687727103,0.940000000004)) ;
#14293=CARTESIAN_POINT('Line Origine',(4.35014099454,1.75687727103,0.932500000004)) ;
#14312=CARTESIAN_POINT('Axis2P3D Location',(4.35090389086,1.75498844012,0.940000000004)) ;
#14317=CARTESIAN_POINT('Line Origine',(4.35090389086,1.75498844012,0.932500000004)) ;
#14336=CARTESIAN_POINT('Axis2P3D Location',(4.35323892378,1.74963338959,0.940000000004)) ;
#14341=CARTESIAN_POINT('Line Origine',(4.35323892378,1.74963338959,0.932500000004)) ;
#14360=CARTESIAN_POINT('Axis2P3D Location',(4.45736245679,1.79276276912,0.940000000004)) ;
#14365=CARTESIAN_POINT('Line Origine',(4.45736245679,1.79276276912,0.932500000004)) ;
#14384=CARTESIAN_POINT('Axis2P3D Location',(4.46710597013,1.81248577465,0.940000000004)) ;
#14389=CARTESIAN_POINT('Line Origine',(4.46710597013,1.81248577465,0.932500000004)) ;
#14408=CARTESIAN_POINT('Axis2P3D Location',(4.48693222474,1.76462096189,0.940000000004)) ;
#14413=CARTESIAN_POINT('Line Origine',(4.48693222474,1.76462096189,0.932500000004)) ;
#14432=CARTESIAN_POINT('Axis2P3D Location',(4.48867810719,1.76803766307,0.940000000004)) ;
#14437=CARTESIAN_POINT('Line Origine',(4.48867810719,1.76803766307,0.932500000004)) ;
#14456=CARTESIAN_POINT('Axis2P3D Location',(4.46752757657,1.81909956095,0.940000000004)) ;
#14461=CARTESIAN_POINT('Line Origine',(4.46752757657,1.81909956095,0.932500000004)) ;
#14480=CARTESIAN_POINT('Axis2P3D Location',(4.45532260848,1.79542965778,0.940000000004)) ;
#14485=CARTESIAN_POINT('Line Origine',(4.45532260848,1.79542965778,0.932500000004)) ;
#14504=CARTESIAN_POINT('Axis2P3D Location',(4.35479748116,1.75390606145,0.940000000004)) ;
#14509=CARTESIAN_POINT('Line Origine',(4.35479748116,1.75390606145,0.932500000004)) ;
#14528=CARTESIAN_POINT('Axis2P3D Location',(4.35405459003,1.75531934947,0.940000000004)) ;
#14533=CARTESIAN_POINT('Line Origine',(4.35405459003,1.75531934947,0.932500000004)) ;
#14552=CARTESIAN_POINT('Axis2P3D Location',(4.35338067051,1.75671899317,0.940000000004)) ;
#14557=CARTESIAN_POINT('Line Origine',(4.35338067051,1.75671899317,0.932500000004)) ;
#14576=CARTESIAN_POINT('Axis2P3D Location',(4.35277433677,1.75810441852,0.940000000004)) ;
#14581=CARTESIAN_POINT('Line Origine',(4.35277433677,1.75810441852,0.932500000004)) ;
#14600=CARTESIAN_POINT('Axis2P3D Location',(4.3519827054,1.76015669451,0.940000000004)) ;
#14605=CARTESIAN_POINT('Line Origine',(4.3519827054,1.76015669451,0.932500000004)) ;
#14624=CARTESIAN_POINT('Axis2P3D Location',(4.35131290374,1.76220098485,0.940000000004)) ;
#14629=CARTESIAN_POINT('Line Origine',(4.35131290374,1.76220098485,0.932500000004)) ;
#14648=CARTESIAN_POINT('Axis2P3D Location',(4.35076388223,1.76423198402,0.940000000004)) ;
#14653=CARTESIAN_POINT('Line Origine',(4.35076388223,1.76423198402,0.932500000004)) ;
#14672=CARTESIAN_POINT('Axis2P3D Location',(4.35033587865,1.76625303769,0.940000000004)) ;
#14677=CARTESIAN_POINT('Line Origine',(4.35033587865,1.76625303769,0.932500000004)) ;
#14696=CARTESIAN_POINT('Axis2P3D Location',(4.3500302788,1.76826471988,0.940000000004)) ;
#14701=CARTESIAN_POINT('Line Origine',(4.3500302788,1.76826471988,0.932500000004)) ;
#14720=CARTESIAN_POINT('Axis2P3D Location',(4.34984488508,1.77026449672,0.940000000004)) ;
#14725=CARTESIAN_POINT('Line Origine',(4.34984488508,1.77026449672,0.932500000004)) ;
#14744=CARTESIAN_POINT('Axis2P3D Location',(4.34978189509,1.77225490209,0.940000000004)) ;
#14749=CARTESIAN_POINT('Line Origine',(4.34978189509,1.77225490209,0.932500000004)) ;
#14768=CARTESIAN_POINT('Axis2P3D Location',(4.34984049705,1.77423397613,0.940000000004)) ;
#14773=CARTESIAN_POINT('Line Origine',(4.34984049705,1.77423397613,0.932500000004)) ;
#14792=CARTESIAN_POINT('Axis2P3D Location',(4.35002011694,1.77620310467,0.940000000004)) ;
#14797=CARTESIAN_POINT('Line Origine',(4.35002011694,1.77620310467,0.932500000004)) ;
#14816=CARTESIAN_POINT('Axis2P3D Location',(4.35032132876,1.77816090188,0.940000000004)) ;
#14835=CARTESIAN_POINT('Line Origine',(4.36137298022,1.88898058162,0.925000000004)) ;
#14839=CARTESIAN_POINT('Vertex',(4.36212193202,1.89098826918,0.925000000004)) ;
#14841=CARTESIAN_POINT('Vertex',(4.36062402843,1.88697289406,0.925000000004)) ;
#14844=CARTESIAN_POINT('Line Origine',(4.36478370167,1.87693055452,0.925000000004)) ;
#14848=CARTESIAN_POINT('Vertex',(4.3689433749,1.86688821497,0.925000000004)) ;
#14851=CARTESIAN_POINT('Line Origine',(4.39227641444,1.87655307639,0.925000000004)) ;
#14855=CARTESIAN_POINT('Vertex',(4.41560945397,1.88621793782,0.925000000004)) ;
#14858=CARTESIAN_POINT('Line Origine',(4.42155212235,1.8971667795,0.925000000004)) ;
#14862=CARTESIAN_POINT('Vertex',(4.42749479073,1.90811562118,0.925000000004)) ;
#14865=CARTESIAN_POINT('Line Origine',(4.43883580559,1.8807359893,0.925000000004)) ;
#14869=CARTESIAN_POINT('Vertex',(4.45017682045,1.85335635741,0.925000000004)) ;
#14872=CARTESIAN_POINT('Line Origine',(4.45100871888,1.85516379408,0.925000000004)) ;
#14876=CARTESIAN_POINT('Vertex',(4.45184061731,1.85697123075,0.925000000004)) ;
#14879=CARTESIAN_POINT('Line Origine',(4.43985784233,1.88590020861,0.925000000004)) ;
#14883=CARTESIAN_POINT('Vertex',(4.42787506736,1.91482918647,0.925000000004)) ;
#14886=CARTESIAN_POINT('Line Origine',(4.42062500425,1.90152363245,0.925000000004)) ;
#14890=CARTESIAN_POINT('Vertex',(4.41337494114,1.88821807842,0.925000000004)) ;
#14893=CARTESIAN_POINT('Line Origine',(4.39199105645,1.87936058336,0.925000000004)) ;
#14897=CARTESIAN_POINT('Vertex',(4.37060717176,1.87050308831,0.925000000004)) ;
#14900=CARTESIAN_POINT('Line Origine',(4.36636455189,1.88074567875,0.925000000004)) ;
#14925=CARTESIAN_POINT('Axis2P3D Location',(4.36062402843,1.88697289406,0.940000000004)) ;
#14930=CARTESIAN_POINT('Line Origine',(4.36062402843,1.88697289406,0.932500000004)) ;
#14935=CARTESIAN_POINT('Line Origine',(4.36212193202,1.89098826918,0.932500000004)) ;
#14954=CARTESIAN_POINT('Axis2P3D Location',(4.3689433749,1.86688821497,0.940000000004)) ;
#14959=CARTESIAN_POINT('Line Origine',(4.3689433749,1.86688821497,0.932500000004)) ;
#14978=CARTESIAN_POINT('Line Origine',(4.41560945397,1.88621793782,0.932500000004)) ;
#14997=CARTESIAN_POINT('Axis2P3D Location',(4.42749479073,1.90811562118,0.940000000004)) ;
#15002=CARTESIAN_POINT('Line Origine',(4.42749479073,1.90811562118,0.932500000004)) ;
#15021=CARTESIAN_POINT('Line Origine',(4.45017682045,1.85335635741,0.932500000004)) ;
#15040=CARTESIAN_POINT('Axis2P3D Location',(4.45184061731,1.85697123075,0.940000000004)) ;
#15045=CARTESIAN_POINT('Line Origine',(4.45184061731,1.85697123075,0.932500000004)) ;
#15064=CARTESIAN_POINT('Line Origine',(4.42787506736,1.91482918647,0.932500000004)) ;
#15083=CARTESIAN_POINT('Axis2P3D Location',(4.41337494114,1.88821807842,0.940000000004)) ;
#15088=CARTESIAN_POINT('Line Origine',(4.41337494114,1.88821807842,0.932500000004)) ;
#15107=CARTESIAN_POINT('Line Origine',(4.37060717176,1.87050308831,0.932500000004)) ;
#15126=CARTESIAN_POINT('Axis2P3D Location',(4.36212193202,1.89098826918,0.940000000004)) ;
#15145=CARTESIAN_POINT('Axis2P3D Location',(4.38842777945,1.81774630374,0.925000000004)) ;
#15149=CARTESIAN_POINT('Vertex',(4.29371362994,2.04640648804,0.925000000004)) ;
#15151=CARTESIAN_POINT('Vertex',(4.48314192896,1.58908611944,0.925000000004)) ;
#15154=CARTESIAN_POINT('Axis2P3D Location',(4.38842777945,1.81774630374,0.925000000004)) ;
#15163=CARTESIAN_POINT('Axis2P3D Location',(4.38842777945,1.81774630374,0.925000000004)) ;
#15167=CARTESIAN_POINT('Vertex',(4.46305104876,1.6375897949,0.925000000004)) ;
#15169=CARTESIAN_POINT('Vertex',(4.31380451013,1.99790281258,0.925000000004)) ;
#15172=CARTESIAN_POINT('Axis2P3D Location',(4.38842777945,1.81774630374,0.925000000004)) ;
#15181=CARTESIAN_POINT('Axis2P3D Location',(4.18401943288,1.73307759433,0.925000000004)) ;
#15185=CARTESIAN_POINT('Vertex',(4.18975968436,1.71921940134,0.925000000004)) ;
#15187=CARTESIAN_POINT('Vertex',(4.17827918139,1.74693578732,0.925000000004)) ;
#15190=CARTESIAN_POINT('Axis2P3D Location',(4.18401943288,1.73307759433,0.925000000004)) ;
#15199=CARTESIAN_POINT('Axis2P3D Location',(4.30375907004,2.02215465031,0.925000000004)) ;
#15203=CARTESIAN_POINT('Vertex',(4.30949932152,2.00829645732,0.925000000004)) ;
#15205=CARTESIAN_POINT('Vertex',(4.29801881855,2.0360128433,0.925000000004)) ;
#15208=CARTESIAN_POINT('Axis2P3D Location',(4.30375907004,2.02215465031,0.925000000004)) ;
#15217=CARTESIAN_POINT('Axis2P3D Location',(4.18401943288,1.90241501315,0.925000000004)) ;
#15221=CARTESIAN_POINT('Vertex',(4.18975968436,1.88855682016,0.925000000004)) ;
#15223=CARTESIAN_POINT('Vertex',(4.17827918139,1.91627320614,0.925000000004)) ;
#15226=CARTESIAN_POINT('Axis2P3D Location',(4.18401943288,1.90241501315,0.925000000004)) ;
#15235=CARTESIAN_POINT('Axis2P3D Location',(4.59283612602,1.90241501315,0.925000000004)) ;
#15239=CARTESIAN_POINT('Vertex',(4.5985763775,1.88855682016,0.925000000004)) ;
#15241=CARTESIAN_POINT('Vertex',(4.58709587453,1.91627320614,0.925000000004)) ;
#15244=CARTESIAN_POINT('Axis2P3D Location',(4.59283612602,1.90241501315,0.925000000004)) ;
#15253=CARTESIAN_POINT('Axis2P3D Location',(4.47309648886,2.02215465031,0.925000000004)) ;
#15257=CARTESIAN_POINT('Vertex',(4.47883674034,2.00829645732,0.925000000004)) ;
#15259=CARTESIAN_POINT('Vertex',(4.46735623737,2.0360128433,0.925000000004)) ;
#15262=CARTESIAN_POINT('Axis2P3D Location',(4.47309648886,2.02215465031,0.925000000004)) ;
#15271=CARTESIAN_POINT('Axis2P3D Location',(4.47309648886,1.61333795717,0.925000000004)) ;
#15275=CARTESIAN_POINT('Vertex',(4.46735623737,1.62719615016,0.925000000004)) ;
#15277=CARTESIAN_POINT('Vertex',(4.47883674034,1.59947976418,0.925000000004)) ;
#15280=CARTESIAN_POINT('Axis2P3D Location',(4.47309648886,1.61333795717,0.925000000004)) ;
#15289=CARTESIAN_POINT('Axis2P3D Location',(4.30375907004,1.61333795717,0.925000000004)) ;
#15293=CARTESIAN_POINT('Vertex',(4.29801881855,1.62719615016,0.925000000004)) ;
#15295=CARTESIAN_POINT('Vertex',(4.30949932152,1.59947976418,0.925000000004)) ;
#15298=CARTESIAN_POINT('Axis2P3D Location',(4.30375907004,1.61333795717,0.925000000004)) ;
#15307=CARTESIAN_POINT('Axis2P3D Location',(4.59283612602,1.73307759433,0.925000000004)) ;
#15311=CARTESIAN_POINT('Vertex',(4.58709587453,1.74693578732,0.925000000004)) ;
#15313=CARTESIAN_POINT('Vertex',(4.5985763775,1.71921940134,0.925000000004)) ;
#15316=CARTESIAN_POINT('Axis2P3D Location',(4.59283612602,1.73307759433,0.925000000004)) ;
#15333=CARTESIAN_POINT('Axis2P3D Location',(4.38842777945,1.81774630374,0.940000000004)) ;
#15338=CARTESIAN_POINT('Line Origine',(4.48314192896,1.58908611944,0.932500000004)) ;
#15343=CARTESIAN_POINT('Line Origine',(4.29371362994,2.04640648804,0.932500000004)) ;
#15376=CARTESIAN_POINT('Axis2P3D Location',(4.38842777945,1.81774630374,0.940000000004)) ;
#15381=CARTESIAN_POINT('Line Origine',(4.46305104876,1.6375897949,0.932500000004)) ;
#15386=CARTESIAN_POINT('Line Origine',(4.31380451013,1.99790281258,0.932500000004)) ;
#15419=CARTESIAN_POINT('Axis2P3D Location',(4.18401943288,1.73307759433,0.940000000004)) ;
#15424=CARTESIAN_POINT('Line Origine',(4.18975968436,1.71921940134,0.932500000004)) ;
#15429=CARTESIAN_POINT('Line Origine',(4.17827918139,1.74693578732,0.932500000004)) ;
#15462=CARTESIAN_POINT('Axis2P3D Location',(4.30375907004,2.02215465031,0.940000000004)) ;
#15467=CARTESIAN_POINT('Line Origine',(4.30949932152,2.00829645732,0.932500000004)) ;
#15472=CARTESIAN_POINT('Line Origine',(4.29801881855,2.0360128433,0.932500000004)) ;
#15505=CARTESIAN_POINT('Axis2P3D Location',(4.18401943288,1.90241501315,0.940000000004)) ;
#15510=CARTESIAN_POINT('Line Origine',(4.18975968436,1.88855682016,0.932500000004)) ;
#15515=CARTESIAN_POINT('Line Origine',(4.17827918139,1.91627320614,0.932500000004)) ;
#15548=CARTESIAN_POINT('Axis2P3D Location',(4.59283612602,1.90241501315,0.940000000004)) ;
#15553=CARTESIAN_POINT('Line Origine',(4.5985763775,1.88855682016,0.932500000004)) ;
#15558=CARTESIAN_POINT('Line Origine',(4.58709587453,1.91627320614,0.932500000004)) ;
#15591=CARTESIAN_POINT('Axis2P3D Location',(4.47309648886,2.02215465031,0.940000000004)) ;
#15596=CARTESIAN_POINT('Line Origine',(4.47883674034,2.00829645732,0.932500000004)) ;
#15601=CARTESIAN_POINT('Line Origine',(4.46735623737,2.0360128433,0.932500000004)) ;
#15634=CARTESIAN_POINT('Axis2P3D Location',(4.47309648886,1.61333795717,0.940000000004)) ;
#15639=CARTESIAN_POINT('Line Origine',(4.46735623737,1.62719615016,0.932500000004)) ;
#15644=CARTESIAN_POINT('Line Origine',(4.47883674034,1.59947976418,0.932500000004)) ;
#15677=CARTESIAN_POINT('Axis2P3D Location',(4.30375907004,1.61333795717,0.940000000004)) ;
#15682=CARTESIAN_POINT('Line Origine',(4.29801881855,1.62719615016,0.932500000004)) ;
#15687=CARTESIAN_POINT('Line Origine',(4.30949932152,1.59947976418,0.932500000004)) ;
#15720=CARTESIAN_POINT('Axis2P3D Location',(4.59283612602,1.73307759433,0.940000000004)) ;
#15725=CARTESIAN_POINT('Line Origine',(4.58709587453,1.74693578732,0.932500000004)) ;
#15730=CARTESIAN_POINT('Line Origine',(4.5985763775,1.71921940134,0.932500000004)) ;
#36=DIRECTION('Axis2P3D Direction',(0.,-0.,-0.0393700787402)) ;
#37=DIRECTION('Axis2P3D XDirection',(0.0345504945626,-0.0188750212049,0.)) ;
#41=DIRECTION('Vector Direction',(0.,0.,-0.0393700787402)) ;
#50=DIRECTION('Axis2P3D Direction',(0.,-0.,-0.0393700787402)) ;
#57=DIRECTION('Vector Direction',(0.,0.,-0.0393700787402)) ;
#64=DIRECTION('Axis2P3D Direction',(0.,-0.,-0.0393700787402)) ;
#76=DIRECTION('Axis2P3D Direction',(0.,-0.,-0.0393700787402)) ;
#81=DIRECTION('Axis2P3D Direction',(0.,-0.,-0.0393700787402)) ;
#93=DIRECTION('Axis2P3D Direction',(0.,0.,-0.0393700787402)) ;
#94=DIRECTION('Axis2P3D XDirection',(0.0188750212049,0.0345504945626,0.)) ;
#98=DIRECTION('Axis2P3D Direction',(0.,0.,-0.0393700787402)) ;
#107=DIRECTION('Vector Direction',(0.,0.,-0.0393700787402)) ;
#114=DIRECTION('Axis2P3D Direction',(0.,0.,-0.0393700787402)) ;
#121=DIRECTION('Vector Direction',(0.,0.,-0.0393700787402)) ;
#133=DIRECTION('Axis2P3D Direction',(0.,0.,-0.0393700787402)) ;
#138=DIRECTION('Axis2P3D Direction',(0.,0.,-0.0393700787402)) ;
#150=DIRECTION('Axis2P3D Direction',(0.,0.,-0.0393700787402)) ;
#151=DIRECTION('Axis2P3D XDirection',(-0.0188750212049,-0.0345504945626,0.)) ;
#155=DIRECTION('Axis2P3D Direction',(0.,0.,-0.0393700787402)) ;
#164=DIRECTION('Axis2P3D Direction',(-0.0345504945626,0.0188750212049,0.)) ;
#171=DIRECTION('Axis2P3D Direction',(0.,0.,-0.0393700787402)) ;
#178=DIRECTION('Axis2P3D Direction',(0.0345504945626,-0.0188750212049,0.)) ;
#190=DIRECTION('Axis2P3D Direction',(0.,0.,-0.0393700787402)) ;
#195=DIRECTION('Axis2P3D Direction',(0.,0.,-0.0393700787402)) ;
#207=DIRECTION('Axis2P3D Direction',(0.,0.,-0.0393700787402)) ;
#208=DIRECTION('Axis2P3D XDirection',(-0.0188750212049,-0.0345504945626,0.)) ;
#212=DIRECTION('Vector Direction',(0.00408421091964,0.00747609794129,-0.0384373552777)) ;
#219=DIRECTION('Axis2P3D Direction',(0.,0.,-0.0393700787402)) ;
#226=DIRECTION('Vector Direction',(-0.00408421091964,-0.00747609794129,-0.0384373552777)) ;
#238=DIRECTION('Axis2P3D Direction',(0.,0.,-0.0393700787402)) ;
#250=DIRECTION('Axis2P3D Direction',(0.,0.,-0.0393700787402)) ;
#251=DIRECTION('Axis2P3D XDirection',(-0.0188750212049,-0.0345504945626,0.)) ;
#255=DIRECTION('Vector Direction',(0.,0.,-0.0393700787402)) ;
#262=DIRECTION('Vector Direction',(0.,0.,-0.0393700787402)) ;
#269=DIRECTION('Axis2P3D Direction',(0.,0.,-0.0393700787402)) ;
#276=DIRECTION('Axis2P3D Direction',(0.,0.,-0.0393700787402)) ;
#289=DIRECTION('Axis2P3D Direction',(0.,0.,-0.0393700787402)) ;
#296=DIRECTION('Axis2P3D Direction',(0.,0.,-0.0393700787402)) ;
#309=DIRECTION('Axis2P3D Direction',(-0.,-0.,-0.0393700787402)) ;
#310=DIRECTION('Axis2P3D XDirection',(-0.0188750212049,0.0345504945626,0.)) ;
#314=DIRECTION('Vector Direction',(0.014974561121,-0.02741075027,-0.023966985394)) ;
#321=DIRECTION('Axis2P3D Direction',(0.,0.,-0.0393700787402)) ;
#328=DIRECTION('Vector Direction',(-0.014974561121,0.02741075027,-0.023966985394)) ;
#341=DIRECTION('Axis2P3D Direction',(0.,0.,-0.0393700787402)) ;
#342=DIRECTION('Axis2P3D XDirection',(-0.0188750212049,-0.0345504945626,0.)) ;
#346=DIRECTION('Axis2P3D Direction',(0.,0.,-0.0393700787402)) ;
#355=DIRECTION('Vector Direction',(0.,0.,-0.0393700787402)) ;
#362=DIRECTION('Axis2P3D Direction',(0.,0.,-0.0393700787402)) ;
#369=DIRECTION('Vector Direction',(0.,0.,-0.0393700787402)) ;
#381=DIRECTION('Axis2P3D Direction',(0.,0.,-0.0393700787402)) ;
#386=DIRECTION('Axis2P3D Direction',(0.,0.,-0.0393700787402)) ;
#398=DIRECTION('Axis2P3D Direction',(0.,0.,-0.0393700787402)) ;
#399=DIRECTION('Axis2P3D XDirection',(0.0393700787402,0.,0.)) ;
#403=DIRECTION('Axis2P3D Direction',(0.,0.,-0.0393700787402)) ;
#412=DIRECTION('Axis2P3D Direction',(0.,0.,-0.0393700787402)) ;
#426=DIRECTION('Axis2P3D Direction',(0.,0.,-0.0393700787402)) ;
#427=DIRECTION('Axis2P3D XDirection',(0.0393700787402,0.,0.)) ;
#431=DIRECTION('Axis2P3D Direction',(0.,0.,-0.0393700787402)) ;
#453=DIRECTION('Axis2P3D Direction',(0.,0.,-0.0393700787402)) ;
#454=DIRECTION('Axis2P3D XDirection',(0.0188750212049,0.0345504945626,0.)) ;
#458=DIRECTION('Vector Direction',(0.,0.,-0.0393700787402)) ;
#465=DIRECTION('Axis2P3D Direction',(0.,0.,-0.0393700787402)) ;
#472=DIRECTION('Vector Direction',(0.,0.,-0.0393700787402)) ;
#484=DIRECTION('Axis2P3D Direction',(0.,0.,-0.0393700787402)) ;
#496=DIRECTION('Axis2P3D Direction',(0.,0.,-0.0393700787402)) ;
#497=DIRECTION('Axis2P3D XDirection',(0.0393700787402,0.,0.)) ;
#513=DIRECTION('Axis2P3D Direction',(0.,0.,-0.0393700787402)) ;
#522=DIRECTION('Axis2P3D Direction',(0.,0.,-0.0393700787402)) ;
#531=DIRECTION('Axis2P3D Direction',(0.,0.,-0.0393700787402)) ;
#540=DIRECTION('Axis2P3D Direction',(0.,0.,-0.0393700787402)) ;
#549=DIRECTION('Axis2P3D Direction',(0.,0.,-0.0393700787402)) ;
#558=DIRECTION('Axis2P3D Direction',(0.,0.,-0.0393700787402)) ;
#567=DIRECTION('Axis2P3D Direction',(0.,0.,-0.0393700787402)) ;
#576=DIRECTION('Axis2P3D Direction',(0.,0.,-0.0393700787402)) ;
#585=DIRECTION('Axis2P3D Direction',(0.,0.,-0.0393700787402)) ;
#594=DIRECTION('Axis2P3D Direction',(0.,0.,-0.0393700787402)) ;
#603=DIRECTION('Axis2P3D Direction',(0.,0.,-0.0393700787402)) ;
#612=DIRECTION('Axis2P3D Direction',(0.,0.,-0.0393700787402)) ;
#621=DIRECTION('Axis2P3D Direction',(0.,0.,-0.0393700787402)) ;
#630=DIRECTION('Axis2P3D Direction',(0.,0.,-0.0393700787402)) ;
#640=DIRECTION('Axis2P3D Direction',(0.,0.,-0.0393700787402)) ;
#641=DIRECTION('Axis2P3D XDirection',(-0.0110842335096,0.0377775444876,0.)) ;
#645=DIRECTION('Vector Direction',(0.,0.,-0.0393700787402)) ;
#652=DIRECTION('Vector Direction',(0.,0.,-0.0393700787402)) ;
#659=DIRECTION('Axis2P3D Direction',(0.,0.,-0.0393700787402)) ;
#671=DIRECTION('Axis2P3D Direction',(0.,0.,-0.0393700787402)) ;
#683=DIRECTION('Axis2P3D Direction',(0.,-0.,-0.0393700787402)) ;
#684=DIRECTION('Axis2P3D XDirection',(-0.0188750212049,-0.0345504945626,0.)) ;
#688=DIRECTION('Vector Direction',(0.,0.,-0.0393700787402)) ;
#695=DIRECTION('Vector Direction',(0.,0.,-0.0393700787402)) ;
#702=DIRECTION('Axis2P3D Direction',(0.,-0.,-0.0393700787402)) ;
#714=DIRECTION('Axis2P3D Direction',(0.,-0.,-0.0393700787402)) ;
#726=DIRECTION('Axis2P3D Direction',(0.,0.,-0.0393700787402)) ;
#727=DIRECTION('Axis2P3D XDirection',(0.0188750212049,0.0345504945626,0.)) ;
#731=DIRECTION('Vector Direction',(0.,0.,-0.0393700787402)) ;
#738=DIRECTION('Vector Direction',(0.,0.,-0.0393700787402)) ;
#745=DIRECTION('Axis2P3D Direction',(0.,0.,-0.0393700787402)) ;
#757=DIRECTION('Axis2P3D Direction',(0.,0.,-0.0393700787402)) ;
#769=DIRECTION('Axis2P3D Direction',(-0.,0.,-0.0393700787402)) ;
#770=DIRECTION('Axis2P3D XDirection',(-0.0377775444876,-0.0110842335096,0.)) ;
#774=DIRECTION('Vector Direction',(0.,0.,-0.0393700787402)) ;
#781=DIRECTION('Vector Direction',(0.,0.,-0.0393700787402)) ;
#788=DIRECTION('Axis2P3D Direction',(-0.,0.,-0.0393700787402)) ;
#800=DIRECTION('Axis2P3D Direction',(-0.,0.,-0.0393700787402)) ;
#812=DIRECTION('Axis2P3D Direction',(0.,0.,-0.0393700787402)) ;
#813=DIRECTION('Axis2P3D XDirection',(0.0377775444876,0.0110842335096,0.)) ;
#817=DIRECTION('Vector Direction',(0.,0.,-0.0393700787402)) ;
#824=DIRECTION('Vector Direction',(0.,0.,-0.0393700787402)) ;
#831=DIRECTION('Axis2P3D Direction',(0.,0.,-0.0393700787402)) ;
#843=DIRECTION('Axis2P3D Direction',(0.,0.,-0.0393700787402)) ;
#855=DIRECTION('Axis2P3D Direction',(-0.,0.,-0.0393700787402)) ;
#856=DIRECTION('Axis2P3D XDirection',(-0.0345504945626,0.0188750212049,0.)) ;
#860=DIRECTION('Vector Direction',(0.,0.,-0.0393700787402)) ;
#867=DIRECTION('Vector Direction',(0.,0.,-0.0393700787402)) ;
#874=DIRECTION('Axis2P3D Direction',(-0.,0.,-0.0393700787402)) ;
#886=DIRECTION('Axis2P3D Direction',(-0.,0.,-0.0393700787402)) ;
#898=DIRECTION('Axis2P3D Direction',(0.,-0.,-0.0393700787402)) ;
#899=DIRECTION('Axis2P3D XDirection',(0.0110842335096,-0.0377775444876,0.)) ;
#903=DIRECTION('Vector Direction',(0.,0.,-0.0393700787402)) ;
#910=DIRECTION('Vector Direction',(0.,0.,-0.0393700787402)) ;
#917=DIRECTION('Axis2P3D Direction',(0.,-0.,-0.0393700787402)) ;
#929=DIRECTION('Axis2P3D Direction',(0.,-0.,-0.0393700787402)) ;
#941=DIRECTION('Axis2P3D Direction',(0.,0.,-0.0393700787402)) ;
#942=DIRECTION('Axis2P3D XDirection',(0.0393700787402,0.,0.)) ;
#986=DIRECTION('Axis2P3D Direction',(0.,0.,-0.0393700787402)) ;
#995=DIRECTION('Axis2P3D Direction',(0.,0.,-0.0393700787402)) ;
#1005=DIRECTION('Axis2P3D Direction',(0.,0.,-0.0393700787402)) ;
#1014=DIRECTION('Axis2P3D Direction',(0.,0.,-0.0393700787402)) ;
#1023=DIRECTION('Vector Direction',(0.0390859787081,-0.00472116176786,0.)) ;
#1032=DIRECTION('Vector Direction',(0.0391966058799,-0.00369177294809,0.)) ;
#1039=DIRECTION('Vector Direction',(0.0392754857687,-0.00272751125313,0.)) ;
#1046=DIRECTION('Vector Direction',(0.0393284633519,-0.00180971555353,0.)) ;
#1053=DIRECTION('Vector Direction',(0.0393593158026,-0.000920521349597,0.)) ;
#1060=DIRECTION('Vector Direction',(0.0393699397772,-0.000104603765573,0.)) ;
#1067=DIRECTION('Vector Direction',(0.0393647533358,0.000647529780685,0.)) ;
#1074=DIRECTION('Vector Direction',(0.0393468183311,0.0013531397663,0.)) ;
#1081=DIRECTION('Vector Direction',(0.0393184394735,0.00201579199728,0.)) ;
#1088=DIRECTION('Vector Direction',(0.0392797363624,0.00266559773895,0.)) ;
#1095=DIRECTION('Vector Direction',(0.0392370681656,0.00323350920383,0.)) ;
#1102=DIRECTION('Vector Direction',(-0.0150830913462,-0.036366240601,0.)) ;
#1109=DIRECTION('Vector Direction',(-0.0311055827197,-0.0241339143877,0.)) ;
#1116=DIRECTION('Vector Direction',(-0.0301398167029,-0.0253297167202,0.)) ;
#1123=DIRECTION('Vector Direction',(-0.0290375752407,-0.0265861302965,0.)) ;
#1130=DIRECTION('Vector Direction',(-0.0277053493228,-0.0279717128347,0.)) ;
#1137=DIRECTION('Vector Direction',(-0.0261457876879,-0.0294346884846,0.)) ;
#1144=DIRECTION('Vector Direction',(-0.0243061392945,-0.0309711913333,0.)) ;
#1151=DIRECTION('Vector Direction',(-0.0221752120213,-0.0325309555934,0.)) ;
#1158=DIRECTION('Vector Direction',(-0.0196033346839,-0.034142530212,0.)) ;
#1165=DIRECTION('Vector Direction',(-0.0166937563639,-0.0356555970146,0.)) ;
#1172=DIRECTION('Vector Direction',(-0.0133068938951,-0.0370530656609,0.)) ;
#1179=DIRECTION('Vector Direction',(-0.00958979587893,-0.038184275756,0.)) ;
#1186=DIRECTION('Vector Direction',(-0.00587778980168,-0.0389288413269,0.)) ;
#1193=DIRECTION('Vector Direction',(-0.00241848362888,-0.0392957254284,0.)) ;
#1200=DIRECTION('Vector Direction',(0.000827966185754,-0.0393613715716,0.)) ;
#1207=DIRECTION('Vector Direction',(0.00373949781456,-0.0391920815485,0.)) ;
#1214=DIRECTION('Vector Direction',(0.00636683531277,-0.038851853342,0.)) ;
#1221=DIRECTION('Vector Direction',(0.00873339196439,-0.0383892037532,0.)) ;
#1228=DIRECTION('Vector Direction',(0.0108403279922,-0.0378482547686,0.)) ;
#1235=DIRECTION('Vector Direction',(0.012653971997,-0.0372810956479,0.)) ;
#1242=DIRECTION('Vector Direction',(0.0143098468502,-0.0366773960789,0.)) ;
#1249=DIRECTION('Vector Direction',(0.0154018887256,-0.0362323739726,0.)) ;
#1256=DIRECTION('Vector Direction',(0.016041233867,-0.0359538859656,0.)) ;
#1263=DIRECTION('Vector Direction',(0.0166475156599,-0.0356772101258,0.)) ;
#1270=DIRECTION('Vector Direction',(0.017302442636,-0.0353642273892,0.)) ;
#1277=DIRECTION('Vector Direction',(0.0179231782461,-0.0350537128071,0.)) ;
#1284=DIRECTION('Vector Direction',(0.0365377053419,0.0146628506218,0.)) ;
#1291=DIRECTION('Vector Direction',(0.0136156158867,0.0369407377299,0.)) ;
#1298=DIRECTION('Vector Direction',(0.0150662768648,-0.0363732099414,0.)) ;
#1305=DIRECTION('Vector Direction',(-0.0348868259546,0.0182458892582,0.)) ;
#1312=DIRECTION('Vector Direction',(-0.0363732099414,-0.0150662768648,0.)) ;
#1319=DIRECTION('Vector Direction',(0.0145460941426,-0.0365843442636,0.)) ;
#1326=DIRECTION('Vector Direction',(0.0158195778848,-0.036051963269,0.)) ;
#1333=DIRECTION('Vector Direction',(0.0173625899604,-0.0353347360238,0.)) ;
#1340=DIRECTION('Vector Direction',(0.019118749983,-0.0344162243585,0.)) ;
#1347=DIRECTION('Vector Direction',(0.0210460816331,-0.0332725945471,0.)) ;
#1354=DIRECTION('Vector Direction',(0.0231179437667,-0.0318679113845,0.)) ;
#1361=DIRECTION('Vector Direction',(0.0253413877021,-0.0301300044696,0.)) ;
#1368=DIRECTION('Vector Direction',(0.027710765244,-0.0279663474483,0.)) ;
#1375=DIRECTION('Vector Direction',(0.0313728075558,-0.023785500753,0.)) ;
#1382=DIRECTION('Vector Direction',(0.0358034994518,-0.0163741420237,0.)) ;
#1389=DIRECTION('Vector Direction',(0.03849777853,-0.0082416107807,0.)) ;
#1396=DIRECTION('Vector Direction',(0.039352232727,-0.00118527608769,0.)) ;
#1403=DIRECTION('Vector Direction',(0.0392426044136,0.00316561192191,0.)) ;
#1410=DIRECTION('Vector Direction',(0.0389644695624,0.00563677316629,0.)) ;
#1417=DIRECTION('Vector Direction',(0.0385810383107,0.00784261326829,0.)) ;
#1424=DIRECTION('Vector Direction',(0.0381444602063,0.00974696135097,0.)) ;
#1431=DIRECTION('Vector Direction',(0.0376784056738,0.0114166915474,0.)) ;
#1438=DIRECTION('Vector Direction',(0.0150662768648,-0.0363732099414,0.)) ;
#1445=DIRECTION('Vector Direction',(-0.0378488837098,-0.0108381318467,0.)) ;
#1452=DIRECTION('Vector Direction',(-0.0382707824391,-0.00923852323187,0.)) ;
#1459=DIRECTION('Vector Direction',(-0.0386808777036,-0.00733435751023,0.)) ;
#1466=DIRECTION('Vector Direction',(-0.0390219630068,-0.00522393559544,0.)) ;
#1473=DIRECTION('Vector Direction',(-0.039268973654,-0.00281971774631,0.)) ;
#1480=DIRECTION('Vector Direction',(-0.0393700505153,-4.71426586439E-005,0.)) ;
#1487=DIRECTION('Vector Direction',(-0.0392492549498,0.00308205871032,0.)) ;
#1494=DIRECTION('Vector Direction',(-0.0388295311096,0.00650158548456,0.)) ;
#1501=DIRECTION('Vector Direction',(-0.0380042256606,0.0102801717856,0.)) ;
#1508=DIRECTION('Vector Direction',(-0.0357989127221,0.0163841675994,0.)) ;
#1515=DIRECTION('Vector Direction',(-0.0326107159358,0.0220577493448,0.)) ;
#1522=DIRECTION('Vector Direction',(-0.0302643487272,0.025180792206,0.)) ;
#1529=DIRECTION('Vector Direction',(-0.0278532991251,0.0278243926772,0.)) ;
#1536=DIRECTION('Vector Direction',(-0.0255015112388,0.0299945999231,0.)) ;
#1543=DIRECTION('Vector Direction',(-0.0232554547877,0.0317677025078,0.)) ;
#1550=DIRECTION('Vector Direction',(-0.0211394794039,0.0332133333247,0.)) ;
#1557=DIRECTION('Vector Direction',(-0.0192129732008,0.0343637128493,0.)) ;
#1564=DIRECTION('Vector Direction',(-0.0174212820316,0.0353058356703,0.)) ;
#1571=DIRECTION('Vector Direction',(-0.0158145076218,0.036054187672,0.)) ;
#1578=DIRECTION('Vector Direction',(-0.0144588950292,0.036618894775,0.)) ;
#1585=DIRECTION('Vector Direction',(-0.038789802197,-0.00673456349911,0.)) ;
#1592=DIRECTION('Vector Direction',(0.0111055853305,-0.0377712731381,0.)) ;
#1599=DIRECTION('Vector Direction',(0.0119414410633,-0.0375153979765,0.)) ;
#1606=DIRECTION('Vector Direction',(0.0127796387652,-0.0372382052875,0.)) ;
#1613=DIRECTION('Vector Direction',(0.0136758402098,-0.0369184844565,0.)) ;
#1620=DIRECTION('Vector Direction',(0.0146039963537,-0.0365612689947,0.)) ;
#1627=DIRECTION('Vector Direction',(0.0158272626366,-0.0360485902282,0.)) ;
#1634=DIRECTION('Vector Direction',(0.0174386779439,-0.0352972465155,0.)) ;
#1641=DIRECTION('Vector Direction',(0.0192503407603,-0.0343427937218,0.)) ;
#1648=DIRECTION('Vector Direction',(0.0211720574838,-0.0331925757046,0.)) ;
#1655=DIRECTION('Vector Direction',(0.023261300635,-0.031763422246,0.)) ;
#1662=DIRECTION('Vector Direction',(0.0255305193623,-0.0299699129311,0.)) ;
#1669=DIRECTION('Vector Direction',(0.0278620310291,-0.0278156489577,0.)) ;
#1676=DIRECTION('Vector Direction',(0.030246237952,-0.0252025433192,0.)) ;
#1683=DIRECTION('Vector Direction',(0.0325712963944,-0.0221159162414,0.)) ;
#1690=DIRECTION('Vector Direction',(0.0347431740437,-0.0185179631002,0.)) ;
#1697=DIRECTION('Vector Direction',(0.036604862332,-0.0144943835213,0.)) ;
#1704=DIRECTION('Vector Direction',(0.0379531604212,-0.0104671253956,0.)) ;
#1711=DIRECTION('Vector Direction',(0.0388214705954,-0.00654954355793,0.)) ;
#1718=DIRECTION('Vector Direction',(0.0392670221212,-0.00284676548793,0.)) ;
#1725=DIRECTION('Vector Direction',(0.039367219416,0.000474484416371,0.)) ;
#1732=DIRECTION('Vector Direction',(0.0392155912396,0.00348432256429,0.)) ;
#1739=DIRECTION('Vector Direction',(0.0388813341221,0.00618425071361,0.)) ;
#1746=DIRECTION('Vector Direction',(0.0384276027864,0.00856285256788,0.)) ;
#1753=DIRECTION('Vector Direction',(0.0379058815562,0.0106370693075,0.)) ;
#1760=DIRECTION('Vector Direction',(0.0373400361862,0.0124789742214,0.)) ;
#1767=DIRECTION('Vector Direction',(-0.0200614759861,-0.0338753639281,0.)) ;
#1774=DIRECTION('Vector Direction',(-0.0294092036499,-0.0261744501505,0.)) ;
#1781=DIRECTION('Vector Direction',(-0.0288227332952,-0.0268188953054,0.)) ;
#1788=DIRECTION('Vector Direction',(-0.0282790317594,-0.0273915947465,0.)) ;
#1795=DIRECTION('Vector Direction',(-0.0277447250045,-0.0279326571316,0.)) ;
#1802=DIRECTION('Vector Direction',(-0.0272306613837,-0.0284340320851,0.)) ;
#1809=DIRECTION('Vector Direction',(-0.0267411915492,-0.0288948399292,0.)) ;
#1816=DIRECTION('Vector Direction',(-0.0262663702598,-0.0293271357855,0.)) ;
#1823=DIRECTION('Vector Direction',(-0.0258201617652,-0.0297207393318,0.)) ;
#1830=DIRECTION('Vector Direction',(-0.0253768178722,-0.0301001696787,0.)) ;
#1837=DIRECTION('Vector Direction',(-0.0153697483877,0.0362460195677,0.)) ;
#1844=DIRECTION('Vector Direction',(0.0392045256244,-0.00360669801502,0.)) ;
#1969=DIRECTION('Vector Direction',(0.0386331735949,-0.00758162238547,0.)) ;
#1978=DIRECTION('Vector Direction',(0.0389214217735,-0.00592672144925,0.)) ;
#1985=DIRECTION('Vector Direction',(0.0391119136114,-0.00450125689793,0.)) ;
#1992=DIRECTION('Vector Direction',(0.0392366389898,-0.0032387128291,0.)) ;
#1999=DIRECTION('Vector Direction',(0.0393107090427,-0.00216130853163,0.)) ;
#2006=DIRECTION('Vector Direction',(0.039351843489,-0.00119812938371,0.)) ;
#2013=DIRECTION('Vector Direction',(0.039368734011,-0.000325395724743,0.)) ;
#2020=DIRECTION('Vector Direction',(0.039367816609,0.00042203725526,0.)) ;
#2027=DIRECTION('Vector Direction',(0.0393546064765,0.00110365261123,0.)) ;
#2034=DIRECTION('Vector Direction',(0.00234008050967,-0.0393004723027,0.)) ;
#2041=DIRECTION('Vector Direction',(-0.0393284061524,-0.00181095817744,0.)) ;
#2048=DIRECTION('Vector Direction',(-0.0393609750749,-0.000846605671354,0.)) ;
#2055=DIRECTION('Vector Direction',(-0.0393700728276,2.15767531597E-005,0.)) ;
#2062=DIRECTION('Vector Direction',(-0.0393579585647,0.000976830399303,0.)) ;
#2069=DIRECTION('Vector Direction',(-0.0393161876256,0.00205924515218,0.)) ;
#2076=DIRECTION('Vector Direction',(-0.0392274272394,0.0033484402608,0.)) ;
#2083=DIRECTION('Vector Direction',(-0.039077936695,0.00478727100418,0.)) ;
#2090=DIRECTION('Vector Direction',(-0.0388334863022,0.00647791954416,0.)) ;
#2097=DIRECTION('Vector Direction',(-0.0384487249378,0.00846750557487,0.)) ;
#2104=DIRECTION('Vector Direction',(-0.0378537038162,0.0108212849238,0.)) ;
#2111=DIRECTION('Vector Direction',(0.00462467362333,0.0390975126304,0.)) ;
#2118=DIRECTION('Vector Direction',(0.0382059254171,-0.00950317647038,0.)) ;
#2147=DIRECTION('Vector Direction',(-0.00357640981851,-0.039207300249,0.)) ;
#2156=DIRECTION('Vector Direction',(-0.00116526870964,-0.039352830252,0.)) ;
#2163=DIRECTION('Vector Direction',(0.00124531401312,-0.0393503785625,0.)) ;
#2170=DIRECTION('Vector Direction',(0.00363430564614,-0.0392019760022,0.)) ;
#2177=DIRECTION('Vector Direction',(0.00591297161518,-0.0389235130311,0.)) ;
#2184=DIRECTION('Vector Direction',(0.00815660392211,-0.0385158787056,0.)) ;
#2191=DIRECTION('Vector Direction',(0.0102738018146,-0.0380059481697,0.)) ;
#2198=DIRECTION('Vector Direction',(0.0122582145189,-0.0374130896454,0.)) ;
#2205=DIRECTION('Vector Direction',(0.0141688024478,-0.03673211316,0.)) ;
#2212=DIRECTION('Vector Direction',(0.0157848607836,-0.0360671771844,0.)) ;
#2219=DIRECTION('Vector Direction',(0.0170797048818,-0.0354723382533,0.)) ;
#2226=DIRECTION('Vector Direction',(0.0183182304008,-0.0348488957499,0.)) ;
#2233=DIRECTION('Vector Direction',(0.0363879452262,0.0150306534195,0.)) ;
#2240=DIRECTION('Vector Direction',(0.0180430827702,0.0349921457495,0.)) ;
#2247=DIRECTION('Vector Direction',(0.0150662768648,-0.0363732099414,0.)) ;
#2254=DIRECTION('Vector Direction',(-0.0179142478065,-0.0350582775608,0.)) ;
#2261=DIRECTION('Vector Direction',(-0.0150662768648,0.0363732099414,0.)) ;
#2268=DIRECTION('Vector Direction',(-0.017437701882,-0.0352977287241,0.)) ;
#2275=DIRECTION('Vector Direction',(-0.0363732099414,-0.0150662768648,0.)) ;
#2282=DIRECTION('Vector Direction',(-0.0157361272561,0.0360884662875,0.)) ;
#2289=DIRECTION('Vector Direction',(-0.0147442884748,0.0365049182629,0.)) ;
#2296=DIRECTION('Vector Direction',(-0.0141216126226,0.0367502810458,0.)) ;
#2303=DIRECTION('Vector Direction',(-0.0133471108826,0.0370385978554,0.)) ;
#2310=DIRECTION('Vector Direction',(-0.0124865856411,0.0373374916007,0.)) ;
#2317=DIRECTION('Vector Direction',(-0.0114553175298,0.0376666802399,0.)) ;
#2324=DIRECTION('Vector Direction',(-0.00960662828159,0.0381800444351,0.)) ;
#2331=DIRECTION('Vector Direction',(-0.00617551521943,0.0388827225356,0.)) ;
#2338=DIRECTION('Vector Direction',(-0.00105118876007,0.039356042766,0.)) ;
#2345=DIRECTION('Vector Direction',(0.00540924392992,0.0389967072983,0.)) ;
#2352=DIRECTION('Vector Direction',(0.0118041101916,0.0375588349472,0.)) ;
#2359=DIRECTION('Vector Direction',(0.0175397670969,0.0352471228641,0.)) ;
#2366=DIRECTION('Vector Direction',(0.0224278589859,0.032357290389,0.)) ;
#2373=DIRECTION('Vector Direction',(0.0254250691457,0.0300594237959,0.)) ;
#2380=DIRECTION('Vector Direction',(-0.00598674126731,-0.0389122349526,0.)) ;
#2421=DIRECTION('Vector Direction',(0.0381356330988,-0.00978144100648,0.)) ;
#2430=DIRECTION('Vector Direction',(0.0382124809145,-0.00947678227919,0.)) ;
#2437=DIRECTION('Vector Direction',(0.0382892734873,-0.00916158478769,0.)) ;
#2444=DIRECTION('Vector Direction',(0.0383760010912,-0.00879122518516,0.)) ;
#2451=DIRECTION('Vector Direction',(0.0384648346701,-0.0083940213133,0.)) ;
#2458=DIRECTION('Vector Direction',(0.0385703353516,-0.00789508270213,0.)) ;
#2465=DIRECTION('Vector Direction',(0.0386704950516,-0.00738890468686,0.)) ;
#2472=DIRECTION('Vector Direction',(0.0388418616041,-0.00642751018161,0.)) ;
#2479=DIRECTION('Vector Direction',(0.0390880975762,-0.00470358670413,0.)) ;
#2486=DIRECTION('Vector Direction',(0.0392629290445,-0.00290267167538,0.)) ;
#2493=DIRECTION('Vector Direction',(0.03932568689,-0.00186907748197,0.)) ;
#2500=DIRECTION('Vector Direction',(0.0393467438251,-0.00135530453095,0.)) ;
#2507=DIRECTION('Vector Direction',(0.0393608441813,-0.000852669537315,0.)) ;
#2514=DIRECTION('Vector Direction',(0.0393676110218,-0.000440797503801,0.)) ;
#2521=DIRECTION('Vector Direction',(0.0393700013886,-7.80427279355E-005,0.)) ;
#2528=DIRECTION('Vector Direction',(0.0393693238118,0.000243808543331,0.)) ;
#2535=DIRECTION('Vector Direction',(0.0393663679732,0.000540529926742,0.)) ;
#2542=DIRECTION('Vector Direction',(0.0393672094675,0.000475309105191,0.)) ;
#2549=DIRECTION('Vector Direction',(-0.0257450458211,-0.0297858307871,0.)) ;
#2556=DIRECTION('Vector Direction',(-0.024821457255,-0.0305597506493,0.)) ;
#2563=DIRECTION('Vector Direction',(-0.02377026096,-0.0313843558784,0.)) ;
#2570=DIRECTION('Vector Direction',(-0.0225344419899,-0.0322831538765,0.)) ;
#2577=DIRECTION('Vector Direction',(-0.0210683146102,-0.0332585210058,0.)) ;
#2584=DIRECTION('Vector Direction',(-0.0193255067748,-0.0343005522973,0.)) ;
#2591=DIRECTION('Vector Direction',(-0.0172904065545,-0.0353701136722,0.)) ;
#2598=DIRECTION('Vector Direction',(-0.0148115565992,-0.0364776766134,0.)) ;
#2605=DIRECTION('Vector Direction',(-0.0118652437476,-0.0375395670036,0.)) ;
#2612=DIRECTION('Vector Direction',(-0.00838529972672,-0.0384667369099,0.)) ;
#2619=DIRECTION('Vector Direction',(-0.00433668653406,-0.0391305028068,0.)) ;
#2626=DIRECTION('Vector Direction',(-0.000779668159526,-0.0393623578761,0.)) ;
#2633=DIRECTION('Vector Direction',(0.0023490878449,-0.0392999349402,0.)) ;
#2640=DIRECTION('Vector Direction',(0.00497937495149,-0.0390539232997,0.)) ;
#2647=DIRECTION('Vector Direction',(0.00722133352335,-0.0387021374365,0.)) ;
#2654=DIRECTION('Vector Direction',(0.00917894116699,-0.0382851164169,0.)) ;
#2661=DIRECTION('Vector Direction',(0.0108205889155,-0.037853902778,0.)) ;
#2668=DIRECTION('Vector Direction',(0.0122549475025,-0.0374141599093,0.)) ;
#2675=DIRECTION('Vector Direction',(0.0134832588786,-0.0369892528989,0.)) ;
#2682=DIRECTION('Vector Direction',(0.0145727246383,-0.0365737446349,0.)) ;
#2689=DIRECTION('Vector Direction',(0.0157010627264,-0.0361037356691,0.)) ;
#2696=DIRECTION('Vector Direction',(0.0146910530264,-0.0365263748678,0.)) ;
#2703=DIRECTION('Vector Direction',(0.014079565049,-0.036766410595,0.)) ;
#2710=DIRECTION('Vector Direction',(0.0363732099414,0.0150662768648,0.)) ;
#2717=DIRECTION('Vector Direction',(-0.0150662768648,0.0363732099414,0.)) ;
#2724=DIRECTION('Vector Direction',(-0.0363732099414,-0.0150662768648,0.)) ;
#2731=DIRECTION('Vector Direction',(-0.0163090604236,0.0358331919888,0.)) ;
#2738=DIRECTION('Vector Direction',(-0.0166174697766,0.0356912145805,0.)) ;
#2745=DIRECTION('Vector Direction',(-0.016252322768,0.035858961288,0.)) ;
#2752=DIRECTION('Vector Direction',(-0.0158836805321,0.036023767054,0.)) ;
#2759=DIRECTION('Vector Direction',(-0.015549870848,0.0361691113606,0.)) ;
#2766=DIRECTION('Vector Direction',(-0.0152119390901,0.0363125323976,0.)) ;
#2773=DIRECTION('Vector Direction',(-0.0140847404135,0.03676442829,0.)) ;
#2780=DIRECTION('Vector Direction',(-0.011830717563,0.0375504623401,0.)) ;
#2787=DIRECTION('Vector Direction',(-0.00913917801084,0.0382946278908,0.)) ;
#2794=DIRECTION('Vector Direction',(-0.00591721014794,0.0389228689085,0.)) ;
#2801=DIRECTION('Vector Direction',(-0.00210583588016,0.0393137196822,0.)) ;
#2808=DIRECTION('Vector Direction',(0.00237036846796,0.0392986571441,0.)) ;
#2815=DIRECTION('Vector Direction',(0.00745036231783,0.0386587014958,0.)) ;
#2822=DIRECTION('Vector Direction',(0.0129366289245,0.0371839579937,0.)) ;
#2829=DIRECTION('Vector Direction',(0.0185570502955,0.0347223124854,0.)) ;
#2836=DIRECTION('Vector Direction',(0.0238430574386,0.031329087315,0.)) ;
#2843=DIRECTION('Vector Direction',(-0.0127560419472,-0.0372462950352,0.)) ;
#2850=DIRECTION('Vector Direction',(-0.00938590172348,-0.0382349048494,0.)) ;
#2857=DIRECTION('Vector Direction',(-0.00567134044127,-0.0389594532509,0.)) ;
#2864=DIRECTION('Vector Direction',(-0.00173568764402,-0.039331799964,0.)) ;
#2871=DIRECTION('Vector Direction',(0.00237406576581,-0.0392984339605,0.)) ;
#2878=DIRECTION('Vector Direction',(0.00642446277787,-0.0388423657624,0.)) ;
#2885=DIRECTION('Vector Direction',(0.00876956755246,-0.0383809560192,0.)) ;
#2892=DIRECTION('Vector Direction',(0.0100789711916,-0.0380580798218,0.)) ;
#2899=DIRECTION('Vector Direction',(0.0111455395512,-0.0377595027525,0.)) ;
#2906=DIRECTION('Vector Direction',(0.0120896125074,-0.0374679111965,0.)) ;
#2913=DIRECTION('Vector Direction',(0.0128843364258,-0.0372021098175,0.)) ;
#2920=DIRECTION('Vector Direction',(0.0136298808529,-0.0369354768203,0.)) ;
#2927=DIRECTION('Vector Direction',(0.0142422058295,-0.0367037147046,0.)) ;
#2934=DIRECTION('Vector Direction',(0.0148068636848,-0.0364795817935,0.)) ;
#2941=DIRECTION('Vector Direction',(0.0154846159952,-0.0361970961195,0.)) ;
#2948=DIRECTION('Vector Direction',(0.016158783859,-0.0359012089519,0.)) ;
#2955=DIRECTION('Vector Direction',(0.0167453156759,-0.0356314117447,0.)) ;
#2962=DIRECTION('Vector Direction',(0.0172422934752,-0.0353935928626,0.)) ;
#2969=DIRECTION('Vector Direction',(0.0176670833876,-0.0351834799954,0.)) ;
#2976=DIRECTION('Vector Direction',(0.0363732099414,0.0150662768648,0.)) ;
#2983=DIRECTION('Vector Direction',(-0.0150662768648,0.0363732099414,0.)) ;
#2990=DIRECTION('Vector Direction',(-0.0367716264696,0.0140659371102,0.)) ;
#2997=DIRECTION('Vector Direction',(0.0363732099414,0.0150662768648,0.)) ;
#3004=DIRECTION('Vector Direction',(-0.0148485333683,-0.0364626405628,0.)) ;
#3011=DIRECTION('Vector Direction',(0.0150662768648,-0.0363732099414,0.)) ;
#3018=DIRECTION('Vector Direction',(0.0363732099414,0.0150662768648,0.)) ;
#3025=DIRECTION('Vector Direction',(0.0153454218985,0.0362563253345,0.)) ;
#3032=DIRECTION('Vector Direction',(0.0150662768648,-0.0363732099414,0.)) ;
#3039=DIRECTION('Vector Direction',(-0.0344579074718,0.0190435215407,0.)) ;
#3046=DIRECTION('Vector Direction',(-0.0363732099414,-0.0150662768648,0.)) ;
#3053=DIRECTION('Vector Direction',(0.01644682038,-0.0357701719229,0.)) ;
#3060=DIRECTION('Vector Direction',(0.0191887200238,-0.0343772617271,0.)) ;
#3067=DIRECTION('Vector Direction',(0.0219251796293,-0.0326999938567,0.)) ;
#3074=DIRECTION('Vector Direction',(0.0245631767138,-0.0307677339063,0.)) ;
#3081=DIRECTION('Vector Direction',(0.0270279437297,-0.0286267944022,0.)) ;
#3088=DIRECTION('Vector Direction',(0.0293152871543,-0.0262795935864,0.)) ;
#3095=DIRECTION('Vector Direction',(0.0313365739195,-0.0238332170509,0.)) ;
#3102=DIRECTION('Vector Direction',(0.0330987190458,-0.0213184872243,0.)) ;
#3109=DIRECTION('Vector Direction',(0.0346096892212,-0.018766259937,0.)) ;
#3116=DIRECTION('Vector Direction',(0.0358398908923,-0.0162943340102,0.)) ;
#3123=DIRECTION('Vector Direction',(-0.0168614096943,-0.035576621019,0.)) ;
#3130=DIRECTION('Vector Direction',(-0.0364846923236,0.0147942666616,0.)) ;
#3137=DIRECTION('Vector Direction',(-0.035080119775,0.0178714380109,0.)) ;
#3144=DIRECTION('Vector Direction',(-0.0333587515531,0.0209092514171,0.)) ;
#3151=DIRECTION('Vector Direction',(-0.031337018544,0.023832632435,0.)) ;
#3158=DIRECTION('Vector Direction',(-0.0290667259655,0.0265542565638,0.)) ;
#3165=DIRECTION('Vector Direction',(-0.0266467963813,0.0289819140606,0.)) ;
#3172=DIRECTION('Vector Direction',(-0.0240483520001,0.0311717799634,0.)) ;
#3179=DIRECTION('Vector Direction',(-0.0214091324606,0.0330401596136,0.)) ;
#3186=DIRECTION('Vector Direction',(-0.0188423650795,0.0345683146569,0.)) ;
#3193=DIRECTION('Vector Direction',(-0.0162899103914,0.0358419017275,0.)) ;
#3200=DIRECTION('Vector Direction',(-0.0363732099414,-0.0150662768648,0.)) ;
#3207=DIRECTION('Vector Direction',(0.0119039288559,-0.0375273177539,0.)) ;
#3214=DIRECTION('Vector Direction',(0.01331589693,-0.0370498311596,0.)) ;
#3221=DIRECTION('Vector Direction',(0.0165629639062,-0.035716541359,0.)) ;
#3228=DIRECTION('Vector Direction',(0.0195432151824,-0.0341769782213,0.)) ;
#3235=DIRECTION('Vector Direction',(0.0224995599078,-0.0323074744287,0.)) ;
#3242=DIRECTION('Vector Direction',(0.0253046112146,-0.0301608977201,0.)) ;
#3249=DIRECTION('Vector Direction',(0.0279521400818,-0.0277250963002,0.)) ;
#3256=DIRECTION('Vector Direction',(0.0302803741522,-0.0251615190561,0.)) ;
#3263=DIRECTION('Vector Direction',(0.0323711915523,-0.0224077901072,0.)) ;
#3270=DIRECTION('Vector Direction',(0.0340977183001,-0.019681176457,0.)) ;
#3277=DIRECTION('Vector Direction',(0.0355355935731,-0.016947704547,0.)) ;
#3284=DIRECTION('Vector Direction',(0.0366827830003,-0.0142960320145,0.)) ;
#3291=DIRECTION('Vector Direction',(-0.0272821551305,-0.0283846280836,0.)) ;
#3298=DIRECTION('Vector Direction',(-0.03936913982,-0.000271900418578,0.)) ;
#3305=DIRECTION('Vector Direction',(-0.0391485704063,0.00417043584633,0.)) ;
#3312=DIRECTION('Vector Direction',(-0.0383459093848,0.00892156563928,0.)) ;
#3319=DIRECTION('Vector Direction',(-0.0368635146682,0.0138233276137,0.)) ;
#3326=DIRECTION('Vector Direction',(-0.0347302038018,0.0185422772035,0.)) ;
#3333=DIRECTION('Vector Direction',(-0.0320252210189,0.0228995266042,0.)) ;
#3340=DIRECTION('Vector Direction',(-0.0289536353437,0.0266775205068,0.)) ;
#3347=DIRECTION('Vector Direction',(-0.025677195326,0.0298443418456,0.)) ;
#3354=DIRECTION('Vector Direction',(-0.0224539236171,0.0323392086206,0.)) ;
#3361=DIRECTION('Vector Direction',(-0.0193326779317,0.0342965109595,0.)) ;
#3368=DIRECTION('Vector Direction',(-0.0363732099414,-0.0150662768648,0.)) ;
#3375=DIRECTION('Vector Direction',(-0.0142352798548,-0.0367064014507,0.)) ;
#3382=DIRECTION('Vector Direction',(-0.0150662768648,0.0363732099414,0.)) ;
#3527=DIRECTION('Vector Direction',(0.0379422638784,-0.0105065556578,0.)) ;
#3536=DIRECTION('Vector Direction',(0.038272183882,-0.00923271579263,0.)) ;
#3543=DIRECTION('Vector Direction',(0.0385847300879,-0.00782442995057,0.)) ;
#3550=DIRECTION('Vector Direction',(0.0388665411166,-0.00627655013804,0.)) ;
#3557=DIRECTION('Vector Direction',(0.0391007487494,-0.00459723256331,0.)) ;
#3564=DIRECTION('Vector Direction',(0.0392751528682,-0.00273230071358,0.)) ;
#3571=DIRECTION('Vector Direction',(0.0393641591214,-0.00068269808495,0.)) ;
#3578=DIRECTION('Vector Direction',(0.0393402583655,0.00153204821749,0.)) ;
#3585=DIRECTION('Vector Direction',(0.0391729595847,0.00393476014261,0.)) ;
#3592=DIRECTION('Vector Direction',(-0.00765209752785,-0.0386192763194,0.)) ;
#3599=DIRECTION('Vector Direction',(-0.0390726038975,-0.00483060293095,0.)) ;
#3606=DIRECTION('Vector Direction',(-0.0392996924053,-0.0023531419119,0.)) ;
#3613=DIRECTION('Vector Direction',(-0.0393700403601,5.49732082036E-005,0.)) ;
#3620=DIRECTION('Vector Direction',(-0.0393001039771,0.0023462581688,0.)) ;
#3627=DIRECTION('Vector Direction',(-0.0391096517819,0.00452086689736,0.)) ;
#3634=DIRECTION('Vector Direction',(-0.038814737343,0.00658932963194,0.)) ;
#3641=DIRECTION('Vector Direction',(-0.0384403562773,0.00850541646722,0.)) ;
#3648=DIRECTION('Vector Direction',(-0.0380040293676,0.0102808974236,0.)) ;
#3655=DIRECTION('Vector Direction',(-0.0375090027625,0.011961513774,0.)) ;
#3662=DIRECTION('Vector Direction',(-0.0369899826142,0.0134812568482,0.)) ;
#3669=DIRECTION('Vector Direction',(0.0140229848796,0.0367880278769,0.)) ;
#3676=DIRECTION('Vector Direction',(0.0375994376615,-0.0116741332675,0.)) ;
#3705=DIRECTION('Vector Direction',(-0.00513052288092,-0.0390343545479,0.)) ;
#3714=DIRECTION('Vector Direction',(-0.0363732099414,-0.0150662768648,0.)) ;
#3721=DIRECTION('Vector Direction',(0.00513052288086,0.039034354548,0.)) ;
#3728=DIRECTION('Vector Direction',(0.0363732099414,0.0150662768648,0.)) ;
#3739=DIRECTION('Vector Direction',(0.0363732099414,0.0150662768648,0.)) ;
#3748=DIRECTION('Vector Direction',(0.0188374021553,0.0345710193666,0.)) ;
#3755=DIRECTION('Vector Direction',(0.0150662768648,-0.0363732099414,0.)) ;
#3762=DIRECTION('Vector Direction',(-0.0164607754887,-0.0357637521845,0.)) ;
#3769=DIRECTION('Vector Direction',(-0.0150662768648,0.0363732099414,0.)) ;
#3776=DIRECTION('Vector Direction',(-0.0187807311788,-0.0346018386274,0.)) ;
#3783=DIRECTION('Vector Direction',(-0.0363732099414,-0.0150662768648,0.)) ;
#3790=DIRECTION('Vector Direction',(-0.0150662768648,0.0363732099414,0.)) ;
#3797=DIRECTION('Vector Direction',(0.0137604169443,0.0368870441419,0.)) ;
#3804=DIRECTION('Vector Direction',(0.0150662768648,-0.0363732099414,0.)) ;
#3822=DIRECTION('Axis2P3D Direction',(0.,0.,-0.0393700787402)) ;
#3831=DIRECTION('Axis2P3D Direction',(0.,0.,-0.0393700787402)) ;
#3841=DIRECTION('Axis2P3D Direction',(0.,0.,-0.0393700787402)) ;
#3850=DIRECTION('Axis2P3D Direction',(0.,0.,-0.0393700787402)) ;
#3860=DIRECTION('Axis2P3D Direction',(0.,0.,-0.0393700787402)) ;
#3869=DIRECTION('Axis2P3D Direction',(0.,0.,-0.0393700787402)) ;
#3879=DIRECTION('Axis2P3D Direction',(0.,0.,-0.0393700787402)) ;
#3888=DIRECTION('Axis2P3D Direction',(0.,0.,-0.0393700787402)) ;
#3898=DIRECTION('Axis2P3D Direction',(0.,0.,-0.0393700787402)) ;
#3907=DIRECTION('Axis2P3D Direction',(0.,0.,-0.0393700787402)) ;
#3917=DIRECTION('Axis2P3D Direction',(0.,0.,-0.0393700787402)) ;
#3926=DIRECTION('Axis2P3D Direction',(0.,0.,-0.0393700787402)) ;
#3936=DIRECTION('Axis2P3D Direction',(0.,0.,-0.0393700787402)) ;
#3945=DIRECTION('Axis2P3D Direction',(0.,0.,-0.0393700787402)) ;
#3955=DIRECTION('Axis2P3D Direction',(0.,0.,-0.0393700787402)) ;
#3964=DIRECTION('Axis2P3D Direction',(0.,0.,-0.0393700787402)) ;
#3974=DIRECTION('Axis2P3D Direction',(0.,-0.,0.0393700787402)) ;
#3975=DIRECTION('Axis2P3D XDirection',(0.0363732099414,0.0150662768648,0.)) ;
#3979=DIRECTION('Vector Direction',(-0.0142352798548,-0.0367064014507,0.)) ;
#3988=DIRECTION('Vector Direction',(-0.0363732099414,-0.0150662768648,0.)) ;
#3995=DIRECTION('Vector Direction',(-0.0193326779317,0.0342965109595,0.)) ;
#4002=DIRECTION('Vector Direction',(-0.0224539236171,0.0323392086206,0.)) ;
#4009=DIRECTION('Vector Direction',(-0.025677195326,0.0298443418456,0.)) ;
#4016=DIRECTION('Vector Direction',(-0.0289536353437,0.0266775205068,0.)) ;
#4023=DIRECTION('Vector Direction',(-0.0320252210189,0.0228995266042,0.)) ;
#4030=DIRECTION('Vector Direction',(-0.0347302038018,0.0185422772035,0.)) ;
#4037=DIRECTION('Vector Direction',(-0.0368635146682,0.0138233276137,0.)) ;
#4044=DIRECTION('Vector Direction',(-0.0383459093848,0.00892156563928,0.)) ;
#4051=DIRECTION('Vector Direction',(-0.0391485704063,0.00417043584632,0.)) ;
#4058=DIRECTION('Vector Direction',(-0.03936913982,-0.000271900418589,0.)) ;
#4065=DIRECTION('Vector Direction',(-0.0272821551305,-0.0283846280836,0.)) ;
#4072=DIRECTION('Vector Direction',(0.0366827830003,-0.0142960320145,0.)) ;
#4079=DIRECTION('Vector Direction',(0.0355355935731,-0.016947704547,0.)) ;
#4086=DIRECTION('Vector Direction',(0.0340977183001,-0.019681176457,0.)) ;
#4093=DIRECTION('Vector Direction',(0.0323711915523,-0.0224077901072,0.)) ;
#4100=DIRECTION('Vector Direction',(0.0302803741522,-0.0251615190561,0.)) ;
#4107=DIRECTION('Vector Direction',(0.0279521400818,-0.0277250963002,0.)) ;
#4114=DIRECTION('Vector Direction',(0.0253046112146,-0.0301608977202,0.)) ;
#4121=DIRECTION('Vector Direction',(0.0224995599078,-0.0323074744287,0.)) ;
#4128=DIRECTION('Vector Direction',(0.0195432151824,-0.0341769782213,0.)) ;
#4135=DIRECTION('Vector Direction',(0.0165629639062,-0.035716541359,0.)) ;
#4142=DIRECTION('Vector Direction',(0.01331589693,-0.0370498311596,0.)) ;
#4149=DIRECTION('Vector Direction',(0.0119039288559,-0.0375273177539,0.)) ;
#4156=DIRECTION('Vector Direction',(-0.0363732099414,-0.0150662768648,0.)) ;
#4163=DIRECTION('Vector Direction',(-0.0162899103914,0.0358419017275,0.)) ;
#4170=DIRECTION('Vector Direction',(-0.0188423650795,0.0345683146569,0.)) ;
#4177=DIRECTION('Vector Direction',(-0.0214091324606,0.0330401596136,0.)) ;
#4184=DIRECTION('Vector Direction',(-0.0240483520001,0.0311717799634,0.)) ;
#4191=DIRECTION('Vector Direction',(-0.0266467963813,0.0289819140606,0.)) ;
#4198=DIRECTION('Vector Direction',(-0.0290667259655,0.0265542565638,0.)) ;
#4205=DIRECTION('Vector Direction',(-0.031337018544,0.023832632435,0.)) ;
#4212=DIRECTION('Vector Direction',(-0.0333587515531,0.0209092514171,0.)) ;
#4219=DIRECTION('Vector Direction',(-0.035080119775,0.017871438011,0.)) ;
#4226=DIRECTION('Vector Direction',(-0.0364846923236,0.0147942666616,0.)) ;
#4233=DIRECTION('Vector Direction',(-0.0168614096943,-0.035576621019,0.)) ;
#4240=DIRECTION('Vector Direction',(0.0358398908923,-0.0162943340102,0.)) ;
#4247=DIRECTION('Vector Direction',(0.0346096892212,-0.018766259937,0.)) ;
#4254=DIRECTION('Vector Direction',(0.0330987190458,-0.0213184872243,0.)) ;
#4261=DIRECTION('Vector Direction',(0.0313365739195,-0.0238332170509,0.)) ;
#4268=DIRECTION('Vector Direction',(0.0293152871543,-0.0262795935864,0.)) ;
#4275=DIRECTION('Vector Direction',(0.0270279437297,-0.0286267944022,0.)) ;
#4282=DIRECTION('Vector Direction',(0.0245631767138,-0.0307677339063,0.)) ;
#4289=DIRECTION('Vector Direction',(0.0219251796293,-0.0326999938567,0.)) ;
#4296=DIRECTION('Vector Direction',(0.0191887200238,-0.0343772617271,0.)) ;
#4303=DIRECTION('Vector Direction',(0.01644682038,-0.0357701719229,0.)) ;
#4310=DIRECTION('Vector Direction',(-0.0363732099414,-0.0150662768648,0.)) ;
#4317=DIRECTION('Vector Direction',(-0.0344579074718,0.0190435215407,0.)) ;
#4324=DIRECTION('Vector Direction',(0.0150662768648,-0.0363732099414,0.)) ;
#4331=DIRECTION('Vector Direction',(0.0153454218985,0.0362563253345,0.)) ;
#4338=DIRECTION('Vector Direction',(0.0363732099414,0.0150662768648,0.)) ;
#4345=DIRECTION('Vector Direction',(0.0150662768648,-0.0363732099414,0.)) ;
#4352=DIRECTION('Vector Direction',(-0.0148485333683,-0.0364626405628,0.)) ;
#4359=DIRECTION('Vector Direction',(0.0363732099414,0.0150662768648,0.)) ;
#4366=DIRECTION('Vector Direction',(-0.0367716264696,0.0140659371102,0.)) ;
#4373=DIRECTION('Vector Direction',(-0.0150662768648,0.0363732099414,0.)) ;
#4380=DIRECTION('Vector Direction',(0.0363732099414,0.0150662768648,0.)) ;
#4387=DIRECTION('Vector Direction',(0.0176670833876,-0.0351834799954,0.)) ;
#4394=DIRECTION('Vector Direction',(0.0172422934752,-0.0353935928626,0.)) ;
#4401=DIRECTION('Vector Direction',(0.0167453156759,-0.0356314117447,0.)) ;
#4408=DIRECTION('Vector Direction',(0.016158783859,-0.0359012089518,0.)) ;
#4415=DIRECTION('Vector Direction',(0.0154846159952,-0.0361970961195,0.)) ;
#4422=DIRECTION('Vector Direction',(0.0148068636848,-0.0364795817935,0.)) ;
#4429=DIRECTION('Vector Direction',(0.0142422058295,-0.0367037147046,0.)) ;
#4436=DIRECTION('Vector Direction',(0.0136298808529,-0.0369354768203,0.)) ;
#4443=DIRECTION('Vector Direction',(0.0128843364258,-0.0372021098175,0.)) ;
#4450=DIRECTION('Vector Direction',(0.0120896125074,-0.0374679111965,0.)) ;
#4457=DIRECTION('Vector Direction',(0.0111455395512,-0.0377595027525,0.)) ;
#4464=DIRECTION('Vector Direction',(0.0100789711916,-0.0380580798218,0.)) ;
#4471=DIRECTION('Vector Direction',(0.00876956755245,-0.0383809560192,0.)) ;
#4478=DIRECTION('Vector Direction',(0.00642446277787,-0.0388423657624,0.)) ;
#4485=DIRECTION('Vector Direction',(0.00237406576582,-0.0392984339605,0.)) ;
#4492=DIRECTION('Vector Direction',(-0.00173568764403,-0.039331799964,0.)) ;
#4499=DIRECTION('Vector Direction',(-0.00567134044129,-0.0389594532508,0.)) ;
#4506=DIRECTION('Vector Direction',(-0.0093859017235,-0.0382349048494,0.)) ;
#4513=DIRECTION('Vector Direction',(-0.0127560419472,-0.0372462950352,0.)) ;
#4520=DIRECTION('Vector Direction',(0.0238430574385,0.031329087315,0.)) ;
#4527=DIRECTION('Vector Direction',(0.0185570502955,0.0347223124854,0.)) ;
#4534=DIRECTION('Vector Direction',(0.0129366289245,0.0371839579937,0.)) ;
#4541=DIRECTION('Vector Direction',(0.00745036231781,0.0386587014958,0.)) ;
#4548=DIRECTION('Vector Direction',(0.00237036846796,0.0392986571441,0.)) ;
#4555=DIRECTION('Vector Direction',(-0.00210583588016,0.0393137196822,0.)) ;
#4562=DIRECTION('Vector Direction',(-0.00591721014794,0.0389228689085,0.)) ;
#4569=DIRECTION('Vector Direction',(-0.00913917801084,0.0382946278908,0.)) ;
#4576=DIRECTION('Vector Direction',(-0.011830717563,0.0375504623401,0.)) ;
#4583=DIRECTION('Vector Direction',(-0.0140847404135,0.03676442829,0.)) ;
#4590=DIRECTION('Vector Direction',(-0.0152119390901,0.0363125323976,0.)) ;
#4597=DIRECTION('Vector Direction',(-0.015549870848,0.0361691113606,0.)) ;
#4604=DIRECTION('Vector Direction',(-0.0158836805321,0.036023767054,0.)) ;
#4611=DIRECTION('Vector Direction',(-0.016252322768,0.035858961288,0.)) ;
#4618=DIRECTION('Vector Direction',(-0.0166174697766,0.0356912145805,0.)) ;
#4625=DIRECTION('Vector Direction',(-0.0163090604236,0.0358331919888,0.)) ;
#4632=DIRECTION('Vector Direction',(-0.0363732099414,-0.0150662768648,0.)) ;
#4639=DIRECTION('Vector Direction',(-0.0150662768648,0.0363732099414,0.)) ;
#4646=DIRECTION('Vector Direction',(0.0363732099414,0.0150662768648,0.)) ;
#4653=DIRECTION('Vector Direction',(0.014079565049,-0.036766410595,0.)) ;
#4660=DIRECTION('Vector Direction',(0.0146910530264,-0.0365263748678,0.)) ;
#4667=DIRECTION('Vector Direction',(0.0157010627264,-0.0361037356691,0.)) ;
#4674=DIRECTION('Vector Direction',(0.0145727246383,-0.0365737446349,0.)) ;
#4681=DIRECTION('Vector Direction',(0.0134832588786,-0.0369892528989,0.)) ;
#4688=DIRECTION('Vector Direction',(0.0122549475025,-0.0374141599093,0.)) ;
#4695=DIRECTION('Vector Direction',(0.0108205889155,-0.037853902778,0.)) ;
#4702=DIRECTION('Vector Direction',(0.00917894116697,-0.038285116417,0.)) ;
#4709=DIRECTION('Vector Direction',(0.00722133352335,-0.0387021374365,0.)) ;
#4716=DIRECTION('Vector Direction',(0.00497937495149,-0.0390539232997,0.)) ;
#4723=DIRECTION('Vector Direction',(0.00234908784489,-0.0392999349402,0.)) ;
#4730=DIRECTION('Vector Direction',(-0.000779668159514,-0.0393623578761,0.)) ;
#4737=DIRECTION('Vector Direction',(-0.00433668653406,-0.0391305028068,0.)) ;
#4744=DIRECTION('Vector Direction',(-0.00838529972675,-0.0384667369099,0.)) ;
#4751=DIRECTION('Vector Direction',(-0.0118652437477,-0.0375395670036,0.)) ;
#4758=DIRECTION('Vector Direction',(-0.0148115565992,-0.0364776766134,0.)) ;
#4765=DIRECTION('Vector Direction',(-0.0172904065545,-0.0353701136722,0.)) ;
#4772=DIRECTION('Vector Direction',(-0.0193255067748,-0.0343005522973,0.)) ;
#4779=DIRECTION('Vector Direction',(-0.0210683146102,-0.0332585210058,0.)) ;
#4786=DIRECTION('Vector Direction',(-0.0225344419899,-0.0322831538765,0.)) ;
#4793=DIRECTION('Vector Direction',(-0.02377026096,-0.0313843558784,0.)) ;
#4800=DIRECTION('Vector Direction',(-0.024821457255,-0.0305597506493,0.)) ;
#4807=DIRECTION('Vector Direction',(-0.0257450458211,-0.0297858307871,0.)) ;
#4814=DIRECTION('Vector Direction',(0.0393672094675,0.000475309105191,0.)) ;
#4821=DIRECTION('Vector Direction',(0.0393663679732,0.000540529926728,0.)) ;
#4828=DIRECTION('Vector Direction',(0.0393693238118,0.000243808543346,0.)) ;
#4835=DIRECTION('Vector Direction',(0.0393700013886,-7.80427279355E-005,0.)) ;
#4842=DIRECTION('Vector Direction',(0.0393676110218,-0.000440797503801,0.)) ;
#4849=DIRECTION('Vector Direction',(0.0393608441813,-0.000852669537333,0.)) ;
#4856=DIRECTION('Vector Direction',(0.0393467438251,-0.00135530453095,0.)) ;
#4863=DIRECTION('Vector Direction',(0.03932568689,-0.00186907748199,0.)) ;
#4870=DIRECTION('Vector Direction',(0.0392629290445,-0.00290267167537,0.)) ;
#4877=DIRECTION('Vector Direction',(0.0390880975762,-0.00470358670414,0.)) ;
#4884=DIRECTION('Vector Direction',(0.0388418616041,-0.00642751018159,0.)) ;
#4891=DIRECTION('Vector Direction',(0.0386704950516,-0.00738890468688,0.)) ;
#4898=DIRECTION('Vector Direction',(0.0385703353516,-0.00789508270212,0.)) ;
#4905=DIRECTION('Vector Direction',(0.0384648346701,-0.00839402131329,0.)) ;
#4912=DIRECTION('Vector Direction',(0.0383760010912,-0.00879122518518,0.)) ;
#4919=DIRECTION('Vector Direction',(0.0382892734873,-0.00916158478767,0.)) ;
#4926=DIRECTION('Vector Direction',(0.0382124809145,-0.00947678227919,0.)) ;
#4933=DIRECTION('Vector Direction',(0.0381356330988,-0.00978144100648,0.)) ;
#4940=DIRECTION('Vector Direction',(-0.0150662768648,0.0363732099414,0.)) ;
#5094=DIRECTION('Axis2P3D Direction',(0.0367064014507,-0.0142352798548,0.)) ;
#5095=DIRECTION('Axis2P3D XDirection',(-0.0142352798548,-0.0367064014507,-0.)) ;
#5099=DIRECTION('Vector Direction',(0.,0.,-0.0393700787402)) ;
#5104=DIRECTION('Vector Direction',(0.,0.,-0.0393700787402)) ;
#5123=DIRECTION('Axis2P3D Direction',(0.0150662768648,-0.0363732099414,0.)) ;
#5124=DIRECTION('Axis2P3D XDirection',(-0.0363732099414,-0.0150662768648,-0.)) ;
#5128=DIRECTION('Vector Direction',(0.,0.,-0.0393700787402)) ;
#5147=DIRECTION('Axis2P3D Direction',(-0.0342965109595,-0.0193326779317,-0.)) ;
#5148=DIRECTION('Axis2P3D XDirection',(-0.0193326779317,0.0342965109595,0.)) ;
#5152=DIRECTION('Vector Direction',(0.,0.,-0.0393700787402)) ;
#5171=DIRECTION('Axis2P3D Direction',(-0.0323392086206,-0.0224539236171,-0.)) ;
#5172=DIRECTION('Axis2P3D XDirection',(-0.0224539236171,0.0323392086206,0.)) ;
#5176=DIRECTION('Vector Direction',(0.,0.,-0.0393700787402)) ;
#5195=DIRECTION('Axis2P3D Direction',(-0.0298443418456,-0.025677195326,-0.)) ;
#5196=DIRECTION('Axis2P3D XDirection',(-0.025677195326,0.0298443418456,0.)) ;
#5200=DIRECTION('Vector Direction',(0.,0.,-0.0393700787402)) ;
#5219=DIRECTION('Axis2P3D Direction',(-0.0266775205068,-0.0289536353437,-0.)) ;
#5220=DIRECTION('Axis2P3D XDirection',(-0.0289536353437,0.0266775205068,0.)) ;
#5224=DIRECTION('Vector Direction',(0.,0.,-0.0393700787402)) ;
#5243=DIRECTION('Axis2P3D Direction',(-0.0228995266042,-0.0320252210189,-0.)) ;
#5244=DIRECTION('Axis2P3D XDirection',(-0.0320252210189,0.0228995266042,0.)) ;
#5248=DIRECTION('Vector Direction',(0.,0.,-0.0393700787402)) ;
#5267=DIRECTION('Axis2P3D Direction',(-0.0185422772035,-0.0347302038018,-0.)) ;
#5268=DIRECTION('Axis2P3D XDirection',(-0.0347302038018,0.0185422772035,0.)) ;
#5272=DIRECTION('Vector Direction',(0.,0.,-0.0393700787402)) ;
#5291=DIRECTION('Axis2P3D Direction',(-0.0138233276137,-0.0368635146682,-0.)) ;
#5292=DIRECTION('Axis2P3D XDirection',(-0.0368635146682,0.0138233276137,0.)) ;
#5296=DIRECTION('Vector Direction',(0.,0.,-0.0393700787402)) ;
#5315=DIRECTION('Axis2P3D Direction',(-0.00892156563928,-0.0383459093848,-0.)) ;
#5316=DIRECTION('Axis2P3D XDirection',(-0.0383459093848,0.00892156563928,0.)) ;
#5320=DIRECTION('Vector Direction',(0.,0.,-0.0393700787402)) ;
#5339=DIRECTION('Axis2P3D Direction',(-0.00417043584632,-0.0391485704063,-0.)) ;
#5340=DIRECTION('Axis2P3D XDirection',(-0.0391485704063,0.00417043584632,0.)) ;
#5344=DIRECTION('Vector Direction',(0.,0.,-0.0393700787402)) ;
#5363=DIRECTION('Axis2P3D Direction',(0.000271900418584,-0.03936913982,0.)) ;
#5364=DIRECTION('Axis2P3D XDirection',(-0.03936913982,-0.000271900418584,0.)) ;
#5368=DIRECTION('Vector Direction',(0.,0.,-0.0393700787402)) ;
#5387=DIRECTION('Axis2P3D Direction',(0.0283846280836,-0.0272821551305,0.)) ;
#5388=DIRECTION('Axis2P3D XDirection',(-0.0272821551305,-0.0283846280836,-0.)) ;
#5392=DIRECTION('Vector Direction',(0.,0.,-0.0393700787402)) ;
#5411=DIRECTION('Axis2P3D Direction',(0.0142960320145,0.0366827830003,0.)) ;
#5412=DIRECTION('Axis2P3D XDirection',(0.0366827830003,-0.0142960320145,0.)) ;
#5416=DIRECTION('Vector Direction',(0.,0.,-0.0393700787402)) ;
#5435=DIRECTION('Axis2P3D Direction',(0.016947704547,0.0355355935731,0.)) ;
#5436=DIRECTION('Axis2P3D XDirection',(0.0355355935731,-0.016947704547,0.)) ;
#5440=DIRECTION('Vector Direction',(0.,0.,-0.0393700787402)) ;
#5459=DIRECTION('Axis2P3D Direction',(0.019681176457,0.0340977183001,0.)) ;
#5460=DIRECTION('Axis2P3D XDirection',(0.0340977183001,-0.019681176457,0.)) ;
#5464=DIRECTION('Vector Direction',(0.,0.,-0.0393700787402)) ;
#5483=DIRECTION('Axis2P3D Direction',(0.0224077901072,0.0323711915523,0.)) ;
#5484=DIRECTION('Axis2P3D XDirection',(0.0323711915523,-0.0224077901072,0.)) ;
#5488=DIRECTION('Vector Direction',(0.,0.,-0.0393700787402)) ;
#5507=DIRECTION('Axis2P3D Direction',(0.0251615190561,0.0302803741522,0.)) ;
#5508=DIRECTION('Axis2P3D XDirection',(0.0302803741522,-0.0251615190561,0.)) ;
#5512=DIRECTION('Vector Direction',(0.,0.,-0.0393700787402)) ;
#5531=DIRECTION('Axis2P3D Direction',(0.0277250963002,0.0279521400818,0.)) ;
#5532=DIRECTION('Axis2P3D XDirection',(0.0279521400818,-0.0277250963002,0.)) ;
#5536=DIRECTION('Vector Direction',(0.,0.,-0.0393700787402)) ;
#5555=DIRECTION('Axis2P3D Direction',(0.0301608977201,0.0253046112146,0.)) ;
#5556=DIRECTION('Axis2P3D XDirection',(0.0253046112146,-0.0301608977201,0.)) ;
#5560=DIRECTION('Vector Direction',(0.,0.,-0.0393700787402)) ;
#5579=DIRECTION('Axis2P3D Direction',(0.0323074744287,0.0224995599078,0.)) ;
#5580=DIRECTION('Axis2P3D XDirection',(0.0224995599078,-0.0323074744287,0.)) ;
#5584=DIRECTION('Vector Direction',(0.,0.,-0.0393700787402)) ;
#5603=DIRECTION('Axis2P3D Direction',(0.0341769782213,0.0195432151824,0.)) ;
#5604=DIRECTION('Axis2P3D XDirection',(0.0195432151824,-0.0341769782213,0.)) ;
#5608=DIRECTION('Vector Direction',(0.,0.,-0.0393700787402)) ;
#5627=DIRECTION('Axis2P3D Direction',(0.035716541359,0.0165629639062,0.)) ;
#5628=DIRECTION('Axis2P3D XDirection',(0.0165629639062,-0.035716541359,0.)) ;
#5632=DIRECTION('Vector Direction',(0.,0.,-0.0393700787402)) ;
#5651=DIRECTION('Axis2P3D Direction',(0.0370498311596,0.01331589693,0.)) ;
#5652=DIRECTION('Axis2P3D XDirection',(0.01331589693,-0.0370498311596,-0.)) ;
#5656=DIRECTION('Vector Direction',(0.,0.,-0.0393700787402)) ;
#5675=DIRECTION('Axis2P3D Direction',(0.0375273177539,0.0119039288559,0.)) ;
#5676=DIRECTION('Axis2P3D XDirection',(0.0119039288559,-0.0375273177539,-0.)) ;
#5680=DIRECTION('Vector Direction',(0.,0.,-0.0393700787402)) ;
#5699=DIRECTION('Vector Direction',(0.,0.,-0.0393700787402)) ;
#5718=DIRECTION('Axis2P3D Direction',(-0.0358419017275,-0.0162899103914,-0.)) ;
#5719=DIRECTION('Axis2P3D XDirection',(-0.0162899103914,0.0358419017275,0.)) ;
#5723=DIRECTION('Vector Direction',(0.,0.,-0.0393700787402)) ;
#5742=DIRECTION('Axis2P3D Direction',(-0.0345683146569,-0.0188423650795,-0.)) ;
#5743=DIRECTION('Axis2P3D XDirection',(-0.0188423650795,0.0345683146569,0.)) ;
#5747=DIRECTION('Vector Direction',(0.,0.,-0.0393700787402)) ;
#5766=DIRECTION('Axis2P3D Direction',(-0.0330401596136,-0.0214091324606,-0.)) ;
#5767=DIRECTION('Axis2P3D XDirection',(-0.0214091324606,0.0330401596136,0.)) ;
#5771=DIRECTION('Vector Direction',(0.,0.,-0.0393700787402)) ;
#5790=DIRECTION('Axis2P3D Direction',(-0.0311717799634,-0.0240483520001,-0.)) ;
#5791=DIRECTION('Axis2P3D XDirection',(-0.0240483520001,0.0311717799634,0.)) ;
#5795=DIRECTION('Vector Direction',(0.,0.,-0.0393700787402)) ;
#5814=DIRECTION('Axis2P3D Direction',(-0.0289819140606,-0.0266467963813,-0.)) ;
#5815=DIRECTION('Axis2P3D XDirection',(-0.0266467963813,0.0289819140606,0.)) ;
#5819=DIRECTION('Vector Direction',(0.,0.,-0.0393700787402)) ;
#5838=DIRECTION('Axis2P3D Direction',(-0.0265542565638,-0.0290667259655,-0.)) ;
#5839=DIRECTION('Axis2P3D XDirection',(-0.0290667259655,0.0265542565638,0.)) ;
#5843=DIRECTION('Vector Direction',(0.,0.,-0.0393700787402)) ;
#5862=DIRECTION('Axis2P3D Direction',(-0.023832632435,-0.031337018544,-0.)) ;
#5863=DIRECTION('Axis2P3D XDirection',(-0.031337018544,0.023832632435,0.)) ;
#5867=DIRECTION('Vector Direction',(0.,0.,-0.0393700787402)) ;
#5886=DIRECTION('Axis2P3D Direction',(-0.0209092514171,-0.0333587515531,-0.)) ;
#5887=DIRECTION('Axis2P3D XDirection',(-0.0333587515531,0.0209092514171,0.)) ;
#5891=DIRECTION('Vector Direction',(0.,0.,-0.0393700787402)) ;
#5910=DIRECTION('Axis2P3D Direction',(-0.0178714380109,-0.035080119775,-0.)) ;
#5911=DIRECTION('Axis2P3D XDirection',(-0.035080119775,0.0178714380109,0.)) ;
#5915=DIRECTION('Vector Direction',(0.,0.,-0.0393700787402)) ;
#5934=DIRECTION('Axis2P3D Direction',(-0.0147942666616,-0.0364846923236,-0.)) ;
#5935=DIRECTION('Axis2P3D XDirection',(-0.0364846923236,0.0147942666616,0.)) ;
#5939=DIRECTION('Vector Direction',(0.,0.,-0.0393700787402)) ;
#5958=DIRECTION('Axis2P3D Direction',(0.035576621019,-0.0168614096943,0.)) ;
#5959=DIRECTION('Axis2P3D XDirection',(-0.0168614096943,-0.035576621019,-0.)) ;
#5963=DIRECTION('Vector Direction',(0.,0.,-0.0393700787402)) ;
#5982=DIRECTION('Axis2P3D Direction',(0.0162943340102,0.0358398908923,0.)) ;
#5983=DIRECTION('Axis2P3D XDirection',(0.0358398908923,-0.0162943340102,0.)) ;
#5987=DIRECTION('Vector Direction',(0.,0.,-0.0393700787402)) ;
#6006=DIRECTION('Axis2P3D Direction',(0.018766259937,0.0346096892212,0.)) ;
#6007=DIRECTION('Axis2P3D XDirection',(0.0346096892212,-0.018766259937,0.)) ;
#6011=DIRECTION('Vector Direction',(0.,0.,-0.0393700787402)) ;
#6030=DIRECTION('Axis2P3D Direction',(0.0213184872243,0.0330987190458,0.)) ;
#6031=DIRECTION('Axis2P3D XDirection',(0.0330987190458,-0.0213184872243,0.)) ;
#6035=DIRECTION('Vector Direction',(0.,0.,-0.0393700787402)) ;
#6054=DIRECTION('Axis2P3D Direction',(0.0238332170509,0.0313365739195,0.)) ;
#6055=DIRECTION('Axis2P3D XDirection',(0.0313365739195,-0.0238332170509,0.)) ;
#6059=DIRECTION('Vector Direction',(0.,0.,-0.0393700787402)) ;
#6078=DIRECTION('Axis2P3D Direction',(0.0262795935864,0.0293152871543,0.)) ;
#6079=DIRECTION('Axis2P3D XDirection',(0.0293152871543,-0.0262795935864,0.)) ;
#6083=DIRECTION('Vector Direction',(0.,0.,-0.0393700787402)) ;
#6102=DIRECTION('Axis2P3D Direction',(0.0286267944022,0.0270279437297,0.)) ;
#6103=DIRECTION('Axis2P3D XDirection',(0.0270279437297,-0.0286267944022,0.)) ;
#6107=DIRECTION('Vector Direction',(0.,0.,-0.0393700787402)) ;
#6126=DIRECTION('Axis2P3D Direction',(0.0307677339063,0.0245631767138,0.)) ;
#6127=DIRECTION('Axis2P3D XDirection',(0.0245631767138,-0.0307677339063,0.)) ;
#6131=DIRECTION('Vector Direction',(0.,0.,-0.0393700787402)) ;
#6150=DIRECTION('Axis2P3D Direction',(0.0326999938567,0.0219251796293,0.)) ;
#6151=DIRECTION('Axis2P3D XDirection',(0.0219251796293,-0.0326999938567,0.)) ;
#6155=DIRECTION('Vector Direction',(0.,0.,-0.0393700787402)) ;
#6174=DIRECTION('Axis2P3D Direction',(0.0343772617271,0.0191887200238,0.)) ;
#6175=DIRECTION('Axis2P3D XDirection',(0.0191887200238,-0.0343772617271,0.)) ;
#6179=DIRECTION('Vector Direction',(0.,0.,-0.0393700787402)) ;
#6198=DIRECTION('Axis2P3D Direction',(0.0357701719229,0.01644682038,0.)) ;
#6199=DIRECTION('Axis2P3D XDirection',(0.01644682038,-0.0357701719229,0.)) ;
#6203=DIRECTION('Vector Direction',(0.,0.,-0.0393700787402)) ;
#6222=DIRECTION('Vector Direction',(0.,0.,-0.0393700787402)) ;
#6241=DIRECTION('Axis2P3D Direction',(-0.0190435215407,-0.0344579074718,-0.)) ;
#6242=DIRECTION('Axis2P3D XDirection',(-0.0344579074718,0.0190435215407,0.)) ;
#6246=DIRECTION('Vector Direction',(0.,0.,-0.0393700787402)) ;
#6265=DIRECTION('Axis2P3D Direction',(0.0363732099414,0.0150662768648,0.)) ;
#6266=DIRECTION('Axis2P3D XDirection',(0.0150662768648,-0.0363732099414,0.)) ;
#6270=DIRECTION('Vector Direction',(0.,0.,-0.0393700787402)) ;
#6289=DIRECTION('Axis2P3D Direction',(-0.0362563253345,0.0153454218985,0.)) ;
#6290=DIRECTION('Axis2P3D XDirection',(0.0153454218985,0.0362563253345,0.)) ;
#6294=DIRECTION('Vector Direction',(0.,0.,-0.0393700787402)) ;
#6313=DIRECTION('Axis2P3D Direction',(-0.0150662768648,0.0363732099414,0.)) ;
#6314=DIRECTION('Axis2P3D XDirection',(0.0363732099414,0.0150662768648,0.)) ;
#6318=DIRECTION('Vector Direction',(0.,0.,-0.0393700787402)) ;
#6337=DIRECTION('Axis2P3D Direction',(0.0363732099414,0.0150662768648,0.)) ;
#6338=DIRECTION('Axis2P3D XDirection',(0.0150662768648,-0.0363732099414,0.)) ;
#6342=DIRECTION('Vector Direction',(0.,0.,-0.0393700787402)) ;
#6361=DIRECTION('Axis2P3D Direction',(0.0364626405628,-0.0148485333683,0.)) ;
#6362=DIRECTION('Axis2P3D XDirection',(-0.0148485333683,-0.0364626405628,-0.)) ;
#6366=DIRECTION('Vector Direction',(0.,0.,-0.0393700787402)) ;
#6385=DIRECTION('Axis2P3D Direction',(-0.0150662768648,0.0363732099414,0.)) ;
#6386=DIRECTION('Axis2P3D XDirection',(0.0363732099414,0.0150662768648,0.)) ;
#6390=DIRECTION('Vector Direction',(0.,0.,-0.0393700787402)) ;
#6409=DIRECTION('Axis2P3D Direction',(-0.0140659371102,-0.0367716264696,-0.)) ;
#6410=DIRECTION('Axis2P3D XDirection',(-0.0367716264696,0.0140659371102,0.)) ;
#6414=DIRECTION('Vector Direction',(0.,0.,-0.0393700787402)) ;
#6433=DIRECTION('Axis2P3D Direction',(-0.0363732099414,-0.0150662768648,-0.)) ;
#6434=DIRECTION('Axis2P3D XDirection',(-0.0150662768648,0.0363732099414,0.)) ;
#6438=DIRECTION('Vector Direction',(0.,0.,-0.0393700787402)) ;
#6457=DIRECTION('Axis2P3D Direction',(-0.0150662768648,0.0363732099414,0.)) ;
#6458=DIRECTION('Axis2P3D XDirection',(0.0363732099414,0.0150662768648,0.)) ;
#6462=DIRECTION('Vector Direction',(0.,0.,-0.0393700787402)) ;
#6481=DIRECTION('Axis2P3D Direction',(0.0351834799954,0.0176670833876,0.)) ;
#6482=DIRECTION('Axis2P3D XDirection',(0.0176670833876,-0.0351834799954,0.)) ;
#6486=DIRECTION('Vector Direction',(0.,0.,-0.0393700787402)) ;
#6505=DIRECTION('Axis2P3D Direction',(0.0353935928626,0.0172422934752,0.)) ;
#6506=DIRECTION('Axis2P3D XDirection',(0.0172422934752,-0.0353935928626,0.)) ;
#6510=DIRECTION('Vector Direction',(0.,0.,-0.0393700787402)) ;
#6529=DIRECTION('Axis2P3D Direction',(0.0356314117447,0.0167453156759,0.)) ;
#6530=DIRECTION('Axis2P3D XDirection',(0.0167453156759,-0.0356314117447,0.)) ;
#6534=DIRECTION('Vector Direction',(0.,0.,-0.0393700787402)) ;
#6553=DIRECTION('Axis2P3D Direction',(0.0359012089519,0.016158783859,0.)) ;
#6554=DIRECTION('Axis2P3D XDirection',(0.016158783859,-0.0359012089519,0.)) ;
#6558=DIRECTION('Vector Direction',(0.,0.,-0.0393700787402)) ;
#6577=DIRECTION('Axis2P3D Direction',(0.0361970961195,0.0154846159952,0.)) ;
#6578=DIRECTION('Axis2P3D XDirection',(0.0154846159952,-0.0361970961195,0.)) ;
#6582=DIRECTION('Vector Direction',(0.,0.,-0.0393700787402)) ;
#6601=DIRECTION('Axis2P3D Direction',(0.0364795817935,0.0148068636848,0.)) ;
#6602=DIRECTION('Axis2P3D XDirection',(0.0148068636848,-0.0364795817935,-0.)) ;
#6606=DIRECTION('Vector Direction',(0.,0.,-0.0393700787402)) ;
#6625=DIRECTION('Axis2P3D Direction',(0.0367037147046,0.0142422058295,0.)) ;
#6626=DIRECTION('Axis2P3D XDirection',(0.0142422058295,-0.0367037147046,-0.)) ;
#6630=DIRECTION('Vector Direction',(0.,0.,-0.0393700787402)) ;
#6649=DIRECTION('Axis2P3D Direction',(0.0369354768203,0.0136298808529,0.)) ;
#6650=DIRECTION('Axis2P3D XDirection',(0.0136298808529,-0.0369354768203,-0.)) ;
#6654=DIRECTION('Vector Direction',(0.,0.,-0.0393700787402)) ;
#6673=DIRECTION('Axis2P3D Direction',(0.0372021098175,0.0128843364258,0.)) ;
#6674=DIRECTION('Axis2P3D XDirection',(0.0128843364258,-0.0372021098175,-0.)) ;
#6678=DIRECTION('Vector Direction',(0.,0.,-0.0393700787402)) ;
#6697=DIRECTION('Axis2P3D Direction',(0.0374679111965,0.0120896125074,0.)) ;
#6698=DIRECTION('Axis2P3D XDirection',(0.0120896125074,-0.0374679111965,-0.)) ;
#6702=DIRECTION('Vector Direction',(0.,0.,-0.0393700787402)) ;
#6721=DIRECTION('Axis2P3D Direction',(0.0377595027525,0.0111455395512,0.)) ;
#6722=DIRECTION('Axis2P3D XDirection',(0.0111455395512,-0.0377595027525,-0.)) ;
#6726=DIRECTION('Vector Direction',(0.,0.,-0.0393700787402)) ;
#6745=DIRECTION('Axis2P3D Direction',(0.0380580798218,0.0100789711916,0.)) ;
#6746=DIRECTION('Axis2P3D XDirection',(0.0100789711916,-0.0380580798218,-0.)) ;
#6750=DIRECTION('Vector Direction',(0.,0.,-0.0393700787402)) ;
#6769=DIRECTION('Axis2P3D Direction',(0.0383809560192,0.00876956755245,0.)) ;
#6770=DIRECTION('Axis2P3D XDirection',(0.00876956755245,-0.0383809560192,-0.)) ;
#6774=DIRECTION('Vector Direction',(0.,0.,-0.0393700787402)) ;
#6793=DIRECTION('Axis2P3D Direction',(0.0388423657624,0.00642446277787,0.)) ;
#6794=DIRECTION('Axis2P3D XDirection',(0.00642446277787,-0.0388423657624,-0.)) ;
#6798=DIRECTION('Vector Direction',(0.,0.,-0.0393700787402)) ;
#6817=DIRECTION('Axis2P3D Direction',(0.0392984339605,0.00237406576582,0.)) ;
#6818=DIRECTION('Axis2P3D XDirection',(0.00237406576582,-0.0392984339605,-0.)) ;
#6822=DIRECTION('Vector Direction',(0.,0.,-0.0393700787402)) ;
#6841=DIRECTION('Axis2P3D Direction',(0.039331799964,-0.00173568764403,0.)) ;
#6842=DIRECTION('Axis2P3D XDirection',(-0.00173568764403,-0.039331799964,-0.)) ;
#6846=DIRECTION('Vector Direction',(0.,0.,-0.0393700787402)) ;
#6865=DIRECTION('Axis2P3D Direction',(0.0389594532509,-0.00567134044128,0.)) ;
#6866=DIRECTION('Axis2P3D XDirection',(-0.00567134044128,-0.0389594532509,-0.)) ;
#6870=DIRECTION('Vector Direction',(0.,0.,-0.0393700787402)) ;
#6889=DIRECTION('Axis2P3D Direction',(0.0382349048494,-0.00938590172349,0.)) ;
#6890=DIRECTION('Axis2P3D XDirection',(-0.00938590172349,-0.0382349048494,-0.)) ;
#6894=DIRECTION('Vector Direction',(0.,0.,-0.0393700787402)) ;
#6913=DIRECTION('Axis2P3D Direction',(0.0372462950352,-0.0127560419472,0.)) ;
#6914=DIRECTION('Axis2P3D XDirection',(-0.0127560419472,-0.0372462950352,-0.)) ;
#6918=DIRECTION('Vector Direction',(0.,0.,-0.0393700787402)) ;
#6937=DIRECTION('Axis2P3D Direction',(-0.031329087315,0.0238430574385,0.)) ;
#6938=DIRECTION('Axis2P3D XDirection',(0.0238430574385,0.031329087315,0.)) ;
#6942=DIRECTION('Vector Direction',(0.,0.,-0.0393700787402)) ;
#6961=DIRECTION('Axis2P3D Direction',(-0.0347223124854,0.0185570502955,0.)) ;
#6962=DIRECTION('Axis2P3D XDirection',(0.0185570502955,0.0347223124854,0.)) ;
#6966=DIRECTION('Vector Direction',(0.,0.,-0.0393700787402)) ;
#6985=DIRECTION('Axis2P3D Direction',(-0.0371839579937,0.0129366289245,0.)) ;
#6986=DIRECTION('Axis2P3D XDirection',(0.0129366289245,0.0371839579937,0.)) ;
#6990=DIRECTION('Vector Direction',(0.,0.,-0.0393700787402)) ;
#7009=DIRECTION('Axis2P3D Direction',(-0.0386587014958,0.00745036231782,0.)) ;
#7010=DIRECTION('Axis2P3D XDirection',(0.00745036231782,0.0386587014958,0.)) ;
#7014=DIRECTION('Vector Direction',(0.,0.,-0.0393700787402)) ;
#7033=DIRECTION('Axis2P3D Direction',(-0.0392986571441,0.00237036846796,0.)) ;
#7034=DIRECTION('Axis2P3D XDirection',(0.00237036846796,0.0392986571441,0.)) ;
#7038=DIRECTION('Vector Direction',(0.,0.,-0.0393700787402)) ;
#7057=DIRECTION('Axis2P3D Direction',(-0.0393137196822,-0.00210583588016,-0.)) ;
#7058=DIRECTION('Axis2P3D XDirection',(-0.00210583588016,0.0393137196822,0.)) ;
#7062=DIRECTION('Vector Direction',(0.,0.,-0.0393700787402)) ;
#7081=DIRECTION('Axis2P3D Direction',(-0.0389228689085,-0.00591721014794,-0.)) ;
#7082=DIRECTION('Axis2P3D XDirection',(-0.00591721014794,0.0389228689085,0.)) ;
#7086=DIRECTION('Vector Direction',(0.,0.,-0.0393700787402)) ;
#7105=DIRECTION('Axis2P3D Direction',(-0.0382946278908,-0.00913917801083,-0.)) ;
#7106=DIRECTION('Axis2P3D XDirection',(-0.00913917801083,0.0382946278908,0.)) ;
#7110=DIRECTION('Vector Direction',(0.,0.,-0.0393700787402)) ;
#7129=DIRECTION('Axis2P3D Direction',(-0.0375504623401,-0.011830717563,-0.)) ;
#7130=DIRECTION('Axis2P3D XDirection',(-0.011830717563,0.0375504623401,0.)) ;
#7134=DIRECTION('Vector Direction',(0.,0.,-0.0393700787402)) ;
#7153=DIRECTION('Axis2P3D Direction',(-0.03676442829,-0.0140847404135,-0.)) ;
#7154=DIRECTION('Axis2P3D XDirection',(-0.0140847404135,0.03676442829,0.)) ;
#7158=DIRECTION('Vector Direction',(0.,0.,-0.0393700787402)) ;
#7177=DIRECTION('Axis2P3D Direction',(-0.0363125323976,-0.0152119390901,-0.)) ;
#7178=DIRECTION('Axis2P3D XDirection',(-0.0152119390901,0.0363125323976,0.)) ;
#7182=DIRECTION('Vector Direction',(0.,0.,-0.0393700787402)) ;
#7201=DIRECTION('Axis2P3D Direction',(-0.0361691113606,-0.015549870848,-0.)) ;
#7202=DIRECTION('Axis2P3D XDirection',(-0.015549870848,0.0361691113606,0.)) ;
#7206=DIRECTION('Vector Direction',(0.,0.,-0.0393700787402)) ;
#7225=DIRECTION('Axis2P3D Direction',(-0.036023767054,-0.0158836805321,-0.)) ;
#7226=DIRECTION('Axis2P3D XDirection',(-0.0158836805321,0.036023767054,0.)) ;
#7230=DIRECTION('Vector Direction',(0.,0.,-0.0393700787402)) ;
#7249=DIRECTION('Axis2P3D Direction',(-0.035858961288,-0.016252322768,-0.)) ;
#7250=DIRECTION('Axis2P3D XDirection',(-0.016252322768,0.035858961288,0.)) ;
#7254=DIRECTION('Vector Direction',(0.,0.,-0.0393700787402)) ;
#7273=DIRECTION('Axis2P3D Direction',(-0.0356912145805,-0.0166174697766,-0.)) ;
#7274=DIRECTION('Axis2P3D XDirection',(-0.0166174697766,0.0356912145805,0.)) ;
#7278=DIRECTION('Vector Direction',(0.,0.,-0.0393700787402)) ;
#7297=DIRECTION('Axis2P3D Direction',(-0.0358331919888,-0.0163090604236,-0.)) ;
#7298=DIRECTION('Axis2P3D XDirection',(-0.0163090604236,0.0358331919888,0.)) ;
#7302=DIRECTION('Vector Direction',(0.,0.,-0.0393700787402)) ;
#7321=DIRECTION('Axis2P3D Direction',(0.0150662768648,-0.0363732099414,0.)) ;
#7322=DIRECTION('Axis2P3D XDirection',(-0.0363732099414,-0.0150662768648,-0.)) ;
#7326=DIRECTION('Vector Direction',(0.,0.,-0.0393700787402)) ;
#7345=DIRECTION('Vector Direction',(0.,0.,-0.0393700787402)) ;
#7364=DIRECTION('Vector Direction',(0.,0.,-0.0393700787402)) ;
#7383=DIRECTION('Axis2P3D Direction',(0.036766410595,0.014079565049,0.)) ;
#7384=DIRECTION('Axis2P3D XDirection',(0.014079565049,-0.036766410595,-0.)) ;
#7388=DIRECTION('Vector Direction',(0.,0.,-0.0393700787402)) ;
#7407=DIRECTION('Axis2P3D Direction',(0.0365263748678,0.0146910530264,0.)) ;
#7408=DIRECTION('Axis2P3D XDirection',(0.0146910530264,-0.0365263748678,-0.)) ;
#7412=DIRECTION('Vector Direction',(0.,0.,-0.0393700787402)) ;
#7431=DIRECTION('Axis2P3D Direction',(0.0361037356691,0.0157010627264,0.)) ;
#7432=DIRECTION('Axis2P3D XDirection',(0.0157010627264,-0.0361037356691,0.)) ;
#7436=DIRECTION('Vector Direction',(0.,0.,-0.0393700787402)) ;
#7455=DIRECTION('Axis2P3D Direction',(0.0365737446349,0.0145727246383,0.)) ;
#7456=DIRECTION('Axis2P3D XDirection',(0.0145727246383,-0.0365737446349,-0.)) ;
#7460=DIRECTION('Vector Direction',(0.,0.,-0.0393700787402)) ;
#7479=DIRECTION('Axis2P3D Direction',(0.0369892528989,0.0134832588786,0.)) ;
#7480=DIRECTION('Axis2P3D XDirection',(0.0134832588786,-0.0369892528989,-0.)) ;
#7484=DIRECTION('Vector Direction',(0.,0.,-0.0393700787402)) ;
#7503=DIRECTION('Axis2P3D Direction',(0.0374141599093,0.0122549475025,0.)) ;
#7504=DIRECTION('Axis2P3D XDirection',(0.0122549475025,-0.0374141599093,-0.)) ;
#7508=DIRECTION('Vector Direction',(0.,0.,-0.0393700787402)) ;
#7527=DIRECTION('Axis2P3D Direction',(0.037853902778,0.0108205889155,0.)) ;
#7528=DIRECTION('Axis2P3D XDirection',(0.0108205889155,-0.037853902778,-0.)) ;
#7532=DIRECTION('Vector Direction',(0.,0.,-0.0393700787402)) ;
#7551=DIRECTION('Axis2P3D Direction',(0.0382851164169,0.00917894116698,0.)) ;
#7552=DIRECTION('Axis2P3D XDirection',(0.00917894116698,-0.0382851164169,-0.)) ;
#7556=DIRECTION('Vector Direction',(0.,0.,-0.0393700787402)) ;
#7575=DIRECTION('Axis2P3D Direction',(0.0387021374365,0.00722133352334,0.)) ;
#7576=DIRECTION('Axis2P3D XDirection',(0.00722133352334,-0.0387021374365,-0.)) ;
#7580=DIRECTION('Vector Direction',(0.,0.,-0.0393700787402)) ;
#7599=DIRECTION('Axis2P3D Direction',(0.0390539232997,0.00497937495149,0.)) ;
#7600=DIRECTION('Axis2P3D XDirection',(0.00497937495149,-0.0390539232997,-0.)) ;
#7604=DIRECTION('Vector Direction',(0.,0.,-0.0393700787402)) ;
#7623=DIRECTION('Axis2P3D Direction',(0.0392999349402,0.00234908784489,0.)) ;
#7624=DIRECTION('Axis2P3D XDirection',(0.00234908784489,-0.0392999349402,-0.)) ;
#7628=DIRECTION('Vector Direction',(0.,0.,-0.0393700787402)) ;
#7647=DIRECTION('Axis2P3D Direction',(0.0393623578761,-0.000779668159515,0.)) ;
#7648=DIRECTION('Axis2P3D XDirection',(-0.000779668159515,-0.0393623578761,-0.)) ;
#7652=DIRECTION('Vector Direction',(0.,0.,-0.0393700787402)) ;
#7671=DIRECTION('Axis2P3D Direction',(0.0391305028068,-0.00433668653407,0.)) ;
#7672=DIRECTION('Axis2P3D XDirection',(-0.00433668653407,-0.0391305028068,-0.)) ;
#7676=DIRECTION('Vector Direction',(0.,0.,-0.0393700787402)) ;
#7695=DIRECTION('Axis2P3D Direction',(0.0384667369099,-0.00838529972673,0.)) ;
#7696=DIRECTION('Axis2P3D XDirection',(-0.00838529972673,-0.0384667369099,-0.)) ;
#7700=DIRECTION('Vector Direction',(0.,0.,-0.0393700787402)) ;
#7719=DIRECTION('Axis2P3D Direction',(0.0375395670036,-0.0118652437477,0.)) ;
#7720=DIRECTION('Axis2P3D XDirection',(-0.0118652437477,-0.0375395670036,-0.)) ;
#7724=DIRECTION('Vector Direction',(0.,0.,-0.0393700787402)) ;
#7743=DIRECTION('Axis2P3D Direction',(0.0364776766134,-0.0148115565992,0.)) ;
#7744=DIRECTION('Axis2P3D XDirection',(-0.0148115565992,-0.0364776766134,-0.)) ;
#7748=DIRECTION('Vector Direction',(0.,0.,-0.0393700787402)) ;
#7767=DIRECTION('Axis2P3D Direction',(0.0353701136722,-0.0172904065545,0.)) ;
#7768=DIRECTION('Axis2P3D XDirection',(-0.0172904065545,-0.0353701136722,-0.)) ;
#7772=DIRECTION('Vector Direction',(0.,0.,-0.0393700787402)) ;
#7791=DIRECTION('Axis2P3D Direction',(0.0343005522973,-0.0193255067748,0.)) ;
#7792=DIRECTION('Axis2P3D XDirection',(-0.0193255067748,-0.0343005522973,-0.)) ;
#7796=DIRECTION('Vector Direction',(0.,0.,-0.0393700787402)) ;
#7815=DIRECTION('Axis2P3D Direction',(0.0332585210058,-0.0210683146102,0.)) ;
#7816=DIRECTION('Axis2P3D XDirection',(-0.0210683146102,-0.0332585210058,-0.)) ;
#7820=DIRECTION('Vector Direction',(0.,0.,-0.0393700787402)) ;
#7839=DIRECTION('Axis2P3D Direction',(0.0322831538765,-0.0225344419899,0.)) ;
#7840=DIRECTION('Axis2P3D XDirection',(-0.0225344419899,-0.0322831538765,-0.)) ;
#7844=DIRECTION('Vector Direction',(0.,0.,-0.0393700787402)) ;
#7863=DIRECTION('Axis2P3D Direction',(0.0313843558784,-0.02377026096,0.)) ;
#7864=DIRECTION('Axis2P3D XDirection',(-0.02377026096,-0.0313843558784,-0.)) ;
#7868=DIRECTION('Vector Direction',(0.,0.,-0.0393700787402)) ;
#7887=DIRECTION('Axis2P3D Direction',(0.0305597506493,-0.024821457255,0.)) ;
#7888=DIRECTION('Axis2P3D XDirection',(-0.024821457255,-0.0305597506493,-0.)) ;
#7892=DIRECTION('Vector Direction',(0.,0.,-0.0393700787402)) ;
#7911=DIRECTION('Axis2P3D Direction',(0.0297858307871,-0.0257450458211,0.)) ;
#7912=DIRECTION('Axis2P3D XDirection',(-0.0257450458211,-0.0297858307871,-0.)) ;
#7916=DIRECTION('Vector Direction',(0.,0.,-0.0393700787402)) ;
#7935=DIRECTION('Axis2P3D Direction',(-0.00047530910519,0.0393672094675,0.)) ;
#7936=DIRECTION('Axis2P3D XDirection',(0.0393672094675,0.00047530910519,0.)) ;
#7940=DIRECTION('Vector Direction',(0.,0.,-0.0393700787402)) ;
#7959=DIRECTION('Axis2P3D Direction',(-0.000540529926727,0.0393663679732,0.)) ;
#7960=DIRECTION('Axis2P3D XDirection',(0.0393663679732,0.000540529926727,0.)) ;
#7964=DIRECTION('Vector Direction',(0.,0.,-0.0393700787402)) ;
#7983=DIRECTION('Axis2P3D Direction',(-0.000243808543345,0.0393693238118,0.)) ;
#7984=DIRECTION('Axis2P3D XDirection',(0.0393693238118,0.000243808543345,0.)) ;
#7988=DIRECTION('Vector Direction',(0.,0.,-0.0393700787402)) ;
#8007=DIRECTION('Axis2P3D Direction',(7.80427279349E-005,0.0393700013886,0.)) ;
#8008=DIRECTION('Axis2P3D XDirection',(0.0393700013886,-7.80427279349E-005,0.)) ;
#8012=DIRECTION('Vector Direction',(0.,0.,-0.0393700787402)) ;
#8031=DIRECTION('Axis2P3D Direction',(0.000440797503804,0.0393676110218,0.)) ;
#8032=DIRECTION('Axis2P3D XDirection',(0.0393676110218,-0.000440797503804,0.)) ;
#8036=DIRECTION('Vector Direction',(0.,0.,-0.0393700787402)) ;
#8055=DIRECTION('Axis2P3D Direction',(0.000852669537328,0.0393608441813,0.)) ;
#8056=DIRECTION('Axis2P3D XDirection',(0.0393608441813,-0.000852669537328,0.)) ;
#8060=DIRECTION('Vector Direction',(0.,0.,-0.0393700787402)) ;
#8079=DIRECTION('Axis2P3D Direction',(0.00135530453096,0.0393467438251,0.)) ;
#8080=DIRECTION('Axis2P3D XDirection',(0.0393467438251,-0.00135530453096,0.)) ;
#8084=DIRECTION('Vector Direction',(0.,0.,-0.0393700787402)) ;
#8103=DIRECTION('Axis2P3D Direction',(0.00186907748198,0.03932568689,0.)) ;
#8104=DIRECTION('Axis2P3D XDirection',(0.03932568689,-0.00186907748198,0.)) ;
#8108=DIRECTION('Vector Direction',(0.,0.,-0.0393700787402)) ;
#8127=DIRECTION('Axis2P3D Direction',(0.00290267167538,0.0392629290445,0.)) ;
#8128=DIRECTION('Axis2P3D XDirection',(0.0392629290445,-0.00290267167538,0.)) ;
#8132=DIRECTION('Vector Direction',(0.,0.,-0.0393700787402)) ;
#8151=DIRECTION('Axis2P3D Direction',(0.00470358670414,0.0390880975762,0.)) ;
#8152=DIRECTION('Axis2P3D XDirection',(0.0390880975762,-0.00470358670414,0.)) ;
#8156=DIRECTION('Vector Direction',(0.,0.,-0.0393700787402)) ;
#8175=DIRECTION('Axis2P3D Direction',(0.00642751018159,0.0388418616041,0.)) ;
#8176=DIRECTION('Axis2P3D XDirection',(0.0388418616041,-0.00642751018159,0.)) ;
#8180=DIRECTION('Vector Direction',(0.,0.,-0.0393700787402)) ;
#8199=DIRECTION('Axis2P3D Direction',(0.00738890468688,0.0386704950516,0.)) ;
#8200=DIRECTION('Axis2P3D XDirection',(0.0386704950516,-0.00738890468688,0.)) ;
#8204=DIRECTION('Vector Direction',(0.,0.,-0.0393700787402)) ;
#8223=DIRECTION('Axis2P3D Direction',(0.00789508270212,0.0385703353516,0.)) ;
#8224=DIRECTION('Axis2P3D XDirection',(0.0385703353516,-0.00789508270212,0.)) ;
#8228=DIRECTION('Vector Direction',(0.,0.,-0.0393700787402)) ;
#8247=DIRECTION('Axis2P3D Direction',(0.00839402131329,0.0384648346701,0.)) ;
#8248=DIRECTION('Axis2P3D XDirection',(0.0384648346701,-0.00839402131329,0.)) ;
#8252=DIRECTION('Vector Direction',(0.,0.,-0.0393700787402)) ;
#8271=DIRECTION('Axis2P3D Direction',(0.00879122518516,0.0383760010912,0.)) ;
#8272=DIRECTION('Axis2P3D XDirection',(0.0383760010912,-0.00879122518516,0.)) ;
#8276=DIRECTION('Vector Direction',(0.,0.,-0.0393700787402)) ;
#8295=DIRECTION('Axis2P3D Direction',(0.00916158478768,0.0382892734873,0.)) ;
#8296=DIRECTION('Axis2P3D XDirection',(0.0382892734873,-0.00916158478768,0.)) ;
#8300=DIRECTION('Vector Direction',(0.,0.,-0.0393700787402)) ;
#8319=DIRECTION('Axis2P3D Direction',(0.00947678227919,0.0382124809145,0.)) ;
#8320=DIRECTION('Axis2P3D XDirection',(0.0382124809145,-0.00947678227919,0.)) ;
#8324=DIRECTION('Vector Direction',(0.,0.,-0.0393700787402)) ;
#8343=DIRECTION('Axis2P3D Direction',(0.00978144100647,0.0381356330988,0.)) ;
#8344=DIRECTION('Axis2P3D XDirection',(0.0381356330988,-0.00978144100647,0.)) ;
#8348=DIRECTION('Vector Direction',(0.,0.,-0.0393700787402)) ;
#8367=DIRECTION('Axis2P3D Direction',(-0.0363732099414,-0.0150662768648,-0.)) ;
#8368=DIRECTION('Axis2P3D XDirection',(-0.0150662768648,0.0363732099414,0.)) ;
#8386=DIRECTION('Vector Direction',(-0.0153697483877,0.0362460195677,0.)) ;
#8395=DIRECTION('Vector Direction',(-0.0253768178722,-0.0301001696787,0.)) ;
#8402=DIRECTION('Vector Direction',(-0.0258201617652,-0.0297207393318,0.)) ;
#8409=DIRECTION('Vector Direction',(-0.0262663702598,-0.0293271357855,0.)) ;
#8416=DIRECTION('Vector Direction',(-0.0267411915492,-0.0288948399292,0.)) ;
#8423=DIRECTION('Vector Direction',(-0.0272306613837,-0.0284340320851,0.)) ;
#8430=DIRECTION('Vector Direction',(-0.0277447250045,-0.0279326571316,0.)) ;
#8437=DIRECTION('Vector Direction',(-0.0282790317594,-0.0273915947465,0.)) ;
#8444=DIRECTION('Vector Direction',(-0.0288227332952,-0.0268188953054,0.)) ;
#8451=DIRECTION('Vector Direction',(-0.0294092036499,-0.0261744501505,0.)) ;
#8458=DIRECTION('Vector Direction',(-0.0200614759861,-0.0338753639281,0.)) ;
#8465=DIRECTION('Vector Direction',(0.0373400361862,0.0124789742214,0.)) ;
#8472=DIRECTION('Vector Direction',(0.0379058815562,0.0106370693075,0.)) ;
#8479=DIRECTION('Vector Direction',(0.0384276027864,0.00856285256788,0.)) ;
#8486=DIRECTION('Vector Direction',(0.0388813341221,0.00618425071361,0.)) ;
#8493=DIRECTION('Vector Direction',(0.0392155912396,0.00348432256427,0.)) ;
#8500=DIRECTION('Vector Direction',(0.039367219416,0.000474484416355,0.)) ;
#8507=DIRECTION('Vector Direction',(0.0392670221212,-0.00284676548792,0.)) ;
#8514=DIRECTION('Vector Direction',(0.0388214705954,-0.00654954355793,0.)) ;
#8521=DIRECTION('Vector Direction',(0.0379531604212,-0.0104671253956,0.)) ;
#8528=DIRECTION('Vector Direction',(0.036604862332,-0.0144943835213,0.)) ;
#8535=DIRECTION('Vector Direction',(0.0347431740437,-0.0185179631002,0.)) ;
#8542=DIRECTION('Vector Direction',(0.0325712963944,-0.0221159162414,0.)) ;
#8549=DIRECTION('Vector Direction',(0.030246237952,-0.0252025433192,0.)) ;
#8556=DIRECTION('Vector Direction',(0.0278620310292,-0.0278156489577,0.)) ;
#8563=DIRECTION('Vector Direction',(0.0255305193623,-0.0299699129311,0.)) ;
#8570=DIRECTION('Vector Direction',(0.023261300635,-0.031763422246,0.)) ;
#8577=DIRECTION('Vector Direction',(0.0211720574838,-0.0331925757047,0.)) ;
#8584=DIRECTION('Vector Direction',(0.0192503407603,-0.0343427937218,0.)) ;
#8591=DIRECTION('Vector Direction',(0.0174386779439,-0.0352972465155,0.)) ;
#8598=DIRECTION('Vector Direction',(0.0158272626366,-0.0360485902282,0.)) ;
#8605=DIRECTION('Vector Direction',(0.0146039963537,-0.0365612689947,0.)) ;
#8612=DIRECTION('Vector Direction',(0.0136758402098,-0.0369184844565,0.)) ;
#8619=DIRECTION('Vector Direction',(0.0127796387652,-0.0372382052875,0.)) ;
#8626=DIRECTION('Vector Direction',(0.0119414410633,-0.0375153979765,0.)) ;
#8633=DIRECTION('Vector Direction',(0.0111055853305,-0.0377712731381,0.)) ;
#8640=DIRECTION('Vector Direction',(-0.038789802197,-0.00673456349911,0.)) ;
#8647=DIRECTION('Vector Direction',(-0.0144588950292,0.036618894775,0.)) ;
#8654=DIRECTION('Vector Direction',(-0.0158145076218,0.036054187672,0.)) ;
#8661=DIRECTION('Vector Direction',(-0.0174212820316,0.0353058356703,0.)) ;
#8668=DIRECTION('Vector Direction',(-0.0192129732008,0.0343637128494,0.)) ;
#8675=DIRECTION('Vector Direction',(-0.0211394794039,0.0332133333247,0.)) ;
#8682=DIRECTION('Vector Direction',(-0.0232554547877,0.0317677025078,0.)) ;
#8689=DIRECTION('Vector Direction',(-0.0255015112388,0.0299945999231,0.)) ;
#8696=DIRECTION('Vector Direction',(-0.0278532991251,0.0278243926772,0.)) ;
#8703=DIRECTION('Vector Direction',(-0.0302643487272,0.025180792206,0.)) ;
#8710=DIRECTION('Vector Direction',(-0.0326107159358,0.0220577493448,0.)) ;
#8717=DIRECTION('Vector Direction',(-0.0357989127221,0.0163841675994,0.)) ;
#8724=DIRECTION('Vector Direction',(-0.0380042256606,0.0102801717857,0.)) ;
#8731=DIRECTION('Vector Direction',(-0.0388295311096,0.00650158548457,0.)) ;
#8738=DIRECTION('Vector Direction',(-0.0392492549498,0.00308205871031,0.)) ;
#8745=DIRECTION('Vector Direction',(-0.0393700505153,-4.71426586318E-005,0.)) ;
#8752=DIRECTION('Vector Direction',(-0.039268973654,-0.00281971774629,0.)) ;
#8759=DIRECTION('Vector Direction',(-0.0390219630068,-0.00522393559544,0.)) ;
#8766=DIRECTION('Vector Direction',(-0.0386808777036,-0.00733435751024,0.)) ;
#8773=DIRECTION('Vector Direction',(-0.0382707824391,-0.00923852323187,0.)) ;
#8780=DIRECTION('Vector Direction',(-0.0378488837098,-0.0108381318467,0.)) ;
#8787=DIRECTION('Vector Direction',(0.0150662768648,-0.0363732099414,0.)) ;
#8794=DIRECTION('Vector Direction',(0.0376784056738,0.0114166915474,0.)) ;
#8801=DIRECTION('Vector Direction',(0.0381444602063,0.00974696135098,0.)) ;
#8808=DIRECTION('Vector Direction',(0.0385810383107,0.0078426132683,0.)) ;
#8815=DIRECTION('Vector Direction',(0.0389644695624,0.00563677316629,0.)) ;
#8822=DIRECTION('Vector Direction',(0.0392426044136,0.00316561192192,0.)) ;
#8829=DIRECTION('Vector Direction',(0.039352232727,-0.00118527608769,0.)) ;
#8836=DIRECTION('Vector Direction',(0.03849777853,-0.00824161078069,0.)) ;
#8843=DIRECTION('Vector Direction',(0.0358034994518,-0.0163741420237,0.)) ;
#8850=DIRECTION('Vector Direction',(0.0313728075558,-0.023785500753,0.)) ;
#8857=DIRECTION('Vector Direction',(0.027710765244,-0.0279663474483,0.)) ;
#8864=DIRECTION('Vector Direction',(0.0253413877021,-0.0301300044696,0.)) ;
#8871=DIRECTION('Vector Direction',(0.0231179437667,-0.0318679113845,0.)) ;
#8878=DIRECTION('Vector Direction',(0.0210460816331,-0.0332725945471,0.)) ;
#8885=DIRECTION('Vector Direction',(0.019118749983,-0.0344162243585,0.)) ;
#8892=DIRECTION('Vector Direction',(0.0173625899604,-0.0353347360238,0.)) ;
#8899=DIRECTION('Vector Direction',(0.0158195778848,-0.036051963269,0.)) ;
#8906=DIRECTION('Vector Direction',(0.0145460941426,-0.0365843442636,0.)) ;
#8913=DIRECTION('Vector Direction',(-0.0363732099414,-0.0150662768648,0.)) ;
#8920=DIRECTION('Vector Direction',(-0.0348868259546,0.0182458892582,0.)) ;
#8927=DIRECTION('Vector Direction',(0.0150662768648,-0.0363732099414,0.)) ;
#8934=DIRECTION('Vector Direction',(0.0136156158867,0.0369407377299,0.)) ;
#8941=DIRECTION('Vector Direction',(0.0365377053419,0.0146628506218,0.)) ;
#8948=DIRECTION('Vector Direction',(0.0179231782462,-0.0350537128071,0.)) ;
#8955=DIRECTION('Vector Direction',(0.017302442636,-0.0353642273892,0.)) ;
#8962=DIRECTION('Vector Direction',(0.0166475156599,-0.0356772101258,0.)) ;
#8969=DIRECTION('Vector Direction',(0.016041233867,-0.0359538859656,0.)) ;
#8976=DIRECTION('Vector Direction',(0.0154018887256,-0.0362323739726,0.)) ;
#8983=DIRECTION('Vector Direction',(0.0143098468502,-0.0366773960789,0.)) ;
#8990=DIRECTION('Vector Direction',(0.012653971997,-0.0372810956479,0.)) ;
#8997=DIRECTION('Vector Direction',(0.0108403279922,-0.0378482547686,0.)) ;
#9004=DIRECTION('Vector Direction',(0.00873339196439,-0.0383892037532,0.)) ;
#9011=DIRECTION('Vector Direction',(0.00636683531278,-0.038851853342,0.)) ;
#9018=DIRECTION('Vector Direction',(0.00373949781458,-0.0391920815485,0.)) ;
#9025=DIRECTION('Vector Direction',(0.00082796618574,-0.0393613715716,0.)) ;
#9032=DIRECTION('Vector Direction',(-0.00241848362885,-0.0392957254284,0.)) ;
#9039=DIRECTION('Vector Direction',(-0.00587778980171,-0.0389288413269,0.)) ;
#9046=DIRECTION('Vector Direction',(-0.00958979587893,-0.038184275756,0.)) ;
#9053=DIRECTION('Vector Direction',(-0.0133068938951,-0.0370530656609,0.)) ;
#9060=DIRECTION('Vector Direction',(-0.0166937563639,-0.0356555970146,0.)) ;
#9067=DIRECTION('Vector Direction',(-0.0196033346839,-0.034142530212,0.)) ;
#9074=DIRECTION('Vector Direction',(-0.0221752120213,-0.0325309555934,0.)) ;
#9081=DIRECTION('Vector Direction',(-0.0243061392945,-0.0309711913333,0.)) ;
#9088=DIRECTION('Vector Direction',(-0.0261457876879,-0.0294346884846,0.)) ;
#9095=DIRECTION('Vector Direction',(-0.0277053493228,-0.0279717128347,0.)) ;
#9102=DIRECTION('Vector Direction',(-0.0290375752407,-0.0265861302965,0.)) ;
#9109=DIRECTION('Vector Direction',(-0.0301398167029,-0.0253297167202,0.)) ;
#9116=DIRECTION('Vector Direction',(-0.0311055827197,-0.0241339143877,0.)) ;
#9123=DIRECTION('Vector Direction',(-0.0150830913462,-0.036366240601,0.)) ;
#9130=DIRECTION('Vector Direction',(0.0392370681656,0.00323350920383,0.)) ;
#9137=DIRECTION('Vector Direction',(0.0392797363624,0.00266559773896,0.)) ;
#9144=DIRECTION('Vector Direction',(0.0393184394735,0.00201579199727,0.)) ;
#9151=DIRECTION('Vector Direction',(0.0393468183311,0.0013531397663,0.)) ;
#9158=DIRECTION('Vector Direction',(0.0393647533358,0.000647529780679,0.)) ;
#9165=DIRECTION('Vector Direction',(0.0393699397772,-0.000104603765567,0.)) ;
#9172=DIRECTION('Vector Direction',(0.0393593158026,-0.000920521349579,0.)) ;
#9179=DIRECTION('Vector Direction',(0.0393284633519,-0.00180971555353,0.)) ;
#9186=DIRECTION('Vector Direction',(0.0392754857687,-0.00272751125313,0.)) ;
#9193=DIRECTION('Vector Direction',(0.0391966058799,-0.00369177294809,0.)) ;
#9200=DIRECTION('Vector Direction',(0.0390859787081,-0.00472116176786,0.)) ;
#9207=DIRECTION('Vector Direction',(0.0392045256244,-0.00360669801501,0.)) ;
#9340=DIRECTION('Axis2P3D Direction',(-0.0362460195677,-0.0153697483877,-0.)) ;
#9341=DIRECTION('Axis2P3D XDirection',(-0.0153697483877,0.0362460195677,0.)) ;
#9345=DIRECTION('Vector Direction',(0.,0.,-0.0393700787402)) ;
#9350=DIRECTION('Vector Direction',(0.,0.,-0.0393700787402)) ;
#9369=DIRECTION('Axis2P3D Direction',(0.0301001696787,-0.0253768178722,0.)) ;
#9370=DIRECTION('Axis2P3D XDirection',(-0.0253768178722,-0.0301001696787,-0.)) ;
#9374=DIRECTION('Vector Direction',(0.,0.,-0.0393700787402)) ;
#9393=DIRECTION('Axis2P3D Direction',(0.0297207393318,-0.0258201617652,0.)) ;
#9394=DIRECTION('Axis2P3D XDirection',(-0.0258201617652,-0.0297207393318,-0.)) ;
#9398=DIRECTION('Vector Direction',(0.,0.,-0.0393700787402)) ;
#9417=DIRECTION('Axis2P3D Direction',(0.0293271357855,-0.0262663702598,0.)) ;
#9418=DIRECTION('Axis2P3D XDirection',(-0.0262663702598,-0.0293271357855,-0.)) ;
#9422=DIRECTION('Vector Direction',(0.,0.,-0.0393700787402)) ;
#9441=DIRECTION('Axis2P3D Direction',(0.0288948399292,-0.0267411915492,0.)) ;
#9442=DIRECTION('Axis2P3D XDirection',(-0.0267411915492,-0.0288948399292,-0.)) ;
#9446=DIRECTION('Vector Direction',(0.,0.,-0.0393700787402)) ;
#9465=DIRECTION('Axis2P3D Direction',(0.0284340320851,-0.0272306613837,0.)) ;
#9466=DIRECTION('Axis2P3D XDirection',(-0.0272306613837,-0.0284340320851,-0.)) ;
#9470=DIRECTION('Vector Direction',(0.,0.,-0.0393700787402)) ;
#9489=DIRECTION('Axis2P3D Direction',(0.0279326571316,-0.0277447250045,0.)) ;
#9490=DIRECTION('Axis2P3D XDirection',(-0.0277447250045,-0.0279326571316,-0.)) ;
#9494=DIRECTION('Vector Direction',(0.,0.,-0.0393700787402)) ;
#9513=DIRECTION('Axis2P3D Direction',(0.0273915947465,-0.0282790317594,0.)) ;
#9514=DIRECTION('Axis2P3D XDirection',(-0.0282790317594,-0.0273915947465,-0.)) ;
#9518=DIRECTION('Vector Direction',(0.,0.,-0.0393700787402)) ;
#9537=DIRECTION('Axis2P3D Direction',(0.0268188953054,-0.0288227332952,0.)) ;
#9538=DIRECTION('Axis2P3D XDirection',(-0.0288227332952,-0.0268188953054,-0.)) ;
#9542=DIRECTION('Vector Direction',(0.,0.,-0.0393700787402)) ;
#9561=DIRECTION('Axis2P3D Direction',(0.0261744501505,-0.0294092036499,0.)) ;
#9562=DIRECTION('Axis2P3D XDirection',(-0.0294092036499,-0.0261744501505,-0.)) ;
#9566=DIRECTION('Vector Direction',(0.,0.,-0.0393700787402)) ;
#9585=DIRECTION('Axis2P3D Direction',(0.0338753639281,-0.0200614759861,0.)) ;
#9586=DIRECTION('Axis2P3D XDirection',(-0.0200614759861,-0.0338753639281,-0.)) ;
#9590=DIRECTION('Vector Direction',(0.,0.,-0.0393700787402)) ;
#9609=DIRECTION('Axis2P3D Direction',(-0.0124789742214,0.0373400361862,0.)) ;
#9610=DIRECTION('Axis2P3D XDirection',(0.0373400361862,0.0124789742214,0.)) ;
#9614=DIRECTION('Vector Direction',(0.,0.,-0.0393700787402)) ;
#9633=DIRECTION('Axis2P3D Direction',(-0.0106370693075,0.0379058815562,0.)) ;
#9634=DIRECTION('Axis2P3D XDirection',(0.0379058815562,0.0106370693075,0.)) ;
#9638=DIRECTION('Vector Direction',(0.,0.,-0.0393700787402)) ;
#9657=DIRECTION('Axis2P3D Direction',(-0.00856285256788,0.0384276027864,0.)) ;
#9658=DIRECTION('Axis2P3D XDirection',(0.0384276027864,0.00856285256788,0.)) ;
#9662=DIRECTION('Vector Direction',(0.,0.,-0.0393700787402)) ;
#9681=DIRECTION('Axis2P3D Direction',(-0.00618425071361,0.0388813341221,0.)) ;
#9682=DIRECTION('Axis2P3D XDirection',(0.0388813341221,0.00618425071361,0.)) ;
#9686=DIRECTION('Vector Direction',(0.,0.,-0.0393700787402)) ;
#9705=DIRECTION('Axis2P3D Direction',(-0.00348432256427,0.0392155912396,0.)) ;
#9706=DIRECTION('Axis2P3D XDirection',(0.0392155912396,0.00348432256427,0.)) ;
#9710=DIRECTION('Vector Direction',(0.,0.,-0.0393700787402)) ;
#9729=DIRECTION('Axis2P3D Direction',(-0.000474484416357,0.039367219416,0.)) ;
#9730=DIRECTION('Axis2P3D XDirection',(0.039367219416,0.000474484416357,0.)) ;
#9734=DIRECTION('Vector Direction',(0.,0.,-0.0393700787402)) ;
#9753=DIRECTION('Axis2P3D Direction',(0.00284676548792,0.0392670221212,0.)) ;
#9754=DIRECTION('Axis2P3D XDirection',(0.0392670221212,-0.00284676548792,0.)) ;
#9758=DIRECTION('Vector Direction',(0.,0.,-0.0393700787402)) ;
#9777=DIRECTION('Axis2P3D Direction',(0.00654954355793,0.0388214705954,0.)) ;
#9778=DIRECTION('Axis2P3D XDirection',(0.0388214705954,-0.00654954355793,0.)) ;
#9782=DIRECTION('Vector Direction',(0.,0.,-0.0393700787402)) ;
#9801=DIRECTION('Axis2P3D Direction',(0.0104671253956,0.0379531604212,0.)) ;
#9802=DIRECTION('Axis2P3D XDirection',(0.0379531604212,-0.0104671253956,0.)) ;
#9806=DIRECTION('Vector Direction',(0.,0.,-0.0393700787402)) ;
#9825=DIRECTION('Axis2P3D Direction',(0.0144943835213,0.036604862332,0.)) ;
#9826=DIRECTION('Axis2P3D XDirection',(0.036604862332,-0.0144943835213,0.)) ;
#9830=DIRECTION('Vector Direction',(0.,0.,-0.0393700787402)) ;
#9849=DIRECTION('Axis2P3D Direction',(0.0185179631002,0.0347431740436,0.)) ;
#9850=DIRECTION('Axis2P3D XDirection',(0.0347431740436,-0.0185179631002,0.)) ;
#9854=DIRECTION('Vector Direction',(0.,0.,-0.0393700787402)) ;
#9873=DIRECTION('Axis2P3D Direction',(0.0221159162414,0.0325712963944,0.)) ;
#9874=DIRECTION('Axis2P3D XDirection',(0.0325712963944,-0.0221159162414,0.)) ;
#9878=DIRECTION('Vector Direction',(0.,0.,-0.0393700787402)) ;
#9897=DIRECTION('Axis2P3D Direction',(0.0252025433192,0.030246237952,0.)) ;
#9898=DIRECTION('Axis2P3D XDirection',(0.030246237952,-0.0252025433192,0.)) ;
#9902=DIRECTION('Vector Direction',(0.,0.,-0.0393700787402)) ;
#9921=DIRECTION('Axis2P3D Direction',(0.0278156489577,0.0278620310291,0.)) ;
#9922=DIRECTION('Axis2P3D XDirection',(0.0278620310291,-0.0278156489577,0.)) ;
#9926=DIRECTION('Vector Direction',(0.,0.,-0.0393700787402)) ;
#9945=DIRECTION('Axis2P3D Direction',(0.0299699129311,0.0255305193623,0.)) ;
#9946=DIRECTION('Axis2P3D XDirection',(0.0255305193623,-0.0299699129311,0.)) ;
#9950=DIRECTION('Vector Direction',(0.,0.,-0.0393700787402)) ;
#9969=DIRECTION('Axis2P3D Direction',(0.031763422246,0.023261300635,0.)) ;
#9970=DIRECTION('Axis2P3D XDirection',(0.023261300635,-0.031763422246,0.)) ;
#9974=DIRECTION('Vector Direction',(0.,0.,-0.0393700787402)) ;
#9993=DIRECTION('Axis2P3D Direction',(0.0331925757046,0.0211720574838,0.)) ;
#9994=DIRECTION('Axis2P3D XDirection',(0.0211720574838,-0.0331925757046,0.)) ;
#9998=DIRECTION('Vector Direction',(0.,0.,-0.0393700787402)) ;
#10017=DIRECTION('Axis2P3D Direction',(0.0343427937218,0.0192503407603,0.)) ;
#10018=DIRECTION('Axis2P3D XDirection',(0.0192503407603,-0.0343427937218,0.)) ;
#10022=DIRECTION('Vector Direction',(0.,0.,-0.0393700787402)) ;
#10041=DIRECTION('Axis2P3D Direction',(0.0352972465155,0.0174386779439,0.)) ;
#10042=DIRECTION('Axis2P3D XDirection',(0.0174386779439,-0.0352972465155,0.)) ;
#10046=DIRECTION('Vector Direction',(0.,0.,-0.0393700787402)) ;
#10065=DIRECTION('Axis2P3D Direction',(0.0360485902282,0.0158272626366,0.)) ;
#10066=DIRECTION('Axis2P3D XDirection',(0.0158272626366,-0.0360485902282,0.)) ;
#10070=DIRECTION('Vector Direction',(0.,0.,-0.0393700787402)) ;
#10089=DIRECTION('Axis2P3D Direction',(0.0365612689947,0.0146039963537,0.)) ;
#10090=DIRECTION('Axis2P3D XDirection',(0.0146039963537,-0.0365612689947,-0.)) ;
#10094=DIRECTION('Vector Direction',(0.,0.,-0.0393700787402)) ;
#10113=DIRECTION('Axis2P3D Direction',(0.0369184844565,0.0136758402098,0.)) ;
#10114=DIRECTION('Axis2P3D XDirection',(0.0136758402098,-0.0369184844565,-0.)) ;
#10118=DIRECTION('Vector Direction',(0.,0.,-0.0393700787402)) ;
#10137=DIRECTION('Axis2P3D Direction',(0.0372382052875,0.0127796387652,0.)) ;
#10138=DIRECTION('Axis2P3D XDirection',(0.0127796387652,-0.0372382052875,-0.)) ;
#10142=DIRECTION('Vector Direction',(0.,0.,-0.0393700787402)) ;
#10161=DIRECTION('Axis2P3D Direction',(0.0375153979765,0.0119414410633,0.)) ;
#10162=DIRECTION('Axis2P3D XDirection',(0.0119414410633,-0.0375153979765,-0.)) ;
#10166=DIRECTION('Vector Direction',(0.,0.,-0.0393700787402)) ;
#10185=DIRECTION('Axis2P3D Direction',(0.0377712731381,0.0111055853304,0.)) ;
#10186=DIRECTION('Axis2P3D XDirection',(0.0111055853304,-0.0377712731381,-0.)) ;
#10190=DIRECTION('Vector Direction',(0.,0.,-0.0393700787402)) ;
#10209=DIRECTION('Axis2P3D Direction',(0.00673456349911,-0.038789802197,0.)) ;
#10210=DIRECTION('Axis2P3D XDirection',(-0.038789802197,-0.00673456349911,0.)) ;
#10214=DIRECTION('Vector Direction',(0.,0.,-0.0393700787402)) ;
#10233=DIRECTION('Axis2P3D Direction',(-0.036618894775,-0.0144588950292,-0.)) ;
#10234=DIRECTION('Axis2P3D XDirection',(-0.0144588950292,0.036618894775,0.)) ;
#10238=DIRECTION('Vector Direction',(0.,0.,-0.0393700787402)) ;
#10257=DIRECTION('Axis2P3D Direction',(-0.036054187672,-0.0158145076218,-0.)) ;
#10258=DIRECTION('Axis2P3D XDirection',(-0.0158145076218,0.036054187672,0.)) ;
#10262=DIRECTION('Vector Direction',(0.,0.,-0.0393700787402)) ;
#10281=DIRECTION('Axis2P3D Direction',(-0.0353058356703,-0.0174212820316,-0.)) ;
#10282=DIRECTION('Axis2P3D XDirection',(-0.0174212820316,0.0353058356703,0.)) ;
#10286=DIRECTION('Vector Direction',(0.,0.,-0.0393700787402)) ;
#10305=DIRECTION('Axis2P3D Direction',(-0.0343637128493,-0.0192129732008,-0.)) ;
#10306=DIRECTION('Axis2P3D XDirection',(-0.0192129732008,0.0343637128493,0.)) ;
#10310=DIRECTION('Vector Direction',(0.,0.,-0.0393700787402)) ;
#10329=DIRECTION('Axis2P3D Direction',(-0.0332133333247,-0.0211394794039,-0.)) ;
#10330=DIRECTION('Axis2P3D XDirection',(-0.0211394794039,0.0332133333247,0.)) ;
#10334=DIRECTION('Vector Direction',(0.,0.,-0.0393700787402)) ;
#10353=DIRECTION('Axis2P3D Direction',(-0.0317677025078,-0.0232554547877,-0.)) ;
#10354=DIRECTION('Axis2P3D XDirection',(-0.0232554547877,0.0317677025078,0.)) ;
#10358=DIRECTION('Vector Direction',(0.,0.,-0.0393700787402)) ;
#10377=DIRECTION('Axis2P3D Direction',(-0.0299945999231,-0.0255015112387,-0.)) ;
#10378=DIRECTION('Axis2P3D XDirection',(-0.0255015112387,0.0299945999231,0.)) ;
#10382=DIRECTION('Vector Direction',(0.,0.,-0.0393700787402)) ;
#10401=DIRECTION('Axis2P3D Direction',(-0.0278243926772,-0.0278532991251,-0.)) ;
#10402=DIRECTION('Axis2P3D XDirection',(-0.0278532991251,0.0278243926772,0.)) ;
#10406=DIRECTION('Vector Direction',(0.,0.,-0.0393700787402)) ;
#10425=DIRECTION('Axis2P3D Direction',(-0.025180792206,-0.0302643487272,-0.)) ;
#10426=DIRECTION('Axis2P3D XDirection',(-0.0302643487272,0.025180792206,0.)) ;
#10430=DIRECTION('Vector Direction',(0.,0.,-0.0393700787402)) ;
#10449=DIRECTION('Axis2P3D Direction',(-0.0220577493448,-0.0326107159358,-0.)) ;
#10450=DIRECTION('Axis2P3D XDirection',(-0.0326107159358,0.0220577493448,0.)) ;
#10454=DIRECTION('Vector Direction',(0.,0.,-0.0393700787402)) ;
#10473=DIRECTION('Axis2P3D Direction',(-0.0163841675994,-0.0357989127221,-0.)) ;
#10474=DIRECTION('Axis2P3D XDirection',(-0.0357989127221,0.0163841675994,0.)) ;
#10478=DIRECTION('Vector Direction',(0.,0.,-0.0393700787402)) ;
#10497=DIRECTION('Axis2P3D Direction',(-0.0102801717857,-0.0380042256606,-0.)) ;
#10498=DIRECTION('Axis2P3D XDirection',(-0.0380042256606,0.0102801717857,0.)) ;
#10502=DIRECTION('Vector Direction',(0.,0.,-0.0393700787402)) ;
#10521=DIRECTION('Axis2P3D Direction',(-0.00650158548457,-0.0388295311096,-0.)) ;
#10522=DIRECTION('Axis2P3D XDirection',(-0.0388295311096,0.00650158548457,0.)) ;
#10526=DIRECTION('Vector Direction',(0.,0.,-0.0393700787402)) ;
#10545=DIRECTION('Axis2P3D Direction',(-0.00308205871032,-0.0392492549498,-0.)) ;
#10546=DIRECTION('Axis2P3D XDirection',(-0.0392492549498,0.00308205871032,0.)) ;
#10550=DIRECTION('Vector Direction',(0.,0.,-0.0393700787402)) ;
#10569=DIRECTION('Axis2P3D Direction',(4.71426586299E-005,-0.0393700505153,0.)) ;
#10570=DIRECTION('Axis2P3D XDirection',(-0.0393700505153,-4.71426586299E-005,0.)) ;
#10574=DIRECTION('Vector Direction',(0.,0.,-0.0393700787402)) ;
#10593=DIRECTION('Axis2P3D Direction',(0.0028197177463,-0.039268973654,0.)) ;
#10594=DIRECTION('Axis2P3D XDirection',(-0.039268973654,-0.0028197177463,0.)) ;
#10598=DIRECTION('Vector Direction',(0.,0.,-0.0393700787402)) ;
#10617=DIRECTION('Axis2P3D Direction',(0.00522393559544,-0.0390219630068,0.)) ;
#10618=DIRECTION('Axis2P3D XDirection',(-0.0390219630068,-0.00522393559544,0.)) ;
#10622=DIRECTION('Vector Direction',(0.,0.,-0.0393700787402)) ;
#10641=DIRECTION('Axis2P3D Direction',(0.00733435751024,-0.0386808777036,0.)) ;
#10642=DIRECTION('Axis2P3D XDirection',(-0.0386808777036,-0.00733435751024,0.)) ;
#10646=DIRECTION('Vector Direction',(0.,0.,-0.0393700787402)) ;
#10665=DIRECTION('Axis2P3D Direction',(0.00923852323186,-0.0382707824391,0.)) ;
#10666=DIRECTION('Axis2P3D XDirection',(-0.0382707824391,-0.00923852323186,0.)) ;
#10670=DIRECTION('Vector Direction',(0.,0.,-0.0393700787402)) ;
#10689=DIRECTION('Axis2P3D Direction',(0.0108381318467,-0.0378488837098,0.)) ;
#10690=DIRECTION('Axis2P3D XDirection',(-0.0378488837098,-0.0108381318467,0.)) ;
#10694=DIRECTION('Vector Direction',(0.,0.,-0.0393700787402)) ;
#10713=DIRECTION('Axis2P3D Direction',(0.0363732099414,0.0150662768648,0.)) ;
#10714=DIRECTION('Axis2P3D XDirection',(0.0150662768648,-0.0363732099414,-0.)) ;
#10718=DIRECTION('Vector Direction',(0.,0.,-0.0393700787402)) ;
#10737=DIRECTION('Axis2P3D Direction',(-0.0114166915474,0.0376784056738,0.)) ;
#10738=DIRECTION('Axis2P3D XDirection',(0.0376784056738,0.0114166915474,0.)) ;
#10742=DIRECTION('Vector Direction',(0.,0.,-0.0393700787402)) ;
#10761=DIRECTION('Axis2P3D Direction',(-0.00974696135098,0.0381444602063,0.)) ;
#10762=DIRECTION('Axis2P3D XDirection',(0.0381444602063,0.00974696135098,0.)) ;
#10766=DIRECTION('Vector Direction',(0.,0.,-0.0393700787402)) ;
#10785=DIRECTION('Axis2P3D Direction',(-0.0078426132683,0.0385810383107,0.)) ;
#10786=DIRECTION('Axis2P3D XDirection',(0.0385810383107,0.0078426132683,0.)) ;
#10790=DIRECTION('Vector Direction',(0.,0.,-0.0393700787402)) ;
#10809=DIRECTION('Axis2P3D Direction',(-0.00563677316629,0.0389644695624,0.)) ;
#10810=DIRECTION('Axis2P3D XDirection',(0.0389644695624,0.00563677316629,0.)) ;
#10814=DIRECTION('Vector Direction',(0.,0.,-0.0393700787402)) ;
#10833=DIRECTION('Axis2P3D Direction',(-0.00316561192191,0.0392426044136,0.)) ;
#10834=DIRECTION('Axis2P3D XDirection',(0.0392426044136,0.00316561192191,0.)) ;
#10838=DIRECTION('Vector Direction',(0.,0.,-0.0393700787402)) ;
#10857=DIRECTION('Axis2P3D Direction',(0.00118527608769,0.039352232727,0.)) ;
#10858=DIRECTION('Axis2P3D XDirection',(0.039352232727,-0.00118527608769,0.)) ;
#10862=DIRECTION('Vector Direction',(0.,0.,-0.0393700787402)) ;
#10881=DIRECTION('Axis2P3D Direction',(0.00824161078069,0.03849777853,0.)) ;
#10882=DIRECTION('Axis2P3D XDirection',(0.03849777853,-0.00824161078069,0.)) ;
#10886=DIRECTION('Vector Direction',(0.,0.,-0.0393700787402)) ;
#10905=DIRECTION('Axis2P3D Direction',(0.0163741420237,0.0358034994518,0.)) ;
#10906=DIRECTION('Axis2P3D XDirection',(0.0358034994518,-0.0163741420237,0.)) ;
#10910=DIRECTION('Vector Direction',(0.,0.,-0.0393700787402)) ;
#10929=DIRECTION('Axis2P3D Direction',(0.023785500753,0.0313728075558,0.)) ;
#10930=DIRECTION('Axis2P3D XDirection',(0.0313728075558,-0.023785500753,0.)) ;
#10934=DIRECTION('Vector Direction',(0.,0.,-0.0393700787402)) ;
#10953=DIRECTION('Axis2P3D Direction',(0.0279663474483,0.027710765244,0.)) ;
#10954=DIRECTION('Axis2P3D XDirection',(0.027710765244,-0.0279663474483,0.)) ;
#10958=DIRECTION('Vector Direction',(0.,0.,-0.0393700787402)) ;
#10977=DIRECTION('Axis2P3D Direction',(0.0301300044696,0.0253413877022,0.)) ;
#10978=DIRECTION('Axis2P3D XDirection',(0.0253413877022,-0.0301300044696,0.)) ;
#10982=DIRECTION('Vector Direction',(0.,0.,-0.0393700787402)) ;
#11001=DIRECTION('Axis2P3D Direction',(0.0318679113845,0.0231179437667,0.)) ;
#11002=DIRECTION('Axis2P3D XDirection',(0.0231179437667,-0.0318679113845,0.)) ;
#11006=DIRECTION('Vector Direction',(0.,0.,-0.0393700787402)) ;
#11025=DIRECTION('Axis2P3D Direction',(0.0332725945471,0.0210460816331,0.)) ;
#11026=DIRECTION('Axis2P3D XDirection',(0.0210460816331,-0.0332725945471,0.)) ;
#11030=DIRECTION('Vector Direction',(0.,0.,-0.0393700787402)) ;
#11049=DIRECTION('Axis2P3D Direction',(0.0344162243585,0.019118749983,0.)) ;
#11050=DIRECTION('Axis2P3D XDirection',(0.019118749983,-0.0344162243585,0.)) ;
#11054=DIRECTION('Vector Direction',(0.,0.,-0.0393700787402)) ;
#11073=DIRECTION('Axis2P3D Direction',(0.0353347360238,0.0173625899604,0.)) ;
#11074=DIRECTION('Axis2P3D XDirection',(0.0173625899604,-0.0353347360238,0.)) ;
#11078=DIRECTION('Vector Direction',(0.,0.,-0.0393700787402)) ;
#11097=DIRECTION('Axis2P3D Direction',(0.036051963269,0.0158195778848,0.)) ;
#11098=DIRECTION('Axis2P3D XDirection',(0.0158195778848,-0.036051963269,0.)) ;
#11102=DIRECTION('Vector Direction',(0.,0.,-0.0393700787402)) ;
#11121=DIRECTION('Axis2P3D Direction',(0.0365843442636,0.0145460941426,0.)) ;
#11122=DIRECTION('Axis2P3D XDirection',(0.0145460941426,-0.0365843442636,-0.)) ;
#11126=DIRECTION('Vector Direction',(0.,0.,-0.0393700787402)) ;
#11145=DIRECTION('Axis2P3D Direction',(0.0150662768648,-0.0363732099414,0.)) ;
#11146=DIRECTION('Axis2P3D XDirection',(-0.0363732099414,-0.0150662768648,-0.)) ;
#11150=DIRECTION('Vector Direction',(0.,0.,-0.0393700787402)) ;
#11169=DIRECTION('Axis2P3D Direction',(-0.0182458892582,-0.0348868259546,-0.)) ;
#11170=DIRECTION('Axis2P3D XDirection',(-0.0348868259546,0.0182458892582,0.)) ;
#11174=DIRECTION('Vector Direction',(0.,0.,-0.0393700787402)) ;
#11193=DIRECTION('Axis2P3D Direction',(0.0363732099414,0.0150662768648,0.)) ;
#11194=DIRECTION('Axis2P3D XDirection',(0.0150662768648,-0.0363732099414,-0.)) ;
#11198=DIRECTION('Vector Direction',(0.,0.,-0.0393700787402)) ;
#11217=DIRECTION('Axis2P3D Direction',(-0.0369407377299,0.0136156158867,0.)) ;
#11218=DIRECTION('Axis2P3D XDirection',(0.0136156158867,0.0369407377299,0.)) ;
#11222=DIRECTION('Vector Direction',(0.,0.,-0.0393700787402)) ;
#11241=DIRECTION('Axis2P3D Direction',(-0.0146628506218,0.0365377053419,0.)) ;
#11242=DIRECTION('Axis2P3D XDirection',(0.0365377053419,0.0146628506218,0.)) ;
#11246=DIRECTION('Vector Direction',(0.,0.,-0.0393700787402)) ;
#11265=DIRECTION('Axis2P3D Direction',(0.0350537128071,0.0179231782462,0.)) ;
#11266=DIRECTION('Axis2P3D XDirection',(0.0179231782462,-0.0350537128071,0.)) ;
#11270=DIRECTION('Vector Direction',(0.,0.,-0.0393700787402)) ;
#11289=DIRECTION('Axis2P3D Direction',(0.0353642273892,0.017302442636,0.)) ;
#11290=DIRECTION('Axis2P3D XDirection',(0.017302442636,-0.0353642273892,0.)) ;
#11294=DIRECTION('Vector Direction',(0.,0.,-0.0393700787402)) ;
#11313=DIRECTION('Axis2P3D Direction',(0.0356772101258,0.0166475156599,0.)) ;
#11314=DIRECTION('Axis2P3D XDirection',(0.0166475156599,-0.0356772101258,0.)) ;
#11318=DIRECTION('Vector Direction',(0.,0.,-0.0393700787402)) ;
#11337=DIRECTION('Axis2P3D Direction',(0.0359538859656,0.016041233867,0.)) ;
#11338=DIRECTION('Axis2P3D XDirection',(0.016041233867,-0.0359538859656,0.)) ;
#11342=DIRECTION('Vector Direction',(0.,0.,-0.0393700787402)) ;
#11361=DIRECTION('Axis2P3D Direction',(0.0362323739726,0.0154018887256,0.)) ;
#11362=DIRECTION('Axis2P3D XDirection',(0.0154018887256,-0.0362323739726,0.)) ;
#11366=DIRECTION('Vector Direction',(0.,0.,-0.0393700787402)) ;
#11385=DIRECTION('Axis2P3D Direction',(0.0366773960789,0.0143098468502,0.)) ;
#11386=DIRECTION('Axis2P3D XDirection',(0.0143098468502,-0.0366773960789,-0.)) ;
#11390=DIRECTION('Vector Direction',(0.,0.,-0.0393700787402)) ;
#11409=DIRECTION('Axis2P3D Direction',(0.0372810956479,0.012653971997,0.)) ;
#11410=DIRECTION('Axis2P3D XDirection',(0.012653971997,-0.0372810956479,-0.)) ;
#11414=DIRECTION('Vector Direction',(0.,0.,-0.0393700787402)) ;
#11433=DIRECTION('Axis2P3D Direction',(0.0378482547686,0.0108403279922,0.)) ;
#11434=DIRECTION('Axis2P3D XDirection',(0.0108403279922,-0.0378482547686,-0.)) ;
#11438=DIRECTION('Vector Direction',(0.,0.,-0.0393700787402)) ;
#11457=DIRECTION('Axis2P3D Direction',(0.0383892037532,0.00873339196438,0.)) ;
#11458=DIRECTION('Axis2P3D XDirection',(0.00873339196438,-0.0383892037532,-0.)) ;
#11462=DIRECTION('Vector Direction',(0.,0.,-0.0393700787402)) ;
#11481=DIRECTION('Axis2P3D Direction',(0.038851853342,0.00636683531276,0.)) ;
#11482=DIRECTION('Axis2P3D XDirection',(0.00636683531276,-0.038851853342,-0.)) ;
#11486=DIRECTION('Vector Direction',(0.,0.,-0.0393700787402)) ;
#11505=DIRECTION('Axis2P3D Direction',(0.0391920815485,0.00373949781457,0.)) ;
#11506=DIRECTION('Axis2P3D XDirection',(0.00373949781457,-0.0391920815485,-0.)) ;
#11510=DIRECTION('Vector Direction',(0.,0.,-0.0393700787402)) ;
#11529=DIRECTION('Axis2P3D Direction',(0.0393613715716,0.000827966185757,0.)) ;
#11530=DIRECTION('Axis2P3D XDirection',(0.000827966185757,-0.0393613715716,-0.)) ;
#11534=DIRECTION('Vector Direction',(0.,0.,-0.0393700787402)) ;
#11553=DIRECTION('Axis2P3D Direction',(0.0392957254284,-0.00241848362886,0.)) ;
#11554=DIRECTION('Axis2P3D XDirection',(-0.00241848362886,-0.0392957254284,-0.)) ;
#11558=DIRECTION('Vector Direction',(0.,0.,-0.0393700787402)) ;
#11577=DIRECTION('Axis2P3D Direction',(0.0389288413269,-0.0058777898017,0.)) ;
#11578=DIRECTION('Axis2P3D XDirection',(-0.0058777898017,-0.0389288413269,-0.)) ;
#11582=DIRECTION('Vector Direction',(0.,0.,-0.0393700787402)) ;
#11601=DIRECTION('Axis2P3D Direction',(0.038184275756,-0.00958979587894,0.)) ;
#11602=DIRECTION('Axis2P3D XDirection',(-0.00958979587894,-0.038184275756,-0.)) ;
#11606=DIRECTION('Vector Direction',(0.,0.,-0.0393700787402)) ;
#11625=DIRECTION('Axis2P3D Direction',(0.0370530656609,-0.0133068938951,0.)) ;
#11626=DIRECTION('Axis2P3D XDirection',(-0.0133068938951,-0.0370530656609,-0.)) ;
#11630=DIRECTION('Vector Direction',(0.,0.,-0.0393700787402)) ;
#11649=DIRECTION('Axis2P3D Direction',(0.0356555970146,-0.0166937563639,0.)) ;
#11650=DIRECTION('Axis2P3D XDirection',(-0.0166937563639,-0.0356555970146,-0.)) ;
#11654=DIRECTION('Vector Direction',(0.,0.,-0.0393700787402)) ;
#11673=DIRECTION('Axis2P3D Direction',(0.034142530212,-0.0196033346839,0.)) ;
#11674=DIRECTION('Axis2P3D XDirection',(-0.0196033346839,-0.034142530212,-0.)) ;
#11678=DIRECTION('Vector Direction',(0.,0.,-0.0393700787402)) ;
#11697=DIRECTION('Axis2P3D Direction',(0.0325309555934,-0.0221752120213,0.)) ;
#11698=DIRECTION('Axis2P3D XDirection',(-0.0221752120213,-0.0325309555934,-0.)) ;
#11702=DIRECTION('Vector Direction',(0.,0.,-0.0393700787402)) ;
#11721=DIRECTION('Axis2P3D Direction',(0.0309711913333,-0.0243061392945,0.)) ;
#11722=DIRECTION('Axis2P3D XDirection',(-0.0243061392945,-0.0309711913333,-0.)) ;
#11726=DIRECTION('Vector Direction',(0.,0.,-0.0393700787402)) ;
#11745=DIRECTION('Axis2P3D Direction',(0.0294346884846,-0.0261457876879,0.)) ;
#11746=DIRECTION('Axis2P3D XDirection',(-0.0261457876879,-0.0294346884846,-0.)) ;
#11750=DIRECTION('Vector Direction',(0.,0.,-0.0393700787402)) ;
#11769=DIRECTION('Axis2P3D Direction',(0.0279717128347,-0.0277053493228,0.)) ;
#11770=DIRECTION('Axis2P3D XDirection',(-0.0277053493228,-0.0279717128347,-0.)) ;
#11774=DIRECTION('Vector Direction',(0.,0.,-0.0393700787402)) ;
#11793=DIRECTION('Axis2P3D Direction',(0.0265861302965,-0.0290375752407,0.)) ;
#11794=DIRECTION('Axis2P3D XDirection',(-0.0290375752407,-0.0265861302965,-0.)) ;
#11798=DIRECTION('Vector Direction',(0.,0.,-0.0393700787402)) ;
#11817=DIRECTION('Axis2P3D Direction',(0.0253297167202,-0.0301398167029,0.)) ;
#11818=DIRECTION('Axis2P3D XDirection',(-0.0301398167029,-0.0253297167202,-0.)) ;
#11822=DIRECTION('Vector Direction',(0.,0.,-0.0393700787402)) ;
#11841=DIRECTION('Axis2P3D Direction',(0.0241339143877,-0.0311055827197,0.)) ;
#11842=DIRECTION('Axis2P3D XDirection',(-0.0311055827197,-0.0241339143877,-0.)) ;
#11846=DIRECTION('Vector Direction',(0.,0.,-0.0393700787402)) ;
#11865=DIRECTION('Axis2P3D Direction',(0.036366240601,-0.0150830913462,0.)) ;
#11866=DIRECTION('Axis2P3D XDirection',(-0.0150830913462,-0.036366240601,-0.)) ;
#11870=DIRECTION('Vector Direction',(0.,0.,-0.0393700787402)) ;
#11889=DIRECTION('Axis2P3D Direction',(-0.00323350920383,0.0392370681656,0.)) ;
#11890=DIRECTION('Axis2P3D XDirection',(0.0392370681656,0.00323350920383,0.)) ;
#11894=DIRECTION('Vector Direction',(0.,0.,-0.0393700787402)) ;
#11913=DIRECTION('Axis2P3D Direction',(-0.00266559773895,0.0392797363624,0.)) ;
#11914=DIRECTION('Axis2P3D XDirection',(0.0392797363624,0.00266559773895,0.)) ;
#11918=DIRECTION('Vector Direction',(0.,0.,-0.0393700787402)) ;
#11937=DIRECTION('Axis2P3D Direction',(-0.00201579199727,0.0393184394735,0.)) ;
#11938=DIRECTION('Axis2P3D XDirection',(0.0393184394735,0.00201579199727,0.)) ;
#11942=DIRECTION('Vector Direction',(0.,0.,-0.0393700787402)) ;
#11961=DIRECTION('Axis2P3D Direction',(-0.0013531397663,0.0393468183311,0.)) ;
#11962=DIRECTION('Axis2P3D XDirection',(0.0393468183311,0.0013531397663,0.)) ;
#11966=DIRECTION('Vector Direction',(0.,0.,-0.0393700787402)) ;
#11985=DIRECTION('Axis2P3D Direction',(-0.000647529780686,0.0393647533358,0.)) ;
#11986=DIRECTION('Axis2P3D XDirection',(0.0393647533358,0.000647529780686,0.)) ;
#11990=DIRECTION('Vector Direction',(0.,0.,-0.0393700787402)) ;
#12009=DIRECTION('Axis2P3D Direction',(0.000104603765572,0.0393699397772,0.)) ;
#12010=DIRECTION('Axis2P3D XDirection',(0.0393699397772,-0.000104603765572,0.)) ;
#12014=DIRECTION('Vector Direction',(0.,0.,-0.0393700787402)) ;
#12033=DIRECTION('Axis2P3D Direction',(0.000920521349576,0.0393593158026,0.)) ;
#12034=DIRECTION('Axis2P3D XDirection',(0.0393593158026,-0.000920521349576,0.)) ;
#12038=DIRECTION('Vector Direction',(0.,0.,-0.0393700787402)) ;
#12057=DIRECTION('Axis2P3D Direction',(0.00180971555353,0.0393284633519,0.)) ;
#12058=DIRECTION('Axis2P3D XDirection',(0.0393284633519,-0.00180971555353,0.)) ;
#12062=DIRECTION('Vector Direction',(0.,0.,-0.0393700787402)) ;
#12081=DIRECTION('Axis2P3D Direction',(0.00272751125313,0.0392754857687,0.)) ;
#12082=DIRECTION('Axis2P3D XDirection',(0.0392754857687,-0.00272751125313,0.)) ;
#12086=DIRECTION('Vector Direction',(0.,0.,-0.0393700787402)) ;
#12105=DIRECTION('Axis2P3D Direction',(0.0036917729481,0.0391966058799,0.)) ;
#12106=DIRECTION('Axis2P3D XDirection',(0.0391966058799,-0.0036917729481,0.)) ;
#12110=DIRECTION('Vector Direction',(0.,0.,-0.0393700787402)) ;
#12129=DIRECTION('Axis2P3D Direction',(0.00472116176786,0.0390859787081,0.)) ;
#12130=DIRECTION('Axis2P3D XDirection',(0.0390859787081,-0.00472116176786,0.)) ;
#12134=DIRECTION('Vector Direction',(0.,0.,-0.0393700787402)) ;
#12153=DIRECTION('Axis2P3D Direction',(0.003606698015,0.0392045256244,0.)) ;
#12154=DIRECTION('Axis2P3D XDirection',(0.0392045256244,-0.003606698015,0.)) ;
#12172=DIRECTION('Vector Direction',(0.00513052288086,0.039034354548,0.)) ;
#12181=DIRECTION('Vector Direction',(-0.0363732099414,-0.0150662768648,0.)) ;
#12188=DIRECTION('Vector Direction',(-0.00513052288092,-0.0390343545479,0.)) ;
#12195=DIRECTION('Vector Direction',(0.0363732099414,0.0150662768648,0.)) ;
#12214=DIRECTION('Axis2P3D Direction',(-0.039034354548,0.00513052288086,0.)) ;
#12215=DIRECTION('Axis2P3D XDirection',(0.00513052288086,0.039034354548,0.)) ;
#12219=DIRECTION('Vector Direction',(0.,0.,-0.0393700787402)) ;
#12224=DIRECTION('Vector Direction',(0.,0.,-0.0393700787402)) ;
#12243=DIRECTION('Axis2P3D Direction',(0.0150662768648,-0.0363732099414,0.)) ;
#12244=DIRECTION('Axis2P3D XDirection',(-0.0363732099414,-0.0150662768648,-0.)) ;
#12248=DIRECTION('Vector Direction',(0.,0.,-0.0393700787402)) ;
#12267=DIRECTION('Axis2P3D Direction',(0.0390343545479,-0.00513052288091,0.)) ;
#12268=DIRECTION('Axis2P3D XDirection',(-0.00513052288091,-0.0390343545479,-0.)) ;
#12272=DIRECTION('Vector Direction',(0.,0.,-0.0393700787402)) ;
#12291=DIRECTION('Axis2P3D Direction',(-0.0150662768648,0.0363732099414,0.)) ;
#12292=DIRECTION('Axis2P3D XDirection',(0.0363732099414,0.0150662768648,0.)) ;
#12310=DIRECTION('Vector Direction',(0.00462467362333,0.0390975126304,0.)) ;
#12319=DIRECTION('Vector Direction',(-0.0378537038162,0.0108212849238,0.)) ;
#12326=DIRECTION('Vector Direction',(-0.0384487249378,0.00846750557487,0.)) ;
#12333=DIRECTION('Vector Direction',(-0.0388334863022,0.00647791954417,0.)) ;
#12340=DIRECTION('Vector Direction',(-0.039077936695,0.00478727100417,0.)) ;
#12347=DIRECTION('Vector Direction',(-0.0392274272394,0.0033484402608,0.)) ;
#12354=DIRECTION('Vector Direction',(-0.0393161876256,0.00205924515219,0.)) ;
#12361=DIRECTION('Vector Direction',(-0.0393579585647,0.000976830399306,0.)) ;
#12368=DIRECTION('Vector Direction',(-0.0393700728276,2.1576753157E-005,0.)) ;
#12375=DIRECTION('Vector Direction',(-0.0393609750749,-0.000846605671362,0.)) ;
#12382=DIRECTION('Vector Direction',(-0.0393284061524,-0.00181095817743,0.)) ;
#12389=DIRECTION('Vector Direction',(0.00234008050969,-0.0393004723027,0.)) ;
#12396=DIRECTION('Vector Direction',(0.0393546064765,0.00110365261123,0.)) ;
#12403=DIRECTION('Vector Direction',(0.039367816609,0.000422037255267,0.)) ;
#12410=DIRECTION('Vector Direction',(0.039368734011,-0.000325395724749,0.)) ;
#12417=DIRECTION('Vector Direction',(0.039351843489,-0.00119812938371,0.)) ;
#12424=DIRECTION('Vector Direction',(0.0393107090427,-0.00216130853164,0.)) ;
#12431=DIRECTION('Vector Direction',(0.0392366389898,-0.0032387128291,0.)) ;
#12438=DIRECTION('Vector Direction',(0.0391119136114,-0.00450125689793,0.)) ;
#12445=DIRECTION('Vector Direction',(0.0389214217735,-0.00592672144925,0.)) ;
#12452=DIRECTION('Vector Direction',(0.0386331735949,-0.00758162238547,0.)) ;
#12459=DIRECTION('Vector Direction',(0.0382059254171,-0.00950317647038,0.)) ;
#12496=DIRECTION('Axis2P3D Direction',(-0.0390975126304,0.00462467362333,0.)) ;
#12497=DIRECTION('Axis2P3D XDirection',(0.00462467362333,0.0390975126304,0.)) ;
#12501=DIRECTION('Vector Direction',(0.,0.,-0.0393700787402)) ;
#12506=DIRECTION('Vector Direction',(0.,0.,-0.0393700787402)) ;
#12525=DIRECTION('Axis2P3D Direction',(-0.0108212849238,-0.0378537038162,-0.)) ;
#12526=DIRECTION('Axis2P3D XDirection',(-0.0378537038162,0.0108212849238,0.)) ;
#12530=DIRECTION('Vector Direction',(0.,0.,-0.0393700787402)) ;
#12549=DIRECTION('Axis2P3D Direction',(-0.00846750557487,-0.0384487249378,-0.)) ;
#12550=DIRECTION('Axis2P3D XDirection',(-0.0384487249378,0.00846750557487,0.)) ;
#12554=DIRECTION('Vector Direction',(0.,0.,-0.0393700787402)) ;
#12573=DIRECTION('Axis2P3D Direction',(-0.00647791954417,-0.0388334863022,-0.)) ;
#12574=DIRECTION('Axis2P3D XDirection',(-0.0388334863022,0.00647791954417,0.)) ;
#12578=DIRECTION('Vector Direction',(0.,0.,-0.0393700787402)) ;
#12597=DIRECTION('Axis2P3D Direction',(-0.00478727100418,-0.039077936695,-0.)) ;
#12598=DIRECTION('Axis2P3D XDirection',(-0.039077936695,0.00478727100418,0.)) ;
#12602=DIRECTION('Vector Direction',(0.,0.,-0.0393700787402)) ;
#12621=DIRECTION('Axis2P3D Direction',(-0.0033484402608,-0.0392274272394,-0.)) ;
#12622=DIRECTION('Axis2P3D XDirection',(-0.0392274272394,0.0033484402608,0.)) ;
#12626=DIRECTION('Vector Direction',(0.,0.,-0.0393700787402)) ;
#12645=DIRECTION('Axis2P3D Direction',(-0.00205924515219,-0.0393161876256,-0.)) ;
#12646=DIRECTION('Axis2P3D XDirection',(-0.0393161876256,0.00205924515219,0.)) ;
#12650=DIRECTION('Vector Direction',(0.,0.,-0.0393700787402)) ;
#12669=DIRECTION('Axis2P3D Direction',(-0.000976830399307,-0.0393579585647,-0.)) ;
#12670=DIRECTION('Axis2P3D XDirection',(-0.0393579585647,0.000976830399307,0.)) ;
#12674=DIRECTION('Vector Direction',(0.,0.,-0.0393700787402)) ;
#12693=DIRECTION('Axis2P3D Direction',(-2.15767531589E-005,-0.0393700728276,-0.)) ;
#12694=DIRECTION('Axis2P3D XDirection',(-0.0393700728276,2.15767531589E-005,0.)) ;
#12698=DIRECTION('Vector Direction',(0.,0.,-0.0393700787402)) ;
#12717=DIRECTION('Axis2P3D Direction',(0.000846605671363,-0.0393609750749,0.)) ;
#12718=DIRECTION('Axis2P3D XDirection',(-0.0393609750749,-0.000846605671363,0.)) ;
#12722=DIRECTION('Vector Direction',(0.,0.,-0.0393700787402)) ;
#12741=DIRECTION('Axis2P3D Direction',(0.00181095817744,-0.0393284061524,0.)) ;
#12742=DIRECTION('Axis2P3D XDirection',(-0.0393284061524,-0.00181095817744,0.)) ;
#12746=DIRECTION('Vector Direction',(0.,0.,-0.0393700787402)) ;
#12765=DIRECTION('Axis2P3D Direction',(0.0393004723027,0.00234008050968,0.)) ;
#12766=DIRECTION('Axis2P3D XDirection',(0.00234008050968,-0.0393004723027,-0.)) ;
#12770=DIRECTION('Vector Direction',(0.,0.,-0.0393700787402)) ;
#12789=DIRECTION('Axis2P3D Direction',(-0.00110365261123,0.0393546064765,0.)) ;
#12790=DIRECTION('Axis2P3D XDirection',(0.0393546064765,0.00110365261123,0.)) ;
#12794=DIRECTION('Vector Direction',(0.,0.,-0.0393700787402)) ;
#12813=DIRECTION('Axis2P3D Direction',(-0.000422037255267,0.039367816609,0.)) ;
#12814=DIRECTION('Axis2P3D XDirection',(0.039367816609,0.000422037255267,0.)) ;
#12818=DIRECTION('Vector Direction',(0.,0.,-0.0393700787402)) ;
#12837=DIRECTION('Axis2P3D Direction',(0.000325395724749,0.039368734011,0.)) ;
#12838=DIRECTION('Axis2P3D XDirection',(0.039368734011,-0.000325395724749,0.)) ;
#12842=DIRECTION('Vector Direction',(0.,0.,-0.0393700787402)) ;
#12861=DIRECTION('Axis2P3D Direction',(0.00119812938371,0.039351843489,0.)) ;
#12862=DIRECTION('Axis2P3D XDirection',(0.039351843489,-0.00119812938371,0.)) ;
#12866=DIRECTION('Vector Direction',(0.,0.,-0.0393700787402)) ;
#12885=DIRECTION('Axis2P3D Direction',(0.00216130853164,0.0393107090427,0.)) ;
#12886=DIRECTION('Axis2P3D XDirection',(0.0393107090427,-0.00216130853164,0.)) ;
#12890=DIRECTION('Vector Direction',(0.,0.,-0.0393700787402)) ;
#12909=DIRECTION('Axis2P3D Direction',(0.0032387128291,0.0392366389898,0.)) ;
#12910=DIRECTION('Axis2P3D XDirection',(0.0392366389898,-0.0032387128291,0.)) ;
#12914=DIRECTION('Vector Direction',(0.,0.,-0.0393700787402)) ;
#12933=DIRECTION('Axis2P3D Direction',(0.00450125689793,0.0391119136114,0.)) ;
#12934=DIRECTION('Axis2P3D XDirection',(0.0391119136114,-0.00450125689793,0.)) ;
#12938=DIRECTION('Vector Direction',(0.,0.,-0.0393700787402)) ;
#12957=DIRECTION('Axis2P3D Direction',(0.00592672144925,0.0389214217735,0.)) ;
#12958=DIRECTION('Axis2P3D XDirection',(0.0389214217735,-0.00592672144925,0.)) ;
#12962=DIRECTION('Vector Direction',(0.,0.,-0.0393700787402)) ;
#12981=DIRECTION('Axis2P3D Direction',(0.00758162238547,0.0386331735949,0.)) ;
#12982=DIRECTION('Axis2P3D XDirection',(0.0386331735949,-0.00758162238547,0.)) ;
#12986=DIRECTION('Vector Direction',(0.,0.,-0.0393700787402)) ;
#13005=DIRECTION('Axis2P3D Direction',(0.00950317647038,0.0382059254171,0.)) ;
#13006=DIRECTION('Axis2P3D XDirection',(0.0382059254171,-0.00950317647038,0.)) ;
#13024=DIRECTION('Vector Direction',(0.0140229848796,0.0367880278769,0.)) ;
#13033=DIRECTION('Vector Direction',(-0.0369899826142,0.0134812568482,0.)) ;
#13040=DIRECTION('Vector Direction',(-0.0375090027625,0.011961513774,0.)) ;
#13047=DIRECTION('Vector Direction',(-0.0380040293676,0.0102808974236,0.)) ;
#13054=DIRECTION('Vector Direction',(-0.0384403562773,0.00850541646722,0.)) ;
#13061=DIRECTION('Vector Direction',(-0.038814737343,0.00658932963194,0.)) ;
#13068=DIRECTION('Vector Direction',(-0.0391096517819,0.00452086689736,0.)) ;
#13075=DIRECTION('Vector Direction',(-0.0393001039771,0.0023462581688,0.)) ;
#13082=DIRECTION('Vector Direction',(-0.0393700403601,5.49732082066E-005,0.)) ;
#13089=DIRECTION('Vector Direction',(-0.0392996924053,-0.00235314191191,0.)) ;
#13096=DIRECTION('Vector Direction',(-0.0390726038975,-0.00483060293094,0.)) ;
#13103=DIRECTION('Vector Direction',(-0.00765209752785,-0.0386192763194,0.)) ;
#13110=DIRECTION('Vector Direction',(0.0391729595847,0.00393476014261,0.)) ;
#13117=DIRECTION('Vector Direction',(0.0393402583655,0.00153204821749,0.)) ;
#13124=DIRECTION('Vector Direction',(0.0393641591214,-0.00068269808495,0.)) ;
#13131=DIRECTION('Vector Direction',(0.0392751528682,-0.00273230071357,0.)) ;
#13138=DIRECTION('Vector Direction',(0.0391007487494,-0.00459723256331,0.)) ;
#13145=DIRECTION('Vector Direction',(0.0388665411166,-0.00627655013803,0.)) ;
#13152=DIRECTION('Vector Direction',(0.0385847300879,-0.00782442995058,0.)) ;
#13159=DIRECTION('Vector Direction',(0.038272183882,-0.00923271579263,0.)) ;
#13166=DIRECTION('Vector Direction',(0.0379422638784,-0.0105065556578,0.)) ;
#13173=DIRECTION('Vector Direction',(0.0375994376615,-0.0116741332675,0.)) ;
#13210=DIRECTION('Axis2P3D Direction',(-0.0367880278769,0.0140229848796,0.)) ;
#13211=DIRECTION('Axis2P3D XDirection',(0.0140229848796,0.0367880278769,0.)) ;
#13215=DIRECTION('Vector Direction',(0.,0.,-0.0393700787402)) ;
#13220=DIRECTION('Vector Direction',(0.,0.,-0.0393700787402)) ;
#13239=DIRECTION('Axis2P3D Direction',(-0.0134812568482,-0.0369899826142,-0.)) ;
#13240=DIRECTION('Axis2P3D XDirection',(-0.0369899826142,0.0134812568482,0.)) ;
#13244=DIRECTION('Vector Direction',(0.,0.,-0.0393700787402)) ;
#13263=DIRECTION('Axis2P3D Direction',(-0.011961513774,-0.0375090027625,-0.)) ;
#13264=DIRECTION('Axis2P3D XDirection',(-0.0375090027625,0.011961513774,0.)) ;
#13268=DIRECTION('Vector Direction',(0.,0.,-0.0393700787402)) ;
#13287=DIRECTION('Axis2P3D Direction',(-0.0102808974236,-0.0380040293676,-0.)) ;
#13288=DIRECTION('Axis2P3D XDirection',(-0.0380040293676,0.0102808974236,0.)) ;
#13292=DIRECTION('Vector Direction',(0.,0.,-0.0393700787402)) ;
#13311=DIRECTION('Axis2P3D Direction',(-0.00850541646722,-0.0384403562773,-0.)) ;
#13312=DIRECTION('Axis2P3D XDirection',(-0.0384403562773,0.00850541646722,0.)) ;
#13316=DIRECTION('Vector Direction',(0.,0.,-0.0393700787402)) ;
#13335=DIRECTION('Axis2P3D Direction',(-0.00658932963194,-0.038814737343,-0.)) ;
#13336=DIRECTION('Axis2P3D XDirection',(-0.038814737343,0.00658932963194,0.)) ;
#13340=DIRECTION('Vector Direction',(0.,0.,-0.0393700787402)) ;
#13359=DIRECTION('Axis2P3D Direction',(-0.00452086689736,-0.0391096517819,-0.)) ;
#13360=DIRECTION('Axis2P3D XDirection',(-0.0391096517819,0.00452086689736,0.)) ;
#13364=DIRECTION('Vector Direction',(0.,0.,-0.0393700787402)) ;
#13383=DIRECTION('Axis2P3D Direction',(-0.0023462581688,-0.0393001039771,-0.)) ;
#13384=DIRECTION('Axis2P3D XDirection',(-0.0393001039771,0.0023462581688,0.)) ;
#13388=DIRECTION('Vector Direction',(0.,0.,-0.0393700787402)) ;
#13407=DIRECTION('Axis2P3D Direction',(-5.49732082088E-005,-0.0393700403601,-0.)) ;
#13408=DIRECTION('Axis2P3D XDirection',(-0.0393700403601,5.49732082088E-005,0.)) ;
#13412=DIRECTION('Vector Direction',(0.,0.,-0.0393700787402)) ;
#13431=DIRECTION('Axis2P3D Direction',(0.00235314191191,-0.0392996924053,0.)) ;
#13432=DIRECTION('Axis2P3D XDirection',(-0.0392996924053,-0.00235314191191,0.)) ;
#13436=DIRECTION('Vector Direction',(0.,0.,-0.0393700787402)) ;
#13455=DIRECTION('Axis2P3D Direction',(0.00483060293094,-0.0390726038975,0.)) ;
#13456=DIRECTION('Axis2P3D XDirection',(-0.0390726038975,-0.00483060293094,0.)) ;
#13460=DIRECTION('Vector Direction',(0.,0.,-0.0393700787402)) ;
#13479=DIRECTION('Axis2P3D Direction',(0.0386192763194,-0.00765209752784,0.)) ;
#13480=DIRECTION('Axis2P3D XDirection',(-0.00765209752784,-0.0386192763194,-0.)) ;
#13484=DIRECTION('Vector Direction',(0.,0.,-0.0393700787402)) ;
#13503=DIRECTION('Axis2P3D Direction',(-0.00393476014261,0.0391729595847,0.)) ;
#13504=DIRECTION('Axis2P3D XDirection',(0.0391729595847,0.00393476014261,0.)) ;
#13508=DIRECTION('Vector Direction',(0.,0.,-0.0393700787402)) ;
#13527=DIRECTION('Axis2P3D Direction',(-0.00153204821749,0.0393402583655,0.)) ;
#13528=DIRECTION('Axis2P3D XDirection',(0.0393402583655,0.00153204821749,0.)) ;
#13532=DIRECTION('Vector Direction',(0.,0.,-0.0393700787402)) ;
#13551=DIRECTION('Axis2P3D Direction',(0.000682698084949,0.0393641591214,0.)) ;
#13552=DIRECTION('Axis2P3D XDirection',(0.0393641591214,-0.000682698084949,0.)) ;
#13556=DIRECTION('Vector Direction',(0.,0.,-0.0393700787402)) ;
#13575=DIRECTION('Axis2P3D Direction',(0.00273230071358,0.0392751528682,0.)) ;
#13576=DIRECTION('Axis2P3D XDirection',(0.0392751528682,-0.00273230071358,0.)) ;
#13580=DIRECTION('Vector Direction',(0.,0.,-0.0393700787402)) ;
#13599=DIRECTION('Axis2P3D Direction',(0.00459723256331,0.0391007487494,0.)) ;
#13600=DIRECTION('Axis2P3D XDirection',(0.0391007487494,-0.00459723256331,0.)) ;
#13604=DIRECTION('Vector Direction',(0.,0.,-0.0393700787402)) ;
#13623=DIRECTION('Axis2P3D Direction',(0.00627655013803,0.0388665411166,0.)) ;
#13624=DIRECTION('Axis2P3D XDirection',(0.0388665411166,-0.00627655013803,0.)) ;
#13628=DIRECTION('Vector Direction',(0.,0.,-0.0393700787402)) ;
#13647=DIRECTION('Axis2P3D Direction',(0.00782442995058,0.0385847300879,0.)) ;
#13648=DIRECTION('Axis2P3D XDirection',(0.0385847300879,-0.00782442995058,0.)) ;
#13652=DIRECTION('Vector Direction',(0.,0.,-0.0393700787402)) ;
#13671=DIRECTION('Axis2P3D Direction',(0.00923271579263,0.038272183882,0.)) ;
#13672=DIRECTION('Axis2P3D XDirection',(0.038272183882,-0.00923271579263,0.)) ;
#13676=DIRECTION('Vector Direction',(0.,0.,-0.0393700787402)) ;
#13695=DIRECTION('Axis2P3D Direction',(0.0105065556578,0.0379422638784,0.)) ;
#13696=DIRECTION('Axis2P3D XDirection',(0.0379422638784,-0.0105065556578,0.)) ;
#13700=DIRECTION('Vector Direction',(0.,0.,-0.0393700787402)) ;
#13719=DIRECTION('Axis2P3D Direction',(0.0116741332675,0.0375994376615,0.)) ;
#13720=DIRECTION('Axis2P3D XDirection',(0.0375994376615,-0.0116741332675,0.)) ;
#13738=DIRECTION('Vector Direction',(0.0254250691458,0.0300594237959,0.)) ;
#13747=DIRECTION('Vector Direction',(0.0224278589859,0.032357290389,0.)) ;
#13754=DIRECTION('Vector Direction',(0.0175397670969,0.0352471228641,0.)) ;
#13761=DIRECTION('Vector Direction',(0.0118041101916,0.0375588349472,0.)) ;
#13768=DIRECTION('Vector Direction',(0.00540924392993,0.0389967072983,0.)) ;
#13775=DIRECTION('Vector Direction',(-0.00105118876007,0.039356042766,0.)) ;
#13782=DIRECTION('Vector Direction',(-0.00617551521943,0.0388827225356,0.)) ;
#13789=DIRECTION('Vector Direction',(-0.00960662828159,0.0381800444351,0.)) ;
#13796=DIRECTION('Vector Direction',(-0.0114553175298,0.0376666802399,0.)) ;
#13803=DIRECTION('Vector Direction',(-0.0124865856411,0.0373374916007,0.)) ;
#13810=DIRECTION('Vector Direction',(-0.0133471108826,0.0370385978554,0.)) ;
#13817=DIRECTION('Vector Direction',(-0.0141216126226,0.0367502810458,0.)) ;
#13824=DIRECTION('Vector Direction',(-0.0147442884748,0.0365049182629,0.)) ;
#13831=DIRECTION('Vector Direction',(-0.0157361272561,0.0360884662875,0.)) ;
#13838=DIRECTION('Vector Direction',(-0.0363732099414,-0.0150662768648,0.)) ;
#13845=DIRECTION('Vector Direction',(-0.017437701882,-0.0352977287241,0.)) ;
#13852=DIRECTION('Vector Direction',(-0.0150662768648,0.0363732099414,0.)) ;
#13859=DIRECTION('Vector Direction',(-0.0179142478065,-0.0350582775608,0.)) ;
#13866=DIRECTION('Vector Direction',(0.0150662768648,-0.0363732099414,0.)) ;
#13873=DIRECTION('Vector Direction',(0.0180430827702,0.0349921457495,0.)) ;
#13880=DIRECTION('Vector Direction',(0.0363879452262,0.0150306534195,0.)) ;
#13887=DIRECTION('Vector Direction',(0.0183182304008,-0.0348488957499,0.)) ;
#13894=DIRECTION('Vector Direction',(0.0170797048818,-0.0354723382533,0.)) ;
#13901=DIRECTION('Vector Direction',(0.0157848607836,-0.0360671771844,0.)) ;
#13908=DIRECTION('Vector Direction',(0.0141688024478,-0.03673211316,0.)) ;
#13915=DIRECTION('Vector Direction',(0.0122582145189,-0.0374130896454,0.)) ;
#13922=DIRECTION('Vector Direction',(0.0102738018146,-0.0380059481697,0.)) ;
#13929=DIRECTION('Vector Direction',(0.0081566039221,-0.0385158787056,0.)) ;
#13936=DIRECTION('Vector Direction',(0.00591297161518,-0.0389235130311,0.)) ;
#13943=DIRECTION('Vector Direction',(0.00363430564616,-0.0392019760022,0.)) ;
#13950=DIRECTION('Vector Direction',(0.00124531401312,-0.0393503785625,0.)) ;
#13957=DIRECTION('Vector Direction',(-0.00116526870964,-0.039352830252,0.)) ;
#13964=DIRECTION('Vector Direction',(-0.00357640981852,-0.039207300249,0.)) ;
#13971=DIRECTION('Vector Direction',(-0.0059867412673,-0.0389122349526,0.)) ;
#14020=DIRECTION('Axis2P3D Direction',(-0.0300594237959,0.0254250691458,0.)) ;
#14021=DIRECTION('Axis2P3D XDirection',(0.0254250691458,0.0300594237959,0.)) ;
#14025=DIRECTION('Vector Direction',(0.,0.,-0.0393700787402)) ;
#14030=DIRECTION('Vector Direction',(0.,0.,-0.0393700787402)) ;
#14049=DIRECTION('Axis2P3D Direction',(-0.032357290389,0.0224278589859,0.)) ;
#14050=DIRECTION('Axis2P3D XDirection',(0.0224278589859,0.032357290389,0.)) ;
#14054=DIRECTION('Vector Direction',(0.,0.,-0.0393700787402)) ;
#14073=DIRECTION('Axis2P3D Direction',(-0.035247122864,0.0175397670969,0.)) ;
#14074=DIRECTION('Axis2P3D XDirection',(0.0175397670969,0.035247122864,0.)) ;
#14078=DIRECTION('Vector Direction',(0.,0.,-0.0393700787402)) ;
#14097=DIRECTION('Axis2P3D Direction',(-0.0375588349472,0.0118041101916,0.)) ;
#14098=DIRECTION('Axis2P3D XDirection',(0.0118041101916,0.0375588349472,0.)) ;
#14102=DIRECTION('Vector Direction',(0.,0.,-0.0393700787402)) ;
#14121=DIRECTION('Axis2P3D Direction',(-0.0389967072983,0.00540924392993,0.)) ;
#14122=DIRECTION('Axis2P3D XDirection',(0.00540924392993,0.0389967072983,0.)) ;
#14126=DIRECTION('Vector Direction',(0.,0.,-0.0393700787402)) ;
#14145=DIRECTION('Axis2P3D Direction',(-0.039356042766,-0.00105118876007,-0.)) ;
#14146=DIRECTION('Axis2P3D XDirection',(-0.00105118876007,0.039356042766,0.)) ;
#14150=DIRECTION('Vector Direction',(0.,0.,-0.0393700787402)) ;
#14169=DIRECTION('Axis2P3D Direction',(-0.0388827225356,-0.00617551521942,-0.)) ;
#14170=DIRECTION('Axis2P3D XDirection',(-0.00617551521942,0.0388827225356,0.)) ;
#14174=DIRECTION('Vector Direction',(0.,0.,-0.0393700787402)) ;
#14193=DIRECTION('Axis2P3D Direction',(-0.0381800444351,-0.00960662828159,-0.)) ;
#14194=DIRECTION('Axis2P3D XDirection',(-0.00960662828159,0.0381800444351,0.)) ;
#14198=DIRECTION('Vector Direction',(0.,0.,-0.0393700787402)) ;
#14217=DIRECTION('Axis2P3D Direction',(-0.0376666802399,-0.0114553175298,-0.)) ;
#14218=DIRECTION('Axis2P3D XDirection',(-0.0114553175298,0.0376666802399,0.)) ;
#14222=DIRECTION('Vector Direction',(0.,0.,-0.0393700787402)) ;
#14241=DIRECTION('Axis2P3D Direction',(-0.0373374916007,-0.0124865856411,-0.)) ;
#14242=DIRECTION('Axis2P3D XDirection',(-0.0124865856411,0.0373374916007,0.)) ;
#14246=DIRECTION('Vector Direction',(0.,0.,-0.0393700787402)) ;
#14265=DIRECTION('Axis2P3D Direction',(-0.0370385978554,-0.0133471108826,-0.)) ;
#14266=DIRECTION('Axis2P3D XDirection',(-0.0133471108826,0.0370385978554,0.)) ;
#14270=DIRECTION('Vector Direction',(0.,0.,-0.0393700787402)) ;
#14289=DIRECTION('Axis2P3D Direction',(-0.0367502810458,-0.0141216126226,-0.)) ;
#14290=DIRECTION('Axis2P3D XDirection',(-0.0141216126226,0.0367502810458,0.)) ;
#14294=DIRECTION('Vector Direction',(0.,0.,-0.0393700787402)) ;
#14313=DIRECTION('Axis2P3D Direction',(-0.0365049182629,-0.0147442884748,-0.)) ;
#14314=DIRECTION('Axis2P3D XDirection',(-0.0147442884748,0.0365049182629,0.)) ;
#14318=DIRECTION('Vector Direction',(0.,0.,-0.0393700787402)) ;
#14337=DIRECTION('Axis2P3D Direction',(-0.0360884662875,-0.0157361272561,-0.)) ;
#14338=DIRECTION('Axis2P3D XDirection',(-0.0157361272561,0.0360884662875,0.)) ;
#14342=DIRECTION('Vector Direction',(0.,0.,-0.0393700787402)) ;
#14361=DIRECTION('Axis2P3D Direction',(0.0150662768648,-0.0363732099414,0.)) ;
#14362=DIRECTION('Axis2P3D XDirection',(-0.0363732099414,-0.0150662768648,-0.)) ;
#14366=DIRECTION('Vector Direction',(0.,0.,-0.0393700787402)) ;
#14385=DIRECTION('Axis2P3D Direction',(0.0352977287241,-0.017437701882,0.)) ;
#14386=DIRECTION('Axis2P3D XDirection',(-0.017437701882,-0.0352977287241,-0.)) ;
#14390=DIRECTION('Vector Direction',(0.,0.,-0.0393700787402)) ;
#14409=DIRECTION('Axis2P3D Direction',(-0.0363732099414,-0.0150662768648,-0.)) ;
#14410=DIRECTION('Axis2P3D XDirection',(-0.0150662768648,0.0363732099414,0.)) ;
#14414=DIRECTION('Vector Direction',(0.,0.,-0.0393700787402)) ;
#14433=DIRECTION('Axis2P3D Direction',(0.0350582775608,-0.0179142478065,0.)) ;
#14434=DIRECTION('Axis2P3D XDirection',(-0.0179142478065,-0.0350582775608,-0.)) ;
#14438=DIRECTION('Vector Direction',(0.,0.,-0.0393700787402)) ;
#14457=DIRECTION('Axis2P3D Direction',(0.0363732099414,0.0150662768648,0.)) ;
#14458=DIRECTION('Axis2P3D XDirection',(0.0150662768648,-0.0363732099414,0.)) ;
#14462=DIRECTION('Vector Direction',(0.,0.,-0.0393700787402)) ;
#14481=DIRECTION('Axis2P3D Direction',(-0.0349921457495,0.0180430827702,0.)) ;
#14482=DIRECTION('Axis2P3D XDirection',(0.0180430827702,0.0349921457495,0.)) ;
#14486=DIRECTION('Vector Direction',(0.,0.,-0.0393700787402)) ;
#14505=DIRECTION('Axis2P3D Direction',(-0.0150306534195,0.0363879452262,0.)) ;
#14506=DIRECTION('Axis2P3D XDirection',(0.0363879452262,0.0150306534195,0.)) ;
#14510=DIRECTION('Vector Direction',(0.,0.,-0.0393700787402)) ;
#14529=DIRECTION('Axis2P3D Direction',(0.0348488957499,0.0183182304008,0.)) ;
#14530=DIRECTION('Axis2P3D XDirection',(0.0183182304008,-0.0348488957499,0.)) ;
#14534=DIRECTION('Vector Direction',(0.,0.,-0.0393700787402)) ;
#14553=DIRECTION('Axis2P3D Direction',(0.0354723382533,0.0170797048818,0.)) ;
#14554=DIRECTION('Axis2P3D XDirection',(0.0170797048818,-0.0354723382533,0.)) ;
#14558=DIRECTION('Vector Direction',(0.,0.,-0.0393700787402)) ;
#14577=DIRECTION('Axis2P3D Direction',(0.0360671771844,0.0157848607836,0.)) ;
#14578=DIRECTION('Axis2P3D XDirection',(0.0157848607836,-0.0360671771844,0.)) ;
#14582=DIRECTION('Vector Direction',(0.,0.,-0.0393700787402)) ;
#14601=DIRECTION('Axis2P3D Direction',(0.03673211316,0.0141688024478,0.)) ;
#14602=DIRECTION('Axis2P3D XDirection',(0.0141688024478,-0.03673211316,-0.)) ;
#14606=DIRECTION('Vector Direction',(0.,0.,-0.0393700787402)) ;
#14625=DIRECTION('Axis2P3D Direction',(0.0374130896454,0.0122582145189,0.)) ;
#14626=DIRECTION('Axis2P3D XDirection',(0.0122582145189,-0.0374130896454,-0.)) ;
#14630=DIRECTION('Vector Direction',(0.,0.,-0.0393700787402)) ;
#14649=DIRECTION('Axis2P3D Direction',(0.0380059481697,0.0102738018146,0.)) ;
#14650=DIRECTION('Axis2P3D XDirection',(0.0102738018146,-0.0380059481697,-0.)) ;
#14654=DIRECTION('Vector Direction',(0.,0.,-0.0393700787402)) ;
#14673=DIRECTION('Axis2P3D Direction',(0.0385158787056,0.0081566039221,0.)) ;
#14674=DIRECTION('Axis2P3D XDirection',(0.0081566039221,-0.0385158787056,-0.)) ;
#14678=DIRECTION('Vector Direction',(0.,0.,-0.0393700787402)) ;
#14697=DIRECTION('Axis2P3D Direction',(0.0389235130311,0.00591297161519,0.)) ;
#14698=DIRECTION('Axis2P3D XDirection',(0.00591297161519,-0.0389235130311,-0.)) ;
#14702=DIRECTION('Vector Direction',(0.,0.,-0.0393700787402)) ;
#14721=DIRECTION('Axis2P3D Direction',(0.0392019760022,0.00363430564614,0.)) ;
#14722=DIRECTION('Axis2P3D XDirection',(0.00363430564614,-0.0392019760022,-0.)) ;
#14726=DIRECTION('Vector Direction',(0.,0.,-0.0393700787402)) ;
#14745=DIRECTION('Axis2P3D Direction',(0.0393503785625,0.00124531401313,0.)) ;
#14746=DIRECTION('Axis2P3D XDirection',(0.00124531401313,-0.0393503785625,-0.)) ;
#14750=DIRECTION('Vector Direction',(0.,0.,-0.0393700787402)) ;
#14769=DIRECTION('Axis2P3D Direction',(0.039352830252,-0.00116526870965,0.)) ;
#14770=DIRECTION('Axis2P3D XDirection',(-0.00116526870965,-0.039352830252,-0.)) ;
#14774=DIRECTION('Vector Direction',(0.,0.,-0.0393700787402)) ;
#14793=DIRECTION('Axis2P3D Direction',(0.039207300249,-0.00357640981851,0.)) ;
#14794=DIRECTION('Axis2P3D XDirection',(-0.00357640981851,-0.039207300249,-0.)) ;
#14798=DIRECTION('Vector Direction',(0.,0.,-0.0393700787402)) ;
#14817=DIRECTION('Axis2P3D Direction',(0.0389122349526,-0.00598674126731,0.)) ;
#14818=DIRECTION('Axis2P3D XDirection',(-0.00598674126731,-0.0389122349526,-0.)) ;
#14836=DIRECTION('Vector Direction',(0.0137604169443,0.0368870441419,0.)) ;
#14845=DIRECTION('Vector Direction',(-0.0150662768648,0.0363732099414,0.)) ;
#14852=DIRECTION('Vector Direction',(-0.0363732099414,-0.0150662768648,0.)) ;
#14859=DIRECTION('Vector Direction',(-0.0187807311788,-0.0346018386274,0.)) ;
#14866=DIRECTION('Vector Direction',(-0.0150662768648,0.0363732099414,0.)) ;
#14873=DIRECTION('Vector Direction',(-0.0164607754887,-0.0357637521845,0.)) ;
#14880=DIRECTION('Vector Direction',(0.0150662768648,-0.0363732099414,0.)) ;
#14887=DIRECTION('Vector Direction',(0.0188374021553,0.0345710193666,0.)) ;
#14894=DIRECTION('Vector Direction',(0.0363732099414,0.0150662768648,0.)) ;
#14901=DIRECTION('Vector Direction',(0.0150662768648,-0.0363732099414,0.)) ;
#14926=DIRECTION('Axis2P3D Direction',(-0.0368870441419,0.0137604169443,0.)) ;
#14927=DIRECTION('Axis2P3D XDirection',(0.0137604169443,0.0368870441419,0.)) ;
#14931=DIRECTION('Vector Direction',(0.,0.,-0.0393700787402)) ;
#14936=DIRECTION('Vector Direction',(0.,0.,-0.0393700787402)) ;
#14955=DIRECTION('Axis2P3D Direction',(-0.0363732099414,-0.0150662768648,-0.)) ;
#14956=DIRECTION('Axis2P3D XDirection',(-0.0150662768648,0.0363732099414,0.)) ;
#14960=DIRECTION('Vector Direction',(0.,0.,-0.0393700787402)) ;
#14979=DIRECTION('Vector Direction',(0.,0.,-0.0393700787402)) ;
#14998=DIRECTION('Axis2P3D Direction',(0.0346018386274,-0.0187807311788,0.)) ;
#14999=DIRECTION('Axis2P3D XDirection',(-0.0187807311788,-0.0346018386274,-0.)) ;
#15003=DIRECTION('Vector Direction',(0.,0.,-0.0393700787402)) ;
#15022=DIRECTION('Vector Direction',(0.,0.,-0.0393700787402)) ;
#15041=DIRECTION('Axis2P3D Direction',(0.0357637521845,-0.0164607754887,0.)) ;
#15042=DIRECTION('Axis2P3D XDirection',(-0.0164607754887,-0.0357637521845,-0.)) ;
#15046=DIRECTION('Vector Direction',(0.,0.,-0.0393700787402)) ;
#15065=DIRECTION('Vector Direction',(0.,0.,-0.0393700787402)) ;
#15084=DIRECTION('Axis2P3D Direction',(-0.0345710193666,0.0188374021553,0.)) ;
#15085=DIRECTION('Axis2P3D XDirection',(0.0188374021553,0.0345710193666,0.)) ;
#15089=DIRECTION('Vector Direction',(0.,0.,-0.0393700787402)) ;
#15108=DIRECTION('Vector Direction',(0.,0.,-0.0393700787402)) ;
#15127=DIRECTION('Axis2P3D Direction',(0.0363732099414,0.0150662768648,0.)) ;
#15128=DIRECTION('Axis2P3D XDirection',(0.0150662768648,-0.0363732099414,-0.)) ;
#15146=DIRECTION('Axis2P3D Direction',(0.,-0.,0.0393700787402)) ;
#15155=DIRECTION('Axis2P3D Direction',(0.,-0.,0.0393700787402)) ;
#15164=DIRECTION('Axis2P3D Direction',(0.,-0.,0.0393700787402)) ;
#15173=DIRECTION('Axis2P3D Direction',(0.,-0.,0.0393700787402)) ;
#15182=DIRECTION('Axis2P3D Direction',(0.,-0.,0.0393700787402)) ;
#15191=DIRECTION('Axis2P3D Direction',(0.,-0.,0.0393700787402)) ;
#15200=DIRECTION('Axis2P3D Direction',(0.,-0.,0.0393700787402)) ;
#15209=DIRECTION('Axis2P3D Direction',(0.,-0.,0.0393700787402)) ;
#15218=DIRECTION('Axis2P3D Direction',(0.,-0.,0.0393700787402)) ;
#15227=DIRECTION('Axis2P3D Direction',(0.,-0.,0.0393700787402)) ;
#15236=DIRECTION('Axis2P3D Direction',(0.,-0.,0.0393700787402)) ;
#15245=DIRECTION('Axis2P3D Direction',(0.,-0.,0.0393700787402)) ;
#15254=DIRECTION('Axis2P3D Direction',(0.,-0.,0.0393700787402)) ;
#15263=DIRECTION('Axis2P3D Direction',(0.,-0.,0.0393700787402)) ;
#15272=DIRECTION('Axis2P3D Direction',(0.,-0.,0.0393700787402)) ;
#15281=DIRECTION('Axis2P3D Direction',(0.,-0.,0.0393700787402)) ;
#15290=DIRECTION('Axis2P3D Direction',(0.,-0.,0.0393700787402)) ;
#15299=DIRECTION('Axis2P3D Direction',(0.,-0.,0.0393700787402)) ;
#15308=DIRECTION('Axis2P3D Direction',(0.,-0.,0.0393700787402)) ;
#15317=DIRECTION('Axis2P3D Direction',(0.,-0.,0.0393700787402)) ;
#15334=DIRECTION('Axis2P3D Direction',(0.,-0.,0.0393700787402)) ;
#15335=DIRECTION('Axis2P3D XDirection',(0.0150662768648,-0.0363732099414,0.)) ;
#15339=DIRECTION('Vector Direction',(0.,0.,0.0393700787402)) ;
#15344=DIRECTION('Vector Direction',(0.,0.,0.0393700787402)) ;
#15377=DIRECTION('Axis2P3D Direction',(0.,-0.,0.0393700787402)) ;
#15378=DIRECTION('Axis2P3D XDirection',(-0.0150662768648,0.0363732099414,0.)) ;
#15382=DIRECTION('Vector Direction',(0.,0.,0.0393700787402)) ;
#15387=DIRECTION('Vector Direction',(0.,0.,0.0393700787402)) ;
#15420=DIRECTION('Axis2P3D Direction',(0.,-0.,0.0393700787402)) ;
#15421=DIRECTION('Axis2P3D XDirection',(-0.0150662768648,0.0363732099414,0.)) ;
#15425=DIRECTION('Vector Direction',(0.,0.,0.0393700787402)) ;
#15430=DIRECTION('Vector Direction',(0.,0.,0.0393700787402)) ;
#15463=DIRECTION('Axis2P3D Direction',(0.,-0.,0.0393700787402)) ;
#15464=DIRECTION('Axis2P3D XDirection',(-0.0150662768648,0.0363732099414,0.)) ;
#15468=DIRECTION('Vector Direction',(0.,0.,0.0393700787402)) ;
#15473=DIRECTION('Vector Direction',(0.,0.,0.0393700787402)) ;
#15506=DIRECTION('Axis2P3D Direction',(0.,-0.,0.0393700787402)) ;
#15507=DIRECTION('Axis2P3D XDirection',(-0.0150662768648,0.0363732099414,0.)) ;
#15511=DIRECTION('Vector Direction',(0.,0.,0.0393700787402)) ;
#15516=DIRECTION('Vector Direction',(0.,0.,0.0393700787402)) ;
#15549=DIRECTION('Axis2P3D Direction',(0.,-0.,0.0393700787402)) ;
#15550=DIRECTION('Axis2P3D XDirection',(-0.0150662768648,0.0363732099414,0.)) ;
#15554=DIRECTION('Vector Direction',(0.,0.,0.0393700787402)) ;
#15559=DIRECTION('Vector Direction',(0.,0.,0.0393700787402)) ;
#15592=DIRECTION('Axis2P3D Direction',(0.,-0.,0.0393700787402)) ;
#15593=DIRECTION('Axis2P3D XDirection',(-0.0150662768648,0.0363732099414,0.)) ;
#15597=DIRECTION('Vector Direction',(0.,0.,0.0393700787402)) ;
#15602=DIRECTION('Vector Direction',(0.,0.,0.0393700787402)) ;
#15635=DIRECTION('Axis2P3D Direction',(0.,-0.,0.0393700787402)) ;
#15636=DIRECTION('Axis2P3D XDirection',(0.0150662768648,-0.0363732099414,-0.)) ;
#15640=DIRECTION('Vector Direction',(0.,0.,0.0393700787402)) ;
#15645=DIRECTION('Vector Direction',(0.,0.,0.0393700787402)) ;
#15678=DIRECTION('Axis2P3D Direction',(0.,-0.,0.0393700787402)) ;
#15679=DIRECTION('Axis2P3D XDirection',(0.0150662768648,-0.0363732099414,-0.)) ;
#15683=DIRECTION('Vector Direction',(0.,0.,0.0393700787402)) ;
#15688=DIRECTION('Vector Direction',(0.,0.,0.0393700787402)) ;
#15721=DIRECTION('Axis2P3D Direction',(0.,-0.,0.0393700787402)) ;
#15722=DIRECTION('Axis2P3D XDirection',(0.0150662768648,-0.0363732099414,-0.)) ;
#15726=DIRECTION('Vector Direction',(0.,0.,0.0393700787402)) ;
#15731=DIRECTION('Vector Direction',(0.,0.,0.0393700787402)) ;
#8=PRODUCT_RELATED_PRODUCT_CATEGORY('part',$,(#5)) ;
#7=PRODUCT_CATEGORY('part','specification') ;
#33=STYLED_ITEM(' ',(#32),#25) ;
#32=PRESENTATION_STYLE_ASSIGNMENT((#31)) ;
#5091=PRESENTATION_STYLE_ASSIGNMENT((#5090)) ;
#5120=PRESENTATION_STYLE_ASSIGNMENT((#5119)) ;
#5144=PRESENTATION_STYLE_ASSIGNMENT((#5143)) ;
#5168=PRESENTATION_STYLE_ASSIGNMENT((#5167)) ;
#5192=PRESENTATION_STYLE_ASSIGNMENT((#5191)) ;
#5216=PRESENTATION_STYLE_ASSIGNMENT((#5215)) ;
#5240=PRESENTATION_STYLE_ASSIGNMENT((#5239)) ;
#5264=PRESENTATION_STYLE_ASSIGNMENT((#5263)) ;
#5288=PRESENTATION_STYLE_ASSIGNMENT((#5287)) ;
#5312=PRESENTATION_STYLE_ASSIGNMENT((#5311)) ;
#5336=PRESENTATION_STYLE_ASSIGNMENT((#5335)) ;
#5360=PRESENTATION_STYLE_ASSIGNMENT((#5359)) ;
#5384=PRESENTATION_STYLE_ASSIGNMENT((#5383)) ;
#5408=PRESENTATION_STYLE_ASSIGNMENT((#5407)) ;
#5432=PRESENTATION_STYLE_ASSIGNMENT((#5431)) ;
#5456=PRESENTATION_STYLE_ASSIGNMENT((#5455)) ;
#5480=PRESENTATION_STYLE_ASSIGNMENT((#5479)) ;
#5504=PRESENTATION_STYLE_ASSIGNMENT((#5503)) ;
#5528=PRESENTATION_STYLE_ASSIGNMENT((#5527)) ;
#5552=PRESENTATION_STYLE_ASSIGNMENT((#5551)) ;
#5576=PRESENTATION_STYLE_ASSIGNMENT((#5575)) ;
#5600=PRESENTATION_STYLE_ASSIGNMENT((#5599)) ;
#5624=PRESENTATION_STYLE_ASSIGNMENT((#5623)) ;
#5648=PRESENTATION_STYLE_ASSIGNMENT((#5647)) ;
#5672=PRESENTATION_STYLE_ASSIGNMENT((#5671)) ;
#5696=PRESENTATION_STYLE_ASSIGNMENT((#5695)) ;
#5715=PRESENTATION_STYLE_ASSIGNMENT((#5714)) ;
#5739=PRESENTATION_STYLE_ASSIGNMENT((#5738)) ;
#5763=PRESENTATION_STYLE_ASSIGNMENT((#5762)) ;
#5787=PRESENTATION_STYLE_ASSIGNMENT((#5786)) ;
#5811=PRESENTATION_STYLE_ASSIGNMENT((#5810)) ;
#5835=PRESENTATION_STYLE_ASSIGNMENT((#5834)) ;
#5859=PRESENTATION_STYLE_ASSIGNMENT((#5858)) ;
#5883=PRESENTATION_STYLE_ASSIGNMENT((#5882)) ;
#5907=PRESENTATION_STYLE_ASSIGNMENT((#5906)) ;
#5931=PRESENTATION_STYLE_ASSIGNMENT((#5930)) ;
#5955=PRESENTATION_STYLE_ASSIGNMENT((#5954)) ;
#5979=PRESENTATION_STYLE_ASSIGNMENT((#5978)) ;
#6003=PRESENTATION_STYLE_ASSIGNMENT((#6002)) ;
#6027=PRESENTATION_STYLE_ASSIGNMENT((#6026)) ;
#6051=PRESENTATION_STYLE_ASSIGNMENT((#6050)) ;
#6075=PRESENTATION_STYLE_ASSIGNMENT((#6074)) ;
#6099=PRESENTATION_STYLE_ASSIGNMENT((#6098)) ;
#6123=PRESENTATION_STYLE_ASSIGNMENT((#6122)) ;
#6147=PRESENTATION_STYLE_ASSIGNMENT((#6146)) ;
#6171=PRESENTATION_STYLE_ASSIGNMENT((#6170)) ;
#6195=PRESENTATION_STYLE_ASSIGNMENT((#6194)) ;
#6219=PRESENTATION_STYLE_ASSIGNMENT((#6218)) ;
#6238=PRESENTATION_STYLE_ASSIGNMENT((#6237)) ;
#6262=PRESENTATION_STYLE_ASSIGNMENT((#6261)) ;
#6286=PRESENTATION_STYLE_ASSIGNMENT((#6285)) ;
#6310=PRESENTATION_STYLE_ASSIGNMENT((#6309)) ;
#6334=PRESENTATION_STYLE_ASSIGNMENT((#6333)) ;
#6358=PRESENTATION_STYLE_ASSIGNMENT((#6357)) ;
#6382=PRESENTATION_STYLE_ASSIGNMENT((#6381)) ;
#6406=PRESENTATION_STYLE_ASSIGNMENT((#6405)) ;
#6430=PRESENTATION_STYLE_ASSIGNMENT((#6429)) ;
#6454=PRESENTATION_STYLE_ASSIGNMENT((#6453)) ;
#6478=PRESENTATION_STYLE_ASSIGNMENT((#6477)) ;
#6502=PRESENTATION_STYLE_ASSIGNMENT((#6501)) ;
#6526=PRESENTATION_STYLE_ASSIGNMENT((#6525)) ;
#6550=PRESENTATION_STYLE_ASSIGNMENT((#6549)) ;
#6574=PRESENTATION_STYLE_ASSIGNMENT((#6573)) ;
#6598=PRESENTATION_STYLE_ASSIGNMENT((#6597)) ;
#6622=PRESENTATION_STYLE_ASSIGNMENT((#6621)) ;
#6646=PRESENTATION_STYLE_ASSIGNMENT((#6645)) ;
#6670=PRESENTATION_STYLE_ASSIGNMENT((#6669)) ;
#6694=PRESENTATION_STYLE_ASSIGNMENT((#6693)) ;
#6718=PRESENTATION_STYLE_ASSIGNMENT((#6717)) ;
#6742=PRESENTATION_STYLE_ASSIGNMENT((#6741)) ;
#6766=PRESENTATION_STYLE_ASSIGNMENT((#6765)) ;
#6790=PRESENTATION_STYLE_ASSIGNMENT((#6789)) ;
#6814=PRESENTATION_STYLE_ASSIGNMENT((#6813)) ;
#6838=PRESENTATION_STYLE_ASSIGNMENT((#6837)) ;
#6862=PRESENTATION_STYLE_ASSIGNMENT((#6861)) ;
#6886=PRESENTATION_STYLE_ASSIGNMENT((#6885)) ;
#6910=PRESENTATION_STYLE_ASSIGNMENT((#6909)) ;
#6934=PRESENTATION_STYLE_ASSIGNMENT((#6933)) ;
#6958=PRESENTATION_STYLE_ASSIGNMENT((#6957)) ;
#6982=PRESENTATION_STYLE_ASSIGNMENT((#6981)) ;
#7006=PRESENTATION_STYLE_ASSIGNMENT((#7005)) ;
#7030=PRESENTATION_STYLE_ASSIGNMENT((#7029)) ;
#7054=PRESENTATION_STYLE_ASSIGNMENT((#7053)) ;
#7078=PRESENTATION_STYLE_ASSIGNMENT((#7077)) ;
#7102=PRESENTATION_STYLE_ASSIGNMENT((#7101)) ;
#7126=PRESENTATION_STYLE_ASSIGNMENT((#7125)) ;
#7150=PRESENTATION_STYLE_ASSIGNMENT((#7149)) ;
#7174=PRESENTATION_STYLE_ASSIGNMENT((#7173)) ;
#7198=PRESENTATION_STYLE_ASSIGNMENT((#7197)) ;
#7222=PRESENTATION_STYLE_ASSIGNMENT((#7221)) ;
#7246=PRESENTATION_STYLE_ASSIGNMENT((#7245)) ;
#7270=PRESENTATION_STYLE_ASSIGNMENT((#7269)) ;
#7294=PRESENTATION_STYLE_ASSIGNMENT((#7293)) ;
#7318=PRESENTATION_STYLE_ASSIGNMENT((#7317)) ;
#7342=PRESENTATION_STYLE_ASSIGNMENT((#7341)) ;
#7361=PRESENTATION_STYLE_ASSIGNMENT((#7360)) ;
#7380=PRESENTATION_STYLE_ASSIGNMENT((#7379)) ;
#7404=PRESENTATION_STYLE_ASSIGNMENT((#7403)) ;
#7428=PRESENTATION_STYLE_ASSIGNMENT((#7427)) ;
#7452=PRESENTATION_STYLE_ASSIGNMENT((#7451)) ;
#7476=PRESENTATION_STYLE_ASSIGNMENT((#7475)) ;
#7500=PRESENTATION_STYLE_ASSIGNMENT((#7499)) ;
#7524=PRESENTATION_STYLE_ASSIGNMENT((#7523)) ;
#7548=PRESENTATION_STYLE_ASSIGNMENT((#7547)) ;
#7572=PRESENTATION_STYLE_ASSIGNMENT((#7571)) ;
#7596=PRESENTATION_STYLE_ASSIGNMENT((#7595)) ;
#7620=PRESENTATION_STYLE_ASSIGNMENT((#7619)) ;
#7644=PRESENTATION_STYLE_ASSIGNMENT((#7643)) ;
#7668=PRESENTATION_STYLE_ASSIGNMENT((#7667)) ;
#7692=PRESENTATION_STYLE_ASSIGNMENT((#7691)) ;
#7716=PRESENTATION_STYLE_ASSIGNMENT((#7715)) ;
#7740=PRESENTATION_STYLE_ASSIGNMENT((#7739)) ;
#7764=PRESENTATION_STYLE_ASSIGNMENT((#7763)) ;
#7788=PRESENTATION_STYLE_ASSIGNMENT((#7787)) ;
#7812=PRESENTATION_STYLE_ASSIGNMENT((#7811)) ;
#7836=PRESENTATION_STYLE_ASSIGNMENT((#7835)) ;
#7860=PRESENTATION_STYLE_ASSIGNMENT((#7859)) ;
#7884=PRESENTATION_STYLE_ASSIGNMENT((#7883)) ;
#7908=PRESENTATION_STYLE_ASSIGNMENT((#7907)) ;
#7932=PRESENTATION_STYLE_ASSIGNMENT((#7931)) ;
#7956=PRESENTATION_STYLE_ASSIGNMENT((#7955)) ;
#7980=PRESENTATION_STYLE_ASSIGNMENT((#7979)) ;
#8004=PRESENTATION_STYLE_ASSIGNMENT((#8003)) ;
#8028=PRESENTATION_STYLE_ASSIGNMENT((#8027)) ;
#8052=PRESENTATION_STYLE_ASSIGNMENT((#8051)) ;
#8076=PRESENTATION_STYLE_ASSIGNMENT((#8075)) ;
#8100=PRESENTATION_STYLE_ASSIGNMENT((#8099)) ;
#8124=PRESENTATION_STYLE_ASSIGNMENT((#8123)) ;
#8148=PRESENTATION_STYLE_ASSIGNMENT((#8147)) ;
#8172=PRESENTATION_STYLE_ASSIGNMENT((#8171)) ;
#8196=PRESENTATION_STYLE_ASSIGNMENT((#8195)) ;
#8220=PRESENTATION_STYLE_ASSIGNMENT((#8219)) ;
#8244=PRESENTATION_STYLE_ASSIGNMENT((#8243)) ;
#8268=PRESENTATION_STYLE_ASSIGNMENT((#8267)) ;
#8292=PRESENTATION_STYLE_ASSIGNMENT((#8291)) ;
#8316=PRESENTATION_STYLE_ASSIGNMENT((#8315)) ;
#8340=PRESENTATION_STYLE_ASSIGNMENT((#8339)) ;
#8364=PRESENTATION_STYLE_ASSIGNMENT((#8363)) ;
#8383=PRESENTATION_STYLE_ASSIGNMENT((#8382)) ;
#9337=PRESENTATION_STYLE_ASSIGNMENT((#9336)) ;
#9366=PRESENTATION_STYLE_ASSIGNMENT((#9365)) ;
#9390=PRESENTATION_STYLE_ASSIGNMENT((#9389)) ;
#9414=PRESENTATION_STYLE_ASSIGNMENT((#9413)) ;
#9438=PRESENTATION_STYLE_ASSIGNMENT((#9437)) ;
#9462=PRESENTATION_STYLE_ASSIGNMENT((#9461)) ;
#9486=PRESENTATION_STYLE_ASSIGNMENT((#9485)) ;
#9510=PRESENTATION_STYLE_ASSIGNMENT((#9509)) ;
#9534=PRESENTATION_STYLE_ASSIGNMENT((#9533)) ;
#9558=PRESENTATION_STYLE_ASSIGNMENT((#9557)) ;
#9582=PRESENTATION_STYLE_ASSIGNMENT((#9581)) ;
#9606=PRESENTATION_STYLE_ASSIGNMENT((#9605)) ;
#9630=PRESENTATION_STYLE_ASSIGNMENT((#9629)) ;
#9654=PRESENTATION_STYLE_ASSIGNMENT((#9653)) ;
#9678=PRESENTATION_STYLE_ASSIGNMENT((#9677)) ;
#9702=PRESENTATION_STYLE_ASSIGNMENT((#9701)) ;
#9726=PRESENTATION_STYLE_ASSIGNMENT((#9725)) ;
#9750=PRESENTATION_STYLE_ASSIGNMENT((#9749)) ;
#9774=PRESENTATION_STYLE_ASSIGNMENT((#9773)) ;
#9798=PRESENTATION_STYLE_ASSIGNMENT((#9797)) ;
#9822=PRESENTATION_STYLE_ASSIGNMENT((#9821)) ;
#9846=PRESENTATION_STYLE_ASSIGNMENT((#9845)) ;
#9870=PRESENTATION_STYLE_ASSIGNMENT((#9869)) ;
#9894=PRESENTATION_STYLE_ASSIGNMENT((#9893)) ;
#9918=PRESENTATION_STYLE_ASSIGNMENT((#9917)) ;
#9942=PRESENTATION_STYLE_ASSIGNMENT((#9941)) ;
#9966=PRESENTATION_STYLE_ASSIGNMENT((#9965)) ;
#9990=PRESENTATION_STYLE_ASSIGNMENT((#9989)) ;
#10014=PRESENTATION_STYLE_ASSIGNMENT((#10013)) ;
#10038=PRESENTATION_STYLE_ASSIGNMENT((#10037)) ;
#10062=PRESENTATION_STYLE_ASSIGNMENT((#10061)) ;
#10086=PRESENTATION_STYLE_ASSIGNMENT((#10085)) ;
#10110=PRESENTATION_STYLE_ASSIGNMENT((#10109)) ;
#10134=PRESENTATION_STYLE_ASSIGNMENT((#10133)) ;
#10158=PRESENTATION_STYLE_ASSIGNMENT((#10157)) ;
#10182=PRESENTATION_STYLE_ASSIGNMENT((#10181)) ;
#10206=PRESENTATION_STYLE_ASSIGNMENT((#10205)) ;
#10230=PRESENTATION_STYLE_ASSIGNMENT((#10229)) ;
#10254=PRESENTATION_STYLE_ASSIGNMENT((#10253)) ;
#10278=PRESENTATION_STYLE_ASSIGNMENT((#10277)) ;
#10302=PRESENTATION_STYLE_ASSIGNMENT((#10301)) ;
#10326=PRESENTATION_STYLE_ASSIGNMENT((#10325)) ;
#10350=PRESENTATION_STYLE_ASSIGNMENT((#10349)) ;
#10374=PRESENTATION_STYLE_ASSIGNMENT((#10373)) ;
#10398=PRESENTATION_STYLE_ASSIGNMENT((#10397)) ;
#10422=PRESENTATION_STYLE_ASSIGNMENT((#10421)) ;
#10446=PRESENTATION_STYLE_ASSIGNMENT((#10445)) ;
#10470=PRESENTATION_STYLE_ASSIGNMENT((#10469)) ;
#10494=PRESENTATION_STYLE_ASSIGNMENT((#10493)) ;
#10518=PRESENTATION_STYLE_ASSIGNMENT((#10517)) ;
#10542=PRESENTATION_STYLE_ASSIGNMENT((#10541)) ;
#10566=PRESENTATION_STYLE_ASSIGNMENT((#10565)) ;
#10590=PRESENTATION_STYLE_ASSIGNMENT((#10589)) ;
#10614=PRESENTATION_STYLE_ASSIGNMENT((#10613)) ;
#10638=PRESENTATION_STYLE_ASSIGNMENT((#10637)) ;
#10662=PRESENTATION_STYLE_ASSIGNMENT((#10661)) ;
#10686=PRESENTATION_STYLE_ASSIGNMENT((#10685)) ;
#10710=PRESENTATION_STYLE_ASSIGNMENT((#10709)) ;
#10734=PRESENTATION_STYLE_ASSIGNMENT((#10733)) ;
#10758=PRESENTATION_STYLE_ASSIGNMENT((#10757)) ;
#10782=PRESENTATION_STYLE_ASSIGNMENT((#10781)) ;
#10806=PRESENTATION_STYLE_ASSIGNMENT((#10805)) ;
#10830=PRESENTATION_STYLE_ASSIGNMENT((#10829)) ;
#10854=PRESENTATION_STYLE_ASSIGNMENT((#10853)) ;
#10878=PRESENTATION_STYLE_ASSIGNMENT((#10877)) ;
#10902=PRESENTATION_STYLE_ASSIGNMENT((#10901)) ;
#10926=PRESENTATION_STYLE_ASSIGNMENT((#10925)) ;
#10950=PRESENTATION_STYLE_ASSIGNMENT((#10949)) ;
#10974=PRESENTATION_STYLE_ASSIGNMENT((#10973)) ;
#10998=PRESENTATION_STYLE_ASSIGNMENT((#10997)) ;
#11022=PRESENTATION_STYLE_ASSIGNMENT((#11021)) ;
#11046=PRESENTATION_STYLE_ASSIGNMENT((#11045)) ;
#11070=PRESENTATION_STYLE_ASSIGNMENT((#11069)) ;
#11094=PRESENTATION_STYLE_ASSIGNMENT((#11093)) ;
#11118=PRESENTATION_STYLE_ASSIGNMENT((#11117)) ;
#11142=PRESENTATION_STYLE_ASSIGNMENT((#11141)) ;
#11166=PRESENTATION_STYLE_ASSIGNMENT((#11165)) ;
#11190=PRESENTATION_STYLE_ASSIGNMENT((#11189)) ;
#11214=PRESENTATION_STYLE_ASSIGNMENT((#11213)) ;
#11238=PRESENTATION_STYLE_ASSIGNMENT((#11237)) ;
#11262=PRESENTATION_STYLE_ASSIGNMENT((#11261)) ;
#11286=PRESENTATION_STYLE_ASSIGNMENT((#11285)) ;
#11310=PRESENTATION_STYLE_ASSIGNMENT((#11309)) ;
#11334=PRESENTATION_STYLE_ASSIGNMENT((#11333)) ;
#11358=PRESENTATION_STYLE_ASSIGNMENT((#11357)) ;
#11382=PRESENTATION_STYLE_ASSIGNMENT((#11381)) ;
#11406=PRESENTATION_STYLE_ASSIGNMENT((#11405)) ;
#11430=PRESENTATION_STYLE_ASSIGNMENT((#11429)) ;
#11454=PRESENTATION_STYLE_ASSIGNMENT((#11453)) ;
#11478=PRESENTATION_STYLE_ASSIGNMENT((#11477)) ;
#11502=PRESENTATION_STYLE_ASSIGNMENT((#11501)) ;
#11526=PRESENTATION_STYLE_ASSIGNMENT((#11525)) ;
#11550=PRESENTATION_STYLE_ASSIGNMENT((#11549)) ;
#11574=PRESENTATION_STYLE_ASSIGNMENT((#11573)) ;
#11598=PRESENTATION_STYLE_ASSIGNMENT((#11597)) ;
#11622=PRESENTATION_STYLE_ASSIGNMENT((#11621)) ;
#11646=PRESENTATION_STYLE_ASSIGNMENT((#11645)) ;
#11670=PRESENTATION_STYLE_ASSIGNMENT((#11669)) ;
#11694=PRESENTATION_STYLE_ASSIGNMENT((#11693)) ;
#11718=PRESENTATION_STYLE_ASSIGNMENT((#11717)) ;
#11742=PRESENTATION_STYLE_ASSIGNMENT((#11741)) ;
#11766=PRESENTATION_STYLE_ASSIGNMENT((#11765)) ;
#11790=PRESENTATION_STYLE_ASSIGNMENT((#11789)) ;
#11814=PRESENTATION_STYLE_ASSIGNMENT((#11813)) ;
#11838=PRESENTATION_STYLE_ASSIGNMENT((#11837)) ;
#11862=PRESENTATION_STYLE_ASSIGNMENT((#11861)) ;
#11886=PRESENTATION_STYLE_ASSIGNMENT((#11885)) ;
#11910=PRESENTATION_STYLE_ASSIGNMENT((#11909)) ;
#11934=PRESENTATION_STYLE_ASSIGNMENT((#11933)) ;
#11958=PRESENTATION_STYLE_ASSIGNMENT((#11957)) ;
#11982=PRESENTATION_STYLE_ASSIGNMENT((#11981)) ;
#12006=PRESENTATION_STYLE_ASSIGNMENT((#12005)) ;
#12030=PRESENTATION_STYLE_ASSIGNMENT((#12029)) ;
#12054=PRESENTATION_STYLE_ASSIGNMENT((#12053)) ;
#12078=PRESENTATION_STYLE_ASSIGNMENT((#12077)) ;
#12102=PRESENTATION_STYLE_ASSIGNMENT((#12101)) ;
#12126=PRESENTATION_STYLE_ASSIGNMENT((#12125)) ;
#12150=PRESENTATION_STYLE_ASSIGNMENT((#12149)) ;
#12169=PRESENTATION_STYLE_ASSIGNMENT((#12168)) ;
#12211=PRESENTATION_STYLE_ASSIGNMENT((#12210)) ;
#12240=PRESENTATION_STYLE_ASSIGNMENT((#12239)) ;
#12264=PRESENTATION_STYLE_ASSIGNMENT((#12263)) ;
#12288=PRESENTATION_STYLE_ASSIGNMENT((#12287)) ;
#12307=PRESENTATION_STYLE_ASSIGNMENT((#12306)) ;
#12493=PRESENTATION_STYLE_ASSIGNMENT((#12492)) ;
#12522=PRESENTATION_STYLE_ASSIGNMENT((#12521)) ;
#12546=PRESENTATION_STYLE_ASSIGNMENT((#12545)) ;
#12570=PRESENTATION_STYLE_ASSIGNMENT((#12569)) ;
#12594=PRESENTATION_STYLE_ASSIGNMENT((#12593)) ;
#12618=PRESENTATION_STYLE_ASSIGNMENT((#12617)) ;
#12642=PRESENTATION_STYLE_ASSIGNMENT((#12641)) ;
#12666=PRESENTATION_STYLE_ASSIGNMENT((#12665)) ;
#12690=PRESENTATION_STYLE_ASSIGNMENT((#12689)) ;
#12714=PRESENTATION_STYLE_ASSIGNMENT((#12713)) ;
#12738=PRESENTATION_STYLE_ASSIGNMENT((#12737)) ;
#12762=PRESENTATION_STYLE_ASSIGNMENT((#12761)) ;
#12786=PRESENTATION_STYLE_ASSIGNMENT((#12785)) ;
#12810=PRESENTATION_STYLE_ASSIGNMENT((#12809)) ;
#12834=PRESENTATION_STYLE_ASSIGNMENT((#12833)) ;
#12858=PRESENTATION_STYLE_ASSIGNMENT((#12857)) ;
#12882=PRESENTATION_STYLE_ASSIGNMENT((#12881)) ;
#12906=PRESENTATION_STYLE_ASSIGNMENT((#12905)) ;
#12930=PRESENTATION_STYLE_ASSIGNMENT((#12929)) ;
#12954=PRESENTATION_STYLE_ASSIGNMENT((#12953)) ;
#12978=PRESENTATION_STYLE_ASSIGNMENT((#12977)) ;
#13002=PRESENTATION_STYLE_ASSIGNMENT((#13001)) ;
#13021=PRESENTATION_STYLE_ASSIGNMENT((#13020)) ;
#13207=PRESENTATION_STYLE_ASSIGNMENT((#13206)) ;
#13236=PRESENTATION_STYLE_ASSIGNMENT((#13235)) ;
#13260=PRESENTATION_STYLE_ASSIGNMENT((#13259)) ;
#13284=PRESENTATION_STYLE_ASSIGNMENT((#13283)) ;
#13308=PRESENTATION_STYLE_ASSIGNMENT((#13307)) ;
#13332=PRESENTATION_STYLE_ASSIGNMENT((#13331)) ;
#13356=PRESENTATION_STYLE_ASSIGNMENT((#13355)) ;
#13380=PRESENTATION_STYLE_ASSIGNMENT((#13379)) ;
#13404=PRESENTATION_STYLE_ASSIGNMENT((#13403)) ;
#13428=PRESENTATION_STYLE_ASSIGNMENT((#13427)) ;
#13452=PRESENTATION_STYLE_ASSIGNMENT((#13451)) ;
#13476=PRESENTATION_STYLE_ASSIGNMENT((#13475)) ;
#13500=PRESENTATION_STYLE_ASSIGNMENT((#13499)) ;
#13524=PRESENTATION_STYLE_ASSIGNMENT((#13523)) ;
#13548=PRESENTATION_STYLE_ASSIGNMENT((#13547)) ;
#13572=PRESENTATION_STYLE_ASSIGNMENT((#13571)) ;
#13596=PRESENTATION_STYLE_ASSIGNMENT((#13595)) ;
#13620=PRESENTATION_STYLE_ASSIGNMENT((#13619)) ;
#13644=PRESENTATION_STYLE_ASSIGNMENT((#13643)) ;
#13668=PRESENTATION_STYLE_ASSIGNMENT((#13667)) ;
#13692=PRESENTATION_STYLE_ASSIGNMENT((#13691)) ;
#13716=PRESENTATION_STYLE_ASSIGNMENT((#13715)) ;
#13735=PRESENTATION_STYLE_ASSIGNMENT((#13734)) ;
#14017=PRESENTATION_STYLE_ASSIGNMENT((#14016)) ;
#14046=PRESENTATION_STYLE_ASSIGNMENT((#14045)) ;
#14070=PRESENTATION_STYLE_ASSIGNMENT((#14069)) ;
#14094=PRESENTATION_STYLE_ASSIGNMENT((#14093)) ;
#14118=PRESENTATION_STYLE_ASSIGNMENT((#14117)) ;
#14142=PRESENTATION_STYLE_ASSIGNMENT((#14141)) ;
#14166=PRESENTATION_STYLE_ASSIGNMENT((#14165)) ;
#14190=PRESENTATION_STYLE_ASSIGNMENT((#14189)) ;
#14214=PRESENTATION_STYLE_ASSIGNMENT((#14213)) ;
#14238=PRESENTATION_STYLE_ASSIGNMENT((#14237)) ;
#14262=PRESENTATION_STYLE_ASSIGNMENT((#14261)) ;
#14286=PRESENTATION_STYLE_ASSIGNMENT((#14285)) ;
#14310=PRESENTATION_STYLE_ASSIGNMENT((#14309)) ;
#14334=PRESENTATION_STYLE_ASSIGNMENT((#14333)) ;
#14358=PRESENTATION_STYLE_ASSIGNMENT((#14357)) ;
#14382=PRESENTATION_STYLE_ASSIGNMENT((#14381)) ;
#14406=PRESENTATION_STYLE_ASSIGNMENT((#14405)) ;
#14430=PRESENTATION_STYLE_ASSIGNMENT((#14429)) ;
#14454=PRESENTATION_STYLE_ASSIGNMENT((#14453)) ;
#14478=PRESENTATION_STYLE_ASSIGNMENT((#14477)) ;
#14502=PRESENTATION_STYLE_ASSIGNMENT((#14501)) ;
#14526=PRESENTATION_STYLE_ASSIGNMENT((#14525)) ;
#14550=PRESENTATION_STYLE_ASSIGNMENT((#14549)) ;
#14574=PRESENTATION_STYLE_ASSIGNMENT((#14573)) ;
#14598=PRESENTATION_STYLE_ASSIGNMENT((#14597)) ;
#14622=PRESENTATION_STYLE_ASSIGNMENT((#14621)) ;
#14646=PRESENTATION_STYLE_ASSIGNMENT((#14645)) ;
#14670=PRESENTATION_STYLE_ASSIGNMENT((#14669)) ;
#14694=PRESENTATION_STYLE_ASSIGNMENT((#14693)) ;
#14718=PRESENTATION_STYLE_ASSIGNMENT((#14717)) ;
#14742=PRESENTATION_STYLE_ASSIGNMENT((#14741)) ;
#14766=PRESENTATION_STYLE_ASSIGNMENT((#14765)) ;
#14790=PRESENTATION_STYLE_ASSIGNMENT((#14789)) ;
#14814=PRESENTATION_STYLE_ASSIGNMENT((#14813)) ;
#14833=PRESENTATION_STYLE_ASSIGNMENT((#14832)) ;
#14923=PRESENTATION_STYLE_ASSIGNMENT((#14922)) ;
#14952=PRESENTATION_STYLE_ASSIGNMENT((#14951)) ;
#14976=PRESENTATION_STYLE_ASSIGNMENT((#14975)) ;
#14995=PRESENTATION_STYLE_ASSIGNMENT((#14994)) ;
#15019=PRESENTATION_STYLE_ASSIGNMENT((#15018)) ;
#15038=PRESENTATION_STYLE_ASSIGNMENT((#15037)) ;
#15062=PRESENTATION_STYLE_ASSIGNMENT((#15061)) ;
#15081=PRESENTATION_STYLE_ASSIGNMENT((#15080)) ;
#15105=PRESENTATION_STYLE_ASSIGNMENT((#15104)) ;
#15124=PRESENTATION_STYLE_ASSIGNMENT((#15123)) ;
#15143=PRESENTATION_STYLE_ASSIGNMENT((#15142)) ;
#15331=PRESENTATION_STYLE_ASSIGNMENT((#15330)) ;
#15360=PRESENTATION_STYLE_ASSIGNMENT((#15359)) ;
#15374=PRESENTATION_STYLE_ASSIGNMENT((#15373)) ;
#15403=PRESENTATION_STYLE_ASSIGNMENT((#15402)) ;
#15417=PRESENTATION_STYLE_ASSIGNMENT((#15416)) ;
#15446=PRESENTATION_STYLE_ASSIGNMENT((#15445)) ;
#15460=PRESENTATION_STYLE_ASSIGNMENT((#15459)) ;
#15489=PRESENTATION_STYLE_ASSIGNMENT((#15488)) ;
#15503=PRESENTATION_STYLE_ASSIGNMENT((#15502)) ;
#15532=PRESENTATION_STYLE_ASSIGNMENT((#15531)) ;
#15546=PRESENTATION_STYLE_ASSIGNMENT((#15545)) ;
#15575=PRESENTATION_STYLE_ASSIGNMENT((#15574)) ;
#15589=PRESENTATION_STYLE_ASSIGNMENT((#15588)) ;
#15618=PRESENTATION_STYLE_ASSIGNMENT((#15617)) ;
#15632=PRESENTATION_STYLE_ASSIGNMENT((#15631)) ;
#15661=PRESENTATION_STYLE_ASSIGNMENT((#15660)) ;
#15675=PRESENTATION_STYLE_ASSIGNMENT((#15674)) ;
#15704=PRESENTATION_STYLE_ASSIGNMENT((#15703)) ;
#15718=PRESENTATION_STYLE_ASSIGNMENT((#15717)) ;
#15747=PRESENTATION_STYLE_ASSIGNMENT((#15746)) ;
#15761=PRESENTATION_STYLE_ASSIGNMENT((#15760)) ;
#31=SURFACE_STYLE_USAGE(.BOTH.,#30) ;
#5090=SURFACE_STYLE_USAGE(.BOTH.,#5089) ;
#5119=SURFACE_STYLE_USAGE(.BOTH.,#5118) ;
#5143=SURFACE_STYLE_USAGE(.BOTH.,#5142) ;
#5167=SURFACE_STYLE_USAGE(.BOTH.,#5166) ;
#5191=SURFACE_STYLE_USAGE(.BOTH.,#5190) ;
#5215=SURFACE_STYLE_USAGE(.BOTH.,#5214) ;
#5239=SURFACE_STYLE_USAGE(.BOTH.,#5238) ;
#5263=SURFACE_STYLE_USAGE(.BOTH.,#5262) ;
#5287=SURFACE_STYLE_USAGE(.BOTH.,#5286) ;
#5311=SURFACE_STYLE_USAGE(.BOTH.,#5310) ;
#5335=SURFACE_STYLE_USAGE(.BOTH.,#5334) ;
#5359=SURFACE_STYLE_USAGE(.BOTH.,#5358) ;
#5383=SURFACE_STYLE_USAGE(.BOTH.,#5382) ;
#5407=SURFACE_STYLE_USAGE(.BOTH.,#5406) ;
#5431=SURFACE_STYLE_USAGE(.BOTH.,#5430) ;
#5455=SURFACE_STYLE_USAGE(.BOTH.,#5454) ;
#5479=SURFACE_STYLE_USAGE(.BOTH.,#5478) ;
#5503=SURFACE_STYLE_USAGE(.BOTH.,#5502) ;
#5527=SURFACE_STYLE_USAGE(.BOTH.,#5526) ;
#5551=SURFACE_STYLE_USAGE(.BOTH.,#5550) ;
#5575=SURFACE_STYLE_USAGE(.BOTH.,#5574) ;
#5599=SURFACE_STYLE_USAGE(.BOTH.,#5598) ;
#5623=SURFACE_STYLE_USAGE(.BOTH.,#5622) ;
#5647=SURFACE_STYLE_USAGE(.BOTH.,#5646) ;
#5671=SURFACE_STYLE_USAGE(.BOTH.,#5670) ;
#5695=SURFACE_STYLE_USAGE(.BOTH.,#5694) ;
#5714=SURFACE_STYLE_USAGE(.BOTH.,#5713) ;
#5738=SURFACE_STYLE_USAGE(.BOTH.,#5737) ;
#5762=SURFACE_STYLE_USAGE(.BOTH.,#5761) ;
#5786=SURFACE_STYLE_USAGE(.BOTH.,#5785) ;
#5810=SURFACE_STYLE_USAGE(.BOTH.,#5809) ;
#5834=SURFACE_STYLE_USAGE(.BOTH.,#5833) ;
#5858=SURFACE_STYLE_USAGE(.BOTH.,#5857) ;
#5882=SURFACE_STYLE_USAGE(.BOTH.,#5881) ;
#5906=SURFACE_STYLE_USAGE(.BOTH.,#5905) ;
#5930=SURFACE_STYLE_USAGE(.BOTH.,#5929) ;
#5954=SURFACE_STYLE_USAGE(.BOTH.,#5953) ;
#5978=SURFACE_STYLE_USAGE(.BOTH.,#5977) ;
#6002=SURFACE_STYLE_USAGE(.BOTH.,#6001) ;
#6026=SURFACE_STYLE_USAGE(.BOTH.,#6025) ;
#6050=SURFACE_STYLE_USAGE(.BOTH.,#6049) ;
#6074=SURFACE_STYLE_USAGE(.BOTH.,#6073) ;
#6098=SURFACE_STYLE_USAGE(.BOTH.,#6097) ;
#6122=SURFACE_STYLE_USAGE(.BOTH.,#6121) ;
#6146=SURFACE_STYLE_USAGE(.BOTH.,#6145) ;
#6170=SURFACE_STYLE_USAGE(.BOTH.,#6169) ;
#6194=SURFACE_STYLE_USAGE(.BOTH.,#6193) ;
#6218=SURFACE_STYLE_USAGE(.BOTH.,#6217) ;
#6237=SURFACE_STYLE_USAGE(.BOTH.,#6236) ;
#6261=SURFACE_STYLE_USAGE(.BOTH.,#6260) ;
#6285=SURFACE_STYLE_USAGE(.BOTH.,#6284) ;
#6309=SURFACE_STYLE_USAGE(.BOTH.,#6308) ;
#6333=SURFACE_STYLE_USAGE(.BOTH.,#6332) ;
#6357=SURFACE_STYLE_USAGE(.BOTH.,#6356) ;
#6381=SURFACE_STYLE_USAGE(.BOTH.,#6380) ;
#6405=SURFACE_STYLE_USAGE(.BOTH.,#6404) ;
#6429=SURFACE_STYLE_USAGE(.BOTH.,#6428) ;
#6453=SURFACE_STYLE_USAGE(.BOTH.,#6452) ;
#6477=SURFACE_STYLE_USAGE(.BOTH.,#6476) ;
#6501=SURFACE_STYLE_USAGE(.BOTH.,#6500) ;
#6525=SURFACE_STYLE_USAGE(.BOTH.,#6524) ;
#6549=SURFACE_STYLE_USAGE(.BOTH.,#6548) ;
#6573=SURFACE_STYLE_USAGE(.BOTH.,#6572) ;
#6597=SURFACE_STYLE_USAGE(.BOTH.,#6596) ;
#6621=SURFACE_STYLE_USAGE(.BOTH.,#6620) ;
#6645=SURFACE_STYLE_USAGE(.BOTH.,#6644) ;
#6669=SURFACE_STYLE_USAGE(.BOTH.,#6668) ;
#6693=SURFACE_STYLE_USAGE(.BOTH.,#6692) ;
#6717=SURFACE_STYLE_USAGE(.BOTH.,#6716) ;
#6741=SURFACE_STYLE_USAGE(.BOTH.,#6740) ;
#6765=SURFACE_STYLE_USAGE(.BOTH.,#6764) ;
#6789=SURFACE_STYLE_USAGE(.BOTH.,#6788) ;
#6813=SURFACE_STYLE_USAGE(.BOTH.,#6812) ;
#6837=SURFACE_STYLE_USAGE(.BOTH.,#6836) ;
#6861=SURFACE_STYLE_USAGE(.BOTH.,#6860) ;
#6885=SURFACE_STYLE_USAGE(.BOTH.,#6884) ;
#6909=SURFACE_STYLE_USAGE(.BOTH.,#6908) ;
#6933=SURFACE_STYLE_USAGE(.BOTH.,#6932) ;
#6957=SURFACE_STYLE_USAGE(.BOTH.,#6956) ;
#6981=SURFACE_STYLE_USAGE(.BOTH.,#6980) ;
#7005=SURFACE_STYLE_USAGE(.BOTH.,#7004) ;
#7029=SURFACE_STYLE_USAGE(.BOTH.,#7028) ;
#7053=SURFACE_STYLE_USAGE(.BOTH.,#7052) ;
#7077=SURFACE_STYLE_USAGE(.BOTH.,#7076) ;
#7101=SURFACE_STYLE_USAGE(.BOTH.,#7100) ;
#7125=SURFACE_STYLE_USAGE(.BOTH.,#7124) ;
#7149=SURFACE_STYLE_USAGE(.BOTH.,#7148) ;
#7173=SURFACE_STYLE_USAGE(.BOTH.,#7172) ;
#7197=SURFACE_STYLE_USAGE(.BOTH.,#7196) ;
#7221=SURFACE_STYLE_USAGE(.BOTH.,#7220) ;
#7245=SURFACE_STYLE_USAGE(.BOTH.,#7244) ;
#7269=SURFACE_STYLE_USAGE(.BOTH.,#7268) ;
#7293=SURFACE_STYLE_USAGE(.BOTH.,#7292) ;
#7317=SURFACE_STYLE_USAGE(.BOTH.,#7316) ;
#7341=SURFACE_STYLE_USAGE(.BOTH.,#7340) ;
#7360=SURFACE_STYLE_USAGE(.BOTH.,#7359) ;
#7379=SURFACE_STYLE_USAGE(.BOTH.,#7378) ;
#7403=SURFACE_STYLE_USAGE(.BOTH.,#7402) ;
#7427=SURFACE_STYLE_USAGE(.BOTH.,#7426) ;
#7451=SURFACE_STYLE_USAGE(.BOTH.,#7450) ;
#7475=SURFACE_STYLE_USAGE(.BOTH.,#7474) ;
#7499=SURFACE_STYLE_USAGE(.BOTH.,#7498) ;
#7523=SURFACE_STYLE_USAGE(.BOTH.,#7522) ;
#7547=SURFACE_STYLE_USAGE(.BOTH.,#7546) ;
#7571=SURFACE_STYLE_USAGE(.BOTH.,#7570) ;
#7595=SURFACE_STYLE_USAGE(.BOTH.,#7594) ;
#7619=SURFACE_STYLE_USAGE(.BOTH.,#7618) ;
#7643=SURFACE_STYLE_USAGE(.BOTH.,#7642) ;
#7667=SURFACE_STYLE_USAGE(.BOTH.,#7666) ;
#7691=SURFACE_STYLE_USAGE(.BOTH.,#7690) ;
#7715=SURFACE_STYLE_USAGE(.BOTH.,#7714) ;
#7739=SURFACE_STYLE_USAGE(.BOTH.,#7738) ;
#7763=SURFACE_STYLE_USAGE(.BOTH.,#7762) ;
#7787=SURFACE_STYLE_USAGE(.BOTH.,#7786) ;
#7811=SURFACE_STYLE_USAGE(.BOTH.,#7810) ;
#7835=SURFACE_STYLE_USAGE(.BOTH.,#7834) ;
#7859=SURFACE_STYLE_USAGE(.BOTH.,#7858) ;
#7883=SURFACE_STYLE_USAGE(.BOTH.,#7882) ;
#7907=SURFACE_STYLE_USAGE(.BOTH.,#7906) ;
#7931=SURFACE_STYLE_USAGE(.BOTH.,#7930) ;
#7955=SURFACE_STYLE_USAGE(.BOTH.,#7954) ;
#7979=SURFACE_STYLE_USAGE(.BOTH.,#7978) ;
#8003=SURFACE_STYLE_USAGE(.BOTH.,#8002) ;
#8027=SURFACE_STYLE_USAGE(.BOTH.,#8026) ;
#8051=SURFACE_STYLE_USAGE(.BOTH.,#8050) ;
#8075=SURFACE_STYLE_USAGE(.BOTH.,#8074) ;
#8099=SURFACE_STYLE_USAGE(.BOTH.,#8098) ;
#8123=SURFACE_STYLE_USAGE(.BOTH.,#8122) ;
#8147=SURFACE_STYLE_USAGE(.BOTH.,#8146) ;
#8171=SURFACE_STYLE_USAGE(.BOTH.,#8170) ;
#8195=SURFACE_STYLE_USAGE(.BOTH.,#8194) ;
#8219=SURFACE_STYLE_USAGE(.BOTH.,#8218) ;
#8243=SURFACE_STYLE_USAGE(.BOTH.,#8242) ;
#8267=SURFACE_STYLE_USAGE(.BOTH.,#8266) ;
#8291=SURFACE_STYLE_USAGE(.BOTH.,#8290) ;
#8315=SURFACE_STYLE_USAGE(.BOTH.,#8314) ;
#8339=SURFACE_STYLE_USAGE(.BOTH.,#8338) ;
#8363=SURFACE_STYLE_USAGE(.BOTH.,#8362) ;
#8382=SURFACE_STYLE_USAGE(.BOTH.,#8381) ;
#9336=SURFACE_STYLE_USAGE(.BOTH.,#9335) ;
#9365=SURFACE_STYLE_USAGE(.BOTH.,#9364) ;
#9389=SURFACE_STYLE_USAGE(.BOTH.,#9388) ;
#9413=SURFACE_STYLE_USAGE(.BOTH.,#9412) ;
#9437=SURFACE_STYLE_USAGE(.BOTH.,#9436) ;
#9461=SURFACE_STYLE_USAGE(.BOTH.,#9460) ;
#9485=SURFACE_STYLE_USAGE(.BOTH.,#9484) ;
#9509=SURFACE_STYLE_USAGE(.BOTH.,#9508) ;
#9533=SURFACE_STYLE_USAGE(.BOTH.,#9532) ;
#9557=SURFACE_STYLE_USAGE(.BOTH.,#9556) ;
#9581=SURFACE_STYLE_USAGE(.BOTH.,#9580) ;
#9605=SURFACE_STYLE_USAGE(.BOTH.,#9604) ;
#9629=SURFACE_STYLE_USAGE(.BOTH.,#9628) ;
#9653=SURFACE_STYLE_USAGE(.BOTH.,#9652) ;
#9677=SURFACE_STYLE_USAGE(.BOTH.,#9676) ;
#9701=SURFACE_STYLE_USAGE(.BOTH.,#9700) ;
#9725=SURFACE_STYLE_USAGE(.BOTH.,#9724) ;
#9749=SURFACE_STYLE_USAGE(.BOTH.,#9748) ;
#9773=SURFACE_STYLE_USAGE(.BOTH.,#9772) ;
#9797=SURFACE_STYLE_USAGE(.BOTH.,#9796) ;
#9821=SURFACE_STYLE_USAGE(.BOTH.,#9820) ;
#9845=SURFACE_STYLE_USAGE(.BOTH.,#9844) ;
#9869=SURFACE_STYLE_USAGE(.BOTH.,#9868) ;
#9893=SURFACE_STYLE_USAGE(.BOTH.,#9892) ;
#9917=SURFACE_STYLE_USAGE(.BOTH.,#9916) ;
#9941=SURFACE_STYLE_USAGE(.BOTH.,#9940) ;
#9965=SURFACE_STYLE_USAGE(.BOTH.,#9964) ;
#9989=SURFACE_STYLE_USAGE(.BOTH.,#9988) ;
#10013=SURFACE_STYLE_USAGE(.BOTH.,#10012) ;
#10037=SURFACE_STYLE_USAGE(.BOTH.,#10036) ;
#10061=SURFACE_STYLE_USAGE(.BOTH.,#10060) ;
#10085=SURFACE_STYLE_USAGE(.BOTH.,#10084) ;
#10109=SURFACE_STYLE_USAGE(.BOTH.,#10108) ;
#10133=SURFACE_STYLE_USAGE(.BOTH.,#10132) ;
#10157=SURFACE_STYLE_USAGE(.BOTH.,#10156) ;
#10181=SURFACE_STYLE_USAGE(.BOTH.,#10180) ;
#10205=SURFACE_STYLE_USAGE(.BOTH.,#10204) ;
#10229=SURFACE_STYLE_USAGE(.BOTH.,#10228) ;
#10253=SURFACE_STYLE_USAGE(.BOTH.,#10252) ;
#10277=SURFACE_STYLE_USAGE(.BOTH.,#10276) ;
#10301=SURFACE_STYLE_USAGE(.BOTH.,#10300) ;
#10325=SURFACE_STYLE_USAGE(.BOTH.,#10324) ;
#10349=SURFACE_STYLE_USAGE(.BOTH.,#10348) ;
#10373=SURFACE_STYLE_USAGE(.BOTH.,#10372) ;
#10397=SURFACE_STYLE_USAGE(.BOTH.,#10396) ;
#10421=SURFACE_STYLE_USAGE(.BOTH.,#10420) ;
#10445=SURFACE_STYLE_USAGE(.BOTH.,#10444) ;
#10469=SURFACE_STYLE_USAGE(.BOTH.,#10468) ;
#10493=SURFACE_STYLE_USAGE(.BOTH.,#10492) ;
#10517=SURFACE_STYLE_USAGE(.BOTH.,#10516) ;
#10541=SURFACE_STYLE_USAGE(.BOTH.,#10540) ;
#10565=SURFACE_STYLE_USAGE(.BOTH.,#10564) ;
#10589=SURFACE_STYLE_USAGE(.BOTH.,#10588) ;
#10613=SURFACE_STYLE_USAGE(.BOTH.,#10612) ;
#10637=SURFACE_STYLE_USAGE(.BOTH.,#10636) ;
#10661=SURFACE_STYLE_USAGE(.BOTH.,#10660) ;
#10685=SURFACE_STYLE_USAGE(.BOTH.,#10684) ;
#10709=SURFACE_STYLE_USAGE(.BOTH.,#10708) ;
#10733=SURFACE_STYLE_USAGE(.BOTH.,#10732) ;
#10757=SURFACE_STYLE_USAGE(.BOTH.,#10756) ;
#10781=SURFACE_STYLE_USAGE(.BOTH.,#10780) ;
#10805=SURFACE_STYLE_USAGE(.BOTH.,#10804) ;
#10829=SURFACE_STYLE_USAGE(.BOTH.,#10828) ;
#10853=SURFACE_STYLE_USAGE(.BOTH.,#10852) ;
#10877=SURFACE_STYLE_USAGE(.BOTH.,#10876) ;
#10901=SURFACE_STYLE_USAGE(.BOTH.,#10900) ;
#10925=SURFACE_STYLE_USAGE(.BOTH.,#10924) ;
#10949=SURFACE_STYLE_USAGE(.BOTH.,#10948) ;
#10973=SURFACE_STYLE_USAGE(.BOTH.,#10972) ;
#10997=SURFACE_STYLE_USAGE(.BOTH.,#10996) ;
#11021=SURFACE_STYLE_USAGE(.BOTH.,#11020) ;
#11045=SURFACE_STYLE_USAGE(.BOTH.,#11044) ;
#11069=SURFACE_STYLE_USAGE(.BOTH.,#11068) ;
#11093=SURFACE_STYLE_USAGE(.BOTH.,#11092) ;
#11117=SURFACE_STYLE_USAGE(.BOTH.,#11116) ;
#11141=SURFACE_STYLE_USAGE(.BOTH.,#11140) ;
#11165=SURFACE_STYLE_USAGE(.BOTH.,#11164) ;
#11189=SURFACE_STYLE_USAGE(.BOTH.,#11188) ;
#11213=SURFACE_STYLE_USAGE(.BOTH.,#11212) ;
#11237=SURFACE_STYLE_USAGE(.BOTH.,#11236) ;
#11261=SURFACE_STYLE_USAGE(.BOTH.,#11260) ;
#11285=SURFACE_STYLE_USAGE(.BOTH.,#11284) ;
#11309=SURFACE_STYLE_USAGE(.BOTH.,#11308) ;
#11333=SURFACE_STYLE_USAGE(.BOTH.,#11332) ;
#11357=SURFACE_STYLE_USAGE(.BOTH.,#11356) ;
#11381=SURFACE_STYLE_USAGE(.BOTH.,#11380) ;
#11405=SURFACE_STYLE_USAGE(.BOTH.,#11404) ;
#11429=SURFACE_STYLE_USAGE(.BOTH.,#11428) ;
#11453=SURFACE_STYLE_USAGE(.BOTH.,#11452) ;
#11477=SURFACE_STYLE_USAGE(.BOTH.,#11476) ;
#11501=SURFACE_STYLE_USAGE(.BOTH.,#11500) ;
#11525=SURFACE_STYLE_USAGE(.BOTH.,#11524) ;
#11549=SURFACE_STYLE_USAGE(.BOTH.,#11548) ;
#11573=SURFACE_STYLE_USAGE(.BOTH.,#11572) ;
#11597=SURFACE_STYLE_USAGE(.BOTH.,#11596) ;
#11621=SURFACE_STYLE_USAGE(.BOTH.,#11620) ;
#11645=SURFACE_STYLE_USAGE(.BOTH.,#11644) ;
#11669=SURFACE_STYLE_USAGE(.BOTH.,#11668) ;
#11693=SURFACE_STYLE_USAGE(.BOTH.,#11692) ;
#11717=SURFACE_STYLE_USAGE(.BOTH.,#11716) ;
#11741=SURFACE_STYLE_USAGE(.BOTH.,#11740) ;
#11765=SURFACE_STYLE_USAGE(.BOTH.,#11764) ;
#11789=SURFACE_STYLE_USAGE(.BOTH.,#11788) ;
#11813=SURFACE_STYLE_USAGE(.BOTH.,#11812) ;
#11837=SURFACE_STYLE_USAGE(.BOTH.,#11836) ;
#11861=SURFACE_STYLE_USAGE(.BOTH.,#11860) ;
#11885=SURFACE_STYLE_USAGE(.BOTH.,#11884) ;
#11909=SURFACE_STYLE_USAGE(.BOTH.,#11908) ;
#11933=SURFACE_STYLE_USAGE(.BOTH.,#11932) ;
#11957=SURFACE_STYLE_USAGE(.BOTH.,#11956) ;
#11981=SURFACE_STYLE_USAGE(.BOTH.,#11980) ;
#12005=SURFACE_STYLE_USAGE(.BOTH.,#12004) ;
#12029=SURFACE_STYLE_USAGE(.BOTH.,#12028) ;
#12053=SURFACE_STYLE_USAGE(.BOTH.,#12052) ;
#12077=SURFACE_STYLE_USAGE(.BOTH.,#12076) ;
#12101=SURFACE_STYLE_USAGE(.BOTH.,#12100) ;
#12125=SURFACE_STYLE_USAGE(.BOTH.,#12124) ;
#12149=SURFACE_STYLE_USAGE(.BOTH.,#12148) ;
#12168=SURFACE_STYLE_USAGE(.BOTH.,#12167) ;
#12210=SURFACE_STYLE_USAGE(.BOTH.,#12209) ;
#12239=SURFACE_STYLE_USAGE(.BOTH.,#12238) ;
#12263=SURFACE_STYLE_USAGE(.BOTH.,#12262) ;
#12287=SURFACE_STYLE_USAGE(.BOTH.,#12286) ;
#12306=SURFACE_STYLE_USAGE(.BOTH.,#12305) ;
#12492=SURFACE_STYLE_USAGE(.BOTH.,#12491) ;
#12521=SURFACE_STYLE_USAGE(.BOTH.,#12520) ;
#12545=SURFACE_STYLE_USAGE(.BOTH.,#12544) ;
#12569=SURFACE_STYLE_USAGE(.BOTH.,#12568) ;
#12593=SURFACE_STYLE_USAGE(.BOTH.,#12592) ;
#12617=SURFACE_STYLE_USAGE(.BOTH.,#12616) ;
#12641=SURFACE_STYLE_USAGE(.BOTH.,#12640) ;
#12665=SURFACE_STYLE_USAGE(.BOTH.,#12664) ;
#12689=SURFACE_STYLE_USAGE(.BOTH.,#12688) ;
#12713=SURFACE_STYLE_USAGE(.BOTH.,#12712) ;
#12737=SURFACE_STYLE_USAGE(.BOTH.,#12736) ;
#12761=SURFACE_STYLE_USAGE(.BOTH.,#12760) ;
#12785=SURFACE_STYLE_USAGE(.BOTH.,#12784) ;
#12809=SURFACE_STYLE_USAGE(.BOTH.,#12808) ;
#12833=SURFACE_STYLE_USAGE(.BOTH.,#12832) ;
#12857=SURFACE_STYLE_USAGE(.BOTH.,#12856) ;
#12881=SURFACE_STYLE_USAGE(.BOTH.,#12880) ;
#12905=SURFACE_STYLE_USAGE(.BOTH.,#12904) ;
#12929=SURFACE_STYLE_USAGE(.BOTH.,#12928) ;
#12953=SURFACE_STYLE_USAGE(.BOTH.,#12952) ;
#12977=SURFACE_STYLE_USAGE(.BOTH.,#12976) ;
#13001=SURFACE_STYLE_USAGE(.BOTH.,#13000) ;
#13020=SURFACE_STYLE_USAGE(.BOTH.,#13019) ;
#13206=SURFACE_STYLE_USAGE(.BOTH.,#13205) ;
#13235=SURFACE_STYLE_USAGE(.BOTH.,#13234) ;
#13259=SURFACE_STYLE_USAGE(.BOTH.,#13258) ;
#13283=SURFACE_STYLE_USAGE(.BOTH.,#13282) ;
#13307=SURFACE_STYLE_USAGE(.BOTH.,#13306) ;
#13331=SURFACE_STYLE_USAGE(.BOTH.,#13330) ;
#13355=SURFACE_STYLE_USAGE(.BOTH.,#13354) ;
#13379=SURFACE_STYLE_USAGE(.BOTH.,#13378) ;
#13403=SURFACE_STYLE_USAGE(.BOTH.,#13402) ;
#13427=SURFACE_STYLE_USAGE(.BOTH.,#13426) ;
#13451=SURFACE_STYLE_USAGE(.BOTH.,#13450) ;
#13475=SURFACE_STYLE_USAGE(.BOTH.,#13474) ;
#13499=SURFACE_STYLE_USAGE(.BOTH.,#13498) ;
#13523=SURFACE_STYLE_USAGE(.BOTH.,#13522) ;
#13547=SURFACE_STYLE_USAGE(.BOTH.,#13546) ;
#13571=SURFACE_STYLE_USAGE(.BOTH.,#13570) ;
#13595=SURFACE_STYLE_USAGE(.BOTH.,#13594) ;
#13619=SURFACE_STYLE_USAGE(.BOTH.,#13618) ;
#13643=SURFACE_STYLE_USAGE(.BOTH.,#13642) ;
#13667=SURFACE_STYLE_USAGE(.BOTH.,#13666) ;
#13691=SURFACE_STYLE_USAGE(.BOTH.,#13690) ;
#13715=SURFACE_STYLE_USAGE(.BOTH.,#13714) ;
#13734=SURFACE_STYLE_USAGE(.BOTH.,#13733) ;
#14016=SURFACE_STYLE_USAGE(.BOTH.,#14015) ;
#14045=SURFACE_STYLE_USAGE(.BOTH.,#14044) ;
#14069=SURFACE_STYLE_USAGE(.BOTH.,#14068) ;
#14093=SURFACE_STYLE_USAGE(.BOTH.,#14092) ;
#14117=SURFACE_STYLE_USAGE(.BOTH.,#14116) ;
#14141=SURFACE_STYLE_USAGE(.BOTH.,#14140) ;
#14165=SURFACE_STYLE_USAGE(.BOTH.,#14164) ;
#14189=SURFACE_STYLE_USAGE(.BOTH.,#14188) ;
#14213=SURFACE_STYLE_USAGE(.BOTH.,#14212) ;
#14237=SURFACE_STYLE_USAGE(.BOTH.,#14236) ;
#14261=SURFACE_STYLE_USAGE(.BOTH.,#14260) ;
#14285=SURFACE_STYLE_USAGE(.BOTH.,#14284) ;
#14309=SURFACE_STYLE_USAGE(.BOTH.,#14308) ;
#14333=SURFACE_STYLE_USAGE(.BOTH.,#14332) ;
#14357=SURFACE_STYLE_USAGE(.BOTH.,#14356) ;
#14381=SURFACE_STYLE_USAGE(.BOTH.,#14380) ;
#14405=SURFACE_STYLE_USAGE(.BOTH.,#14404) ;
#14429=SURFACE_STYLE_USAGE(.BOTH.,#14428) ;
#14453=SURFACE_STYLE_USAGE(.BOTH.,#14452) ;
#14477=SURFACE_STYLE_USAGE(.BOTH.,#14476) ;
#14501=SURFACE_STYLE_USAGE(.BOTH.,#14500) ;
#14525=SURFACE_STYLE_USAGE(.BOTH.,#14524) ;
#14549=SURFACE_STYLE_USAGE(.BOTH.,#14548) ;
#14573=SURFACE_STYLE_USAGE(.BOTH.,#14572) ;
#14597=SURFACE_STYLE_USAGE(.BOTH.,#14596) ;
#14621=SURFACE_STYLE_USAGE(.BOTH.,#14620) ;
#14645=SURFACE_STYLE_USAGE(.BOTH.,#14644) ;
#14669=SURFACE_STYLE_USAGE(.BOTH.,#14668) ;
#14693=SURFACE_STYLE_USAGE(.BOTH.,#14692) ;
#14717=SURFACE_STYLE_USAGE(.BOTH.,#14716) ;
#14741=SURFACE_STYLE_USAGE(.BOTH.,#14740) ;
#14765=SURFACE_STYLE_USAGE(.BOTH.,#14764) ;
#14789=SURFACE_STYLE_USAGE(.BOTH.,#14788) ;
#14813=SURFACE_STYLE_USAGE(.BOTH.,#14812) ;
#14832=SURFACE_STYLE_USAGE(.BOTH.,#14831) ;
#14922=SURFACE_STYLE_USAGE(.BOTH.,#14921) ;
#14951=SURFACE_STYLE_USAGE(.BOTH.,#14950) ;
#14975=SURFACE_STYLE_USAGE(.BOTH.,#14974) ;
#14994=SURFACE_STYLE_USAGE(.BOTH.,#14993) ;
#15018=SURFACE_STYLE_USAGE(.BOTH.,#15017) ;
#15037=SURFACE_STYLE_USAGE(.BOTH.,#15036) ;
#15061=SURFACE_STYLE_USAGE(.BOTH.,#15060) ;
#15080=SURFACE_STYLE_USAGE(.BOTH.,#15079) ;
#15104=SURFACE_STYLE_USAGE(.BOTH.,#15103) ;
#15123=SURFACE_STYLE_USAGE(.BOTH.,#15122) ;
#15142=SURFACE_STYLE_USAGE(.BOTH.,#15141) ;
#15330=SURFACE_STYLE_USAGE(.BOTH.,#15329) ;
#15359=SURFACE_STYLE_USAGE(.BOTH.,#15358) ;
#15373=SURFACE_STYLE_USAGE(.BOTH.,#15372) ;
#15402=SURFACE_STYLE_USAGE(.BOTH.,#15401) ;
#15416=SURFACE_STYLE_USAGE(.BOTH.,#15415) ;
#15445=SURFACE_STYLE_USAGE(.BOTH.,#15444) ;
#15459=SURFACE_STYLE_USAGE(.BOTH.,#15458) ;
#15488=SURFACE_STYLE_USAGE(.BOTH.,#15487) ;
#15502=SURFACE_STYLE_USAGE(.BOTH.,#15501) ;
#15531=SURFACE_STYLE_USAGE(.BOTH.,#15530) ;
#15545=SURFACE_STYLE_USAGE(.BOTH.,#15544) ;
#15574=SURFACE_STYLE_USAGE(.BOTH.,#15573) ;
#15588=SURFACE_STYLE_USAGE(.BOTH.,#15587) ;
#15617=SURFACE_STYLE_USAGE(.BOTH.,#15616) ;
#15631=SURFACE_STYLE_USAGE(.BOTH.,#15630) ;
#15660=SURFACE_STYLE_USAGE(.BOTH.,#15659) ;
#15674=SURFACE_STYLE_USAGE(.BOTH.,#15673) ;
#15703=SURFACE_STYLE_USAGE(.BOTH.,#15702) ;
#15717=SURFACE_STYLE_USAGE(.BOTH.,#15716) ;
#15746=SURFACE_STYLE_USAGE(.BOTH.,#15745) ;
#15760=SURFACE_STYLE_USAGE(.BOTH.,#15759) ;
#30=SURFACE_SIDE_STYLE(' ',(#29)) ;
#5089=SURFACE_SIDE_STYLE(' ',(#5088)) ;
#5118=SURFACE_SIDE_STYLE(' ',(#5117)) ;
#5142=SURFACE_SIDE_STYLE(' ',(#5141)) ;
#5166=SURFACE_SIDE_STYLE(' ',(#5165)) ;
#5190=SURFACE_SIDE_STYLE(' ',(#5189)) ;
#5214=SURFACE_SIDE_STYLE(' ',(#5213)) ;
#5238=SURFACE_SIDE_STYLE(' ',(#5237)) ;
#5262=SURFACE_SIDE_STYLE(' ',(#5261)) ;
#5286=SURFACE_SIDE_STYLE(' ',(#5285)) ;
#5310=SURFACE_SIDE_STYLE(' ',(#5309)) ;
#5334=SURFACE_SIDE_STYLE(' ',(#5333)) ;
#5358=SURFACE_SIDE_STYLE(' ',(#5357)) ;
#5382=SURFACE_SIDE_STYLE(' ',(#5381)) ;
#5406=SURFACE_SIDE_STYLE(' ',(#5405)) ;
#5430=SURFACE_SIDE_STYLE(' ',(#5429)) ;
#5454=SURFACE_SIDE_STYLE(' ',(#5453)) ;
#5478=SURFACE_SIDE_STYLE(' ',(#5477)) ;
#5502=SURFACE_SIDE_STYLE(' ',(#5501)) ;
#5526=SURFACE_SIDE_STYLE(' ',(#5525)) ;
#5550=SURFACE_SIDE_STYLE(' ',(#5549)) ;
#5574=SURFACE_SIDE_STYLE(' ',(#5573)) ;
#5598=SURFACE_SIDE_STYLE(' ',(#5597)) ;
#5622=SURFACE_SIDE_STYLE(' ',(#5621)) ;
#5646=SURFACE_SIDE_STYLE(' ',(#5645)) ;
#5670=SURFACE_SIDE_STYLE(' ',(#5669)) ;
#5694=SURFACE_SIDE_STYLE(' ',(#5693)) ;
#5713=SURFACE_SIDE_STYLE(' ',(#5712)) ;
#5737=SURFACE_SIDE_STYLE(' ',(#5736)) ;
#5761=SURFACE_SIDE_STYLE(' ',(#5760)) ;
#5785=SURFACE_SIDE_STYLE(' ',(#5784)) ;
#5809=SURFACE_SIDE_STYLE(' ',(#5808)) ;
#5833=SURFACE_SIDE_STYLE(' ',(#5832)) ;
#5857=SURFACE_SIDE_STYLE(' ',(#5856)) ;
#5881=SURFACE_SIDE_STYLE(' ',(#5880)) ;
#5905=SURFACE_SIDE_STYLE(' ',(#5904)) ;
#5929=SURFACE_SIDE_STYLE(' ',(#5928)) ;
#5953=SURFACE_SIDE_STYLE(' ',(#5952)) ;
#5977=SURFACE_SIDE_STYLE(' ',(#5976)) ;
#6001=SURFACE_SIDE_STYLE(' ',(#6000)) ;
#6025=SURFACE_SIDE_STYLE(' ',(#6024)) ;
#6049=SURFACE_SIDE_STYLE(' ',(#6048)) ;
#6073=SURFACE_SIDE_STYLE(' ',(#6072)) ;
#6097=SURFACE_SIDE_STYLE(' ',(#6096)) ;
#6121=SURFACE_SIDE_STYLE(' ',(#6120)) ;
#6145=SURFACE_SIDE_STYLE(' ',(#6144)) ;
#6169=SURFACE_SIDE_STYLE(' ',(#6168)) ;
#6193=SURFACE_SIDE_STYLE(' ',(#6192)) ;
#6217=SURFACE_SIDE_STYLE(' ',(#6216)) ;
#6236=SURFACE_SIDE_STYLE(' ',(#6235)) ;
#6260=SURFACE_SIDE_STYLE(' ',(#6259)) ;
#6284=SURFACE_SIDE_STYLE(' ',(#6283)) ;
#6308=SURFACE_SIDE_STYLE(' ',(#6307)) ;
#6332=SURFACE_SIDE_STYLE(' ',(#6331)) ;
#6356=SURFACE_SIDE_STYLE(' ',(#6355)) ;
#6380=SURFACE_SIDE_STYLE(' ',(#6379)) ;
#6404=SURFACE_SIDE_STYLE(' ',(#6403)) ;
#6428=SURFACE_SIDE_STYLE(' ',(#6427)) ;
#6452=SURFACE_SIDE_STYLE(' ',(#6451)) ;
#6476=SURFACE_SIDE_STYLE(' ',(#6475)) ;
#6500=SURFACE_SIDE_STYLE(' ',(#6499)) ;
#6524=SURFACE_SIDE_STYLE(' ',(#6523)) ;
#6548=SURFACE_SIDE_STYLE(' ',(#6547)) ;
#6572=SURFACE_SIDE_STYLE(' ',(#6571)) ;
#6596=SURFACE_SIDE_STYLE(' ',(#6595)) ;
#6620=SURFACE_SIDE_STYLE(' ',(#6619)) ;
#6644=SURFACE_SIDE_STYLE(' ',(#6643)) ;
#6668=SURFACE_SIDE_STYLE(' ',(#6667)) ;
#6692=SURFACE_SIDE_STYLE(' ',(#6691)) ;
#6716=SURFACE_SIDE_STYLE(' ',(#6715)) ;
#6740=SURFACE_SIDE_STYLE(' ',(#6739)) ;
#6764=SURFACE_SIDE_STYLE(' ',(#6763)) ;
#6788=SURFACE_SIDE_STYLE(' ',(#6787)) ;
#6812=SURFACE_SIDE_STYLE(' ',(#6811)) ;
#6836=SURFACE_SIDE_STYLE(' ',(#6835)) ;
#6860=SURFACE_SIDE_STYLE(' ',(#6859)) ;
#6884=SURFACE_SIDE_STYLE(' ',(#6883)) ;
#6908=SURFACE_SIDE_STYLE(' ',(#6907)) ;
#6932=SURFACE_SIDE_STYLE(' ',(#6931)) ;
#6956=SURFACE_SIDE_STYLE(' ',(#6955)) ;
#6980=SURFACE_SIDE_STYLE(' ',(#6979)) ;
#7004=SURFACE_SIDE_STYLE(' ',(#7003)) ;
#7028=SURFACE_SIDE_STYLE(' ',(#7027)) ;
#7052=SURFACE_SIDE_STYLE(' ',(#7051)) ;
#7076=SURFACE_SIDE_STYLE(' ',(#7075)) ;
#7100=SURFACE_SIDE_STYLE(' ',(#7099)) ;
#7124=SURFACE_SIDE_STYLE(' ',(#7123)) ;
#7148=SURFACE_SIDE_STYLE(' ',(#7147)) ;
#7172=SURFACE_SIDE_STYLE(' ',(#7171)) ;
#7196=SURFACE_SIDE_STYLE(' ',(#7195)) ;
#7220=SURFACE_SIDE_STYLE(' ',(#7219)) ;
#7244=SURFACE_SIDE_STYLE(' ',(#7243)) ;
#7268=SURFACE_SIDE_STYLE(' ',(#7267)) ;
#7292=SURFACE_SIDE_STYLE(' ',(#7291)) ;
#7316=SURFACE_SIDE_STYLE(' ',(#7315)) ;
#7340=SURFACE_SIDE_STYLE(' ',(#7339)) ;
#7359=SURFACE_SIDE_STYLE(' ',(#7358)) ;
#7378=SURFACE_SIDE_STYLE(' ',(#7377)) ;
#7402=SURFACE_SIDE_STYLE(' ',(#7401)) ;
#7426=SURFACE_SIDE_STYLE(' ',(#7425)) ;
#7450=SURFACE_SIDE_STYLE(' ',(#7449)) ;
#7474=SURFACE_SIDE_STYLE(' ',(#7473)) ;
#7498=SURFACE_SIDE_STYLE(' ',(#7497)) ;
#7522=SURFACE_SIDE_STYLE(' ',(#7521)) ;
#7546=SURFACE_SIDE_STYLE(' ',(#7545)) ;
#7570=SURFACE_SIDE_STYLE(' ',(#7569)) ;
#7594=SURFACE_SIDE_STYLE(' ',(#7593)) ;
#7618=SURFACE_SIDE_STYLE(' ',(#7617)) ;
#7642=SURFACE_SIDE_STYLE(' ',(#7641)) ;
#7666=SURFACE_SIDE_STYLE(' ',(#7665)) ;
#7690=SURFACE_SIDE_STYLE(' ',(#7689)) ;
#7714=SURFACE_SIDE_STYLE(' ',(#7713)) ;
#7738=SURFACE_SIDE_STYLE(' ',(#7737)) ;
#7762=SURFACE_SIDE_STYLE(' ',(#7761)) ;
#7786=SURFACE_SIDE_STYLE(' ',(#7785)) ;
#7810=SURFACE_SIDE_STYLE(' ',(#7809)) ;
#7834=SURFACE_SIDE_STYLE(' ',(#7833)) ;
#7858=SURFACE_SIDE_STYLE(' ',(#7857)) ;
#7882=SURFACE_SIDE_STYLE(' ',(#7881)) ;
#7906=SURFACE_SIDE_STYLE(' ',(#7905)) ;
#7930=SURFACE_SIDE_STYLE(' ',(#7929)) ;
#7954=SURFACE_SIDE_STYLE(' ',(#7953)) ;
#7978=SURFACE_SIDE_STYLE(' ',(#7977)) ;
#8002=SURFACE_SIDE_STYLE(' ',(#8001)) ;
#8026=SURFACE_SIDE_STYLE(' ',(#8025)) ;
#8050=SURFACE_SIDE_STYLE(' ',(#8049)) ;
#8074=SURFACE_SIDE_STYLE(' ',(#8073)) ;
#8098=SURFACE_SIDE_STYLE(' ',(#8097)) ;
#8122=SURFACE_SIDE_STYLE(' ',(#8121)) ;
#8146=SURFACE_SIDE_STYLE(' ',(#8145)) ;
#8170=SURFACE_SIDE_STYLE(' ',(#8169)) ;
#8194=SURFACE_SIDE_STYLE(' ',(#8193)) ;
#8218=SURFACE_SIDE_STYLE(' ',(#8217)) ;
#8242=SURFACE_SIDE_STYLE(' ',(#8241)) ;
#8266=SURFACE_SIDE_STYLE(' ',(#8265)) ;
#8290=SURFACE_SIDE_STYLE(' ',(#8289)) ;
#8314=SURFACE_SIDE_STYLE(' ',(#8313)) ;
#8338=SURFACE_SIDE_STYLE(' ',(#8337)) ;
#8362=SURFACE_SIDE_STYLE(' ',(#8361)) ;
#8381=SURFACE_SIDE_STYLE(' ',(#8380)) ;
#9335=SURFACE_SIDE_STYLE(' ',(#9334)) ;
#9364=SURFACE_SIDE_STYLE(' ',(#9363)) ;
#9388=SURFACE_SIDE_STYLE(' ',(#9387)) ;
#9412=SURFACE_SIDE_STYLE(' ',(#9411)) ;
#9436=SURFACE_SIDE_STYLE(' ',(#9435)) ;
#9460=SURFACE_SIDE_STYLE(' ',(#9459)) ;
#9484=SURFACE_SIDE_STYLE(' ',(#9483)) ;
#9508=SURFACE_SIDE_STYLE(' ',(#9507)) ;
#9532=SURFACE_SIDE_STYLE(' ',(#9531)) ;
#9556=SURFACE_SIDE_STYLE(' ',(#9555)) ;
#9580=SURFACE_SIDE_STYLE(' ',(#9579)) ;
#9604=SURFACE_SIDE_STYLE(' ',(#9603)) ;
#9628=SURFACE_SIDE_STYLE(' ',(#9627)) ;
#9652=SURFACE_SIDE_STYLE(' ',(#9651)) ;
#9676=SURFACE_SIDE_STYLE(' ',(#9675)) ;
#9700=SURFACE_SIDE_STYLE(' ',(#9699)) ;
#9724=SURFACE_SIDE_STYLE(' ',(#9723)) ;
#9748=SURFACE_SIDE_STYLE(' ',(#9747)) ;
#9772=SURFACE_SIDE_STYLE(' ',(#9771)) ;
#9796=SURFACE_SIDE_STYLE(' ',(#9795)) ;
#9820=SURFACE_SIDE_STYLE(' ',(#9819)) ;
#9844=SURFACE_SIDE_STYLE(' ',(#9843)) ;
#9868=SURFACE_SIDE_STYLE(' ',(#9867)) ;
#9892=SURFACE_SIDE_STYLE(' ',(#9891)) ;
#9916=SURFACE_SIDE_STYLE(' ',(#9915)) ;
#9940=SURFACE_SIDE_STYLE(' ',(#9939)) ;
#9964=SURFACE_SIDE_STYLE(' ',(#9963)) ;
#9988=SURFACE_SIDE_STYLE(' ',(#9987)) ;
#10012=SURFACE_SIDE_STYLE(' ',(#10011)) ;
#10036=SURFACE_SIDE_STYLE(' ',(#10035)) ;
#10060=SURFACE_SIDE_STYLE(' ',(#10059)) ;
#10084=SURFACE_SIDE_STYLE(' ',(#10083)) ;
#10108=SURFACE_SIDE_STYLE(' ',(#10107)) ;
#10132=SURFACE_SIDE_STYLE(' ',(#10131)) ;
#10156=SURFACE_SIDE_STYLE(' ',(#10155)) ;
#10180=SURFACE_SIDE_STYLE(' ',(#10179)) ;
#10204=SURFACE_SIDE_STYLE(' ',(#10203)) ;
#10228=SURFACE_SIDE_STYLE(' ',(#10227)) ;
#10252=SURFACE_SIDE_STYLE(' ',(#10251)) ;
#10276=SURFACE_SIDE_STYLE(' ',(#10275)) ;
#10300=SURFACE_SIDE_STYLE(' ',(#10299)) ;
#10324=SURFACE_SIDE_STYLE(' ',(#10323)) ;
#10348=SURFACE_SIDE_STYLE(' ',(#10347)) ;
#10372=SURFACE_SIDE_STYLE(' ',(#10371)) ;
#10396=SURFACE_SIDE_STYLE(' ',(#10395)) ;
#10420=SURFACE_SIDE_STYLE(' ',(#10419)) ;
#10444=SURFACE_SIDE_STYLE(' ',(#10443)) ;
#10468=SURFACE_SIDE_STYLE(' ',(#10467)) ;
#10492=SURFACE_SIDE_STYLE(' ',(#10491)) ;
#10516=SURFACE_SIDE_STYLE(' ',(#10515)) ;
#10540=SURFACE_SIDE_STYLE(' ',(#10539)) ;
#10564=SURFACE_SIDE_STYLE(' ',(#10563)) ;
#10588=SURFACE_SIDE_STYLE(' ',(#10587)) ;
#10612=SURFACE_SIDE_STYLE(' ',(#10611)) ;
#10636=SURFACE_SIDE_STYLE(' ',(#10635)) ;
#10660=SURFACE_SIDE_STYLE(' ',(#10659)) ;
#10684=SURFACE_SIDE_STYLE(' ',(#10683)) ;
#10708=SURFACE_SIDE_STYLE(' ',(#10707)) ;
#10732=SURFACE_SIDE_STYLE(' ',(#10731)) ;
#10756=SURFACE_SIDE_STYLE(' ',(#10755)) ;
#10780=SURFACE_SIDE_STYLE(' ',(#10779)) ;
#10804=SURFACE_SIDE_STYLE(' ',(#10803)) ;
#10828=SURFACE_SIDE_STYLE(' ',(#10827)) ;
#10852=SURFACE_SIDE_STYLE(' ',(#10851)) ;
#10876=SURFACE_SIDE_STYLE(' ',(#10875)) ;
#10900=SURFACE_SIDE_STYLE(' ',(#10899)) ;
#10924=SURFACE_SIDE_STYLE(' ',(#10923)) ;
#10948=SURFACE_SIDE_STYLE(' ',(#10947)) ;
#10972=SURFACE_SIDE_STYLE(' ',(#10971)) ;
#10996=SURFACE_SIDE_STYLE(' ',(#10995)) ;
#11020=SURFACE_SIDE_STYLE(' ',(#11019)) ;
#11044=SURFACE_SIDE_STYLE(' ',(#11043)) ;
#11068=SURFACE_SIDE_STYLE(' ',(#11067)) ;
#11092=SURFACE_SIDE_STYLE(' ',(#11091)) ;
#11116=SURFACE_SIDE_STYLE(' ',(#11115)) ;
#11140=SURFACE_SIDE_STYLE(' ',(#11139)) ;
#11164=SURFACE_SIDE_STYLE(' ',(#11163)) ;
#11188=SURFACE_SIDE_STYLE(' ',(#11187)) ;
#11212=SURFACE_SIDE_STYLE(' ',(#11211)) ;
#11236=SURFACE_SIDE_STYLE(' ',(#11235)) ;
#11260=SURFACE_SIDE_STYLE(' ',(#11259)) ;
#11284=SURFACE_SIDE_STYLE(' ',(#11283)) ;
#11308=SURFACE_SIDE_STYLE(' ',(#11307)) ;
#11332=SURFACE_SIDE_STYLE(' ',(#11331)) ;
#11356=SURFACE_SIDE_STYLE(' ',(#11355)) ;
#11380=SURFACE_SIDE_STYLE(' ',(#11379)) ;
#11404=SURFACE_SIDE_STYLE(' ',(#11403)) ;
#11428=SURFACE_SIDE_STYLE(' ',(#11427)) ;
#11452=SURFACE_SIDE_STYLE(' ',(#11451)) ;
#11476=SURFACE_SIDE_STYLE(' ',(#11475)) ;
#11500=SURFACE_SIDE_STYLE(' ',(#11499)) ;
#11524=SURFACE_SIDE_STYLE(' ',(#11523)) ;
#11548=SURFACE_SIDE_STYLE(' ',(#11547)) ;
#11572=SURFACE_SIDE_STYLE(' ',(#11571)) ;
#11596=SURFACE_SIDE_STYLE(' ',(#11595)) ;
#11620=SURFACE_SIDE_STYLE(' ',(#11619)) ;
#11644=SURFACE_SIDE_STYLE(' ',(#11643)) ;
#11668=SURFACE_SIDE_STYLE(' ',(#11667)) ;
#11692=SURFACE_SIDE_STYLE(' ',(#11691)) ;
#11716=SURFACE_SIDE_STYLE(' ',(#11715)) ;
#11740=SURFACE_SIDE_STYLE(' ',(#11739)) ;
#11764=SURFACE_SIDE_STYLE(' ',(#11763)) ;
#11788=SURFACE_SIDE_STYLE(' ',(#11787)) ;
#11812=SURFACE_SIDE_STYLE(' ',(#11811)) ;
#11836=SURFACE_SIDE_STYLE(' ',(#11835)) ;
#11860=SURFACE_SIDE_STYLE(' ',(#11859)) ;
#11884=SURFACE_SIDE_STYLE(' ',(#11883)) ;
#11908=SURFACE_SIDE_STYLE(' ',(#11907)) ;
#11932=SURFACE_SIDE_STYLE(' ',(#11931)) ;
#11956=SURFACE_SIDE_STYLE(' ',(#11955)) ;
#11980=SURFACE_SIDE_STYLE(' ',(#11979)) ;
#12004=SURFACE_SIDE_STYLE(' ',(#12003)) ;
#12028=SURFACE_SIDE_STYLE(' ',(#12027)) ;
#12052=SURFACE_SIDE_STYLE(' ',(#12051)) ;
#12076=SURFACE_SIDE_STYLE(' ',(#12075)) ;
#12100=SURFACE_SIDE_STYLE(' ',(#12099)) ;
#12124=SURFACE_SIDE_STYLE(' ',(#12123)) ;
#12148=SURFACE_SIDE_STYLE(' ',(#12147)) ;
#12167=SURFACE_SIDE_STYLE(' ',(#12166)) ;
#12209=SURFACE_SIDE_STYLE(' ',(#12208)) ;
#12238=SURFACE_SIDE_STYLE(' ',(#12237)) ;
#12262=SURFACE_SIDE_STYLE(' ',(#12261)) ;
#12286=SURFACE_SIDE_STYLE(' ',(#12285)) ;
#12305=SURFACE_SIDE_STYLE(' ',(#12304)) ;
#12491=SURFACE_SIDE_STYLE(' ',(#12490)) ;
#12520=SURFACE_SIDE_STYLE(' ',(#12519)) ;
#12544=SURFACE_SIDE_STYLE(' ',(#12543)) ;
#12568=SURFACE_SIDE_STYLE(' ',(#12567)) ;
#12592=SURFACE_SIDE_STYLE(' ',(#12591)) ;
#12616=SURFACE_SIDE_STYLE(' ',(#12615)) ;
#12640=SURFACE_SIDE_STYLE(' ',(#12639)) ;
#12664=SURFACE_SIDE_STYLE(' ',(#12663)) ;
#12688=SURFACE_SIDE_STYLE(' ',(#12687)) ;
#12712=SURFACE_SIDE_STYLE(' ',(#12711)) ;
#12736=SURFACE_SIDE_STYLE(' ',(#12735)) ;
#12760=SURFACE_SIDE_STYLE(' ',(#12759)) ;
#12784=SURFACE_SIDE_STYLE(' ',(#12783)) ;
#12808=SURFACE_SIDE_STYLE(' ',(#12807)) ;
#12832=SURFACE_SIDE_STYLE(' ',(#12831)) ;
#12856=SURFACE_SIDE_STYLE(' ',(#12855)) ;
#12880=SURFACE_SIDE_STYLE(' ',(#12879)) ;
#12904=SURFACE_SIDE_STYLE(' ',(#12903)) ;
#12928=SURFACE_SIDE_STYLE(' ',(#12927)) ;
#12952=SURFACE_SIDE_STYLE(' ',(#12951)) ;
#12976=SURFACE_SIDE_STYLE(' ',(#12975)) ;
#13000=SURFACE_SIDE_STYLE(' ',(#12999)) ;
#13019=SURFACE_SIDE_STYLE(' ',(#13018)) ;
#13205=SURFACE_SIDE_STYLE(' ',(#13204)) ;
#13234=SURFACE_SIDE_STYLE(' ',(#13233)) ;
#13258=SURFACE_SIDE_STYLE(' ',(#13257)) ;
#13282=SURFACE_SIDE_STYLE(' ',(#13281)) ;
#13306=SURFACE_SIDE_STYLE(' ',(#13305)) ;
#13330=SURFACE_SIDE_STYLE(' ',(#13329)) ;
#13354=SURFACE_SIDE_STYLE(' ',(#13353)) ;
#13378=SURFACE_SIDE_STYLE(' ',(#13377)) ;
#13402=SURFACE_SIDE_STYLE(' ',(#13401)) ;
#13426=SURFACE_SIDE_STYLE(' ',(#13425)) ;
#13450=SURFACE_SIDE_STYLE(' ',(#13449)) ;
#13474=SURFACE_SIDE_STYLE(' ',(#13473)) ;
#13498=SURFACE_SIDE_STYLE(' ',(#13497)) ;
#13522=SURFACE_SIDE_STYLE(' ',(#13521)) ;
#13546=SURFACE_SIDE_STYLE(' ',(#13545)) ;
#13570=SURFACE_SIDE_STYLE(' ',(#13569)) ;
#13594=SURFACE_SIDE_STYLE(' ',(#13593)) ;
#13618=SURFACE_SIDE_STYLE(' ',(#13617)) ;
#13642=SURFACE_SIDE_STYLE(' ',(#13641)) ;
#13666=SURFACE_SIDE_STYLE(' ',(#13665)) ;
#13690=SURFACE_SIDE_STYLE(' ',(#13689)) ;
#13714=SURFACE_SIDE_STYLE(' ',(#13713)) ;
#13733=SURFACE_SIDE_STYLE(' ',(#13732)) ;
#14015=SURFACE_SIDE_STYLE(' ',(#14014)) ;
#14044=SURFACE_SIDE_STYLE(' ',(#14043)) ;
#14068=SURFACE_SIDE_STYLE(' ',(#14067)) ;
#14092=SURFACE_SIDE_STYLE(' ',(#14091)) ;
#14116=SURFACE_SIDE_STYLE(' ',(#14115)) ;
#14140=SURFACE_SIDE_STYLE(' ',(#14139)) ;
#14164=SURFACE_SIDE_STYLE(' ',(#14163)) ;
#14188=SURFACE_SIDE_STYLE(' ',(#14187)) ;
#14212=SURFACE_SIDE_STYLE(' ',(#14211)) ;
#14236=SURFACE_SIDE_STYLE(' ',(#14235)) ;
#14260=SURFACE_SIDE_STYLE(' ',(#14259)) ;
#14284=SURFACE_SIDE_STYLE(' ',(#14283)) ;
#14308=SURFACE_SIDE_STYLE(' ',(#14307)) ;
#14332=SURFACE_SIDE_STYLE(' ',(#14331)) ;
#14356=SURFACE_SIDE_STYLE(' ',(#14355)) ;
#14380=SURFACE_SIDE_STYLE(' ',(#14379)) ;
#14404=SURFACE_SIDE_STYLE(' ',(#14403)) ;
#14428=SURFACE_SIDE_STYLE(' ',(#14427)) ;
#14452=SURFACE_SIDE_STYLE(' ',(#14451)) ;
#14476=SURFACE_SIDE_STYLE(' ',(#14475)) ;
#14500=SURFACE_SIDE_STYLE(' ',(#14499)) ;
#14524=SURFACE_SIDE_STYLE(' ',(#14523)) ;
#14548=SURFACE_SIDE_STYLE(' ',(#14547)) ;
#14572=SURFACE_SIDE_STYLE(' ',(#14571)) ;
#14596=SURFACE_SIDE_STYLE(' ',(#14595)) ;
#14620=SURFACE_SIDE_STYLE(' ',(#14619)) ;
#14644=SURFACE_SIDE_STYLE(' ',(#14643)) ;
#14668=SURFACE_SIDE_STYLE(' ',(#14667)) ;
#14692=SURFACE_SIDE_STYLE(' ',(#14691)) ;
#14716=SURFACE_SIDE_STYLE(' ',(#14715)) ;
#14740=SURFACE_SIDE_STYLE(' ',(#14739)) ;
#14764=SURFACE_SIDE_STYLE(' ',(#14763)) ;
#14788=SURFACE_SIDE_STYLE(' ',(#14787)) ;
#14812=SURFACE_SIDE_STYLE(' ',(#14811)) ;
#14831=SURFACE_SIDE_STYLE(' ',(#14830)) ;
#14921=SURFACE_SIDE_STYLE(' ',(#14920)) ;
#14950=SURFACE_SIDE_STYLE(' ',(#14949)) ;
#14974=SURFACE_SIDE_STYLE(' ',(#14973)) ;
#14993=SURFACE_SIDE_STYLE(' ',(#14992)) ;
#15017=SURFACE_SIDE_STYLE(' ',(#15016)) ;
#15036=SURFACE_SIDE_STYLE(' ',(#15035)) ;
#15060=SURFACE_SIDE_STYLE(' ',(#15059)) ;
#15079=SURFACE_SIDE_STYLE(' ',(#15078)) ;
#15103=SURFACE_SIDE_STYLE(' ',(#15102)) ;
#15122=SURFACE_SIDE_STYLE(' ',(#15121)) ;
#15141=SURFACE_SIDE_STYLE(' ',(#15140)) ;
#15329=SURFACE_SIDE_STYLE(' ',(#15328)) ;
#15358=SURFACE_SIDE_STYLE(' ',(#15357)) ;
#15372=SURFACE_SIDE_STYLE(' ',(#15371)) ;
#15401=SURFACE_SIDE_STYLE(' ',(#15400)) ;
#15415=SURFACE_SIDE_STYLE(' ',(#15414)) ;
#15444=SURFACE_SIDE_STYLE(' ',(#15443)) ;
#15458=SURFACE_SIDE_STYLE(' ',(#15457)) ;
#15487=SURFACE_SIDE_STYLE(' ',(#15486)) ;
#15501=SURFACE_SIDE_STYLE(' ',(#15500)) ;
#15530=SURFACE_SIDE_STYLE(' ',(#15529)) ;
#15544=SURFACE_SIDE_STYLE(' ',(#15543)) ;
#15573=SURFACE_SIDE_STYLE(' ',(#15572)) ;
#15587=SURFACE_SIDE_STYLE(' ',(#15586)) ;
#15616=SURFACE_SIDE_STYLE(' ',(#15615)) ;
#15630=SURFACE_SIDE_STYLE(' ',(#15629)) ;
#15659=SURFACE_SIDE_STYLE(' ',(#15658)) ;
#15673=SURFACE_SIDE_STYLE(' ',(#15672)) ;
#15702=SURFACE_SIDE_STYLE(' ',(#15701)) ;
#15716=SURFACE_SIDE_STYLE(' ',(#15715)) ;
#15745=SURFACE_SIDE_STYLE(' ',(#15744)) ;
#15759=SURFACE_SIDE_STYLE(' ',(#15758)) ;
#29=SURFACE_STYLE_FILL_AREA(#28) ;
#5088=SURFACE_STYLE_FILL_AREA(#5087) ;
#5117=SURFACE_STYLE_FILL_AREA(#5116) ;
#5141=SURFACE_STYLE_FILL_AREA(#5140) ;
#5165=SURFACE_STYLE_FILL_AREA(#5164) ;
#5189=SURFACE_STYLE_FILL_AREA(#5188) ;
#5213=SURFACE_STYLE_FILL_AREA(#5212) ;
#5237=SURFACE_STYLE_FILL_AREA(#5236) ;
#5261=SURFACE_STYLE_FILL_AREA(#5260) ;
#5285=SURFACE_STYLE_FILL_AREA(#5284) ;
#5309=SURFACE_STYLE_FILL_AREA(#5308) ;
#5333=SURFACE_STYLE_FILL_AREA(#5332) ;
#5357=SURFACE_STYLE_FILL_AREA(#5356) ;
#5381=SURFACE_STYLE_FILL_AREA(#5380) ;
#5405=SURFACE_STYLE_FILL_AREA(#5404) ;
#5429=SURFACE_STYLE_FILL_AREA(#5428) ;
#5453=SURFACE_STYLE_FILL_AREA(#5452) ;
#5477=SURFACE_STYLE_FILL_AREA(#5476) ;
#5501=SURFACE_STYLE_FILL_AREA(#5500) ;
#5525=SURFACE_STYLE_FILL_AREA(#5524) ;
#5549=SURFACE_STYLE_FILL_AREA(#5548) ;
#5573=SURFACE_STYLE_FILL_AREA(#5572) ;
#5597=SURFACE_STYLE_FILL_AREA(#5596) ;
#5621=SURFACE_STYLE_FILL_AREA(#5620) ;
#5645=SURFACE_STYLE_FILL_AREA(#5644) ;
#5669=SURFACE_STYLE_FILL_AREA(#5668) ;
#5693=SURFACE_STYLE_FILL_AREA(#5692) ;
#5712=SURFACE_STYLE_FILL_AREA(#5711) ;
#5736=SURFACE_STYLE_FILL_AREA(#5735) ;
#5760=SURFACE_STYLE_FILL_AREA(#5759) ;
#5784=SURFACE_STYLE_FILL_AREA(#5783) ;
#5808=SURFACE_STYLE_FILL_AREA(#5807) ;
#5832=SURFACE_STYLE_FILL_AREA(#5831) ;
#5856=SURFACE_STYLE_FILL_AREA(#5855) ;
#5880=SURFACE_STYLE_FILL_AREA(#5879) ;
#5904=SURFACE_STYLE_FILL_AREA(#5903) ;
#5928=SURFACE_STYLE_FILL_AREA(#5927) ;
#5952=SURFACE_STYLE_FILL_AREA(#5951) ;
#5976=SURFACE_STYLE_FILL_AREA(#5975) ;
#6000=SURFACE_STYLE_FILL_AREA(#5999) ;
#6024=SURFACE_STYLE_FILL_AREA(#6023) ;
#6048=SURFACE_STYLE_FILL_AREA(#6047) ;
#6072=SURFACE_STYLE_FILL_AREA(#6071) ;
#6096=SURFACE_STYLE_FILL_AREA(#6095) ;
#6120=SURFACE_STYLE_FILL_AREA(#6119) ;
#6144=SURFACE_STYLE_FILL_AREA(#6143) ;
#6168=SURFACE_STYLE_FILL_AREA(#6167) ;
#6192=SURFACE_STYLE_FILL_AREA(#6191) ;
#6216=SURFACE_STYLE_FILL_AREA(#6215) ;
#6235=SURFACE_STYLE_FILL_AREA(#6234) ;
#6259=SURFACE_STYLE_FILL_AREA(#6258) ;
#6283=SURFACE_STYLE_FILL_AREA(#6282) ;
#6307=SURFACE_STYLE_FILL_AREA(#6306) ;
#6331=SURFACE_STYLE_FILL_AREA(#6330) ;
#6355=SURFACE_STYLE_FILL_AREA(#6354) ;
#6379=SURFACE_STYLE_FILL_AREA(#6378) ;
#6403=SURFACE_STYLE_FILL_AREA(#6402) ;
#6427=SURFACE_STYLE_FILL_AREA(#6426) ;
#6451=SURFACE_STYLE_FILL_AREA(#6450) ;
#6475=SURFACE_STYLE_FILL_AREA(#6474) ;
#6499=SURFACE_STYLE_FILL_AREA(#6498) ;
#6523=SURFACE_STYLE_FILL_AREA(#6522) ;
#6547=SURFACE_STYLE_FILL_AREA(#6546) ;
#6571=SURFACE_STYLE_FILL_AREA(#6570) ;
#6595=SURFACE_STYLE_FILL_AREA(#6594) ;
#6619=SURFACE_STYLE_FILL_AREA(#6618) ;
#6643=SURFACE_STYLE_FILL_AREA(#6642) ;
#6667=SURFACE_STYLE_FILL_AREA(#6666) ;
#6691=SURFACE_STYLE_FILL_AREA(#6690) ;
#6715=SURFACE_STYLE_FILL_AREA(#6714) ;
#6739=SURFACE_STYLE_FILL_AREA(#6738) ;
#6763=SURFACE_STYLE_FILL_AREA(#6762) ;
#6787=SURFACE_STYLE_FILL_AREA(#6786) ;
#6811=SURFACE_STYLE_FILL_AREA(#6810) ;
#6835=SURFACE_STYLE_FILL_AREA(#6834) ;
#6859=SURFACE_STYLE_FILL_AREA(#6858) ;
#6883=SURFACE_STYLE_FILL_AREA(#6882) ;
#6907=SURFACE_STYLE_FILL_AREA(#6906) ;
#6931=SURFACE_STYLE_FILL_AREA(#6930) ;
#6955=SURFACE_STYLE_FILL_AREA(#6954) ;
#6979=SURFACE_STYLE_FILL_AREA(#6978) ;
#7003=SURFACE_STYLE_FILL_AREA(#7002) ;
#7027=SURFACE_STYLE_FILL_AREA(#7026) ;
#7051=SURFACE_STYLE_FILL_AREA(#7050) ;
#7075=SURFACE_STYLE_FILL_AREA(#7074) ;
#7099=SURFACE_STYLE_FILL_AREA(#7098) ;
#7123=SURFACE_STYLE_FILL_AREA(#7122) ;
#7147=SURFACE_STYLE_FILL_AREA(#7146) ;
#7171=SURFACE_STYLE_FILL_AREA(#7170) ;
#7195=SURFACE_STYLE_FILL_AREA(#7194) ;
#7219=SURFACE_STYLE_FILL_AREA(#7218) ;
#7243=SURFACE_STYLE_FILL_AREA(#7242) ;
#7267=SURFACE_STYLE_FILL_AREA(#7266) ;
#7291=SURFACE_STYLE_FILL_AREA(#7290) ;
#7315=SURFACE_STYLE_FILL_AREA(#7314) ;
#7339=SURFACE_STYLE_FILL_AREA(#7338) ;
#7358=SURFACE_STYLE_FILL_AREA(#7357) ;
#7377=SURFACE_STYLE_FILL_AREA(#7376) ;
#7401=SURFACE_STYLE_FILL_AREA(#7400) ;
#7425=SURFACE_STYLE_FILL_AREA(#7424) ;
#7449=SURFACE_STYLE_FILL_AREA(#7448) ;
#7473=SURFACE_STYLE_FILL_AREA(#7472) ;
#7497=SURFACE_STYLE_FILL_AREA(#7496) ;
#7521=SURFACE_STYLE_FILL_AREA(#7520) ;
#7545=SURFACE_STYLE_FILL_AREA(#7544) ;
#7569=SURFACE_STYLE_FILL_AREA(#7568) ;
#7593=SURFACE_STYLE_FILL_AREA(#7592) ;
#7617=SURFACE_STYLE_FILL_AREA(#7616) ;
#7641=SURFACE_STYLE_FILL_AREA(#7640) ;
#7665=SURFACE_STYLE_FILL_AREA(#7664) ;
#7689=SURFACE_STYLE_FILL_AREA(#7688) ;
#7713=SURFACE_STYLE_FILL_AREA(#7712) ;
#7737=SURFACE_STYLE_FILL_AREA(#7736) ;
#7761=SURFACE_STYLE_FILL_AREA(#7760) ;
#7785=SURFACE_STYLE_FILL_AREA(#7784) ;
#7809=SURFACE_STYLE_FILL_AREA(#7808) ;
#7833=SURFACE_STYLE_FILL_AREA(#7832) ;
#7857=SURFACE_STYLE_FILL_AREA(#7856) ;
#7881=SURFACE_STYLE_FILL_AREA(#7880) ;
#7905=SURFACE_STYLE_FILL_AREA(#7904) ;
#7929=SURFACE_STYLE_FILL_AREA(#7928) ;
#7953=SURFACE_STYLE_FILL_AREA(#7952) ;
#7977=SURFACE_STYLE_FILL_AREA(#7976) ;
#8001=SURFACE_STYLE_FILL_AREA(#8000) ;
#8025=SURFACE_STYLE_FILL_AREA(#8024) ;
#8049=SURFACE_STYLE_FILL_AREA(#8048) ;
#8073=SURFACE_STYLE_FILL_AREA(#8072) ;
#8097=SURFACE_STYLE_FILL_AREA(#8096) ;
#8121=SURFACE_STYLE_FILL_AREA(#8120) ;
#8145=SURFACE_STYLE_FILL_AREA(#8144) ;
#8169=SURFACE_STYLE_FILL_AREA(#8168) ;
#8193=SURFACE_STYLE_FILL_AREA(#8192) ;
#8217=SURFACE_STYLE_FILL_AREA(#8216) ;
#8241=SURFACE_STYLE_FILL_AREA(#8240) ;
#8265=SURFACE_STYLE_FILL_AREA(#8264) ;
#8289=SURFACE_STYLE_FILL_AREA(#8288) ;
#8313=SURFACE_STYLE_FILL_AREA(#8312) ;
#8337=SURFACE_STYLE_FILL_AREA(#8336) ;
#8361=SURFACE_STYLE_FILL_AREA(#8360) ;
#8380=SURFACE_STYLE_FILL_AREA(#8379) ;
#9334=SURFACE_STYLE_FILL_AREA(#9333) ;
#9363=SURFACE_STYLE_FILL_AREA(#9362) ;
#9387=SURFACE_STYLE_FILL_AREA(#9386) ;
#9411=SURFACE_STYLE_FILL_AREA(#9410) ;
#9435=SURFACE_STYLE_FILL_AREA(#9434) ;
#9459=SURFACE_STYLE_FILL_AREA(#9458) ;
#9483=SURFACE_STYLE_FILL_AREA(#9482) ;
#9507=SURFACE_STYLE_FILL_AREA(#9506) ;
#9531=SURFACE_STYLE_FILL_AREA(#9530) ;
#9555=SURFACE_STYLE_FILL_AREA(#9554) ;
#9579=SURFACE_STYLE_FILL_AREA(#9578) ;
#9603=SURFACE_STYLE_FILL_AREA(#9602) ;
#9627=SURFACE_STYLE_FILL_AREA(#9626) ;
#9651=SURFACE_STYLE_FILL_AREA(#9650) ;
#9675=SURFACE_STYLE_FILL_AREA(#9674) ;
#9699=SURFACE_STYLE_FILL_AREA(#9698) ;
#9723=SURFACE_STYLE_FILL_AREA(#9722) ;
#9747=SURFACE_STYLE_FILL_AREA(#9746) ;
#9771=SURFACE_STYLE_FILL_AREA(#9770) ;
#9795=SURFACE_STYLE_FILL_AREA(#9794) ;
#9819=SURFACE_STYLE_FILL_AREA(#9818) ;
#9843=SURFACE_STYLE_FILL_AREA(#9842) ;
#9867=SURFACE_STYLE_FILL_AREA(#9866) ;
#9891=SURFACE_STYLE_FILL_AREA(#9890) ;
#9915=SURFACE_STYLE_FILL_AREA(#9914) ;
#9939=SURFACE_STYLE_FILL_AREA(#9938) ;
#9963=SURFACE_STYLE_FILL_AREA(#9962) ;
#9987=SURFACE_STYLE_FILL_AREA(#9986) ;
#10011=SURFACE_STYLE_FILL_AREA(#10010) ;
#10035=SURFACE_STYLE_FILL_AREA(#10034) ;
#10059=SURFACE_STYLE_FILL_AREA(#10058) ;
#10083=SURFACE_STYLE_FILL_AREA(#10082) ;
#10107=SURFACE_STYLE_FILL_AREA(#10106) ;
#10131=SURFACE_STYLE_FILL_AREA(#10130) ;
#10155=SURFACE_STYLE_FILL_AREA(#10154) ;
#10179=SURFACE_STYLE_FILL_AREA(#10178) ;
#10203=SURFACE_STYLE_FILL_AREA(#10202) ;
#10227=SURFACE_STYLE_FILL_AREA(#10226) ;
#10251=SURFACE_STYLE_FILL_AREA(#10250) ;
#10275=SURFACE_STYLE_FILL_AREA(#10274) ;
#10299=SURFACE_STYLE_FILL_AREA(#10298) ;
#10323=SURFACE_STYLE_FILL_AREA(#10322) ;
#10347=SURFACE_STYLE_FILL_AREA(#10346) ;
#10371=SURFACE_STYLE_FILL_AREA(#10370) ;
#10395=SURFACE_STYLE_FILL_AREA(#10394) ;
#10419=SURFACE_STYLE_FILL_AREA(#10418) ;
#10443=SURFACE_STYLE_FILL_AREA(#10442) ;
#10467=SURFACE_STYLE_FILL_AREA(#10466) ;
#10491=SURFACE_STYLE_FILL_AREA(#10490) ;
#10515=SURFACE_STYLE_FILL_AREA(#10514) ;
#10539=SURFACE_STYLE_FILL_AREA(#10538) ;
#10563=SURFACE_STYLE_FILL_AREA(#10562) ;
#10587=SURFACE_STYLE_FILL_AREA(#10586) ;
#10611=SURFACE_STYLE_FILL_AREA(#10610) ;
#10635=SURFACE_STYLE_FILL_AREA(#10634) ;
#10659=SURFACE_STYLE_FILL_AREA(#10658) ;
#10683=SURFACE_STYLE_FILL_AREA(#10682) ;
#10707=SURFACE_STYLE_FILL_AREA(#10706) ;
#10731=SURFACE_STYLE_FILL_AREA(#10730) ;
#10755=SURFACE_STYLE_FILL_AREA(#10754) ;
#10779=SURFACE_STYLE_FILL_AREA(#10778) ;
#10803=SURFACE_STYLE_FILL_AREA(#10802) ;
#10827=SURFACE_STYLE_FILL_AREA(#10826) ;
#10851=SURFACE_STYLE_FILL_AREA(#10850) ;
#10875=SURFACE_STYLE_FILL_AREA(#10874) ;
#10899=SURFACE_STYLE_FILL_AREA(#10898) ;
#10923=SURFACE_STYLE_FILL_AREA(#10922) ;
#10947=SURFACE_STYLE_FILL_AREA(#10946) ;
#10971=SURFACE_STYLE_FILL_AREA(#10970) ;
#10995=SURFACE_STYLE_FILL_AREA(#10994) ;
#11019=SURFACE_STYLE_FILL_AREA(#11018) ;
#11043=SURFACE_STYLE_FILL_AREA(#11042) ;
#11067=SURFACE_STYLE_FILL_AREA(#11066) ;
#11091=SURFACE_STYLE_FILL_AREA(#11090) ;
#11115=SURFACE_STYLE_FILL_AREA(#11114) ;
#11139=SURFACE_STYLE_FILL_AREA(#11138) ;
#11163=SURFACE_STYLE_FILL_AREA(#11162) ;
#11187=SURFACE_STYLE_FILL_AREA(#11186) ;
#11211=SURFACE_STYLE_FILL_AREA(#11210) ;
#11235=SURFACE_STYLE_FILL_AREA(#11234) ;
#11259=SURFACE_STYLE_FILL_AREA(#11258) ;
#11283=SURFACE_STYLE_FILL_AREA(#11282) ;
#11307=SURFACE_STYLE_FILL_AREA(#11306) ;
#11331=SURFACE_STYLE_FILL_AREA(#11330) ;
#11355=SURFACE_STYLE_FILL_AREA(#11354) ;
#11379=SURFACE_STYLE_FILL_AREA(#11378) ;
#11403=SURFACE_STYLE_FILL_AREA(#11402) ;
#11427=SURFACE_STYLE_FILL_AREA(#11426) ;
#11451=SURFACE_STYLE_FILL_AREA(#11450) ;
#11475=SURFACE_STYLE_FILL_AREA(#11474) ;
#11499=SURFACE_STYLE_FILL_AREA(#11498) ;
#11523=SURFACE_STYLE_FILL_AREA(#11522) ;
#11547=SURFACE_STYLE_FILL_AREA(#11546) ;
#11571=SURFACE_STYLE_FILL_AREA(#11570) ;
#11595=SURFACE_STYLE_FILL_AREA(#11594) ;
#11619=SURFACE_STYLE_FILL_AREA(#11618) ;
#11643=SURFACE_STYLE_FILL_AREA(#11642) ;
#11667=SURFACE_STYLE_FILL_AREA(#11666) ;
#11691=SURFACE_STYLE_FILL_AREA(#11690) ;
#11715=SURFACE_STYLE_FILL_AREA(#11714) ;
#11739=SURFACE_STYLE_FILL_AREA(#11738) ;
#11763=SURFACE_STYLE_FILL_AREA(#11762) ;
#11787=SURFACE_STYLE_FILL_AREA(#11786) ;
#11811=SURFACE_STYLE_FILL_AREA(#11810) ;
#11835=SURFACE_STYLE_FILL_AREA(#11834) ;
#11859=SURFACE_STYLE_FILL_AREA(#11858) ;
#11883=SURFACE_STYLE_FILL_AREA(#11882) ;
#11907=SURFACE_STYLE_FILL_AREA(#11906) ;
#11931=SURFACE_STYLE_FILL_AREA(#11930) ;
#11955=SURFACE_STYLE_FILL_AREA(#11954) ;
#11979=SURFACE_STYLE_FILL_AREA(#11978) ;
#12003=SURFACE_STYLE_FILL_AREA(#12002) ;
#12027=SURFACE_STYLE_FILL_AREA(#12026) ;
#12051=SURFACE_STYLE_FILL_AREA(#12050) ;
#12075=SURFACE_STYLE_FILL_AREA(#12074) ;
#12099=SURFACE_STYLE_FILL_AREA(#12098) ;
#12123=SURFACE_STYLE_FILL_AREA(#12122) ;
#12147=SURFACE_STYLE_FILL_AREA(#12146) ;
#12166=SURFACE_STYLE_FILL_AREA(#12165) ;
#12208=SURFACE_STYLE_FILL_AREA(#12207) ;
#12237=SURFACE_STYLE_FILL_AREA(#12236) ;
#12261=SURFACE_STYLE_FILL_AREA(#12260) ;
#12285=SURFACE_STYLE_FILL_AREA(#12284) ;
#12304=SURFACE_STYLE_FILL_AREA(#12303) ;
#12490=SURFACE_STYLE_FILL_AREA(#12489) ;
#12519=SURFACE_STYLE_FILL_AREA(#12518) ;
#12543=SURFACE_STYLE_FILL_AREA(#12542) ;
#12567=SURFACE_STYLE_FILL_AREA(#12566) ;
#12591=SURFACE_STYLE_FILL_AREA(#12590) ;
#12615=SURFACE_STYLE_FILL_AREA(#12614) ;
#12639=SURFACE_STYLE_FILL_AREA(#12638) ;
#12663=SURFACE_STYLE_FILL_AREA(#12662) ;
#12687=SURFACE_STYLE_FILL_AREA(#12686) ;
#12711=SURFACE_STYLE_FILL_AREA(#12710) ;
#12735=SURFACE_STYLE_FILL_AREA(#12734) ;
#12759=SURFACE_STYLE_FILL_AREA(#12758) ;
#12783=SURFACE_STYLE_FILL_AREA(#12782) ;
#12807=SURFACE_STYLE_FILL_AREA(#12806) ;
#12831=SURFACE_STYLE_FILL_AREA(#12830) ;
#12855=SURFACE_STYLE_FILL_AREA(#12854) ;
#12879=SURFACE_STYLE_FILL_AREA(#12878) ;
#12903=SURFACE_STYLE_FILL_AREA(#12902) ;
#12927=SURFACE_STYLE_FILL_AREA(#12926) ;
#12951=SURFACE_STYLE_FILL_AREA(#12950) ;
#12975=SURFACE_STYLE_FILL_AREA(#12974) ;
#12999=SURFACE_STYLE_FILL_AREA(#12998) ;
#13018=SURFACE_STYLE_FILL_AREA(#13017) ;
#13204=SURFACE_STYLE_FILL_AREA(#13203) ;
#13233=SURFACE_STYLE_FILL_AREA(#13232) ;
#13257=SURFACE_STYLE_FILL_AREA(#13256) ;
#13281=SURFACE_STYLE_FILL_AREA(#13280) ;
#13305=SURFACE_STYLE_FILL_AREA(#13304) ;
#13329=SURFACE_STYLE_FILL_AREA(#13328) ;
#13353=SURFACE_STYLE_FILL_AREA(#13352) ;
#13377=SURFACE_STYLE_FILL_AREA(#13376) ;
#13401=SURFACE_STYLE_FILL_AREA(#13400) ;
#13425=SURFACE_STYLE_FILL_AREA(#13424) ;
#13449=SURFACE_STYLE_FILL_AREA(#13448) ;
#13473=SURFACE_STYLE_FILL_AREA(#13472) ;
#13497=SURFACE_STYLE_FILL_AREA(#13496) ;
#13521=SURFACE_STYLE_FILL_AREA(#13520) ;
#13545=SURFACE_STYLE_FILL_AREA(#13544) ;
#13569=SURFACE_STYLE_FILL_AREA(#13568) ;
#13593=SURFACE_STYLE_FILL_AREA(#13592) ;
#13617=SURFACE_STYLE_FILL_AREA(#13616) ;
#13641=SURFACE_STYLE_FILL_AREA(#13640) ;
#13665=SURFACE_STYLE_FILL_AREA(#13664) ;
#13689=SURFACE_STYLE_FILL_AREA(#13688) ;
#13713=SURFACE_STYLE_FILL_AREA(#13712) ;
#13732=SURFACE_STYLE_FILL_AREA(#13731) ;
#14014=SURFACE_STYLE_FILL_AREA(#14013) ;
#14043=SURFACE_STYLE_FILL_AREA(#14042) ;
#14067=SURFACE_STYLE_FILL_AREA(#14066) ;
#14091=SURFACE_STYLE_FILL_AREA(#14090) ;
#14115=SURFACE_STYLE_FILL_AREA(#14114) ;
#14139=SURFACE_STYLE_FILL_AREA(#14138) ;
#14163=SURFACE_STYLE_FILL_AREA(#14162) ;
#14187=SURFACE_STYLE_FILL_AREA(#14186) ;
#14211=SURFACE_STYLE_FILL_AREA(#14210) ;
#14235=SURFACE_STYLE_FILL_AREA(#14234) ;
#14259=SURFACE_STYLE_FILL_AREA(#14258) ;
#14283=SURFACE_STYLE_FILL_AREA(#14282) ;
#14307=SURFACE_STYLE_FILL_AREA(#14306) ;
#14331=SURFACE_STYLE_FILL_AREA(#14330) ;
#14355=SURFACE_STYLE_FILL_AREA(#14354) ;
#14379=SURFACE_STYLE_FILL_AREA(#14378) ;
#14403=SURFACE_STYLE_FILL_AREA(#14402) ;
#14427=SURFACE_STYLE_FILL_AREA(#14426) ;
#14451=SURFACE_STYLE_FILL_AREA(#14450) ;
#14475=SURFACE_STYLE_FILL_AREA(#14474) ;
#14499=SURFACE_STYLE_FILL_AREA(#14498) ;
#14523=SURFACE_STYLE_FILL_AREA(#14522) ;
#14547=SURFACE_STYLE_FILL_AREA(#14546) ;
#14571=SURFACE_STYLE_FILL_AREA(#14570) ;
#14595=SURFACE_STYLE_FILL_AREA(#14594) ;
#14619=SURFACE_STYLE_FILL_AREA(#14618) ;
#14643=SURFACE_STYLE_FILL_AREA(#14642) ;
#14667=SURFACE_STYLE_FILL_AREA(#14666) ;
#14691=SURFACE_STYLE_FILL_AREA(#14690) ;
#14715=SURFACE_STYLE_FILL_AREA(#14714) ;
#14739=SURFACE_STYLE_FILL_AREA(#14738) ;
#14763=SURFACE_STYLE_FILL_AREA(#14762) ;
#14787=SURFACE_STYLE_FILL_AREA(#14786) ;
#14811=SURFACE_STYLE_FILL_AREA(#14810) ;
#14830=SURFACE_STYLE_FILL_AREA(#14829) ;
#14920=SURFACE_STYLE_FILL_AREA(#14919) ;
#14949=SURFACE_STYLE_FILL_AREA(#14948) ;
#14973=SURFACE_STYLE_FILL_AREA(#14972) ;
#14992=SURFACE_STYLE_FILL_AREA(#14991) ;
#15016=SURFACE_STYLE_FILL_AREA(#15015) ;
#15035=SURFACE_STYLE_FILL_AREA(#15034) ;
#15059=SURFACE_STYLE_FILL_AREA(#15058) ;
#15078=SURFACE_STYLE_FILL_AREA(#15077) ;
#15102=SURFACE_STYLE_FILL_AREA(#15101) ;
#15121=SURFACE_STYLE_FILL_AREA(#15120) ;
#15140=SURFACE_STYLE_FILL_AREA(#15139) ;
#15328=SURFACE_STYLE_FILL_AREA(#15327) ;
#15357=SURFACE_STYLE_FILL_AREA(#15356) ;
#15371=SURFACE_STYLE_FILL_AREA(#15370) ;
#15400=SURFACE_STYLE_FILL_AREA(#15399) ;
#15414=SURFACE_STYLE_FILL_AREA(#15413) ;
#15443=SURFACE_STYLE_FILL_AREA(#15442) ;
#15457=SURFACE_STYLE_FILL_AREA(#15456) ;
#15486=SURFACE_STYLE_FILL_AREA(#15485) ;
#15500=SURFACE_STYLE_FILL_AREA(#15499) ;
#15529=SURFACE_STYLE_FILL_AREA(#15528) ;
#15543=SURFACE_STYLE_FILL_AREA(#15542) ;
#15572=SURFACE_STYLE_FILL_AREA(#15571) ;
#15586=SURFACE_STYLE_FILL_AREA(#15585) ;
#15615=SURFACE_STYLE_FILL_AREA(#15614) ;
#15629=SURFACE_STYLE_FILL_AREA(#15628) ;
#15658=SURFACE_STYLE_FILL_AREA(#15657) ;
#15672=SURFACE_STYLE_FILL_AREA(#15671) ;
#15701=SURFACE_STYLE_FILL_AREA(#15700) ;
#15715=SURFACE_STYLE_FILL_AREA(#15714) ;
#15744=SURFACE_STYLE_FILL_AREA(#15743) ;
#15758=SURFACE_STYLE_FILL_AREA(#15757) ;
#28=FILL_AREA_STYLE(' ',(#27)) ;
#5087=FILL_AREA_STYLE(' ',(#5086)) ;
#5116=FILL_AREA_STYLE(' ',(#5115)) ;
#5140=FILL_AREA_STYLE(' ',(#5139)) ;
#5164=FILL_AREA_STYLE(' ',(#5163)) ;
#5188=FILL_AREA_STYLE(' ',(#5187)) ;
#5212=FILL_AREA_STYLE(' ',(#5211)) ;
#5236=FILL_AREA_STYLE(' ',(#5235)) ;
#5260=FILL_AREA_STYLE(' ',(#5259)) ;
#5284=FILL_AREA_STYLE(' ',(#5283)) ;
#5308=FILL_AREA_STYLE(' ',(#5307)) ;
#5332=FILL_AREA_STYLE(' ',(#5331)) ;
#5356=FILL_AREA_STYLE(' ',(#5355)) ;
#5380=FILL_AREA_STYLE(' ',(#5379)) ;
#5404=FILL_AREA_STYLE(' ',(#5403)) ;
#5428=FILL_AREA_STYLE(' ',(#5427)) ;
#5452=FILL_AREA_STYLE(' ',(#5451)) ;
#5476=FILL_AREA_STYLE(' ',(#5475)) ;
#5500=FILL_AREA_STYLE(' ',(#5499)) ;
#5524=FILL_AREA_STYLE(' ',(#5523)) ;
#5548=FILL_AREA_STYLE(' ',(#5547)) ;
#5572=FILL_AREA_STYLE(' ',(#5571)) ;
#5596=FILL_AREA_STYLE(' ',(#5595)) ;
#5620=FILL_AREA_STYLE(' ',(#5619)) ;
#5644=FILL_AREA_STYLE(' ',(#5643)) ;
#5668=FILL_AREA_STYLE(' ',(#5667)) ;
#5692=FILL_AREA_STYLE(' ',(#5691)) ;
#5711=FILL_AREA_STYLE(' ',(#5710)) ;
#5735=FILL_AREA_STYLE(' ',(#5734)) ;
#5759=FILL_AREA_STYLE(' ',(#5758)) ;
#5783=FILL_AREA_STYLE(' ',(#5782)) ;
#5807=FILL_AREA_STYLE(' ',(#5806)) ;
#5831=FILL_AREA_STYLE(' ',(#5830)) ;
#5855=FILL_AREA_STYLE(' ',(#5854)) ;
#5879=FILL_AREA_STYLE(' ',(#5878)) ;
#5903=FILL_AREA_STYLE(' ',(#5902)) ;
#5927=FILL_AREA_STYLE(' ',(#5926)) ;
#5951=FILL_AREA_STYLE(' ',(#5950)) ;
#5975=FILL_AREA_STYLE(' ',(#5974)) ;
#5999=FILL_AREA_STYLE(' ',(#5998)) ;
#6023=FILL_AREA_STYLE(' ',(#6022)) ;
#6047=FILL_AREA_STYLE(' ',(#6046)) ;
#6071=FILL_AREA_STYLE(' ',(#6070)) ;
#6095=FILL_AREA_STYLE(' ',(#6094)) ;
#6119=FILL_AREA_STYLE(' ',(#6118)) ;
#6143=FILL_AREA_STYLE(' ',(#6142)) ;
#6167=FILL_AREA_STYLE(' ',(#6166)) ;
#6191=FILL_AREA_STYLE(' ',(#6190)) ;
#6215=FILL_AREA_STYLE(' ',(#6214)) ;
#6234=FILL_AREA_STYLE(' ',(#6233)) ;
#6258=FILL_AREA_STYLE(' ',(#6257)) ;
#6282=FILL_AREA_STYLE(' ',(#6281)) ;
#6306=FILL_AREA_STYLE(' ',(#6305)) ;
#6330=FILL_AREA_STYLE(' ',(#6329)) ;
#6354=FILL_AREA_STYLE(' ',(#6353)) ;
#6378=FILL_AREA_STYLE(' ',(#6377)) ;
#6402=FILL_AREA_STYLE(' ',(#6401)) ;
#6426=FILL_AREA_STYLE(' ',(#6425)) ;
#6450=FILL_AREA_STYLE(' ',(#6449)) ;
#6474=FILL_AREA_STYLE(' ',(#6473)) ;
#6498=FILL_AREA_STYLE(' ',(#6497)) ;
#6522=FILL_AREA_STYLE(' ',(#6521)) ;
#6546=FILL_AREA_STYLE(' ',(#6545)) ;
#6570=FILL_AREA_STYLE(' ',(#6569)) ;
#6594=FILL_AREA_STYLE(' ',(#6593)) ;
#6618=FILL_AREA_STYLE(' ',(#6617)) ;
#6642=FILL_AREA_STYLE(' ',(#6641)) ;
#6666=FILL_AREA_STYLE(' ',(#6665)) ;
#6690=FILL_AREA_STYLE(' ',(#6689)) ;
#6714=FILL_AREA_STYLE(' ',(#6713)) ;
#6738=FILL_AREA_STYLE(' ',(#6737)) ;
#6762=FILL_AREA_STYLE(' ',(#6761)) ;
#6786=FILL_AREA_STYLE(' ',(#6785)) ;
#6810=FILL_AREA_STYLE(' ',(#6809)) ;
#6834=FILL_AREA_STYLE(' ',(#6833)) ;
#6858=FILL_AREA_STYLE(' ',(#6857)) ;
#6882=FILL_AREA_STYLE(' ',(#6881)) ;
#6906=FILL_AREA_STYLE(' ',(#6905)) ;
#6930=FILL_AREA_STYLE(' ',(#6929)) ;
#6954=FILL_AREA_STYLE(' ',(#6953)) ;
#6978=FILL_AREA_STYLE(' ',(#6977)) ;
#7002=FILL_AREA_STYLE(' ',(#7001)) ;
#7026=FILL_AREA_STYLE(' ',(#7025)) ;
#7050=FILL_AREA_STYLE(' ',(#7049)) ;
#7074=FILL_AREA_STYLE(' ',(#7073)) ;
#7098=FILL_AREA_STYLE(' ',(#7097)) ;
#7122=FILL_AREA_STYLE(' ',(#7121)) ;
#7146=FILL_AREA_STYLE(' ',(#7145)) ;
#7170=FILL_AREA_STYLE(' ',(#7169)) ;
#7194=FILL_AREA_STYLE(' ',(#7193)) ;
#7218=FILL_AREA_STYLE(' ',(#7217)) ;
#7242=FILL_AREA_STYLE(' ',(#7241)) ;
#7266=FILL_AREA_STYLE(' ',(#7265)) ;
#7290=FILL_AREA_STYLE(' ',(#7289)) ;
#7314=FILL_AREA_STYLE(' ',(#7313)) ;
#7338=FILL_AREA_STYLE(' ',(#7337)) ;
#7357=FILL_AREA_STYLE(' ',(#7356)) ;
#7376=FILL_AREA_STYLE(' ',(#7375)) ;
#7400=FILL_AREA_STYLE(' ',(#7399)) ;
#7424=FILL_AREA_STYLE(' ',(#7423)) ;
#7448=FILL_AREA_STYLE(' ',(#7447)) ;
#7472=FILL_AREA_STYLE(' ',(#7471)) ;
#7496=FILL_AREA_STYLE(' ',(#7495)) ;
#7520=FILL_AREA_STYLE(' ',(#7519)) ;
#7544=FILL_AREA_STYLE(' ',(#7543)) ;
#7568=FILL_AREA_STYLE(' ',(#7567)) ;
#7592=FILL_AREA_STYLE(' ',(#7591)) ;
#7616=FILL_AREA_STYLE(' ',(#7615)) ;
#7640=FILL_AREA_STYLE(' ',(#7639)) ;
#7664=FILL_AREA_STYLE(' ',(#7663)) ;
#7688=FILL_AREA_STYLE(' ',(#7687)) ;
#7712=FILL_AREA_STYLE(' ',(#7711)) ;
#7736=FILL_AREA_STYLE(' ',(#7735)) ;
#7760=FILL_AREA_STYLE(' ',(#7759)) ;
#7784=FILL_AREA_STYLE(' ',(#7783)) ;
#7808=FILL_AREA_STYLE(' ',(#7807)) ;
#7832=FILL_AREA_STYLE(' ',(#7831)) ;
#7856=FILL_AREA_STYLE(' ',(#7855)) ;
#7880=FILL_AREA_STYLE(' ',(#7879)) ;
#7904=FILL_AREA_STYLE(' ',(#7903)) ;
#7928=FILL_AREA_STYLE(' ',(#7927)) ;
#7952=FILL_AREA_STYLE(' ',(#7951)) ;
#7976=FILL_AREA_STYLE(' ',(#7975)) ;
#8000=FILL_AREA_STYLE(' ',(#7999)) ;
#8024=FILL_AREA_STYLE(' ',(#8023)) ;
#8048=FILL_AREA_STYLE(' ',(#8047)) ;
#8072=FILL_AREA_STYLE(' ',(#8071)) ;
#8096=FILL_AREA_STYLE(' ',(#8095)) ;
#8120=FILL_AREA_STYLE(' ',(#8119)) ;
#8144=FILL_AREA_STYLE(' ',(#8143)) ;
#8168=FILL_AREA_STYLE(' ',(#8167)) ;
#8192=FILL_AREA_STYLE(' ',(#8191)) ;
#8216=FILL_AREA_STYLE(' ',(#8215)) ;
#8240=FILL_AREA_STYLE(' ',(#8239)) ;
#8264=FILL_AREA_STYLE(' ',(#8263)) ;
#8288=FILL_AREA_STYLE(' ',(#8287)) ;
#8312=FILL_AREA_STYLE(' ',(#8311)) ;
#8336=FILL_AREA_STYLE(' ',(#8335)) ;
#8360=FILL_AREA_STYLE(' ',(#8359)) ;
#8379=FILL_AREA_STYLE(' ',(#8378)) ;
#9333=FILL_AREA_STYLE(' ',(#9332)) ;
#9362=FILL_AREA_STYLE(' ',(#9361)) ;
#9386=FILL_AREA_STYLE(' ',(#9385)) ;
#9410=FILL_AREA_STYLE(' ',(#9409)) ;
#9434=FILL_AREA_STYLE(' ',(#9433)) ;
#9458=FILL_AREA_STYLE(' ',(#9457)) ;
#9482=FILL_AREA_STYLE(' ',(#9481)) ;
#9506=FILL_AREA_STYLE(' ',(#9505)) ;
#9530=FILL_AREA_STYLE(' ',(#9529)) ;
#9554=FILL_AREA_STYLE(' ',(#9553)) ;
#9578=FILL_AREA_STYLE(' ',(#9577)) ;
#9602=FILL_AREA_STYLE(' ',(#9601)) ;
#9626=FILL_AREA_STYLE(' ',(#9625)) ;
#9650=FILL_AREA_STYLE(' ',(#9649)) ;
#9674=FILL_AREA_STYLE(' ',(#9673)) ;
#9698=FILL_AREA_STYLE(' ',(#9697)) ;
#9722=FILL_AREA_STYLE(' ',(#9721)) ;
#9746=FILL_AREA_STYLE(' ',(#9745)) ;
#9770=FILL_AREA_STYLE(' ',(#9769)) ;
#9794=FILL_AREA_STYLE(' ',(#9793)) ;
#9818=FILL_AREA_STYLE(' ',(#9817)) ;
#9842=FILL_AREA_STYLE(' ',(#9841)) ;
#9866=FILL_AREA_STYLE(' ',(#9865)) ;
#9890=FILL_AREA_STYLE(' ',(#9889)) ;
#9914=FILL_AREA_STYLE(' ',(#9913)) ;
#9938=FILL_AREA_STYLE(' ',(#9937)) ;
#9962=FILL_AREA_STYLE(' ',(#9961)) ;
#9986=FILL_AREA_STYLE(' ',(#9985)) ;
#10010=FILL_AREA_STYLE(' ',(#10009)) ;
#10034=FILL_AREA_STYLE(' ',(#10033)) ;
#10058=FILL_AREA_STYLE(' ',(#10057)) ;
#10082=FILL_AREA_STYLE(' ',(#10081)) ;
#10106=FILL_AREA_STYLE(' ',(#10105)) ;
#10130=FILL_AREA_STYLE(' ',(#10129)) ;
#10154=FILL_AREA_STYLE(' ',(#10153)) ;
#10178=FILL_AREA_STYLE(' ',(#10177)) ;
#10202=FILL_AREA_STYLE(' ',(#10201)) ;
#10226=FILL_AREA_STYLE(' ',(#10225)) ;
#10250=FILL_AREA_STYLE(' ',(#10249)) ;
#10274=FILL_AREA_STYLE(' ',(#10273)) ;
#10298=FILL_AREA_STYLE(' ',(#10297)) ;
#10322=FILL_AREA_STYLE(' ',(#10321)) ;
#10346=FILL_AREA_STYLE(' ',(#10345)) ;
#10370=FILL_AREA_STYLE(' ',(#10369)) ;
#10394=FILL_AREA_STYLE(' ',(#10393)) ;
#10418=FILL_AREA_STYLE(' ',(#10417)) ;
#10442=FILL_AREA_STYLE(' ',(#10441)) ;
#10466=FILL_AREA_STYLE(' ',(#10465)) ;
#10490=FILL_AREA_STYLE(' ',(#10489)) ;
#10514=FILL_AREA_STYLE(' ',(#10513)) ;
#10538=FILL_AREA_STYLE(' ',(#10537)) ;
#10562=FILL_AREA_STYLE(' ',(#10561)) ;
#10586=FILL_AREA_STYLE(' ',(#10585)) ;
#10610=FILL_AREA_STYLE(' ',(#10609)) ;
#10634=FILL_AREA_STYLE(' ',(#10633)) ;
#10658=FILL_AREA_STYLE(' ',(#10657)) ;
#10682=FILL_AREA_STYLE(' ',(#10681)) ;
#10706=FILL_AREA_STYLE(' ',(#10705)) ;
#10730=FILL_AREA_STYLE(' ',(#10729)) ;
#10754=FILL_AREA_STYLE(' ',(#10753)) ;
#10778=FILL_AREA_STYLE(' ',(#10777)) ;
#10802=FILL_AREA_STYLE(' ',(#10801)) ;
#10826=FILL_AREA_STYLE(' ',(#10825)) ;
#10850=FILL_AREA_STYLE(' ',(#10849)) ;
#10874=FILL_AREA_STYLE(' ',(#10873)) ;
#10898=FILL_AREA_STYLE(' ',(#10897)) ;
#10922=FILL_AREA_STYLE(' ',(#10921)) ;
#10946=FILL_AREA_STYLE(' ',(#10945)) ;
#10970=FILL_AREA_STYLE(' ',(#10969)) ;
#10994=FILL_AREA_STYLE(' ',(#10993)) ;
#11018=FILL_AREA_STYLE(' ',(#11017)) ;
#11042=FILL_AREA_STYLE(' ',(#11041)) ;
#11066=FILL_AREA_STYLE(' ',(#11065)) ;
#11090=FILL_AREA_STYLE(' ',(#11089)) ;
#11114=FILL_AREA_STYLE(' ',(#11113)) ;
#11138=FILL_AREA_STYLE(' ',(#11137)) ;
#11162=FILL_AREA_STYLE(' ',(#11161)) ;
#11186=FILL_AREA_STYLE(' ',(#11185)) ;
#11210=FILL_AREA_STYLE(' ',(#11209)) ;
#11234=FILL_AREA_STYLE(' ',(#11233)) ;
#11258=FILL_AREA_STYLE(' ',(#11257)) ;
#11282=FILL_AREA_STYLE(' ',(#11281)) ;
#11306=FILL_AREA_STYLE(' ',(#11305)) ;
#11330=FILL_AREA_STYLE(' ',(#11329)) ;
#11354=FILL_AREA_STYLE(' ',(#11353)) ;
#11378=FILL_AREA_STYLE(' ',(#11377)) ;
#11402=FILL_AREA_STYLE(' ',(#11401)) ;
#11426=FILL_AREA_STYLE(' ',(#11425)) ;
#11450=FILL_AREA_STYLE(' ',(#11449)) ;
#11474=FILL_AREA_STYLE(' ',(#11473)) ;
#11498=FILL_AREA_STYLE(' ',(#11497)) ;
#11522=FILL_AREA_STYLE(' ',(#11521)) ;
#11546=FILL_AREA_STYLE(' ',(#11545)) ;
#11570=FILL_AREA_STYLE(' ',(#11569)) ;
#11594=FILL_AREA_STYLE(' ',(#11593)) ;
#11618=FILL_AREA_STYLE(' ',(#11617)) ;
#11642=FILL_AREA_STYLE(' ',(#11641)) ;
#11666=FILL_AREA_STYLE(' ',(#11665)) ;
#11690=FILL_AREA_STYLE(' ',(#11689)) ;
#11714=FILL_AREA_STYLE(' ',(#11713)) ;
#11738=FILL_AREA_STYLE(' ',(#11737)) ;
#11762=FILL_AREA_STYLE(' ',(#11761)) ;
#11786=FILL_AREA_STYLE(' ',(#11785)) ;
#11810=FILL_AREA_STYLE(' ',(#11809)) ;
#11834=FILL_AREA_STYLE(' ',(#11833)) ;
#11858=FILL_AREA_STYLE(' ',(#11857)) ;
#11882=FILL_AREA_STYLE(' ',(#11881)) ;
#11906=FILL_AREA_STYLE(' ',(#11905)) ;
#11930=FILL_AREA_STYLE(' ',(#11929)) ;
#11954=FILL_AREA_STYLE(' ',(#11953)) ;
#11978=FILL_AREA_STYLE(' ',(#11977)) ;
#12002=FILL_AREA_STYLE(' ',(#12001)) ;
#12026=FILL_AREA_STYLE(' ',(#12025)) ;
#12050=FILL_AREA_STYLE(' ',(#12049)) ;
#12074=FILL_AREA_STYLE(' ',(#12073)) ;
#12098=FILL_AREA_STYLE(' ',(#12097)) ;
#12122=FILL_AREA_STYLE(' ',(#12121)) ;
#12146=FILL_AREA_STYLE(' ',(#12145)) ;
#12165=FILL_AREA_STYLE(' ',(#12164)) ;
#12207=FILL_AREA_STYLE(' ',(#12206)) ;
#12236=FILL_AREA_STYLE(' ',(#12235)) ;
#12260=FILL_AREA_STYLE(' ',(#12259)) ;
#12284=FILL_AREA_STYLE(' ',(#12283)) ;
#12303=FILL_AREA_STYLE(' ',(#12302)) ;
#12489=FILL_AREA_STYLE(' ',(#12488)) ;
#12518=FILL_AREA_STYLE(' ',(#12517)) ;
#12542=FILL_AREA_STYLE(' ',(#12541)) ;
#12566=FILL_AREA_STYLE(' ',(#12565)) ;
#12590=FILL_AREA_STYLE(' ',(#12589)) ;
#12614=FILL_AREA_STYLE(' ',(#12613)) ;
#12638=FILL_AREA_STYLE(' ',(#12637)) ;
#12662=FILL_AREA_STYLE(' ',(#12661)) ;
#12686=FILL_AREA_STYLE(' ',(#12685)) ;
#12710=FILL_AREA_STYLE(' ',(#12709)) ;
#12734=FILL_AREA_STYLE(' ',(#12733)) ;
#12758=FILL_AREA_STYLE(' ',(#12757)) ;
#12782=FILL_AREA_STYLE(' ',(#12781)) ;
#12806=FILL_AREA_STYLE(' ',(#12805)) ;
#12830=FILL_AREA_STYLE(' ',(#12829)) ;
#12854=FILL_AREA_STYLE(' ',(#12853)) ;
#12878=FILL_AREA_STYLE(' ',(#12877)) ;
#12902=FILL_AREA_STYLE(' ',(#12901)) ;
#12926=FILL_AREA_STYLE(' ',(#12925)) ;
#12950=FILL_AREA_STYLE(' ',(#12949)) ;
#12974=FILL_AREA_STYLE(' ',(#12973)) ;
#12998=FILL_AREA_STYLE(' ',(#12997)) ;
#13017=FILL_AREA_STYLE(' ',(#13016)) ;
#13203=FILL_AREA_STYLE(' ',(#13202)) ;
#13232=FILL_AREA_STYLE(' ',(#13231)) ;
#13256=FILL_AREA_STYLE(' ',(#13255)) ;
#13280=FILL_AREA_STYLE(' ',(#13279)) ;
#13304=FILL_AREA_STYLE(' ',(#13303)) ;
#13328=FILL_AREA_STYLE(' ',(#13327)) ;
#13352=FILL_AREA_STYLE(' ',(#13351)) ;
#13376=FILL_AREA_STYLE(' ',(#13375)) ;
#13400=FILL_AREA_STYLE(' ',(#13399)) ;
#13424=FILL_AREA_STYLE(' ',(#13423)) ;
#13448=FILL_AREA_STYLE(' ',(#13447)) ;
#13472=FILL_AREA_STYLE(' ',(#13471)) ;
#13496=FILL_AREA_STYLE(' ',(#13495)) ;
#13520=FILL_AREA_STYLE(' ',(#13519)) ;
#13544=FILL_AREA_STYLE(' ',(#13543)) ;
#13568=FILL_AREA_STYLE(' ',(#13567)) ;
#13592=FILL_AREA_STYLE(' ',(#13591)) ;
#13616=FILL_AREA_STYLE(' ',(#13615)) ;
#13640=FILL_AREA_STYLE(' ',(#13639)) ;
#13664=FILL_AREA_STYLE(' ',(#13663)) ;
#13688=FILL_AREA_STYLE(' ',(#13687)) ;
#13712=FILL_AREA_STYLE(' ',(#13711)) ;
#13731=FILL_AREA_STYLE(' ',(#13730)) ;
#14013=FILL_AREA_STYLE(' ',(#14012)) ;
#14042=FILL_AREA_STYLE(' ',(#14041)) ;
#14066=FILL_AREA_STYLE(' ',(#14065)) ;
#14090=FILL_AREA_STYLE(' ',(#14089)) ;
#14114=FILL_AREA_STYLE(' ',(#14113)) ;
#14138=FILL_AREA_STYLE(' ',(#14137)) ;
#14162=FILL_AREA_STYLE(' ',(#14161)) ;
#14186=FILL_AREA_STYLE(' ',(#14185)) ;
#14210=FILL_AREA_STYLE(' ',(#14209)) ;
#14234=FILL_AREA_STYLE(' ',(#14233)) ;
#14258=FILL_AREA_STYLE(' ',(#14257)) ;
#14282=FILL_AREA_STYLE(' ',(#14281)) ;
#14306=FILL_AREA_STYLE(' ',(#14305)) ;
#14330=FILL_AREA_STYLE(' ',(#14329)) ;
#14354=FILL_AREA_STYLE(' ',(#14353)) ;
#14378=FILL_AREA_STYLE(' ',(#14377)) ;
#14402=FILL_AREA_STYLE(' ',(#14401)) ;
#14426=FILL_AREA_STYLE(' ',(#14425)) ;
#14450=FILL_AREA_STYLE(' ',(#14449)) ;
#14474=FILL_AREA_STYLE(' ',(#14473)) ;
#14498=FILL_AREA_STYLE(' ',(#14497)) ;
#14522=FILL_AREA_STYLE(' ',(#14521)) ;
#14546=FILL_AREA_STYLE(' ',(#14545)) ;
#14570=FILL_AREA_STYLE(' ',(#14569)) ;
#14594=FILL_AREA_STYLE(' ',(#14593)) ;
#14618=FILL_AREA_STYLE(' ',(#14617)) ;
#14642=FILL_AREA_STYLE(' ',(#14641)) ;
#14666=FILL_AREA_STYLE(' ',(#14665)) ;
#14690=FILL_AREA_STYLE(' ',(#14689)) ;
#14714=FILL_AREA_STYLE(' ',(#14713)) ;
#14738=FILL_AREA_STYLE(' ',(#14737)) ;
#14762=FILL_AREA_STYLE(' ',(#14761)) ;
#14786=FILL_AREA_STYLE(' ',(#14785)) ;
#14810=FILL_AREA_STYLE(' ',(#14809)) ;
#14829=FILL_AREA_STYLE(' ',(#14828)) ;
#14919=FILL_AREA_STYLE(' ',(#14918)) ;
#14948=FILL_AREA_STYLE(' ',(#14947)) ;
#14972=FILL_AREA_STYLE(' ',(#14971)) ;
#14991=FILL_AREA_STYLE(' ',(#14990)) ;
#15015=FILL_AREA_STYLE(' ',(#15014)) ;
#15034=FILL_AREA_STYLE(' ',(#15033)) ;
#15058=FILL_AREA_STYLE(' ',(#15057)) ;
#15077=FILL_AREA_STYLE(' ',(#15076)) ;
#15101=FILL_AREA_STYLE(' ',(#15100)) ;
#15120=FILL_AREA_STYLE(' ',(#15119)) ;
#15139=FILL_AREA_STYLE(' ',(#15138)) ;
#15327=FILL_AREA_STYLE(' ',(#15326)) ;
#15356=FILL_AREA_STYLE(' ',(#15355)) ;
#15370=FILL_AREA_STYLE(' ',(#15369)) ;
#15399=FILL_AREA_STYLE(' ',(#15398)) ;
#15413=FILL_AREA_STYLE(' ',(#15412)) ;
#15442=FILL_AREA_STYLE(' ',(#15441)) ;
#15456=FILL_AREA_STYLE(' ',(#15455)) ;
#15485=FILL_AREA_STYLE(' ',(#15484)) ;
#15499=FILL_AREA_STYLE(' ',(#15498)) ;
#15528=FILL_AREA_STYLE(' ',(#15527)) ;
#15542=FILL_AREA_STYLE(' ',(#15541)) ;
#15571=FILL_AREA_STYLE(' ',(#15570)) ;
#15585=FILL_AREA_STYLE(' ',(#15584)) ;
#15614=FILL_AREA_STYLE(' ',(#15613)) ;
#15628=FILL_AREA_STYLE(' ',(#15627)) ;
#15657=FILL_AREA_STYLE(' ',(#15656)) ;
#15671=FILL_AREA_STYLE(' ',(#15670)) ;
#15700=FILL_AREA_STYLE(' ',(#15699)) ;
#15714=FILL_AREA_STYLE(' ',(#15713)) ;
#15743=FILL_AREA_STYLE(' ',(#15742)) ;
#15757=FILL_AREA_STYLE(' ',(#15756)) ;
#27=FILL_AREA_STYLE_COLOUR(' ',#26) ;
#5086=FILL_AREA_STYLE_COLOUR(' ',#5085) ;
#5115=FILL_AREA_STYLE_COLOUR(' ',#5085) ;
#5139=FILL_AREA_STYLE_COLOUR(' ',#5085) ;
#5163=FILL_AREA_STYLE_COLOUR(' ',#5085) ;
#5187=FILL_AREA_STYLE_COLOUR(' ',#5085) ;
#5211=FILL_AREA_STYLE_COLOUR(' ',#5085) ;
#5235=FILL_AREA_STYLE_COLOUR(' ',#5085) ;
#5259=FILL_AREA_STYLE_COLOUR(' ',#5085) ;
#5283=FILL_AREA_STYLE_COLOUR(' ',#5085) ;
#5307=FILL_AREA_STYLE_COLOUR(' ',#5085) ;
#5331=FILL_AREA_STYLE_COLOUR(' ',#5085) ;
#5355=FILL_AREA_STYLE_COLOUR(' ',#5085) ;
#5379=FILL_AREA_STYLE_COLOUR(' ',#5085) ;
#5403=FILL_AREA_STYLE_COLOUR(' ',#5085) ;
#5427=FILL_AREA_STYLE_COLOUR(' ',#5085) ;
#5451=FILL_AREA_STYLE_COLOUR(' ',#5085) ;
#5475=FILL_AREA_STYLE_COLOUR(' ',#5085) ;
#5499=FILL_AREA_STYLE_COLOUR(' ',#5085) ;
#5523=FILL_AREA_STYLE_COLOUR(' ',#5085) ;
#5547=FILL_AREA_STYLE_COLOUR(' ',#5085) ;
#5571=FILL_AREA_STYLE_COLOUR(' ',#5085) ;
#5595=FILL_AREA_STYLE_COLOUR(' ',#5085) ;
#5619=FILL_AREA_STYLE_COLOUR(' ',#5085) ;
#5643=FILL_AREA_STYLE_COLOUR(' ',#5085) ;
#5667=FILL_AREA_STYLE_COLOUR(' ',#5085) ;
#5691=FILL_AREA_STYLE_COLOUR(' ',#5085) ;
#5710=FILL_AREA_STYLE_COLOUR(' ',#5085) ;
#5734=FILL_AREA_STYLE_COLOUR(' ',#5085) ;
#5758=FILL_AREA_STYLE_COLOUR(' ',#5085) ;
#5782=FILL_AREA_STYLE_COLOUR(' ',#5085) ;
#5806=FILL_AREA_STYLE_COLOUR(' ',#5085) ;
#5830=FILL_AREA_STYLE_COLOUR(' ',#5085) ;
#5854=FILL_AREA_STYLE_COLOUR(' ',#5085) ;
#5878=FILL_AREA_STYLE_COLOUR(' ',#5085) ;
#5902=FILL_AREA_STYLE_COLOUR(' ',#5085) ;
#5926=FILL_AREA_STYLE_COLOUR(' ',#5085) ;
#5950=FILL_AREA_STYLE_COLOUR(' ',#5085) ;
#5974=FILL_AREA_STYLE_COLOUR(' ',#5085) ;
#5998=FILL_AREA_STYLE_COLOUR(' ',#5085) ;
#6022=FILL_AREA_STYLE_COLOUR(' ',#5085) ;
#6046=FILL_AREA_STYLE_COLOUR(' ',#5085) ;
#6070=FILL_AREA_STYLE_COLOUR(' ',#5085) ;
#6094=FILL_AREA_STYLE_COLOUR(' ',#5085) ;
#6118=FILL_AREA_STYLE_COLOUR(' ',#5085) ;
#6142=FILL_AREA_STYLE_COLOUR(' ',#5085) ;
#6166=FILL_AREA_STYLE_COLOUR(' ',#5085) ;
#6190=FILL_AREA_STYLE_COLOUR(' ',#5085) ;
#6214=FILL_AREA_STYLE_COLOUR(' ',#5085) ;
#6233=FILL_AREA_STYLE_COLOUR(' ',#5085) ;
#6257=FILL_AREA_STYLE_COLOUR(' ',#5085) ;
#6281=FILL_AREA_STYLE_COLOUR(' ',#5085) ;
#6305=FILL_AREA_STYLE_COLOUR(' ',#5085) ;
#6329=FILL_AREA_STYLE_COLOUR(' ',#5085) ;
#6353=FILL_AREA_STYLE_COLOUR(' ',#5085) ;
#6377=FILL_AREA_STYLE_COLOUR(' ',#5085) ;
#6401=FILL_AREA_STYLE_COLOUR(' ',#5085) ;
#6425=FILL_AREA_STYLE_COLOUR(' ',#5085) ;
#6449=FILL_AREA_STYLE_COLOUR(' ',#5085) ;
#6473=FILL_AREA_STYLE_COLOUR(' ',#5085) ;
#6497=FILL_AREA_STYLE_COLOUR(' ',#5085) ;
#6521=FILL_AREA_STYLE_COLOUR(' ',#5085) ;
#6545=FILL_AREA_STYLE_COLOUR(' ',#5085) ;
#6569=FILL_AREA_STYLE_COLOUR(' ',#5085) ;
#6593=FILL_AREA_STYLE_COLOUR(' ',#5085) ;
#6617=FILL_AREA_STYLE_COLOUR(' ',#5085) ;
#6641=FILL_AREA_STYLE_COLOUR(' ',#5085) ;
#6665=FILL_AREA_STYLE_COLOUR(' ',#5085) ;
#6689=FILL_AREA_STYLE_COLOUR(' ',#5085) ;
#6713=FILL_AREA_STYLE_COLOUR(' ',#5085) ;
#6737=FILL_AREA_STYLE_COLOUR(' ',#5085) ;
#6761=FILL_AREA_STYLE_COLOUR(' ',#5085) ;
#6785=FILL_AREA_STYLE_COLOUR(' ',#5085) ;
#6809=FILL_AREA_STYLE_COLOUR(' ',#5085) ;
#6833=FILL_AREA_STYLE_COLOUR(' ',#5085) ;
#6857=FILL_AREA_STYLE_COLOUR(' ',#5085) ;
#6881=FILL_AREA_STYLE_COLOUR(' ',#5085) ;
#6905=FILL_AREA_STYLE_COLOUR(' ',#5085) ;
#6929=FILL_AREA_STYLE_COLOUR(' ',#5085) ;
#6953=FILL_AREA_STYLE_COLOUR(' ',#5085) ;
#6977=FILL_AREA_STYLE_COLOUR(' ',#5085) ;
#7001=FILL_AREA_STYLE_COLOUR(' ',#5085) ;
#7025=FILL_AREA_STYLE_COLOUR(' ',#5085) ;
#7049=FILL_AREA_STYLE_COLOUR(' ',#5085) ;
#7073=FILL_AREA_STYLE_COLOUR(' ',#5085) ;
#7097=FILL_AREA_STYLE_COLOUR(' ',#5085) ;
#7121=FILL_AREA_STYLE_COLOUR(' ',#5085) ;
#7145=FILL_AREA_STYLE_COLOUR(' ',#5085) ;
#7169=FILL_AREA_STYLE_COLOUR(' ',#5085) ;
#7193=FILL_AREA_STYLE_COLOUR(' ',#5085) ;
#7217=FILL_AREA_STYLE_COLOUR(' ',#5085) ;
#7241=FILL_AREA_STYLE_COLOUR(' ',#5085) ;
#7265=FILL_AREA_STYLE_COLOUR(' ',#5085) ;
#7289=FILL_AREA_STYLE_COLOUR(' ',#5085) ;
#7313=FILL_AREA_STYLE_COLOUR(' ',#5085) ;
#7337=FILL_AREA_STYLE_COLOUR(' ',#5085) ;
#7356=FILL_AREA_STYLE_COLOUR(' ',#5085) ;
#7375=FILL_AREA_STYLE_COLOUR(' ',#5085) ;
#7399=FILL_AREA_STYLE_COLOUR(' ',#5085) ;
#7423=FILL_AREA_STYLE_COLOUR(' ',#5085) ;
#7447=FILL_AREA_STYLE_COLOUR(' ',#5085) ;
#7471=FILL_AREA_STYLE_COLOUR(' ',#5085) ;
#7495=FILL_AREA_STYLE_COLOUR(' ',#5085) ;
#7519=FILL_AREA_STYLE_COLOUR(' ',#5085) ;
#7543=FILL_AREA_STYLE_COLOUR(' ',#5085) ;
#7567=FILL_AREA_STYLE_COLOUR(' ',#5085) ;
#7591=FILL_AREA_STYLE_COLOUR(' ',#5085) ;
#7615=FILL_AREA_STYLE_COLOUR(' ',#5085) ;
#7639=FILL_AREA_STYLE_COLOUR(' ',#5085) ;
#7663=FILL_AREA_STYLE_COLOUR(' ',#5085) ;
#7687=FILL_AREA_STYLE_COLOUR(' ',#5085) ;
#7711=FILL_AREA_STYLE_COLOUR(' ',#5085) ;
#7735=FILL_AREA_STYLE_COLOUR(' ',#5085) ;
#7759=FILL_AREA_STYLE_COLOUR(' ',#5085) ;
#7783=FILL_AREA_STYLE_COLOUR(' ',#5085) ;
#7807=FILL_AREA_STYLE_COLOUR(' ',#5085) ;
#7831=FILL_AREA_STYLE_COLOUR(' ',#5085) ;
#7855=FILL_AREA_STYLE_COLOUR(' ',#5085) ;
#7879=FILL_AREA_STYLE_COLOUR(' ',#5085) ;
#7903=FILL_AREA_STYLE_COLOUR(' ',#5085) ;
#7927=FILL_AREA_STYLE_COLOUR(' ',#5085) ;
#7951=FILL_AREA_STYLE_COLOUR(' ',#5085) ;
#7975=FILL_AREA_STYLE_COLOUR(' ',#5085) ;
#7999=FILL_AREA_STYLE_COLOUR(' ',#5085) ;
#8023=FILL_AREA_STYLE_COLOUR(' ',#5085) ;
#8047=FILL_AREA_STYLE_COLOUR(' ',#5085) ;
#8071=FILL_AREA_STYLE_COLOUR(' ',#5085) ;
#8095=FILL_AREA_STYLE_COLOUR(' ',#5085) ;
#8119=FILL_AREA_STYLE_COLOUR(' ',#5085) ;
#8143=FILL_AREA_STYLE_COLOUR(' ',#5085) ;
#8167=FILL_AREA_STYLE_COLOUR(' ',#5085) ;
#8191=FILL_AREA_STYLE_COLOUR(' ',#5085) ;
#8215=FILL_AREA_STYLE_COLOUR(' ',#5085) ;
#8239=FILL_AREA_STYLE_COLOUR(' ',#5085) ;
#8263=FILL_AREA_STYLE_COLOUR(' ',#5085) ;
#8287=FILL_AREA_STYLE_COLOUR(' ',#5085) ;
#8311=FILL_AREA_STYLE_COLOUR(' ',#5085) ;
#8335=FILL_AREA_STYLE_COLOUR(' ',#5085) ;
#8359=FILL_AREA_STYLE_COLOUR(' ',#5085) ;
#8378=FILL_AREA_STYLE_COLOUR(' ',#5085) ;
#9332=FILL_AREA_STYLE_COLOUR(' ',#5085) ;
#9361=FILL_AREA_STYLE_COLOUR(' ',#5085) ;
#9385=FILL_AREA_STYLE_COLOUR(' ',#5085) ;
#9409=FILL_AREA_STYLE_COLOUR(' ',#5085) ;
#9433=FILL_AREA_STYLE_COLOUR(' ',#5085) ;
#9457=FILL_AREA_STYLE_COLOUR(' ',#5085) ;
#9481=FILL_AREA_STYLE_COLOUR(' ',#5085) ;
#9505=FILL_AREA_STYLE_COLOUR(' ',#5085) ;
#9529=FILL_AREA_STYLE_COLOUR(' ',#5085) ;
#9553=FILL_AREA_STYLE_COLOUR(' ',#5085) ;
#9577=FILL_AREA_STYLE_COLOUR(' ',#5085) ;
#9601=FILL_AREA_STYLE_COLOUR(' ',#5085) ;
#9625=FILL_AREA_STYLE_COLOUR(' ',#5085) ;
#9649=FILL_AREA_STYLE_COLOUR(' ',#5085) ;
#9673=FILL_AREA_STYLE_COLOUR(' ',#5085) ;
#9697=FILL_AREA_STYLE_COLOUR(' ',#5085) ;
#9721=FILL_AREA_STYLE_COLOUR(' ',#5085) ;
#9745=FILL_AREA_STYLE_COLOUR(' ',#5085) ;
#9769=FILL_AREA_STYLE_COLOUR(' ',#5085) ;
#9793=FILL_AREA_STYLE_COLOUR(' ',#5085) ;
#9817=FILL_AREA_STYLE_COLOUR(' ',#5085) ;
#9841=FILL_AREA_STYLE_COLOUR(' ',#5085) ;
#9865=FILL_AREA_STYLE_COLOUR(' ',#5085) ;
#9889=FILL_AREA_STYLE_COLOUR(' ',#5085) ;
#9913=FILL_AREA_STYLE_COLOUR(' ',#5085) ;
#9937=FILL_AREA_STYLE_COLOUR(' ',#5085) ;
#9961=FILL_AREA_STYLE_COLOUR(' ',#5085) ;
#9985=FILL_AREA_STYLE_COLOUR(' ',#5085) ;
#10009=FILL_AREA_STYLE_COLOUR(' ',#5085) ;
#10033=FILL_AREA_STYLE_COLOUR(' ',#5085) ;
#10057=FILL_AREA_STYLE_COLOUR(' ',#5085) ;
#10081=FILL_AREA_STYLE_COLOUR(' ',#5085) ;
#10105=FILL_AREA_STYLE_COLOUR(' ',#5085) ;
#10129=FILL_AREA_STYLE_COLOUR(' ',#5085) ;
#10153=FILL_AREA_STYLE_COLOUR(' ',#5085) ;
#10177=FILL_AREA_STYLE_COLOUR(' ',#5085) ;
#10201=FILL_AREA_STYLE_COLOUR(' ',#5085) ;
#10225=FILL_AREA_STYLE_COLOUR(' ',#5085) ;
#10249=FILL_AREA_STYLE_COLOUR(' ',#5085) ;
#10273=FILL_AREA_STYLE_COLOUR(' ',#5085) ;
#10297=FILL_AREA_STYLE_COLOUR(' ',#5085) ;
#10321=FILL_AREA_STYLE_COLOUR(' ',#5085) ;
#10345=FILL_AREA_STYLE_COLOUR(' ',#5085) ;
#10369=FILL_AREA_STYLE_COLOUR(' ',#5085) ;
#10393=FILL_AREA_STYLE_COLOUR(' ',#5085) ;
#10417=FILL_AREA_STYLE_COLOUR(' ',#5085) ;
#10441=FILL_AREA_STYLE_COLOUR(' ',#5085) ;
#10465=FILL_AREA_STYLE_COLOUR(' ',#5085) ;
#10489=FILL_AREA_STYLE_COLOUR(' ',#5085) ;
#10513=FILL_AREA_STYLE_COLOUR(' ',#5085) ;
#10537=FILL_AREA_STYLE_COLOUR(' ',#5085) ;
#10561=FILL_AREA_STYLE_COLOUR(' ',#5085) ;
#10585=FILL_AREA_STYLE_COLOUR(' ',#5085) ;
#10609=FILL_AREA_STYLE_COLOUR(' ',#5085) ;
#10633=FILL_AREA_STYLE_COLOUR(' ',#5085) ;
#10657=FILL_AREA_STYLE_COLOUR(' ',#5085) ;
#10681=FILL_AREA_STYLE_COLOUR(' ',#5085) ;
#10705=FILL_AREA_STYLE_COLOUR(' ',#5085) ;
#10729=FILL_AREA_STYLE_COLOUR(' ',#5085) ;
#10753=FILL_AREA_STYLE_COLOUR(' ',#5085) ;
#10777=FILL_AREA_STYLE_COLOUR(' ',#5085) ;
#10801=FILL_AREA_STYLE_COLOUR(' ',#5085) ;
#10825=FILL_AREA_STYLE_COLOUR(' ',#5085) ;
#10849=FILL_AREA_STYLE_COLOUR(' ',#5085) ;
#10873=FILL_AREA_STYLE_COLOUR(' ',#5085) ;
#10897=FILL_AREA_STYLE_COLOUR(' ',#5085) ;
#10921=FILL_AREA_STYLE_COLOUR(' ',#5085) ;
#10945=FILL_AREA_STYLE_COLOUR(' ',#5085) ;
#10969=FILL_AREA_STYLE_COLOUR(' ',#5085) ;
#10993=FILL_AREA_STYLE_COLOUR(' ',#5085) ;
#11017=FILL_AREA_STYLE_COLOUR(' ',#5085) ;
#11041=FILL_AREA_STYLE_COLOUR(' ',#5085) ;
#11065=FILL_AREA_STYLE_COLOUR(' ',#5085) ;
#11089=FILL_AREA_STYLE_COLOUR(' ',#5085) ;
#11113=FILL_AREA_STYLE_COLOUR(' ',#5085) ;
#11137=FILL_AREA_STYLE_COLOUR(' ',#5085) ;
#11161=FILL_AREA_STYLE_COLOUR(' ',#5085) ;
#11185=FILL_AREA_STYLE_COLOUR(' ',#5085) ;
#11209=FILL_AREA_STYLE_COLOUR(' ',#5085) ;
#11233=FILL_AREA_STYLE_COLOUR(' ',#5085) ;
#11257=FILL_AREA_STYLE_COLOUR(' ',#5085) ;
#11281=FILL_AREA_STYLE_COLOUR(' ',#5085) ;
#11305=FILL_AREA_STYLE_COLOUR(' ',#5085) ;
#11329=FILL_AREA_STYLE_COLOUR(' ',#5085) ;
#11353=FILL_AREA_STYLE_COLOUR(' ',#5085) ;
#11377=FILL_AREA_STYLE_COLOUR(' ',#5085) ;
#11401=FILL_AREA_STYLE_COLOUR(' ',#5085) ;
#11425=FILL_AREA_STYLE_COLOUR(' ',#5085) ;
#11449=FILL_AREA_STYLE_COLOUR(' ',#5085) ;
#11473=FILL_AREA_STYLE_COLOUR(' ',#5085) ;
#11497=FILL_AREA_STYLE_COLOUR(' ',#5085) ;
#11521=FILL_AREA_STYLE_COLOUR(' ',#5085) ;
#11545=FILL_AREA_STYLE_COLOUR(' ',#5085) ;
#11569=FILL_AREA_STYLE_COLOUR(' ',#5085) ;
#11593=FILL_AREA_STYLE_COLOUR(' ',#5085) ;
#11617=FILL_AREA_STYLE_COLOUR(' ',#5085) ;
#11641=FILL_AREA_STYLE_COLOUR(' ',#5085) ;
#11665=FILL_AREA_STYLE_COLOUR(' ',#5085) ;
#11689=FILL_AREA_STYLE_COLOUR(' ',#5085) ;
#11713=FILL_AREA_STYLE_COLOUR(' ',#5085) ;
#11737=FILL_AREA_STYLE_COLOUR(' ',#5085) ;
#11761=FILL_AREA_STYLE_COLOUR(' ',#5085) ;
#11785=FILL_AREA_STYLE_COLOUR(' ',#5085) ;
#11809=FILL_AREA_STYLE_COLOUR(' ',#5085) ;
#11833=FILL_AREA_STYLE_COLOUR(' ',#5085) ;
#11857=FILL_AREA_STYLE_COLOUR(' ',#5085) ;
#11881=FILL_AREA_STYLE_COLOUR(' ',#5085) ;
#11905=FILL_AREA_STYLE_COLOUR(' ',#5085) ;
#11929=FILL_AREA_STYLE_COLOUR(' ',#5085) ;
#11953=FILL_AREA_STYLE_COLOUR(' ',#5085) ;
#11977=FILL_AREA_STYLE_COLOUR(' ',#5085) ;
#12001=FILL_AREA_STYLE_COLOUR(' ',#5085) ;
#12025=FILL_AREA_STYLE_COLOUR(' ',#5085) ;
#12049=FILL_AREA_STYLE_COLOUR(' ',#5085) ;
#12073=FILL_AREA_STYLE_COLOUR(' ',#5085) ;
#12097=FILL_AREA_STYLE_COLOUR(' ',#5085) ;
#12121=FILL_AREA_STYLE_COLOUR(' ',#5085) ;
#12145=FILL_AREA_STYLE_COLOUR(' ',#5085) ;
#12164=FILL_AREA_STYLE_COLOUR(' ',#5085) ;
#12206=FILL_AREA_STYLE_COLOUR(' ',#5085) ;
#12235=FILL_AREA_STYLE_COLOUR(' ',#5085) ;
#12259=FILL_AREA_STYLE_COLOUR(' ',#5085) ;
#12283=FILL_AREA_STYLE_COLOUR(' ',#5085) ;
#12302=FILL_AREA_STYLE_COLOUR(' ',#5085) ;
#12488=FILL_AREA_STYLE_COLOUR(' ',#5085) ;
#12517=FILL_AREA_STYLE_COLOUR(' ',#5085) ;
#12541=FILL_AREA_STYLE_COLOUR(' ',#5085) ;
#12565=FILL_AREA_STYLE_COLOUR(' ',#5085) ;
#12589=FILL_AREA_STYLE_COLOUR(' ',#5085) ;
#12613=FILL_AREA_STYLE_COLOUR(' ',#5085) ;
#12637=FILL_AREA_STYLE_COLOUR(' ',#5085) ;
#12661=FILL_AREA_STYLE_COLOUR(' ',#5085) ;
#12685=FILL_AREA_STYLE_COLOUR(' ',#5085) ;
#12709=FILL_AREA_STYLE_COLOUR(' ',#5085) ;
#12733=FILL_AREA_STYLE_COLOUR(' ',#5085) ;
#12757=FILL_AREA_STYLE_COLOUR(' ',#5085) ;
#12781=FILL_AREA_STYLE_COLOUR(' ',#5085) ;
#12805=FILL_AREA_STYLE_COLOUR(' ',#5085) ;
#12829=FILL_AREA_STYLE_COLOUR(' ',#5085) ;
#12853=FILL_AREA_STYLE_COLOUR(' ',#5085) ;
#12877=FILL_AREA_STYLE_COLOUR(' ',#5085) ;
#12901=FILL_AREA_STYLE_COLOUR(' ',#5085) ;
#12925=FILL_AREA_STYLE_COLOUR(' ',#5085) ;
#12949=FILL_AREA_STYLE_COLOUR(' ',#5085) ;
#12973=FILL_AREA_STYLE_COLOUR(' ',#5085) ;
#12997=FILL_AREA_STYLE_COLOUR(' ',#5085) ;
#13016=FILL_AREA_STYLE_COLOUR(' ',#5085) ;
#13202=FILL_AREA_STYLE_COLOUR(' ',#5085) ;
#13231=FILL_AREA_STYLE_COLOUR(' ',#5085) ;
#13255=FILL_AREA_STYLE_COLOUR(' ',#5085) ;
#13279=FILL_AREA_STYLE_COLOUR(' ',#5085) ;
#13303=FILL_AREA_STYLE_COLOUR(' ',#5085) ;
#13327=FILL_AREA_STYLE_COLOUR(' ',#5085) ;
#13351=FILL_AREA_STYLE_COLOUR(' ',#5085) ;
#13375=FILL_AREA_STYLE_COLOUR(' ',#5085) ;
#13399=FILL_AREA_STYLE_COLOUR(' ',#5085) ;
#13423=FILL_AREA_STYLE_COLOUR(' ',#5085) ;
#13447=FILL_AREA_STYLE_COLOUR(' ',#5085) ;
#13471=FILL_AREA_STYLE_COLOUR(' ',#5085) ;
#13495=FILL_AREA_STYLE_COLOUR(' ',#5085) ;
#13519=FILL_AREA_STYLE_COLOUR(' ',#5085) ;
#13543=FILL_AREA_STYLE_COLOUR(' ',#5085) ;
#13567=FILL_AREA_STYLE_COLOUR(' ',#5085) ;
#13591=FILL_AREA_STYLE_COLOUR(' ',#5085) ;
#13615=FILL_AREA_STYLE_COLOUR(' ',#5085) ;
#13639=FILL_AREA_STYLE_COLOUR(' ',#5085) ;
#13663=FILL_AREA_STYLE_COLOUR(' ',#5085) ;
#13687=FILL_AREA_STYLE_COLOUR(' ',#5085) ;
#13711=FILL_AREA_STYLE_COLOUR(' ',#5085) ;
#13730=FILL_AREA_STYLE_COLOUR(' ',#5085) ;
#14012=FILL_AREA_STYLE_COLOUR(' ',#5085) ;
#14041=FILL_AREA_STYLE_COLOUR(' ',#5085) ;
#14065=FILL_AREA_STYLE_COLOUR(' ',#5085) ;
#14089=FILL_AREA_STYLE_COLOUR(' ',#5085) ;
#14113=FILL_AREA_STYLE_COLOUR(' ',#5085) ;
#14137=FILL_AREA_STYLE_COLOUR(' ',#5085) ;
#14161=FILL_AREA_STYLE_COLOUR(' ',#5085) ;
#14185=FILL_AREA_STYLE_COLOUR(' ',#5085) ;
#14209=FILL_AREA_STYLE_COLOUR(' ',#5085) ;
#14233=FILL_AREA_STYLE_COLOUR(' ',#5085) ;
#14257=FILL_AREA_STYLE_COLOUR(' ',#5085) ;
#14281=FILL_AREA_STYLE_COLOUR(' ',#5085) ;
#14305=FILL_AREA_STYLE_COLOUR(' ',#5085) ;
#14329=FILL_AREA_STYLE_COLOUR(' ',#5085) ;
#14353=FILL_AREA_STYLE_COLOUR(' ',#5085) ;
#14377=FILL_AREA_STYLE_COLOUR(' ',#5085) ;
#14401=FILL_AREA_STYLE_COLOUR(' ',#5085) ;
#14425=FILL_AREA_STYLE_COLOUR(' ',#5085) ;
#14449=FILL_AREA_STYLE_COLOUR(' ',#5085) ;
#14473=FILL_AREA_STYLE_COLOUR(' ',#5085) ;
#14497=FILL_AREA_STYLE_COLOUR(' ',#5085) ;
#14521=FILL_AREA_STYLE_COLOUR(' ',#5085) ;
#14545=FILL_AREA_STYLE_COLOUR(' ',#5085) ;
#14569=FILL_AREA_STYLE_COLOUR(' ',#5085) ;
#14593=FILL_AREA_STYLE_COLOUR(' ',#5085) ;
#14617=FILL_AREA_STYLE_COLOUR(' ',#5085) ;
#14641=FILL_AREA_STYLE_COLOUR(' ',#5085) ;
#14665=FILL_AREA_STYLE_COLOUR(' ',#5085) ;
#14689=FILL_AREA_STYLE_COLOUR(' ',#5085) ;
#14713=FILL_AREA_STYLE_COLOUR(' ',#5085) ;
#14737=FILL_AREA_STYLE_COLOUR(' ',#5085) ;
#14761=FILL_AREA_STYLE_COLOUR(' ',#5085) ;
#14785=FILL_AREA_STYLE_COLOUR(' ',#5085) ;
#14809=FILL_AREA_STYLE_COLOUR(' ',#5085) ;
#14828=FILL_AREA_STYLE_COLOUR(' ',#5085) ;
#14918=FILL_AREA_STYLE_COLOUR(' ',#5085) ;
#14947=FILL_AREA_STYLE_COLOUR(' ',#5085) ;
#14971=FILL_AREA_STYLE_COLOUR(' ',#5085) ;
#14990=FILL_AREA_STYLE_COLOUR(' ',#5085) ;
#15014=FILL_AREA_STYLE_COLOUR(' ',#5085) ;
#15033=FILL_AREA_STYLE_COLOUR(' ',#5085) ;
#15057=FILL_AREA_STYLE_COLOUR(' ',#5085) ;
#15076=FILL_AREA_STYLE_COLOUR(' ',#5085) ;
#15100=FILL_AREA_STYLE_COLOUR(' ',#5085) ;
#15119=FILL_AREA_STYLE_COLOUR(' ',#5085) ;
#15138=FILL_AREA_STYLE_COLOUR(' ',#5085) ;
#15326=FILL_AREA_STYLE_COLOUR(' ',#5085) ;
#15355=FILL_AREA_STYLE_COLOUR(' ',#5085) ;
#15369=FILL_AREA_STYLE_COLOUR(' ',#5085) ;
#15398=FILL_AREA_STYLE_COLOUR(' ',#5085) ;
#15412=FILL_AREA_STYLE_COLOUR(' ',#5085) ;
#15441=FILL_AREA_STYLE_COLOUR(' ',#5085) ;
#15455=FILL_AREA_STYLE_COLOUR(' ',#5085) ;
#15484=FILL_AREA_STYLE_COLOUR(' ',#5085) ;
#15498=FILL_AREA_STYLE_COLOUR(' ',#5085) ;
#15527=FILL_AREA_STYLE_COLOUR(' ',#5085) ;
#15541=FILL_AREA_STYLE_COLOUR(' ',#5085) ;
#15570=FILL_AREA_STYLE_COLOUR(' ',#5085) ;
#15584=FILL_AREA_STYLE_COLOUR(' ',#5085) ;
#15613=FILL_AREA_STYLE_COLOUR(' ',#5085) ;
#15627=FILL_AREA_STYLE_COLOUR(' ',#5085) ;
#15656=FILL_AREA_STYLE_COLOUR(' ',#5085) ;
#15670=FILL_AREA_STYLE_COLOUR(' ',#5085) ;
#15699=FILL_AREA_STYLE_COLOUR(' ',#5085) ;
#15713=FILL_AREA_STYLE_COLOUR(' ',#5085) ;
#15742=FILL_AREA_STYLE_COLOUR(' ',#5085) ;
#15756=FILL_AREA_STYLE_COLOUR(' ',#5085) ;
#42=VECTOR('Line Direction',#41,0.0393700787402) ;
#58=VECTOR('Line Direction',#57,0.0393700787402) ;
#108=VECTOR('Line Direction',#107,0.0393700787402) ;
#122=VECTOR('Line Direction',#121,0.0393700787402) ;
#213=VECTOR('Line Direction',#212,0.0393700787402) ;
#227=VECTOR('Line Direction',#226,0.0393700787402) ;
#256=VECTOR('Line Direction',#255,0.0393700787402) ;
#263=VECTOR('Line Direction',#262,0.0393700787402) ;
#315=VECTOR('Line Direction',#314,0.0393700787402) ;
#329=VECTOR('Line Direction',#328,0.0393700787402) ;
#356=VECTOR('Line Direction',#355,0.0393700787402) ;
#370=VECTOR('Line Direction',#369,0.0393700787402) ;
#459=VECTOR('Line Direction',#458,0.0393700787402) ;
#473=VECTOR('Line Direction',#472,0.0393700787402) ;
#646=VECTOR('Line Direction',#645,0.0393700787402) ;
#653=VECTOR('Line Direction',#652,0.0393700787402) ;
#689=VECTOR('Line Direction',#688,0.0393700787402) ;
#696=VECTOR('Line Direction',#695,0.0393700787402) ;
#732=VECTOR('Line Direction',#731,0.0393700787402) ;
#739=VECTOR('Line Direction',#738,0.0393700787402) ;
#775=VECTOR('Line Direction',#774,0.0393700787402) ;
#782=VECTOR('Line Direction',#781,0.0393700787402) ;
#818=VECTOR('Line Direction',#817,0.0393700787402) ;
#825=VECTOR('Line Direction',#824,0.0393700787402) ;
#861=VECTOR('Line Direction',#860,0.0393700787402) ;
#868=VECTOR('Line Direction',#867,0.0393700787402) ;
#904=VECTOR('Line Direction',#903,0.0393700787402) ;
#911=VECTOR('Line Direction',#910,0.0393700787402) ;
#1024=VECTOR('Line Direction',#1023,0.0393700787402) ;
#1033=VECTOR('Line Direction',#1032,0.0393700787402) ;
#1040=VECTOR('Line Direction',#1039,0.0393700787402) ;
#1047=VECTOR('Line Direction',#1046,0.0393700787402) ;
#1054=VECTOR('Line Direction',#1053,0.0393700787402) ;
#1061=VECTOR('Line Direction',#1060,0.0393700787402) ;
#1068=VECTOR('Line Direction',#1067,0.0393700787402) ;
#1075=VECTOR('Line Direction',#1074,0.0393700787402) ;
#1082=VECTOR('Line Direction',#1081,0.0393700787402) ;
#1089=VECTOR('Line Direction',#1088,0.0393700787402) ;
#1096=VECTOR('Line Direction',#1095,0.0393700787402) ;
#1103=VECTOR('Line Direction',#1102,0.0393700787402) ;
#1110=VECTOR('Line Direction',#1109,0.0393700787402) ;
#1117=VECTOR('Line Direction',#1116,0.0393700787402) ;
#1124=VECTOR('Line Direction',#1123,0.0393700787402) ;
#1131=VECTOR('Line Direction',#1130,0.0393700787402) ;
#1138=VECTOR('Line Direction',#1137,0.0393700787402) ;
#1145=VECTOR('Line Direction',#1144,0.0393700787402) ;
#1152=VECTOR('Line Direction',#1151,0.0393700787402) ;
#1159=VECTOR('Line Direction',#1158,0.0393700787402) ;
#1166=VECTOR('Line Direction',#1165,0.0393700787402) ;
#1173=VECTOR('Line Direction',#1172,0.0393700787402) ;
#1180=VECTOR('Line Direction',#1179,0.0393700787402) ;
#1187=VECTOR('Line Direction',#1186,0.0393700787402) ;
#1194=VECTOR('Line Direction',#1193,0.0393700787402) ;
#1201=VECTOR('Line Direction',#1200,0.0393700787402) ;
#1208=VECTOR('Line Direction',#1207,0.0393700787402) ;
#1215=VECTOR('Line Direction',#1214,0.0393700787402) ;
#1222=VECTOR('Line Direction',#1221,0.0393700787402) ;
#1229=VECTOR('Line Direction',#1228,0.0393700787402) ;
#1236=VECTOR('Line Direction',#1235,0.0393700787402) ;
#1243=VECTOR('Line Direction',#1242,0.0393700787402) ;
#1250=VECTOR('Line Direction',#1249,0.0393700787402) ;
#1257=VECTOR('Line Direction',#1256,0.0393700787402) ;
#1264=VECTOR('Line Direction',#1263,0.0393700787402) ;
#1271=VECTOR('Line Direction',#1270,0.0393700787402) ;
#1278=VECTOR('Line Direction',#1277,0.0393700787402) ;
#1285=VECTOR('Line Direction',#1284,0.0393700787402) ;
#1292=VECTOR('Line Direction',#1291,0.0393700787402) ;
#1299=VECTOR('Line Direction',#1298,0.0393700787402) ;
#1306=VECTOR('Line Direction',#1305,0.0393700787402) ;
#1313=VECTOR('Line Direction',#1312,0.0393700787402) ;
#1320=VECTOR('Line Direction',#1319,0.0393700787402) ;
#1327=VECTOR('Line Direction',#1326,0.0393700787402) ;
#1334=VECTOR('Line Direction',#1333,0.0393700787402) ;
#1341=VECTOR('Line Direction',#1340,0.0393700787402) ;
#1348=VECTOR('Line Direction',#1347,0.0393700787402) ;
#1355=VECTOR('Line Direction',#1354,0.0393700787402) ;
#1362=VECTOR('Line Direction',#1361,0.0393700787402) ;
#1369=VECTOR('Line Direction',#1368,0.0393700787402) ;
#1376=VECTOR('Line Direction',#1375,0.0393700787402) ;
#1383=VECTOR('Line Direction',#1382,0.0393700787402) ;
#1390=VECTOR('Line Direction',#1389,0.0393700787402) ;
#1397=VECTOR('Line Direction',#1396,0.0393700787402) ;
#1404=VECTOR('Line Direction',#1403,0.0393700787402) ;
#1411=VECTOR('Line Direction',#1410,0.0393700787402) ;
#1418=VECTOR('Line Direction',#1417,0.0393700787402) ;
#1425=VECTOR('Line Direction',#1424,0.0393700787402) ;
#1432=VECTOR('Line Direction',#1431,0.0393700787402) ;
#1439=VECTOR('Line Direction',#1438,0.0393700787402) ;
#1446=VECTOR('Line Direction',#1445,0.0393700787402) ;
#1453=VECTOR('Line Direction',#1452,0.0393700787402) ;
#1460=VECTOR('Line Direction',#1459,0.0393700787402) ;
#1467=VECTOR('Line Direction',#1466,0.0393700787402) ;
#1474=VECTOR('Line Direction',#1473,0.0393700787402) ;
#1481=VECTOR('Line Direction',#1480,0.0393700787402) ;
#1488=VECTOR('Line Direction',#1487,0.0393700787402) ;
#1495=VECTOR('Line Direction',#1494,0.0393700787402) ;
#1502=VECTOR('Line Direction',#1501,0.0393700787402) ;
#1509=VECTOR('Line Direction',#1508,0.0393700787402) ;
#1516=VECTOR('Line Direction',#1515,0.0393700787402) ;
#1523=VECTOR('Line Direction',#1522,0.0393700787402) ;
#1530=VECTOR('Line Direction',#1529,0.0393700787402) ;
#1537=VECTOR('Line Direction',#1536,0.0393700787402) ;
#1544=VECTOR('Line Direction',#1543,0.0393700787402) ;
#1551=VECTOR('Line Direction',#1550,0.0393700787402) ;
#1558=VECTOR('Line Direction',#1557,0.0393700787402) ;
#1565=VECTOR('Line Direction',#1564,0.0393700787402) ;
#1572=VECTOR('Line Direction',#1571,0.0393700787402) ;
#1579=VECTOR('Line Direction',#1578,0.0393700787402) ;
#1586=VECTOR('Line Direction',#1585,0.0393700787402) ;
#1593=VECTOR('Line Direction',#1592,0.0393700787402) ;
#1600=VECTOR('Line Direction',#1599,0.0393700787402) ;
#1607=VECTOR('Line Direction',#1606,0.0393700787402) ;
#1614=VECTOR('Line Direction',#1613,0.0393700787402) ;
#1621=VECTOR('Line Direction',#1620,0.0393700787402) ;
#1628=VECTOR('Line Direction',#1627,0.0393700787402) ;
#1635=VECTOR('Line Direction',#1634,0.0393700787402) ;
#1642=VECTOR('Line Direction',#1641,0.0393700787402) ;
#1649=VECTOR('Line Direction',#1648,0.0393700787402) ;
#1656=VECTOR('Line Direction',#1655,0.0393700787402) ;
#1663=VECTOR('Line Direction',#1662,0.0393700787402) ;
#1670=VECTOR('Line Direction',#1669,0.0393700787402) ;
#1677=VECTOR('Line Direction',#1676,0.0393700787402) ;
#1684=VECTOR('Line Direction',#1683,0.0393700787402) ;
#1691=VECTOR('Line Direction',#1690,0.0393700787402) ;
#1698=VECTOR('Line Direction',#1697,0.0393700787402) ;
#1705=VECTOR('Line Direction',#1704,0.0393700787402) ;
#1712=VECTOR('Line Direction',#1711,0.0393700787402) ;
#1719=VECTOR('Line Direction',#1718,0.0393700787402) ;
#1726=VECTOR('Line Direction',#1725,0.0393700787402) ;
#1733=VECTOR('Line Direction',#1732,0.0393700787402) ;
#1740=VECTOR('Line Direction',#1739,0.0393700787402) ;
#1747=VECTOR('Line Direction',#1746,0.0393700787402) ;
#1754=VECTOR('Line Direction',#1753,0.0393700787402) ;
#1761=VECTOR('Line Direction',#1760,0.0393700787402) ;
#1768=VECTOR('Line Direction',#1767,0.0393700787402) ;
#1775=VECTOR('Line Direction',#1774,0.0393700787402) ;
#1782=VECTOR('Line Direction',#1781,0.0393700787402) ;
#1789=VECTOR('Line Direction',#1788,0.0393700787402) ;
#1796=VECTOR('Line Direction',#1795,0.0393700787402) ;
#1803=VECTOR('Line Direction',#1802,0.0393700787402) ;
#1810=VECTOR('Line Direction',#1809,0.0393700787402) ;
#1817=VECTOR('Line Direction',#1816,0.0393700787402) ;
#1824=VECTOR('Line Direction',#1823,0.0393700787402) ;
#1831=VECTOR('Line Direction',#1830,0.0393700787402) ;
#1838=VECTOR('Line Direction',#1837,0.0393700787402) ;
#1845=VECTOR('Line Direction',#1844,0.0393700787402) ;
#1970=VECTOR('Line Direction',#1969,0.0393700787402) ;
#1979=VECTOR('Line Direction',#1978,0.0393700787402) ;
#1986=VECTOR('Line Direction',#1985,0.0393700787402) ;
#1993=VECTOR('Line Direction',#1992,0.0393700787402) ;
#2000=VECTOR('Line Direction',#1999,0.0393700787402) ;
#2007=VECTOR('Line Direction',#2006,0.0393700787402) ;
#2014=VECTOR('Line Direction',#2013,0.0393700787402) ;
#2021=VECTOR('Line Direction',#2020,0.0393700787402) ;
#2028=VECTOR('Line Direction',#2027,0.0393700787402) ;
#2035=VECTOR('Line Direction',#2034,0.0393700787402) ;
#2042=VECTOR('Line Direction',#2041,0.0393700787402) ;
#2049=VECTOR('Line Direction',#2048,0.0393700787402) ;
#2056=VECTOR('Line Direction',#2055,0.0393700787402) ;
#2063=VECTOR('Line Direction',#2062,0.0393700787402) ;
#2070=VECTOR('Line Direction',#2069,0.0393700787402) ;
#2077=VECTOR('Line Direction',#2076,0.0393700787402) ;
#2084=VECTOR('Line Direction',#2083,0.0393700787402) ;
#2091=VECTOR('Line Direction',#2090,0.0393700787402) ;
#2098=VECTOR('Line Direction',#2097,0.0393700787402) ;
#2105=VECTOR('Line Direction',#2104,0.0393700787402) ;
#2112=VECTOR('Line Direction',#2111,0.0393700787402) ;
#2119=VECTOR('Line Direction',#2118,0.0393700787402) ;
#2148=VECTOR('Line Direction',#2147,0.0393700787402) ;
#2157=VECTOR('Line Direction',#2156,0.0393700787402) ;
#2164=VECTOR('Line Direction',#2163,0.0393700787402) ;
#2171=VECTOR('Line Direction',#2170,0.0393700787402) ;
#2178=VECTOR('Line Direction',#2177,0.0393700787402) ;
#2185=VECTOR('Line Direction',#2184,0.0393700787402) ;
#2192=VECTOR('Line Direction',#2191,0.0393700787402) ;
#2199=VECTOR('Line Direction',#2198,0.0393700787402) ;
#2206=VECTOR('Line Direction',#2205,0.0393700787402) ;
#2213=VECTOR('Line Direction',#2212,0.0393700787402) ;
#2220=VECTOR('Line Direction',#2219,0.0393700787402) ;
#2227=VECTOR('Line Direction',#2226,0.0393700787402) ;
#2234=VECTOR('Line Direction',#2233,0.0393700787402) ;
#2241=VECTOR('Line Direction',#2240,0.0393700787402) ;
#2248=VECTOR('Line Direction',#2247,0.0393700787402) ;
#2255=VECTOR('Line Direction',#2254,0.0393700787402) ;
#2262=VECTOR('Line Direction',#2261,0.0393700787402) ;
#2269=VECTOR('Line Direction',#2268,0.0393700787402) ;
#2276=VECTOR('Line Direction',#2275,0.0393700787402) ;
#2283=VECTOR('Line Direction',#2282,0.0393700787402) ;
#2290=VECTOR('Line Direction',#2289,0.0393700787402) ;
#2297=VECTOR('Line Direction',#2296,0.0393700787402) ;
#2304=VECTOR('Line Direction',#2303,0.0393700787402) ;
#2311=VECTOR('Line Direction',#2310,0.0393700787402) ;
#2318=VECTOR('Line Direction',#2317,0.0393700787402) ;
#2325=VECTOR('Line Direction',#2324,0.0393700787402) ;
#2332=VECTOR('Line Direction',#2331,0.0393700787402) ;
#2339=VECTOR('Line Direction',#2338,0.0393700787402) ;
#2346=VECTOR('Line Direction',#2345,0.0393700787402) ;
#2353=VECTOR('Line Direction',#2352,0.0393700787402) ;
#2360=VECTOR('Line Direction',#2359,0.0393700787402) ;
#2367=VECTOR('Line Direction',#2366,0.0393700787402) ;
#2374=VECTOR('Line Direction',#2373,0.0393700787402) ;
#2381=VECTOR('Line Direction',#2380,0.0393700787402) ;
#2422=VECTOR('Line Direction',#2421,0.0393700787402) ;
#2431=VECTOR('Line Direction',#2430,0.0393700787402) ;
#2438=VECTOR('Line Direction',#2437,0.0393700787402) ;
#2445=VECTOR('Line Direction',#2444,0.0393700787402) ;
#2452=VECTOR('Line Direction',#2451,0.0393700787402) ;
#2459=VECTOR('Line Direction',#2458,0.0393700787402) ;
#2466=VECTOR('Line Direction',#2465,0.0393700787402) ;
#2473=VECTOR('Line Direction',#2472,0.0393700787402) ;
#2480=VECTOR('Line Direction',#2479,0.0393700787402) ;
#2487=VECTOR('Line Direction',#2486,0.0393700787402) ;
#2494=VECTOR('Line Direction',#2493,0.0393700787402) ;
#2501=VECTOR('Line Direction',#2500,0.0393700787402) ;
#2508=VECTOR('Line Direction',#2507,0.0393700787402) ;
#2515=VECTOR('Line Direction',#2514,0.0393700787402) ;
#2522=VECTOR('Line Direction',#2521,0.0393700787402) ;
#2529=VECTOR('Line Direction',#2528,0.0393700787402) ;
#2536=VECTOR('Line Direction',#2535,0.0393700787402) ;
#2543=VECTOR('Line Direction',#2542,0.0393700787402) ;
#2550=VECTOR('Line Direction',#2549,0.0393700787402) ;
#2557=VECTOR('Line Direction',#2556,0.0393700787402) ;
#2564=VECTOR('Line Direction',#2563,0.0393700787402) ;
#2571=VECTOR('Line Direction',#2570,0.0393700787402) ;
#2578=VECTOR('Line Direction',#2577,0.0393700787402) ;
#2585=VECTOR('Line Direction',#2584,0.0393700787402) ;
#2592=VECTOR('Line Direction',#2591,0.0393700787402) ;
#2599=VECTOR('Line Direction',#2598,0.0393700787402) ;
#2606=VECTOR('Line Direction',#2605,0.0393700787402) ;
#2613=VECTOR('Line Direction',#2612,0.0393700787402) ;
#2620=VECTOR('Line Direction',#2619,0.0393700787402) ;
#2627=VECTOR('Line Direction',#2626,0.0393700787402) ;
#2634=VECTOR('Line Direction',#2633,0.0393700787402) ;
#2641=VECTOR('Line Direction',#2640,0.0393700787402) ;
#2648=VECTOR('Line Direction',#2647,0.0393700787402) ;
#2655=VECTOR('Line Direction',#2654,0.0393700787402) ;
#2662=VECTOR('Line Direction',#2661,0.0393700787402) ;
#2669=VECTOR('Line Direction',#2668,0.0393700787402) ;
#2676=VECTOR('Line Direction',#2675,0.0393700787402) ;
#2683=VECTOR('Line Direction',#2682,0.0393700787402) ;
#2690=VECTOR('Line Direction',#2689,0.0393700787402) ;
#2697=VECTOR('Line Direction',#2696,0.0393700787402) ;
#2704=VECTOR('Line Direction',#2703,0.0393700787402) ;
#2711=VECTOR('Line Direction',#2710,0.0393700787402) ;
#2718=VECTOR('Line Direction',#2717,0.0393700787402) ;
#2725=VECTOR('Line Direction',#2724,0.0393700787402) ;
#2732=VECTOR('Line Direction',#2731,0.0393700787402) ;
#2739=VECTOR('Line Direction',#2738,0.0393700787402) ;
#2746=VECTOR('Line Direction',#2745,0.0393700787402) ;
#2753=VECTOR('Line Direction',#2752,0.0393700787402) ;
#2760=VECTOR('Line Direction',#2759,0.0393700787402) ;
#2767=VECTOR('Line Direction',#2766,0.0393700787402) ;
#2774=VECTOR('Line Direction',#2773,0.0393700787402) ;
#2781=VECTOR('Line Direction',#2780,0.0393700787402) ;
#2788=VECTOR('Line Direction',#2787,0.0393700787402) ;
#2795=VECTOR('Line Direction',#2794,0.0393700787402) ;
#2802=VECTOR('Line Direction',#2801,0.0393700787402) ;
#2809=VECTOR('Line Direction',#2808,0.0393700787402) ;
#2816=VECTOR('Line Direction',#2815,0.0393700787402) ;
#2823=VECTOR('Line Direction',#2822,0.0393700787402) ;
#2830=VECTOR('Line Direction',#2829,0.0393700787402) ;
#2837=VECTOR('Line Direction',#2836,0.0393700787402) ;
#2844=VECTOR('Line Direction',#2843,0.0393700787402) ;
#2851=VECTOR('Line Direction',#2850,0.0393700787402) ;
#2858=VECTOR('Line Direction',#2857,0.0393700787402) ;
#2865=VECTOR('Line Direction',#2864,0.0393700787402) ;
#2872=VECTOR('Line Direction',#2871,0.0393700787402) ;
#2879=VECTOR('Line Direction',#2878,0.0393700787402) ;
#2886=VECTOR('Line Direction',#2885,0.0393700787402) ;
#2893=VECTOR('Line Direction',#2892,0.0393700787402) ;
#2900=VECTOR('Line Direction',#2899,0.0393700787402) ;
#2907=VECTOR('Line Direction',#2906,0.0393700787402) ;
#2914=VECTOR('Line Direction',#2913,0.0393700787402) ;
#2921=VECTOR('Line Direction',#2920,0.0393700787402) ;
#2928=VECTOR('Line Direction',#2927,0.0393700787402) ;
#2935=VECTOR('Line Direction',#2934,0.0393700787402) ;
#2942=VECTOR('Line Direction',#2941,0.0393700787402) ;
#2949=VECTOR('Line Direction',#2948,0.0393700787402) ;
#2956=VECTOR('Line Direction',#2955,0.0393700787402) ;
#2963=VECTOR('Line Direction',#2962,0.0393700787402) ;
#2970=VECTOR('Line Direction',#2969,0.0393700787402) ;
#2977=VECTOR('Line Direction',#2976,0.0393700787402) ;
#2984=VECTOR('Line Direction',#2983,0.0393700787402) ;
#2991=VECTOR('Line Direction',#2990,0.0393700787402) ;
#2998=VECTOR('Line Direction',#2997,0.0393700787402) ;
#3005=VECTOR('Line Direction',#3004,0.0393700787402) ;
#3012=VECTOR('Line Direction',#3011,0.0393700787402) ;
#3019=VECTOR('Line Direction',#3018,0.0393700787402) ;
#3026=VECTOR('Line Direction',#3025,0.0393700787402) ;
#3033=VECTOR('Line Direction',#3032,0.0393700787402) ;
#3040=VECTOR('Line Direction',#3039,0.0393700787402) ;
#3047=VECTOR('Line Direction',#3046,0.0393700787402) ;
#3054=VECTOR('Line Direction',#3053,0.0393700787402) ;
#3061=VECTOR('Line Direction',#3060,0.0393700787402) ;
#3068=VECTOR('Line Direction',#3067,0.0393700787402) ;
#3075=VECTOR('Line Direction',#3074,0.0393700787402) ;
#3082=VECTOR('Line Direction',#3081,0.0393700787402) ;
#3089=VECTOR('Line Direction',#3088,0.0393700787402) ;
#3096=VECTOR('Line Direction',#3095,0.0393700787402) ;
#3103=VECTOR('Line Direction',#3102,0.0393700787402) ;
#3110=VECTOR('Line Direction',#3109,0.0393700787402) ;
#3117=VECTOR('Line Direction',#3116,0.0393700787402) ;
#3124=VECTOR('Line Direction',#3123,0.0393700787402) ;
#3131=VECTOR('Line Direction',#3130,0.0393700787402) ;
#3138=VECTOR('Line Direction',#3137,0.0393700787402) ;
#3145=VECTOR('Line Direction',#3144,0.0393700787402) ;
#3152=VECTOR('Line Direction',#3151,0.0393700787402) ;
#3159=VECTOR('Line Direction',#3158,0.0393700787402) ;
#3166=VECTOR('Line Direction',#3165,0.0393700787402) ;
#3173=VECTOR('Line Direction',#3172,0.0393700787402) ;
#3180=VECTOR('Line Direction',#3179,0.0393700787402) ;
#3187=VECTOR('Line Direction',#3186,0.0393700787402) ;
#3194=VECTOR('Line Direction',#3193,0.0393700787402) ;
#3201=VECTOR('Line Direction',#3200,0.0393700787402) ;
#3208=VECTOR('Line Direction',#3207,0.0393700787402) ;
#3215=VECTOR('Line Direction',#3214,0.0393700787402) ;
#3222=VECTOR('Line Direction',#3221,0.0393700787402) ;
#3229=VECTOR('Line Direction',#3228,0.0393700787402) ;
#3236=VECTOR('Line Direction',#3235,0.0393700787402) ;
#3243=VECTOR('Line Direction',#3242,0.0393700787402) ;
#3250=VECTOR('Line Direction',#3249,0.0393700787402) ;
#3257=VECTOR('Line Direction',#3256,0.0393700787402) ;
#3264=VECTOR('Line Direction',#3263,0.0393700787402) ;
#3271=VECTOR('Line Direction',#3270,0.0393700787402) ;
#3278=VECTOR('Line Direction',#3277,0.0393700787402) ;
#3285=VECTOR('Line Direction',#3284,0.0393700787402) ;
#3292=VECTOR('Line Direction',#3291,0.0393700787402) ;
#3299=VECTOR('Line Direction',#3298,0.0393700787402) ;
#3306=VECTOR('Line Direction',#3305,0.0393700787402) ;
#3313=VECTOR('Line Direction',#3312,0.0393700787402) ;
#3320=VECTOR('Line Direction',#3319,0.0393700787402) ;
#3327=VECTOR('Line Direction',#3326,0.0393700787402) ;
#3334=VECTOR('Line Direction',#3333,0.0393700787402) ;
#3341=VECTOR('Line Direction',#3340,0.0393700787402) ;
#3348=VECTOR('Line Direction',#3347,0.0393700787402) ;
#3355=VECTOR('Line Direction',#3354,0.0393700787402) ;
#3362=VECTOR('Line Direction',#3361,0.0393700787402) ;
#3369=VECTOR('Line Direction',#3368,0.0393700787402) ;
#3376=VECTOR('Line Direction',#3375,0.0393700787402) ;
#3383=VECTOR('Line Direction',#3382,0.0393700787402) ;
#3528=VECTOR('Line Direction',#3527,0.0393700787402) ;
#3537=VECTOR('Line Direction',#3536,0.0393700787402) ;
#3544=VECTOR('Line Direction',#3543,0.0393700787402) ;
#3551=VECTOR('Line Direction',#3550,0.0393700787402) ;
#3558=VECTOR('Line Direction',#3557,0.0393700787402) ;
#3565=VECTOR('Line Direction',#3564,0.0393700787402) ;
#3572=VECTOR('Line Direction',#3571,0.0393700787402) ;
#3579=VECTOR('Line Direction',#3578,0.0393700787402) ;
#3586=VECTOR('Line Direction',#3585,0.0393700787402) ;
#3593=VECTOR('Line Direction',#3592,0.0393700787402) ;
#3600=VECTOR('Line Direction',#3599,0.0393700787402) ;
#3607=VECTOR('Line Direction',#3606,0.0393700787402) ;
#3614=VECTOR('Line Direction',#3613,0.0393700787402) ;
#3621=VECTOR('Line Direction',#3620,0.0393700787402) ;
#3628=VECTOR('Line Direction',#3627,0.0393700787402) ;
#3635=VECTOR('Line Direction',#3634,0.0393700787402) ;
#3642=VECTOR('Line Direction',#3641,0.0393700787402) ;
#3649=VECTOR('Line Direction',#3648,0.0393700787402) ;
#3656=VECTOR('Line Direction',#3655,0.0393700787402) ;
#3663=VECTOR('Line Direction',#3662,0.0393700787402) ;
#3670=VECTOR('Line Direction',#3669,0.0393700787402) ;
#3677=VECTOR('Line Direction',#3676,0.0393700787402) ;
#3706=VECTOR('Line Direction',#3705,0.0393700787402) ;
#3715=VECTOR('Line Direction',#3714,0.0393700787402) ;
#3722=VECTOR('Line Direction',#3721,0.0393700787402) ;
#3729=VECTOR('Line Direction',#3728,0.0393700787402) ;
#3740=VECTOR('Line Direction',#3739,0.0393700787402) ;
#3749=VECTOR('Line Direction',#3748,0.0393700787402) ;
#3756=VECTOR('Line Direction',#3755,0.0393700787402) ;
#3763=VECTOR('Line Direction',#3762,0.0393700787402) ;
#3770=VECTOR('Line Direction',#3769,0.0393700787402) ;
#3777=VECTOR('Line Direction',#3776,0.0393700787402) ;
#3784=VECTOR('Line Direction',#3783,0.0393700787402) ;
#3791=VECTOR('Line Direction',#3790,0.0393700787402) ;
#3798=VECTOR('Line Direction',#3797,0.0393700787402) ;
#3805=VECTOR('Line Direction',#3804,0.0393700787402) ;
#3980=VECTOR('Line Direction',#3979,0.0393700787402) ;
#3989=VECTOR('Line Direction',#3988,0.0393700787402) ;
#3996=VECTOR('Line Direction',#3995,0.0393700787402) ;
#4003=VECTOR('Line Direction',#4002,0.0393700787402) ;
#4010=VECTOR('Line Direction',#4009,0.0393700787402) ;
#4017=VECTOR('Line Direction',#4016,0.0393700787402) ;
#4024=VECTOR('Line Direction',#4023,0.0393700787402) ;
#4031=VECTOR('Line Direction',#4030,0.0393700787402) ;
#4038=VECTOR('Line Direction',#4037,0.0393700787402) ;
#4045=VECTOR('Line Direction',#4044,0.0393700787402) ;
#4052=VECTOR('Line Direction',#4051,0.0393700787402) ;
#4059=VECTOR('Line Direction',#4058,0.0393700787402) ;
#4066=VECTOR('Line Direction',#4065,0.0393700787402) ;
#4073=VECTOR('Line Direction',#4072,0.0393700787402) ;
#4080=VECTOR('Line Direction',#4079,0.0393700787402) ;
#4087=VECTOR('Line Direction',#4086,0.0393700787402) ;
#4094=VECTOR('Line Direction',#4093,0.0393700787402) ;
#4101=VECTOR('Line Direction',#4100,0.0393700787402) ;
#4108=VECTOR('Line Direction',#4107,0.0393700787402) ;
#4115=VECTOR('Line Direction',#4114,0.0393700787402) ;
#4122=VECTOR('Line Direction',#4121,0.0393700787402) ;
#4129=VECTOR('Line Direction',#4128,0.0393700787402) ;
#4136=VECTOR('Line Direction',#4135,0.0393700787402) ;
#4143=VECTOR('Line Direction',#4142,0.0393700787402) ;
#4150=VECTOR('Line Direction',#4149,0.0393700787402) ;
#4157=VECTOR('Line Direction',#4156,0.0393700787402) ;
#4164=VECTOR('Line Direction',#4163,0.0393700787402) ;
#4171=VECTOR('Line Direction',#4170,0.0393700787402) ;
#4178=VECTOR('Line Direction',#4177,0.0393700787402) ;
#4185=VECTOR('Line Direction',#4184,0.0393700787402) ;
#4192=VECTOR('Line Direction',#4191,0.0393700787402) ;
#4199=VECTOR('Line Direction',#4198,0.0393700787402) ;
#4206=VECTOR('Line Direction',#4205,0.0393700787402) ;
#4213=VECTOR('Line Direction',#4212,0.0393700787402) ;
#4220=VECTOR('Line Direction',#4219,0.0393700787402) ;
#4227=VECTOR('Line Direction',#4226,0.0393700787402) ;
#4234=VECTOR('Line Direction',#4233,0.0393700787402) ;
#4241=VECTOR('Line Direction',#4240,0.0393700787402) ;
#4248=VECTOR('Line Direction',#4247,0.0393700787402) ;
#4255=VECTOR('Line Direction',#4254,0.0393700787402) ;
#4262=VECTOR('Line Direction',#4261,0.0393700787402) ;
#4269=VECTOR('Line Direction',#4268,0.0393700787402) ;
#4276=VECTOR('Line Direction',#4275,0.0393700787402) ;
#4283=VECTOR('Line Direction',#4282,0.0393700787402) ;
#4290=VECTOR('Line Direction',#4289,0.0393700787402) ;
#4297=VECTOR('Line Direction',#4296,0.0393700787402) ;
#4304=VECTOR('Line Direction',#4303,0.0393700787402) ;
#4311=VECTOR('Line Direction',#4310,0.0393700787402) ;
#4318=VECTOR('Line Direction',#4317,0.0393700787402) ;
#4325=VECTOR('Line Direction',#4324,0.0393700787402) ;
#4332=VECTOR('Line Direction',#4331,0.0393700787402) ;
#4339=VECTOR('Line Direction',#4338,0.0393700787402) ;
#4346=VECTOR('Line Direction',#4345,0.0393700787402) ;
#4353=VECTOR('Line Direction',#4352,0.0393700787402) ;
#4360=VECTOR('Line Direction',#4359,0.0393700787402) ;
#4367=VECTOR('Line Direction',#4366,0.0393700787402) ;
#4374=VECTOR('Line Direction',#4373,0.0393700787402) ;
#4381=VECTOR('Line Direction',#4380,0.0393700787402) ;
#4388=VECTOR('Line Direction',#4387,0.0393700787402) ;
#4395=VECTOR('Line Direction',#4394,0.0393700787402) ;
#4402=VECTOR('Line Direction',#4401,0.0393700787402) ;
#4409=VECTOR('Line Direction',#4408,0.0393700787402) ;
#4416=VECTOR('Line Direction',#4415,0.0393700787402) ;
#4423=VECTOR('Line Direction',#4422,0.0393700787402) ;
#4430=VECTOR('Line Direction',#4429,0.0393700787402) ;
#4437=VECTOR('Line Direction',#4436,0.0393700787402) ;
#4444=VECTOR('Line Direction',#4443,0.0393700787402) ;
#4451=VECTOR('Line Direction',#4450,0.0393700787402) ;
#4458=VECTOR('Line Direction',#4457,0.0393700787402) ;
#4465=VECTOR('Line Direction',#4464,0.0393700787402) ;
#4472=VECTOR('Line Direction',#4471,0.0393700787402) ;
#4479=VECTOR('Line Direction',#4478,0.0393700787402) ;
#4486=VECTOR('Line Direction',#4485,0.0393700787402) ;
#4493=VECTOR('Line Direction',#4492,0.0393700787402) ;
#4500=VECTOR('Line Direction',#4499,0.0393700787402) ;
#4507=VECTOR('Line Direction',#4506,0.0393700787402) ;
#4514=VECTOR('Line Direction',#4513,0.0393700787402) ;
#4521=VECTOR('Line Direction',#4520,0.0393700787402) ;
#4528=VECTOR('Line Direction',#4527,0.0393700787402) ;
#4535=VECTOR('Line Direction',#4534,0.0393700787402) ;
#4542=VECTOR('Line Direction',#4541,0.0393700787402) ;
#4549=VECTOR('Line Direction',#4548,0.0393700787402) ;
#4556=VECTOR('Line Direction',#4555,0.0393700787402) ;
#4563=VECTOR('Line Direction',#4562,0.0393700787402) ;
#4570=VECTOR('Line Direction',#4569,0.0393700787402) ;
#4577=VECTOR('Line Direction',#4576,0.0393700787402) ;
#4584=VECTOR('Line Direction',#4583,0.0393700787402) ;
#4591=VECTOR('Line Direction',#4590,0.0393700787402) ;
#4598=VECTOR('Line Direction',#4597,0.0393700787402) ;
#4605=VECTOR('Line Direction',#4604,0.0393700787402) ;
#4612=VECTOR('Line Direction',#4611,0.0393700787402) ;
#4619=VECTOR('Line Direction',#4618,0.0393700787402) ;
#4626=VECTOR('Line Direction',#4625,0.0393700787402) ;
#4633=VECTOR('Line Direction',#4632,0.0393700787402) ;
#4640=VECTOR('Line Direction',#4639,0.0393700787402) ;
#4647=VECTOR('Line Direction',#4646,0.0393700787402) ;
#4654=VECTOR('Line Direction',#4653,0.0393700787402) ;
#4661=VECTOR('Line Direction',#4660,0.0393700787402) ;
#4668=VECTOR('Line Direction',#4667,0.0393700787402) ;
#4675=VECTOR('Line Direction',#4674,0.0393700787402) ;
#4682=VECTOR('Line Direction',#4681,0.0393700787402) ;
#4689=VECTOR('Line Direction',#4688,0.0393700787402) ;
#4696=VECTOR('Line Direction',#4695,0.0393700787402) ;
#4703=VECTOR('Line Direction',#4702,0.0393700787402) ;
#4710=VECTOR('Line Direction',#4709,0.0393700787402) ;
#4717=VECTOR('Line Direction',#4716,0.0393700787402) ;
#4724=VECTOR('Line Direction',#4723,0.0393700787402) ;
#4731=VECTOR('Line Direction',#4730,0.0393700787402) ;
#4738=VECTOR('Line Direction',#4737,0.0393700787402) ;
#4745=VECTOR('Line Direction',#4744,0.0393700787402) ;
#4752=VECTOR('Line Direction',#4751,0.0393700787402) ;
#4759=VECTOR('Line Direction',#4758,0.0393700787402) ;
#4766=VECTOR('Line Direction',#4765,0.0393700787402) ;
#4773=VECTOR('Line Direction',#4772,0.0393700787402) ;
#4780=VECTOR('Line Direction',#4779,0.0393700787402) ;
#4787=VECTOR('Line Direction',#4786,0.0393700787402) ;
#4794=VECTOR('Line Direction',#4793,0.0393700787402) ;
#4801=VECTOR('Line Direction',#4800,0.0393700787402) ;
#4808=VECTOR('Line Direction',#4807,0.0393700787402) ;
#4815=VECTOR('Line Direction',#4814,0.0393700787402) ;
#4822=VECTOR('Line Direction',#4821,0.0393700787402) ;
#4829=VECTOR('Line Direction',#4828,0.0393700787402) ;
#4836=VECTOR('Line Direction',#4835,0.0393700787402) ;
#4843=VECTOR('Line Direction',#4842,0.0393700787402) ;
#4850=VECTOR('Line Direction',#4849,0.0393700787402) ;
#4857=VECTOR('Line Direction',#4856,0.0393700787402) ;
#4864=VECTOR('Line Direction',#4863,0.0393700787402) ;
#4871=VECTOR('Line Direction',#4870,0.0393700787402) ;
#4878=VECTOR('Line Direction',#4877,0.0393700787402) ;
#4885=VECTOR('Line Direction',#4884,0.0393700787402) ;
#4892=VECTOR('Line Direction',#4891,0.0393700787402) ;
#4899=VECTOR('Line Direction',#4898,0.0393700787402) ;
#4906=VECTOR('Line Direction',#4905,0.0393700787402) ;
#4913=VECTOR('Line Direction',#4912,0.0393700787402) ;
#4920=VECTOR('Line Direction',#4919,0.0393700787402) ;
#4927=VECTOR('Line Direction',#4926,0.0393700787402) ;
#4934=VECTOR('Line Direction',#4933,0.0393700787402) ;
#4941=VECTOR('Line Direction',#4940,0.0393700787402) ;
#5100=VECTOR('Line Direction',#5099,0.0393700787402) ;
#5105=VECTOR('Line Direction',#5104,0.0393700787402) ;
#5129=VECTOR('Line Direction',#5128,0.0393700787402) ;
#5153=VECTOR('Line Direction',#5152,0.0393700787402) ;
#5177=VECTOR('Line Direction',#5176,0.0393700787402) ;
#5201=VECTOR('Line Direction',#5200,0.0393700787402) ;
#5225=VECTOR('Line Direction',#5224,0.0393700787402) ;
#5249=VECTOR('Line Direction',#5248,0.0393700787402) ;
#5273=VECTOR('Line Direction',#5272,0.0393700787402) ;
#5297=VECTOR('Line Direction',#5296,0.0393700787402) ;
#5321=VECTOR('Line Direction',#5320,0.0393700787402) ;
#5345=VECTOR('Line Direction',#5344,0.0393700787402) ;
#5369=VECTOR('Line Direction',#5368,0.0393700787402) ;
#5393=VECTOR('Line Direction',#5392,0.0393700787402) ;
#5417=VECTOR('Line Direction',#5416,0.0393700787402) ;
#5441=VECTOR('Line Direction',#5440,0.0393700787402) ;
#5465=VECTOR('Line Direction',#5464,0.0393700787402) ;
#5489=VECTOR('Line Direction',#5488,0.0393700787402) ;
#5513=VECTOR('Line Direction',#5512,0.0393700787402) ;
#5537=VECTOR('Line Direction',#5536,0.0393700787402) ;
#5561=VECTOR('Line Direction',#5560,0.0393700787402) ;
#5585=VECTOR('Line Direction',#5584,0.0393700787402) ;
#5609=VECTOR('Line Direction',#5608,0.0393700787402) ;
#5633=VECTOR('Line Direction',#5632,0.0393700787402) ;
#5657=VECTOR('Line Direction',#5656,0.0393700787402) ;
#5681=VECTOR('Line Direction',#5680,0.0393700787402) ;
#5700=VECTOR('Line Direction',#5699,0.0393700787402) ;
#5724=VECTOR('Line Direction',#5723,0.0393700787402) ;
#5748=VECTOR('Line Direction',#5747,0.0393700787402) ;
#5772=VECTOR('Line Direction',#5771,0.0393700787402) ;
#5796=VECTOR('Line Direction',#5795,0.0393700787402) ;
#5820=VECTOR('Line Direction',#5819,0.0393700787402) ;
#5844=VECTOR('Line Direction',#5843,0.0393700787402) ;
#5868=VECTOR('Line Direction',#5867,0.0393700787402) ;
#5892=VECTOR('Line Direction',#5891,0.0393700787402) ;
#5916=VECTOR('Line Direction',#5915,0.0393700787402) ;
#5940=VECTOR('Line Direction',#5939,0.0393700787402) ;
#5964=VECTOR('Line Direction',#5963,0.0393700787402) ;
#5988=VECTOR('Line Direction',#5987,0.0393700787402) ;
#6012=VECTOR('Line Direction',#6011,0.0393700787402) ;
#6036=VECTOR('Line Direction',#6035,0.0393700787402) ;
#6060=VECTOR('Line Direction',#6059,0.0393700787402) ;
#6084=VECTOR('Line Direction',#6083,0.0393700787402) ;
#6108=VECTOR('Line Direction',#6107,0.0393700787402) ;
#6132=VECTOR('Line Direction',#6131,0.0393700787402) ;
#6156=VECTOR('Line Direction',#6155,0.0393700787402) ;
#6180=VECTOR('Line Direction',#6179,0.0393700787402) ;
#6204=VECTOR('Line Direction',#6203,0.0393700787402) ;
#6223=VECTOR('Line Direction',#6222,0.0393700787402) ;
#6247=VECTOR('Line Direction',#6246,0.0393700787402) ;
#6271=VECTOR('Line Direction',#6270,0.0393700787402) ;
#6295=VECTOR('Line Direction',#6294,0.0393700787402) ;
#6319=VECTOR('Line Direction',#6318,0.0393700787402) ;
#6343=VECTOR('Line Direction',#6342,0.0393700787402) ;
#6367=VECTOR('Line Direction',#6366,0.0393700787402) ;
#6391=VECTOR('Line Direction',#6390,0.0393700787402) ;
#6415=VECTOR('Line Direction',#6414,0.0393700787402) ;
#6439=VECTOR('Line Direction',#6438,0.0393700787402) ;
#6463=VECTOR('Line Direction',#6462,0.0393700787402) ;
#6487=VECTOR('Line Direction',#6486,0.0393700787402) ;
#6511=VECTOR('Line Direction',#6510,0.0393700787402) ;
#6535=VECTOR('Line Direction',#6534,0.0393700787402) ;
#6559=VECTOR('Line Direction',#6558,0.0393700787402) ;
#6583=VECTOR('Line Direction',#6582,0.0393700787402) ;
#6607=VECTOR('Line Direction',#6606,0.0393700787402) ;
#6631=VECTOR('Line Direction',#6630,0.0393700787402) ;
#6655=VECTOR('Line Direction',#6654,0.0393700787402) ;
#6679=VECTOR('Line Direction',#6678,0.0393700787402) ;
#6703=VECTOR('Line Direction',#6702,0.0393700787402) ;
#6727=VECTOR('Line Direction',#6726,0.0393700787402) ;
#6751=VECTOR('Line Direction',#6750,0.0393700787402) ;
#6775=VECTOR('Line Direction',#6774,0.0393700787402) ;
#6799=VECTOR('Line Direction',#6798,0.0393700787402) ;
#6823=VECTOR('Line Direction',#6822,0.0393700787402) ;
#6847=VECTOR('Line Direction',#6846,0.0393700787402) ;
#6871=VECTOR('Line Direction',#6870,0.0393700787402) ;
#6895=VECTOR('Line Direction',#6894,0.0393700787402) ;
#6919=VECTOR('Line Direction',#6918,0.0393700787402) ;
#6943=VECTOR('Line Direction',#6942,0.0393700787402) ;
#6967=VECTOR('Line Direction',#6966,0.0393700787402) ;
#6991=VECTOR('Line Direction',#6990,0.0393700787402) ;
#7015=VECTOR('Line Direction',#7014,0.0393700787402) ;
#7039=VECTOR('Line Direction',#7038,0.0393700787402) ;
#7063=VECTOR('Line Direction',#7062,0.0393700787402) ;
#7087=VECTOR('Line Direction',#7086,0.0393700787402) ;
#7111=VECTOR('Line Direction',#7110,0.0393700787402) ;
#7135=VECTOR('Line Direction',#7134,0.0393700787402) ;
#7159=VECTOR('Line Direction',#7158,0.0393700787402) ;
#7183=VECTOR('Line Direction',#7182,0.0393700787402) ;
#7207=VECTOR('Line Direction',#7206,0.0393700787402) ;
#7231=VECTOR('Line Direction',#7230,0.0393700787402) ;
#7255=VECTOR('Line Direction',#7254,0.0393700787402) ;
#7279=VECTOR('Line Direction',#7278,0.0393700787402) ;
#7303=VECTOR('Line Direction',#7302,0.0393700787402) ;
#7327=VECTOR('Line Direction',#7326,0.0393700787402) ;
#7346=VECTOR('Line Direction',#7345,0.0393700787402) ;
#7365=VECTOR('Line Direction',#7364,0.0393700787402) ;
#7389=VECTOR('Line Direction',#7388,0.0393700787402) ;
#7413=VECTOR('Line Direction',#7412,0.0393700787402) ;
#7437=VECTOR('Line Direction',#7436,0.0393700787402) ;
#7461=VECTOR('Line Direction',#7460,0.0393700787402) ;
#7485=VECTOR('Line Direction',#7484,0.0393700787402) ;
#7509=VECTOR('Line Direction',#7508,0.0393700787402) ;
#7533=VECTOR('Line Direction',#7532,0.0393700787402) ;
#7557=VECTOR('Line Direction',#7556,0.0393700787402) ;
#7581=VECTOR('Line Direction',#7580,0.0393700787402) ;
#7605=VECTOR('Line Direction',#7604,0.0393700787402) ;
#7629=VECTOR('Line Direction',#7628,0.0393700787402) ;
#7653=VECTOR('Line Direction',#7652,0.0393700787402) ;
#7677=VECTOR('Line Direction',#7676,0.0393700787402) ;
#7701=VECTOR('Line Direction',#7700,0.0393700787402) ;
#7725=VECTOR('Line Direction',#7724,0.0393700787402) ;
#7749=VECTOR('Line Direction',#7748,0.0393700787402) ;
#7773=VECTOR('Line Direction',#7772,0.0393700787402) ;
#7797=VECTOR('Line Direction',#7796,0.0393700787402) ;
#7821=VECTOR('Line Direction',#7820,0.0393700787402) ;
#7845=VECTOR('Line Direction',#7844,0.0393700787402) ;
#7869=VECTOR('Line Direction',#7868,0.0393700787402) ;
#7893=VECTOR('Line Direction',#7892,0.0393700787402) ;
#7917=VECTOR('Line Direction',#7916,0.0393700787402) ;
#7941=VECTOR('Line Direction',#7940,0.0393700787402) ;
#7965=VECTOR('Line Direction',#7964,0.0393700787402) ;
#7989=VECTOR('Line Direction',#7988,0.0393700787402) ;
#8013=VECTOR('Line Direction',#8012,0.0393700787402) ;
#8037=VECTOR('Line Direction',#8036,0.0393700787402) ;
#8061=VECTOR('Line Direction',#8060,0.0393700787402) ;
#8085=VECTOR('Line Direction',#8084,0.0393700787402) ;
#8109=VECTOR('Line Direction',#8108,0.0393700787402) ;
#8133=VECTOR('Line Direction',#8132,0.0393700787402) ;
#8157=VECTOR('Line Direction',#8156,0.0393700787402) ;
#8181=VECTOR('Line Direction',#8180,0.0393700787402) ;
#8205=VECTOR('Line Direction',#8204,0.0393700787402) ;
#8229=VECTOR('Line Direction',#8228,0.0393700787402) ;
#8253=VECTOR('Line Direction',#8252,0.0393700787402) ;
#8277=VECTOR('Line Direction',#8276,0.0393700787402) ;
#8301=VECTOR('Line Direction',#8300,0.0393700787402) ;
#8325=VECTOR('Line Direction',#8324,0.0393700787402) ;
#8349=VECTOR('Line Direction',#8348,0.0393700787402) ;
#8387=VECTOR('Line Direction',#8386,0.0393700787402) ;
#8396=VECTOR('Line Direction',#8395,0.0393700787402) ;
#8403=VECTOR('Line Direction',#8402,0.0393700787402) ;
#8410=VECTOR('Line Direction',#8409,0.0393700787402) ;
#8417=VECTOR('Line Direction',#8416,0.0393700787402) ;
#8424=VECTOR('Line Direction',#8423,0.0393700787402) ;
#8431=VECTOR('Line Direction',#8430,0.0393700787402) ;
#8438=VECTOR('Line Direction',#8437,0.0393700787402) ;
#8445=VECTOR('Line Direction',#8444,0.0393700787402) ;
#8452=VECTOR('Line Direction',#8451,0.0393700787402) ;
#8459=VECTOR('Line Direction',#8458,0.0393700787402) ;
#8466=VECTOR('Line Direction',#8465,0.0393700787402) ;
#8473=VECTOR('Line Direction',#8472,0.0393700787402) ;
#8480=VECTOR('Line Direction',#8479,0.0393700787402) ;
#8487=VECTOR('Line Direction',#8486,0.0393700787402) ;
#8494=VECTOR('Line Direction',#8493,0.0393700787402) ;
#8501=VECTOR('Line Direction',#8500,0.0393700787402) ;
#8508=VECTOR('Line Direction',#8507,0.0393700787402) ;
#8515=VECTOR('Line Direction',#8514,0.0393700787402) ;
#8522=VECTOR('Line Direction',#8521,0.0393700787402) ;
#8529=VECTOR('Line Direction',#8528,0.0393700787402) ;
#8536=VECTOR('Line Direction',#8535,0.0393700787402) ;
#8543=VECTOR('Line Direction',#8542,0.0393700787402) ;
#8550=VECTOR('Line Direction',#8549,0.0393700787402) ;
#8557=VECTOR('Line Direction',#8556,0.0393700787402) ;
#8564=VECTOR('Line Direction',#8563,0.0393700787402) ;
#8571=VECTOR('Line Direction',#8570,0.0393700787402) ;
#8578=VECTOR('Line Direction',#8577,0.0393700787402) ;
#8585=VECTOR('Line Direction',#8584,0.0393700787402) ;
#8592=VECTOR('Line Direction',#8591,0.0393700787402) ;
#8599=VECTOR('Line Direction',#8598,0.0393700787402) ;
#8606=VECTOR('Line Direction',#8605,0.0393700787402) ;
#8613=VECTOR('Line Direction',#8612,0.0393700787402) ;
#8620=VECTOR('Line Direction',#8619,0.0393700787402) ;
#8627=VECTOR('Line Direction',#8626,0.0393700787402) ;
#8634=VECTOR('Line Direction',#8633,0.0393700787402) ;
#8641=VECTOR('Line Direction',#8640,0.0393700787402) ;
#8648=VECTOR('Line Direction',#8647,0.0393700787402) ;
#8655=VECTOR('Line Direction',#8654,0.0393700787402) ;
#8662=VECTOR('Line Direction',#8661,0.0393700787402) ;
#8669=VECTOR('Line Direction',#8668,0.0393700787402) ;
#8676=VECTOR('Line Direction',#8675,0.0393700787402) ;
#8683=VECTOR('Line Direction',#8682,0.0393700787402) ;
#8690=VECTOR('Line Direction',#8689,0.0393700787402) ;
#8697=VECTOR('Line Direction',#8696,0.0393700787402) ;
#8704=VECTOR('Line Direction',#8703,0.0393700787402) ;
#8711=VECTOR('Line Direction',#8710,0.0393700787402) ;
#8718=VECTOR('Line Direction',#8717,0.0393700787402) ;
#8725=VECTOR('Line Direction',#8724,0.0393700787402) ;
#8732=VECTOR('Line Direction',#8731,0.0393700787402) ;
#8739=VECTOR('Line Direction',#8738,0.0393700787402) ;
#8746=VECTOR('Line Direction',#8745,0.0393700787402) ;
#8753=VECTOR('Line Direction',#8752,0.0393700787402) ;
#8760=VECTOR('Line Direction',#8759,0.0393700787402) ;
#8767=VECTOR('Line Direction',#8766,0.0393700787402) ;
#8774=VECTOR('Line Direction',#8773,0.0393700787402) ;
#8781=VECTOR('Line Direction',#8780,0.0393700787402) ;
#8788=VECTOR('Line Direction',#8787,0.0393700787402) ;
#8795=VECTOR('Line Direction',#8794,0.0393700787402) ;
#8802=VECTOR('Line Direction',#8801,0.0393700787402) ;
#8809=VECTOR('Line Direction',#8808,0.0393700787402) ;
#8816=VECTOR('Line Direction',#8815,0.0393700787402) ;
#8823=VECTOR('Line Direction',#8822,0.0393700787402) ;
#8830=VECTOR('Line Direction',#8829,0.0393700787402) ;
#8837=VECTOR('Line Direction',#8836,0.0393700787402) ;
#8844=VECTOR('Line Direction',#8843,0.0393700787402) ;
#8851=VECTOR('Line Direction',#8850,0.0393700787402) ;
#8858=VECTOR('Line Direction',#8857,0.0393700787402) ;
#8865=VECTOR('Line Direction',#8864,0.0393700787402) ;
#8872=VECTOR('Line Direction',#8871,0.0393700787402) ;
#8879=VECTOR('Line Direction',#8878,0.0393700787402) ;
#8886=VECTOR('Line Direction',#8885,0.0393700787402) ;
#8893=VECTOR('Line Direction',#8892,0.0393700787402) ;
#8900=VECTOR('Line Direction',#8899,0.0393700787402) ;
#8907=VECTOR('Line Direction',#8906,0.0393700787402) ;
#8914=VECTOR('Line Direction',#8913,0.0393700787402) ;
#8921=VECTOR('Line Direction',#8920,0.0393700787402) ;
#8928=VECTOR('Line Direction',#8927,0.0393700787402) ;
#8935=VECTOR('Line Direction',#8934,0.0393700787402) ;
#8942=VECTOR('Line Direction',#8941,0.0393700787402) ;
#8949=VECTOR('Line Direction',#8948,0.0393700787402) ;
#8956=VECTOR('Line Direction',#8955,0.0393700787402) ;
#8963=VECTOR('Line Direction',#8962,0.0393700787402) ;
#8970=VECTOR('Line Direction',#8969,0.0393700787402) ;
#8977=VECTOR('Line Direction',#8976,0.0393700787402) ;
#8984=VECTOR('Line Direction',#8983,0.0393700787402) ;
#8991=VECTOR('Line Direction',#8990,0.0393700787402) ;
#8998=VECTOR('Line Direction',#8997,0.0393700787402) ;
#9005=VECTOR('Line Direction',#9004,0.0393700787402) ;
#9012=VECTOR('Line Direction',#9011,0.0393700787402) ;
#9019=VECTOR('Line Direction',#9018,0.0393700787402) ;
#9026=VECTOR('Line Direction',#9025,0.0393700787402) ;
#9033=VECTOR('Line Direction',#9032,0.0393700787402) ;
#9040=VECTOR('Line Direction',#9039,0.0393700787402) ;
#9047=VECTOR('Line Direction',#9046,0.0393700787402) ;
#9054=VECTOR('Line Direction',#9053,0.0393700787402) ;
#9061=VECTOR('Line Direction',#9060,0.0393700787402) ;
#9068=VECTOR('Line Direction',#9067,0.0393700787402) ;
#9075=VECTOR('Line Direction',#9074,0.0393700787402) ;
#9082=VECTOR('Line Direction',#9081,0.0393700787402) ;
#9089=VECTOR('Line Direction',#9088,0.0393700787402) ;
#9096=VECTOR('Line Direction',#9095,0.0393700787402) ;
#9103=VECTOR('Line Direction',#9102,0.0393700787402) ;
#9110=VECTOR('Line Direction',#9109,0.0393700787402) ;
#9117=VECTOR('Line Direction',#9116,0.0393700787402) ;
#9124=VECTOR('Line Direction',#9123,0.0393700787402) ;
#9131=VECTOR('Line Direction',#9130,0.0393700787402) ;
#9138=VECTOR('Line Direction',#9137,0.0393700787402) ;
#9145=VECTOR('Line Direction',#9144,0.0393700787402) ;
#9152=VECTOR('Line Direction',#9151,0.0393700787402) ;
#9159=VECTOR('Line Direction',#9158,0.0393700787402) ;
#9166=VECTOR('Line Direction',#9165,0.0393700787402) ;
#9173=VECTOR('Line Direction',#9172,0.0393700787402) ;
#9180=VECTOR('Line Direction',#9179,0.0393700787402) ;
#9187=VECTOR('Line Direction',#9186,0.0393700787402) ;
#9194=VECTOR('Line Direction',#9193,0.0393700787402) ;
#9201=VECTOR('Line Direction',#9200,0.0393700787402) ;
#9208=VECTOR('Line Direction',#9207,0.0393700787402) ;
#9346=VECTOR('Line Direction',#9345,0.0393700787402) ;
#9351=VECTOR('Line Direction',#9350,0.0393700787402) ;
#9375=VECTOR('Line Direction',#9374,0.0393700787402) ;
#9399=VECTOR('Line Direction',#9398,0.0393700787402) ;
#9423=VECTOR('Line Direction',#9422,0.0393700787402) ;
#9447=VECTOR('Line Direction',#9446,0.0393700787402) ;
#9471=VECTOR('Line Direction',#9470,0.0393700787402) ;
#9495=VECTOR('Line Direction',#9494,0.0393700787402) ;
#9519=VECTOR('Line Direction',#9518,0.0393700787402) ;
#9543=VECTOR('Line Direction',#9542,0.0393700787402) ;
#9567=VECTOR('Line Direction',#9566,0.0393700787402) ;
#9591=VECTOR('Line Direction',#9590,0.0393700787402) ;
#9615=VECTOR('Line Direction',#9614,0.0393700787402) ;
#9639=VECTOR('Line Direction',#9638,0.0393700787402) ;
#9663=VECTOR('Line Direction',#9662,0.0393700787402) ;
#9687=VECTOR('Line Direction',#9686,0.0393700787402) ;
#9711=VECTOR('Line Direction',#9710,0.0393700787402) ;
#9735=VECTOR('Line Direction',#9734,0.0393700787402) ;
#9759=VECTOR('Line Direction',#9758,0.0393700787402) ;
#9783=VECTOR('Line Direction',#9782,0.0393700787402) ;
#9807=VECTOR('Line Direction',#9806,0.0393700787402) ;
#9831=VECTOR('Line Direction',#9830,0.0393700787402) ;
#9855=VECTOR('Line Direction',#9854,0.0393700787402) ;
#9879=VECTOR('Line Direction',#9878,0.0393700787402) ;
#9903=VECTOR('Line Direction',#9902,0.0393700787402) ;
#9927=VECTOR('Line Direction',#9926,0.0393700787402) ;
#9951=VECTOR('Line Direction',#9950,0.0393700787402) ;
#9975=VECTOR('Line Direction',#9974,0.0393700787402) ;
#9999=VECTOR('Line Direction',#9998,0.0393700787402) ;
#10023=VECTOR('Line Direction',#10022,0.0393700787402) ;
#10047=VECTOR('Line Direction',#10046,0.0393700787402) ;
#10071=VECTOR('Line Direction',#10070,0.0393700787402) ;
#10095=VECTOR('Line Direction',#10094,0.0393700787402) ;
#10119=VECTOR('Line Direction',#10118,0.0393700787402) ;
#10143=VECTOR('Line Direction',#10142,0.0393700787402) ;
#10167=VECTOR('Line Direction',#10166,0.0393700787402) ;
#10191=VECTOR('Line Direction',#10190,0.0393700787402) ;
#10215=VECTOR('Line Direction',#10214,0.0393700787402) ;
#10239=VECTOR('Line Direction',#10238,0.0393700787402) ;
#10263=VECTOR('Line Direction',#10262,0.0393700787402) ;
#10287=VECTOR('Line Direction',#10286,0.0393700787402) ;
#10311=VECTOR('Line Direction',#10310,0.0393700787402) ;
#10335=VECTOR('Line Direction',#10334,0.0393700787402) ;
#10359=VECTOR('Line Direction',#10358,0.0393700787402) ;
#10383=VECTOR('Line Direction',#10382,0.0393700787402) ;
#10407=VECTOR('Line Direction',#10406,0.0393700787402) ;
#10431=VECTOR('Line Direction',#10430,0.0393700787402) ;
#10455=VECTOR('Line Direction',#10454,0.0393700787402) ;
#10479=VECTOR('Line Direction',#10478,0.0393700787402) ;
#10503=VECTOR('Line Direction',#10502,0.0393700787402) ;
#10527=VECTOR('Line Direction',#10526,0.0393700787402) ;
#10551=VECTOR('Line Direction',#10550,0.0393700787402) ;
#10575=VECTOR('Line Direction',#10574,0.0393700787402) ;
#10599=VECTOR('Line Direction',#10598,0.0393700787402) ;
#10623=VECTOR('Line Direction',#10622,0.0393700787402) ;
#10647=VECTOR('Line Direction',#10646,0.0393700787402) ;
#10671=VECTOR('Line Direction',#10670,0.0393700787402) ;
#10695=VECTOR('Line Direction',#10694,0.0393700787402) ;
#10719=VECTOR('Line Direction',#10718,0.0393700787402) ;
#10743=VECTOR('Line Direction',#10742,0.0393700787402) ;
#10767=VECTOR('Line Direction',#10766,0.0393700787402) ;
#10791=VECTOR('Line Direction',#10790,0.0393700787402) ;
#10815=VECTOR('Line Direction',#10814,0.0393700787402) ;
#10839=VECTOR('Line Direction',#10838,0.0393700787402) ;
#10863=VECTOR('Line Direction',#10862,0.0393700787402) ;
#10887=VECTOR('Line Direction',#10886,0.0393700787402) ;
#10911=VECTOR('Line Direction',#10910,0.0393700787402) ;
#10935=VECTOR('Line Direction',#10934,0.0393700787402) ;
#10959=VECTOR('Line Direction',#10958,0.0393700787402) ;
#10983=VECTOR('Line Direction',#10982,0.0393700787402) ;
#11007=VECTOR('Line Direction',#11006,0.0393700787402) ;
#11031=VECTOR('Line Direction',#11030,0.0393700787402) ;
#11055=VECTOR('Line Direction',#11054,0.0393700787402) ;
#11079=VECTOR('Line Direction',#11078,0.0393700787402) ;
#11103=VECTOR('Line Direction',#11102,0.0393700787402) ;
#11127=VECTOR('Line Direction',#11126,0.0393700787402) ;
#11151=VECTOR('Line Direction',#11150,0.0393700787402) ;
#11175=VECTOR('Line Direction',#11174,0.0393700787402) ;
#11199=VECTOR('Line Direction',#11198,0.0393700787402) ;
#11223=VECTOR('Line Direction',#11222,0.0393700787402) ;
#11247=VECTOR('Line Direction',#11246,0.0393700787402) ;
#11271=VECTOR('Line Direction',#11270,0.0393700787402) ;
#11295=VECTOR('Line Direction',#11294,0.0393700787402) ;
#11319=VECTOR('Line Direction',#11318,0.0393700787402) ;
#11343=VECTOR('Line Direction',#11342,0.0393700787402) ;
#11367=VECTOR('Line Direction',#11366,0.0393700787402) ;
#11391=VECTOR('Line Direction',#11390,0.0393700787402) ;
#11415=VECTOR('Line Direction',#11414,0.0393700787402) ;
#11439=VECTOR('Line Direction',#11438,0.0393700787402) ;
#11463=VECTOR('Line Direction',#11462,0.0393700787402) ;
#11487=VECTOR('Line Direction',#11486,0.0393700787402) ;
#11511=VECTOR('Line Direction',#11510,0.0393700787402) ;
#11535=VECTOR('Line Direction',#11534,0.0393700787402) ;
#11559=VECTOR('Line Direction',#11558,0.0393700787402) ;
#11583=VECTOR('Line Direction',#11582,0.0393700787402) ;
#11607=VECTOR('Line Direction',#11606,0.0393700787402) ;
#11631=VECTOR('Line Direction',#11630,0.0393700787402) ;
#11655=VECTOR('Line Direction',#11654,0.0393700787402) ;
#11679=VECTOR('Line Direction',#11678,0.0393700787402) ;
#11703=VECTOR('Line Direction',#11702,0.0393700787402) ;
#11727=VECTOR('Line Direction',#11726,0.0393700787402) ;
#11751=VECTOR('Line Direction',#11750,0.0393700787402) ;
#11775=VECTOR('Line Direction',#11774,0.0393700787402) ;
#11799=VECTOR('Line Direction',#11798,0.0393700787402) ;
#11823=VECTOR('Line Direction',#11822,0.0393700787402) ;
#11847=VECTOR('Line Direction',#11846,0.0393700787402) ;
#11871=VECTOR('Line Direction',#11870,0.0393700787402) ;
#11895=VECTOR('Line Direction',#11894,0.0393700787402) ;
#11919=VECTOR('Line Direction',#11918,0.0393700787402) ;
#11943=VECTOR('Line Direction',#11942,0.0393700787402) ;
#11967=VECTOR('Line Direction',#11966,0.0393700787402) ;
#11991=VECTOR('Line Direction',#11990,0.0393700787402) ;
#12015=VECTOR('Line Direction',#12014,0.0393700787402) ;
#12039=VECTOR('Line Direction',#12038,0.0393700787402) ;
#12063=VECTOR('Line Direction',#12062,0.0393700787402) ;
#12087=VECTOR('Line Direction',#12086,0.0393700787402) ;
#12111=VECTOR('Line Direction',#12110,0.0393700787402) ;
#12135=VECTOR('Line Direction',#12134,0.0393700787402) ;
#12173=VECTOR('Line Direction',#12172,0.0393700787402) ;
#12182=VECTOR('Line Direction',#12181,0.0393700787402) ;
#12189=VECTOR('Line Direction',#12188,0.0393700787402) ;
#12196=VECTOR('Line Direction',#12195,0.0393700787402) ;
#12220=VECTOR('Line Direction',#12219,0.0393700787402) ;
#12225=VECTOR('Line Direction',#12224,0.0393700787402) ;
#12249=VECTOR('Line Direction',#12248,0.0393700787402) ;
#12273=VECTOR('Line Direction',#12272,0.0393700787402) ;
#12311=VECTOR('Line Direction',#12310,0.0393700787402) ;
#12320=VECTOR('Line Direction',#12319,0.0393700787402) ;
#12327=VECTOR('Line Direction',#12326,0.0393700787402) ;
#12334=VECTOR('Line Direction',#12333,0.0393700787402) ;
#12341=VECTOR('Line Direction',#12340,0.0393700787402) ;
#12348=VECTOR('Line Direction',#12347,0.0393700787402) ;
#12355=VECTOR('Line Direction',#12354,0.0393700787402) ;
#12362=VECTOR('Line Direction',#12361,0.0393700787402) ;
#12369=VECTOR('Line Direction',#12368,0.0393700787402) ;
#12376=VECTOR('Line Direction',#12375,0.0393700787402) ;
#12383=VECTOR('Line Direction',#12382,0.0393700787402) ;
#12390=VECTOR('Line Direction',#12389,0.0393700787402) ;
#12397=VECTOR('Line Direction',#12396,0.0393700787402) ;
#12404=VECTOR('Line Direction',#12403,0.0393700787402) ;
#12411=VECTOR('Line Direction',#12410,0.0393700787402) ;
#12418=VECTOR('Line Direction',#12417,0.0393700787402) ;
#12425=VECTOR('Line Direction',#12424,0.0393700787402) ;
#12432=VECTOR('Line Direction',#12431,0.0393700787402) ;
#12439=VECTOR('Line Direction',#12438,0.0393700787402) ;
#12446=VECTOR('Line Direction',#12445,0.0393700787402) ;
#12453=VECTOR('Line Direction',#12452,0.0393700787402) ;
#12460=VECTOR('Line Direction',#12459,0.0393700787402) ;
#12502=VECTOR('Line Direction',#12501,0.0393700787402) ;
#12507=VECTOR('Line Direction',#12506,0.0393700787402) ;
#12531=VECTOR('Line Direction',#12530,0.0393700787402) ;
#12555=VECTOR('Line Direction',#12554,0.0393700787402) ;
#12579=VECTOR('Line Direction',#12578,0.0393700787402) ;
#12603=VECTOR('Line Direction',#12602,0.0393700787402) ;
#12627=VECTOR('Line Direction',#12626,0.0393700787402) ;
#12651=VECTOR('Line Direction',#12650,0.0393700787402) ;
#12675=VECTOR('Line Direction',#12674,0.0393700787402) ;
#12699=VECTOR('Line Direction',#12698,0.0393700787402) ;
#12723=VECTOR('Line Direction',#12722,0.0393700787402) ;
#12747=VECTOR('Line Direction',#12746,0.0393700787402) ;
#12771=VECTOR('Line Direction',#12770,0.0393700787402) ;
#12795=VECTOR('Line Direction',#12794,0.0393700787402) ;
#12819=VECTOR('Line Direction',#12818,0.0393700787402) ;
#12843=VECTOR('Line Direction',#12842,0.0393700787402) ;
#12867=VECTOR('Line Direction',#12866,0.0393700787402) ;
#12891=VECTOR('Line Direction',#12890,0.0393700787402) ;
#12915=VECTOR('Line Direction',#12914,0.0393700787402) ;
#12939=VECTOR('Line Direction',#12938,0.0393700787402) ;
#12963=VECTOR('Line Direction',#12962,0.0393700787402) ;
#12987=VECTOR('Line Direction',#12986,0.0393700787402) ;
#13025=VECTOR('Line Direction',#13024,0.0393700787402) ;
#13034=VECTOR('Line Direction',#13033,0.0393700787402) ;
#13041=VECTOR('Line Direction',#13040,0.0393700787402) ;
#13048=VECTOR('Line Direction',#13047,0.0393700787402) ;
#13055=VECTOR('Line Direction',#13054,0.0393700787402) ;
#13062=VECTOR('Line Direction',#13061,0.0393700787402) ;
#13069=VECTOR('Line Direction',#13068,0.0393700787402) ;
#13076=VECTOR('Line Direction',#13075,0.0393700787402) ;
#13083=VECTOR('Line Direction',#13082,0.0393700787402) ;
#13090=VECTOR('Line Direction',#13089,0.0393700787402) ;
#13097=VECTOR('Line Direction',#13096,0.0393700787402) ;
#13104=VECTOR('Line Direction',#13103,0.0393700787402) ;
#13111=VECTOR('Line Direction',#13110,0.0393700787402) ;
#13118=VECTOR('Line Direction',#13117,0.0393700787402) ;
#13125=VECTOR('Line Direction',#13124,0.0393700787402) ;
#13132=VECTOR('Line Direction',#13131,0.0393700787402) ;
#13139=VECTOR('Line Direction',#13138,0.0393700787402) ;
#13146=VECTOR('Line Direction',#13145,0.0393700787402) ;
#13153=VECTOR('Line Direction',#13152,0.0393700787402) ;
#13160=VECTOR('Line Direction',#13159,0.0393700787402) ;
#13167=VECTOR('Line Direction',#13166,0.0393700787402) ;
#13174=VECTOR('Line Direction',#13173,0.0393700787402) ;
#13216=VECTOR('Line Direction',#13215,0.0393700787402) ;
#13221=VECTOR('Line Direction',#13220,0.0393700787402) ;
#13245=VECTOR('Line Direction',#13244,0.0393700787402) ;
#13269=VECTOR('Line Direction',#13268,0.0393700787402) ;
#13293=VECTOR('Line Direction',#13292,0.0393700787402) ;
#13317=VECTOR('Line Direction',#13316,0.0393700787402) ;
#13341=VECTOR('Line Direction',#13340,0.0393700787402) ;
#13365=VECTOR('Line Direction',#13364,0.0393700787402) ;
#13389=VECTOR('Line Direction',#13388,0.0393700787402) ;
#13413=VECTOR('Line Direction',#13412,0.0393700787402) ;
#13437=VECTOR('Line Direction',#13436,0.0393700787402) ;
#13461=VECTOR('Line Direction',#13460,0.0393700787402) ;
#13485=VECTOR('Line Direction',#13484,0.0393700787402) ;
#13509=VECTOR('Line Direction',#13508,0.0393700787402) ;
#13533=VECTOR('Line Direction',#13532,0.0393700787402) ;
#13557=VECTOR('Line Direction',#13556,0.0393700787402) ;
#13581=VECTOR('Line Direction',#13580,0.0393700787402) ;
#13605=VECTOR('Line Direction',#13604,0.0393700787402) ;
#13629=VECTOR('Line Direction',#13628,0.0393700787402) ;
#13653=VECTOR('Line Direction',#13652,0.0393700787402) ;
#13677=VECTOR('Line Direction',#13676,0.0393700787402) ;
#13701=VECTOR('Line Direction',#13700,0.0393700787402) ;
#13739=VECTOR('Line Direction',#13738,0.0393700787402) ;
#13748=VECTOR('Line Direction',#13747,0.0393700787402) ;
#13755=VECTOR('Line Direction',#13754,0.0393700787402) ;
#13762=VECTOR('Line Direction',#13761,0.0393700787402) ;
#13769=VECTOR('Line Direction',#13768,0.0393700787402) ;
#13776=VECTOR('Line Direction',#13775,0.0393700787402) ;
#13783=VECTOR('Line Direction',#13782,0.0393700787402) ;
#13790=VECTOR('Line Direction',#13789,0.0393700787402) ;
#13797=VECTOR('Line Direction',#13796,0.0393700787402) ;
#13804=VECTOR('Line Direction',#13803,0.0393700787402) ;
#13811=VECTOR('Line Direction',#13810,0.0393700787402) ;
#13818=VECTOR('Line Direction',#13817,0.0393700787402) ;
#13825=VECTOR('Line Direction',#13824,0.0393700787402) ;
#13832=VECTOR('Line Direction',#13831,0.0393700787402) ;
#13839=VECTOR('Line Direction',#13838,0.0393700787402) ;
#13846=VECTOR('Line Direction',#13845,0.0393700787402) ;
#13853=VECTOR('Line Direction',#13852,0.0393700787402) ;
#13860=VECTOR('Line Direction',#13859,0.0393700787402) ;
#13867=VECTOR('Line Direction',#13866,0.0393700787402) ;
#13874=VECTOR('Line Direction',#13873,0.0393700787402) ;
#13881=VECTOR('Line Direction',#13880,0.0393700787402) ;
#13888=VECTOR('Line Direction',#13887,0.0393700787402) ;
#13895=VECTOR('Line Direction',#13894,0.0393700787402) ;
#13902=VECTOR('Line Direction',#13901,0.0393700787402) ;
#13909=VECTOR('Line Direction',#13908,0.0393700787402) ;
#13916=VECTOR('Line Direction',#13915,0.0393700787402) ;
#13923=VECTOR('Line Direction',#13922,0.0393700787402) ;
#13930=VECTOR('Line Direction',#13929,0.0393700787402) ;
#13937=VECTOR('Line Direction',#13936,0.0393700787402) ;
#13944=VECTOR('Line Direction',#13943,0.0393700787402) ;
#13951=VECTOR('Line Direction',#13950,0.0393700787402) ;
#13958=VECTOR('Line Direction',#13957,0.0393700787402) ;
#13965=VECTOR('Line Direction',#13964,0.0393700787402) ;
#13972=VECTOR('Line Direction',#13971,0.0393700787402) ;
#14026=VECTOR('Line Direction',#14025,0.0393700787402) ;
#14031=VECTOR('Line Direction',#14030,0.0393700787402) ;
#14055=VECTOR('Line Direction',#14054,0.0393700787402) ;
#14079=VECTOR('Line Direction',#14078,0.0393700787402) ;
#14103=VECTOR('Line Direction',#14102,0.0393700787402) ;
#14127=VECTOR('Line Direction',#14126,0.0393700787402) ;
#14151=VECTOR('Line Direction',#14150,0.0393700787402) ;
#14175=VECTOR('Line Direction',#14174,0.0393700787402) ;
#14199=VECTOR('Line Direction',#14198,0.0393700787402) ;
#14223=VECTOR('Line Direction',#14222,0.0393700787402) ;
#14247=VECTOR('Line Direction',#14246,0.0393700787402) ;
#14271=VECTOR('Line Direction',#14270,0.0393700787402) ;
#14295=VECTOR('Line Direction',#14294,0.0393700787402) ;
#14319=VECTOR('Line Direction',#14318,0.0393700787402) ;
#14343=VECTOR('Line Direction',#14342,0.0393700787402) ;
#14367=VECTOR('Line Direction',#14366,0.0393700787402) ;
#14391=VECTOR('Line Direction',#14390,0.0393700787402) ;
#14415=VECTOR('Line Direction',#14414,0.0393700787402) ;
#14439=VECTOR('Line Direction',#14438,0.0393700787402) ;
#14463=VECTOR('Line Direction',#14462,0.0393700787402) ;
#14487=VECTOR('Line Direction',#14486,0.0393700787402) ;
#14511=VECTOR('Line Direction',#14510,0.0393700787402) ;
#14535=VECTOR('Line Direction',#14534,0.0393700787402) ;
#14559=VECTOR('Line Direction',#14558,0.0393700787402) ;
#14583=VECTOR('Line Direction',#14582,0.0393700787402) ;
#14607=VECTOR('Line Direction',#14606,0.0393700787402) ;
#14631=VECTOR('Line Direction',#14630,0.0393700787402) ;
#14655=VECTOR('Line Direction',#14654,0.0393700787402) ;
#14679=VECTOR('Line Direction',#14678,0.0393700787402) ;
#14703=VECTOR('Line Direction',#14702,0.0393700787402) ;
#14727=VECTOR('Line Direction',#14726,0.0393700787402) ;
#14751=VECTOR('Line Direction',#14750,0.0393700787402) ;
#14775=VECTOR('Line Direction',#14774,0.0393700787402) ;
#14799=VECTOR('Line Direction',#14798,0.0393700787402) ;
#14837=VECTOR('Line Direction',#14836,0.0393700787402) ;
#14846=VECTOR('Line Direction',#14845,0.0393700787402) ;
#14853=VECTOR('Line Direction',#14852,0.0393700787402) ;
#14860=VECTOR('Line Direction',#14859,0.0393700787402) ;
#14867=VECTOR('Line Direction',#14866,0.0393700787402) ;
#14874=VECTOR('Line Direction',#14873,0.0393700787402) ;
#14881=VECTOR('Line Direction',#14880,0.0393700787402) ;
#14888=VECTOR('Line Direction',#14887,0.0393700787402) ;
#14895=VECTOR('Line Direction',#14894,0.0393700787402) ;
#14902=VECTOR('Line Direction',#14901,0.0393700787402) ;
#14932=VECTOR('Line Direction',#14931,0.0393700787402) ;
#14937=VECTOR('Line Direction',#14936,0.0393700787402) ;
#14961=VECTOR('Line Direction',#14960,0.0393700787402) ;
#14980=VECTOR('Line Direction',#14979,0.0393700787402) ;
#15004=VECTOR('Line Direction',#15003,0.0393700787402) ;
#15023=VECTOR('Line Direction',#15022,0.0393700787402) ;
#15047=VECTOR('Line Direction',#15046,0.0393700787402) ;
#15066=VECTOR('Line Direction',#15065,0.0393700787402) ;
#15090=VECTOR('Line Direction',#15089,0.0393700787402) ;
#15109=VECTOR('Line Direction',#15108,0.0393700787402) ;
#15340=VECTOR('Line Direction',#15339,0.0393700787402) ;
#15345=VECTOR('Line Direction',#15344,0.0393700787402) ;
#15383=VECTOR('Line Direction',#15382,0.0393700787402) ;
#15388=VECTOR('Line Direction',#15387,0.0393700787402) ;
#15426=VECTOR('Line Direction',#15425,0.0393700787402) ;
#15431=VECTOR('Line Direction',#15430,0.0393700787402) ;
#15469=VECTOR('Line Direction',#15468,0.0393700787402) ;
#15474=VECTOR('Line Direction',#15473,0.0393700787402) ;
#15512=VECTOR('Line Direction',#15511,0.0393700787402) ;
#15517=VECTOR('Line Direction',#15516,0.0393700787402) ;
#15555=VECTOR('Line Direction',#15554,0.0393700787402) ;
#15560=VECTOR('Line Direction',#15559,0.0393700787402) ;
#15598=VECTOR('Line Direction',#15597,0.0393700787402) ;
#15603=VECTOR('Line Direction',#15602,0.0393700787402) ;
#15641=VECTOR('Line Direction',#15640,0.0393700787402) ;
#15646=VECTOR('Line Direction',#15645,0.0393700787402) ;
#15684=VECTOR('Line Direction',#15683,0.0393700787402) ;
#15689=VECTOR('Line Direction',#15688,0.0393700787402) ;
#15727=VECTOR('Line Direction',#15726,0.0393700787402) ;
#15732=VECTOR('Line Direction',#15731,0.0393700787402) ;
#19=UNCERTAINTY_MEASURE_WITH_UNIT(LENGTH_MEASURE(0.000196850393701),#18,'distance_accuracy_value','CONFUSED CURVE UNCERTAINTY') ;
#15764=SHAPE_REPRESENTATION_RELATIONSHIP(' ',' ',#23,#15763) ;
#69=ORIENTED_EDGE('',*,*,#48,.F.) ;
#70=ORIENTED_EDGE('',*,*,#55,.T.) ;
#71=ORIENTED_EDGE('',*,*,#62,.T.) ;
#72=ORIENTED_EDGE('',*,*,#67,.F.) ;
#86=ORIENTED_EDGE('',*,*,#62,.F.) ;
#87=ORIENTED_EDGE('',*,*,#79,.T.) ;
#88=ORIENTED_EDGE('',*,*,#48,.T.) ;
#89=ORIENTED_EDGE('',*,*,#84,.F.) ;
#126=ORIENTED_EDGE('',*,*,#105,.F.) ;
#127=ORIENTED_EDGE('',*,*,#112,.T.) ;
#128=ORIENTED_EDGE('',*,*,#119,.T.) ;
#129=ORIENTED_EDGE('',*,*,#124,.F.) ;
#143=ORIENTED_EDGE('',*,*,#136,.F.) ;
#144=ORIENTED_EDGE('',*,*,#124,.T.) ;
#145=ORIENTED_EDGE('',*,*,#141,.T.) ;
#146=ORIENTED_EDGE('',*,*,#112,.F.) ;
#183=ORIENTED_EDGE('',*,*,#162,.F.) ;
#184=ORIENTED_EDGE('',*,*,#169,.T.) ;
#185=ORIENTED_EDGE('',*,*,#176,.T.) ;
#186=ORIENTED_EDGE('',*,*,#181,.F.) ;
#200=ORIENTED_EDGE('',*,*,#193,.F.) ;
#201=ORIENTED_EDGE('',*,*,#181,.T.) ;
#202=ORIENTED_EDGE('',*,*,#198,.T.) ;
#203=ORIENTED_EDGE('',*,*,#169,.F.) ;
#231=ORIENTED_EDGE('',*,*,#176,.F.) ;
#232=ORIENTED_EDGE('',*,*,#217,.T.) ;
#233=ORIENTED_EDGE('',*,*,#224,.T.) ;
#234=ORIENTED_EDGE('',*,*,#229,.F.) ;
#243=ORIENTED_EDGE('',*,*,#198,.F.) ;
#244=ORIENTED_EDGE('',*,*,#229,.T.) ;
#245=ORIENTED_EDGE('',*,*,#241,.T.) ;
#246=ORIENTED_EDGE('',*,*,#217,.F.) ;
#281=ORIENTED_EDGE('',*,*,#260,.F.) ;
#282=ORIENTED_EDGE('',*,*,#224,.F.) ;
#283=ORIENTED_EDGE('',*,*,#267,.T.) ;
#284=ORIENTED_EDGE('',*,*,#274,.F.) ;
#285=ORIENTED_EDGE('',*,*,#279,.T.) ;
#301=ORIENTED_EDGE('',*,*,#267,.F.) ;
#302=ORIENTED_EDGE('',*,*,#241,.F.) ;
#303=ORIENTED_EDGE('',*,*,#260,.T.) ;
#304=ORIENTED_EDGE('',*,*,#294,.F.) ;
#305=ORIENTED_EDGE('',*,*,#299,.T.) ;
#333=ORIENTED_EDGE('',*,*,#319,.F.) ;
#334=ORIENTED_EDGE('',*,*,#326,.F.) ;
#335=ORIENTED_EDGE('',*,*,#331,.T.) ;
#336=ORIENTED_EDGE('',*,*,#294,.T.) ;
#337=ORIENTED_EDGE('',*,*,#279,.F.) ;
#374=ORIENTED_EDGE('',*,*,#353,.F.) ;
#375=ORIENTED_EDGE('',*,*,#360,.T.) ;
#376=ORIENTED_EDGE('',*,*,#367,.T.) ;
#377=ORIENTED_EDGE('',*,*,#372,.F.) ;
#391=ORIENTED_EDGE('',*,*,#384,.F.) ;
#392=ORIENTED_EDGE('',*,*,#372,.T.) ;
#393=ORIENTED_EDGE('',*,*,#389,.T.) ;
#394=ORIENTED_EDGE('',*,*,#360,.F.) ;
#417=ORIENTED_EDGE('',*,*,#410,.T.) ;
#418=ORIENTED_EDGE('',*,*,#415,.T.) ;
#421=ORIENTED_EDGE('',*,*,#367,.F.) ;
#422=ORIENTED_EDGE('',*,*,#389,.F.) ;
#436=ORIENTED_EDGE('',*,*,#434,.T.) ;
#437=ORIENTED_EDGE('',*,*,#326,.T.) ;
#440=ORIENTED_EDGE('',*,*,#384,.T.) ;
#441=ORIENTED_EDGE('',*,*,#353,.T.) ;
#445=ORIENTED_EDGE('',*,*,#331,.F.) ;
#446=ORIENTED_EDGE('',*,*,#434,.F.) ;
#447=ORIENTED_EDGE('',*,*,#319,.T.) ;
#448=ORIENTED_EDGE('',*,*,#274,.T.) ;
#449=ORIENTED_EDGE('',*,*,#299,.F.) ;
#477=ORIENTED_EDGE('',*,*,#410,.F.) ;
#478=ORIENTED_EDGE('',*,*,#463,.T.) ;
#479=ORIENTED_EDGE('',*,*,#470,.T.) ;
#480=ORIENTED_EDGE('',*,*,#475,.F.) ;
#489=ORIENTED_EDGE('',*,*,#415,.F.) ;
#490=ORIENTED_EDGE('',*,*,#475,.T.) ;
#491=ORIENTED_EDGE('',*,*,#487,.T.) ;
#492=ORIENTED_EDGE('',*,*,#463,.F.) ;
#501=ORIENTED_EDGE('',*,*,#105,.T.) ;
#502=ORIENTED_EDGE('',*,*,#136,.T.) ;
#505=ORIENTED_EDGE('',*,*,#79,.F.) ;
#506=ORIENTED_EDGE('',*,*,#55,.F.) ;
#509=ORIENTED_EDGE('',*,*,#487,.F.) ;
#510=ORIENTED_EDGE('',*,*,#470,.F.) ;
#527=ORIENTED_EDGE('',*,*,#520,.F.) ;
#528=ORIENTED_EDGE('',*,*,#525,.F.) ;
#545=ORIENTED_EDGE('',*,*,#538,.F.) ;
#546=ORIENTED_EDGE('',*,*,#543,.F.) ;
#563=ORIENTED_EDGE('',*,*,#556,.F.) ;
#564=ORIENTED_EDGE('',*,*,#561,.F.) ;
#581=ORIENTED_EDGE('',*,*,#574,.F.) ;
#582=ORIENTED_EDGE('',*,*,#579,.F.) ;
#599=ORIENTED_EDGE('',*,*,#592,.F.) ;
#600=ORIENTED_EDGE('',*,*,#597,.F.) ;
#617=ORIENTED_EDGE('',*,*,#610,.F.) ;
#618=ORIENTED_EDGE('',*,*,#615,.F.) ;
#635=ORIENTED_EDGE('',*,*,#628,.F.) ;
#636=ORIENTED_EDGE('',*,*,#633,.F.) ;
#664=ORIENTED_EDGE('',*,*,#650,.F.) ;
#665=ORIENTED_EDGE('',*,*,#592,.T.) ;
#666=ORIENTED_EDGE('',*,*,#657,.T.) ;
#667=ORIENTED_EDGE('',*,*,#662,.F.) ;
#676=ORIENTED_EDGE('',*,*,#657,.F.) ;
#677=ORIENTED_EDGE('',*,*,#597,.T.) ;
#678=ORIENTED_EDGE('',*,*,#650,.T.) ;
#679=ORIENTED_EDGE('',*,*,#674,.F.) ;
#707=ORIENTED_EDGE('',*,*,#693,.F.) ;
#708=ORIENTED_EDGE('',*,*,#538,.T.) ;
#709=ORIENTED_EDGE('',*,*,#700,.T.) ;
#710=ORIENTED_EDGE('',*,*,#705,.F.) ;
#719=ORIENTED_EDGE('',*,*,#700,.F.) ;
#720=ORIENTED_EDGE('',*,*,#543,.T.) ;
#721=ORIENTED_EDGE('',*,*,#693,.T.) ;
#722=ORIENTED_EDGE('',*,*,#717,.F.) ;
#750=ORIENTED_EDGE('',*,*,#736,.F.) ;
#751=ORIENTED_EDGE('',*,*,#610,.T.) ;
#752=ORIENTED_EDGE('',*,*,#743,.T.) ;
#753=ORIENTED_EDGE('',*,*,#748,.F.) ;
#762=ORIENTED_EDGE('',*,*,#743,.F.) ;
#763=ORIENTED_EDGE('',*,*,#615,.T.) ;
#764=ORIENTED_EDGE('',*,*,#736,.T.) ;
#765=ORIENTED_EDGE('',*,*,#760,.F.) ;
#793=ORIENTED_EDGE('',*,*,#779,.F.) ;
#794=ORIENTED_EDGE('',*,*,#556,.T.) ;
#795=ORIENTED_EDGE('',*,*,#786,.T.) ;
#796=ORIENTED_EDGE('',*,*,#791,.F.) ;
#805=ORIENTED_EDGE('',*,*,#786,.F.) ;
#806=ORIENTED_EDGE('',*,*,#561,.T.) ;
#807=ORIENTED_EDGE('',*,*,#779,.T.) ;
#808=ORIENTED_EDGE('',*,*,#803,.F.) ;
#836=ORIENTED_EDGE('',*,*,#822,.F.) ;
#837=ORIENTED_EDGE('',*,*,#628,.T.) ;
#838=ORIENTED_EDGE('',*,*,#829,.T.) ;
#839=ORIENTED_EDGE('',*,*,#834,.F.) ;
#848=ORIENTED_EDGE('',*,*,#829,.F.) ;
#849=ORIENTED_EDGE('',*,*,#633,.T.) ;
#850=ORIENTED_EDGE('',*,*,#822,.T.) ;
#851=ORIENTED_EDGE('',*,*,#846,.F.) ;
#879=ORIENTED_EDGE('',*,*,#865,.F.) ;
#880=ORIENTED_EDGE('',*,*,#574,.T.) ;
#881=ORIENTED_EDGE('',*,*,#872,.T.) ;
#882=ORIENTED_EDGE('',*,*,#877,.F.) ;
#891=ORIENTED_EDGE('',*,*,#872,.F.) ;
#892=ORIENTED_EDGE('',*,*,#579,.T.) ;
#893=ORIENTED_EDGE('',*,*,#865,.T.) ;
#894=ORIENTED_EDGE('',*,*,#889,.F.) ;
#922=ORIENTED_EDGE('',*,*,#908,.F.) ;
#923=ORIENTED_EDGE('',*,*,#520,.T.) ;
#924=ORIENTED_EDGE('',*,*,#915,.T.) ;
#925=ORIENTED_EDGE('',*,*,#920,.F.) ;
#934=ORIENTED_EDGE('',*,*,#915,.F.) ;
#935=ORIENTED_EDGE('',*,*,#525,.T.) ;
#936=ORIENTED_EDGE('',*,*,#908,.T.) ;
#937=ORIENTED_EDGE('',*,*,#932,.F.) ;
#946=ORIENTED_EDGE('',*,*,#141,.F.) ;
#947=ORIENTED_EDGE('',*,*,#119,.F.) ;
#950=ORIENTED_EDGE('',*,*,#67,.T.) ;
#951=ORIENTED_EDGE('',*,*,#84,.T.) ;
#954=ORIENTED_EDGE('',*,*,#193,.T.) ;
#955=ORIENTED_EDGE('',*,*,#162,.T.) ;
#958=ORIENTED_EDGE('',*,*,#932,.T.) ;
#959=ORIENTED_EDGE('',*,*,#920,.T.) ;
#962=ORIENTED_EDGE('',*,*,#717,.T.) ;
#963=ORIENTED_EDGE('',*,*,#705,.T.) ;
#966=ORIENTED_EDGE('',*,*,#803,.T.) ;
#967=ORIENTED_EDGE('',*,*,#791,.T.) ;
#970=ORIENTED_EDGE('',*,*,#889,.T.) ;
#971=ORIENTED_EDGE('',*,*,#877,.T.) ;
#974=ORIENTED_EDGE('',*,*,#674,.T.) ;
#975=ORIENTED_EDGE('',*,*,#662,.T.) ;
#978=ORIENTED_EDGE('',*,*,#760,.T.) ;
#979=ORIENTED_EDGE('',*,*,#748,.T.) ;
#982=ORIENTED_EDGE('',*,*,#846,.T.) ;
#983=ORIENTED_EDGE('',*,*,#834,.T.) ;
#1000=ORIENTED_EDGE('',*,*,#993,.T.) ;
#1001=ORIENTED_EDGE('',*,*,#998,.T.) ;
#1019=ORIENTED_EDGE('',*,*,#1012,.F.) ;
#1020=ORIENTED_EDGE('',*,*,#1017,.F.) ;
#1849=ORIENTED_EDGE('',*,*,#1030,.T.) ;
#1850=ORIENTED_EDGE('',*,*,#1037,.T.) ;
#1851=ORIENTED_EDGE('',*,*,#1044,.T.) ;
#1852=ORIENTED_EDGE('',*,*,#1051,.T.) ;
#1853=ORIENTED_EDGE('',*,*,#1058,.T.) ;
#1854=ORIENTED_EDGE('',*,*,#1065,.T.) ;
#1855=ORIENTED_EDGE('',*,*,#1072,.T.) ;
#1856=ORIENTED_EDGE('',*,*,#1079,.T.) ;
#1857=ORIENTED_EDGE('',*,*,#1086,.T.) ;
#1858=ORIENTED_EDGE('',*,*,#1093,.T.) ;
#1859=ORIENTED_EDGE('',*,*,#1100,.T.) ;
#1860=ORIENTED_EDGE('',*,*,#1107,.T.) ;
#1861=ORIENTED_EDGE('',*,*,#1114,.T.) ;
#1862=ORIENTED_EDGE('',*,*,#1121,.T.) ;
#1863=ORIENTED_EDGE('',*,*,#1128,.T.) ;
#1864=ORIENTED_EDGE('',*,*,#1135,.T.) ;
#1865=ORIENTED_EDGE('',*,*,#1142,.T.) ;
#1866=ORIENTED_EDGE('',*,*,#1149,.T.) ;
#1867=ORIENTED_EDGE('',*,*,#1156,.T.) ;
#1868=ORIENTED_EDGE('',*,*,#1163,.T.) ;
#1869=ORIENTED_EDGE('',*,*,#1170,.T.) ;
#1870=ORIENTED_EDGE('',*,*,#1177,.T.) ;
#1871=ORIENTED_EDGE('',*,*,#1184,.T.) ;
#1872=ORIENTED_EDGE('',*,*,#1191,.T.) ;
#1873=ORIENTED_EDGE('',*,*,#1198,.T.) ;
#1874=ORIENTED_EDGE('',*,*,#1205,.T.) ;
#1875=ORIENTED_EDGE('',*,*,#1212,.T.) ;
#1876=ORIENTED_EDGE('',*,*,#1219,.T.) ;
#1877=ORIENTED_EDGE('',*,*,#1226,.T.) ;
#1878=ORIENTED_EDGE('',*,*,#1233,.T.) ;
#1879=ORIENTED_EDGE('',*,*,#1240,.T.) ;
#1880=ORIENTED_EDGE('',*,*,#1247,.T.) ;
#1881=ORIENTED_EDGE('',*,*,#1254,.T.) ;
#1882=ORIENTED_EDGE('',*,*,#1261,.T.) ;
#1883=ORIENTED_EDGE('',*,*,#1268,.T.) ;
#1884=ORIENTED_EDGE('',*,*,#1275,.T.) ;
#1885=ORIENTED_EDGE('',*,*,#1282,.T.) ;
#1886=ORIENTED_EDGE('',*,*,#1289,.T.) ;
#1887=ORIENTED_EDGE('',*,*,#1296,.T.) ;
#1888=ORIENTED_EDGE('',*,*,#1303,.T.) ;
#1889=ORIENTED_EDGE('',*,*,#1310,.T.) ;
#1890=ORIENTED_EDGE('',*,*,#1317,.T.) ;
#1891=ORIENTED_EDGE('',*,*,#1324,.T.) ;
#1892=ORIENTED_EDGE('',*,*,#1331,.T.) ;
#1893=ORIENTED_EDGE('',*,*,#1338,.T.) ;
#1894=ORIENTED_EDGE('',*,*,#1345,.T.) ;
#1895=ORIENTED_EDGE('',*,*,#1352,.T.) ;
#1896=ORIENTED_EDGE('',*,*,#1359,.T.) ;
#1897=ORIENTED_EDGE('',*,*,#1366,.T.) ;
#1898=ORIENTED_EDGE('',*,*,#1373,.T.) ;
#1899=ORIENTED_EDGE('',*,*,#1380,.T.) ;
#1900=ORIENTED_EDGE('',*,*,#1387,.T.) ;
#1901=ORIENTED_EDGE('',*,*,#1394,.T.) ;
#1902=ORIENTED_EDGE('',*,*,#1401,.T.) ;
#1903=ORIENTED_EDGE('',*,*,#1408,.T.) ;
#1904=ORIENTED_EDGE('',*,*,#1415,.T.) ;
#1905=ORIENTED_EDGE('',*,*,#1422,.T.) ;
#1906=ORIENTED_EDGE('',*,*,#1429,.T.) ;
#1907=ORIENTED_EDGE('',*,*,#1436,.T.) ;
#1908=ORIENTED_EDGE('',*,*,#1443,.T.) ;
#1909=ORIENTED_EDGE('',*,*,#1450,.T.) ;
#1910=ORIENTED_EDGE('',*,*,#1457,.T.) ;
#1911=ORIENTED_EDGE('',*,*,#1464,.T.) ;
#1912=ORIENTED_EDGE('',*,*,#1471,.T.) ;
#1913=ORIENTED_EDGE('',*,*,#1478,.T.) ;
#1914=ORIENTED_EDGE('',*,*,#1485,.T.) ;
#1915=ORIENTED_EDGE('',*,*,#1492,.T.) ;
#1916=ORIENTED_EDGE('',*,*,#1499,.T.) ;
#1917=ORIENTED_EDGE('',*,*,#1506,.T.) ;
#1918=ORIENTED_EDGE('',*,*,#1513,.T.) ;
#1919=ORIENTED_EDGE('',*,*,#1520,.T.) ;
#1920=ORIENTED_EDGE('',*,*,#1527,.T.) ;
#1921=ORIENTED_EDGE('',*,*,#1534,.T.) ;
#1922=ORIENTED_EDGE('',*,*,#1541,.T.) ;
#1923=ORIENTED_EDGE('',*,*,#1548,.T.) ;
#1924=ORIENTED_EDGE('',*,*,#1555,.T.) ;
#1925=ORIENTED_EDGE('',*,*,#1562,.T.) ;
#1926=ORIENTED_EDGE('',*,*,#1569,.T.) ;
#1927=ORIENTED_EDGE('',*,*,#1576,.T.) ;
#1928=ORIENTED_EDGE('',*,*,#1583,.T.) ;
#1929=ORIENTED_EDGE('',*,*,#1590,.T.) ;
#1930=ORIENTED_EDGE('',*,*,#1597,.T.) ;
#1931=ORIENTED_EDGE('',*,*,#1604,.T.) ;
#1932=ORIENTED_EDGE('',*,*,#1611,.T.) ;
#1933=ORIENTED_EDGE('',*,*,#1618,.T.) ;
#1934=ORIENTED_EDGE('',*,*,#1625,.T.) ;
#1935=ORIENTED_EDGE('',*,*,#1632,.T.) ;
#1936=ORIENTED_EDGE('',*,*,#1639,.T.) ;
#1937=ORIENTED_EDGE('',*,*,#1646,.T.) ;
#1938=ORIENTED_EDGE('',*,*,#1653,.T.) ;
#1939=ORIENTED_EDGE('',*,*,#1660,.T.) ;
#1940=ORIENTED_EDGE('',*,*,#1667,.T.) ;
#1941=ORIENTED_EDGE('',*,*,#1674,.T.) ;
#1942=ORIENTED_EDGE('',*,*,#1681,.T.) ;
#1943=ORIENTED_EDGE('',*,*,#1688,.T.) ;
#1944=ORIENTED_EDGE('',*,*,#1695,.T.) ;
#1945=ORIENTED_EDGE('',*,*,#1702,.T.) ;
#1946=ORIENTED_EDGE('',*,*,#1709,.T.) ;
#1947=ORIENTED_EDGE('',*,*,#1716,.T.) ;
#1948=ORIENTED_EDGE('',*,*,#1723,.T.) ;
#1949=ORIENTED_EDGE('',*,*,#1730,.T.) ;
#1950=ORIENTED_EDGE('',*,*,#1737,.T.) ;
#1951=ORIENTED_EDGE('',*,*,#1744,.T.) ;
#1952=ORIENTED_EDGE('',*,*,#1751,.T.) ;
#1953=ORIENTED_EDGE('',*,*,#1758,.T.) ;
#1954=ORIENTED_EDGE('',*,*,#1765,.T.) ;
#1955=ORIENTED_EDGE('',*,*,#1772,.T.) ;
#1956=ORIENTED_EDGE('',*,*,#1779,.T.) ;
#1957=ORIENTED_EDGE('',*,*,#1786,.T.) ;
#1958=ORIENTED_EDGE('',*,*,#1793,.T.) ;
#1959=ORIENTED_EDGE('',*,*,#1800,.T.) ;
#1960=ORIENTED_EDGE('',*,*,#1807,.T.) ;
#1961=ORIENTED_EDGE('',*,*,#1814,.T.) ;
#1962=ORIENTED_EDGE('',*,*,#1821,.T.) ;
#1963=ORIENTED_EDGE('',*,*,#1828,.T.) ;
#1964=ORIENTED_EDGE('',*,*,#1835,.T.) ;
#1965=ORIENTED_EDGE('',*,*,#1842,.T.) ;
#1966=ORIENTED_EDGE('',*,*,#1847,.T.) ;
#2123=ORIENTED_EDGE('',*,*,#1976,.T.) ;
#2124=ORIENTED_EDGE('',*,*,#1983,.T.) ;
#2125=ORIENTED_EDGE('',*,*,#1990,.T.) ;
#2126=ORIENTED_EDGE('',*,*,#1997,.T.) ;
#2127=ORIENTED_EDGE('',*,*,#2004,.T.) ;
#2128=ORIENTED_EDGE('',*,*,#2011,.T.) ;
#2129=ORIENTED_EDGE('',*,*,#2018,.T.) ;
#2130=ORIENTED_EDGE('',*,*,#2025,.T.) ;
#2131=ORIENTED_EDGE('',*,*,#2032,.T.) ;
#2132=ORIENTED_EDGE('',*,*,#2039,.T.) ;
#2133=ORIENTED_EDGE('',*,*,#2046,.T.) ;
#2134=ORIENTED_EDGE('',*,*,#2053,.T.) ;
#2135=ORIENTED_EDGE('',*,*,#2060,.T.) ;
#2136=ORIENTED_EDGE('',*,*,#2067,.T.) ;
#2137=ORIENTED_EDGE('',*,*,#2074,.T.) ;
#2138=ORIENTED_EDGE('',*,*,#2081,.T.) ;
#2139=ORIENTED_EDGE('',*,*,#2088,.T.) ;
#2140=ORIENTED_EDGE('',*,*,#2095,.T.) ;
#2141=ORIENTED_EDGE('',*,*,#2102,.T.) ;
#2142=ORIENTED_EDGE('',*,*,#2109,.T.) ;
#2143=ORIENTED_EDGE('',*,*,#2116,.T.) ;
#2144=ORIENTED_EDGE('',*,*,#2121,.T.) ;
#2385=ORIENTED_EDGE('',*,*,#2154,.T.) ;
#2386=ORIENTED_EDGE('',*,*,#2161,.T.) ;
#2387=ORIENTED_EDGE('',*,*,#2168,.T.) ;
#2388=ORIENTED_EDGE('',*,*,#2175,.T.) ;
#2389=ORIENTED_EDGE('',*,*,#2182,.T.) ;
#2390=ORIENTED_EDGE('',*,*,#2189,.T.) ;
#2391=ORIENTED_EDGE('',*,*,#2196,.T.) ;
#2392=ORIENTED_EDGE('',*,*,#2203,.T.) ;
#2393=ORIENTED_EDGE('',*,*,#2210,.T.) ;
#2394=ORIENTED_EDGE('',*,*,#2217,.T.) ;
#2395=ORIENTED_EDGE('',*,*,#2224,.T.) ;
#2396=ORIENTED_EDGE('',*,*,#2231,.T.) ;
#2397=ORIENTED_EDGE('',*,*,#2238,.T.) ;
#2398=ORIENTED_EDGE('',*,*,#2245,.T.) ;
#2399=ORIENTED_EDGE('',*,*,#2252,.T.) ;
#2400=ORIENTED_EDGE('',*,*,#2259,.T.) ;
#2401=ORIENTED_EDGE('',*,*,#2266,.T.) ;
#2402=ORIENTED_EDGE('',*,*,#2273,.T.) ;
#2403=ORIENTED_EDGE('',*,*,#2280,.T.) ;
#2404=ORIENTED_EDGE('',*,*,#2287,.T.) ;
#2405=ORIENTED_EDGE('',*,*,#2294,.T.) ;
#2406=ORIENTED_EDGE('',*,*,#2301,.T.) ;
#2407=ORIENTED_EDGE('',*,*,#2308,.T.) ;
#2408=ORIENTED_EDGE('',*,*,#2315,.T.) ;
#2409=ORIENTED_EDGE('',*,*,#2322,.T.) ;
#2410=ORIENTED_EDGE('',*,*,#2329,.T.) ;
#2411=ORIENTED_EDGE('',*,*,#2336,.T.) ;
#2412=ORIENTED_EDGE('',*,*,#2343,.T.) ;
#2413=ORIENTED_EDGE('',*,*,#2350,.T.) ;
#2414=ORIENTED_EDGE('',*,*,#2357,.T.) ;
#2415=ORIENTED_EDGE('',*,*,#2364,.T.) ;
#2416=ORIENTED_EDGE('',*,*,#2371,.T.) ;
#2417=ORIENTED_EDGE('',*,*,#2378,.T.) ;
#2418=ORIENTED_EDGE('',*,*,#2383,.T.) ;
#3387=ORIENTED_EDGE('',*,*,#2428,.T.) ;
#3388=ORIENTED_EDGE('',*,*,#2435,.T.) ;
#3389=ORIENTED_EDGE('',*,*,#2442,.T.) ;
#3390=ORIENTED_EDGE('',*,*,#2449,.T.) ;
#3391=ORIENTED_EDGE('',*,*,#2456,.T.) ;
#3392=ORIENTED_EDGE('',*,*,#2463,.T.) ;
#3393=ORIENTED_EDGE('',*,*,#2470,.T.) ;
#3394=ORIENTED_EDGE('',*,*,#2477,.T.) ;
#3395=ORIENTED_EDGE('',*,*,#2484,.T.) ;
#3396=ORIENTED_EDGE('',*,*,#2491,.T.) ;
#3397=ORIENTED_EDGE('',*,*,#2498,.T.) ;
#3398=ORIENTED_EDGE('',*,*,#2505,.T.) ;
#3399=ORIENTED_EDGE('',*,*,#2512,.T.) ;
#3400=ORIENTED_EDGE('',*,*,#2519,.T.) ;
#3401=ORIENTED_EDGE('',*,*,#2526,.T.) ;
#3402=ORIENTED_EDGE('',*,*,#2533,.T.) ;
#3403=ORIENTED_EDGE('',*,*,#2540,.T.) ;
#3404=ORIENTED_EDGE('',*,*,#2547,.T.) ;
#3405=ORIENTED_EDGE('',*,*,#2554,.T.) ;
#3406=ORIENTED_EDGE('',*,*,#2561,.T.) ;
#3407=ORIENTED_EDGE('',*,*,#2568,.T.) ;
#3408=ORIENTED_EDGE('',*,*,#2575,.T.) ;
#3409=ORIENTED_EDGE('',*,*,#2582,.T.) ;
#3410=ORIENTED_EDGE('',*,*,#2589,.T.) ;
#3411=ORIENTED_EDGE('',*,*,#2596,.T.) ;
#3412=ORIENTED_EDGE('',*,*,#2603,.T.) ;
#3413=ORIENTED_EDGE('',*,*,#2610,.T.) ;
#3414=ORIENTED_EDGE('',*,*,#2617,.T.) ;
#3415=ORIENTED_EDGE('',*,*,#2624,.T.) ;
#3416=ORIENTED_EDGE('',*,*,#2631,.T.) ;
#3417=ORIENTED_EDGE('',*,*,#2638,.T.) ;
#3418=ORIENTED_EDGE('',*,*,#2645,.T.) ;
#3419=ORIENTED_EDGE('',*,*,#2652,.T.) ;
#3420=ORIENTED_EDGE('',*,*,#2659,.T.) ;
#3421=ORIENTED_EDGE('',*,*,#2666,.T.) ;
#3422=ORIENTED_EDGE('',*,*,#2673,.T.) ;
#3423=ORIENTED_EDGE('',*,*,#2680,.T.) ;
#3424=ORIENTED_EDGE('',*,*,#2687,.T.) ;
#3425=ORIENTED_EDGE('',*,*,#2694,.T.) ;
#3426=ORIENTED_EDGE('',*,*,#2701,.T.) ;
#3427=ORIENTED_EDGE('',*,*,#2708,.T.) ;
#3428=ORIENTED_EDGE('',*,*,#2715,.T.) ;
#3429=ORIENTED_EDGE('',*,*,#2722,.T.) ;
#3430=ORIENTED_EDGE('',*,*,#2729,.T.) ;
#3431=ORIENTED_EDGE('',*,*,#2736,.T.) ;
#3432=ORIENTED_EDGE('',*,*,#2743,.T.) ;
#3433=ORIENTED_EDGE('',*,*,#2750,.T.) ;
#3434=ORIENTED_EDGE('',*,*,#2757,.T.) ;
#3435=ORIENTED_EDGE('',*,*,#2764,.T.) ;
#3436=ORIENTED_EDGE('',*,*,#2771,.T.) ;
#3437=ORIENTED_EDGE('',*,*,#2778,.T.) ;
#3438=ORIENTED_EDGE('',*,*,#2785,.T.) ;
#3439=ORIENTED_EDGE('',*,*,#2792,.T.) ;
#3440=ORIENTED_EDGE('',*,*,#2799,.T.) ;
#3441=ORIENTED_EDGE('',*,*,#2806,.T.) ;
#3442=ORIENTED_EDGE('',*,*,#2813,.T.) ;
#3443=ORIENTED_EDGE('',*,*,#2820,.T.) ;
#3444=ORIENTED_EDGE('',*,*,#2827,.T.) ;
#3445=ORIENTED_EDGE('',*,*,#2834,.T.) ;
#3446=ORIENTED_EDGE('',*,*,#2841,.T.) ;
#3447=ORIENTED_EDGE('',*,*,#2848,.T.) ;
#3448=ORIENTED_EDGE('',*,*,#2855,.T.) ;
#3449=ORIENTED_EDGE('',*,*,#2862,.T.) ;
#3450=ORIENTED_EDGE('',*,*,#2869,.T.) ;
#3451=ORIENTED_EDGE('',*,*,#2876,.T.) ;
#3452=ORIENTED_EDGE('',*,*,#2883,.T.) ;
#3453=ORIENTED_EDGE('',*,*,#2890,.T.) ;
#3454=ORIENTED_EDGE('',*,*,#2897,.T.) ;
#3455=ORIENTED_EDGE('',*,*,#2904,.T.) ;
#3456=ORIENTED_EDGE('',*,*,#2911,.T.) ;
#3457=ORIENTED_EDGE('',*,*,#2918,.T.) ;
#3458=ORIENTED_EDGE('',*,*,#2925,.T.) ;
#3459=ORIENTED_EDGE('',*,*,#2932,.T.) ;
#3460=ORIENTED_EDGE('',*,*,#2939,.T.) ;
#3461=ORIENTED_EDGE('',*,*,#2946,.T.) ;
#3462=ORIENTED_EDGE('',*,*,#2953,.T.) ;
#3463=ORIENTED_EDGE('',*,*,#2960,.T.) ;
#3464=ORIENTED_EDGE('',*,*,#2967,.T.) ;
#3465=ORIENTED_EDGE('',*,*,#2974,.T.) ;
#3466=ORIENTED_EDGE('',*,*,#2981,.T.) ;
#3467=ORIENTED_EDGE('',*,*,#2988,.T.) ;
#3468=ORIENTED_EDGE('',*,*,#2995,.T.) ;
#3469=ORIENTED_EDGE('',*,*,#3002,.T.) ;
#3470=ORIENTED_EDGE('',*,*,#3009,.T.) ;
#3471=ORIENTED_EDGE('',*,*,#3016,.T.) ;
#3472=ORIENTED_EDGE('',*,*,#3023,.T.) ;
#3473=ORIENTED_EDGE('',*,*,#3030,.T.) ;
#3474=ORIENTED_EDGE('',*,*,#3037,.T.) ;
#3475=ORIENTED_EDGE('',*,*,#3044,.T.) ;
#3476=ORIENTED_EDGE('',*,*,#3051,.T.) ;
#3477=ORIENTED_EDGE('',*,*,#3058,.T.) ;
#3478=ORIENTED_EDGE('',*,*,#3065,.T.) ;
#3479=ORIENTED_EDGE('',*,*,#3072,.T.) ;
#3480=ORIENTED_EDGE('',*,*,#3079,.T.) ;
#3481=ORIENTED_EDGE('',*,*,#3086,.T.) ;
#3482=ORIENTED_EDGE('',*,*,#3093,.T.) ;
#3483=ORIENTED_EDGE('',*,*,#3100,.T.) ;
#3484=ORIENTED_EDGE('',*,*,#3107,.T.) ;
#3485=ORIENTED_EDGE('',*,*,#3114,.T.) ;
#3486=ORIENTED_EDGE('',*,*,#3121,.T.) ;
#3487=ORIENTED_EDGE('',*,*,#3128,.T.) ;
#3488=ORIENTED_EDGE('',*,*,#3135,.T.) ;
#3489=ORIENTED_EDGE('',*,*,#3142,.T.) ;
#3490=ORIENTED_EDGE('',*,*,#3149,.T.) ;
#3491=ORIENTED_EDGE('',*,*,#3156,.T.) ;
#3492=ORIENTED_EDGE('',*,*,#3163,.T.) ;
#3493=ORIENTED_EDGE('',*,*,#3170,.T.) ;
#3494=ORIENTED_EDGE('',*,*,#3177,.T.) ;
#3495=ORIENTED_EDGE('',*,*,#3184,.T.) ;
#3496=ORIENTED_EDGE('',*,*,#3191,.T.) ;
#3497=ORIENTED_EDGE('',*,*,#3198,.T.) ;
#3498=ORIENTED_EDGE('',*,*,#3205,.T.) ;
#3499=ORIENTED_EDGE('',*,*,#3212,.T.) ;
#3500=ORIENTED_EDGE('',*,*,#3219,.T.) ;
#3501=ORIENTED_EDGE('',*,*,#3226,.T.) ;
#3502=ORIENTED_EDGE('',*,*,#3233,.T.) ;
#3503=ORIENTED_EDGE('',*,*,#3240,.T.) ;
#3504=ORIENTED_EDGE('',*,*,#3247,.T.) ;
#3505=ORIENTED_EDGE('',*,*,#3254,.T.) ;
#3506=ORIENTED_EDGE('',*,*,#3261,.T.) ;
#3507=ORIENTED_EDGE('',*,*,#3268,.T.) ;
#3508=ORIENTED_EDGE('',*,*,#3275,.T.) ;
#3509=ORIENTED_EDGE('',*,*,#3282,.T.) ;
#3510=ORIENTED_EDGE('',*,*,#3289,.T.) ;
#3511=ORIENTED_EDGE('',*,*,#3296,.T.) ;
#3512=ORIENTED_EDGE('',*,*,#3303,.T.) ;
#3513=ORIENTED_EDGE('',*,*,#3310,.T.) ;
#3514=ORIENTED_EDGE('',*,*,#3317,.T.) ;
#3515=ORIENTED_EDGE('',*,*,#3324,.T.) ;
#3516=ORIENTED_EDGE('',*,*,#3331,.T.) ;
#3517=ORIENTED_EDGE('',*,*,#3338,.T.) ;
#3518=ORIENTED_EDGE('',*,*,#3345,.T.) ;
#3519=ORIENTED_EDGE('',*,*,#3352,.T.) ;
#3520=ORIENTED_EDGE('',*,*,#3359,.T.) ;
#3521=ORIENTED_EDGE('',*,*,#3366,.T.) ;
#3522=ORIENTED_EDGE('',*,*,#3373,.T.) ;
#3523=ORIENTED_EDGE('',*,*,#3380,.T.) ;
#3524=ORIENTED_EDGE('',*,*,#3385,.T.) ;
#3681=ORIENTED_EDGE('',*,*,#3534,.T.) ;
#3682=ORIENTED_EDGE('',*,*,#3541,.T.) ;
#3683=ORIENTED_EDGE('',*,*,#3548,.T.) ;
#3684=ORIENTED_EDGE('',*,*,#3555,.T.) ;
#3685=ORIENTED_EDGE('',*,*,#3562,.T.) ;
#3686=ORIENTED_EDGE('',*,*,#3569,.T.) ;
#3687=ORIENTED_EDGE('',*,*,#3576,.T.) ;
#3688=ORIENTED_EDGE('',*,*,#3583,.T.) ;
#3689=ORIENTED_EDGE('',*,*,#3590,.T.) ;
#3690=ORIENTED_EDGE('',*,*,#3597,.T.) ;
#3691=ORIENTED_EDGE('',*,*,#3604,.T.) ;
#3692=ORIENTED_EDGE('',*,*,#3611,.T.) ;
#3693=ORIENTED_EDGE('',*,*,#3618,.T.) ;
#3694=ORIENTED_EDGE('',*,*,#3625,.T.) ;
#3695=ORIENTED_EDGE('',*,*,#3632,.T.) ;
#3696=ORIENTED_EDGE('',*,*,#3639,.T.) ;
#3697=ORIENTED_EDGE('',*,*,#3646,.T.) ;
#3698=ORIENTED_EDGE('',*,*,#3653,.T.) ;
#3699=ORIENTED_EDGE('',*,*,#3660,.T.) ;
#3700=ORIENTED_EDGE('',*,*,#3667,.T.) ;
#3701=ORIENTED_EDGE('',*,*,#3674,.T.) ;
#3702=ORIENTED_EDGE('',*,*,#3679,.T.) ;
#3733=ORIENTED_EDGE('',*,*,#3712,.T.) ;
#3734=ORIENTED_EDGE('',*,*,#3719,.T.) ;
#3735=ORIENTED_EDGE('',*,*,#3726,.T.) ;
#3736=ORIENTED_EDGE('',*,*,#3731,.T.) ;
#3809=ORIENTED_EDGE('',*,*,#3746,.T.) ;
#3810=ORIENTED_EDGE('',*,*,#3753,.T.) ;
#3811=ORIENTED_EDGE('',*,*,#3760,.T.) ;
#3812=ORIENTED_EDGE('',*,*,#3767,.T.) ;
#3813=ORIENTED_EDGE('',*,*,#3774,.T.) ;
#3814=ORIENTED_EDGE('',*,*,#3781,.T.) ;
#3815=ORIENTED_EDGE('',*,*,#3788,.T.) ;
#3816=ORIENTED_EDGE('',*,*,#3795,.T.) ;
#3817=ORIENTED_EDGE('',*,*,#3802,.T.) ;
#3818=ORIENTED_EDGE('',*,*,#3807,.T.) ;
#3836=ORIENTED_EDGE('',*,*,#3829,.F.) ;
#3837=ORIENTED_EDGE('',*,*,#3834,.F.) ;
#3855=ORIENTED_EDGE('',*,*,#3848,.F.) ;
#3856=ORIENTED_EDGE('',*,*,#3853,.F.) ;
#3874=ORIENTED_EDGE('',*,*,#3867,.F.) ;
#3875=ORIENTED_EDGE('',*,*,#3872,.F.) ;
#3893=ORIENTED_EDGE('',*,*,#3886,.F.) ;
#3894=ORIENTED_EDGE('',*,*,#3891,.F.) ;
#3912=ORIENTED_EDGE('',*,*,#3905,.F.) ;
#3913=ORIENTED_EDGE('',*,*,#3910,.F.) ;
#3931=ORIENTED_EDGE('',*,*,#3924,.F.) ;
#3932=ORIENTED_EDGE('',*,*,#3929,.F.) ;
#3950=ORIENTED_EDGE('',*,*,#3943,.F.) ;
#3951=ORIENTED_EDGE('',*,*,#3948,.F.) ;
#3969=ORIENTED_EDGE('',*,*,#3962,.F.) ;
#3970=ORIENTED_EDGE('',*,*,#3967,.F.) ;
#4945=ORIENTED_EDGE('',*,*,#3986,.T.) ;
#4946=ORIENTED_EDGE('',*,*,#3993,.T.) ;
#4947=ORIENTED_EDGE('',*,*,#4000,.T.) ;
#4948=ORIENTED_EDGE('',*,*,#4007,.T.) ;
#4949=ORIENTED_EDGE('',*,*,#4014,.T.) ;
#4950=ORIENTED_EDGE('',*,*,#4021,.T.) ;
#4951=ORIENTED_EDGE('',*,*,#4028,.T.) ;
#4952=ORIENTED_EDGE('',*,*,#4035,.T.) ;
#4953=ORIENTED_EDGE('',*,*,#4042,.T.) ;
#4954=ORIENTED_EDGE('',*,*,#4049,.T.) ;
#4955=ORIENTED_EDGE('',*,*,#4056,.T.) ;
#4956=ORIENTED_EDGE('',*,*,#4063,.T.) ;
#4957=ORIENTED_EDGE('',*,*,#4070,.T.) ;
#4958=ORIENTED_EDGE('',*,*,#4077,.T.) ;
#4959=ORIENTED_EDGE('',*,*,#4084,.T.) ;
#4960=ORIENTED_EDGE('',*,*,#4091,.T.) ;
#4961=ORIENTED_EDGE('',*,*,#4098,.T.) ;
#4962=ORIENTED_EDGE('',*,*,#4105,.T.) ;
#4963=ORIENTED_EDGE('',*,*,#4112,.T.) ;
#4964=ORIENTED_EDGE('',*,*,#4119,.T.) ;
#4965=ORIENTED_EDGE('',*,*,#4126,.T.) ;
#4966=ORIENTED_EDGE('',*,*,#4133,.T.) ;
#4967=ORIENTED_EDGE('',*,*,#4140,.T.) ;
#4968=ORIENTED_EDGE('',*,*,#4147,.T.) ;
#4969=ORIENTED_EDGE('',*,*,#4154,.T.) ;
#4970=ORIENTED_EDGE('',*,*,#4161,.T.) ;
#4971=ORIENTED_EDGE('',*,*,#4168,.T.) ;
#4972=ORIENTED_EDGE('',*,*,#4175,.T.) ;
#4973=ORIENTED_EDGE('',*,*,#4182,.T.) ;
#4974=ORIENTED_EDGE('',*,*,#4189,.T.) ;
#4975=ORIENTED_EDGE('',*,*,#4196,.T.) ;
#4976=ORIENTED_EDGE('',*,*,#4203,.T.) ;
#4977=ORIENTED_EDGE('',*,*,#4210,.T.) ;
#4978=ORIENTED_EDGE('',*,*,#4217,.T.) ;
#4979=ORIENTED_EDGE('',*,*,#4224,.T.) ;
#4980=ORIENTED_EDGE('',*,*,#4231,.T.) ;
#4981=ORIENTED_EDGE('',*,*,#4238,.T.) ;
#4982=ORIENTED_EDGE('',*,*,#4245,.T.) ;
#4983=ORIENTED_EDGE('',*,*,#4252,.T.) ;
#4984=ORIENTED_EDGE('',*,*,#4259,.T.) ;
#4985=ORIENTED_EDGE('',*,*,#4266,.T.) ;
#4986=ORIENTED_EDGE('',*,*,#4273,.T.) ;
#4987=ORIENTED_EDGE('',*,*,#4280,.T.) ;
#4988=ORIENTED_EDGE('',*,*,#4287,.T.) ;
#4989=ORIENTED_EDGE('',*,*,#4294,.T.) ;
#4990=ORIENTED_EDGE('',*,*,#4301,.T.) ;
#4991=ORIENTED_EDGE('',*,*,#4308,.T.) ;
#4992=ORIENTED_EDGE('',*,*,#4315,.T.) ;
#4993=ORIENTED_EDGE('',*,*,#4322,.T.) ;
#4994=ORIENTED_EDGE('',*,*,#4329,.T.) ;
#4995=ORIENTED_EDGE('',*,*,#4336,.T.) ;
#4996=ORIENTED_EDGE('',*,*,#4343,.T.) ;
#4997=ORIENTED_EDGE('',*,*,#4350,.T.) ;
#4998=ORIENTED_EDGE('',*,*,#4357,.T.) ;
#4999=ORIENTED_EDGE('',*,*,#4364,.T.) ;
#5000=ORIENTED_EDGE('',*,*,#4371,.T.) ;
#5001=ORIENTED_EDGE('',*,*,#4378,.T.) ;
#5002=ORIENTED_EDGE('',*,*,#4385,.T.) ;
#5003=ORIENTED_EDGE('',*,*,#4392,.T.) ;
#5004=ORIENTED_EDGE('',*,*,#4399,.T.) ;
#5005=ORIENTED_EDGE('',*,*,#4406,.T.) ;
#5006=ORIENTED_EDGE('',*,*,#4413,.T.) ;
#5007=ORIENTED_EDGE('',*,*,#4420,.T.) ;
#5008=ORIENTED_EDGE('',*,*,#4427,.T.) ;
#5009=ORIENTED_EDGE('',*,*,#4434,.T.) ;
#5010=ORIENTED_EDGE('',*,*,#4441,.T.) ;
#5011=ORIENTED_EDGE('',*,*,#4448,.T.) ;
#5012=ORIENTED_EDGE('',*,*,#4455,.T.) ;
#5013=ORIENTED_EDGE('',*,*,#4462,.T.) ;
#5014=ORIENTED_EDGE('',*,*,#4469,.T.) ;
#5015=ORIENTED_EDGE('',*,*,#4476,.T.) ;
#5016=ORIENTED_EDGE('',*,*,#4483,.T.) ;
#5017=ORIENTED_EDGE('',*,*,#4490,.T.) ;
#5018=ORIENTED_EDGE('',*,*,#4497,.T.) ;
#5019=ORIENTED_EDGE('',*,*,#4504,.T.) ;
#5020=ORIENTED_EDGE('',*,*,#4511,.T.) ;
#5021=ORIENTED_EDGE('',*,*,#4518,.T.) ;
#5022=ORIENTED_EDGE('',*,*,#4525,.T.) ;
#5023=ORIENTED_EDGE('',*,*,#4532,.T.) ;
#5024=ORIENTED_EDGE('',*,*,#4539,.T.) ;
#5025=ORIENTED_EDGE('',*,*,#4546,.T.) ;
#5026=ORIENTED_EDGE('',*,*,#4553,.T.) ;
#5027=ORIENTED_EDGE('',*,*,#4560,.T.) ;
#5028=ORIENTED_EDGE('',*,*,#4567,.T.) ;
#5029=ORIENTED_EDGE('',*,*,#4574,.T.) ;
#5030=ORIENTED_EDGE('',*,*,#4581,.T.) ;
#5031=ORIENTED_EDGE('',*,*,#4588,.T.) ;
#5032=ORIENTED_EDGE('',*,*,#4595,.T.) ;
#5033=ORIENTED_EDGE('',*,*,#4602,.T.) ;
#5034=ORIENTED_EDGE('',*,*,#4609,.T.) ;
#5035=ORIENTED_EDGE('',*,*,#4616,.T.) ;
#5036=ORIENTED_EDGE('',*,*,#4623,.T.) ;
#5037=ORIENTED_EDGE('',*,*,#4630,.T.) ;
#5038=ORIENTED_EDGE('',*,*,#4637,.T.) ;
#5039=ORIENTED_EDGE('',*,*,#4644,.T.) ;
#5040=ORIENTED_EDGE('',*,*,#4651,.T.) ;
#5041=ORIENTED_EDGE('',*,*,#4658,.T.) ;
#5042=ORIENTED_EDGE('',*,*,#4665,.T.) ;
#5043=ORIENTED_EDGE('',*,*,#4672,.T.) ;
#5044=ORIENTED_EDGE('',*,*,#4679,.T.) ;
#5045=ORIENTED_EDGE('',*,*,#4686,.T.) ;
#5046=ORIENTED_EDGE('',*,*,#4693,.T.) ;
#5047=ORIENTED_EDGE('',*,*,#4700,.T.) ;
#5048=ORIENTED_EDGE('',*,*,#4707,.T.) ;
#5049=ORIENTED_EDGE('',*,*,#4714,.T.) ;
#5050=ORIENTED_EDGE('',*,*,#4721,.T.) ;
#5051=ORIENTED_EDGE('',*,*,#4728,.T.) ;
#5052=ORIENTED_EDGE('',*,*,#4735,.T.) ;
#5053=ORIENTED_EDGE('',*,*,#4742,.T.) ;
#5054=ORIENTED_EDGE('',*,*,#4749,.T.) ;
#5055=ORIENTED_EDGE('',*,*,#4756,.T.) ;
#5056=ORIENTED_EDGE('',*,*,#4763,.T.) ;
#5057=ORIENTED_EDGE('',*,*,#4770,.T.) ;
#5058=ORIENTED_EDGE('',*,*,#4777,.T.) ;
#5059=ORIENTED_EDGE('',*,*,#4784,.T.) ;
#5060=ORIENTED_EDGE('',*,*,#4791,.T.) ;
#5061=ORIENTED_EDGE('',*,*,#4798,.T.) ;
#5062=ORIENTED_EDGE('',*,*,#4805,.T.) ;
#5063=ORIENTED_EDGE('',*,*,#4812,.T.) ;
#5064=ORIENTED_EDGE('',*,*,#4819,.T.) ;
#5065=ORIENTED_EDGE('',*,*,#4826,.T.) ;
#5066=ORIENTED_EDGE('',*,*,#4833,.T.) ;
#5067=ORIENTED_EDGE('',*,*,#4840,.T.) ;
#5068=ORIENTED_EDGE('',*,*,#4847,.T.) ;
#5069=ORIENTED_EDGE('',*,*,#4854,.T.) ;
#5070=ORIENTED_EDGE('',*,*,#4861,.T.) ;
#5071=ORIENTED_EDGE('',*,*,#4868,.T.) ;
#5072=ORIENTED_EDGE('',*,*,#4875,.T.) ;
#5073=ORIENTED_EDGE('',*,*,#4882,.T.) ;
#5074=ORIENTED_EDGE('',*,*,#4889,.T.) ;
#5075=ORIENTED_EDGE('',*,*,#4896,.T.) ;
#5076=ORIENTED_EDGE('',*,*,#4903,.T.) ;
#5077=ORIENTED_EDGE('',*,*,#4910,.T.) ;
#5078=ORIENTED_EDGE('',*,*,#4917,.T.) ;
#5079=ORIENTED_EDGE('',*,*,#4924,.T.) ;
#5080=ORIENTED_EDGE('',*,*,#4931,.T.) ;
#5081=ORIENTED_EDGE('',*,*,#4938,.T.) ;
#5082=ORIENTED_EDGE('',*,*,#4943,.T.) ;
#5109=ORIENTED_EDGE('',*,*,#3380,.F.) ;
#5110=ORIENTED_EDGE('',*,*,#5102,.T.) ;
#5111=ORIENTED_EDGE('',*,*,#3986,.F.) ;
#5112=ORIENTED_EDGE('',*,*,#5107,.F.) ;
#5133=ORIENTED_EDGE('',*,*,#3373,.F.) ;
#5134=ORIENTED_EDGE('',*,*,#5131,.T.) ;
#5135=ORIENTED_EDGE('',*,*,#3993,.F.) ;
#5136=ORIENTED_EDGE('',*,*,#5102,.F.) ;
#5157=ORIENTED_EDGE('',*,*,#3366,.F.) ;
#5158=ORIENTED_EDGE('',*,*,#5155,.T.) ;
#5159=ORIENTED_EDGE('',*,*,#4000,.F.) ;
#5160=ORIENTED_EDGE('',*,*,#5131,.F.) ;
#5181=ORIENTED_EDGE('',*,*,#3359,.F.) ;
#5182=ORIENTED_EDGE('',*,*,#5179,.T.) ;
#5183=ORIENTED_EDGE('',*,*,#4007,.F.) ;
#5184=ORIENTED_EDGE('',*,*,#5155,.F.) ;
#5205=ORIENTED_EDGE('',*,*,#3352,.F.) ;
#5206=ORIENTED_EDGE('',*,*,#5203,.T.) ;
#5207=ORIENTED_EDGE('',*,*,#4014,.F.) ;
#5208=ORIENTED_EDGE('',*,*,#5179,.F.) ;
#5229=ORIENTED_EDGE('',*,*,#3345,.F.) ;
#5230=ORIENTED_EDGE('',*,*,#5227,.T.) ;
#5231=ORIENTED_EDGE('',*,*,#4021,.F.) ;
#5232=ORIENTED_EDGE('',*,*,#5203,.F.) ;
#5253=ORIENTED_EDGE('',*,*,#3338,.F.) ;
#5254=ORIENTED_EDGE('',*,*,#5251,.T.) ;
#5255=ORIENTED_EDGE('',*,*,#4028,.F.) ;
#5256=ORIENTED_EDGE('',*,*,#5227,.F.) ;
#5277=ORIENTED_EDGE('',*,*,#3331,.F.) ;
#5278=ORIENTED_EDGE('',*,*,#5275,.T.) ;
#5279=ORIENTED_EDGE('',*,*,#4035,.F.) ;
#5280=ORIENTED_EDGE('',*,*,#5251,.F.) ;
#5301=ORIENTED_EDGE('',*,*,#3324,.F.) ;
#5302=ORIENTED_EDGE('',*,*,#5299,.T.) ;
#5303=ORIENTED_EDGE('',*,*,#4042,.F.) ;
#5304=ORIENTED_EDGE('',*,*,#5275,.F.) ;
#5325=ORIENTED_EDGE('',*,*,#3317,.F.) ;
#5326=ORIENTED_EDGE('',*,*,#5323,.T.) ;
#5327=ORIENTED_EDGE('',*,*,#4049,.F.) ;
#5328=ORIENTED_EDGE('',*,*,#5299,.F.) ;
#5349=ORIENTED_EDGE('',*,*,#3310,.F.) ;
#5350=ORIENTED_EDGE('',*,*,#5347,.T.) ;
#5351=ORIENTED_EDGE('',*,*,#4056,.F.) ;
#5352=ORIENTED_EDGE('',*,*,#5323,.F.) ;
#5373=ORIENTED_EDGE('',*,*,#3303,.F.) ;
#5374=ORIENTED_EDGE('',*,*,#5371,.T.) ;
#5375=ORIENTED_EDGE('',*,*,#4063,.F.) ;
#5376=ORIENTED_EDGE('',*,*,#5347,.F.) ;
#5397=ORIENTED_EDGE('',*,*,#3296,.F.) ;
#5398=ORIENTED_EDGE('',*,*,#5395,.T.) ;
#5399=ORIENTED_EDGE('',*,*,#4070,.F.) ;
#5400=ORIENTED_EDGE('',*,*,#5371,.F.) ;
#5421=ORIENTED_EDGE('',*,*,#3289,.F.) ;
#5422=ORIENTED_EDGE('',*,*,#5419,.T.) ;
#5423=ORIENTED_EDGE('',*,*,#4077,.F.) ;
#5424=ORIENTED_EDGE('',*,*,#5395,.F.) ;
#5445=ORIENTED_EDGE('',*,*,#3282,.F.) ;
#5446=ORIENTED_EDGE('',*,*,#5443,.T.) ;
#5447=ORIENTED_EDGE('',*,*,#4084,.F.) ;
#5448=ORIENTED_EDGE('',*,*,#5419,.F.) ;
#5469=ORIENTED_EDGE('',*,*,#3275,.F.) ;
#5470=ORIENTED_EDGE('',*,*,#5467,.T.) ;
#5471=ORIENTED_EDGE('',*,*,#4091,.F.) ;
#5472=ORIENTED_EDGE('',*,*,#5443,.F.) ;
#5493=ORIENTED_EDGE('',*,*,#3268,.F.) ;
#5494=ORIENTED_EDGE('',*,*,#5491,.T.) ;
#5495=ORIENTED_EDGE('',*,*,#4098,.F.) ;
#5496=ORIENTED_EDGE('',*,*,#5467,.F.) ;
#5517=ORIENTED_EDGE('',*,*,#3261,.F.) ;
#5518=ORIENTED_EDGE('',*,*,#5515,.T.) ;
#5519=ORIENTED_EDGE('',*,*,#4105,.F.) ;
#5520=ORIENTED_EDGE('',*,*,#5491,.F.) ;
#5541=ORIENTED_EDGE('',*,*,#3254,.F.) ;
#5542=ORIENTED_EDGE('',*,*,#5539,.T.) ;
#5543=ORIENTED_EDGE('',*,*,#4112,.F.) ;
#5544=ORIENTED_EDGE('',*,*,#5515,.F.) ;
#5565=ORIENTED_EDGE('',*,*,#3247,.F.) ;
#5566=ORIENTED_EDGE('',*,*,#5563,.T.) ;
#5567=ORIENTED_EDGE('',*,*,#4119,.F.) ;
#5568=ORIENTED_EDGE('',*,*,#5539,.F.) ;
#5589=ORIENTED_EDGE('',*,*,#3240,.F.) ;
#5590=ORIENTED_EDGE('',*,*,#5587,.T.) ;
#5591=ORIENTED_EDGE('',*,*,#4126,.F.) ;
#5592=ORIENTED_EDGE('',*,*,#5563,.F.) ;
#5613=ORIENTED_EDGE('',*,*,#3233,.F.) ;
#5614=ORIENTED_EDGE('',*,*,#5611,.T.) ;
#5615=ORIENTED_EDGE('',*,*,#4133,.F.) ;
#5616=ORIENTED_EDGE('',*,*,#5587,.F.) ;
#5637=ORIENTED_EDGE('',*,*,#3226,.F.) ;
#5638=ORIENTED_EDGE('',*,*,#5635,.T.) ;
#5639=ORIENTED_EDGE('',*,*,#4140,.F.) ;
#5640=ORIENTED_EDGE('',*,*,#5611,.F.) ;
#5661=ORIENTED_EDGE('',*,*,#3219,.F.) ;
#5662=ORIENTED_EDGE('',*,*,#5659,.T.) ;
#5663=ORIENTED_EDGE('',*,*,#4147,.F.) ;
#5664=ORIENTED_EDGE('',*,*,#5635,.F.) ;
#5685=ORIENTED_EDGE('',*,*,#3212,.F.) ;
#5686=ORIENTED_EDGE('',*,*,#5683,.T.) ;
#5687=ORIENTED_EDGE('',*,*,#4154,.F.) ;
#5688=ORIENTED_EDGE('',*,*,#5659,.F.) ;
#5704=ORIENTED_EDGE('',*,*,#3205,.F.) ;
#5705=ORIENTED_EDGE('',*,*,#5702,.T.) ;
#5706=ORIENTED_EDGE('',*,*,#4161,.F.) ;
#5707=ORIENTED_EDGE('',*,*,#5683,.F.) ;
#5728=ORIENTED_EDGE('',*,*,#3198,.F.) ;
#5729=ORIENTED_EDGE('',*,*,#5726,.T.) ;
#5730=ORIENTED_EDGE('',*,*,#4168,.F.) ;
#5731=ORIENTED_EDGE('',*,*,#5702,.F.) ;
#5752=ORIENTED_EDGE('',*,*,#3191,.F.) ;
#5753=ORIENTED_EDGE('',*,*,#5750,.T.) ;
#5754=ORIENTED_EDGE('',*,*,#4175,.F.) ;
#5755=ORIENTED_EDGE('',*,*,#5726,.F.) ;
#5776=ORIENTED_EDGE('',*,*,#3184,.F.) ;
#5777=ORIENTED_EDGE('',*,*,#5774,.T.) ;
#5778=ORIENTED_EDGE('',*,*,#4182,.F.) ;
#5779=ORIENTED_EDGE('',*,*,#5750,.F.) ;
#5800=ORIENTED_EDGE('',*,*,#3177,.F.) ;
#5801=ORIENTED_EDGE('',*,*,#5798,.T.) ;
#5802=ORIENTED_EDGE('',*,*,#4189,.F.) ;
#5803=ORIENTED_EDGE('',*,*,#5774,.F.) ;
#5824=ORIENTED_EDGE('',*,*,#3170,.F.) ;
#5825=ORIENTED_EDGE('',*,*,#5822,.T.) ;
#5826=ORIENTED_EDGE('',*,*,#4196,.F.) ;
#5827=ORIENTED_EDGE('',*,*,#5798,.F.) ;
#5848=ORIENTED_EDGE('',*,*,#3163,.F.) ;
#5849=ORIENTED_EDGE('',*,*,#5846,.T.) ;
#5850=ORIENTED_EDGE('',*,*,#4203,.F.) ;
#5851=ORIENTED_EDGE('',*,*,#5822,.F.) ;
#5872=ORIENTED_EDGE('',*,*,#3156,.F.) ;
#5873=ORIENTED_EDGE('',*,*,#5870,.T.) ;
#5874=ORIENTED_EDGE('',*,*,#4210,.F.) ;
#5875=ORIENTED_EDGE('',*,*,#5846,.F.) ;
#5896=ORIENTED_EDGE('',*,*,#3149,.F.) ;
#5897=ORIENTED_EDGE('',*,*,#5894,.T.) ;
#5898=ORIENTED_EDGE('',*,*,#4217,.F.) ;
#5899=ORIENTED_EDGE('',*,*,#5870,.F.) ;
#5920=ORIENTED_EDGE('',*,*,#3142,.F.) ;
#5921=ORIENTED_EDGE('',*,*,#5918,.T.) ;
#5922=ORIENTED_EDGE('',*,*,#4224,.F.) ;
#5923=ORIENTED_EDGE('',*,*,#5894,.F.) ;
#5944=ORIENTED_EDGE('',*,*,#3135,.F.) ;
#5945=ORIENTED_EDGE('',*,*,#5942,.T.) ;
#5946=ORIENTED_EDGE('',*,*,#4231,.F.) ;
#5947=ORIENTED_EDGE('',*,*,#5918,.F.) ;
#5968=ORIENTED_EDGE('',*,*,#3128,.F.) ;
#5969=ORIENTED_EDGE('',*,*,#5966,.T.) ;
#5970=ORIENTED_EDGE('',*,*,#4238,.F.) ;
#5971=ORIENTED_EDGE('',*,*,#5942,.F.) ;
#5992=ORIENTED_EDGE('',*,*,#3121,.F.) ;
#5993=ORIENTED_EDGE('',*,*,#5990,.T.) ;
#5994=ORIENTED_EDGE('',*,*,#4245,.F.) ;
#5995=ORIENTED_EDGE('',*,*,#5966,.F.) ;
#6016=ORIENTED_EDGE('',*,*,#3114,.F.) ;
#6017=ORIENTED_EDGE('',*,*,#6014,.T.) ;
#6018=ORIENTED_EDGE('',*,*,#4252,.F.) ;
#6019=ORIENTED_EDGE('',*,*,#5990,.F.) ;
#6040=ORIENTED_EDGE('',*,*,#3107,.F.) ;
#6041=ORIENTED_EDGE('',*,*,#6038,.T.) ;
#6042=ORIENTED_EDGE('',*,*,#4259,.F.) ;
#6043=ORIENTED_EDGE('',*,*,#6014,.F.) ;
#6064=ORIENTED_EDGE('',*,*,#3100,.F.) ;
#6065=ORIENTED_EDGE('',*,*,#6062,.T.) ;
#6066=ORIENTED_EDGE('',*,*,#4266,.F.) ;
#6067=ORIENTED_EDGE('',*,*,#6038,.F.) ;
#6088=ORIENTED_EDGE('',*,*,#3093,.F.) ;
#6089=ORIENTED_EDGE('',*,*,#6086,.T.) ;
#6090=ORIENTED_EDGE('',*,*,#4273,.F.) ;
#6091=ORIENTED_EDGE('',*,*,#6062,.F.) ;
#6112=ORIENTED_EDGE('',*,*,#3086,.F.) ;
#6113=ORIENTED_EDGE('',*,*,#6110,.T.) ;
#6114=ORIENTED_EDGE('',*,*,#4280,.F.) ;
#6115=ORIENTED_EDGE('',*,*,#6086,.F.) ;
#6136=ORIENTED_EDGE('',*,*,#3079,.F.) ;
#6137=ORIENTED_EDGE('',*,*,#6134,.T.) ;
#6138=ORIENTED_EDGE('',*,*,#4287,.F.) ;
#6139=ORIENTED_EDGE('',*,*,#6110,.F.) ;
#6160=ORIENTED_EDGE('',*,*,#3072,.F.) ;
#6161=ORIENTED_EDGE('',*,*,#6158,.T.) ;
#6162=ORIENTED_EDGE('',*,*,#4294,.F.) ;
#6163=ORIENTED_EDGE('',*,*,#6134,.F.) ;
#6184=ORIENTED_EDGE('',*,*,#3065,.F.) ;
#6185=ORIENTED_EDGE('',*,*,#6182,.T.) ;
#6186=ORIENTED_EDGE('',*,*,#4301,.F.) ;
#6187=ORIENTED_EDGE('',*,*,#6158,.F.) ;
#6208=ORIENTED_EDGE('',*,*,#3058,.F.) ;
#6209=ORIENTED_EDGE('',*,*,#6206,.T.) ;
#6210=ORIENTED_EDGE('',*,*,#4308,.F.) ;
#6211=ORIENTED_EDGE('',*,*,#6182,.F.) ;
#6227=ORIENTED_EDGE('',*,*,#3051,.F.) ;
#6228=ORIENTED_EDGE('',*,*,#6225,.T.) ;
#6229=ORIENTED_EDGE('',*,*,#4315,.F.) ;
#6230=ORIENTED_EDGE('',*,*,#6206,.F.) ;
#6251=ORIENTED_EDGE('',*,*,#3044,.F.) ;
#6252=ORIENTED_EDGE('',*,*,#6249,.T.) ;
#6253=ORIENTED_EDGE('',*,*,#4322,.F.) ;
#6254=ORIENTED_EDGE('',*,*,#6225,.F.) ;
#6275=ORIENTED_EDGE('',*,*,#3037,.F.) ;
#6276=ORIENTED_EDGE('',*,*,#6273,.T.) ;
#6277=ORIENTED_EDGE('',*,*,#4329,.F.) ;
#6278=ORIENTED_EDGE('',*,*,#6249,.F.) ;
#6299=ORIENTED_EDGE('',*,*,#3030,.F.) ;
#6300=ORIENTED_EDGE('',*,*,#6297,.T.) ;
#6301=ORIENTED_EDGE('',*,*,#4336,.F.) ;
#6302=ORIENTED_EDGE('',*,*,#6273,.F.) ;
#6323=ORIENTED_EDGE('',*,*,#3023,.F.) ;
#6324=ORIENTED_EDGE('',*,*,#6321,.T.) ;
#6325=ORIENTED_EDGE('',*,*,#4343,.F.) ;
#6326=ORIENTED_EDGE('',*,*,#6297,.F.) ;
#6347=ORIENTED_EDGE('',*,*,#3016,.F.) ;
#6348=ORIENTED_EDGE('',*,*,#6345,.T.) ;
#6349=ORIENTED_EDGE('',*,*,#4350,.F.) ;
#6350=ORIENTED_EDGE('',*,*,#6321,.F.) ;
#6371=ORIENTED_EDGE('',*,*,#3009,.F.) ;
#6372=ORIENTED_EDGE('',*,*,#6369,.T.) ;
#6373=ORIENTED_EDGE('',*,*,#4357,.F.) ;
#6374=ORIENTED_EDGE('',*,*,#6345,.F.) ;
#6395=ORIENTED_EDGE('',*,*,#3002,.F.) ;
#6396=ORIENTED_EDGE('',*,*,#6393,.T.) ;
#6397=ORIENTED_EDGE('',*,*,#4364,.F.) ;
#6398=ORIENTED_EDGE('',*,*,#6369,.F.) ;
#6419=ORIENTED_EDGE('',*,*,#2995,.F.) ;
#6420=ORIENTED_EDGE('',*,*,#6417,.T.) ;
#6421=ORIENTED_EDGE('',*,*,#4371,.F.) ;
#6422=ORIENTED_EDGE('',*,*,#6393,.F.) ;
#6443=ORIENTED_EDGE('',*,*,#2988,.F.) ;
#6444=ORIENTED_EDGE('',*,*,#6441,.T.) ;
#6445=ORIENTED_EDGE('',*,*,#4378,.F.) ;
#6446=ORIENTED_EDGE('',*,*,#6417,.F.) ;
#6467=ORIENTED_EDGE('',*,*,#2981,.F.) ;
#6468=ORIENTED_EDGE('',*,*,#6465,.T.) ;
#6469=ORIENTED_EDGE('',*,*,#4385,.F.) ;
#6470=ORIENTED_EDGE('',*,*,#6441,.F.) ;
#6491=ORIENTED_EDGE('',*,*,#2974,.F.) ;
#6492=ORIENTED_EDGE('',*,*,#6489,.T.) ;
#6493=ORIENTED_EDGE('',*,*,#4392,.F.) ;
#6494=ORIENTED_EDGE('',*,*,#6465,.F.) ;
#6515=ORIENTED_EDGE('',*,*,#2967,.F.) ;
#6516=ORIENTED_EDGE('',*,*,#6513,.T.) ;
#6517=ORIENTED_EDGE('',*,*,#4399,.F.) ;
#6518=ORIENTED_EDGE('',*,*,#6489,.F.) ;
#6539=ORIENTED_EDGE('',*,*,#2960,.F.) ;
#6540=ORIENTED_EDGE('',*,*,#6537,.T.) ;
#6541=ORIENTED_EDGE('',*,*,#4406,.F.) ;
#6542=ORIENTED_EDGE('',*,*,#6513,.F.) ;
#6563=ORIENTED_EDGE('',*,*,#2953,.F.) ;
#6564=ORIENTED_EDGE('',*,*,#6561,.T.) ;
#6565=ORIENTED_EDGE('',*,*,#4413,.F.) ;
#6566=ORIENTED_EDGE('',*,*,#6537,.F.) ;
#6587=ORIENTED_EDGE('',*,*,#2946,.F.) ;
#6588=ORIENTED_EDGE('',*,*,#6585,.T.) ;
#6589=ORIENTED_EDGE('',*,*,#4420,.F.) ;
#6590=ORIENTED_EDGE('',*,*,#6561,.F.) ;
#6611=ORIENTED_EDGE('',*,*,#2939,.F.) ;
#6612=ORIENTED_EDGE('',*,*,#6609,.T.) ;
#6613=ORIENTED_EDGE('',*,*,#4427,.F.) ;
#6614=ORIENTED_EDGE('',*,*,#6585,.F.) ;
#6635=ORIENTED_EDGE('',*,*,#2932,.F.) ;
#6636=ORIENTED_EDGE('',*,*,#6633,.T.) ;
#6637=ORIENTED_EDGE('',*,*,#4434,.F.) ;
#6638=ORIENTED_EDGE('',*,*,#6609,.F.) ;
#6659=ORIENTED_EDGE('',*,*,#2925,.F.) ;
#6660=ORIENTED_EDGE('',*,*,#6657,.T.) ;
#6661=ORIENTED_EDGE('',*,*,#4441,.F.) ;
#6662=ORIENTED_EDGE('',*,*,#6633,.F.) ;
#6683=ORIENTED_EDGE('',*,*,#2918,.F.) ;
#6684=ORIENTED_EDGE('',*,*,#6681,.T.) ;
#6685=ORIENTED_EDGE('',*,*,#4448,.F.) ;
#6686=ORIENTED_EDGE('',*,*,#6657,.F.) ;
#6707=ORIENTED_EDGE('',*,*,#2911,.F.) ;
#6708=ORIENTED_EDGE('',*,*,#6705,.T.) ;
#6709=ORIENTED_EDGE('',*,*,#4455,.F.) ;
#6710=ORIENTED_EDGE('',*,*,#6681,.F.) ;
#6731=ORIENTED_EDGE('',*,*,#2904,.F.) ;
#6732=ORIENTED_EDGE('',*,*,#6729,.T.) ;
#6733=ORIENTED_EDGE('',*,*,#4462,.F.) ;
#6734=ORIENTED_EDGE('',*,*,#6705,.F.) ;
#6755=ORIENTED_EDGE('',*,*,#2897,.F.) ;
#6756=ORIENTED_EDGE('',*,*,#6753,.T.) ;
#6757=ORIENTED_EDGE('',*,*,#4469,.F.) ;
#6758=ORIENTED_EDGE('',*,*,#6729,.F.) ;
#6779=ORIENTED_EDGE('',*,*,#2890,.F.) ;
#6780=ORIENTED_EDGE('',*,*,#6777,.T.) ;
#6781=ORIENTED_EDGE('',*,*,#4476,.F.) ;
#6782=ORIENTED_EDGE('',*,*,#6753,.F.) ;
#6803=ORIENTED_EDGE('',*,*,#2883,.F.) ;
#6804=ORIENTED_EDGE('',*,*,#6801,.T.) ;
#6805=ORIENTED_EDGE('',*,*,#4483,.F.) ;
#6806=ORIENTED_EDGE('',*,*,#6777,.F.) ;
#6827=ORIENTED_EDGE('',*,*,#2876,.F.) ;
#6828=ORIENTED_EDGE('',*,*,#6825,.T.) ;
#6829=ORIENTED_EDGE('',*,*,#4490,.F.) ;
#6830=ORIENTED_EDGE('',*,*,#6801,.F.) ;
#6851=ORIENTED_EDGE('',*,*,#2869,.F.) ;
#6852=ORIENTED_EDGE('',*,*,#6849,.T.) ;
#6853=ORIENTED_EDGE('',*,*,#4497,.F.) ;
#6854=ORIENTED_EDGE('',*,*,#6825,.F.) ;
#6875=ORIENTED_EDGE('',*,*,#2862,.F.) ;
#6876=ORIENTED_EDGE('',*,*,#6873,.T.) ;
#6877=ORIENTED_EDGE('',*,*,#4504,.F.) ;
#6878=ORIENTED_EDGE('',*,*,#6849,.F.) ;
#6899=ORIENTED_EDGE('',*,*,#2855,.F.) ;
#6900=ORIENTED_EDGE('',*,*,#6897,.T.) ;
#6901=ORIENTED_EDGE('',*,*,#4511,.F.) ;
#6902=ORIENTED_EDGE('',*,*,#6873,.F.) ;
#6923=ORIENTED_EDGE('',*,*,#2848,.F.) ;
#6924=ORIENTED_EDGE('',*,*,#6921,.T.) ;
#6925=ORIENTED_EDGE('',*,*,#4518,.F.) ;
#6926=ORIENTED_EDGE('',*,*,#6897,.F.) ;
#6947=ORIENTED_EDGE('',*,*,#2841,.F.) ;
#6948=ORIENTED_EDGE('',*,*,#6945,.T.) ;
#6949=ORIENTED_EDGE('',*,*,#4525,.F.) ;
#6950=ORIENTED_EDGE('',*,*,#6921,.F.) ;
#6971=ORIENTED_EDGE('',*,*,#2834,.F.) ;
#6972=ORIENTED_EDGE('',*,*,#6969,.T.) ;
#6973=ORIENTED_EDGE('',*,*,#4532,.F.) ;
#6974=ORIENTED_EDGE('',*,*,#6945,.F.) ;
#6995=ORIENTED_EDGE('',*,*,#2827,.F.) ;
#6996=ORIENTED_EDGE('',*,*,#6993,.T.) ;
#6997=ORIENTED_EDGE('',*,*,#4539,.F.) ;
#6998=ORIENTED_EDGE('',*,*,#6969,.F.) ;
#7019=ORIENTED_EDGE('',*,*,#2820,.F.) ;
#7020=ORIENTED_EDGE('',*,*,#7017,.T.) ;
#7021=ORIENTED_EDGE('',*,*,#4546,.F.) ;
#7022=ORIENTED_EDGE('',*,*,#6993,.F.) ;
#7043=ORIENTED_EDGE('',*,*,#2813,.F.) ;
#7044=ORIENTED_EDGE('',*,*,#7041,.T.) ;
#7045=ORIENTED_EDGE('',*,*,#4553,.F.) ;
#7046=ORIENTED_EDGE('',*,*,#7017,.F.) ;
#7067=ORIENTED_EDGE('',*,*,#2806,.F.) ;
#7068=ORIENTED_EDGE('',*,*,#7065,.T.) ;
#7069=ORIENTED_EDGE('',*,*,#4560,.F.) ;
#7070=ORIENTED_EDGE('',*,*,#7041,.F.) ;
#7091=ORIENTED_EDGE('',*,*,#2799,.F.) ;
#7092=ORIENTED_EDGE('',*,*,#7089,.T.) ;
#7093=ORIENTED_EDGE('',*,*,#4567,.F.) ;
#7094=ORIENTED_EDGE('',*,*,#7065,.F.) ;
#7115=ORIENTED_EDGE('',*,*,#2792,.F.) ;
#7116=ORIENTED_EDGE('',*,*,#7113,.T.) ;
#7117=ORIENTED_EDGE('',*,*,#4574,.F.) ;
#7118=ORIENTED_EDGE('',*,*,#7089,.F.) ;
#7139=ORIENTED_EDGE('',*,*,#2785,.F.) ;
#7140=ORIENTED_EDGE('',*,*,#7137,.T.) ;
#7141=ORIENTED_EDGE('',*,*,#4581,.F.) ;
#7142=ORIENTED_EDGE('',*,*,#7113,.F.) ;
#7163=ORIENTED_EDGE('',*,*,#2778,.F.) ;
#7164=ORIENTED_EDGE('',*,*,#7161,.T.) ;
#7165=ORIENTED_EDGE('',*,*,#4588,.F.) ;
#7166=ORIENTED_EDGE('',*,*,#7137,.F.) ;
#7187=ORIENTED_EDGE('',*,*,#2771,.F.) ;
#7188=ORIENTED_EDGE('',*,*,#7185,.T.) ;
#7189=ORIENTED_EDGE('',*,*,#4595,.F.) ;
#7190=ORIENTED_EDGE('',*,*,#7161,.F.) ;
#7211=ORIENTED_EDGE('',*,*,#2764,.F.) ;
#7212=ORIENTED_EDGE('',*,*,#7209,.T.) ;
#7213=ORIENTED_EDGE('',*,*,#4602,.F.) ;
#7214=ORIENTED_EDGE('',*,*,#7185,.F.) ;
#7235=ORIENTED_EDGE('',*,*,#2757,.F.) ;
#7236=ORIENTED_EDGE('',*,*,#7233,.T.) ;
#7237=ORIENTED_EDGE('',*,*,#4609,.F.) ;
#7238=ORIENTED_EDGE('',*,*,#7209,.F.) ;
#7259=ORIENTED_EDGE('',*,*,#2750,.F.) ;
#7260=ORIENTED_EDGE('',*,*,#7257,.T.) ;
#7261=ORIENTED_EDGE('',*,*,#4616,.F.) ;
#7262=ORIENTED_EDGE('',*,*,#7233,.F.) ;
#7283=ORIENTED_EDGE('',*,*,#2743,.F.) ;
#7284=ORIENTED_EDGE('',*,*,#7281,.T.) ;
#7285=ORIENTED_EDGE('',*,*,#4623,.F.) ;
#7286=ORIENTED_EDGE('',*,*,#7257,.F.) ;
#7307=ORIENTED_EDGE('',*,*,#2736,.F.) ;
#7308=ORIENTED_EDGE('',*,*,#7305,.T.) ;
#7309=ORIENTED_EDGE('',*,*,#4630,.F.) ;
#7310=ORIENTED_EDGE('',*,*,#7281,.F.) ;
#7331=ORIENTED_EDGE('',*,*,#2729,.F.) ;
#7332=ORIENTED_EDGE('',*,*,#7329,.T.) ;
#7333=ORIENTED_EDGE('',*,*,#4637,.F.) ;
#7334=ORIENTED_EDGE('',*,*,#7305,.F.) ;
#7350=ORIENTED_EDGE('',*,*,#2722,.F.) ;
#7351=ORIENTED_EDGE('',*,*,#7348,.T.) ;
#7352=ORIENTED_EDGE('',*,*,#4644,.F.) ;
#7353=ORIENTED_EDGE('',*,*,#7329,.F.) ;
#7369=ORIENTED_EDGE('',*,*,#2715,.F.) ;
#7370=ORIENTED_EDGE('',*,*,#7367,.T.) ;
#7371=ORIENTED_EDGE('',*,*,#4651,.F.) ;
#7372=ORIENTED_EDGE('',*,*,#7348,.F.) ;
#7393=ORIENTED_EDGE('',*,*,#2708,.F.) ;
#7394=ORIENTED_EDGE('',*,*,#7391,.T.) ;
#7395=ORIENTED_EDGE('',*,*,#4658,.F.) ;
#7396=ORIENTED_EDGE('',*,*,#7367,.F.) ;
#7417=ORIENTED_EDGE('',*,*,#2701,.F.) ;
#7418=ORIENTED_EDGE('',*,*,#7415,.T.) ;
#7419=ORIENTED_EDGE('',*,*,#4665,.F.) ;
#7420=ORIENTED_EDGE('',*,*,#7391,.F.) ;
#7441=ORIENTED_EDGE('',*,*,#2694,.F.) ;
#7442=ORIENTED_EDGE('',*,*,#7439,.T.) ;
#7443=ORIENTED_EDGE('',*,*,#4672,.F.) ;
#7444=ORIENTED_EDGE('',*,*,#7415,.F.) ;
#7465=ORIENTED_EDGE('',*,*,#2687,.F.) ;
#7466=ORIENTED_EDGE('',*,*,#7463,.T.) ;
#7467=ORIENTED_EDGE('',*,*,#4679,.F.) ;
#7468=ORIENTED_EDGE('',*,*,#7439,.F.) ;
#7489=ORIENTED_EDGE('',*,*,#2680,.F.) ;
#7490=ORIENTED_EDGE('',*,*,#7487,.T.) ;
#7491=ORIENTED_EDGE('',*,*,#4686,.F.) ;
#7492=ORIENTED_EDGE('',*,*,#7463,.F.) ;
#7513=ORIENTED_EDGE('',*,*,#2673,.F.) ;
#7514=ORIENTED_EDGE('',*,*,#7511,.T.) ;
#7515=ORIENTED_EDGE('',*,*,#4693,.F.) ;
#7516=ORIENTED_EDGE('',*,*,#7487,.F.) ;
#7537=ORIENTED_EDGE('',*,*,#2666,.F.) ;
#7538=ORIENTED_EDGE('',*,*,#7535,.T.) ;
#7539=ORIENTED_EDGE('',*,*,#4700,.F.) ;
#7540=ORIENTED_EDGE('',*,*,#7511,.F.) ;
#7561=ORIENTED_EDGE('',*,*,#2659,.F.) ;
#7562=ORIENTED_EDGE('',*,*,#7559,.T.) ;
#7563=ORIENTED_EDGE('',*,*,#4707,.F.) ;
#7564=ORIENTED_EDGE('',*,*,#7535,.F.) ;
#7585=ORIENTED_EDGE('',*,*,#2652,.F.) ;
#7586=ORIENTED_EDGE('',*,*,#7583,.T.) ;
#7587=ORIENTED_EDGE('',*,*,#4714,.F.) ;
#7588=ORIENTED_EDGE('',*,*,#7559,.F.) ;
#7609=ORIENTED_EDGE('',*,*,#2645,.F.) ;
#7610=ORIENTED_EDGE('',*,*,#7607,.T.) ;
#7611=ORIENTED_EDGE('',*,*,#4721,.F.) ;
#7612=ORIENTED_EDGE('',*,*,#7583,.F.) ;
#7633=ORIENTED_EDGE('',*,*,#2638,.F.) ;
#7634=ORIENTED_EDGE('',*,*,#7631,.T.) ;
#7635=ORIENTED_EDGE('',*,*,#4728,.F.) ;
#7636=ORIENTED_EDGE('',*,*,#7607,.F.) ;
#7657=ORIENTED_EDGE('',*,*,#2631,.F.) ;
#7658=ORIENTED_EDGE('',*,*,#7655,.T.) ;
#7659=ORIENTED_EDGE('',*,*,#4735,.F.) ;
#7660=ORIENTED_EDGE('',*,*,#7631,.F.) ;
#7681=ORIENTED_EDGE('',*,*,#2624,.F.) ;
#7682=ORIENTED_EDGE('',*,*,#7679,.T.) ;
#7683=ORIENTED_EDGE('',*,*,#4742,.F.) ;
#7684=ORIENTED_EDGE('',*,*,#7655,.F.) ;
#7705=ORIENTED_EDGE('',*,*,#2617,.F.) ;
#7706=ORIENTED_EDGE('',*,*,#7703,.T.) ;
#7707=ORIENTED_EDGE('',*,*,#4749,.F.) ;
#7708=ORIENTED_EDGE('',*,*,#7679,.F.) ;
#7729=ORIENTED_EDGE('',*,*,#2610,.F.) ;
#7730=ORIENTED_EDGE('',*,*,#7727,.T.) ;
#7731=ORIENTED_EDGE('',*,*,#4756,.F.) ;
#7732=ORIENTED_EDGE('',*,*,#7703,.F.) ;
#7753=ORIENTED_EDGE('',*,*,#2603,.F.) ;
#7754=ORIENTED_EDGE('',*,*,#7751,.T.) ;
#7755=ORIENTED_EDGE('',*,*,#4763,.F.) ;
#7756=ORIENTED_EDGE('',*,*,#7727,.F.) ;
#7777=ORIENTED_EDGE('',*,*,#2596,.F.) ;
#7778=ORIENTED_EDGE('',*,*,#7775,.T.) ;
#7779=ORIENTED_EDGE('',*,*,#4770,.F.) ;
#7780=ORIENTED_EDGE('',*,*,#7751,.F.) ;
#7801=ORIENTED_EDGE('',*,*,#2589,.F.) ;
#7802=ORIENTED_EDGE('',*,*,#7799,.T.) ;
#7803=ORIENTED_EDGE('',*,*,#4777,.F.) ;
#7804=ORIENTED_EDGE('',*,*,#7775,.F.) ;
#7825=ORIENTED_EDGE('',*,*,#2582,.F.) ;
#7826=ORIENTED_EDGE('',*,*,#7823,.T.) ;
#7827=ORIENTED_EDGE('',*,*,#4784,.F.) ;
#7828=ORIENTED_EDGE('',*,*,#7799,.F.) ;
#7849=ORIENTED_EDGE('',*,*,#2575,.F.) ;
#7850=ORIENTED_EDGE('',*,*,#7847,.T.) ;
#7851=ORIENTED_EDGE('',*,*,#4791,.F.) ;
#7852=ORIENTED_EDGE('',*,*,#7823,.F.) ;
#7873=ORIENTED_EDGE('',*,*,#2568,.F.) ;
#7874=ORIENTED_EDGE('',*,*,#7871,.T.) ;
#7875=ORIENTED_EDGE('',*,*,#4798,.F.) ;
#7876=ORIENTED_EDGE('',*,*,#7847,.F.) ;
#7897=ORIENTED_EDGE('',*,*,#2561,.F.) ;
#7898=ORIENTED_EDGE('',*,*,#7895,.T.) ;
#7899=ORIENTED_EDGE('',*,*,#4805,.F.) ;
#7900=ORIENTED_EDGE('',*,*,#7871,.F.) ;
#7921=ORIENTED_EDGE('',*,*,#2554,.F.) ;
#7922=ORIENTED_EDGE('',*,*,#7919,.T.) ;
#7923=ORIENTED_EDGE('',*,*,#4812,.F.) ;
#7924=ORIENTED_EDGE('',*,*,#7895,.F.) ;
#7945=ORIENTED_EDGE('',*,*,#2547,.F.) ;
#7946=ORIENTED_EDGE('',*,*,#7943,.T.) ;
#7947=ORIENTED_EDGE('',*,*,#4819,.F.) ;
#7948=ORIENTED_EDGE('',*,*,#7919,.F.) ;
#7969=ORIENTED_EDGE('',*,*,#2540,.F.) ;
#7970=ORIENTED_EDGE('',*,*,#7967,.T.) ;
#7971=ORIENTED_EDGE('',*,*,#4826,.F.) ;
#7972=ORIENTED_EDGE('',*,*,#7943,.F.) ;
#7993=ORIENTED_EDGE('',*,*,#2533,.F.) ;
#7994=ORIENTED_EDGE('',*,*,#7991,.T.) ;
#7995=ORIENTED_EDGE('',*,*,#4833,.F.) ;
#7996=ORIENTED_EDGE('',*,*,#7967,.F.) ;
#8017=ORIENTED_EDGE('',*,*,#2526,.F.) ;
#8018=ORIENTED_EDGE('',*,*,#8015,.T.) ;
#8019=ORIENTED_EDGE('',*,*,#4840,.F.) ;
#8020=ORIENTED_EDGE('',*,*,#7991,.F.) ;
#8041=ORIENTED_EDGE('',*,*,#2519,.F.) ;
#8042=ORIENTED_EDGE('',*,*,#8039,.T.) ;
#8043=ORIENTED_EDGE('',*,*,#4847,.F.) ;
#8044=ORIENTED_EDGE('',*,*,#8015,.F.) ;
#8065=ORIENTED_EDGE('',*,*,#2512,.F.) ;
#8066=ORIENTED_EDGE('',*,*,#8063,.T.) ;
#8067=ORIENTED_EDGE('',*,*,#4854,.F.) ;
#8068=ORIENTED_EDGE('',*,*,#8039,.F.) ;
#8089=ORIENTED_EDGE('',*,*,#2505,.F.) ;
#8090=ORIENTED_EDGE('',*,*,#8087,.T.) ;
#8091=ORIENTED_EDGE('',*,*,#4861,.F.) ;
#8092=ORIENTED_EDGE('',*,*,#8063,.F.) ;
#8113=ORIENTED_EDGE('',*,*,#2498,.F.) ;
#8114=ORIENTED_EDGE('',*,*,#8111,.T.) ;
#8115=ORIENTED_EDGE('',*,*,#4868,.F.) ;
#8116=ORIENTED_EDGE('',*,*,#8087,.F.) ;
#8137=ORIENTED_EDGE('',*,*,#2491,.F.) ;
#8138=ORIENTED_EDGE('',*,*,#8135,.T.) ;
#8139=ORIENTED_EDGE('',*,*,#4875,.F.) ;
#8140=ORIENTED_EDGE('',*,*,#8111,.F.) ;
#8161=ORIENTED_EDGE('',*,*,#2484,.F.) ;
#8162=ORIENTED_EDGE('',*,*,#8159,.T.) ;
#8163=ORIENTED_EDGE('',*,*,#4882,.F.) ;
#8164=ORIENTED_EDGE('',*,*,#8135,.F.) ;
#8185=ORIENTED_EDGE('',*,*,#2477,.F.) ;
#8186=ORIENTED_EDGE('',*,*,#8183,.T.) ;
#8187=ORIENTED_EDGE('',*,*,#4889,.F.) ;
#8188=ORIENTED_EDGE('',*,*,#8159,.F.) ;
#8209=ORIENTED_EDGE('',*,*,#2470,.F.) ;
#8210=ORIENTED_EDGE('',*,*,#8207,.T.) ;
#8211=ORIENTED_EDGE('',*,*,#4896,.F.) ;
#8212=ORIENTED_EDGE('',*,*,#8183,.F.) ;
#8233=ORIENTED_EDGE('',*,*,#2463,.F.) ;
#8234=ORIENTED_EDGE('',*,*,#8231,.T.) ;
#8235=ORIENTED_EDGE('',*,*,#4903,.F.) ;
#8236=ORIENTED_EDGE('',*,*,#8207,.F.) ;
#8257=ORIENTED_EDGE('',*,*,#2456,.F.) ;
#8258=ORIENTED_EDGE('',*,*,#8255,.T.) ;
#8259=ORIENTED_EDGE('',*,*,#4910,.F.) ;
#8260=ORIENTED_EDGE('',*,*,#8231,.F.) ;
#8281=ORIENTED_EDGE('',*,*,#2449,.F.) ;
#8282=ORIENTED_EDGE('',*,*,#8279,.T.) ;
#8283=ORIENTED_EDGE('',*,*,#4917,.F.) ;
#8284=ORIENTED_EDGE('',*,*,#8255,.F.) ;
#8305=ORIENTED_EDGE('',*,*,#2442,.F.) ;
#8306=ORIENTED_EDGE('',*,*,#8303,.T.) ;
#8307=ORIENTED_EDGE('',*,*,#4924,.F.) ;
#8308=ORIENTED_EDGE('',*,*,#8279,.F.) ;
#8329=ORIENTED_EDGE('',*,*,#2435,.F.) ;
#8330=ORIENTED_EDGE('',*,*,#8327,.T.) ;
#8331=ORIENTED_EDGE('',*,*,#4931,.F.) ;
#8332=ORIENTED_EDGE('',*,*,#8303,.F.) ;
#8353=ORIENTED_EDGE('',*,*,#2428,.F.) ;
#8354=ORIENTED_EDGE('',*,*,#8351,.T.) ;
#8355=ORIENTED_EDGE('',*,*,#4938,.F.) ;
#8356=ORIENTED_EDGE('',*,*,#8327,.F.) ;
#8372=ORIENTED_EDGE('',*,*,#3385,.F.) ;
#8373=ORIENTED_EDGE('',*,*,#5107,.T.) ;
#8374=ORIENTED_EDGE('',*,*,#4943,.F.) ;
#8375=ORIENTED_EDGE('',*,*,#8351,.F.) ;
#9212=ORIENTED_EDGE('',*,*,#8393,.T.) ;
#9213=ORIENTED_EDGE('',*,*,#8400,.T.) ;
#9214=ORIENTED_EDGE('',*,*,#8407,.T.) ;
#9215=ORIENTED_EDGE('',*,*,#8414,.T.) ;
#9216=ORIENTED_EDGE('',*,*,#8421,.T.) ;
#9217=ORIENTED_EDGE('',*,*,#8428,.T.) ;
#9218=ORIENTED_EDGE('',*,*,#8435,.T.) ;
#9219=ORIENTED_EDGE('',*,*,#8442,.T.) ;
#9220=ORIENTED_EDGE('',*,*,#8449,.T.) ;
#9221=ORIENTED_EDGE('',*,*,#8456,.T.) ;
#9222=ORIENTED_EDGE('',*,*,#8463,.T.) ;
#9223=ORIENTED_EDGE('',*,*,#8470,.T.) ;
#9224=ORIENTED_EDGE('',*,*,#8477,.T.) ;
#9225=ORIENTED_EDGE('',*,*,#8484,.T.) ;
#9226=ORIENTED_EDGE('',*,*,#8491,.T.) ;
#9227=ORIENTED_EDGE('',*,*,#8498,.T.) ;
#9228=ORIENTED_EDGE('',*,*,#8505,.T.) ;
#9229=ORIENTED_EDGE('',*,*,#8512,.T.) ;
#9230=ORIENTED_EDGE('',*,*,#8519,.T.) ;
#9231=ORIENTED_EDGE('',*,*,#8526,.T.) ;
#9232=ORIENTED_EDGE('',*,*,#8533,.T.) ;
#9233=ORIENTED_EDGE('',*,*,#8540,.T.) ;
#9234=ORIENTED_EDGE('',*,*,#8547,.T.) ;
#9235=ORIENTED_EDGE('',*,*,#8554,.T.) ;
#9236=ORIENTED_EDGE('',*,*,#8561,.T.) ;
#9237=ORIENTED_EDGE('',*,*,#8568,.T.) ;
#9238=ORIENTED_EDGE('',*,*,#8575,.T.) ;
#9239=ORIENTED_EDGE('',*,*,#8582,.T.) ;
#9240=ORIENTED_EDGE('',*,*,#8589,.T.) ;
#9241=ORIENTED_EDGE('',*,*,#8596,.T.) ;
#9242=ORIENTED_EDGE('',*,*,#8603,.T.) ;
#9243=ORIENTED_EDGE('',*,*,#8610,.T.) ;
#9244=ORIENTED_EDGE('',*,*,#8617,.T.) ;
#9245=ORIENTED_EDGE('',*,*,#8624,.T.) ;
#9246=ORIENTED_EDGE('',*,*,#8631,.T.) ;
#9247=ORIENTED_EDGE('',*,*,#8638,.T.) ;
#9248=ORIENTED_EDGE('',*,*,#8645,.T.) ;
#9249=ORIENTED_EDGE('',*,*,#8652,.T.) ;
#9250=ORIENTED_EDGE('',*,*,#8659,.T.) ;
#9251=ORIENTED_EDGE('',*,*,#8666,.T.) ;
#9252=ORIENTED_EDGE('',*,*,#8673,.T.) ;
#9253=ORIENTED_EDGE('',*,*,#8680,.T.) ;
#9254=ORIENTED_EDGE('',*,*,#8687,.T.) ;
#9255=ORIENTED_EDGE('',*,*,#8694,.T.) ;
#9256=ORIENTED_EDGE('',*,*,#8701,.T.) ;
#9257=ORIENTED_EDGE('',*,*,#8708,.T.) ;
#9258=ORIENTED_EDGE('',*,*,#8715,.T.) ;
#9259=ORIENTED_EDGE('',*,*,#8722,.T.) ;
#9260=ORIENTED_EDGE('',*,*,#8729,.T.) ;
#9261=ORIENTED_EDGE('',*,*,#8736,.T.) ;
#9262=ORIENTED_EDGE('',*,*,#8743,.T.) ;
#9263=ORIENTED_EDGE('',*,*,#8750,.T.) ;
#9264=ORIENTED_EDGE('',*,*,#8757,.T.) ;
#9265=ORIENTED_EDGE('',*,*,#8764,.T.) ;
#9266=ORIENTED_EDGE('',*,*,#8771,.T.) ;
#9267=ORIENTED_EDGE('',*,*,#8778,.T.) ;
#9268=ORIENTED_EDGE('',*,*,#8785,.T.) ;
#9269=ORIENTED_EDGE('',*,*,#8792,.T.) ;
#9270=ORIENTED_EDGE('',*,*,#8799,.T.) ;
#9271=ORIENTED_EDGE('',*,*,#8806,.T.) ;
#9272=ORIENTED_EDGE('',*,*,#8813,.T.) ;
#9273=ORIENTED_EDGE('',*,*,#8820,.T.) ;
#9274=ORIENTED_EDGE('',*,*,#8827,.T.) ;
#9275=ORIENTED_EDGE('',*,*,#8834,.T.) ;
#9276=ORIENTED_EDGE('',*,*,#8841,.T.) ;
#9277=ORIENTED_EDGE('',*,*,#8848,.T.) ;
#9278=ORIENTED_EDGE('',*,*,#8855,.T.) ;
#9279=ORIENTED_EDGE('',*,*,#8862,.T.) ;
#9280=ORIENTED_EDGE('',*,*,#8869,.T.) ;
#9281=ORIENTED_EDGE('',*,*,#8876,.T.) ;
#9282=ORIENTED_EDGE('',*,*,#8883,.T.) ;
#9283=ORIENTED_EDGE('',*,*,#8890,.T.) ;
#9284=ORIENTED_EDGE('',*,*,#8897,.T.) ;
#9285=ORIENTED_EDGE('',*,*,#8904,.T.) ;
#9286=ORIENTED_EDGE('',*,*,#8911,.T.) ;
#9287=ORIENTED_EDGE('',*,*,#8918,.T.) ;
#9288=ORIENTED_EDGE('',*,*,#8925,.T.) ;
#9289=ORIENTED_EDGE('',*,*,#8932,.T.) ;
#9290=ORIENTED_EDGE('',*,*,#8939,.T.) ;
#9291=ORIENTED_EDGE('',*,*,#8946,.T.) ;
#9292=ORIENTED_EDGE('',*,*,#8953,.T.) ;
#9293=ORIENTED_EDGE('',*,*,#8960,.T.) ;
#9294=ORIENTED_EDGE('',*,*,#8967,.T.) ;
#9295=ORIENTED_EDGE('',*,*,#8974,.T.) ;
#9296=ORIENTED_EDGE('',*,*,#8981,.T.) ;
#9297=ORIENTED_EDGE('',*,*,#8988,.T.) ;
#9298=ORIENTED_EDGE('',*,*,#8995,.T.) ;
#9299=ORIENTED_EDGE('',*,*,#9002,.T.) ;
#9300=ORIENTED_EDGE('',*,*,#9009,.T.) ;
#9301=ORIENTED_EDGE('',*,*,#9016,.T.) ;
#9302=ORIENTED_EDGE('',*,*,#9023,.T.) ;
#9303=ORIENTED_EDGE('',*,*,#9030,.T.) ;
#9304=ORIENTED_EDGE('',*,*,#9037,.T.) ;
#9305=ORIENTED_EDGE('',*,*,#9044,.T.) ;
#9306=ORIENTED_EDGE('',*,*,#9051,.T.) ;
#9307=ORIENTED_EDGE('',*,*,#9058,.T.) ;
#9308=ORIENTED_EDGE('',*,*,#9065,.T.) ;
#9309=ORIENTED_EDGE('',*,*,#9072,.T.) ;
#9310=ORIENTED_EDGE('',*,*,#9079,.T.) ;
#9311=ORIENTED_EDGE('',*,*,#9086,.T.) ;
#9312=ORIENTED_EDGE('',*,*,#9093,.T.) ;
#9313=ORIENTED_EDGE('',*,*,#9100,.T.) ;
#9314=ORIENTED_EDGE('',*,*,#9107,.T.) ;
#9315=ORIENTED_EDGE('',*,*,#9114,.T.) ;
#9316=ORIENTED_EDGE('',*,*,#9121,.T.) ;
#9317=ORIENTED_EDGE('',*,*,#9128,.T.) ;
#9318=ORIENTED_EDGE('',*,*,#9135,.T.) ;
#9319=ORIENTED_EDGE('',*,*,#9142,.T.) ;
#9320=ORIENTED_EDGE('',*,*,#9149,.T.) ;
#9321=ORIENTED_EDGE('',*,*,#9156,.T.) ;
#9322=ORIENTED_EDGE('',*,*,#9163,.T.) ;
#9323=ORIENTED_EDGE('',*,*,#9170,.T.) ;
#9324=ORIENTED_EDGE('',*,*,#9177,.T.) ;
#9325=ORIENTED_EDGE('',*,*,#9184,.T.) ;
#9326=ORIENTED_EDGE('',*,*,#9191,.T.) ;
#9327=ORIENTED_EDGE('',*,*,#9198,.T.) ;
#9328=ORIENTED_EDGE('',*,*,#9205,.T.) ;
#9329=ORIENTED_EDGE('',*,*,#9210,.T.) ;
#9355=ORIENTED_EDGE('',*,*,#1842,.F.) ;
#9356=ORIENTED_EDGE('',*,*,#9348,.T.) ;
#9357=ORIENTED_EDGE('',*,*,#8393,.F.) ;
#9358=ORIENTED_EDGE('',*,*,#9353,.F.) ;
#9379=ORIENTED_EDGE('',*,*,#1835,.F.) ;
#9380=ORIENTED_EDGE('',*,*,#9377,.T.) ;
#9381=ORIENTED_EDGE('',*,*,#8400,.F.) ;
#9382=ORIENTED_EDGE('',*,*,#9348,.F.) ;
#9403=ORIENTED_EDGE('',*,*,#1828,.F.) ;
#9404=ORIENTED_EDGE('',*,*,#9401,.T.) ;
#9405=ORIENTED_EDGE('',*,*,#8407,.F.) ;
#9406=ORIENTED_EDGE('',*,*,#9377,.F.) ;
#9427=ORIENTED_EDGE('',*,*,#1821,.F.) ;
#9428=ORIENTED_EDGE('',*,*,#9425,.T.) ;
#9429=ORIENTED_EDGE('',*,*,#8414,.F.) ;
#9430=ORIENTED_EDGE('',*,*,#9401,.F.) ;
#9451=ORIENTED_EDGE('',*,*,#1814,.F.) ;
#9452=ORIENTED_EDGE('',*,*,#9449,.T.) ;
#9453=ORIENTED_EDGE('',*,*,#8421,.F.) ;
#9454=ORIENTED_EDGE('',*,*,#9425,.F.) ;
#9475=ORIENTED_EDGE('',*,*,#1807,.F.) ;
#9476=ORIENTED_EDGE('',*,*,#9473,.T.) ;
#9477=ORIENTED_EDGE('',*,*,#8428,.F.) ;
#9478=ORIENTED_EDGE('',*,*,#9449,.F.) ;
#9499=ORIENTED_EDGE('',*,*,#1800,.F.) ;
#9500=ORIENTED_EDGE('',*,*,#9497,.T.) ;
#9501=ORIENTED_EDGE('',*,*,#8435,.F.) ;
#9502=ORIENTED_EDGE('',*,*,#9473,.F.) ;
#9523=ORIENTED_EDGE('',*,*,#1793,.F.) ;
#9524=ORIENTED_EDGE('',*,*,#9521,.T.) ;
#9525=ORIENTED_EDGE('',*,*,#8442,.F.) ;
#9526=ORIENTED_EDGE('',*,*,#9497,.F.) ;
#9547=ORIENTED_EDGE('',*,*,#1786,.F.) ;
#9548=ORIENTED_EDGE('',*,*,#9545,.T.) ;
#9549=ORIENTED_EDGE('',*,*,#8449,.F.) ;
#9550=ORIENTED_EDGE('',*,*,#9521,.F.) ;
#9571=ORIENTED_EDGE('',*,*,#1779,.F.) ;
#9572=ORIENTED_EDGE('',*,*,#9569,.T.) ;
#9573=ORIENTED_EDGE('',*,*,#8456,.F.) ;
#9574=ORIENTED_EDGE('',*,*,#9545,.F.) ;
#9595=ORIENTED_EDGE('',*,*,#1772,.F.) ;
#9596=ORIENTED_EDGE('',*,*,#9593,.T.) ;
#9597=ORIENTED_EDGE('',*,*,#8463,.F.) ;
#9598=ORIENTED_EDGE('',*,*,#9569,.F.) ;
#9619=ORIENTED_EDGE('',*,*,#1765,.F.) ;
#9620=ORIENTED_EDGE('',*,*,#9617,.T.) ;
#9621=ORIENTED_EDGE('',*,*,#8470,.F.) ;
#9622=ORIENTED_EDGE('',*,*,#9593,.F.) ;
#9643=ORIENTED_EDGE('',*,*,#1758,.F.) ;
#9644=ORIENTED_EDGE('',*,*,#9641,.T.) ;
#9645=ORIENTED_EDGE('',*,*,#8477,.F.) ;
#9646=ORIENTED_EDGE('',*,*,#9617,.F.) ;
#9667=ORIENTED_EDGE('',*,*,#1751,.F.) ;
#9668=ORIENTED_EDGE('',*,*,#9665,.T.) ;
#9669=ORIENTED_EDGE('',*,*,#8484,.F.) ;
#9670=ORIENTED_EDGE('',*,*,#9641,.F.) ;
#9691=ORIENTED_EDGE('',*,*,#1744,.F.) ;
#9692=ORIENTED_EDGE('',*,*,#9689,.T.) ;
#9693=ORIENTED_EDGE('',*,*,#8491,.F.) ;
#9694=ORIENTED_EDGE('',*,*,#9665,.F.) ;
#9715=ORIENTED_EDGE('',*,*,#1737,.F.) ;
#9716=ORIENTED_EDGE('',*,*,#9713,.T.) ;
#9717=ORIENTED_EDGE('',*,*,#8498,.F.) ;
#9718=ORIENTED_EDGE('',*,*,#9689,.F.) ;
#9739=ORIENTED_EDGE('',*,*,#1730,.F.) ;
#9740=ORIENTED_EDGE('',*,*,#9737,.T.) ;
#9741=ORIENTED_EDGE('',*,*,#8505,.F.) ;
#9742=ORIENTED_EDGE('',*,*,#9713,.F.) ;
#9763=ORIENTED_EDGE('',*,*,#1723,.F.) ;
#9764=ORIENTED_EDGE('',*,*,#9761,.T.) ;
#9765=ORIENTED_EDGE('',*,*,#8512,.F.) ;
#9766=ORIENTED_EDGE('',*,*,#9737,.F.) ;
#9787=ORIENTED_EDGE('',*,*,#1716,.F.) ;
#9788=ORIENTED_EDGE('',*,*,#9785,.T.) ;
#9789=ORIENTED_EDGE('',*,*,#8519,.F.) ;
#9790=ORIENTED_EDGE('',*,*,#9761,.F.) ;
#9811=ORIENTED_EDGE('',*,*,#1709,.F.) ;
#9812=ORIENTED_EDGE('',*,*,#9809,.T.) ;
#9813=ORIENTED_EDGE('',*,*,#8526,.F.) ;
#9814=ORIENTED_EDGE('',*,*,#9785,.F.) ;
#9835=ORIENTED_EDGE('',*,*,#1702,.F.) ;
#9836=ORIENTED_EDGE('',*,*,#9833,.T.) ;
#9837=ORIENTED_EDGE('',*,*,#8533,.F.) ;
#9838=ORIENTED_EDGE('',*,*,#9809,.F.) ;
#9859=ORIENTED_EDGE('',*,*,#1695,.F.) ;
#9860=ORIENTED_EDGE('',*,*,#9857,.T.) ;
#9861=ORIENTED_EDGE('',*,*,#8540,.F.) ;
#9862=ORIENTED_EDGE('',*,*,#9833,.F.) ;
#9883=ORIENTED_EDGE('',*,*,#1688,.F.) ;
#9884=ORIENTED_EDGE('',*,*,#9881,.T.) ;
#9885=ORIENTED_EDGE('',*,*,#8547,.F.) ;
#9886=ORIENTED_EDGE('',*,*,#9857,.F.) ;
#9907=ORIENTED_EDGE('',*,*,#1681,.F.) ;
#9908=ORIENTED_EDGE('',*,*,#9905,.T.) ;
#9909=ORIENTED_EDGE('',*,*,#8554,.F.) ;
#9910=ORIENTED_EDGE('',*,*,#9881,.F.) ;
#9931=ORIENTED_EDGE('',*,*,#1674,.F.) ;
#9932=ORIENTED_EDGE('',*,*,#9929,.T.) ;
#9933=ORIENTED_EDGE('',*,*,#8561,.F.) ;
#9934=ORIENTED_EDGE('',*,*,#9905,.F.) ;
#9955=ORIENTED_EDGE('',*,*,#1667,.F.) ;
#9956=ORIENTED_EDGE('',*,*,#9953,.T.) ;
#9957=ORIENTED_EDGE('',*,*,#8568,.F.) ;
#9958=ORIENTED_EDGE('',*,*,#9929,.F.) ;
#9979=ORIENTED_EDGE('',*,*,#1660,.F.) ;
#9980=ORIENTED_EDGE('',*,*,#9977,.T.) ;
#9981=ORIENTED_EDGE('',*,*,#8575,.F.) ;
#9982=ORIENTED_EDGE('',*,*,#9953,.F.) ;
#10003=ORIENTED_EDGE('',*,*,#1653,.F.) ;
#10004=ORIENTED_EDGE('',*,*,#10001,.T.) ;
#10005=ORIENTED_EDGE('',*,*,#8582,.F.) ;
#10006=ORIENTED_EDGE('',*,*,#9977,.F.) ;
#10027=ORIENTED_EDGE('',*,*,#1646,.F.) ;
#10028=ORIENTED_EDGE('',*,*,#10025,.T.) ;
#10029=ORIENTED_EDGE('',*,*,#8589,.F.) ;
#10030=ORIENTED_EDGE('',*,*,#10001,.F.) ;
#10051=ORIENTED_EDGE('',*,*,#1639,.F.) ;
#10052=ORIENTED_EDGE('',*,*,#10049,.T.) ;
#10053=ORIENTED_EDGE('',*,*,#8596,.F.) ;
#10054=ORIENTED_EDGE('',*,*,#10025,.F.) ;
#10075=ORIENTED_EDGE('',*,*,#1632,.F.) ;
#10076=ORIENTED_EDGE('',*,*,#10073,.T.) ;
#10077=ORIENTED_EDGE('',*,*,#8603,.F.) ;
#10078=ORIENTED_EDGE('',*,*,#10049,.F.) ;
#10099=ORIENTED_EDGE('',*,*,#1625,.F.) ;
#10100=ORIENTED_EDGE('',*,*,#10097,.T.) ;
#10101=ORIENTED_EDGE('',*,*,#8610,.F.) ;
#10102=ORIENTED_EDGE('',*,*,#10073,.F.) ;
#10123=ORIENTED_EDGE('',*,*,#1618,.F.) ;
#10124=ORIENTED_EDGE('',*,*,#10121,.T.) ;
#10125=ORIENTED_EDGE('',*,*,#8617,.F.) ;
#10126=ORIENTED_EDGE('',*,*,#10097,.F.) ;
#10147=ORIENTED_EDGE('',*,*,#1611,.F.) ;
#10148=ORIENTED_EDGE('',*,*,#10145,.T.) ;
#10149=ORIENTED_EDGE('',*,*,#8624,.F.) ;
#10150=ORIENTED_EDGE('',*,*,#10121,.F.) ;
#10171=ORIENTED_EDGE('',*,*,#1604,.F.) ;
#10172=ORIENTED_EDGE('',*,*,#10169,.T.) ;
#10173=ORIENTED_EDGE('',*,*,#8631,.F.) ;
#10174=ORIENTED_EDGE('',*,*,#10145,.F.) ;
#10195=ORIENTED_EDGE('',*,*,#1597,.F.) ;
#10196=ORIENTED_EDGE('',*,*,#10193,.T.) ;
#10197=ORIENTED_EDGE('',*,*,#8638,.F.) ;
#10198=ORIENTED_EDGE('',*,*,#10169,.F.) ;
#10219=ORIENTED_EDGE('',*,*,#1590,.F.) ;
#10220=ORIENTED_EDGE('',*,*,#10217,.T.) ;
#10221=ORIENTED_EDGE('',*,*,#8645,.F.) ;
#10222=ORIENTED_EDGE('',*,*,#10193,.F.) ;
#10243=ORIENTED_EDGE('',*,*,#1583,.F.) ;
#10244=ORIENTED_EDGE('',*,*,#10241,.T.) ;
#10245=ORIENTED_EDGE('',*,*,#8652,.F.) ;
#10246=ORIENTED_EDGE('',*,*,#10217,.F.) ;
#10267=ORIENTED_EDGE('',*,*,#1576,.F.) ;
#10268=ORIENTED_EDGE('',*,*,#10265,.T.) ;
#10269=ORIENTED_EDGE('',*,*,#8659,.F.) ;
#10270=ORIENTED_EDGE('',*,*,#10241,.F.) ;
#10291=ORIENTED_EDGE('',*,*,#1569,.F.) ;
#10292=ORIENTED_EDGE('',*,*,#10289,.T.) ;
#10293=ORIENTED_EDGE('',*,*,#8666,.F.) ;
#10294=ORIENTED_EDGE('',*,*,#10265,.F.) ;
#10315=ORIENTED_EDGE('',*,*,#1562,.F.) ;
#10316=ORIENTED_EDGE('',*,*,#10313,.T.) ;
#10317=ORIENTED_EDGE('',*,*,#8673,.F.) ;
#10318=ORIENTED_EDGE('',*,*,#10289,.F.) ;
#10339=ORIENTED_EDGE('',*,*,#1555,.F.) ;
#10340=ORIENTED_EDGE('',*,*,#10337,.T.) ;
#10341=ORIENTED_EDGE('',*,*,#8680,.F.) ;
#10342=ORIENTED_EDGE('',*,*,#10313,.F.) ;
#10363=ORIENTED_EDGE('',*,*,#1548,.F.) ;
#10364=ORIENTED_EDGE('',*,*,#10361,.T.) ;
#10365=ORIENTED_EDGE('',*,*,#8687,.F.) ;
#10366=ORIENTED_EDGE('',*,*,#10337,.F.) ;
#10387=ORIENTED_EDGE('',*,*,#1541,.F.) ;
#10388=ORIENTED_EDGE('',*,*,#10385,.T.) ;
#10389=ORIENTED_EDGE('',*,*,#8694,.F.) ;
#10390=ORIENTED_EDGE('',*,*,#10361,.F.) ;
#10411=ORIENTED_EDGE('',*,*,#1534,.F.) ;
#10412=ORIENTED_EDGE('',*,*,#10409,.T.) ;
#10413=ORIENTED_EDGE('',*,*,#8701,.F.) ;
#10414=ORIENTED_EDGE('',*,*,#10385,.F.) ;
#10435=ORIENTED_EDGE('',*,*,#1527,.F.) ;
#10436=ORIENTED_EDGE('',*,*,#10433,.T.) ;
#10437=ORIENTED_EDGE('',*,*,#8708,.F.) ;
#10438=ORIENTED_EDGE('',*,*,#10409,.F.) ;
#10459=ORIENTED_EDGE('',*,*,#1520,.F.) ;
#10460=ORIENTED_EDGE('',*,*,#10457,.T.) ;
#10461=ORIENTED_EDGE('',*,*,#8715,.F.) ;
#10462=ORIENTED_EDGE('',*,*,#10433,.F.) ;
#10483=ORIENTED_EDGE('',*,*,#1513,.F.) ;
#10484=ORIENTED_EDGE('',*,*,#10481,.T.) ;
#10485=ORIENTED_EDGE('',*,*,#8722,.F.) ;
#10486=ORIENTED_EDGE('',*,*,#10457,.F.) ;
#10507=ORIENTED_EDGE('',*,*,#1506,.F.) ;
#10508=ORIENTED_EDGE('',*,*,#10505,.T.) ;
#10509=ORIENTED_EDGE('',*,*,#8729,.F.) ;
#10510=ORIENTED_EDGE('',*,*,#10481,.F.) ;
#10531=ORIENTED_EDGE('',*,*,#1499,.F.) ;
#10532=ORIENTED_EDGE('',*,*,#10529,.T.) ;
#10533=ORIENTED_EDGE('',*,*,#8736,.F.) ;
#10534=ORIENTED_EDGE('',*,*,#10505,.F.) ;
#10555=ORIENTED_EDGE('',*,*,#1492,.F.) ;
#10556=ORIENTED_EDGE('',*,*,#10553,.T.) ;
#10557=ORIENTED_EDGE('',*,*,#8743,.F.) ;
#10558=ORIENTED_EDGE('',*,*,#10529,.F.) ;
#10579=ORIENTED_EDGE('',*,*,#1485,.F.) ;
#10580=ORIENTED_EDGE('',*,*,#10577,.T.) ;
#10581=ORIENTED_EDGE('',*,*,#8750,.F.) ;
#10582=ORIENTED_EDGE('',*,*,#10553,.F.) ;
#10603=ORIENTED_EDGE('',*,*,#1478,.F.) ;
#10604=ORIENTED_EDGE('',*,*,#10601,.T.) ;
#10605=ORIENTED_EDGE('',*,*,#8757,.F.) ;
#10606=ORIENTED_EDGE('',*,*,#10577,.F.) ;
#10627=ORIENTED_EDGE('',*,*,#1471,.F.) ;
#10628=ORIENTED_EDGE('',*,*,#10625,.T.) ;
#10629=ORIENTED_EDGE('',*,*,#8764,.F.) ;
#10630=ORIENTED_EDGE('',*,*,#10601,.F.) ;
#10651=ORIENTED_EDGE('',*,*,#1464,.F.) ;
#10652=ORIENTED_EDGE('',*,*,#10649,.T.) ;
#10653=ORIENTED_EDGE('',*,*,#8771,.F.) ;
#10654=ORIENTED_EDGE('',*,*,#10625,.F.) ;
#10675=ORIENTED_EDGE('',*,*,#1457,.F.) ;
#10676=ORIENTED_EDGE('',*,*,#10673,.T.) ;
#10677=ORIENTED_EDGE('',*,*,#8778,.F.) ;
#10678=ORIENTED_EDGE('',*,*,#10649,.F.) ;
#10699=ORIENTED_EDGE('',*,*,#1450,.F.) ;
#10700=ORIENTED_EDGE('',*,*,#10697,.T.) ;
#10701=ORIENTED_EDGE('',*,*,#8785,.F.) ;
#10702=ORIENTED_EDGE('',*,*,#10673,.F.) ;
#10723=ORIENTED_EDGE('',*,*,#1443,.F.) ;
#10724=ORIENTED_EDGE('',*,*,#10721,.T.) ;
#10725=ORIENTED_EDGE('',*,*,#8792,.F.) ;
#10726=ORIENTED_EDGE('',*,*,#10697,.F.) ;
#10747=ORIENTED_EDGE('',*,*,#1436,.F.) ;
#10748=ORIENTED_EDGE('',*,*,#10745,.T.) ;
#10749=ORIENTED_EDGE('',*,*,#8799,.F.) ;
#10750=ORIENTED_EDGE('',*,*,#10721,.F.) ;
#10771=ORIENTED_EDGE('',*,*,#1429,.F.) ;
#10772=ORIENTED_EDGE('',*,*,#10769,.T.) ;
#10773=ORIENTED_EDGE('',*,*,#8806,.F.) ;
#10774=ORIENTED_EDGE('',*,*,#10745,.F.) ;
#10795=ORIENTED_EDGE('',*,*,#1422,.F.) ;
#10796=ORIENTED_EDGE('',*,*,#10793,.T.) ;
#10797=ORIENTED_EDGE('',*,*,#8813,.F.) ;
#10798=ORIENTED_EDGE('',*,*,#10769,.F.) ;
#10819=ORIENTED_EDGE('',*,*,#1415,.F.) ;
#10820=ORIENTED_EDGE('',*,*,#10817,.T.) ;
#10821=ORIENTED_EDGE('',*,*,#8820,.F.) ;
#10822=ORIENTED_EDGE('',*,*,#10793,.F.) ;
#10843=ORIENTED_EDGE('',*,*,#1408,.F.) ;
#10844=ORIENTED_EDGE('',*,*,#10841,.T.) ;
#10845=ORIENTED_EDGE('',*,*,#8827,.F.) ;
#10846=ORIENTED_EDGE('',*,*,#10817,.F.) ;
#10867=ORIENTED_EDGE('',*,*,#1401,.F.) ;
#10868=ORIENTED_EDGE('',*,*,#10865,.T.) ;
#10869=ORIENTED_EDGE('',*,*,#8834,.F.) ;
#10870=ORIENTED_EDGE('',*,*,#10841,.F.) ;
#10891=ORIENTED_EDGE('',*,*,#1394,.F.) ;
#10892=ORIENTED_EDGE('',*,*,#10889,.T.) ;
#10893=ORIENTED_EDGE('',*,*,#8841,.F.) ;
#10894=ORIENTED_EDGE('',*,*,#10865,.F.) ;
#10915=ORIENTED_EDGE('',*,*,#1387,.F.) ;
#10916=ORIENTED_EDGE('',*,*,#10913,.T.) ;
#10917=ORIENTED_EDGE('',*,*,#8848,.F.) ;
#10918=ORIENTED_EDGE('',*,*,#10889,.F.) ;
#10939=ORIENTED_EDGE('',*,*,#1380,.F.) ;
#10940=ORIENTED_EDGE('',*,*,#10937,.T.) ;
#10941=ORIENTED_EDGE('',*,*,#8855,.F.) ;
#10942=ORIENTED_EDGE('',*,*,#10913,.F.) ;
#10963=ORIENTED_EDGE('',*,*,#1373,.F.) ;
#10964=ORIENTED_EDGE('',*,*,#10961,.T.) ;
#10965=ORIENTED_EDGE('',*,*,#8862,.F.) ;
#10966=ORIENTED_EDGE('',*,*,#10937,.F.) ;
#10987=ORIENTED_EDGE('',*,*,#1366,.F.) ;
#10988=ORIENTED_EDGE('',*,*,#10985,.T.) ;
#10989=ORIENTED_EDGE('',*,*,#8869,.F.) ;
#10990=ORIENTED_EDGE('',*,*,#10961,.F.) ;
#11011=ORIENTED_EDGE('',*,*,#1359,.F.) ;
#11012=ORIENTED_EDGE('',*,*,#11009,.T.) ;
#11013=ORIENTED_EDGE('',*,*,#8876,.F.) ;
#11014=ORIENTED_EDGE('',*,*,#10985,.F.) ;
#11035=ORIENTED_EDGE('',*,*,#1352,.F.) ;
#11036=ORIENTED_EDGE('',*,*,#11033,.T.) ;
#11037=ORIENTED_EDGE('',*,*,#8883,.F.) ;
#11038=ORIENTED_EDGE('',*,*,#11009,.F.) ;
#11059=ORIENTED_EDGE('',*,*,#1345,.F.) ;
#11060=ORIENTED_EDGE('',*,*,#11057,.T.) ;
#11061=ORIENTED_EDGE('',*,*,#8890,.F.) ;
#11062=ORIENTED_EDGE('',*,*,#11033,.F.) ;
#11083=ORIENTED_EDGE('',*,*,#1338,.F.) ;
#11084=ORIENTED_EDGE('',*,*,#11081,.T.) ;
#11085=ORIENTED_EDGE('',*,*,#8897,.F.) ;
#11086=ORIENTED_EDGE('',*,*,#11057,.F.) ;
#11107=ORIENTED_EDGE('',*,*,#1331,.F.) ;
#11108=ORIENTED_EDGE('',*,*,#11105,.T.) ;
#11109=ORIENTED_EDGE('',*,*,#8904,.F.) ;
#11110=ORIENTED_EDGE('',*,*,#11081,.F.) ;
#11131=ORIENTED_EDGE('',*,*,#1324,.F.) ;
#11132=ORIENTED_EDGE('',*,*,#11129,.T.) ;
#11133=ORIENTED_EDGE('',*,*,#8911,.F.) ;
#11134=ORIENTED_EDGE('',*,*,#11105,.F.) ;
#11155=ORIENTED_EDGE('',*,*,#1317,.F.) ;
#11156=ORIENTED_EDGE('',*,*,#11153,.T.) ;
#11157=ORIENTED_EDGE('',*,*,#8918,.F.) ;
#11158=ORIENTED_EDGE('',*,*,#11129,.F.) ;
#11179=ORIENTED_EDGE('',*,*,#1310,.F.) ;
#11180=ORIENTED_EDGE('',*,*,#11177,.T.) ;
#11181=ORIENTED_EDGE('',*,*,#8925,.F.) ;
#11182=ORIENTED_EDGE('',*,*,#11153,.F.) ;
#11203=ORIENTED_EDGE('',*,*,#1303,.F.) ;
#11204=ORIENTED_EDGE('',*,*,#11201,.T.) ;
#11205=ORIENTED_EDGE('',*,*,#8932,.F.) ;
#11206=ORIENTED_EDGE('',*,*,#11177,.F.) ;
#11227=ORIENTED_EDGE('',*,*,#1296,.F.) ;
#11228=ORIENTED_EDGE('',*,*,#11225,.T.) ;
#11229=ORIENTED_EDGE('',*,*,#8939,.F.) ;
#11230=ORIENTED_EDGE('',*,*,#11201,.F.) ;
#11251=ORIENTED_EDGE('',*,*,#1289,.F.) ;
#11252=ORIENTED_EDGE('',*,*,#11249,.T.) ;
#11253=ORIENTED_EDGE('',*,*,#8946,.F.) ;
#11254=ORIENTED_EDGE('',*,*,#11225,.F.) ;
#11275=ORIENTED_EDGE('',*,*,#1282,.F.) ;
#11276=ORIENTED_EDGE('',*,*,#11273,.T.) ;
#11277=ORIENTED_EDGE('',*,*,#8953,.F.) ;
#11278=ORIENTED_EDGE('',*,*,#11249,.F.) ;
#11299=ORIENTED_EDGE('',*,*,#1275,.F.) ;
#11300=ORIENTED_EDGE('',*,*,#11297,.T.) ;
#11301=ORIENTED_EDGE('',*,*,#8960,.F.) ;
#11302=ORIENTED_EDGE('',*,*,#11273,.F.) ;
#11323=ORIENTED_EDGE('',*,*,#1268,.F.) ;
#11324=ORIENTED_EDGE('',*,*,#11321,.T.) ;
#11325=ORIENTED_EDGE('',*,*,#8967,.F.) ;
#11326=ORIENTED_EDGE('',*,*,#11297,.F.) ;
#11347=ORIENTED_EDGE('',*,*,#1261,.F.) ;
#11348=ORIENTED_EDGE('',*,*,#11345,.T.) ;
#11349=ORIENTED_EDGE('',*,*,#8974,.F.) ;
#11350=ORIENTED_EDGE('',*,*,#11321,.F.) ;
#11371=ORIENTED_EDGE('',*,*,#1254,.F.) ;
#11372=ORIENTED_EDGE('',*,*,#11369,.T.) ;
#11373=ORIENTED_EDGE('',*,*,#8981,.F.) ;
#11374=ORIENTED_EDGE('',*,*,#11345,.F.) ;
#11395=ORIENTED_EDGE('',*,*,#1247,.F.) ;
#11396=ORIENTED_EDGE('',*,*,#11393,.T.) ;
#11397=ORIENTED_EDGE('',*,*,#8988,.F.) ;
#11398=ORIENTED_EDGE('',*,*,#11369,.F.) ;
#11419=ORIENTED_EDGE('',*,*,#1240,.F.) ;
#11420=ORIENTED_EDGE('',*,*,#11417,.T.) ;
#11421=ORIENTED_EDGE('',*,*,#8995,.F.) ;
#11422=ORIENTED_EDGE('',*,*,#11393,.F.) ;
#11443=ORIENTED_EDGE('',*,*,#1233,.F.) ;
#11444=ORIENTED_EDGE('',*,*,#11441,.T.) ;
#11445=ORIENTED_EDGE('',*,*,#9002,.F.) ;
#11446=ORIENTED_EDGE('',*,*,#11417,.F.) ;
#11467=ORIENTED_EDGE('',*,*,#1226,.F.) ;
#11468=ORIENTED_EDGE('',*,*,#11465,.T.) ;
#11469=ORIENTED_EDGE('',*,*,#9009,.F.) ;
#11470=ORIENTED_EDGE('',*,*,#11441,.F.) ;
#11491=ORIENTED_EDGE('',*,*,#1219,.F.) ;
#11492=ORIENTED_EDGE('',*,*,#11489,.T.) ;
#11493=ORIENTED_EDGE('',*,*,#9016,.F.) ;
#11494=ORIENTED_EDGE('',*,*,#11465,.F.) ;
#11515=ORIENTED_EDGE('',*,*,#1212,.F.) ;
#11516=ORIENTED_EDGE('',*,*,#11513,.T.) ;
#11517=ORIENTED_EDGE('',*,*,#9023,.F.) ;
#11518=ORIENTED_EDGE('',*,*,#11489,.F.) ;
#11539=ORIENTED_EDGE('',*,*,#1205,.F.) ;
#11540=ORIENTED_EDGE('',*,*,#11537,.T.) ;
#11541=ORIENTED_EDGE('',*,*,#9030,.F.) ;
#11542=ORIENTED_EDGE('',*,*,#11513,.F.) ;
#11563=ORIENTED_EDGE('',*,*,#1198,.F.) ;
#11564=ORIENTED_EDGE('',*,*,#11561,.T.) ;
#11565=ORIENTED_EDGE('',*,*,#9037,.F.) ;
#11566=ORIENTED_EDGE('',*,*,#11537,.F.) ;
#11587=ORIENTED_EDGE('',*,*,#1191,.F.) ;
#11588=ORIENTED_EDGE('',*,*,#11585,.T.) ;
#11589=ORIENTED_EDGE('',*,*,#9044,.F.) ;
#11590=ORIENTED_EDGE('',*,*,#11561,.F.) ;
#11611=ORIENTED_EDGE('',*,*,#1184,.F.) ;
#11612=ORIENTED_EDGE('',*,*,#11609,.T.) ;
#11613=ORIENTED_EDGE('',*,*,#9051,.F.) ;
#11614=ORIENTED_EDGE('',*,*,#11585,.F.) ;
#11635=ORIENTED_EDGE('',*,*,#1177,.F.) ;
#11636=ORIENTED_EDGE('',*,*,#11633,.T.) ;
#11637=ORIENTED_EDGE('',*,*,#9058,.F.) ;
#11638=ORIENTED_EDGE('',*,*,#11609,.F.) ;
#11659=ORIENTED_EDGE('',*,*,#1170,.F.) ;
#11660=ORIENTED_EDGE('',*,*,#11657,.T.) ;
#11661=ORIENTED_EDGE('',*,*,#9065,.F.) ;
#11662=ORIENTED_EDGE('',*,*,#11633,.F.) ;
#11683=ORIENTED_EDGE('',*,*,#1163,.F.) ;
#11684=ORIENTED_EDGE('',*,*,#11681,.T.) ;
#11685=ORIENTED_EDGE('',*,*,#9072,.F.) ;
#11686=ORIENTED_EDGE('',*,*,#11657,.F.) ;
#11707=ORIENTED_EDGE('',*,*,#1156,.F.) ;
#11708=ORIENTED_EDGE('',*,*,#11705,.T.) ;
#11709=ORIENTED_EDGE('',*,*,#9079,.F.) ;
#11710=ORIENTED_EDGE('',*,*,#11681,.F.) ;
#11731=ORIENTED_EDGE('',*,*,#1149,.F.) ;
#11732=ORIENTED_EDGE('',*,*,#11729,.T.) ;
#11733=ORIENTED_EDGE('',*,*,#9086,.F.) ;
#11734=ORIENTED_EDGE('',*,*,#11705,.F.) ;
#11755=ORIENTED_EDGE('',*,*,#1142,.F.) ;
#11756=ORIENTED_EDGE('',*,*,#11753,.T.) ;
#11757=ORIENTED_EDGE('',*,*,#9093,.F.) ;
#11758=ORIENTED_EDGE('',*,*,#11729,.F.) ;
#11779=ORIENTED_EDGE('',*,*,#1135,.F.) ;
#11780=ORIENTED_EDGE('',*,*,#11777,.T.) ;
#11781=ORIENTED_EDGE('',*,*,#9100,.F.) ;
#11782=ORIENTED_EDGE('',*,*,#11753,.F.) ;
#11803=ORIENTED_EDGE('',*,*,#1128,.F.) ;
#11804=ORIENTED_EDGE('',*,*,#11801,.T.) ;
#11805=ORIENTED_EDGE('',*,*,#9107,.F.) ;
#11806=ORIENTED_EDGE('',*,*,#11777,.F.) ;
#11827=ORIENTED_EDGE('',*,*,#1121,.F.) ;
#11828=ORIENTED_EDGE('',*,*,#11825,.T.) ;
#11829=ORIENTED_EDGE('',*,*,#9114,.F.) ;
#11830=ORIENTED_EDGE('',*,*,#11801,.F.) ;
#11851=ORIENTED_EDGE('',*,*,#1114,.F.) ;
#11852=ORIENTED_EDGE('',*,*,#11849,.T.) ;
#11853=ORIENTED_EDGE('',*,*,#9121,.F.) ;
#11854=ORIENTED_EDGE('',*,*,#11825,.F.) ;
#11875=ORIENTED_EDGE('',*,*,#1107,.F.) ;
#11876=ORIENTED_EDGE('',*,*,#11873,.T.) ;
#11877=ORIENTED_EDGE('',*,*,#9128,.F.) ;
#11878=ORIENTED_EDGE('',*,*,#11849,.F.) ;
#11899=ORIENTED_EDGE('',*,*,#1100,.F.) ;
#11900=ORIENTED_EDGE('',*,*,#11897,.T.) ;
#11901=ORIENTED_EDGE('',*,*,#9135,.F.) ;
#11902=ORIENTED_EDGE('',*,*,#11873,.F.) ;
#11923=ORIENTED_EDGE('',*,*,#1093,.F.) ;
#11924=ORIENTED_EDGE('',*,*,#11921,.T.) ;
#11925=ORIENTED_EDGE('',*,*,#9142,.F.) ;
#11926=ORIENTED_EDGE('',*,*,#11897,.F.) ;
#11947=ORIENTED_EDGE('',*,*,#1086,.F.) ;
#11948=ORIENTED_EDGE('',*,*,#11945,.T.) ;
#11949=ORIENTED_EDGE('',*,*,#9149,.F.) ;
#11950=ORIENTED_EDGE('',*,*,#11921,.F.) ;
#11971=ORIENTED_EDGE('',*,*,#1079,.F.) ;
#11972=ORIENTED_EDGE('',*,*,#11969,.T.) ;
#11973=ORIENTED_EDGE('',*,*,#9156,.F.) ;
#11974=ORIENTED_EDGE('',*,*,#11945,.F.) ;
#11995=ORIENTED_EDGE('',*,*,#1072,.F.) ;
#11996=ORIENTED_EDGE('',*,*,#11993,.T.) ;
#11997=ORIENTED_EDGE('',*,*,#9163,.F.) ;
#11998=ORIENTED_EDGE('',*,*,#11969,.F.) ;
#12019=ORIENTED_EDGE('',*,*,#1065,.F.) ;
#12020=ORIENTED_EDGE('',*,*,#12017,.T.) ;
#12021=ORIENTED_EDGE('',*,*,#9170,.F.) ;
#12022=ORIENTED_EDGE('',*,*,#11993,.F.) ;
#12043=ORIENTED_EDGE('',*,*,#1058,.F.) ;
#12044=ORIENTED_EDGE('',*,*,#12041,.T.) ;
#12045=ORIENTED_EDGE('',*,*,#9177,.F.) ;
#12046=ORIENTED_EDGE('',*,*,#12017,.F.) ;
#12067=ORIENTED_EDGE('',*,*,#1051,.F.) ;
#12068=ORIENTED_EDGE('',*,*,#12065,.T.) ;
#12069=ORIENTED_EDGE('',*,*,#9184,.F.) ;
#12070=ORIENTED_EDGE('',*,*,#12041,.F.) ;
#12091=ORIENTED_EDGE('',*,*,#1044,.F.) ;
#12092=ORIENTED_EDGE('',*,*,#12089,.T.) ;
#12093=ORIENTED_EDGE('',*,*,#9191,.F.) ;
#12094=ORIENTED_EDGE('',*,*,#12065,.F.) ;
#12115=ORIENTED_EDGE('',*,*,#1037,.F.) ;
#12116=ORIENTED_EDGE('',*,*,#12113,.T.) ;
#12117=ORIENTED_EDGE('',*,*,#9198,.F.) ;
#12118=ORIENTED_EDGE('',*,*,#12089,.F.) ;
#12139=ORIENTED_EDGE('',*,*,#1030,.F.) ;
#12140=ORIENTED_EDGE('',*,*,#12137,.T.) ;
#12141=ORIENTED_EDGE('',*,*,#9205,.F.) ;
#12142=ORIENTED_EDGE('',*,*,#12113,.F.) ;
#12158=ORIENTED_EDGE('',*,*,#1847,.F.) ;
#12159=ORIENTED_EDGE('',*,*,#9353,.T.) ;
#12160=ORIENTED_EDGE('',*,*,#9210,.F.) ;
#12161=ORIENTED_EDGE('',*,*,#12137,.F.) ;
#12200=ORIENTED_EDGE('',*,*,#12179,.T.) ;
#12201=ORIENTED_EDGE('',*,*,#12186,.T.) ;
#12202=ORIENTED_EDGE('',*,*,#12193,.T.) ;
#12203=ORIENTED_EDGE('',*,*,#12198,.T.) ;
#12229=ORIENTED_EDGE('',*,*,#3726,.F.) ;
#12230=ORIENTED_EDGE('',*,*,#12222,.T.) ;
#12231=ORIENTED_EDGE('',*,*,#12179,.F.) ;
#12232=ORIENTED_EDGE('',*,*,#12227,.F.) ;
#12253=ORIENTED_EDGE('',*,*,#3719,.F.) ;
#12254=ORIENTED_EDGE('',*,*,#12251,.T.) ;
#12255=ORIENTED_EDGE('',*,*,#12186,.F.) ;
#12256=ORIENTED_EDGE('',*,*,#12222,.F.) ;
#12277=ORIENTED_EDGE('',*,*,#3712,.F.) ;
#12278=ORIENTED_EDGE('',*,*,#12275,.T.) ;
#12279=ORIENTED_EDGE('',*,*,#12193,.F.) ;
#12280=ORIENTED_EDGE('',*,*,#12251,.F.) ;
#12296=ORIENTED_EDGE('',*,*,#3731,.F.) ;
#12297=ORIENTED_EDGE('',*,*,#12227,.T.) ;
#12298=ORIENTED_EDGE('',*,*,#12198,.F.) ;
#12299=ORIENTED_EDGE('',*,*,#12275,.F.) ;
#12464=ORIENTED_EDGE('',*,*,#12317,.T.) ;
#12465=ORIENTED_EDGE('',*,*,#12324,.T.) ;
#12466=ORIENTED_EDGE('',*,*,#12331,.T.) ;
#12467=ORIENTED_EDGE('',*,*,#12338,.T.) ;
#12468=ORIENTED_EDGE('',*,*,#12345,.T.) ;
#12469=ORIENTED_EDGE('',*,*,#12352,.T.) ;
#12470=ORIENTED_EDGE('',*,*,#12359,.T.) ;
#12471=ORIENTED_EDGE('',*,*,#12366,.T.) ;
#12472=ORIENTED_EDGE('',*,*,#12373,.T.) ;
#12473=ORIENTED_EDGE('',*,*,#12380,.T.) ;
#12474=ORIENTED_EDGE('',*,*,#12387,.T.) ;
#12475=ORIENTED_EDGE('',*,*,#12394,.T.) ;
#12476=ORIENTED_EDGE('',*,*,#12401,.T.) ;
#12477=ORIENTED_EDGE('',*,*,#12408,.T.) ;
#12478=ORIENTED_EDGE('',*,*,#12415,.T.) ;
#12479=ORIENTED_EDGE('',*,*,#12422,.T.) ;
#12480=ORIENTED_EDGE('',*,*,#12429,.T.) ;
#12481=ORIENTED_EDGE('',*,*,#12436,.T.) ;
#12482=ORIENTED_EDGE('',*,*,#12443,.T.) ;
#12483=ORIENTED_EDGE('',*,*,#12450,.T.) ;
#12484=ORIENTED_EDGE('',*,*,#12457,.T.) ;
#12485=ORIENTED_EDGE('',*,*,#12462,.T.) ;
#12511=ORIENTED_EDGE('',*,*,#2116,.F.) ;
#12512=ORIENTED_EDGE('',*,*,#12504,.T.) ;
#12513=ORIENTED_EDGE('',*,*,#12317,.F.) ;
#12514=ORIENTED_EDGE('',*,*,#12509,.F.) ;
#12535=ORIENTED_EDGE('',*,*,#2109,.F.) ;
#12536=ORIENTED_EDGE('',*,*,#12533,.T.) ;
#12537=ORIENTED_EDGE('',*,*,#12324,.F.) ;
#12538=ORIENTED_EDGE('',*,*,#12504,.F.) ;
#12559=ORIENTED_EDGE('',*,*,#2102,.F.) ;
#12560=ORIENTED_EDGE('',*,*,#12557,.T.) ;
#12561=ORIENTED_EDGE('',*,*,#12331,.F.) ;
#12562=ORIENTED_EDGE('',*,*,#12533,.F.) ;
#12583=ORIENTED_EDGE('',*,*,#2095,.F.) ;
#12584=ORIENTED_EDGE('',*,*,#12581,.T.) ;
#12585=ORIENTED_EDGE('',*,*,#12338,.F.) ;
#12586=ORIENTED_EDGE('',*,*,#12557,.F.) ;
#12607=ORIENTED_EDGE('',*,*,#2088,.F.) ;
#12608=ORIENTED_EDGE('',*,*,#12605,.T.) ;
#12609=ORIENTED_EDGE('',*,*,#12345,.F.) ;
#12610=ORIENTED_EDGE('',*,*,#12581,.F.) ;
#12631=ORIENTED_EDGE('',*,*,#2081,.F.) ;
#12632=ORIENTED_EDGE('',*,*,#12629,.T.) ;
#12633=ORIENTED_EDGE('',*,*,#12352,.F.) ;
#12634=ORIENTED_EDGE('',*,*,#12605,.F.) ;
#12655=ORIENTED_EDGE('',*,*,#2074,.F.) ;
#12656=ORIENTED_EDGE('',*,*,#12653,.T.) ;
#12657=ORIENTED_EDGE('',*,*,#12359,.F.) ;
#12658=ORIENTED_EDGE('',*,*,#12629,.F.) ;
#12679=ORIENTED_EDGE('',*,*,#2067,.F.) ;
#12680=ORIENTED_EDGE('',*,*,#12677,.T.) ;
#12681=ORIENTED_EDGE('',*,*,#12366,.F.) ;
#12682=ORIENTED_EDGE('',*,*,#12653,.F.) ;
#12703=ORIENTED_EDGE('',*,*,#2060,.F.) ;
#12704=ORIENTED_EDGE('',*,*,#12701,.T.) ;
#12705=ORIENTED_EDGE('',*,*,#12373,.F.) ;
#12706=ORIENTED_EDGE('',*,*,#12677,.F.) ;
#12727=ORIENTED_EDGE('',*,*,#2053,.F.) ;
#12728=ORIENTED_EDGE('',*,*,#12725,.T.) ;
#12729=ORIENTED_EDGE('',*,*,#12380,.F.) ;
#12730=ORIENTED_EDGE('',*,*,#12701,.F.) ;
#12751=ORIENTED_EDGE('',*,*,#2046,.F.) ;
#12752=ORIENTED_EDGE('',*,*,#12749,.T.) ;
#12753=ORIENTED_EDGE('',*,*,#12387,.F.) ;
#12754=ORIENTED_EDGE('',*,*,#12725,.F.) ;
#12775=ORIENTED_EDGE('',*,*,#2039,.F.) ;
#12776=ORIENTED_EDGE('',*,*,#12773,.T.) ;
#12777=ORIENTED_EDGE('',*,*,#12394,.F.) ;
#12778=ORIENTED_EDGE('',*,*,#12749,.F.) ;
#12799=ORIENTED_EDGE('',*,*,#2032,.F.) ;
#12800=ORIENTED_EDGE('',*,*,#12797,.T.) ;
#12801=ORIENTED_EDGE('',*,*,#12401,.F.) ;
#12802=ORIENTED_EDGE('',*,*,#12773,.F.) ;
#12823=ORIENTED_EDGE('',*,*,#2025,.F.) ;
#12824=ORIENTED_EDGE('',*,*,#12821,.T.) ;
#12825=ORIENTED_EDGE('',*,*,#12408,.F.) ;
#12826=ORIENTED_EDGE('',*,*,#12797,.F.) ;
#12847=ORIENTED_EDGE('',*,*,#2018,.F.) ;
#12848=ORIENTED_EDGE('',*,*,#12845,.T.) ;
#12849=ORIENTED_EDGE('',*,*,#12415,.F.) ;
#12850=ORIENTED_EDGE('',*,*,#12821,.F.) ;
#12871=ORIENTED_EDGE('',*,*,#2011,.F.) ;
#12872=ORIENTED_EDGE('',*,*,#12869,.T.) ;
#12873=ORIENTED_EDGE('',*,*,#12422,.F.) ;
#12874=ORIENTED_EDGE('',*,*,#12845,.F.) ;
#12895=ORIENTED_EDGE('',*,*,#2004,.F.) ;
#12896=ORIENTED_EDGE('',*,*,#12893,.T.) ;
#12897=ORIENTED_EDGE('',*,*,#12429,.F.) ;
#12898=ORIENTED_EDGE('',*,*,#12869,.F.) ;
#12919=ORIENTED_EDGE('',*,*,#1997,.F.) ;
#12920=ORIENTED_EDGE('',*,*,#12917,.T.) ;
#12921=ORIENTED_EDGE('',*,*,#12436,.F.) ;
#12922=ORIENTED_EDGE('',*,*,#12893,.F.) ;
#12943=ORIENTED_EDGE('',*,*,#1990,.F.) ;
#12944=ORIENTED_EDGE('',*,*,#12941,.T.) ;
#12945=ORIENTED_EDGE('',*,*,#12443,.F.) ;
#12946=ORIENTED_EDGE('',*,*,#12917,.F.) ;
#12967=ORIENTED_EDGE('',*,*,#1983,.F.) ;
#12968=ORIENTED_EDGE('',*,*,#12965,.T.) ;
#12969=ORIENTED_EDGE('',*,*,#12450,.F.) ;
#12970=ORIENTED_EDGE('',*,*,#12941,.F.) ;
#12991=ORIENTED_EDGE('',*,*,#1976,.F.) ;
#12992=ORIENTED_EDGE('',*,*,#12989,.T.) ;
#12993=ORIENTED_EDGE('',*,*,#12457,.F.) ;
#12994=ORIENTED_EDGE('',*,*,#12965,.F.) ;
#13010=ORIENTED_EDGE('',*,*,#2121,.F.) ;
#13011=ORIENTED_EDGE('',*,*,#12509,.T.) ;
#13012=ORIENTED_EDGE('',*,*,#12462,.F.) ;
#13013=ORIENTED_EDGE('',*,*,#12989,.F.) ;
#13178=ORIENTED_EDGE('',*,*,#13031,.T.) ;
#13179=ORIENTED_EDGE('',*,*,#13038,.T.) ;
#13180=ORIENTED_EDGE('',*,*,#13045,.T.) ;
#13181=ORIENTED_EDGE('',*,*,#13052,.T.) ;
#13182=ORIENTED_EDGE('',*,*,#13059,.T.) ;
#13183=ORIENTED_EDGE('',*,*,#13066,.T.) ;
#13184=ORIENTED_EDGE('',*,*,#13073,.T.) ;
#13185=ORIENTED_EDGE('',*,*,#13080,.T.) ;
#13186=ORIENTED_EDGE('',*,*,#13087,.T.) ;
#13187=ORIENTED_EDGE('',*,*,#13094,.T.) ;
#13188=ORIENTED_EDGE('',*,*,#13101,.T.) ;
#13189=ORIENTED_EDGE('',*,*,#13108,.T.) ;
#13190=ORIENTED_EDGE('',*,*,#13115,.T.) ;
#13191=ORIENTED_EDGE('',*,*,#13122,.T.) ;
#13192=ORIENTED_EDGE('',*,*,#13129,.T.) ;
#13193=ORIENTED_EDGE('',*,*,#13136,.T.) ;
#13194=ORIENTED_EDGE('',*,*,#13143,.T.) ;
#13195=ORIENTED_EDGE('',*,*,#13150,.T.) ;
#13196=ORIENTED_EDGE('',*,*,#13157,.T.) ;
#13197=ORIENTED_EDGE('',*,*,#13164,.T.) ;
#13198=ORIENTED_EDGE('',*,*,#13171,.T.) ;
#13199=ORIENTED_EDGE('',*,*,#13176,.T.) ;
#13225=ORIENTED_EDGE('',*,*,#3674,.F.) ;
#13226=ORIENTED_EDGE('',*,*,#13218,.T.) ;
#13227=ORIENTED_EDGE('',*,*,#13031,.F.) ;
#13228=ORIENTED_EDGE('',*,*,#13223,.F.) ;
#13249=ORIENTED_EDGE('',*,*,#3667,.F.) ;
#13250=ORIENTED_EDGE('',*,*,#13247,.T.) ;
#13251=ORIENTED_EDGE('',*,*,#13038,.F.) ;
#13252=ORIENTED_EDGE('',*,*,#13218,.F.) ;
#13273=ORIENTED_EDGE('',*,*,#3660,.F.) ;
#13274=ORIENTED_EDGE('',*,*,#13271,.T.) ;
#13275=ORIENTED_EDGE('',*,*,#13045,.F.) ;
#13276=ORIENTED_EDGE('',*,*,#13247,.F.) ;
#13297=ORIENTED_EDGE('',*,*,#3653,.F.) ;
#13298=ORIENTED_EDGE('',*,*,#13295,.T.) ;
#13299=ORIENTED_EDGE('',*,*,#13052,.F.) ;
#13300=ORIENTED_EDGE('',*,*,#13271,.F.) ;
#13321=ORIENTED_EDGE('',*,*,#3646,.F.) ;
#13322=ORIENTED_EDGE('',*,*,#13319,.T.) ;
#13323=ORIENTED_EDGE('',*,*,#13059,.F.) ;
#13324=ORIENTED_EDGE('',*,*,#13295,.F.) ;
#13345=ORIENTED_EDGE('',*,*,#3639,.F.) ;
#13346=ORIENTED_EDGE('',*,*,#13343,.T.) ;
#13347=ORIENTED_EDGE('',*,*,#13066,.F.) ;
#13348=ORIENTED_EDGE('',*,*,#13319,.F.) ;
#13369=ORIENTED_EDGE('',*,*,#3632,.F.) ;
#13370=ORIENTED_EDGE('',*,*,#13367,.T.) ;
#13371=ORIENTED_EDGE('',*,*,#13073,.F.) ;
#13372=ORIENTED_EDGE('',*,*,#13343,.F.) ;
#13393=ORIENTED_EDGE('',*,*,#3625,.F.) ;
#13394=ORIENTED_EDGE('',*,*,#13391,.T.) ;
#13395=ORIENTED_EDGE('',*,*,#13080,.F.) ;
#13396=ORIENTED_EDGE('',*,*,#13367,.F.) ;
#13417=ORIENTED_EDGE('',*,*,#3618,.F.) ;
#13418=ORIENTED_EDGE('',*,*,#13415,.T.) ;
#13419=ORIENTED_EDGE('',*,*,#13087,.F.) ;
#13420=ORIENTED_EDGE('',*,*,#13391,.F.) ;
#13441=ORIENTED_EDGE('',*,*,#3611,.F.) ;
#13442=ORIENTED_EDGE('',*,*,#13439,.T.) ;
#13443=ORIENTED_EDGE('',*,*,#13094,.F.) ;
#13444=ORIENTED_EDGE('',*,*,#13415,.F.) ;
#13465=ORIENTED_EDGE('',*,*,#3604,.F.) ;
#13466=ORIENTED_EDGE('',*,*,#13463,.T.) ;
#13467=ORIENTED_EDGE('',*,*,#13101,.F.) ;
#13468=ORIENTED_EDGE('',*,*,#13439,.F.) ;
#13489=ORIENTED_EDGE('',*,*,#3597,.F.) ;
#13490=ORIENTED_EDGE('',*,*,#13487,.T.) ;
#13491=ORIENTED_EDGE('',*,*,#13108,.F.) ;
#13492=ORIENTED_EDGE('',*,*,#13463,.F.) ;
#13513=ORIENTED_EDGE('',*,*,#3590,.F.) ;
#13514=ORIENTED_EDGE('',*,*,#13511,.T.) ;
#13515=ORIENTED_EDGE('',*,*,#13115,.F.) ;
#13516=ORIENTED_EDGE('',*,*,#13487,.F.) ;
#13537=ORIENTED_EDGE('',*,*,#3583,.F.) ;
#13538=ORIENTED_EDGE('',*,*,#13535,.T.) ;
#13539=ORIENTED_EDGE('',*,*,#13122,.F.) ;
#13540=ORIENTED_EDGE('',*,*,#13511,.F.) ;
#13561=ORIENTED_EDGE('',*,*,#3576,.F.) ;
#13562=ORIENTED_EDGE('',*,*,#13559,.T.) ;
#13563=ORIENTED_EDGE('',*,*,#13129,.F.) ;
#13564=ORIENTED_EDGE('',*,*,#13535,.F.) ;
#13585=ORIENTED_EDGE('',*,*,#3569,.F.) ;
#13586=ORIENTED_EDGE('',*,*,#13583,.T.) ;
#13587=ORIENTED_EDGE('',*,*,#13136,.F.) ;
#13588=ORIENTED_EDGE('',*,*,#13559,.F.) ;
#13609=ORIENTED_EDGE('',*,*,#3562,.F.) ;
#13610=ORIENTED_EDGE('',*,*,#13607,.T.) ;
#13611=ORIENTED_EDGE('',*,*,#13143,.F.) ;
#13612=ORIENTED_EDGE('',*,*,#13583,.F.) ;
#13633=ORIENTED_EDGE('',*,*,#3555,.F.) ;
#13634=ORIENTED_EDGE('',*,*,#13631,.T.) ;
#13635=ORIENTED_EDGE('',*,*,#13150,.F.) ;
#13636=ORIENTED_EDGE('',*,*,#13607,.F.) ;
#13657=ORIENTED_EDGE('',*,*,#3548,.F.) ;
#13658=ORIENTED_EDGE('',*,*,#13655,.T.) ;
#13659=ORIENTED_EDGE('',*,*,#13157,.F.) ;
#13660=ORIENTED_EDGE('',*,*,#13631,.F.) ;
#13681=ORIENTED_EDGE('',*,*,#3541,.F.) ;
#13682=ORIENTED_EDGE('',*,*,#13679,.T.) ;
#13683=ORIENTED_EDGE('',*,*,#13164,.F.) ;
#13684=ORIENTED_EDGE('',*,*,#13655,.F.) ;
#13705=ORIENTED_EDGE('',*,*,#3534,.F.) ;
#13706=ORIENTED_EDGE('',*,*,#13703,.T.) ;
#13707=ORIENTED_EDGE('',*,*,#13171,.F.) ;
#13708=ORIENTED_EDGE('',*,*,#13679,.F.) ;
#13724=ORIENTED_EDGE('',*,*,#3679,.F.) ;
#13725=ORIENTED_EDGE('',*,*,#13223,.T.) ;
#13726=ORIENTED_EDGE('',*,*,#13176,.F.) ;
#13727=ORIENTED_EDGE('',*,*,#13703,.F.) ;
#13976=ORIENTED_EDGE('',*,*,#13745,.T.) ;
#13977=ORIENTED_EDGE('',*,*,#13752,.T.) ;
#13978=ORIENTED_EDGE('',*,*,#13759,.T.) ;
#13979=ORIENTED_EDGE('',*,*,#13766,.T.) ;
#13980=ORIENTED_EDGE('',*,*,#13773,.T.) ;
#13981=ORIENTED_EDGE('',*,*,#13780,.T.) ;
#13982=ORIENTED_EDGE('',*,*,#13787,.T.) ;
#13983=ORIENTED_EDGE('',*,*,#13794,.T.) ;
#13984=ORIENTED_EDGE('',*,*,#13801,.T.) ;
#13985=ORIENTED_EDGE('',*,*,#13808,.T.) ;
#13986=ORIENTED_EDGE('',*,*,#13815,.T.) ;
#13987=ORIENTED_EDGE('',*,*,#13822,.T.) ;
#13988=ORIENTED_EDGE('',*,*,#13829,.T.) ;
#13989=ORIENTED_EDGE('',*,*,#13836,.T.) ;
#13990=ORIENTED_EDGE('',*,*,#13843,.T.) ;
#13991=ORIENTED_EDGE('',*,*,#13850,.T.) ;
#13992=ORIENTED_EDGE('',*,*,#13857,.T.) ;
#13993=ORIENTED_EDGE('',*,*,#13864,.T.) ;
#13994=ORIENTED_EDGE('',*,*,#13871,.T.) ;
#13995=ORIENTED_EDGE('',*,*,#13878,.T.) ;
#13996=ORIENTED_EDGE('',*,*,#13885,.T.) ;
#13997=ORIENTED_EDGE('',*,*,#13892,.T.) ;
#13998=ORIENTED_EDGE('',*,*,#13899,.T.) ;
#13999=ORIENTED_EDGE('',*,*,#13906,.T.) ;
#14000=ORIENTED_EDGE('',*,*,#13913,.T.) ;
#14001=ORIENTED_EDGE('',*,*,#13920,.T.) ;
#14002=ORIENTED_EDGE('',*,*,#13927,.T.) ;
#14003=ORIENTED_EDGE('',*,*,#13934,.T.) ;
#14004=ORIENTED_EDGE('',*,*,#13941,.T.) ;
#14005=ORIENTED_EDGE('',*,*,#13948,.T.) ;
#14006=ORIENTED_EDGE('',*,*,#13955,.T.) ;
#14007=ORIENTED_EDGE('',*,*,#13962,.T.) ;
#14008=ORIENTED_EDGE('',*,*,#13969,.T.) ;
#14009=ORIENTED_EDGE('',*,*,#13974,.T.) ;
#14035=ORIENTED_EDGE('',*,*,#2378,.F.) ;
#14036=ORIENTED_EDGE('',*,*,#14028,.T.) ;
#14037=ORIENTED_EDGE('',*,*,#13745,.F.) ;
#14038=ORIENTED_EDGE('',*,*,#14033,.F.) ;
#14059=ORIENTED_EDGE('',*,*,#2371,.F.) ;
#14060=ORIENTED_EDGE('',*,*,#14057,.T.) ;
#14061=ORIENTED_EDGE('',*,*,#13752,.F.) ;
#14062=ORIENTED_EDGE('',*,*,#14028,.F.) ;
#14083=ORIENTED_EDGE('',*,*,#2364,.F.) ;
#14084=ORIENTED_EDGE('',*,*,#14081,.T.) ;
#14085=ORIENTED_EDGE('',*,*,#13759,.F.) ;
#14086=ORIENTED_EDGE('',*,*,#14057,.F.) ;
#14107=ORIENTED_EDGE('',*,*,#2357,.F.) ;
#14108=ORIENTED_EDGE('',*,*,#14105,.T.) ;
#14109=ORIENTED_EDGE('',*,*,#13766,.F.) ;
#14110=ORIENTED_EDGE('',*,*,#14081,.F.) ;
#14131=ORIENTED_EDGE('',*,*,#2350,.F.) ;
#14132=ORIENTED_EDGE('',*,*,#14129,.T.) ;
#14133=ORIENTED_EDGE('',*,*,#13773,.F.) ;
#14134=ORIENTED_EDGE('',*,*,#14105,.F.) ;
#14155=ORIENTED_EDGE('',*,*,#2343,.F.) ;
#14156=ORIENTED_EDGE('',*,*,#14153,.T.) ;
#14157=ORIENTED_EDGE('',*,*,#13780,.F.) ;
#14158=ORIENTED_EDGE('',*,*,#14129,.F.) ;
#14179=ORIENTED_EDGE('',*,*,#2336,.F.) ;
#14180=ORIENTED_EDGE('',*,*,#14177,.T.) ;
#14181=ORIENTED_EDGE('',*,*,#13787,.F.) ;
#14182=ORIENTED_EDGE('',*,*,#14153,.F.) ;
#14203=ORIENTED_EDGE('',*,*,#2329,.F.) ;
#14204=ORIENTED_EDGE('',*,*,#14201,.T.) ;
#14205=ORIENTED_EDGE('',*,*,#13794,.F.) ;
#14206=ORIENTED_EDGE('',*,*,#14177,.F.) ;
#14227=ORIENTED_EDGE('',*,*,#2322,.F.) ;
#14228=ORIENTED_EDGE('',*,*,#14225,.T.) ;
#14229=ORIENTED_EDGE('',*,*,#13801,.F.) ;
#14230=ORIENTED_EDGE('',*,*,#14201,.F.) ;
#14251=ORIENTED_EDGE('',*,*,#2315,.F.) ;
#14252=ORIENTED_EDGE('',*,*,#14249,.T.) ;
#14253=ORIENTED_EDGE('',*,*,#13808,.F.) ;
#14254=ORIENTED_EDGE('',*,*,#14225,.F.) ;
#14275=ORIENTED_EDGE('',*,*,#2308,.F.) ;
#14276=ORIENTED_EDGE('',*,*,#14273,.T.) ;
#14277=ORIENTED_EDGE('',*,*,#13815,.F.) ;
#14278=ORIENTED_EDGE('',*,*,#14249,.F.) ;
#14299=ORIENTED_EDGE('',*,*,#2301,.F.) ;
#14300=ORIENTED_EDGE('',*,*,#14297,.T.) ;
#14301=ORIENTED_EDGE('',*,*,#13822,.F.) ;
#14302=ORIENTED_EDGE('',*,*,#14273,.F.) ;
#14323=ORIENTED_EDGE('',*,*,#2294,.F.) ;
#14324=ORIENTED_EDGE('',*,*,#14321,.T.) ;
#14325=ORIENTED_EDGE('',*,*,#13829,.F.) ;
#14326=ORIENTED_EDGE('',*,*,#14297,.F.) ;
#14347=ORIENTED_EDGE('',*,*,#2287,.F.) ;
#14348=ORIENTED_EDGE('',*,*,#14345,.T.) ;
#14349=ORIENTED_EDGE('',*,*,#13836,.F.) ;
#14350=ORIENTED_EDGE('',*,*,#14321,.F.) ;
#14371=ORIENTED_EDGE('',*,*,#2280,.F.) ;
#14372=ORIENTED_EDGE('',*,*,#14369,.T.) ;
#14373=ORIENTED_EDGE('',*,*,#13843,.F.) ;
#14374=ORIENTED_EDGE('',*,*,#14345,.F.) ;
#14395=ORIENTED_EDGE('',*,*,#2273,.F.) ;
#14396=ORIENTED_EDGE('',*,*,#14393,.T.) ;
#14397=ORIENTED_EDGE('',*,*,#13850,.F.) ;
#14398=ORIENTED_EDGE('',*,*,#14369,.F.) ;
#14419=ORIENTED_EDGE('',*,*,#2266,.F.) ;
#14420=ORIENTED_EDGE('',*,*,#14417,.T.) ;
#14421=ORIENTED_EDGE('',*,*,#13857,.F.) ;
#14422=ORIENTED_EDGE('',*,*,#14393,.F.) ;
#14443=ORIENTED_EDGE('',*,*,#2259,.F.) ;
#14444=ORIENTED_EDGE('',*,*,#14441,.T.) ;
#14445=ORIENTED_EDGE('',*,*,#13864,.F.) ;
#14446=ORIENTED_EDGE('',*,*,#14417,.F.) ;
#14467=ORIENTED_EDGE('',*,*,#2252,.F.) ;
#14468=ORIENTED_EDGE('',*,*,#14465,.T.) ;
#14469=ORIENTED_EDGE('',*,*,#13871,.F.) ;
#14470=ORIENTED_EDGE('',*,*,#14441,.F.) ;
#14491=ORIENTED_EDGE('',*,*,#2245,.F.) ;
#14492=ORIENTED_EDGE('',*,*,#14489,.T.) ;
#14493=ORIENTED_EDGE('',*,*,#13878,.F.) ;
#14494=ORIENTED_EDGE('',*,*,#14465,.F.) ;
#14515=ORIENTED_EDGE('',*,*,#2238,.F.) ;
#14516=ORIENTED_EDGE('',*,*,#14513,.T.) ;
#14517=ORIENTED_EDGE('',*,*,#13885,.F.) ;
#14518=ORIENTED_EDGE('',*,*,#14489,.F.) ;
#14539=ORIENTED_EDGE('',*,*,#2231,.F.) ;
#14540=ORIENTED_EDGE('',*,*,#14537,.T.) ;
#14541=ORIENTED_EDGE('',*,*,#13892,.F.) ;
#14542=ORIENTED_EDGE('',*,*,#14513,.F.) ;
#14563=ORIENTED_EDGE('',*,*,#2224,.F.) ;
#14564=ORIENTED_EDGE('',*,*,#14561,.T.) ;
#14565=ORIENTED_EDGE('',*,*,#13899,.F.) ;
#14566=ORIENTED_EDGE('',*,*,#14537,.F.) ;
#14587=ORIENTED_EDGE('',*,*,#2217,.F.) ;
#14588=ORIENTED_EDGE('',*,*,#14585,.T.) ;
#14589=ORIENTED_EDGE('',*,*,#13906,.F.) ;
#14590=ORIENTED_EDGE('',*,*,#14561,.F.) ;
#14611=ORIENTED_EDGE('',*,*,#2210,.F.) ;
#14612=ORIENTED_EDGE('',*,*,#14609,.T.) ;
#14613=ORIENTED_EDGE('',*,*,#13913,.F.) ;
#14614=ORIENTED_EDGE('',*,*,#14585,.F.) ;
#14635=ORIENTED_EDGE('',*,*,#2203,.F.) ;
#14636=ORIENTED_EDGE('',*,*,#14633,.T.) ;
#14637=ORIENTED_EDGE('',*,*,#13920,.F.) ;
#14638=ORIENTED_EDGE('',*,*,#14609,.F.) ;
#14659=ORIENTED_EDGE('',*,*,#2196,.F.) ;
#14660=ORIENTED_EDGE('',*,*,#14657,.T.) ;
#14661=ORIENTED_EDGE('',*,*,#13927,.F.) ;
#14662=ORIENTED_EDGE('',*,*,#14633,.F.) ;
#14683=ORIENTED_EDGE('',*,*,#2189,.F.) ;
#14684=ORIENTED_EDGE('',*,*,#14681,.T.) ;
#14685=ORIENTED_EDGE('',*,*,#13934,.F.) ;
#14686=ORIENTED_EDGE('',*,*,#14657,.F.) ;
#14707=ORIENTED_EDGE('',*,*,#2182,.F.) ;
#14708=ORIENTED_EDGE('',*,*,#14705,.T.) ;
#14709=ORIENTED_EDGE('',*,*,#13941,.F.) ;
#14710=ORIENTED_EDGE('',*,*,#14681,.F.) ;
#14731=ORIENTED_EDGE('',*,*,#2175,.F.) ;
#14732=ORIENTED_EDGE('',*,*,#14729,.T.) ;
#14733=ORIENTED_EDGE('',*,*,#13948,.F.) ;
#14734=ORIENTED_EDGE('',*,*,#14705,.F.) ;
#14755=ORIENTED_EDGE('',*,*,#2168,.F.) ;
#14756=ORIENTED_EDGE('',*,*,#14753,.T.) ;
#14757=ORIENTED_EDGE('',*,*,#13955,.F.) ;
#14758=ORIENTED_EDGE('',*,*,#14729,.F.) ;
#14779=ORIENTED_EDGE('',*,*,#2161,.F.) ;
#14780=ORIENTED_EDGE('',*,*,#14777,.T.) ;
#14781=ORIENTED_EDGE('',*,*,#13962,.F.) ;
#14782=ORIENTED_EDGE('',*,*,#14753,.F.) ;
#14803=ORIENTED_EDGE('',*,*,#2154,.F.) ;
#14804=ORIENTED_EDGE('',*,*,#14801,.T.) ;
#14805=ORIENTED_EDGE('',*,*,#13969,.F.) ;
#14806=ORIENTED_EDGE('',*,*,#14777,.F.) ;
#14822=ORIENTED_EDGE('',*,*,#2383,.F.) ;
#14823=ORIENTED_EDGE('',*,*,#14033,.T.) ;
#14824=ORIENTED_EDGE('',*,*,#13974,.F.) ;
#14825=ORIENTED_EDGE('',*,*,#14801,.F.) ;
#14906=ORIENTED_EDGE('',*,*,#14843,.T.) ;
#14907=ORIENTED_EDGE('',*,*,#14850,.T.) ;
#14908=ORIENTED_EDGE('',*,*,#14857,.T.) ;
#14909=ORIENTED_EDGE('',*,*,#14864,.T.) ;
#14910=ORIENTED_EDGE('',*,*,#14871,.T.) ;
#14911=ORIENTED_EDGE('',*,*,#14878,.T.) ;
#14912=ORIENTED_EDGE('',*,*,#14885,.T.) ;
#14913=ORIENTED_EDGE('',*,*,#14892,.T.) ;
#14914=ORIENTED_EDGE('',*,*,#14899,.T.) ;
#14915=ORIENTED_EDGE('',*,*,#14904,.T.) ;
#14941=ORIENTED_EDGE('',*,*,#3802,.F.) ;
#14942=ORIENTED_EDGE('',*,*,#14934,.T.) ;
#14943=ORIENTED_EDGE('',*,*,#14843,.F.) ;
#14944=ORIENTED_EDGE('',*,*,#14939,.F.) ;
#14965=ORIENTED_EDGE('',*,*,#3795,.F.) ;
#14966=ORIENTED_EDGE('',*,*,#14963,.T.) ;
#14967=ORIENTED_EDGE('',*,*,#14850,.F.) ;
#14968=ORIENTED_EDGE('',*,*,#14934,.F.) ;
#14984=ORIENTED_EDGE('',*,*,#3788,.F.) ;
#14985=ORIENTED_EDGE('',*,*,#14982,.T.) ;
#14986=ORIENTED_EDGE('',*,*,#14857,.F.) ;
#14987=ORIENTED_EDGE('',*,*,#14963,.F.) ;
#15008=ORIENTED_EDGE('',*,*,#3781,.F.) ;
#15009=ORIENTED_EDGE('',*,*,#15006,.T.) ;
#15010=ORIENTED_EDGE('',*,*,#14864,.F.) ;
#15011=ORIENTED_EDGE('',*,*,#14982,.F.) ;
#15027=ORIENTED_EDGE('',*,*,#3774,.F.) ;
#15028=ORIENTED_EDGE('',*,*,#15025,.T.) ;
#15029=ORIENTED_EDGE('',*,*,#14871,.F.) ;
#15030=ORIENTED_EDGE('',*,*,#15006,.F.) ;
#15051=ORIENTED_EDGE('',*,*,#3767,.F.) ;
#15052=ORIENTED_EDGE('',*,*,#15049,.T.) ;
#15053=ORIENTED_EDGE('',*,*,#14878,.F.) ;
#15054=ORIENTED_EDGE('',*,*,#15025,.F.) ;
#15070=ORIENTED_EDGE('',*,*,#3760,.F.) ;
#15071=ORIENTED_EDGE('',*,*,#15068,.T.) ;
#15072=ORIENTED_EDGE('',*,*,#14885,.F.) ;
#15073=ORIENTED_EDGE('',*,*,#15049,.F.) ;
#15094=ORIENTED_EDGE('',*,*,#3753,.F.) ;
#15095=ORIENTED_EDGE('',*,*,#15092,.T.) ;
#15096=ORIENTED_EDGE('',*,*,#14892,.F.) ;
#15097=ORIENTED_EDGE('',*,*,#15068,.F.) ;
#15113=ORIENTED_EDGE('',*,*,#3746,.F.) ;
#15114=ORIENTED_EDGE('',*,*,#15111,.T.) ;
#15115=ORIENTED_EDGE('',*,*,#14899,.F.) ;
#15116=ORIENTED_EDGE('',*,*,#15092,.F.) ;
#15132=ORIENTED_EDGE('',*,*,#3807,.F.) ;
#15133=ORIENTED_EDGE('',*,*,#14939,.T.) ;
#15134=ORIENTED_EDGE('',*,*,#14904,.F.) ;
#15135=ORIENTED_EDGE('',*,*,#15111,.F.) ;
#15160=ORIENTED_EDGE('',*,*,#15153,.T.) ;
#15161=ORIENTED_EDGE('',*,*,#15158,.T.) ;
#15178=ORIENTED_EDGE('',*,*,#15171,.F.) ;
#15179=ORIENTED_EDGE('',*,*,#15176,.F.) ;
#15196=ORIENTED_EDGE('',*,*,#15189,.F.) ;
#15197=ORIENTED_EDGE('',*,*,#15194,.F.) ;
#15214=ORIENTED_EDGE('',*,*,#15207,.F.) ;
#15215=ORIENTED_EDGE('',*,*,#15212,.F.) ;
#15232=ORIENTED_EDGE('',*,*,#15225,.F.) ;
#15233=ORIENTED_EDGE('',*,*,#15230,.F.) ;
#15250=ORIENTED_EDGE('',*,*,#15243,.F.) ;
#15251=ORIENTED_EDGE('',*,*,#15248,.F.) ;
#15268=ORIENTED_EDGE('',*,*,#15261,.F.) ;
#15269=ORIENTED_EDGE('',*,*,#15266,.F.) ;
#15286=ORIENTED_EDGE('',*,*,#15279,.F.) ;
#15287=ORIENTED_EDGE('',*,*,#15284,.F.) ;
#15304=ORIENTED_EDGE('',*,*,#15297,.F.) ;
#15305=ORIENTED_EDGE('',*,*,#15302,.F.) ;
#15322=ORIENTED_EDGE('',*,*,#15315,.F.) ;
#15323=ORIENTED_EDGE('',*,*,#15320,.F.) ;
#15349=ORIENTED_EDGE('',*,*,#998,.F.) ;
#15350=ORIENTED_EDGE('',*,*,#15342,.T.) ;
#15351=ORIENTED_EDGE('',*,*,#15153,.F.) ;
#15352=ORIENTED_EDGE('',*,*,#15347,.F.) ;
#15363=ORIENTED_EDGE('',*,*,#993,.F.) ;
#15364=ORIENTED_EDGE('',*,*,#15347,.T.) ;
#15365=ORIENTED_EDGE('',*,*,#15158,.F.) ;
#15366=ORIENTED_EDGE('',*,*,#15342,.F.) ;
#15392=ORIENTED_EDGE('',*,*,#15385,.T.) ;
#15393=ORIENTED_EDGE('',*,*,#15171,.T.) ;
#15394=ORIENTED_EDGE('',*,*,#15390,.F.) ;
#15395=ORIENTED_EDGE('',*,*,#1012,.T.) ;
#15406=ORIENTED_EDGE('',*,*,#15390,.T.) ;
#15407=ORIENTED_EDGE('',*,*,#15176,.T.) ;
#15408=ORIENTED_EDGE('',*,*,#15385,.F.) ;
#15409=ORIENTED_EDGE('',*,*,#1017,.T.) ;
#15435=ORIENTED_EDGE('',*,*,#15428,.T.) ;
#15436=ORIENTED_EDGE('',*,*,#15189,.T.) ;
#15437=ORIENTED_EDGE('',*,*,#15433,.F.) ;
#15438=ORIENTED_EDGE('',*,*,#3829,.T.) ;
#15449=ORIENTED_EDGE('',*,*,#15433,.T.) ;
#15450=ORIENTED_EDGE('',*,*,#15194,.T.) ;
#15451=ORIENTED_EDGE('',*,*,#15428,.F.) ;
#15452=ORIENTED_EDGE('',*,*,#3834,.T.) ;
#15478=ORIENTED_EDGE('',*,*,#15471,.T.) ;
#15479=ORIENTED_EDGE('',*,*,#15207,.T.) ;
#15480=ORIENTED_EDGE('',*,*,#15476,.F.) ;
#15481=ORIENTED_EDGE('',*,*,#3848,.T.) ;
#15492=ORIENTED_EDGE('',*,*,#15476,.T.) ;
#15493=ORIENTED_EDGE('',*,*,#15212,.T.) ;
#15494=ORIENTED_EDGE('',*,*,#15471,.F.) ;
#15495=ORIENTED_EDGE('',*,*,#3853,.T.) ;
#15521=ORIENTED_EDGE('',*,*,#15514,.T.) ;
#15522=ORIENTED_EDGE('',*,*,#15225,.T.) ;
#15523=ORIENTED_EDGE('',*,*,#15519,.F.) ;
#15524=ORIENTED_EDGE('',*,*,#3867,.T.) ;
#15535=ORIENTED_EDGE('',*,*,#15519,.T.) ;
#15536=ORIENTED_EDGE('',*,*,#15230,.T.) ;
#15537=ORIENTED_EDGE('',*,*,#15514,.F.) ;
#15538=ORIENTED_EDGE('',*,*,#3872,.T.) ;
#15564=ORIENTED_EDGE('',*,*,#15557,.T.) ;
#15565=ORIENTED_EDGE('',*,*,#15243,.T.) ;
#15566=ORIENTED_EDGE('',*,*,#15562,.F.) ;
#15567=ORIENTED_EDGE('',*,*,#3886,.T.) ;
#15578=ORIENTED_EDGE('',*,*,#15562,.T.) ;
#15579=ORIENTED_EDGE('',*,*,#15248,.T.) ;
#15580=ORIENTED_EDGE('',*,*,#15557,.F.) ;
#15581=ORIENTED_EDGE('',*,*,#3891,.T.) ;
#15607=ORIENTED_EDGE('',*,*,#15600,.T.) ;
#15608=ORIENTED_EDGE('',*,*,#15261,.T.) ;
#15609=ORIENTED_EDGE('',*,*,#15605,.F.) ;
#15610=ORIENTED_EDGE('',*,*,#3905,.T.) ;
#15621=ORIENTED_EDGE('',*,*,#15605,.T.) ;
#15622=ORIENTED_EDGE('',*,*,#15266,.T.) ;
#15623=ORIENTED_EDGE('',*,*,#15600,.F.) ;
#15624=ORIENTED_EDGE('',*,*,#3910,.T.) ;
#15650=ORIENTED_EDGE('',*,*,#15643,.T.) ;
#15651=ORIENTED_EDGE('',*,*,#15279,.T.) ;
#15652=ORIENTED_EDGE('',*,*,#15648,.F.) ;
#15653=ORIENTED_EDGE('',*,*,#3924,.T.) ;
#15664=ORIENTED_EDGE('',*,*,#15648,.T.) ;
#15665=ORIENTED_EDGE('',*,*,#15284,.T.) ;
#15666=ORIENTED_EDGE('',*,*,#15643,.F.) ;
#15667=ORIENTED_EDGE('',*,*,#3929,.T.) ;
#15693=ORIENTED_EDGE('',*,*,#15686,.T.) ;
#15694=ORIENTED_EDGE('',*,*,#15297,.T.) ;
#15695=ORIENTED_EDGE('',*,*,#15691,.F.) ;
#15696=ORIENTED_EDGE('',*,*,#3943,.T.) ;
#15707=ORIENTED_EDGE('',*,*,#15691,.T.) ;
#15708=ORIENTED_EDGE('',*,*,#15302,.T.) ;
#15709=ORIENTED_EDGE('',*,*,#15686,.F.) ;
#15710=ORIENTED_EDGE('',*,*,#3948,.T.) ;
#15736=ORIENTED_EDGE('',*,*,#15729,.T.) ;
#15737=ORIENTED_EDGE('',*,*,#15315,.T.) ;
#15738=ORIENTED_EDGE('',*,*,#15734,.F.) ;
#15739=ORIENTED_EDGE('',*,*,#3962,.T.) ;
#15750=ORIENTED_EDGE('',*,*,#15734,.T.) ;
#15751=ORIENTED_EDGE('',*,*,#15320,.T.) ;
#15752=ORIENTED_EDGE('',*,*,#15729,.F.) ;
#15753=ORIENTED_EDGE('',*,*,#3967,.T.) ;
#423=FACE_BOUND('',#420,.T.) ;
#442=FACE_BOUND('',#439,.T.) ;
#507=FACE_BOUND('',#504,.T.) ;
#511=FACE_BOUND('',#508,.T.) ;
#529=FACE_BOUND('',#526,.T.) ;
#547=FACE_BOUND('',#544,.T.) ;
#565=FACE_BOUND('',#562,.T.) ;
#583=FACE_BOUND('',#580,.T.) ;
#601=FACE_BOUND('',#598,.T.) ;
#619=FACE_BOUND('',#616,.T.) ;
#637=FACE_BOUND('',#634,.T.) ;
#952=FACE_BOUND('',#949,.T.) ;
#956=FACE_BOUND('',#953,.T.) ;
#960=FACE_BOUND('',#957,.T.) ;
#964=FACE_BOUND('',#961,.T.) ;
#968=FACE_BOUND('',#965,.T.) ;
#972=FACE_BOUND('',#969,.T.) ;
#976=FACE_BOUND('',#973,.T.) ;
#980=FACE_BOUND('',#977,.T.) ;
#984=FACE_BOUND('',#981,.T.) ;
#1002=FACE_BOUND('',#999,.T.) ;
#1967=FACE_BOUND('',#1848,.T.) ;
#2145=FACE_BOUND('',#2122,.T.) ;
#2419=FACE_BOUND('',#2384,.T.) ;
#3525=FACE_BOUND('',#3386,.T.) ;
#3703=FACE_BOUND('',#3680,.T.) ;
#3737=FACE_BOUND('',#3732,.T.) ;
#3819=FACE_BOUND('',#3808,.T.) ;
#15180=FACE_BOUND('',#15177,.T.) ;
#15198=FACE_BOUND('',#15195,.T.) ;
#15216=FACE_BOUND('',#15213,.T.) ;
#15234=FACE_BOUND('',#15231,.T.) ;
#15252=FACE_BOUND('',#15249,.T.) ;
#15270=FACE_BOUND('',#15267,.T.) ;
#15288=FACE_BOUND('',#15285,.T.) ;
#15306=FACE_BOUND('',#15303,.T.) ;
#15324=FACE_BOUND('',#15321,.T.) ;
#34=CLOSED_SHELL('Closed Shell',(#74,#91,#131,#148,#188,#205,#236,#248,#287,#307,#339,#379,#396,#424,#443,#451,#482,#494,#638,#669,#681,#712,#724,#755,#767,#798,#810,#841,#853,#884,#896,#927,#939,#1003,#3820,#3839,#3858,#3877,#3896,#3915,#3934,#3953,#3972,#5084,#5114,#5138,#5162,#5186,#5210,#5234,#5258,#5282,#5306,#5330,#5354,#5378,#5402,#5426,#5450,#5474,#5498,#5522,#5546,#5570,#5594,#5618,#5642,#5666,#5690,#5709,#5733,#5757,#5781,#5805,#5829,#5853,#5877,#5901,#5925,#5949,#5973,#5997,#6021,#6045,#6069,#6093,#6117,#6141,#6165,#6189,#6213,#6232,#6256,#6280,#6304,#6328,#6352,#6376,#6400,#6424,#6448,#6472,#6496,#6520,#6544,#6568,#6592,#6616,#6640,#6664,#6688,#6712,#6736,#6760,#6784,#6808,#6832,#6856,#6880,#6904,#6928,#6952,#6976,#7000,#7024,#7048,#7072,#7096,#7120,#7144,#7168,#7192,#7216,#7240,#7264,#7288,#7312,#7336,#7355,#7374,#7398,#7422,#7446,#7470,#7494,#7518,#7542,#7566,#7590,#7614,#7638,#7662,#7686,#7710,#7734,#7758,#7782,#7806,#7830,#7854,#7878,#7902,#7926,#7950,#7974,#7998,#8022,#8046,#8070,#8094,#8118,#8142,#8166,#8190,#8214,#8238,#8262,#8286,#8310,#8334,#8358,#8377,#9331,#9360,#9384,#9408,#9432,#9456,#9480,#9504,#9528,#9552,#9576,#9600,#9624,#9648,#9672,#9696,#9720,#9744,#9768,#9792,#9816,#9840,#9864,#9888,#9912,#9936,#9960,#9984,#10008,#10032,#10056,#10080,#10104,#10128,#10152,#10176,#10200,#10224,#10248,#10272,#10296,#10320,#10344,#10368,#10392,#10416,#10440,#10464,#10488,#10512,#10536,#10560,#10584,#10608,#10632,#10656,#10680,#10704,#10728,#10752,#10776,#10800,#10824,#10848,#10872,#10896,#10920,#10944,#10968,#10992,#11016,#11040,#11064,#11088,#11112,#11136,#11160,#11184,#11208,#11232,#11256,#11280,#11304,#11328,#11352,#11376,#11400,#11424,#11448,#11472,#11496,#11520,#11544,#11568,#11592,#11616,#11640,#11664,#11688,#11712,#11736,#11760,#11784,#11808,#11832,#11856,#11880,#11904,#11928,#11952,#11976,#12000,#12024,#12048,#12072,#12096,#12120,#12144,#12163,#12205,#12234,#12258,#12282,#12301,#12487,#12516,#12540,#12564,#12588,#12612,#12636,#12660,#12684,#12708,#12732,#12756,#12780,#12804,#12828,#12852,#12876,#12900,#12924,#12948,#12972,#12996,#13015,#13201,#13230,#13254,#13278,#13302,#13326,#13350,#13374,#13398,#13422,#13446,#13470,#13494,#13518,#13542,#13566,#13590,#13614,#13638,#13662,#13686,#13710,#13729,#14011,#14040,#14064,#14088,#14112,#14136,#14160,#14184,#14208,#14232,#14256,#14280,#14304,#14328,#14352,#14376,#14400,#14424,#14448,#14472,#14496,#14520,#14544,#14568,#14592,#14616,#14640,#14664,#14688,#14712,#14736,#14760,#14784,#14808,#14827,#14917,#14946,#14970,#14989,#15013,#15032,#15056,#15075,#15099,#15118,#15137,#15325,#15354,#15368,#15397,#15411,#15440,#15454,#15483,#15497,#15526,#15540,#15569,#15583,#15612,#15626,#15655,#15669,#15698,#15712,#15741,#15755)) ;
#15763=ADVANCED_BREP_SHAPE_REPRESENTATION('NONE',(#25),#20) ;
#74=ADVANCED_FACE('PartBody',(#73),#39,.F.) ;
#91=ADVANCED_FACE('PartBody',(#90),#39,.F.) ;
#131=ADVANCED_FACE('PartBody',(#130),#96,.T.) ;
#148=ADVANCED_FACE('PartBody',(#147),#96,.T.) ;
#188=ADVANCED_FACE('PartBody',(#187),#153,.F.) ;
#205=ADVANCED_FACE('PartBody',(#204),#153,.F.) ;
#236=ADVANCED_FACE('PartBody',(#235),#210,.T.) ;
#248=ADVANCED_FACE('PartBody',(#247),#210,.T.) ;
#287=ADVANCED_FACE('PartBody',(#286),#253,.T.) ;
#307=ADVANCED_FACE('PartBody',(#306),#253,.T.) ;
#339=ADVANCED_FACE('PartBody',(#338),#312,.T.) ;
#379=ADVANCED_FACE('PartBody',(#378),#344,.F.) ;
#396=ADVANCED_FACE('PartBody',(#395),#344,.F.) ;
#424=ADVANCED_FACE('PartBody',(#419,#423),#401,.T.) ;
#443=ADVANCED_FACE('PartBody',(#438,#442),#429,.F.) ;
#451=ADVANCED_FACE('PartBody',(#450),#312,.T.) ;
#482=ADVANCED_FACE('PartBody',(#481),#456,.T.) ;
#494=ADVANCED_FACE('PartBody',(#493),#456,.T.) ;
#638=ADVANCED_FACE('PartBody',(#503,#507,#511,#529,#547,#565,#583,#601,#619,#637),#499,.T.) ;
#669=ADVANCED_FACE('PartBody',(#668),#643,.F.) ;
#681=ADVANCED_FACE('PartBody',(#680),#643,.F.) ;
#712=ADVANCED_FACE('PartBody',(#711),#686,.F.) ;
#724=ADVANCED_FACE('PartBody',(#723),#686,.F.) ;
#755=ADVANCED_FACE('PartBody',(#754),#729,.F.) ;
#767=ADVANCED_FACE('PartBody',(#766),#729,.F.) ;
#798=ADVANCED_FACE('PartBody',(#797),#772,.F.) ;
#810=ADVANCED_FACE('PartBody',(#809),#772,.F.) ;
#841=ADVANCED_FACE('PartBody',(#840),#815,.F.) ;
#853=ADVANCED_FACE('PartBody',(#852),#815,.F.) ;
#884=ADVANCED_FACE('PartBody',(#883),#858,.F.) ;
#896=ADVANCED_FACE('PartBody',(#895),#858,.F.) ;
#927=ADVANCED_FACE('PartBody',(#926),#901,.F.) ;
#939=ADVANCED_FACE('PartBody',(#938),#901,.F.) ;
#1003=ADVANCED_FACE('PartBody',(#948,#952,#956,#960,#964,#968,#972,#976,#980,#984,#1002),#944,.F.) ;
#3820=ADVANCED_FACE('PartBody',(#1021,#1967,#2145,#2419,#3525,#3703,#3737,#3819),#944,.F.) ;
#3839=ADVANCED_FACE('PartBody',(#3838),#944,.F.) ;
#3858=ADVANCED_FACE('PartBody',(#3857),#944,.F.) ;
#3877=ADVANCED_FACE('PartBody',(#3876),#944,.F.) ;
#3896=ADVANCED_FACE('PartBody',(#3895),#944,.F.) ;
#3915=ADVANCED_FACE('PartBody',(#3914),#944,.F.) ;
#3934=ADVANCED_FACE('PartBody',(#3933),#944,.F.) ;
#3953=ADVANCED_FACE('PartBody',(#3952),#944,.F.) ;
#3972=ADVANCED_FACE('PartBody',(#3971),#944,.F.) ;
#5084=ADVANCED_FACE('PartBody',(#5083),#3977,.T.) ;
#5114=ADVANCED_FACE('PartBody',(#5113),#5097,.F.) ;
#5138=ADVANCED_FACE('PartBody',(#5137),#5126,.F.) ;
#5162=ADVANCED_FACE('PartBody',(#5161),#5150,.F.) ;
#5186=ADVANCED_FACE('PartBody',(#5185),#5174,.F.) ;
#5210=ADVANCED_FACE('PartBody',(#5209),#5198,.F.) ;
#5234=ADVANCED_FACE('PartBody',(#5233),#5222,.F.) ;
#5258=ADVANCED_FACE('PartBody',(#5257),#5246,.F.) ;
#5282=ADVANCED_FACE('PartBody',(#5281),#5270,.F.) ;
#5306=ADVANCED_FACE('PartBody',(#5305),#5294,.F.) ;
#5330=ADVANCED_FACE('PartBody',(#5329),#5318,.F.) ;
#5354=ADVANCED_FACE('PartBody',(#5353),#5342,.F.) ;
#5378=ADVANCED_FACE('PartBody',(#5377),#5366,.F.) ;
#5402=ADVANCED_FACE('PartBody',(#5401),#5390,.F.) ;
#5426=ADVANCED_FACE('PartBody',(#5425),#5414,.F.) ;
#5450=ADVANCED_FACE('PartBody',(#5449),#5438,.F.) ;
#5474=ADVANCED_FACE('PartBody',(#5473),#5462,.F.) ;
#5498=ADVANCED_FACE('PartBody',(#5497),#5486,.F.) ;
#5522=ADVANCED_FACE('PartBody',(#5521),#5510,.F.) ;
#5546=ADVANCED_FACE('PartBody',(#5545),#5534,.F.) ;
#5570=ADVANCED_FACE('PartBody',(#5569),#5558,.F.) ;
#5594=ADVANCED_FACE('PartBody',(#5593),#5582,.F.) ;
#5618=ADVANCED_FACE('PartBody',(#5617),#5606,.F.) ;
#5642=ADVANCED_FACE('PartBody',(#5641),#5630,.F.) ;
#5666=ADVANCED_FACE('PartBody',(#5665),#5654,.F.) ;
#5690=ADVANCED_FACE('PartBody',(#5689),#5678,.F.) ;
#5709=ADVANCED_FACE('PartBody',(#5708),#5126,.F.) ;
#5733=ADVANCED_FACE('PartBody',(#5732),#5721,.F.) ;
#5757=ADVANCED_FACE('PartBody',(#5756),#5745,.F.) ;
#5781=ADVANCED_FACE('PartBody',(#5780),#5769,.F.) ;
#5805=ADVANCED_FACE('PartBody',(#5804),#5793,.F.) ;
#5829=ADVANCED_FACE('PartBody',(#5828),#5817,.F.) ;
#5853=ADVANCED_FACE('PartBody',(#5852),#5841,.F.) ;
#5877=ADVANCED_FACE('PartBody',(#5876),#5865,.F.) ;
#5901=ADVANCED_FACE('PartBody',(#5900),#5889,.F.) ;
#5925=ADVANCED_FACE('PartBody',(#5924),#5913,.F.) ;
#5949=ADVANCED_FACE('PartBody',(#5948),#5937,.F.) ;
#5973=ADVANCED_FACE('PartBody',(#5972),#5961,.F.) ;
#5997=ADVANCED_FACE('PartBody',(#5996),#5985,.F.) ;
#6021=ADVANCED_FACE('PartBody',(#6020),#6009,.F.) ;
#6045=ADVANCED_FACE('PartBody',(#6044),#6033,.F.) ;
#6069=ADVANCED_FACE('PartBody',(#6068),#6057,.F.) ;
#6093=ADVANCED_FACE('PartBody',(#6092),#6081,.F.) ;
#6117=ADVANCED_FACE('PartBody',(#6116),#6105,.F.) ;
#6141=ADVANCED_FACE('PartBody',(#6140),#6129,.F.) ;
#6165=ADVANCED_FACE('PartBody',(#6164),#6153,.F.) ;
#6189=ADVANCED_FACE('PartBody',(#6188),#6177,.F.) ;
#6213=ADVANCED_FACE('PartBody',(#6212),#6201,.F.) ;
#6232=ADVANCED_FACE('PartBody',(#6231),#5126,.F.) ;
#6256=ADVANCED_FACE('PartBody',(#6255),#6244,.F.) ;
#6280=ADVANCED_FACE('PartBody',(#6279),#6268,.F.) ;
#6304=ADVANCED_FACE('PartBody',(#6303),#6292,.F.) ;
#6328=ADVANCED_FACE('PartBody',(#6327),#6316,.F.) ;
#6352=ADVANCED_FACE('PartBody',(#6351),#6340,.F.) ;
#6376=ADVANCED_FACE('PartBody',(#6375),#6364,.F.) ;
#6400=ADVANCED_FACE('PartBody',(#6399),#6388,.F.) ;
#6424=ADVANCED_FACE('PartBody',(#6423),#6412,.F.) ;
#6448=ADVANCED_FACE('PartBody',(#6447),#6436,.F.) ;
#6472=ADVANCED_FACE('PartBody',(#6471),#6460,.F.) ;
#6496=ADVANCED_FACE('PartBody',(#6495),#6484,.F.) ;
#6520=ADVANCED_FACE('PartBody',(#6519),#6508,.F.) ;
#6544=ADVANCED_FACE('PartBody',(#6543),#6532,.F.) ;
#6568=ADVANCED_FACE('PartBody',(#6567),#6556,.F.) ;
#6592=ADVANCED_FACE('PartBody',(#6591),#6580,.F.) ;
#6616=ADVANCED_FACE('PartBody',(#6615),#6604,.F.) ;
#6640=ADVANCED_FACE('PartBody',(#6639),#6628,.F.) ;
#6664=ADVANCED_FACE('PartBody',(#6663),#6652,.F.) ;
#6688=ADVANCED_FACE('PartBody',(#6687),#6676,.F.) ;
#6712=ADVANCED_FACE('PartBody',(#6711),#6700,.F.) ;
#6736=ADVANCED_FACE('PartBody',(#6735),#6724,.F.) ;
#6760=ADVANCED_FACE('PartBody',(#6759),#6748,.F.) ;
#6784=ADVANCED_FACE('PartBody',(#6783),#6772,.F.) ;
#6808=ADVANCED_FACE('PartBody',(#6807),#6796,.F.) ;
#6832=ADVANCED_FACE('PartBody',(#6831),#6820,.F.) ;
#6856=ADVANCED_FACE('PartBody',(#6855),#6844,.F.) ;
#6880=ADVANCED_FACE('PartBody',(#6879),#6868,.F.) ;
#6904=ADVANCED_FACE('PartBody',(#6903),#6892,.F.) ;
#6928=ADVANCED_FACE('PartBody',(#6927),#6916,.F.) ;
#6952=ADVANCED_FACE('PartBody',(#6951),#6940,.F.) ;
#6976=ADVANCED_FACE('PartBody',(#6975),#6964,.F.) ;
#7000=ADVANCED_FACE('PartBody',(#6999),#6988,.F.) ;
#7024=ADVANCED_FACE('PartBody',(#7023),#7012,.F.) ;
#7048=ADVANCED_FACE('PartBody',(#7047),#7036,.F.) ;
#7072=ADVANCED_FACE('PartBody',(#7071),#7060,.F.) ;
#7096=ADVANCED_FACE('PartBody',(#7095),#7084,.F.) ;
#7120=ADVANCED_FACE('PartBody',(#7119),#7108,.F.) ;
#7144=ADVANCED_FACE('PartBody',(#7143),#7132,.F.) ;
#7168=ADVANCED_FACE('PartBody',(#7167),#7156,.F.) ;
#7192=ADVANCED_FACE('PartBody',(#7191),#7180,.F.) ;
#7216=ADVANCED_FACE('PartBody',(#7215),#7204,.F.) ;
#7240=ADVANCED_FACE('PartBody',(#7239),#7228,.F.) ;
#7264=ADVANCED_FACE('PartBody',(#7263),#7252,.F.) ;
#7288=ADVANCED_FACE('PartBody',(#7287),#7276,.F.) ;
#7312=ADVANCED_FACE('PartBody',(#7311),#7300,.F.) ;
#7336=ADVANCED_FACE('PartBody',(#7335),#7324,.F.) ;
#7355=ADVANCED_FACE('PartBody',(#7354),#6436,.F.) ;
#7374=ADVANCED_FACE('PartBody',(#7373),#6316,.F.) ;
#7398=ADVANCED_FACE('PartBody',(#7397),#7386,.F.) ;
#7422=ADVANCED_FACE('PartBody',(#7421),#7410,.F.) ;
#7446=ADVANCED_FACE('PartBody',(#7445),#7434,.F.) ;
#7470=ADVANCED_FACE('PartBody',(#7469),#7458,.F.) ;
#7494=ADVANCED_FACE('PartBody',(#7493),#7482,.F.) ;
#7518=ADVANCED_FACE('PartBody',(#7517),#7506,.F.) ;
#7542=ADVANCED_FACE('PartBody',(#7541),#7530,.F.) ;
#7566=ADVANCED_FACE('PartBody',(#7565),#7554,.F.) ;
#7590=ADVANCED_FACE('PartBody',(#7589),#7578,.F.) ;
#7614=ADVANCED_FACE('PartBody',(#7613),#7602,.F.) ;
#7638=ADVANCED_FACE('PartBody',(#7637),#7626,.F.) ;
#7662=ADVANCED_FACE('PartBody',(#7661),#7650,.F.) ;
#7686=ADVANCED_FACE('PartBody',(#7685),#7674,.F.) ;
#7710=ADVANCED_FACE('PartBody',(#7709),#7698,.F.) ;
#7734=ADVANCED_FACE('PartBody',(#7733),#7722,.F.) ;
#7758=ADVANCED_FACE('PartBody',(#7757),#7746,.F.) ;
#7782=ADVANCED_FACE('PartBody',(#7781),#7770,.F.) ;
#7806=ADVANCED_FACE('PartBody',(#7805),#7794,.F.) ;
#7830=ADVANCED_FACE('PartBody',(#7829),#7818,.F.) ;
#7854=ADVANCED_FACE('PartBody',(#7853),#7842,.F.) ;
#7878=ADVANCED_FACE('PartBody',(#7877),#7866,.F.) ;
#7902=ADVANCED_FACE('PartBody',(#7901),#7890,.F.) ;
#7926=ADVANCED_FACE('PartBody',(#7925),#7914,.F.) ;
#7950=ADVANCED_FACE('PartBody',(#7949),#7938,.F.) ;
#7974=ADVANCED_FACE('PartBody',(#7973),#7962,.F.) ;
#7998=ADVANCED_FACE('PartBody',(#7997),#7986,.F.) ;
#8022=ADVANCED_FACE('PartBody',(#8021),#8010,.F.) ;
#8046=ADVANCED_FACE('PartBody',(#8045),#8034,.F.) ;
#8070=ADVANCED_FACE('PartBody',(#8069),#8058,.F.) ;
#8094=ADVANCED_FACE('PartBody',(#8093),#8082,.F.) ;
#8118=ADVANCED_FACE('PartBody',(#8117),#8106,.F.) ;
#8142=ADVANCED_FACE('PartBody',(#8141),#8130,.F.) ;
#8166=ADVANCED_FACE('PartBody',(#8165),#8154,.F.) ;
#8190=ADVANCED_FACE('PartBody',(#8189),#8178,.F.) ;
#8214=ADVANCED_FACE('PartBody',(#8213),#8202,.F.) ;
#8238=ADVANCED_FACE('PartBody',(#8237),#8226,.F.) ;
#8262=ADVANCED_FACE('PartBody',(#8261),#8250,.F.) ;
#8286=ADVANCED_FACE('PartBody',(#8285),#8274,.F.) ;
#8310=ADVANCED_FACE('PartBody',(#8309),#8298,.F.) ;
#8334=ADVANCED_FACE('PartBody',(#8333),#8322,.F.) ;
#8358=ADVANCED_FACE('PartBody',(#8357),#8346,.F.) ;
#8377=ADVANCED_FACE('PartBody',(#8376),#8370,.F.) ;
#9331=ADVANCED_FACE('PartBody',(#9330),#3977,.T.) ;
#9360=ADVANCED_FACE('PartBody',(#9359),#9343,.F.) ;
#9384=ADVANCED_FACE('PartBody',(#9383),#9372,.F.) ;
#9408=ADVANCED_FACE('PartBody',(#9407),#9396,.F.) ;
#9432=ADVANCED_FACE('PartBody',(#9431),#9420,.F.) ;
#9456=ADVANCED_FACE('PartBody',(#9455),#9444,.F.) ;
#9480=ADVANCED_FACE('PartBody',(#9479),#9468,.F.) ;
#9504=ADVANCED_FACE('PartBody',(#9503),#9492,.F.) ;
#9528=ADVANCED_FACE('PartBody',(#9527),#9516,.F.) ;
#9552=ADVANCED_FACE('PartBody',(#9551),#9540,.F.) ;
#9576=ADVANCED_FACE('PartBody',(#9575),#9564,.F.) ;
#9600=ADVANCED_FACE('PartBody',(#9599),#9588,.F.) ;
#9624=ADVANCED_FACE('PartBody',(#9623),#9612,.F.) ;
#9648=ADVANCED_FACE('PartBody',(#9647),#9636,.F.) ;
#9672=ADVANCED_FACE('PartBody',(#9671),#9660,.F.) ;
#9696=ADVANCED_FACE('PartBody',(#9695),#9684,.F.) ;
#9720=ADVANCED_FACE('PartBody',(#9719),#9708,.F.) ;
#9744=ADVANCED_FACE('PartBody',(#9743),#9732,.F.) ;
#9768=ADVANCED_FACE('PartBody',(#9767),#9756,.F.) ;
#9792=ADVANCED_FACE('PartBody',(#9791),#9780,.F.) ;
#9816=ADVANCED_FACE('PartBody',(#9815),#9804,.F.) ;
#9840=ADVANCED_FACE('PartBody',(#9839),#9828,.F.) ;
#9864=ADVANCED_FACE('PartBody',(#9863),#9852,.F.) ;
#9888=ADVANCED_FACE('PartBody',(#9887),#9876,.F.) ;
#9912=ADVANCED_FACE('PartBody',(#9911),#9900,.F.) ;
#9936=ADVANCED_FACE('PartBody',(#9935),#9924,.F.) ;
#9960=ADVANCED_FACE('PartBody',(#9959),#9948,.F.) ;
#9984=ADVANCED_FACE('PartBody',(#9983),#9972,.F.) ;
#10008=ADVANCED_FACE('PartBody',(#10007),#9996,.F.) ;
#10032=ADVANCED_FACE('PartBody',(#10031),#10020,.F.) ;
#10056=ADVANCED_FACE('PartBody',(#10055),#10044,.F.) ;
#10080=ADVANCED_FACE('PartBody',(#10079),#10068,.F.) ;
#10104=ADVANCED_FACE('PartBody',(#10103),#10092,.F.) ;
#10128=ADVANCED_FACE('PartBody',(#10127),#10116,.F.) ;
#10152=ADVANCED_FACE('PartBody',(#10151),#10140,.F.) ;
#10176=ADVANCED_FACE('PartBody',(#10175),#10164,.F.) ;
#10200=ADVANCED_FACE('PartBody',(#10199),#10188,.F.) ;
#10224=ADVANCED_FACE('PartBody',(#10223),#10212,.F.) ;
#10248=ADVANCED_FACE('PartBody',(#10247),#10236,.F.) ;
#10272=ADVANCED_FACE('PartBody',(#10271),#10260,.F.) ;
#10296=ADVANCED_FACE('PartBody',(#10295),#10284,.F.) ;
#10320=ADVANCED_FACE('PartBody',(#10319),#10308,.F.) ;
#10344=ADVANCED_FACE('PartBody',(#10343),#10332,.F.) ;
#10368=ADVANCED_FACE('PartBody',(#10367),#10356,.F.) ;
#10392=ADVANCED_FACE('PartBody',(#10391),#10380,.F.) ;
#10416=ADVANCED_FACE('PartBody',(#10415),#10404,.F.) ;
#10440=ADVANCED_FACE('PartBody',(#10439),#10428,.F.) ;
#10464=ADVANCED_FACE('PartBody',(#10463),#10452,.F.) ;
#10488=ADVANCED_FACE('PartBody',(#10487),#10476,.F.) ;
#10512=ADVANCED_FACE('PartBody',(#10511),#10500,.F.) ;
#10536=ADVANCED_FACE('PartBody',(#10535),#10524,.F.) ;
#10560=ADVANCED_FACE('PartBody',(#10559),#10548,.F.) ;
#10584=ADVANCED_FACE('PartBody',(#10583),#10572,.F.) ;
#10608=ADVANCED_FACE('PartBody',(#10607),#10596,.F.) ;
#10632=ADVANCED_FACE('PartBody',(#10631),#10620,.F.) ;
#10656=ADVANCED_FACE('PartBody',(#10655),#10644,.F.) ;
#10680=ADVANCED_FACE('PartBody',(#10679),#10668,.F.) ;
#10704=ADVANCED_FACE('PartBody',(#10703),#10692,.F.) ;
#10728=ADVANCED_FACE('PartBody',(#10727),#10716,.F.) ;
#10752=ADVANCED_FACE('PartBody',(#10751),#10740,.F.) ;
#10776=ADVANCED_FACE('PartBody',(#10775),#10764,.F.) ;
#10800=ADVANCED_FACE('PartBody',(#10799),#10788,.F.) ;
#10824=ADVANCED_FACE('PartBody',(#10823),#10812,.F.) ;
#10848=ADVANCED_FACE('PartBody',(#10847),#10836,.F.) ;
#10872=ADVANCED_FACE('PartBody',(#10871),#10860,.F.) ;
#10896=ADVANCED_FACE('PartBody',(#10895),#10884,.F.) ;
#10920=ADVANCED_FACE('PartBody',(#10919),#10908,.F.) ;
#10944=ADVANCED_FACE('PartBody',(#10943),#10932,.F.) ;
#10968=ADVANCED_FACE('PartBody',(#10967),#10956,.F.) ;
#10992=ADVANCED_FACE('PartBody',(#10991),#10980,.F.) ;
#11016=ADVANCED_FACE('PartBody',(#11015),#11004,.F.) ;
#11040=ADVANCED_FACE('PartBody',(#11039),#11028,.F.) ;
#11064=ADVANCED_FACE('PartBody',(#11063),#11052,.F.) ;
#11088=ADVANCED_FACE('PartBody',(#11087),#11076,.F.) ;
#11112=ADVANCED_FACE('PartBody',(#11111),#11100,.F.) ;
#11136=ADVANCED_FACE('PartBody',(#11135),#11124,.F.) ;
#11160=ADVANCED_FACE('PartBody',(#11159),#11148,.F.) ;
#11184=ADVANCED_FACE('PartBody',(#11183),#11172,.F.) ;
#11208=ADVANCED_FACE('PartBody',(#11207),#11196,.F.) ;
#11232=ADVANCED_FACE('PartBody',(#11231),#11220,.F.) ;
#11256=ADVANCED_FACE('PartBody',(#11255),#11244,.F.) ;
#11280=ADVANCED_FACE('PartBody',(#11279),#11268,.F.) ;
#11304=ADVANCED_FACE('PartBody',(#11303),#11292,.F.) ;
#11328=ADVANCED_FACE('PartBody',(#11327),#11316,.F.) ;
#11352=ADVANCED_FACE('PartBody',(#11351),#11340,.F.) ;
#11376=ADVANCED_FACE('PartBody',(#11375),#11364,.F.) ;
#11400=ADVANCED_FACE('PartBody',(#11399),#11388,.F.) ;
#11424=ADVANCED_FACE('PartBody',(#11423),#11412,.F.) ;
#11448=ADVANCED_FACE('PartBody',(#11447),#11436,.F.) ;
#11472=ADVANCED_FACE('PartBody',(#11471),#11460,.F.) ;
#11496=ADVANCED_FACE('PartBody',(#11495),#11484,.F.) ;
#11520=ADVANCED_FACE('PartBody',(#11519),#11508,.F.) ;
#11544=ADVANCED_FACE('PartBody',(#11543),#11532,.F.) ;
#11568=ADVANCED_FACE('PartBody',(#11567),#11556,.F.) ;
#11592=ADVANCED_FACE('PartBody',(#11591),#11580,.F.) ;
#11616=ADVANCED_FACE('PartBody',(#11615),#11604,.F.) ;
#11640=ADVANCED_FACE('PartBody',(#11639),#11628,.F.) ;
#11664=ADVANCED_FACE('PartBody',(#11663),#11652,.F.) ;
#11688=ADVANCED_FACE('PartBody',(#11687),#11676,.F.) ;
#11712=ADVANCED_FACE('PartBody',(#11711),#11700,.F.) ;
#11736=ADVANCED_FACE('PartBody',(#11735),#11724,.F.) ;
#11760=ADVANCED_FACE('PartBody',(#11759),#11748,.F.) ;
#11784=ADVANCED_FACE('PartBody',(#11783),#11772,.F.) ;
#11808=ADVANCED_FACE('PartBody',(#11807),#11796,.F.) ;
#11832=ADVANCED_FACE('PartBody',(#11831),#11820,.F.) ;
#11856=ADVANCED_FACE('PartBody',(#11855),#11844,.F.) ;
#11880=ADVANCED_FACE('PartBody',(#11879),#11868,.F.) ;
#11904=ADVANCED_FACE('PartBody',(#11903),#11892,.F.) ;
#11928=ADVANCED_FACE('PartBody',(#11927),#11916,.F.) ;
#11952=ADVANCED_FACE('PartBody',(#11951),#11940,.F.) ;
#11976=ADVANCED_FACE('PartBody',(#11975),#11964,.F.) ;
#12000=ADVANCED_FACE('PartBody',(#11999),#11988,.F.) ;
#12024=ADVANCED_FACE('PartBody',(#12023),#12012,.F.) ;
#12048=ADVANCED_FACE('PartBody',(#12047),#12036,.F.) ;
#12072=ADVANCED_FACE('PartBody',(#12071),#12060,.F.) ;
#12096=ADVANCED_FACE('PartBody',(#12095),#12084,.F.) ;
#12120=ADVANCED_FACE('PartBody',(#12119),#12108,.F.) ;
#12144=ADVANCED_FACE('PartBody',(#12143),#12132,.F.) ;
#12163=ADVANCED_FACE('PartBody',(#12162),#12156,.F.) ;
#12205=ADVANCED_FACE('PartBody',(#12204),#3977,.T.) ;
#12234=ADVANCED_FACE('PartBody',(#12233),#12217,.F.) ;
#12258=ADVANCED_FACE('PartBody',(#12257),#12246,.F.) ;
#12282=ADVANCED_FACE('PartBody',(#12281),#12270,.F.) ;
#12301=ADVANCED_FACE('PartBody',(#12300),#12294,.F.) ;
#12487=ADVANCED_FACE('PartBody',(#12486),#3977,.T.) ;
#12516=ADVANCED_FACE('PartBody',(#12515),#12499,.F.) ;
#12540=ADVANCED_FACE('PartBody',(#12539),#12528,.F.) ;
#12564=ADVANCED_FACE('PartBody',(#12563),#12552,.F.) ;
#12588=ADVANCED_FACE('PartBody',(#12587),#12576,.F.) ;
#12612=ADVANCED_FACE('PartBody',(#12611),#12600,.F.) ;
#12636=ADVANCED_FACE('PartBody',(#12635),#12624,.F.) ;
#12660=ADVANCED_FACE('PartBody',(#12659),#12648,.F.) ;
#12684=ADVANCED_FACE('PartBody',(#12683),#12672,.F.) ;
#12708=ADVANCED_FACE('PartBody',(#12707),#12696,.F.) ;
#12732=ADVANCED_FACE('PartBody',(#12731),#12720,.F.) ;
#12756=ADVANCED_FACE('PartBody',(#12755),#12744,.F.) ;
#12780=ADVANCED_FACE('PartBody',(#12779),#12768,.F.) ;
#12804=ADVANCED_FACE('PartBody',(#12803),#12792,.F.) ;
#12828=ADVANCED_FACE('PartBody',(#12827),#12816,.F.) ;
#12852=ADVANCED_FACE('PartBody',(#12851),#12840,.F.) ;
#12876=ADVANCED_FACE('PartBody',(#12875),#12864,.F.) ;
#12900=ADVANCED_FACE('PartBody',(#12899),#12888,.F.) ;
#12924=ADVANCED_FACE('PartBody',(#12923),#12912,.F.) ;
#12948=ADVANCED_FACE('PartBody',(#12947),#12936,.F.) ;
#12972=ADVANCED_FACE('PartBody',(#12971),#12960,.F.) ;
#12996=ADVANCED_FACE('PartBody',(#12995),#12984,.F.) ;
#13015=ADVANCED_FACE('PartBody',(#13014),#13008,.F.) ;
#13201=ADVANCED_FACE('PartBody',(#13200),#3977,.T.) ;
#13230=ADVANCED_FACE('PartBody',(#13229),#13213,.F.) ;
#13254=ADVANCED_FACE('PartBody',(#13253),#13242,.F.) ;
#13278=ADVANCED_FACE('PartBody',(#13277),#13266,.F.) ;
#13302=ADVANCED_FACE('PartBody',(#13301),#13290,.F.) ;
#13326=ADVANCED_FACE('PartBody',(#13325),#13314,.F.) ;
#13350=ADVANCED_FACE('PartBody',(#13349),#13338,.F.) ;
#13374=ADVANCED_FACE('PartBody',(#13373),#13362,.F.) ;
#13398=ADVANCED_FACE('PartBody',(#13397),#13386,.F.) ;
#13422=ADVANCED_FACE('PartBody',(#13421),#13410,.F.) ;
#13446=ADVANCED_FACE('PartBody',(#13445),#13434,.F.) ;
#13470=ADVANCED_FACE('PartBody',(#13469),#13458,.F.) ;
#13494=ADVANCED_FACE('PartBody',(#13493),#13482,.F.) ;
#13518=ADVANCED_FACE('PartBody',(#13517),#13506,.F.) ;
#13542=ADVANCED_FACE('PartBody',(#13541),#13530,.F.) ;
#13566=ADVANCED_FACE('PartBody',(#13565),#13554,.F.) ;
#13590=ADVANCED_FACE('PartBody',(#13589),#13578,.F.) ;
#13614=ADVANCED_FACE('PartBody',(#13613),#13602,.F.) ;
#13638=ADVANCED_FACE('PartBody',(#13637),#13626,.F.) ;
#13662=ADVANCED_FACE('PartBody',(#13661),#13650,.F.) ;
#13686=ADVANCED_FACE('PartBody',(#13685),#13674,.F.) ;
#13710=ADVANCED_FACE('PartBody',(#13709),#13698,.F.) ;
#13729=ADVANCED_FACE('PartBody',(#13728),#13722,.F.) ;
#14011=ADVANCED_FACE('PartBody',(#14010),#3977,.T.) ;
#14040=ADVANCED_FACE('PartBody',(#14039),#14023,.F.) ;
#14064=ADVANCED_FACE('PartBody',(#14063),#14052,.F.) ;
#14088=ADVANCED_FACE('PartBody',(#14087),#14076,.F.) ;
#14112=ADVANCED_FACE('PartBody',(#14111),#14100,.F.) ;
#14136=ADVANCED_FACE('PartBody',(#14135),#14124,.F.) ;
#14160=ADVANCED_FACE('PartBody',(#14159),#14148,.F.) ;
#14184=ADVANCED_FACE('PartBody',(#14183),#14172,.F.) ;
#14208=ADVANCED_FACE('PartBody',(#14207),#14196,.F.) ;
#14232=ADVANCED_FACE('PartBody',(#14231),#14220,.F.) ;
#14256=ADVANCED_FACE('PartBody',(#14255),#14244,.F.) ;
#14280=ADVANCED_FACE('PartBody',(#14279),#14268,.F.) ;
#14304=ADVANCED_FACE('PartBody',(#14303),#14292,.F.) ;
#14328=ADVANCED_FACE('PartBody',(#14327),#14316,.F.) ;
#14352=ADVANCED_FACE('PartBody',(#14351),#14340,.F.) ;
#14376=ADVANCED_FACE('PartBody',(#14375),#14364,.F.) ;
#14400=ADVANCED_FACE('PartBody',(#14399),#14388,.F.) ;
#14424=ADVANCED_FACE('PartBody',(#14423),#14412,.F.) ;
#14448=ADVANCED_FACE('PartBody',(#14447),#14436,.F.) ;
#14472=ADVANCED_FACE('PartBody',(#14471),#14460,.F.) ;
#14496=ADVANCED_FACE('PartBody',(#14495),#14484,.F.) ;
#14520=ADVANCED_FACE('PartBody',(#14519),#14508,.F.) ;
#14544=ADVANCED_FACE('PartBody',(#14543),#14532,.F.) ;
#14568=ADVANCED_FACE('PartBody',(#14567),#14556,.F.) ;
#14592=ADVANCED_FACE('PartBody',(#14591),#14580,.F.) ;
#14616=ADVANCED_FACE('PartBody',(#14615),#14604,.F.) ;
#14640=ADVANCED_FACE('PartBody',(#14639),#14628,.F.) ;
#14664=ADVANCED_FACE('PartBody',(#14663),#14652,.F.) ;
#14688=ADVANCED_FACE('PartBody',(#14687),#14676,.F.) ;
#14712=ADVANCED_FACE('PartBody',(#14711),#14700,.F.) ;
#14736=ADVANCED_FACE('PartBody',(#14735),#14724,.F.) ;
#14760=ADVANCED_FACE('PartBody',(#14759),#14748,.F.) ;
#14784=ADVANCED_FACE('PartBody',(#14783),#14772,.F.) ;
#14808=ADVANCED_FACE('PartBody',(#14807),#14796,.F.) ;
#14827=ADVANCED_FACE('PartBody',(#14826),#14820,.F.) ;
#14917=ADVANCED_FACE('PartBody',(#14916),#3977,.T.) ;
#14946=ADVANCED_FACE('PartBody',(#14945),#14929,.F.) ;
#14970=ADVANCED_FACE('PartBody',(#14969),#14958,.F.) ;
#14989=ADVANCED_FACE('PartBody',(#14988),#7324,.F.) ;
#15013=ADVANCED_FACE('PartBody',(#15012),#15001,.F.) ;
#15032=ADVANCED_FACE('PartBody',(#15031),#14412,.F.) ;
#15056=ADVANCED_FACE('PartBody',(#15055),#15044,.F.) ;
#15075=ADVANCED_FACE('PartBody',(#15074),#14460,.F.) ;
#15099=ADVANCED_FACE('PartBody',(#15098),#15087,.F.) ;
#15118=ADVANCED_FACE('PartBody',(#15117),#6460,.F.) ;
#15137=ADVANCED_FACE('PartBody',(#15136),#15130,.F.) ;
#15325=ADVANCED_FACE('PartBody',(#15162,#15180,#15198,#15216,#15234,#15252,#15270,#15288,#15306,#15324),#3977,.T.) ;
#15354=ADVANCED_FACE('PartBody',(#15353),#15337,.F.) ;
#15368=ADVANCED_FACE('PartBody',(#15367),#15337,.F.) ;
#15397=ADVANCED_FACE('PartBody',(#15396),#15380,.T.) ;
#15411=ADVANCED_FACE('PartBody',(#15410),#15380,.T.) ;
#15440=ADVANCED_FACE('PartBody',(#15439),#15423,.T.) ;
#15454=ADVANCED_FACE('PartBody',(#15453),#15423,.T.) ;
#15483=ADVANCED_FACE('PartBody',(#15482),#15466,.T.) ;
#15497=ADVANCED_FACE('PartBody',(#15496),#15466,.T.) ;
#15526=ADVANCED_FACE('PartBody',(#15525),#15509,.T.) ;
#15540=ADVANCED_FACE('PartBody',(#15539),#15509,.T.) ;
#15569=ADVANCED_FACE('PartBody',(#15568),#15552,.T.) ;
#15583=ADVANCED_FACE('PartBody',(#15582),#15552,.T.) ;
#15612=ADVANCED_FACE('PartBody',(#15611),#15595,.T.) ;
#15626=ADVANCED_FACE('PartBody',(#15625),#15595,.T.) ;
#15655=ADVANCED_FACE('PartBody',(#15654),#15638,.T.) ;
#15669=ADVANCED_FACE('PartBody',(#15668),#15638,.T.) ;
#15698=ADVANCED_FACE('PartBody',(#15697),#15681,.T.) ;
#15712=ADVANCED_FACE('PartBody',(#15711),#15681,.T.) ;
#15741=ADVANCED_FACE('PartBody',(#15740),#15724,.T.) ;
#15755=ADVANCED_FACE('PartBody',(#15754),#15724,.T.) ;
#4=APPLICATION_PROTOCOL_DEFINITION('international standard','automotive_design',2001,#1) ;
#25=MANIFOLD_SOLID_BREP('PartBody',#34) ;
#52=CIRCLE('generated circle',#51,0.440000000002) ;
#66=CIRCLE('generated circle',#65,0.440000000002) ;
#78=CIRCLE('generated circle',#77,0.440000000002) ;
#83=CIRCLE('generated circle',#82,0.440000000002) ;
#100=CIRCLE('generated circle',#99,5.50000000002) ;
#116=CIRCLE('generated circle',#115,5.50000000002) ;
#135=CIRCLE('generated circle',#134,5.50000000002) ;
#140=CIRCLE('generated circle',#139,5.50000000002) ;
#157=CIRCLE('generated circle',#156,3.87631602482) ;
#166=CIRCLE('generated circle',#165,0.12) ;
#173=CIRCLE('generated circle',#172,3.75915896593) ;
#180=CIRCLE('generated circle',#179,0.12) ;
#192=CIRCLE('generated circle',#191,3.87631602482) ;
#197=CIRCLE('generated circle',#196,3.75915896593) ;
#221=CIRCLE('generated circle',#220,3.31250000001) ;
#240=CIRCLE('generated circle',#239,3.31250000001) ;
#271=CIRCLE('generated circle',#270,3.31250000001) ;
#278=CIRCLE('generated circle',#277,3.31250000001) ;
#291=CIRCLE('generated circle',#290,3.31250000001) ;
#298=CIRCLE('generated circle',#297,3.31250000001) ;
#323=CIRCLE('generated circle',#322,3.11124015749) ;
#348=CIRCLE('generated circle',#347,3.03250000001) ;
#364=CIRCLE('generated circle',#363,3.03250000001) ;
#383=CIRCLE('generated circle',#382,3.03250000001) ;
#388=CIRCLE('generated circle',#387,3.03250000001) ;
#405=CIRCLE('generated circle',#404,4.25000000002) ;
#414=CIRCLE('generated circle',#413,4.25000000002) ;
#433=CIRCLE('generated circle',#432,3.11124015749) ;
#467=CIRCLE('generated circle',#466,4.25000000002) ;
#486=CIRCLE('generated circle',#485,4.25000000002) ;
#515=CIRCLE('generated circle',#514,0.440000000002) ;
#524=CIRCLE('generated circle',#523,0.440000000002) ;
#533=CIRCLE('generated circle',#532,0.440000000002) ;
#542=CIRCLE('generated circle',#541,0.440000000002) ;
#551=CIRCLE('generated circle',#550,0.440000000002) ;
#560=CIRCLE('generated circle',#559,0.440000000002) ;
#569=CIRCLE('generated circle',#568,0.440000000002) ;
#578=CIRCLE('generated circle',#577,0.440000000002) ;
#587=CIRCLE('generated circle',#586,0.440000000002) ;
#596=CIRCLE('generated circle',#595,0.440000000002) ;
#605=CIRCLE('generated circle',#604,0.440000000002) ;
#614=CIRCLE('generated circle',#613,0.440000000002) ;
#623=CIRCLE('generated circle',#622,0.440000000002) ;
#632=CIRCLE('generated circle',#631,0.440000000002) ;
#661=CIRCLE('generated circle',#660,0.440000000002) ;
#673=CIRCLE('generated circle',#672,0.440000000002) ;
#704=CIRCLE('generated circle',#703,0.440000000002) ;
#716=CIRCLE('generated circle',#715,0.440000000002) ;
#747=CIRCLE('generated circle',#746,0.440000000002) ;
#759=CIRCLE('generated circle',#758,0.440000000002) ;
#790=CIRCLE('generated circle',#789,0.440000000002) ;
#802=CIRCLE('generated circle',#801,0.440000000002) ;
#833=CIRCLE('generated circle',#832,0.440000000002) ;
#845=CIRCLE('generated circle',#844,0.440000000002) ;
#876=CIRCLE('generated circle',#875,0.440000000002) ;
#888=CIRCLE('generated circle',#887,0.440000000002) ;
#919=CIRCLE('generated circle',#918,0.440000000002) ;
#931=CIRCLE('generated circle',#930,0.440000000002) ;
#988=CIRCLE('generated circle',#987,0.247500000001) ;
#997=CIRCLE('generated circle',#996,0.247500000001) ;
#1007=CIRCLE('generated circle',#1006,0.195000000001) ;
#1016=CIRCLE('generated circle',#1015,0.195000000001) ;
#3824=CIRCLE('generated circle',#3823,0.0150000000001) ;
#3833=CIRCLE('generated circle',#3832,0.0150000000001) ;
#3843=CIRCLE('generated circle',#3842,0.0150000000001) ;
#3852=CIRCLE('generated circle',#3851,0.0150000000001) ;
#3862=CIRCLE('generated circle',#3861,0.0150000000001) ;
#3871=CIRCLE('generated circle',#3870,0.0150000000001) ;
#3881=CIRCLE('generated circle',#3880,0.0150000000001) ;
#3890=CIRCLE('generated circle',#3889,0.0150000000001) ;
#3900=CIRCLE('generated circle',#3899,0.0150000000001) ;
#3909=CIRCLE('generated circle',#3908,0.0150000000001) ;
#3919=CIRCLE('generated circle',#3918,0.0150000000001) ;
#3928=CIRCLE('generated circle',#3927,0.0150000000001) ;
#3938=CIRCLE('generated circle',#3937,0.0150000000001) ;
#3947=CIRCLE('generated circle',#3946,0.0150000000001) ;
#3957=CIRCLE('generated circle',#3956,0.0150000000001) ;
#3966=CIRCLE('generated circle',#3965,0.0150000000001) ;
#15148=CIRCLE('generated circle',#15147,0.247500000001) ;
#15157=CIRCLE('generated circle',#15156,0.247500000001) ;
#15166=CIRCLE('generated circle',#15165,0.195000000001) ;
#15175=CIRCLE('generated circle',#15174,0.195000000001) ;
#15184=CIRCLE('generated circle',#15183,0.0150000000001) ;
#15193=CIRCLE('generated circle',#15192,0.0150000000001) ;
#15202=CIRCLE('generated circle',#15201,0.0150000000001) ;
#15211=CIRCLE('generated circle',#15210,0.0150000000001) ;
#15220=CIRCLE('generated circle',#15219,0.0150000000001) ;
#15229=CIRCLE('generated circle',#15228,0.0150000000001) ;
#15238=CIRCLE('generated circle',#15237,0.0150000000001) ;
#15247=CIRCLE('generated circle',#15246,0.0150000000001) ;
#15256=CIRCLE('generated circle',#15255,0.0150000000001) ;
#15265=CIRCLE('generated circle',#15264,0.0150000000001) ;
#15274=CIRCLE('generated circle',#15273,0.0150000000001) ;
#15283=CIRCLE('generated circle',#15282,0.0150000000001) ;
#15292=CIRCLE('generated circle',#15291,0.0150000000001) ;
#15301=CIRCLE('generated circle',#15300,0.0150000000001) ;
#15310=CIRCLE('generated circle',#15309,0.0150000000001) ;
#15319=CIRCLE('generated circle',#15318,0.0150000000001) ;
#26=COLOUR_RGB('Colour',0.494117647059,0.635294117647,0.592156862745) ;
#210=CONICAL_SURFACE('Cone',#209,3.31250000001,0.218106931457) ;
#312=CONICAL_SURFACE('Cone',#311,3.11124015749,0.916297857297) ;
#5092=OVER_RIDING_STYLED_ITEM(' ',(#5091),#5084,#33) ;
#5121=OVER_RIDING_STYLED_ITEM(' ',(#5120),#5114,#33) ;
#5145=OVER_RIDING_STYLED_ITEM(' ',(#5144),#5138,#33) ;
#5169=OVER_RIDING_STYLED_ITEM(' ',(#5168),#5162,#33) ;
#5193=OVER_RIDING_STYLED_ITEM(' ',(#5192),#5186,#33) ;
#5217=OVER_RIDING_STYLED_ITEM(' ',(#5216),#5210,#33) ;
#5241=OVER_RIDING_STYLED_ITEM(' ',(#5240),#5234,#33) ;
#5265=OVER_RIDING_STYLED_ITEM(' ',(#5264),#5258,#33) ;
#5289=OVER_RIDING_STYLED_ITEM(' ',(#5288),#5282,#33) ;
#5313=OVER_RIDING_STYLED_ITEM(' ',(#5312),#5306,#33) ;
#5337=OVER_RIDING_STYLED_ITEM(' ',(#5336),#5330,#33) ;
#5361=OVER_RIDING_STYLED_ITEM(' ',(#5360),#5354,#33) ;
#5385=OVER_RIDING_STYLED_ITEM(' ',(#5384),#5378,#33) ;
#5409=OVER_RIDING_STYLED_ITEM(' ',(#5408),#5402,#33) ;
#5433=OVER_RIDING_STYLED_ITEM(' ',(#5432),#5426,#33) ;
#5457=OVER_RIDING_STYLED_ITEM(' ',(#5456),#5450,#33) ;
#5481=OVER_RIDING_STYLED_ITEM(' ',(#5480),#5474,#33) ;
#5505=OVER_RIDING_STYLED_ITEM(' ',(#5504),#5498,#33) ;
#5529=OVER_RIDING_STYLED_ITEM(' ',(#5528),#5522,#33) ;
#5553=OVER_RIDING_STYLED_ITEM(' ',(#5552),#5546,#33) ;
#5577=OVER_RIDING_STYLED_ITEM(' ',(#5576),#5570,#33) ;
#5601=OVER_RIDING_STYLED_ITEM(' ',(#5600),#5594,#33) ;
#5625=OVER_RIDING_STYLED_ITEM(' ',(#5624),#5618,#33) ;
#5649=OVER_RIDING_STYLED_ITEM(' ',(#5648),#5642,#33) ;
#5673=OVER_RIDING_STYLED_ITEM(' ',(#5672),#5666,#33) ;
#5697=OVER_RIDING_STYLED_ITEM(' ',(#5696),#5690,#33) ;
#5716=OVER_RIDING_STYLED_ITEM(' ',(#5715),#5709,#33) ;
#5740=OVER_RIDING_STYLED_ITEM(' ',(#5739),#5733,#33) ;
#5764=OVER_RIDING_STYLED_ITEM(' ',(#5763),#5757,#33) ;
#5788=OVER_RIDING_STYLED_ITEM(' ',(#5787),#5781,#33) ;
#5812=OVER_RIDING_STYLED_ITEM(' ',(#5811),#5805,#33) ;
#5836=OVER_RIDING_STYLED_ITEM(' ',(#5835),#5829,#33) ;
#5860=OVER_RIDING_STYLED_ITEM(' ',(#5859),#5853,#33) ;
#5884=OVER_RIDING_STYLED_ITEM(' ',(#5883),#5877,#33) ;
#5908=OVER_RIDING_STYLED_ITEM(' ',(#5907),#5901,#33) ;
#5932=OVER_RIDING_STYLED_ITEM(' ',(#5931),#5925,#33) ;
#5956=OVER_RIDING_STYLED_ITEM(' ',(#5955),#5949,#33) ;
#5980=OVER_RIDING_STYLED_ITEM(' ',(#5979),#5973,#33) ;
#6004=OVER_RIDING_STYLED_ITEM(' ',(#6003),#5997,#33) ;
#6028=OVER_RIDING_STYLED_ITEM(' ',(#6027),#6021,#33) ;
#6052=OVER_RIDING_STYLED_ITEM(' ',(#6051),#6045,#33) ;
#6076=OVER_RIDING_STYLED_ITEM(' ',(#6075),#6069,#33) ;
#6100=OVER_RIDING_STYLED_ITEM(' ',(#6099),#6093,#33) ;
#6124=OVER_RIDING_STYLED_ITEM(' ',(#6123),#6117,#33) ;
#6148=OVER_RIDING_STYLED_ITEM(' ',(#6147),#6141,#33) ;
#6172=OVER_RIDING_STYLED_ITEM(' ',(#6171),#6165,#33) ;
#6196=OVER_RIDING_STYLED_ITEM(' ',(#6195),#6189,#33) ;
#6220=OVER_RIDING_STYLED_ITEM(' ',(#6219),#6213,#33) ;
#6239=OVER_RIDING_STYLED_ITEM(' ',(#6238),#6232,#33) ;
#6263=OVER_RIDING_STYLED_ITEM(' ',(#6262),#6256,#33) ;
#6287=OVER_RIDING_STYLED_ITEM(' ',(#6286),#6280,#33) ;
#6311=OVER_RIDING_STYLED_ITEM(' ',(#6310),#6304,#33) ;
#6335=OVER_RIDING_STYLED_ITEM(' ',(#6334),#6328,#33) ;
#6359=OVER_RIDING_STYLED_ITEM(' ',(#6358),#6352,#33) ;
#6383=OVER_RIDING_STYLED_ITEM(' ',(#6382),#6376,#33) ;
#6407=OVER_RIDING_STYLED_ITEM(' ',(#6406),#6400,#33) ;
#6431=OVER_RIDING_STYLED_ITEM(' ',(#6430),#6424,#33) ;
#6455=OVER_RIDING_STYLED_ITEM(' ',(#6454),#6448,#33) ;
#6479=OVER_RIDING_STYLED_ITEM(' ',(#6478),#6472,#33) ;
#6503=OVER_RIDING_STYLED_ITEM(' ',(#6502),#6496,#33) ;
#6527=OVER_RIDING_STYLED_ITEM(' ',(#6526),#6520,#33) ;
#6551=OVER_RIDING_STYLED_ITEM(' ',(#6550),#6544,#33) ;
#6575=OVER_RIDING_STYLED_ITEM(' ',(#6574),#6568,#33) ;
#6599=OVER_RIDING_STYLED_ITEM(' ',(#6598),#6592,#33) ;
#6623=OVER_RIDING_STYLED_ITEM(' ',(#6622),#6616,#33) ;
#6647=OVER_RIDING_STYLED_ITEM(' ',(#6646),#6640,#33) ;
#6671=OVER_RIDING_STYLED_ITEM(' ',(#6670),#6664,#33) ;
#6695=OVER_RIDING_STYLED_ITEM(' ',(#6694),#6688,#33) ;
#6719=OVER_RIDING_STYLED_ITEM(' ',(#6718),#6712,#33) ;
#6743=OVER_RIDING_STYLED_ITEM(' ',(#6742),#6736,#33) ;
#6767=OVER_RIDING_STYLED_ITEM(' ',(#6766),#6760,#33) ;
#6791=OVER_RIDING_STYLED_ITEM(' ',(#6790),#6784,#33) ;
#6815=OVER_RIDING_STYLED_ITEM(' ',(#6814),#6808,#33) ;
#6839=OVER_RIDING_STYLED_ITEM(' ',(#6838),#6832,#33) ;
#6863=OVER_RIDING_STYLED_ITEM(' ',(#6862),#6856,#33) ;
#6887=OVER_RIDING_STYLED_ITEM(' ',(#6886),#6880,#33) ;
#6911=OVER_RIDING_STYLED_ITEM(' ',(#6910),#6904,#33) ;
#6935=OVER_RIDING_STYLED_ITEM(' ',(#6934),#6928,#33) ;
#6959=OVER_RIDING_STYLED_ITEM(' ',(#6958),#6952,#33) ;
#6983=OVER_RIDING_STYLED_ITEM(' ',(#6982),#6976,#33) ;
#7007=OVER_RIDING_STYLED_ITEM(' ',(#7006),#7000,#33) ;
#7031=OVER_RIDING_STYLED_ITEM(' ',(#7030),#7024,#33) ;
#7055=OVER_RIDING_STYLED_ITEM(' ',(#7054),#7048,#33) ;
#7079=OVER_RIDING_STYLED_ITEM(' ',(#7078),#7072,#33) ;
#7103=OVER_RIDING_STYLED_ITEM(' ',(#7102),#7096,#33) ;
#7127=OVER_RIDING_STYLED_ITEM(' ',(#7126),#7120,#33) ;
#7151=OVER_RIDING_STYLED_ITEM(' ',(#7150),#7144,#33) ;
#7175=OVER_RIDING_STYLED_ITEM(' ',(#7174),#7168,#33) ;
#7199=OVER_RIDING_STYLED_ITEM(' ',(#7198),#7192,#33) ;
#7223=OVER_RIDING_STYLED_ITEM(' ',(#7222),#7216,#33) ;
#7247=OVER_RIDING_STYLED_ITEM(' ',(#7246),#7240,#33) ;
#7271=OVER_RIDING_STYLED_ITEM(' ',(#7270),#7264,#33) ;
#7295=OVER_RIDING_STYLED_ITEM(' ',(#7294),#7288,#33) ;
#7319=OVER_RIDING_STYLED_ITEM(' ',(#7318),#7312,#33) ;
#7343=OVER_RIDING_STYLED_ITEM(' ',(#7342),#7336,#33) ;
#7362=OVER_RIDING_STYLED_ITEM(' ',(#7361),#7355,#33) ;
#7381=OVER_RIDING_STYLED_ITEM(' ',(#7380),#7374,#33) ;
#7405=OVER_RIDING_STYLED_ITEM(' ',(#7404),#7398,#33) ;
#7429=OVER_RIDING_STYLED_ITEM(' ',(#7428),#7422,#33) ;
#7453=OVER_RIDING_STYLED_ITEM(' ',(#7452),#7446,#33) ;
#7477=OVER_RIDING_STYLED_ITEM(' ',(#7476),#7470,#33) ;
#7501=OVER_RIDING_STYLED_ITEM(' ',(#7500),#7494,#33) ;
#7525=OVER_RIDING_STYLED_ITEM(' ',(#7524),#7518,#33) ;
#7549=OVER_RIDING_STYLED_ITEM(' ',(#7548),#7542,#33) ;
#7573=OVER_RIDING_STYLED_ITEM(' ',(#7572),#7566,#33) ;
#7597=OVER_RIDING_STYLED_ITEM(' ',(#7596),#7590,#33) ;
#7621=OVER_RIDING_STYLED_ITEM(' ',(#7620),#7614,#33) ;
#7645=OVER_RIDING_STYLED_ITEM(' ',(#7644),#7638,#33) ;
#7669=OVER_RIDING_STYLED_ITEM(' ',(#7668),#7662,#33) ;
#7693=OVER_RIDING_STYLED_ITEM(' ',(#7692),#7686,#33) ;
#7717=OVER_RIDING_STYLED_ITEM(' ',(#7716),#7710,#33) ;
#7741=OVER_RIDING_STYLED_ITEM(' ',(#7740),#7734,#33) ;
#7765=OVER_RIDING_STYLED_ITEM(' ',(#7764),#7758,#33) ;
#7789=OVER_RIDING_STYLED_ITEM(' ',(#7788),#7782,#33) ;
#7813=OVER_RIDING_STYLED_ITEM(' ',(#7812),#7806,#33) ;
#7837=OVER_RIDING_STYLED_ITEM(' ',(#7836),#7830,#33) ;
#7861=OVER_RIDING_STYLED_ITEM(' ',(#7860),#7854,#33) ;
#7885=OVER_RIDING_STYLED_ITEM(' ',(#7884),#7878,#33) ;
#7909=OVER_RIDING_STYLED_ITEM(' ',(#7908),#7902,#33) ;
#7933=OVER_RIDING_STYLED_ITEM(' ',(#7932),#7926,#33) ;
#7957=OVER_RIDING_STYLED_ITEM(' ',(#7956),#7950,#33) ;
#7981=OVER_RIDING_STYLED_ITEM(' ',(#7980),#7974,#33) ;
#8005=OVER_RIDING_STYLED_ITEM(' ',(#8004),#7998,#33) ;
#8029=OVER_RIDING_STYLED_ITEM(' ',(#8028),#8022,#33) ;
#8053=OVER_RIDING_STYLED_ITEM(' ',(#8052),#8046,#33) ;
#8077=OVER_RIDING_STYLED_ITEM(' ',(#8076),#8070,#33) ;
#8101=OVER_RIDING_STYLED_ITEM(' ',(#8100),#8094,#33) ;
#8125=OVER_RIDING_STYLED_ITEM(' ',(#8124),#8118,#33) ;
#8149=OVER_RIDING_STYLED_ITEM(' ',(#8148),#8142,#33) ;
#8173=OVER_RIDING_STYLED_ITEM(' ',(#8172),#8166,#33) ;
#8197=OVER_RIDING_STYLED_ITEM(' ',(#8196),#8190,#33) ;
#8221=OVER_RIDING_STYLED_ITEM(' ',(#8220),#8214,#33) ;
#8245=OVER_RIDING_STYLED_ITEM(' ',(#8244),#8238,#33) ;
#8269=OVER_RIDING_STYLED_ITEM(' ',(#8268),#8262,#33) ;
#8293=OVER_RIDING_STYLED_ITEM(' ',(#8292),#8286,#33) ;
#8317=OVER_RIDING_STYLED_ITEM(' ',(#8316),#8310,#33) ;
#8341=OVER_RIDING_STYLED_ITEM(' ',(#8340),#8334,#33) ;
#8365=OVER_RIDING_STYLED_ITEM(' ',(#8364),#8358,#33) ;
#8384=OVER_RIDING_STYLED_ITEM(' ',(#8383),#8377,#33) ;
#9338=OVER_RIDING_STYLED_ITEM(' ',(#9337),#9331,#33) ;
#9367=OVER_RIDING_STYLED_ITEM(' ',(#9366),#9360,#33) ;
#9391=OVER_RIDING_STYLED_ITEM(' ',(#9390),#9384,#33) ;
#9415=OVER_RIDING_STYLED_ITEM(' ',(#9414),#9408,#33) ;
#9439=OVER_RIDING_STYLED_ITEM(' ',(#9438),#9432,#33) ;
#9463=OVER_RIDING_STYLED_ITEM(' ',(#9462),#9456,#33) ;
#9487=OVER_RIDING_STYLED_ITEM(' ',(#9486),#9480,#33) ;
#9511=OVER_RIDING_STYLED_ITEM(' ',(#9510),#9504,#33) ;
#9535=OVER_RIDING_STYLED_ITEM(' ',(#9534),#9528,#33) ;
#9559=OVER_RIDING_STYLED_ITEM(' ',(#9558),#9552,#33) ;
#9583=OVER_RIDING_STYLED_ITEM(' ',(#9582),#9576,#33) ;
#9607=OVER_RIDING_STYLED_ITEM(' ',(#9606),#9600,#33) ;
#9631=OVER_RIDING_STYLED_ITEM(' ',(#9630),#9624,#33) ;
#9655=OVER_RIDING_STYLED_ITEM(' ',(#9654),#9648,#33) ;
#9679=OVER_RIDING_STYLED_ITEM(' ',(#9678),#9672,#33) ;
#9703=OVER_RIDING_STYLED_ITEM(' ',(#9702),#9696,#33) ;
#9727=OVER_RIDING_STYLED_ITEM(' ',(#9726),#9720,#33) ;
#9751=OVER_RIDING_STYLED_ITEM(' ',(#9750),#9744,#33) ;
#9775=OVER_RIDING_STYLED_ITEM(' ',(#9774),#9768,#33) ;
#9799=OVER_RIDING_STYLED_ITEM(' ',(#9798),#9792,#33) ;
#9823=OVER_RIDING_STYLED_ITEM(' ',(#9822),#9816,#33) ;
#9847=OVER_RIDING_STYLED_ITEM(' ',(#9846),#9840,#33) ;
#9871=OVER_RIDING_STYLED_ITEM(' ',(#9870),#9864,#33) ;
#9895=OVER_RIDING_STYLED_ITEM(' ',(#9894),#9888,#33) ;
#9919=OVER_RIDING_STYLED_ITEM(' ',(#9918),#9912,#33) ;
#9943=OVER_RIDING_STYLED_ITEM(' ',(#9942),#9936,#33) ;
#9967=OVER_RIDING_STYLED_ITEM(' ',(#9966),#9960,#33) ;
#9991=OVER_RIDING_STYLED_ITEM(' ',(#9990),#9984,#33) ;
#10015=OVER_RIDING_STYLED_ITEM(' ',(#10014),#10008,#33) ;
#10039=OVER_RIDING_STYLED_ITEM(' ',(#10038),#10032,#33) ;
#10063=OVER_RIDING_STYLED_ITEM(' ',(#10062),#10056,#33) ;
#10087=OVER_RIDING_STYLED_ITEM(' ',(#10086),#10080,#33) ;
#10111=OVER_RIDING_STYLED_ITEM(' ',(#10110),#10104,#33) ;
#10135=OVER_RIDING_STYLED_ITEM(' ',(#10134),#10128,#33) ;
#10159=OVER_RIDING_STYLED_ITEM(' ',(#10158),#10152,#33) ;
#10183=OVER_RIDING_STYLED_ITEM(' ',(#10182),#10176,#33) ;
#10207=OVER_RIDING_STYLED_ITEM(' ',(#10206),#10200,#33) ;
#10231=OVER_RIDING_STYLED_ITEM(' ',(#10230),#10224,#33) ;
#10255=OVER_RIDING_STYLED_ITEM(' ',(#10254),#10248,#33) ;
#10279=OVER_RIDING_STYLED_ITEM(' ',(#10278),#10272,#33) ;
#10303=OVER_RIDING_STYLED_ITEM(' ',(#10302),#10296,#33) ;
#10327=OVER_RIDING_STYLED_ITEM(' ',(#10326),#10320,#33) ;
#10351=OVER_RIDING_STYLED_ITEM(' ',(#10350),#10344,#33) ;
#10375=OVER_RIDING_STYLED_ITEM(' ',(#10374),#10368,#33) ;
#10399=OVER_RIDING_STYLED_ITEM(' ',(#10398),#10392,#33) ;
#10423=OVER_RIDING_STYLED_ITEM(' ',(#10422),#10416,#33) ;
#10447=OVER_RIDING_STYLED_ITEM(' ',(#10446),#10440,#33) ;
#10471=OVER_RIDING_STYLED_ITEM(' ',(#10470),#10464,#33) ;
#10495=OVER_RIDING_STYLED_ITEM(' ',(#10494),#10488,#33) ;
#10519=OVER_RIDING_STYLED_ITEM(' ',(#10518),#10512,#33) ;
#10543=OVER_RIDING_STYLED_ITEM(' ',(#10542),#10536,#33) ;
#10567=OVER_RIDING_STYLED_ITEM(' ',(#10566),#10560,#33) ;
#10591=OVER_RIDING_STYLED_ITEM(' ',(#10590),#10584,#33) ;
#10615=OVER_RIDING_STYLED_ITEM(' ',(#10614),#10608,#33) ;
#10639=OVER_RIDING_STYLED_ITEM(' ',(#10638),#10632,#33) ;
#10663=OVER_RIDING_STYLED_ITEM(' ',(#10662),#10656,#33) ;
#10687=OVER_RIDING_STYLED_ITEM(' ',(#10686),#10680,#33) ;
#10711=OVER_RIDING_STYLED_ITEM(' ',(#10710),#10704,#33) ;
#10735=OVER_RIDING_STYLED_ITEM(' ',(#10734),#10728,#33) ;
#10759=OVER_RIDING_STYLED_ITEM(' ',(#10758),#10752,#33) ;
#10783=OVER_RIDING_STYLED_ITEM(' ',(#10782),#10776,#33) ;
#10807=OVER_RIDING_STYLED_ITEM(' ',(#10806),#10800,#33) ;
#10831=OVER_RIDING_STYLED_ITEM(' ',(#10830),#10824,#33) ;
#10855=OVER_RIDING_STYLED_ITEM(' ',(#10854),#10848,#33) ;
#10879=OVER_RIDING_STYLED_ITEM(' ',(#10878),#10872,#33) ;
#10903=OVER_RIDING_STYLED_ITEM(' ',(#10902),#10896,#33) ;
#10927=OVER_RIDING_STYLED_ITEM(' ',(#10926),#10920,#33) ;
#10951=OVER_RIDING_STYLED_ITEM(' ',(#10950),#10944,#33) ;
#10975=OVER_RIDING_STYLED_ITEM(' ',(#10974),#10968,#33) ;
#10999=OVER_RIDING_STYLED_ITEM(' ',(#10998),#10992,#33) ;
#11023=OVER_RIDING_STYLED_ITEM(' ',(#11022),#11016,#33) ;
#11047=OVER_RIDING_STYLED_ITEM(' ',(#11046),#11040,#33) ;
#11071=OVER_RIDING_STYLED_ITEM(' ',(#11070),#11064,#33) ;
#11095=OVER_RIDING_STYLED_ITEM(' ',(#11094),#11088,#33) ;
#11119=OVER_RIDING_STYLED_ITEM(' ',(#11118),#11112,#33) ;
#11143=OVER_RIDING_STYLED_ITEM(' ',(#11142),#11136,#33) ;
#11167=OVER_RIDING_STYLED_ITEM(' ',(#11166),#11160,#33) ;
#11191=OVER_RIDING_STYLED_ITEM(' ',(#11190),#11184,#33) ;
#11215=OVER_RIDING_STYLED_ITEM(' ',(#11214),#11208,#33) ;
#11239=OVER_RIDING_STYLED_ITEM(' ',(#11238),#11232,#33) ;
#11263=OVER_RIDING_STYLED_ITEM(' ',(#11262),#11256,#33) ;
#11287=OVER_RIDING_STYLED_ITEM(' ',(#11286),#11280,#33) ;
#11311=OVER_RIDING_STYLED_ITEM(' ',(#11310),#11304,#33) ;
#11335=OVER_RIDING_STYLED_ITEM(' ',(#11334),#11328,#33) ;
#11359=OVER_RIDING_STYLED_ITEM(' ',(#11358),#11352,#33) ;
#11383=OVER_RIDING_STYLED_ITEM(' ',(#11382),#11376,#33) ;
#11407=OVER_RIDING_STYLED_ITEM(' ',(#11406),#11400,#33) ;
#11431=OVER_RIDING_STYLED_ITEM(' ',(#11430),#11424,#33) ;
#11455=OVER_RIDING_STYLED_ITEM(' ',(#11454),#11448,#33) ;
#11479=OVER_RIDING_STYLED_ITEM(' ',(#11478),#11472,#33) ;
#11503=OVER_RIDING_STYLED_ITEM(' ',(#11502),#11496,#33) ;
#11527=OVER_RIDING_STYLED_ITEM(' ',(#11526),#11520,#33) ;
#11551=OVER_RIDING_STYLED_ITEM(' ',(#11550),#11544,#33) ;
#11575=OVER_RIDING_STYLED_ITEM(' ',(#11574),#11568,#33) ;
#11599=OVER_RIDING_STYLED_ITEM(' ',(#11598),#11592,#33) ;
#11623=OVER_RIDING_STYLED_ITEM(' ',(#11622),#11616,#33) ;
#11647=OVER_RIDING_STYLED_ITEM(' ',(#11646),#11640,#33) ;
#11671=OVER_RIDING_STYLED_ITEM(' ',(#11670),#11664,#33) ;
#11695=OVER_RIDING_STYLED_ITEM(' ',(#11694),#11688,#33) ;
#11719=OVER_RIDING_STYLED_ITEM(' ',(#11718),#11712,#33) ;
#11743=OVER_RIDING_STYLED_ITEM(' ',(#11742),#11736,#33) ;
#11767=OVER_RIDING_STYLED_ITEM(' ',(#11766),#11760,#33) ;
#11791=OVER_RIDING_STYLED_ITEM(' ',(#11790),#11784,#33) ;
#11815=OVER_RIDING_STYLED_ITEM(' ',(#11814),#11808,#33) ;
#11839=OVER_RIDING_STYLED_ITEM(' ',(#11838),#11832,#33) ;
#11863=OVER_RIDING_STYLED_ITEM(' ',(#11862),#11856,#33) ;
#11887=OVER_RIDING_STYLED_ITEM(' ',(#11886),#11880,#33) ;
#11911=OVER_RIDING_STYLED_ITEM(' ',(#11910),#11904,#33) ;
#11935=OVER_RIDING_STYLED_ITEM(' ',(#11934),#11928,#33) ;
#11959=OVER_RIDING_STYLED_ITEM(' ',(#11958),#11952,#33) ;
#11983=OVER_RIDING_STYLED_ITEM(' ',(#11982),#11976,#33) ;
#12007=OVER_RIDING_STYLED_ITEM(' ',(#12006),#12000,#33) ;
#12031=OVER_RIDING_STYLED_ITEM(' ',(#12030),#12024,#33) ;
#12055=OVER_RIDING_STYLED_ITEM(' ',(#12054),#12048,#33) ;
#12079=OVER_RIDING_STYLED_ITEM(' ',(#12078),#12072,#33) ;
#12103=OVER_RIDING_STYLED_ITEM(' ',(#12102),#12096,#33) ;
#12127=OVER_RIDING_STYLED_ITEM(' ',(#12126),#12120,#33) ;
#12151=OVER_RIDING_STYLED_ITEM(' ',(#12150),#12144,#33) ;
#12170=OVER_RIDING_STYLED_ITEM(' ',(#12169),#12163,#33) ;
#12212=OVER_RIDING_STYLED_ITEM(' ',(#12211),#12205,#33) ;
#12241=OVER_RIDING_STYLED_ITEM(' ',(#12240),#12234,#33) ;
#12265=OVER_RIDING_STYLED_ITEM(' ',(#12264),#12258,#33) ;
#12289=OVER_RIDING_STYLED_ITEM(' ',(#12288),#12282,#33) ;
#12308=OVER_RIDING_STYLED_ITEM(' ',(#12307),#12301,#33) ;
#12494=OVER_RIDING_STYLED_ITEM(' ',(#12493),#12487,#33) ;
#12523=OVER_RIDING_STYLED_ITEM(' ',(#12522),#12516,#33) ;
#12547=OVER_RIDING_STYLED_ITEM(' ',(#12546),#12540,#33) ;
#12571=OVER_RIDING_STYLED_ITEM(' ',(#12570),#12564,#33) ;
#12595=OVER_RIDING_STYLED_ITEM(' ',(#12594),#12588,#33) ;
#12619=OVER_RIDING_STYLED_ITEM(' ',(#12618),#12612,#33) ;
#12643=OVER_RIDING_STYLED_ITEM(' ',(#12642),#12636,#33) ;
#12667=OVER_RIDING_STYLED_ITEM(' ',(#12666),#12660,#33) ;
#12691=OVER_RIDING_STYLED_ITEM(' ',(#12690),#12684,#33) ;
#12715=OVER_RIDING_STYLED_ITEM(' ',(#12714),#12708,#33) ;
#12739=OVER_RIDING_STYLED_ITEM(' ',(#12738),#12732,#33) ;
#12763=OVER_RIDING_STYLED_ITEM(' ',(#12762),#12756,#33) ;
#12787=OVER_RIDING_STYLED_ITEM(' ',(#12786),#12780,#33) ;
#12811=OVER_RIDING_STYLED_ITEM(' ',(#12810),#12804,#33) ;
#12835=OVER_RIDING_STYLED_ITEM(' ',(#12834),#12828,#33) ;
#12859=OVER_RIDING_STYLED_ITEM(' ',(#12858),#12852,#33) ;
#12883=OVER_RIDING_STYLED_ITEM(' ',(#12882),#12876,#33) ;
#12907=OVER_RIDING_STYLED_ITEM(' ',(#12906),#12900,#33) ;
#12931=OVER_RIDING_STYLED_ITEM(' ',(#12930),#12924,#33) ;
#12955=OVER_RIDING_STYLED_ITEM(' ',(#12954),#12948,#33) ;
#12979=OVER_RIDING_STYLED_ITEM(' ',(#12978),#12972,#33) ;
#13003=OVER_RIDING_STYLED_ITEM(' ',(#13002),#12996,#33) ;
#13022=OVER_RIDING_STYLED_ITEM(' ',(#13021),#13015,#33) ;
#13208=OVER_RIDING_STYLED_ITEM(' ',(#13207),#13201,#33) ;
#13237=OVER_RIDING_STYLED_ITEM(' ',(#13236),#13230,#33) ;
#13261=OVER_RIDING_STYLED_ITEM(' ',(#13260),#13254,#33) ;
#13285=OVER_RIDING_STYLED_ITEM(' ',(#13284),#13278,#33) ;
#13309=OVER_RIDING_STYLED_ITEM(' ',(#13308),#13302,#33) ;
#13333=OVER_RIDING_STYLED_ITEM(' ',(#13332),#13326,#33) ;
#13357=OVER_RIDING_STYLED_ITEM(' ',(#13356),#13350,#33) ;
#13381=OVER_RIDING_STYLED_ITEM(' ',(#13380),#13374,#33) ;
#13405=OVER_RIDING_STYLED_ITEM(' ',(#13404),#13398,#33) ;
#13429=OVER_RIDING_STYLED_ITEM(' ',(#13428),#13422,#33) ;
#13453=OVER_RIDING_STYLED_ITEM(' ',(#13452),#13446,#33) ;
#13477=OVER_RIDING_STYLED_ITEM(' ',(#13476),#13470,#33) ;
#13501=OVER_RIDING_STYLED_ITEM(' ',(#13500),#13494,#33) ;
#13525=OVER_RIDING_STYLED_ITEM(' ',(#13524),#13518,#33) ;
#13549=OVER_RIDING_STYLED_ITEM(' ',(#13548),#13542,#33) ;
#13573=OVER_RIDING_STYLED_ITEM(' ',(#13572),#13566,#33) ;
#13597=OVER_RIDING_STYLED_ITEM(' ',(#13596),#13590,#33) ;
#13621=OVER_RIDING_STYLED_ITEM(' ',(#13620),#13614,#33) ;
#13645=OVER_RIDING_STYLED_ITEM(' ',(#13644),#13638,#33) ;
#13669=OVER_RIDING_STYLED_ITEM(' ',(#13668),#13662,#33) ;
#13693=OVER_RIDING_STYLED_ITEM(' ',(#13692),#13686,#33) ;
#13717=OVER_RIDING_STYLED_ITEM(' ',(#13716),#13710,#33) ;
#13736=OVER_RIDING_STYLED_ITEM(' ',(#13735),#13729,#33) ;
#14018=OVER_RIDING_STYLED_ITEM(' ',(#14017),#14011,#33) ;
#14047=OVER_RIDING_STYLED_ITEM(' ',(#14046),#14040,#33) ;
#14071=OVER_RIDING_STYLED_ITEM(' ',(#14070),#14064,#33) ;
#14095=OVER_RIDING_STYLED_ITEM(' ',(#14094),#14088,#33) ;
#14119=OVER_RIDING_STYLED_ITEM(' ',(#14118),#14112,#33) ;
#14143=OVER_RIDING_STYLED_ITEM(' ',(#14142),#14136,#33) ;
#14167=OVER_RIDING_STYLED_ITEM(' ',(#14166),#14160,#33) ;
#14191=OVER_RIDING_STYLED_ITEM(' ',(#14190),#14184,#33) ;
#14215=OVER_RIDING_STYLED_ITEM(' ',(#14214),#14208,#33) ;
#14239=OVER_RIDING_STYLED_ITEM(' ',(#14238),#14232,#33) ;
#14263=OVER_RIDING_STYLED_ITEM(' ',(#14262),#14256,#33) ;
#14287=OVER_RIDING_STYLED_ITEM(' ',(#14286),#14280,#33) ;
#14311=OVER_RIDING_STYLED_ITEM(' ',(#14310),#14304,#33) ;
#14335=OVER_RIDING_STYLED_ITEM(' ',(#14334),#14328,#33) ;
#14359=OVER_RIDING_STYLED_ITEM(' ',(#14358),#14352,#33) ;
#14383=OVER_RIDING_STYLED_ITEM(' ',(#14382),#14376,#33) ;
#14407=OVER_RIDING_STYLED_ITEM(' ',(#14406),#14400,#33) ;
#14431=OVER_RIDING_STYLED_ITEM(' ',(#14430),#14424,#33) ;
#14455=OVER_RIDING_STYLED_ITEM(' ',(#14454),#14448,#33) ;
#14479=OVER_RIDING_STYLED_ITEM(' ',(#14478),#14472,#33) ;
#14503=OVER_RIDING_STYLED_ITEM(' ',(#14502),#14496,#33) ;
#14527=OVER_RIDING_STYLED_ITEM(' ',(#14526),#14520,#33) ;
#14551=OVER_RIDING_STYLED_ITEM(' ',(#14550),#14544,#33) ;
#14575=OVER_RIDING_STYLED_ITEM(' ',(#14574),#14568,#33) ;
#14599=OVER_RIDING_STYLED_ITEM(' ',(#14598),#14592,#33) ;
#14623=OVER_RIDING_STYLED_ITEM(' ',(#14622),#14616,#33) ;
#14647=OVER_RIDING_STYLED_ITEM(' ',(#14646),#14640,#33) ;
#14671=OVER_RIDING_STYLED_ITEM(' ',(#14670),#14664,#33) ;
#14695=OVER_RIDING_STYLED_ITEM(' ',(#14694),#14688,#33) ;
#14719=OVER_RIDING_STYLED_ITEM(' ',(#14718),#14712,#33) ;
#14743=OVER_RIDING_STYLED_ITEM(' ',(#14742),#14736,#33) ;
#14767=OVER_RIDING_STYLED_ITEM(' ',(#14766),#14760,#33) ;
#14791=OVER_RIDING_STYLED_ITEM(' ',(#14790),#14784,#33) ;
#14815=OVER_RIDING_STYLED_ITEM(' ',(#14814),#14808,#33) ;
#14834=OVER_RIDING_STYLED_ITEM(' ',(#14833),#14827,#33) ;
#14924=OVER_RIDING_STYLED_ITEM(' ',(#14923),#14917,#33) ;
#14953=OVER_RIDING_STYLED_ITEM(' ',(#14952),#14946,#33) ;
#14977=OVER_RIDING_STYLED_ITEM(' ',(#14976),#14970,#33) ;
#14996=OVER_RIDING_STYLED_ITEM(' ',(#14995),#14989,#33) ;
#15020=OVER_RIDING_STYLED_ITEM(' ',(#15019),#15013,#33) ;
#15039=OVER_RIDING_STYLED_ITEM(' ',(#15038),#15032,#33) ;
#15063=OVER_RIDING_STYLED_ITEM(' ',(#15062),#15056,#33) ;
#15082=OVER_RIDING_STYLED_ITEM(' ',(#15081),#15075,#33) ;
#15106=OVER_RIDING_STYLED_ITEM(' ',(#15105),#15099,#33) ;
#15125=OVER_RIDING_STYLED_ITEM(' ',(#15124),#15118,#33) ;
#15144=OVER_RIDING_STYLED_ITEM(' ',(#15143),#15137,#33) ;
#15332=OVER_RIDING_STYLED_ITEM(' ',(#15331),#15325,#33) ;
#15361=OVER_RIDING_STYLED_ITEM(' ',(#15360),#15354,#33) ;
#15375=OVER_RIDING_STYLED_ITEM(' ',(#15374),#15368,#33) ;
#15404=OVER_RIDING_STYLED_ITEM(' ',(#15403),#15397,#33) ;
#15418=OVER_RIDING_STYLED_ITEM(' ',(#15417),#15411,#33) ;
#15447=OVER_RIDING_STYLED_ITEM(' ',(#15446),#15440,#33) ;
#15461=OVER_RIDING_STYLED_ITEM(' ',(#15460),#15454,#33) ;
#15490=OVER_RIDING_STYLED_ITEM(' ',(#15489),#15483,#33) ;
#15504=OVER_RIDING_STYLED_ITEM(' ',(#15503),#15497,#33) ;
#15533=OVER_RIDING_STYLED_ITEM(' ',(#15532),#15526,#33) ;
#15547=OVER_RIDING_STYLED_ITEM(' ',(#15546),#15540,#33) ;
#15576=OVER_RIDING_STYLED_ITEM(' ',(#15575),#15569,#33) ;
#15590=OVER_RIDING_STYLED_ITEM(' ',(#15589),#15583,#33) ;
#15619=OVER_RIDING_STYLED_ITEM(' ',(#15618),#15612,#33) ;
#15633=OVER_RIDING_STYLED_ITEM(' ',(#15632),#15626,#33) ;
#15662=OVER_RIDING_STYLED_ITEM(' ',(#15661),#15655,#33) ;
#15676=OVER_RIDING_STYLED_ITEM(' ',(#15675),#15669,#33) ;
#15705=OVER_RIDING_STYLED_ITEM(' ',(#15704),#15698,#33) ;
#15719=OVER_RIDING_STYLED_ITEM(' ',(#15718),#15712,#33) ;
#15748=OVER_RIDING_STYLED_ITEM(' ',(#15747),#15741,#33) ;
#15762=OVER_RIDING_STYLED_ITEM(' ',(#15761),#15755,#33) ;
#39=CYLINDRICAL_SURFACE('generated cylinder',#38,0.440000000002) ;
#96=CYLINDRICAL_SURFACE('generated cylinder',#95,5.50000000002) ;
#253=CYLINDRICAL_SURFACE('generated cylinder',#252,3.31250000001) ;
#344=CYLINDRICAL_SURFACE('generated cylinder',#343,3.03250000001) ;
#456=CYLINDRICAL_SURFACE('generated cylinder',#455,4.25000000002) ;
#643=CYLINDRICAL_SURFACE('generated cylinder',#642,0.440000000002) ;
#686=CYLINDRICAL_SURFACE('generated cylinder',#685,0.440000000002) ;
#729=CYLINDRICAL_SURFACE('generated cylinder',#728,0.440000000002) ;
#772=CYLINDRICAL_SURFACE('generated cylinder',#771,0.440000000002) ;
#815=CYLINDRICAL_SURFACE('generated cylinder',#814,0.440000000002) ;
#858=CYLINDRICAL_SURFACE('generated cylinder',#857,0.440000000002) ;
#901=CYLINDRICAL_SURFACE('generated cylinder',#900,0.440000000002) ;
#15337=CYLINDRICAL_SURFACE('generated cylinder',#15336,0.247500000001) ;
#15380=CYLINDRICAL_SURFACE('generated cylinder',#15379,0.195000000001) ;
#15423=CYLINDRICAL_SURFACE('generated cylinder',#15422,0.0150000000001) ;
#15466=CYLINDRICAL_SURFACE('generated cylinder',#15465,0.0150000000001) ;
#15509=CYLINDRICAL_SURFACE('generated cylinder',#15508,0.0150000000001) ;
#15552=CYLINDRICAL_SURFACE('generated cylinder',#15551,0.0150000000001) ;
#15595=CYLINDRICAL_SURFACE('generated cylinder',#15594,0.0150000000001) ;
#15638=CYLINDRICAL_SURFACE('generated cylinder',#15637,0.0150000000001) ;
#15681=CYLINDRICAL_SURFACE('generated cylinder',#15680,0.0150000000001) ;
#15724=CYLINDRICAL_SURFACE('generated cylinder',#15723,0.0150000000001) ;
#153=TOROIDAL_SURFACE('homeo Torus',#152,3.87631602482,0.12) ;
#5085=DRAUGHTING_PRE_DEFINED_COLOUR('green') ;
#48=EDGE_CURVE('',#45,#47,#43,.F.) ;
#55=EDGE_CURVE('',#45,#54,#52,.T.) ;
#62=EDGE_CURVE('',#54,#61,#59,.F.) ;
#67=EDGE_CURVE('',#47,#61,#66,.T.) ;
#79=EDGE_CURVE('',#54,#45,#78,.T.) ;
#84=EDGE_CURVE('',#61,#47,#83,.T.) ;
#105=EDGE_CURVE('',#102,#104,#100,.T.) ;
#112=EDGE_CURVE('',#102,#111,#109,.F.) ;
#119=EDGE_CURVE('',#111,#118,#116,.T.) ;
#124=EDGE_CURVE('',#104,#118,#123,.F.) ;
#136=EDGE_CURVE('',#104,#102,#135,.T.) ;
#141=EDGE_CURVE('',#118,#111,#140,.T.) ;
#162=EDGE_CURVE('',#159,#161,#157,.T.) ;
#169=EDGE_CURVE('',#159,#168,#166,.T.) ;
#176=EDGE_CURVE('',#168,#175,#173,.T.) ;
#181=EDGE_CURVE('',#161,#175,#180,.T.) ;
#193=EDGE_CURVE('',#161,#159,#192,.T.) ;
#198=EDGE_CURVE('',#175,#168,#197,.T.) ;
#217=EDGE_CURVE('',#168,#216,#214,.F.) ;
#224=EDGE_CURVE('',#216,#223,#221,.T.) ;
#229=EDGE_CURVE('',#175,#223,#228,.F.) ;
#241=EDGE_CURVE('',#223,#216,#240,.T.) ;
#260=EDGE_CURVE('',#223,#259,#257,.F.) ;
#267=EDGE_CURVE('',#216,#266,#264,.F.) ;
#274=EDGE_CURVE('',#273,#266,#271,.F.) ;
#279=EDGE_CURVE('',#273,#259,#278,.T.) ;
#294=EDGE_CURVE('',#293,#259,#291,.F.) ;
#299=EDGE_CURVE('',#293,#266,#298,.T.) ;
#319=EDGE_CURVE('',#318,#273,#316,.T.) ;
#326=EDGE_CURVE('',#325,#318,#323,.F.) ;
#331=EDGE_CURVE('',#325,#293,#330,.T.) ;
#353=EDGE_CURVE('',#350,#352,#348,.T.) ;
#360=EDGE_CURVE('',#350,#359,#357,.T.) ;
#367=EDGE_CURVE('',#359,#366,#364,.T.) ;
#372=EDGE_CURVE('',#352,#366,#371,.T.) ;
#384=EDGE_CURVE('',#352,#350,#383,.T.) ;
#389=EDGE_CURVE('',#366,#359,#388,.T.) ;
#410=EDGE_CURVE('',#407,#409,#405,.T.) ;
#415=EDGE_CURVE('',#409,#407,#414,.T.) ;
#434=EDGE_CURVE('',#318,#325,#433,.F.) ;
#463=EDGE_CURVE('',#407,#462,#460,.F.) ;
#470=EDGE_CURVE('',#462,#469,#467,.T.) ;
#475=EDGE_CURVE('',#409,#469,#474,.F.) ;
#487=EDGE_CURVE('',#469,#462,#486,.T.) ;
#520=EDGE_CURVE('',#517,#519,#515,.T.) ;
#525=EDGE_CURVE('',#519,#517,#524,.T.) ;
#538=EDGE_CURVE('',#535,#537,#533,.T.) ;
#543=EDGE_CURVE('',#537,#535,#542,.T.) ;
#556=EDGE_CURVE('',#553,#555,#551,.T.) ;
#561=EDGE_CURVE('',#555,#553,#560,.T.) ;
#574=EDGE_CURVE('',#571,#573,#569,.T.) ;
#579=EDGE_CURVE('',#573,#571,#578,.T.) ;
#592=EDGE_CURVE('',#589,#591,#587,.T.) ;
#597=EDGE_CURVE('',#591,#589,#596,.T.) ;
#610=EDGE_CURVE('',#607,#609,#605,.T.) ;
#615=EDGE_CURVE('',#609,#607,#614,.T.) ;
#628=EDGE_CURVE('',#625,#627,#623,.T.) ;
#633=EDGE_CURVE('',#627,#625,#632,.T.) ;
#650=EDGE_CURVE('',#589,#649,#647,.F.) ;
#657=EDGE_CURVE('',#591,#656,#654,.F.) ;
#662=EDGE_CURVE('',#649,#656,#661,.T.) ;
#674=EDGE_CURVE('',#656,#649,#673,.T.) ;
#693=EDGE_CURVE('',#535,#692,#690,.F.) ;
#700=EDGE_CURVE('',#537,#699,#697,.F.) ;
#705=EDGE_CURVE('',#692,#699,#704,.T.) ;
#717=EDGE_CURVE('',#699,#692,#716,.T.) ;
#736=EDGE_CURVE('',#607,#735,#733,.F.) ;
#743=EDGE_CURVE('',#609,#742,#740,.F.) ;
#748=EDGE_CURVE('',#735,#742,#747,.T.) ;
#760=EDGE_CURVE('',#742,#735,#759,.T.) ;
#779=EDGE_CURVE('',#553,#778,#776,.F.) ;
#786=EDGE_CURVE('',#555,#785,#783,.F.) ;
#791=EDGE_CURVE('',#778,#785,#790,.T.) ;
#803=EDGE_CURVE('',#785,#778,#802,.T.) ;
#822=EDGE_CURVE('',#625,#821,#819,.F.) ;
#829=EDGE_CURVE('',#627,#828,#826,.F.) ;
#834=EDGE_CURVE('',#821,#828,#833,.T.) ;
#846=EDGE_CURVE('',#828,#821,#845,.T.) ;
#865=EDGE_CURVE('',#571,#864,#862,.F.) ;
#872=EDGE_CURVE('',#573,#871,#869,.F.) ;
#877=EDGE_CURVE('',#864,#871,#876,.T.) ;
#889=EDGE_CURVE('',#871,#864,#888,.T.) ;
#908=EDGE_CURVE('',#517,#907,#905,.F.) ;
#915=EDGE_CURVE('',#519,#914,#912,.F.) ;
#920=EDGE_CURVE('',#907,#914,#919,.T.) ;
#932=EDGE_CURVE('',#914,#907,#931,.T.) ;
#993=EDGE_CURVE('',#990,#992,#988,.T.) ;
#998=EDGE_CURVE('',#992,#990,#997,.T.) ;
#1012=EDGE_CURVE('',#1009,#1011,#1007,.T.) ;
#1017=EDGE_CURVE('',#1011,#1009,#1016,.T.) ;
#1030=EDGE_CURVE('',#1027,#1029,#1025,.T.) ;
#1037=EDGE_CURVE('',#1029,#1036,#1034,.T.) ;
#1044=EDGE_CURVE('',#1036,#1043,#1041,.T.) ;
#1051=EDGE_CURVE('',#1043,#1050,#1048,.T.) ;
#1058=EDGE_CURVE('',#1050,#1057,#1055,.T.) ;
#1065=EDGE_CURVE('',#1057,#1064,#1062,.T.) ;
#1072=EDGE_CURVE('',#1064,#1071,#1069,.T.) ;
#1079=EDGE_CURVE('',#1071,#1078,#1076,.T.) ;
#1086=EDGE_CURVE('',#1078,#1085,#1083,.T.) ;
#1093=EDGE_CURVE('',#1085,#1092,#1090,.T.) ;
#1100=EDGE_CURVE('',#1092,#1099,#1097,.T.) ;
#1107=EDGE_CURVE('',#1099,#1106,#1104,.T.) ;
#1114=EDGE_CURVE('',#1106,#1113,#1111,.T.) ;
#1121=EDGE_CURVE('',#1113,#1120,#1118,.T.) ;
#1128=EDGE_CURVE('',#1120,#1127,#1125,.T.) ;
#1135=EDGE_CURVE('',#1127,#1134,#1132,.T.) ;
#1142=EDGE_CURVE('',#1134,#1141,#1139,.T.) ;
#1149=EDGE_CURVE('',#1141,#1148,#1146,.T.) ;
#1156=EDGE_CURVE('',#1148,#1155,#1153,.T.) ;
#1163=EDGE_CURVE('',#1155,#1162,#1160,.T.) ;
#1170=EDGE_CURVE('',#1162,#1169,#1167,.T.) ;
#1177=EDGE_CURVE('',#1169,#1176,#1174,.T.) ;
#1184=EDGE_CURVE('',#1176,#1183,#1181,.T.) ;
#1191=EDGE_CURVE('',#1183,#1190,#1188,.T.) ;
#1198=EDGE_CURVE('',#1190,#1197,#1195,.T.) ;
#1205=EDGE_CURVE('',#1197,#1204,#1202,.T.) ;
#1212=EDGE_CURVE('',#1204,#1211,#1209,.T.) ;
#1219=EDGE_CURVE('',#1211,#1218,#1216,.T.) ;
#1226=EDGE_CURVE('',#1218,#1225,#1223,.T.) ;
#1233=EDGE_CURVE('',#1225,#1232,#1230,.T.) ;
#1240=EDGE_CURVE('',#1232,#1239,#1237,.T.) ;
#1247=EDGE_CURVE('',#1239,#1246,#1244,.T.) ;
#1254=EDGE_CURVE('',#1246,#1253,#1251,.T.) ;
#1261=EDGE_CURVE('',#1253,#1260,#1258,.T.) ;
#1268=EDGE_CURVE('',#1260,#1267,#1265,.T.) ;
#1275=EDGE_CURVE('',#1267,#1274,#1272,.T.) ;
#1282=EDGE_CURVE('',#1274,#1281,#1279,.T.) ;
#1289=EDGE_CURVE('',#1281,#1288,#1286,.T.) ;
#1296=EDGE_CURVE('',#1288,#1295,#1293,.T.) ;
#1303=EDGE_CURVE('',#1295,#1302,#1300,.T.) ;
#1310=EDGE_CURVE('',#1302,#1309,#1307,.T.) ;
#1317=EDGE_CURVE('',#1309,#1316,#1314,.T.) ;
#1324=EDGE_CURVE('',#1316,#1323,#1321,.T.) ;
#1331=EDGE_CURVE('',#1323,#1330,#1328,.T.) ;
#1338=EDGE_CURVE('',#1330,#1337,#1335,.T.) ;
#1345=EDGE_CURVE('',#1337,#1344,#1342,.T.) ;
#1352=EDGE_CURVE('',#1344,#1351,#1349,.T.) ;
#1359=EDGE_CURVE('',#1351,#1358,#1356,.T.) ;
#1366=EDGE_CURVE('',#1358,#1365,#1363,.T.) ;
#1373=EDGE_CURVE('',#1365,#1372,#1370,.T.) ;
#1380=EDGE_CURVE('',#1372,#1379,#1377,.T.) ;
#1387=EDGE_CURVE('',#1379,#1386,#1384,.T.) ;
#1394=EDGE_CURVE('',#1386,#1393,#1391,.T.) ;
#1401=EDGE_CURVE('',#1393,#1400,#1398,.T.) ;
#1408=EDGE_CURVE('',#1400,#1407,#1405,.T.) ;
#1415=EDGE_CURVE('',#1407,#1414,#1412,.T.) ;
#1422=EDGE_CURVE('',#1414,#1421,#1419,.T.) ;
#1429=EDGE_CURVE('',#1421,#1428,#1426,.T.) ;
#1436=EDGE_CURVE('',#1428,#1435,#1433,.T.) ;
#1443=EDGE_CURVE('',#1435,#1442,#1440,.T.) ;
#1450=EDGE_CURVE('',#1442,#1449,#1447,.T.) ;
#1457=EDGE_CURVE('',#1449,#1456,#1454,.T.) ;
#1464=EDGE_CURVE('',#1456,#1463,#1461,.T.) ;
#1471=EDGE_CURVE('',#1463,#1470,#1468,.T.) ;
#1478=EDGE_CURVE('',#1470,#1477,#1475,.T.) ;
#1485=EDGE_CURVE('',#1477,#1484,#1482,.T.) ;
#1492=EDGE_CURVE('',#1484,#1491,#1489,.T.) ;
#1499=EDGE_CURVE('',#1491,#1498,#1496,.T.) ;
#1506=EDGE_CURVE('',#1498,#1505,#1503,.T.) ;
#1513=EDGE_CURVE('',#1505,#1512,#1510,.T.) ;
#1520=EDGE_CURVE('',#1512,#1519,#1517,.T.) ;
#1527=EDGE_CURVE('',#1519,#1526,#1524,.T.) ;
#1534=EDGE_CURVE('',#1526,#1533,#1531,.T.) ;
#1541=EDGE_CURVE('',#1533,#1540,#1538,.T.) ;
#1548=EDGE_CURVE('',#1540,#1547,#1545,.T.) ;
#1555=EDGE_CURVE('',#1547,#1554,#1552,.T.) ;
#1562=EDGE_CURVE('',#1554,#1561,#1559,.T.) ;
#1569=EDGE_CURVE('',#1561,#1568,#1566,.T.) ;
#1576=EDGE_CURVE('',#1568,#1575,#1573,.T.) ;
#1583=EDGE_CURVE('',#1575,#1582,#1580,.T.) ;
#1590=EDGE_CURVE('',#1582,#1589,#1587,.T.) ;
#1597=EDGE_CURVE('',#1589,#1596,#1594,.T.) ;
#1604=EDGE_CURVE('',#1596,#1603,#1601,.T.) ;
#1611=EDGE_CURVE('',#1603,#1610,#1608,.T.) ;
#1618=EDGE_CURVE('',#1610,#1617,#1615,.T.) ;
#1625=EDGE_CURVE('',#1617,#1624,#1622,.T.) ;
#1632=EDGE_CURVE('',#1624,#1631,#1629,.T.) ;
#1639=EDGE_CURVE('',#1631,#1638,#1636,.T.) ;
#1646=EDGE_CURVE('',#1638,#1645,#1643,.T.) ;
#1653=EDGE_CURVE('',#1645,#1652,#1650,.T.) ;
#1660=EDGE_CURVE('',#1652,#1659,#1657,.T.) ;
#1667=EDGE_CURVE('',#1659,#1666,#1664,.T.) ;
#1674=EDGE_CURVE('',#1666,#1673,#1671,.T.) ;
#1681=EDGE_CURVE('',#1673,#1680,#1678,.T.) ;
#1688=EDGE_CURVE('',#1680,#1687,#1685,.T.) ;
#1695=EDGE_CURVE('',#1687,#1694,#1692,.T.) ;
#1702=EDGE_CURVE('',#1694,#1701,#1699,.T.) ;
#1709=EDGE_CURVE('',#1701,#1708,#1706,.T.) ;
#1716=EDGE_CURVE('',#1708,#1715,#1713,.T.) ;
#1723=EDGE_CURVE('',#1715,#1722,#1720,.T.) ;
#1730=EDGE_CURVE('',#1722,#1729,#1727,.T.) ;
#1737=EDGE_CURVE('',#1729,#1736,#1734,.T.) ;
#1744=EDGE_CURVE('',#1736,#1743,#1741,.T.) ;
#1751=EDGE_CURVE('',#1743,#1750,#1748,.T.) ;
#1758=EDGE_CURVE('',#1750,#1757,#1755,.T.) ;
#1765=EDGE_CURVE('',#1757,#1764,#1762,.T.) ;
#1772=EDGE_CURVE('',#1764,#1771,#1769,.T.) ;
#1779=EDGE_CURVE('',#1771,#1778,#1776,.T.) ;
#1786=EDGE_CURVE('',#1778,#1785,#1783,.T.) ;
#1793=EDGE_CURVE('',#1785,#1792,#1790,.T.) ;
#1800=EDGE_CURVE('',#1792,#1799,#1797,.T.) ;
#1807=EDGE_CURVE('',#1799,#1806,#1804,.T.) ;
#1814=EDGE_CURVE('',#1806,#1813,#1811,.T.) ;
#1821=EDGE_CURVE('',#1813,#1820,#1818,.T.) ;
#1828=EDGE_CURVE('',#1820,#1827,#1825,.T.) ;
#1835=EDGE_CURVE('',#1827,#1834,#1832,.T.) ;
#1842=EDGE_CURVE('',#1834,#1841,#1839,.T.) ;
#1847=EDGE_CURVE('',#1841,#1027,#1846,.T.) ;
#1976=EDGE_CURVE('',#1973,#1975,#1971,.T.) ;
#1983=EDGE_CURVE('',#1975,#1982,#1980,.T.) ;
#1990=EDGE_CURVE('',#1982,#1989,#1987,.T.) ;
#1997=EDGE_CURVE('',#1989,#1996,#1994,.T.) ;
#2004=EDGE_CURVE('',#1996,#2003,#2001,.T.) ;
#2011=EDGE_CURVE('',#2003,#2010,#2008,.T.) ;
#2018=EDGE_CURVE('',#2010,#2017,#2015,.T.) ;
#2025=EDGE_CURVE('',#2017,#2024,#2022,.T.) ;
#2032=EDGE_CURVE('',#2024,#2031,#2029,.T.) ;
#2039=EDGE_CURVE('',#2031,#2038,#2036,.T.) ;
#2046=EDGE_CURVE('',#2038,#2045,#2043,.T.) ;
#2053=EDGE_CURVE('',#2045,#2052,#2050,.T.) ;
#2060=EDGE_CURVE('',#2052,#2059,#2057,.T.) ;
#2067=EDGE_CURVE('',#2059,#2066,#2064,.T.) ;
#2074=EDGE_CURVE('',#2066,#2073,#2071,.T.) ;
#2081=EDGE_CURVE('',#2073,#2080,#2078,.T.) ;
#2088=EDGE_CURVE('',#2080,#2087,#2085,.T.) ;
#2095=EDGE_CURVE('',#2087,#2094,#2092,.T.) ;
#2102=EDGE_CURVE('',#2094,#2101,#2099,.T.) ;
#2109=EDGE_CURVE('',#2101,#2108,#2106,.T.) ;
#2116=EDGE_CURVE('',#2108,#2115,#2113,.T.) ;
#2121=EDGE_CURVE('',#2115,#1973,#2120,.T.) ;
#2154=EDGE_CURVE('',#2151,#2153,#2149,.T.) ;
#2161=EDGE_CURVE('',#2153,#2160,#2158,.T.) ;
#2168=EDGE_CURVE('',#2160,#2167,#2165,.T.) ;
#2175=EDGE_CURVE('',#2167,#2174,#2172,.T.) ;
#2182=EDGE_CURVE('',#2174,#2181,#2179,.T.) ;
#2189=EDGE_CURVE('',#2181,#2188,#2186,.T.) ;
#2196=EDGE_CURVE('',#2188,#2195,#2193,.T.) ;
#2203=EDGE_CURVE('',#2195,#2202,#2200,.T.) ;
#2210=EDGE_CURVE('',#2202,#2209,#2207,.T.) ;
#2217=EDGE_CURVE('',#2209,#2216,#2214,.T.) ;
#2224=EDGE_CURVE('',#2216,#2223,#2221,.T.) ;
#2231=EDGE_CURVE('',#2223,#2230,#2228,.T.) ;
#2238=EDGE_CURVE('',#2230,#2237,#2235,.T.) ;
#2245=EDGE_CURVE('',#2237,#2244,#2242,.T.) ;
#2252=EDGE_CURVE('',#2244,#2251,#2249,.T.) ;
#2259=EDGE_CURVE('',#2251,#2258,#2256,.T.) ;
#2266=EDGE_CURVE('',#2258,#2265,#2263,.T.) ;
#2273=EDGE_CURVE('',#2265,#2272,#2270,.T.) ;
#2280=EDGE_CURVE('',#2272,#2279,#2277,.T.) ;
#2287=EDGE_CURVE('',#2279,#2286,#2284,.T.) ;
#2294=EDGE_CURVE('',#2286,#2293,#2291,.T.) ;
#2301=EDGE_CURVE('',#2293,#2300,#2298,.T.) ;
#2308=EDGE_CURVE('',#2300,#2307,#2305,.T.) ;
#2315=EDGE_CURVE('',#2307,#2314,#2312,.T.) ;
#2322=EDGE_CURVE('',#2314,#2321,#2319,.T.) ;
#2329=EDGE_CURVE('',#2321,#2328,#2326,.T.) ;
#2336=EDGE_CURVE('',#2328,#2335,#2333,.T.) ;
#2343=EDGE_CURVE('',#2335,#2342,#2340,.T.) ;
#2350=EDGE_CURVE('',#2342,#2349,#2347,.T.) ;
#2357=EDGE_CURVE('',#2349,#2356,#2354,.T.) ;
#2364=EDGE_CURVE('',#2356,#2363,#2361,.T.) ;
#2371=EDGE_CURVE('',#2363,#2370,#2368,.T.) ;
#2378=EDGE_CURVE('',#2370,#2377,#2375,.T.) ;
#2383=EDGE_CURVE('',#2377,#2151,#2382,.T.) ;
#2428=EDGE_CURVE('',#2425,#2427,#2423,.T.) ;
#2435=EDGE_CURVE('',#2427,#2434,#2432,.T.) ;
#2442=EDGE_CURVE('',#2434,#2441,#2439,.T.) ;
#2449=EDGE_CURVE('',#2441,#2448,#2446,.T.) ;
#2456=EDGE_CURVE('',#2448,#2455,#2453,.T.) ;
#2463=EDGE_CURVE('',#2455,#2462,#2460,.T.) ;
#2470=EDGE_CURVE('',#2462,#2469,#2467,.T.) ;
#2477=EDGE_CURVE('',#2469,#2476,#2474,.T.) ;
#2484=EDGE_CURVE('',#2476,#2483,#2481,.T.) ;
#2491=EDGE_CURVE('',#2483,#2490,#2488,.T.) ;
#2498=EDGE_CURVE('',#2490,#2497,#2495,.T.) ;
#2505=EDGE_CURVE('',#2497,#2504,#2502,.T.) ;
#2512=EDGE_CURVE('',#2504,#2511,#2509,.T.) ;
#2519=EDGE_CURVE('',#2511,#2518,#2516,.T.) ;
#2526=EDGE_CURVE('',#2518,#2525,#2523,.T.) ;
#2533=EDGE_CURVE('',#2525,#2532,#2530,.T.) ;
#2540=EDGE_CURVE('',#2532,#2539,#2537,.T.) ;
#2547=EDGE_CURVE('',#2539,#2546,#2544,.T.) ;
#2554=EDGE_CURVE('',#2546,#2553,#2551,.T.) ;
#2561=EDGE_CURVE('',#2553,#2560,#2558,.T.) ;
#2568=EDGE_CURVE('',#2560,#2567,#2565,.T.) ;
#2575=EDGE_CURVE('',#2567,#2574,#2572,.T.) ;
#2582=EDGE_CURVE('',#2574,#2581,#2579,.T.) ;
#2589=EDGE_CURVE('',#2581,#2588,#2586,.T.) ;
#2596=EDGE_CURVE('',#2588,#2595,#2593,.T.) ;
#2603=EDGE_CURVE('',#2595,#2602,#2600,.T.) ;
#2610=EDGE_CURVE('',#2602,#2609,#2607,.T.) ;
#2617=EDGE_CURVE('',#2609,#2616,#2614,.T.) ;
#2624=EDGE_CURVE('',#2616,#2623,#2621,.T.) ;
#2631=EDGE_CURVE('',#2623,#2630,#2628,.T.) ;
#2638=EDGE_CURVE('',#2630,#2637,#2635,.T.) ;
#2645=EDGE_CURVE('',#2637,#2644,#2642,.T.) ;
#2652=EDGE_CURVE('',#2644,#2651,#2649,.T.) ;
#2659=EDGE_CURVE('',#2651,#2658,#2656,.T.) ;
#2666=EDGE_CURVE('',#2658,#2665,#2663,.T.) ;
#2673=EDGE_CURVE('',#2665,#2672,#2670,.T.) ;
#2680=EDGE_CURVE('',#2672,#2679,#2677,.T.) ;
#2687=EDGE_CURVE('',#2679,#2686,#2684,.T.) ;
#2694=EDGE_CURVE('',#2686,#2693,#2691,.T.) ;
#2701=EDGE_CURVE('',#2693,#2700,#2698,.T.) ;
#2708=EDGE_CURVE('',#2700,#2707,#2705,.T.) ;
#2715=EDGE_CURVE('',#2707,#2714,#2712,.T.) ;
#2722=EDGE_CURVE('',#2714,#2721,#2719,.T.) ;
#2729=EDGE_CURVE('',#2721,#2728,#2726,.T.) ;
#2736=EDGE_CURVE('',#2728,#2735,#2733,.T.) ;
#2743=EDGE_CURVE('',#2735,#2742,#2740,.T.) ;
#2750=EDGE_CURVE('',#2742,#2749,#2747,.T.) ;
#2757=EDGE_CURVE('',#2749,#2756,#2754,.T.) ;
#2764=EDGE_CURVE('',#2756,#2763,#2761,.T.) ;
#2771=EDGE_CURVE('',#2763,#2770,#2768,.T.) ;
#2778=EDGE_CURVE('',#2770,#2777,#2775,.T.) ;
#2785=EDGE_CURVE('',#2777,#2784,#2782,.T.) ;
#2792=EDGE_CURVE('',#2784,#2791,#2789,.T.) ;
#2799=EDGE_CURVE('',#2791,#2798,#2796,.T.) ;
#2806=EDGE_CURVE('',#2798,#2805,#2803,.T.) ;
#2813=EDGE_CURVE('',#2805,#2812,#2810,.T.) ;
#2820=EDGE_CURVE('',#2812,#2819,#2817,.T.) ;
#2827=EDGE_CURVE('',#2819,#2826,#2824,.T.) ;
#2834=EDGE_CURVE('',#2826,#2833,#2831,.T.) ;
#2841=EDGE_CURVE('',#2833,#2840,#2838,.T.) ;
#2848=EDGE_CURVE('',#2840,#2847,#2845,.T.) ;
#2855=EDGE_CURVE('',#2847,#2854,#2852,.T.) ;
#2862=EDGE_CURVE('',#2854,#2861,#2859,.T.) ;
#2869=EDGE_CURVE('',#2861,#2868,#2866,.T.) ;
#2876=EDGE_CURVE('',#2868,#2875,#2873,.T.) ;
#2883=EDGE_CURVE('',#2875,#2882,#2880,.T.) ;
#2890=EDGE_CURVE('',#2882,#2889,#2887,.T.) ;
#2897=EDGE_CURVE('',#2889,#2896,#2894,.T.) ;
#2904=EDGE_CURVE('',#2896,#2903,#2901,.T.) ;
#2911=EDGE_CURVE('',#2903,#2910,#2908,.T.) ;
#2918=EDGE_CURVE('',#2910,#2917,#2915,.T.) ;
#2925=EDGE_CURVE('',#2917,#2924,#2922,.T.) ;
#2932=EDGE_CURVE('',#2924,#2931,#2929,.T.) ;
#2939=EDGE_CURVE('',#2931,#2938,#2936,.T.) ;
#2946=EDGE_CURVE('',#2938,#2945,#2943,.T.) ;
#2953=EDGE_CURVE('',#2945,#2952,#2950,.T.) ;
#2960=EDGE_CURVE('',#2952,#2959,#2957,.T.) ;
#2967=EDGE_CURVE('',#2959,#2966,#2964,.T.) ;
#2974=EDGE_CURVE('',#2966,#2973,#2971,.T.) ;
#2981=EDGE_CURVE('',#2973,#2980,#2978,.T.) ;
#2988=EDGE_CURVE('',#2980,#2987,#2985,.T.) ;
#2995=EDGE_CURVE('',#2987,#2994,#2992,.T.) ;
#3002=EDGE_CURVE('',#2994,#3001,#2999,.T.) ;
#3009=EDGE_CURVE('',#3001,#3008,#3006,.T.) ;
#3016=EDGE_CURVE('',#3008,#3015,#3013,.T.) ;
#3023=EDGE_CURVE('',#3015,#3022,#3020,.T.) ;
#3030=EDGE_CURVE('',#3022,#3029,#3027,.T.) ;
#3037=EDGE_CURVE('',#3029,#3036,#3034,.T.) ;
#3044=EDGE_CURVE('',#3036,#3043,#3041,.T.) ;
#3051=EDGE_CURVE('',#3043,#3050,#3048,.T.) ;
#3058=EDGE_CURVE('',#3050,#3057,#3055,.T.) ;
#3065=EDGE_CURVE('',#3057,#3064,#3062,.T.) ;
#3072=EDGE_CURVE('',#3064,#3071,#3069,.T.) ;
#3079=EDGE_CURVE('',#3071,#3078,#3076,.T.) ;
#3086=EDGE_CURVE('',#3078,#3085,#3083,.T.) ;
#3093=EDGE_CURVE('',#3085,#3092,#3090,.T.) ;
#3100=EDGE_CURVE('',#3092,#3099,#3097,.T.) ;
#3107=EDGE_CURVE('',#3099,#3106,#3104,.T.) ;
#3114=EDGE_CURVE('',#3106,#3113,#3111,.T.) ;
#3121=EDGE_CURVE('',#3113,#3120,#3118,.T.) ;
#3128=EDGE_CURVE('',#3120,#3127,#3125,.T.) ;
#3135=EDGE_CURVE('',#3127,#3134,#3132,.T.) ;
#3142=EDGE_CURVE('',#3134,#3141,#3139,.T.) ;
#3149=EDGE_CURVE('',#3141,#3148,#3146,.T.) ;
#3156=EDGE_CURVE('',#3148,#3155,#3153,.T.) ;
#3163=EDGE_CURVE('',#3155,#3162,#3160,.T.) ;
#3170=EDGE_CURVE('',#3162,#3169,#3167,.T.) ;
#3177=EDGE_CURVE('',#3169,#3176,#3174,.T.) ;
#3184=EDGE_CURVE('',#3176,#3183,#3181,.T.) ;
#3191=EDGE_CURVE('',#3183,#3190,#3188,.T.) ;
#3198=EDGE_CURVE('',#3190,#3197,#3195,.T.) ;
#3205=EDGE_CURVE('',#3197,#3204,#3202,.T.) ;
#3212=EDGE_CURVE('',#3204,#3211,#3209,.T.) ;
#3219=EDGE_CURVE('',#3211,#3218,#3216,.T.) ;
#3226=EDGE_CURVE('',#3218,#3225,#3223,.T.) ;
#3233=EDGE_CURVE('',#3225,#3232,#3230,.T.) ;
#3240=EDGE_CURVE('',#3232,#3239,#3237,.T.) ;
#3247=EDGE_CURVE('',#3239,#3246,#3244,.T.) ;
#3254=EDGE_CURVE('',#3246,#3253,#3251,.T.) ;
#3261=EDGE_CURVE('',#3253,#3260,#3258,.T.) ;
#3268=EDGE_CURVE('',#3260,#3267,#3265,.T.) ;
#3275=EDGE_CURVE('',#3267,#3274,#3272,.T.) ;
#3282=EDGE_CURVE('',#3274,#3281,#3279,.T.) ;
#3289=EDGE_CURVE('',#3281,#3288,#3286,.T.) ;
#3296=EDGE_CURVE('',#3288,#3295,#3293,.T.) ;
#3303=EDGE_CURVE('',#3295,#3302,#3300,.T.) ;
#3310=EDGE_CURVE('',#3302,#3309,#3307,.T.) ;
#3317=EDGE_CURVE('',#3309,#3316,#3314,.T.) ;
#3324=EDGE_CURVE('',#3316,#3323,#3321,.T.) ;
#3331=EDGE_CURVE('',#3323,#3330,#3328,.T.) ;
#3338=EDGE_CURVE('',#3330,#3337,#3335,.T.) ;
#3345=EDGE_CURVE('',#3337,#3344,#3342,.T.) ;
#3352=EDGE_CURVE('',#3344,#3351,#3349,.T.) ;
#3359=EDGE_CURVE('',#3351,#3358,#3356,.T.) ;
#3366=EDGE_CURVE('',#3358,#3365,#3363,.T.) ;
#3373=EDGE_CURVE('',#3365,#3372,#3370,.T.) ;
#3380=EDGE_CURVE('',#3372,#3379,#3377,.T.) ;
#3385=EDGE_CURVE('',#3379,#2425,#3384,.T.) ;
#3534=EDGE_CURVE('',#3531,#3533,#3529,.T.) ;
#3541=EDGE_CURVE('',#3533,#3540,#3538,.T.) ;
#3548=EDGE_CURVE('',#3540,#3547,#3545,.T.) ;
#3555=EDGE_CURVE('',#3547,#3554,#3552,.T.) ;
#3562=EDGE_CURVE('',#3554,#3561,#3559,.T.) ;
#3569=EDGE_CURVE('',#3561,#3568,#3566,.T.) ;
#3576=EDGE_CURVE('',#3568,#3575,#3573,.T.) ;
#3583=EDGE_CURVE('',#3575,#3582,#3580,.T.) ;
#3590=EDGE_CURVE('',#3582,#3589,#3587,.T.) ;
#3597=EDGE_CURVE('',#3589,#3596,#3594,.T.) ;
#3604=EDGE_CURVE('',#3596,#3603,#3601,.T.) ;
#3611=EDGE_CURVE('',#3603,#3610,#3608,.T.) ;
#3618=EDGE_CURVE('',#3610,#3617,#3615,.T.) ;
#3625=EDGE_CURVE('',#3617,#3624,#3622,.T.) ;
#3632=EDGE_CURVE('',#3624,#3631,#3629,.T.) ;
#3639=EDGE_CURVE('',#3631,#3638,#3636,.T.) ;
#3646=EDGE_CURVE('',#3638,#3645,#3643,.T.) ;
#3653=EDGE_CURVE('',#3645,#3652,#3650,.T.) ;
#3660=EDGE_CURVE('',#3652,#3659,#3657,.T.) ;
#3667=EDGE_CURVE('',#3659,#3666,#3664,.T.) ;
#3674=EDGE_CURVE('',#3666,#3673,#3671,.T.) ;
#3679=EDGE_CURVE('',#3673,#3531,#3678,.T.) ;
#3712=EDGE_CURVE('',#3709,#3711,#3707,.T.) ;
#3719=EDGE_CURVE('',#3711,#3718,#3716,.T.) ;
#3726=EDGE_CURVE('',#3718,#3725,#3723,.T.) ;
#3731=EDGE_CURVE('',#3725,#3709,#3730,.T.) ;
#3746=EDGE_CURVE('',#3743,#3745,#3741,.T.) ;
#3753=EDGE_CURVE('',#3745,#3752,#3750,.T.) ;
#3760=EDGE_CURVE('',#3752,#3759,#3757,.T.) ;
#3767=EDGE_CURVE('',#3759,#3766,#3764,.T.) ;
#3774=EDGE_CURVE('',#3766,#3773,#3771,.T.) ;
#3781=EDGE_CURVE('',#3773,#3780,#3778,.T.) ;
#3788=EDGE_CURVE('',#3780,#3787,#3785,.T.) ;
#3795=EDGE_CURVE('',#3787,#3794,#3792,.T.) ;
#3802=EDGE_CURVE('',#3794,#3801,#3799,.T.) ;
#3807=EDGE_CURVE('',#3801,#3743,#3806,.T.) ;
#3829=EDGE_CURVE('',#3826,#3828,#3824,.T.) ;
#3834=EDGE_CURVE('',#3828,#3826,#3833,.T.) ;
#3848=EDGE_CURVE('',#3845,#3847,#3843,.T.) ;
#3853=EDGE_CURVE('',#3847,#3845,#3852,.T.) ;
#3867=EDGE_CURVE('',#3864,#3866,#3862,.T.) ;
#3872=EDGE_CURVE('',#3866,#3864,#3871,.T.) ;
#3886=EDGE_CURVE('',#3883,#3885,#3881,.T.) ;
#3891=EDGE_CURVE('',#3885,#3883,#3890,.T.) ;
#3905=EDGE_CURVE('',#3902,#3904,#3900,.T.) ;
#3910=EDGE_CURVE('',#3904,#3902,#3909,.T.) ;
#3924=EDGE_CURVE('',#3921,#3923,#3919,.T.) ;
#3929=EDGE_CURVE('',#3923,#3921,#3928,.T.) ;
#3943=EDGE_CURVE('',#3940,#3942,#3938,.T.) ;
#3948=EDGE_CURVE('',#3942,#3940,#3947,.T.) ;
#3962=EDGE_CURVE('',#3959,#3961,#3957,.T.) ;
#3967=EDGE_CURVE('',#3961,#3959,#3966,.T.) ;
#3986=EDGE_CURVE('',#3983,#3985,#3981,.F.) ;
#3993=EDGE_CURVE('',#3985,#3992,#3990,.F.) ;
#4000=EDGE_CURVE('',#3992,#3999,#3997,.F.) ;
#4007=EDGE_CURVE('',#3999,#4006,#4004,.F.) ;
#4014=EDGE_CURVE('',#4006,#4013,#4011,.F.) ;
#4021=EDGE_CURVE('',#4013,#4020,#4018,.F.) ;
#4028=EDGE_CURVE('',#4020,#4027,#4025,.F.) ;
#4035=EDGE_CURVE('',#4027,#4034,#4032,.F.) ;
#4042=EDGE_CURVE('',#4034,#4041,#4039,.F.) ;
#4049=EDGE_CURVE('',#4041,#4048,#4046,.F.) ;
#4056=EDGE_CURVE('',#4048,#4055,#4053,.F.) ;
#4063=EDGE_CURVE('',#4055,#4062,#4060,.F.) ;
#4070=EDGE_CURVE('',#4062,#4069,#4067,.F.) ;
#4077=EDGE_CURVE('',#4069,#4076,#4074,.F.) ;
#4084=EDGE_CURVE('',#4076,#4083,#4081,.F.) ;
#4091=EDGE_CURVE('',#4083,#4090,#4088,.F.) ;
#4098=EDGE_CURVE('',#4090,#4097,#4095,.F.) ;
#4105=EDGE_CURVE('',#4097,#4104,#4102,.F.) ;
#4112=EDGE_CURVE('',#4104,#4111,#4109,.F.) ;
#4119=EDGE_CURVE('',#4111,#4118,#4116,.F.) ;
#4126=EDGE_CURVE('',#4118,#4125,#4123,.F.) ;
#4133=EDGE_CURVE('',#4125,#4132,#4130,.F.) ;
#4140=EDGE_CURVE('',#4132,#4139,#4137,.F.) ;
#4147=EDGE_CURVE('',#4139,#4146,#4144,.F.) ;
#4154=EDGE_CURVE('',#4146,#4153,#4151,.F.) ;
#4161=EDGE_CURVE('',#4153,#4160,#4158,.F.) ;
#4168=EDGE_CURVE('',#4160,#4167,#4165,.F.) ;
#4175=EDGE_CURVE('',#4167,#4174,#4172,.F.) ;
#4182=EDGE_CURVE('',#4174,#4181,#4179,.F.) ;
#4189=EDGE_CURVE('',#4181,#4188,#4186,.F.) ;
#4196=EDGE_CURVE('',#4188,#4195,#4193,.F.) ;
#4203=EDGE_CURVE('',#4195,#4202,#4200,.F.) ;
#4210=EDGE_CURVE('',#4202,#4209,#4207,.F.) ;
#4217=EDGE_CURVE('',#4209,#4216,#4214,.F.) ;
#4224=EDGE_CURVE('',#4216,#4223,#4221,.F.) ;
#4231=EDGE_CURVE('',#4223,#4230,#4228,.F.) ;
#4238=EDGE_CURVE('',#4230,#4237,#4235,.F.) ;
#4245=EDGE_CURVE('',#4237,#4244,#4242,.F.) ;
#4252=EDGE_CURVE('',#4244,#4251,#4249,.F.) ;
#4259=EDGE_CURVE('',#4251,#4258,#4256,.F.) ;
#4266=EDGE_CURVE('',#4258,#4265,#4263,.F.) ;
#4273=EDGE_CURVE('',#4265,#4272,#4270,.F.) ;
#4280=EDGE_CURVE('',#4272,#4279,#4277,.F.) ;
#4287=EDGE_CURVE('',#4279,#4286,#4284,.F.) ;
#4294=EDGE_CURVE('',#4286,#4293,#4291,.F.) ;
#4301=EDGE_CURVE('',#4293,#4300,#4298,.F.) ;
#4308=EDGE_CURVE('',#4300,#4307,#4305,.F.) ;
#4315=EDGE_CURVE('',#4307,#4314,#4312,.F.) ;
#4322=EDGE_CURVE('',#4314,#4321,#4319,.F.) ;
#4329=EDGE_CURVE('',#4321,#4328,#4326,.F.) ;
#4336=EDGE_CURVE('',#4328,#4335,#4333,.F.) ;
#4343=EDGE_CURVE('',#4335,#4342,#4340,.F.) ;
#4350=EDGE_CURVE('',#4342,#4349,#4347,.F.) ;
#4357=EDGE_CURVE('',#4349,#4356,#4354,.F.) ;
#4364=EDGE_CURVE('',#4356,#4363,#4361,.F.) ;
#4371=EDGE_CURVE('',#4363,#4370,#4368,.F.) ;
#4378=EDGE_CURVE('',#4370,#4377,#4375,.F.) ;
#4385=EDGE_CURVE('',#4377,#4384,#4382,.F.) ;
#4392=EDGE_CURVE('',#4384,#4391,#4389,.F.) ;
#4399=EDGE_CURVE('',#4391,#4398,#4396,.F.) ;
#4406=EDGE_CURVE('',#4398,#4405,#4403,.F.) ;
#4413=EDGE_CURVE('',#4405,#4412,#4410,.F.) ;
#4420=EDGE_CURVE('',#4412,#4419,#4417,.F.) ;
#4427=EDGE_CURVE('',#4419,#4426,#4424,.F.) ;
#4434=EDGE_CURVE('',#4426,#4433,#4431,.F.) ;
#4441=EDGE_CURVE('',#4433,#4440,#4438,.F.) ;
#4448=EDGE_CURVE('',#4440,#4447,#4445,.F.) ;
#4455=EDGE_CURVE('',#4447,#4454,#4452,.F.) ;
#4462=EDGE_CURVE('',#4454,#4461,#4459,.F.) ;
#4469=EDGE_CURVE('',#4461,#4468,#4466,.F.) ;
#4476=EDGE_CURVE('',#4468,#4475,#4473,.F.) ;
#4483=EDGE_CURVE('',#4475,#4482,#4480,.F.) ;
#4490=EDGE_CURVE('',#4482,#4489,#4487,.F.) ;
#4497=EDGE_CURVE('',#4489,#4496,#4494,.F.) ;
#4504=EDGE_CURVE('',#4496,#4503,#4501,.F.) ;
#4511=EDGE_CURVE('',#4503,#4510,#4508,.F.) ;
#4518=EDGE_CURVE('',#4510,#4517,#4515,.F.) ;
#4525=EDGE_CURVE('',#4517,#4524,#4522,.F.) ;
#4532=EDGE_CURVE('',#4524,#4531,#4529,.F.) ;
#4539=EDGE_CURVE('',#4531,#4538,#4536,.F.) ;
#4546=EDGE_CURVE('',#4538,#4545,#4543,.F.) ;
#4553=EDGE_CURVE('',#4545,#4552,#4550,.F.) ;
#4560=EDGE_CURVE('',#4552,#4559,#4557,.F.) ;
#4567=EDGE_CURVE('',#4559,#4566,#4564,.F.) ;
#4574=EDGE_CURVE('',#4566,#4573,#4571,.F.) ;
#4581=EDGE_CURVE('',#4573,#4580,#4578,.F.) ;
#4588=EDGE_CURVE('',#4580,#4587,#4585,.F.) ;
#4595=EDGE_CURVE('',#4587,#4594,#4592,.F.) ;
#4602=EDGE_CURVE('',#4594,#4601,#4599,.F.) ;
#4609=EDGE_CURVE('',#4601,#4608,#4606,.F.) ;
#4616=EDGE_CURVE('',#4608,#4615,#4613,.F.) ;
#4623=EDGE_CURVE('',#4615,#4622,#4620,.F.) ;
#4630=EDGE_CURVE('',#4622,#4629,#4627,.F.) ;
#4637=EDGE_CURVE('',#4629,#4636,#4634,.F.) ;
#4644=EDGE_CURVE('',#4636,#4643,#4641,.F.) ;
#4651=EDGE_CURVE('',#4643,#4650,#4648,.F.) ;
#4658=EDGE_CURVE('',#4650,#4657,#4655,.F.) ;
#4665=EDGE_CURVE('',#4657,#4664,#4662,.F.) ;
#4672=EDGE_CURVE('',#4664,#4671,#4669,.F.) ;
#4679=EDGE_CURVE('',#4671,#4678,#4676,.F.) ;
#4686=EDGE_CURVE('',#4678,#4685,#4683,.F.) ;
#4693=EDGE_CURVE('',#4685,#4692,#4690,.F.) ;
#4700=EDGE_CURVE('',#4692,#4699,#4697,.F.) ;
#4707=EDGE_CURVE('',#4699,#4706,#4704,.F.) ;
#4714=EDGE_CURVE('',#4706,#4713,#4711,.F.) ;
#4721=EDGE_CURVE('',#4713,#4720,#4718,.F.) ;
#4728=EDGE_CURVE('',#4720,#4727,#4725,.F.) ;
#4735=EDGE_CURVE('',#4727,#4734,#4732,.F.) ;
#4742=EDGE_CURVE('',#4734,#4741,#4739,.F.) ;
#4749=EDGE_CURVE('',#4741,#4748,#4746,.F.) ;
#4756=EDGE_CURVE('',#4748,#4755,#4753,.F.) ;
#4763=EDGE_CURVE('',#4755,#4762,#4760,.F.) ;
#4770=EDGE_CURVE('',#4762,#4769,#4767,.F.) ;
#4777=EDGE_CURVE('',#4769,#4776,#4774,.F.) ;
#4784=EDGE_CURVE('',#4776,#4783,#4781,.F.) ;
#4791=EDGE_CURVE('',#4783,#4790,#4788,.F.) ;
#4798=EDGE_CURVE('',#4790,#4797,#4795,.F.) ;
#4805=EDGE_CURVE('',#4797,#4804,#4802,.F.) ;
#4812=EDGE_CURVE('',#4804,#4811,#4809,.F.) ;
#4819=EDGE_CURVE('',#4811,#4818,#4816,.F.) ;
#4826=EDGE_CURVE('',#4818,#4825,#4823,.F.) ;
#4833=EDGE_CURVE('',#4825,#4832,#4830,.F.) ;
#4840=EDGE_CURVE('',#4832,#4839,#4837,.F.) ;
#4847=EDGE_CURVE('',#4839,#4846,#4844,.F.) ;
#4854=EDGE_CURVE('',#4846,#4853,#4851,.F.) ;
#4861=EDGE_CURVE('',#4853,#4860,#4858,.F.) ;
#4868=EDGE_CURVE('',#4860,#4867,#4865,.F.) ;
#4875=EDGE_CURVE('',#4867,#4874,#4872,.F.) ;
#4882=EDGE_CURVE('',#4874,#4881,#4879,.F.) ;
#4889=EDGE_CURVE('',#4881,#4888,#4886,.F.) ;
#4896=EDGE_CURVE('',#4888,#4895,#4893,.F.) ;
#4903=EDGE_CURVE('',#4895,#4902,#4900,.F.) ;
#4910=EDGE_CURVE('',#4902,#4909,#4907,.F.) ;
#4917=EDGE_CURVE('',#4909,#4916,#4914,.F.) ;
#4924=EDGE_CURVE('',#4916,#4923,#4921,.F.) ;
#4931=EDGE_CURVE('',#4923,#4930,#4928,.F.) ;
#4938=EDGE_CURVE('',#4930,#4937,#4935,.F.) ;
#4943=EDGE_CURVE('',#4937,#3983,#4942,.F.) ;
#5102=EDGE_CURVE('',#3372,#3985,#5101,.T.) ;
#5107=EDGE_CURVE('',#3379,#3983,#5106,.T.) ;
#5131=EDGE_CURVE('',#3365,#3992,#5130,.T.) ;
#5155=EDGE_CURVE('',#3358,#3999,#5154,.T.) ;
#5179=EDGE_CURVE('',#3351,#4006,#5178,.T.) ;
#5203=EDGE_CURVE('',#3344,#4013,#5202,.T.) ;
#5227=EDGE_CURVE('',#3337,#4020,#5226,.T.) ;
#5251=EDGE_CURVE('',#3330,#4027,#5250,.T.) ;
#5275=EDGE_CURVE('',#3323,#4034,#5274,.T.) ;
#5299=EDGE_CURVE('',#3316,#4041,#5298,.T.) ;
#5323=EDGE_CURVE('',#3309,#4048,#5322,.T.) ;
#5347=EDGE_CURVE('',#3302,#4055,#5346,.T.) ;
#5371=EDGE_CURVE('',#3295,#4062,#5370,.T.) ;
#5395=EDGE_CURVE('',#3288,#4069,#5394,.T.) ;
#5419=EDGE_CURVE('',#3281,#4076,#5418,.T.) ;
#5443=EDGE_CURVE('',#3274,#4083,#5442,.T.) ;
#5467=EDGE_CURVE('',#3267,#4090,#5466,.T.) ;
#5491=EDGE_CURVE('',#3260,#4097,#5490,.T.) ;
#5515=EDGE_CURVE('',#3253,#4104,#5514,.T.) ;
#5539=EDGE_CURVE('',#3246,#4111,#5538,.T.) ;
#5563=EDGE_CURVE('',#3239,#4118,#5562,.T.) ;
#5587=EDGE_CURVE('',#3232,#4125,#5586,.T.) ;
#5611=EDGE_CURVE('',#3225,#4132,#5610,.T.) ;
#5635=EDGE_CURVE('',#3218,#4139,#5634,.T.) ;
#5659=EDGE_CURVE('',#3211,#4146,#5658,.T.) ;
#5683=EDGE_CURVE('',#3204,#4153,#5682,.T.) ;
#5702=EDGE_CURVE('',#3197,#4160,#5701,.T.) ;
#5726=EDGE_CURVE('',#3190,#4167,#5725,.T.) ;
#5750=EDGE_CURVE('',#3183,#4174,#5749,.T.) ;
#5774=EDGE_CURVE('',#3176,#4181,#5773,.T.) ;
#5798=EDGE_CURVE('',#3169,#4188,#5797,.T.) ;
#5822=EDGE_CURVE('',#3162,#4195,#5821,.T.) ;
#5846=EDGE_CURVE('',#3155,#4202,#5845,.T.) ;
#5870=EDGE_CURVE('',#3148,#4209,#5869,.T.) ;
#5894=EDGE_CURVE('',#3141,#4216,#5893,.T.) ;
#5918=EDGE_CURVE('',#3134,#4223,#5917,.T.) ;
#5942=EDGE_CURVE('',#3127,#4230,#5941,.T.) ;
#5966=EDGE_CURVE('',#3120,#4237,#5965,.T.) ;
#5990=EDGE_CURVE('',#3113,#4244,#5989,.T.) ;
#6014=EDGE_CURVE('',#3106,#4251,#6013,.T.) ;
#6038=EDGE_CURVE('',#3099,#4258,#6037,.T.) ;
#6062=EDGE_CURVE('',#3092,#4265,#6061,.T.) ;
#6086=EDGE_CURVE('',#3085,#4272,#6085,.T.) ;
#6110=EDGE_CURVE('',#3078,#4279,#6109,.T.) ;
#6134=EDGE_CURVE('',#3071,#4286,#6133,.T.) ;
#6158=EDGE_CURVE('',#3064,#4293,#6157,.T.) ;
#6182=EDGE_CURVE('',#3057,#4300,#6181,.T.) ;
#6206=EDGE_CURVE('',#3050,#4307,#6205,.T.) ;
#6225=EDGE_CURVE('',#3043,#4314,#6224,.T.) ;
#6249=EDGE_CURVE('',#3036,#4321,#6248,.T.) ;
#6273=EDGE_CURVE('',#3029,#4328,#6272,.T.) ;
#6297=EDGE_CURVE('',#3022,#4335,#6296,.T.) ;
#6321=EDGE_CURVE('',#3015,#4342,#6320,.T.) ;
#6345=EDGE_CURVE('',#3008,#4349,#6344,.T.) ;
#6369=EDGE_CURVE('',#3001,#4356,#6368,.T.) ;
#6393=EDGE_CURVE('',#2994,#4363,#6392,.T.) ;
#6417=EDGE_CURVE('',#2987,#4370,#6416,.T.) ;
#6441=EDGE_CURVE('',#2980,#4377,#6440,.T.) ;
#6465=EDGE_CURVE('',#2973,#4384,#6464,.T.) ;
#6489=EDGE_CURVE('',#2966,#4391,#6488,.T.) ;
#6513=EDGE_CURVE('',#2959,#4398,#6512,.T.) ;
#6537=EDGE_CURVE('',#2952,#4405,#6536,.T.) ;
#6561=EDGE_CURVE('',#2945,#4412,#6560,.T.) ;
#6585=EDGE_CURVE('',#2938,#4419,#6584,.T.) ;
#6609=EDGE_CURVE('',#2931,#4426,#6608,.T.) ;
#6633=EDGE_CURVE('',#2924,#4433,#6632,.T.) ;
#6657=EDGE_CURVE('',#2917,#4440,#6656,.T.) ;
#6681=EDGE_CURVE('',#2910,#4447,#6680,.T.) ;
#6705=EDGE_CURVE('',#2903,#4454,#6704,.T.) ;
#6729=EDGE_CURVE('',#2896,#4461,#6728,.T.) ;
#6753=EDGE_CURVE('',#2889,#4468,#6752,.T.) ;
#6777=EDGE_CURVE('',#2882,#4475,#6776,.T.) ;
#6801=EDGE_CURVE('',#2875,#4482,#6800,.T.) ;
#6825=EDGE_CURVE('',#2868,#4489,#6824,.T.) ;
#6849=EDGE_CURVE('',#2861,#4496,#6848,.T.) ;
#6873=EDGE_CURVE('',#2854,#4503,#6872,.T.) ;
#6897=EDGE_CURVE('',#2847,#4510,#6896,.T.) ;
#6921=EDGE_CURVE('',#2840,#4517,#6920,.T.) ;
#6945=EDGE_CURVE('',#2833,#4524,#6944,.T.) ;
#6969=EDGE_CURVE('',#2826,#4531,#6968,.T.) ;
#6993=EDGE_CURVE('',#2819,#4538,#6992,.T.) ;
#7017=EDGE_CURVE('',#2812,#4545,#7016,.T.) ;
#7041=EDGE_CURVE('',#2805,#4552,#7040,.T.) ;
#7065=EDGE_CURVE('',#2798,#4559,#7064,.T.) ;
#7089=EDGE_CURVE('',#2791,#4566,#7088,.T.) ;
#7113=EDGE_CURVE('',#2784,#4573,#7112,.T.) ;
#7137=EDGE_CURVE('',#2777,#4580,#7136,.T.) ;
#7161=EDGE_CURVE('',#2770,#4587,#7160,.T.) ;
#7185=EDGE_CURVE('',#2763,#4594,#7184,.T.) ;
#7209=EDGE_CURVE('',#2756,#4601,#7208,.T.) ;
#7233=EDGE_CURVE('',#2749,#4608,#7232,.T.) ;
#7257=EDGE_CURVE('',#2742,#4615,#7256,.T.) ;
#7281=EDGE_CURVE('',#2735,#4622,#7280,.T.) ;
#7305=EDGE_CURVE('',#2728,#4629,#7304,.T.) ;
#7329=EDGE_CURVE('',#2721,#4636,#7328,.T.) ;
#7348=EDGE_CURVE('',#2714,#4643,#7347,.T.) ;
#7367=EDGE_CURVE('',#2707,#4650,#7366,.T.) ;
#7391=EDGE_CURVE('',#2700,#4657,#7390,.T.) ;
#7415=EDGE_CURVE('',#2693,#4664,#7414,.T.) ;
#7439=EDGE_CURVE('',#2686,#4671,#7438,.T.) ;
#7463=EDGE_CURVE('',#2679,#4678,#7462,.T.) ;
#7487=EDGE_CURVE('',#2672,#4685,#7486,.T.) ;
#7511=EDGE_CURVE('',#2665,#4692,#7510,.T.) ;
#7535=EDGE_CURVE('',#2658,#4699,#7534,.T.) ;
#7559=EDGE_CURVE('',#2651,#4706,#7558,.T.) ;
#7583=EDGE_CURVE('',#2644,#4713,#7582,.T.) ;
#7607=EDGE_CURVE('',#2637,#4720,#7606,.T.) ;
#7631=EDGE_CURVE('',#2630,#4727,#7630,.T.) ;
#7655=EDGE_CURVE('',#2623,#4734,#7654,.T.) ;
#7679=EDGE_CURVE('',#2616,#4741,#7678,.T.) ;
#7703=EDGE_CURVE('',#2609,#4748,#7702,.T.) ;
#7727=EDGE_CURVE('',#2602,#4755,#7726,.T.) ;
#7751=EDGE_CURVE('',#2595,#4762,#7750,.T.) ;
#7775=EDGE_CURVE('',#2588,#4769,#7774,.T.) ;
#7799=EDGE_CURVE('',#2581,#4776,#7798,.T.) ;
#7823=EDGE_CURVE('',#2574,#4783,#7822,.T.) ;
#7847=EDGE_CURVE('',#2567,#4790,#7846,.T.) ;
#7871=EDGE_CURVE('',#2560,#4797,#7870,.T.) ;
#7895=EDGE_CURVE('',#2553,#4804,#7894,.T.) ;
#7919=EDGE_CURVE('',#2546,#4811,#7918,.T.) ;
#7943=EDGE_CURVE('',#2539,#4818,#7942,.T.) ;
#7967=EDGE_CURVE('',#2532,#4825,#7966,.T.) ;
#7991=EDGE_CURVE('',#2525,#4832,#7990,.T.) ;
#8015=EDGE_CURVE('',#2518,#4839,#8014,.T.) ;
#8039=EDGE_CURVE('',#2511,#4846,#8038,.T.) ;
#8063=EDGE_CURVE('',#2504,#4853,#8062,.T.) ;
#8087=EDGE_CURVE('',#2497,#4860,#8086,.T.) ;
#8111=EDGE_CURVE('',#2490,#4867,#8110,.T.) ;
#8135=EDGE_CURVE('',#2483,#4874,#8134,.T.) ;
#8159=EDGE_CURVE('',#2476,#4881,#8158,.T.) ;
#8183=EDGE_CURVE('',#2469,#4888,#8182,.T.) ;
#8207=EDGE_CURVE('',#2462,#4895,#8206,.T.) ;
#8231=EDGE_CURVE('',#2455,#4902,#8230,.T.) ;
#8255=EDGE_CURVE('',#2448,#4909,#8254,.T.) ;
#8279=EDGE_CURVE('',#2441,#4916,#8278,.T.) ;
#8303=EDGE_CURVE('',#2434,#4923,#8302,.T.) ;
#8327=EDGE_CURVE('',#2427,#4930,#8326,.T.) ;
#8351=EDGE_CURVE('',#2425,#4937,#8350,.T.) ;
#8393=EDGE_CURVE('',#8390,#8392,#8388,.F.) ;
#8400=EDGE_CURVE('',#8392,#8399,#8397,.F.) ;
#8407=EDGE_CURVE('',#8399,#8406,#8404,.F.) ;
#8414=EDGE_CURVE('',#8406,#8413,#8411,.F.) ;
#8421=EDGE_CURVE('',#8413,#8420,#8418,.F.) ;
#8428=EDGE_CURVE('',#8420,#8427,#8425,.F.) ;
#8435=EDGE_CURVE('',#8427,#8434,#8432,.F.) ;
#8442=EDGE_CURVE('',#8434,#8441,#8439,.F.) ;
#8449=EDGE_CURVE('',#8441,#8448,#8446,.F.) ;
#8456=EDGE_CURVE('',#8448,#8455,#8453,.F.) ;
#8463=EDGE_CURVE('',#8455,#8462,#8460,.F.) ;
#8470=EDGE_CURVE('',#8462,#8469,#8467,.F.) ;
#8477=EDGE_CURVE('',#8469,#8476,#8474,.F.) ;
#8484=EDGE_CURVE('',#8476,#8483,#8481,.F.) ;
#8491=EDGE_CURVE('',#8483,#8490,#8488,.F.) ;
#8498=EDGE_CURVE('',#8490,#8497,#8495,.F.) ;
#8505=EDGE_CURVE('',#8497,#8504,#8502,.F.) ;
#8512=EDGE_CURVE('',#8504,#8511,#8509,.F.) ;
#8519=EDGE_CURVE('',#8511,#8518,#8516,.F.) ;
#8526=EDGE_CURVE('',#8518,#8525,#8523,.F.) ;
#8533=EDGE_CURVE('',#8525,#8532,#8530,.F.) ;
#8540=EDGE_CURVE('',#8532,#8539,#8537,.F.) ;
#8547=EDGE_CURVE('',#8539,#8546,#8544,.F.) ;
#8554=EDGE_CURVE('',#8546,#8553,#8551,.F.) ;
#8561=EDGE_CURVE('',#8553,#8560,#8558,.F.) ;
#8568=EDGE_CURVE('',#8560,#8567,#8565,.F.) ;
#8575=EDGE_CURVE('',#8567,#8574,#8572,.F.) ;
#8582=EDGE_CURVE('',#8574,#8581,#8579,.F.) ;
#8589=EDGE_CURVE('',#8581,#8588,#8586,.F.) ;
#8596=EDGE_CURVE('',#8588,#8595,#8593,.F.) ;
#8603=EDGE_CURVE('',#8595,#8602,#8600,.F.) ;
#8610=EDGE_CURVE('',#8602,#8609,#8607,.F.) ;
#8617=EDGE_CURVE('',#8609,#8616,#8614,.F.) ;
#8624=EDGE_CURVE('',#8616,#8623,#8621,.F.) ;
#8631=EDGE_CURVE('',#8623,#8630,#8628,.F.) ;
#8638=EDGE_CURVE('',#8630,#8637,#8635,.F.) ;
#8645=EDGE_CURVE('',#8637,#8644,#8642,.F.) ;
#8652=EDGE_CURVE('',#8644,#8651,#8649,.F.) ;
#8659=EDGE_CURVE('',#8651,#8658,#8656,.F.) ;
#8666=EDGE_CURVE('',#8658,#8665,#8663,.F.) ;
#8673=EDGE_CURVE('',#8665,#8672,#8670,.F.) ;
#8680=EDGE_CURVE('',#8672,#8679,#8677,.F.) ;
#8687=EDGE_CURVE('',#8679,#8686,#8684,.F.) ;
#8694=EDGE_CURVE('',#8686,#8693,#8691,.F.) ;
#8701=EDGE_CURVE('',#8693,#8700,#8698,.F.) ;
#8708=EDGE_CURVE('',#8700,#8707,#8705,.F.) ;
#8715=EDGE_CURVE('',#8707,#8714,#8712,.F.) ;
#8722=EDGE_CURVE('',#8714,#8721,#8719,.F.) ;
#8729=EDGE_CURVE('',#8721,#8728,#8726,.F.) ;
#8736=EDGE_CURVE('',#8728,#8735,#8733,.F.) ;
#8743=EDGE_CURVE('',#8735,#8742,#8740,.F.) ;
#8750=EDGE_CURVE('',#8742,#8749,#8747,.F.) ;
#8757=EDGE_CURVE('',#8749,#8756,#8754,.F.) ;
#8764=EDGE_CURVE('',#8756,#8763,#8761,.F.) ;
#8771=EDGE_CURVE('',#8763,#8770,#8768,.F.) ;
#8778=EDGE_CURVE('',#8770,#8777,#8775,.F.) ;
#8785=EDGE_CURVE('',#8777,#8784,#8782,.F.) ;
#8792=EDGE_CURVE('',#8784,#8791,#8789,.F.) ;
#8799=EDGE_CURVE('',#8791,#8798,#8796,.F.) ;
#8806=EDGE_CURVE('',#8798,#8805,#8803,.F.) ;
#8813=EDGE_CURVE('',#8805,#8812,#8810,.F.) ;
#8820=EDGE_CURVE('',#8812,#8819,#8817,.F.) ;
#8827=EDGE_CURVE('',#8819,#8826,#8824,.F.) ;
#8834=EDGE_CURVE('',#8826,#8833,#8831,.F.) ;
#8841=EDGE_CURVE('',#8833,#8840,#8838,.F.) ;
#8848=EDGE_CURVE('',#8840,#8847,#8845,.F.) ;
#8855=EDGE_CURVE('',#8847,#8854,#8852,.F.) ;
#8862=EDGE_CURVE('',#8854,#8861,#8859,.F.) ;
#8869=EDGE_CURVE('',#8861,#8868,#8866,.F.) ;
#8876=EDGE_CURVE('',#8868,#8875,#8873,.F.) ;
#8883=EDGE_CURVE('',#8875,#8882,#8880,.F.) ;
#8890=EDGE_CURVE('',#8882,#8889,#8887,.F.) ;
#8897=EDGE_CURVE('',#8889,#8896,#8894,.F.) ;
#8904=EDGE_CURVE('',#8896,#8903,#8901,.F.) ;
#8911=EDGE_CURVE('',#8903,#8910,#8908,.F.) ;
#8918=EDGE_CURVE('',#8910,#8917,#8915,.F.) ;
#8925=EDGE_CURVE('',#8917,#8924,#8922,.F.) ;
#8932=EDGE_CURVE('',#8924,#8931,#8929,.F.) ;
#8939=EDGE_CURVE('',#8931,#8938,#8936,.F.) ;
#8946=EDGE_CURVE('',#8938,#8945,#8943,.F.) ;
#8953=EDGE_CURVE('',#8945,#8952,#8950,.F.) ;
#8960=EDGE_CURVE('',#8952,#8959,#8957,.F.) ;
#8967=EDGE_CURVE('',#8959,#8966,#8964,.F.) ;
#8974=EDGE_CURVE('',#8966,#8973,#8971,.F.) ;
#8981=EDGE_CURVE('',#8973,#8980,#8978,.F.) ;
#8988=EDGE_CURVE('',#8980,#8987,#8985,.F.) ;
#8995=EDGE_CURVE('',#8987,#8994,#8992,.F.) ;
#9002=EDGE_CURVE('',#8994,#9001,#8999,.F.) ;
#9009=EDGE_CURVE('',#9001,#9008,#9006,.F.) ;
#9016=EDGE_CURVE('',#9008,#9015,#9013,.F.) ;
#9023=EDGE_CURVE('',#9015,#9022,#9020,.F.) ;
#9030=EDGE_CURVE('',#9022,#9029,#9027,.F.) ;
#9037=EDGE_CURVE('',#9029,#9036,#9034,.F.) ;
#9044=EDGE_CURVE('',#9036,#9043,#9041,.F.) ;
#9051=EDGE_CURVE('',#9043,#9050,#9048,.F.) ;
#9058=EDGE_CURVE('',#9050,#9057,#9055,.F.) ;
#9065=EDGE_CURVE('',#9057,#9064,#9062,.F.) ;
#9072=EDGE_CURVE('',#9064,#9071,#9069,.F.) ;
#9079=EDGE_CURVE('',#9071,#9078,#9076,.F.) ;
#9086=EDGE_CURVE('',#9078,#9085,#9083,.F.) ;
#9093=EDGE_CURVE('',#9085,#9092,#9090,.F.) ;
#9100=EDGE_CURVE('',#9092,#9099,#9097,.F.) ;
#9107=EDGE_CURVE('',#9099,#9106,#9104,.F.) ;
#9114=EDGE_CURVE('',#9106,#9113,#9111,.F.) ;
#9121=EDGE_CURVE('',#9113,#9120,#9118,.F.) ;
#9128=EDGE_CURVE('',#9120,#9127,#9125,.F.) ;
#9135=EDGE_CURVE('',#9127,#9134,#9132,.F.) ;
#9142=EDGE_CURVE('',#9134,#9141,#9139,.F.) ;
#9149=EDGE_CURVE('',#9141,#9148,#9146,.F.) ;
#9156=EDGE_CURVE('',#9148,#9155,#9153,.F.) ;
#9163=EDGE_CURVE('',#9155,#9162,#9160,.F.) ;
#9170=EDGE_CURVE('',#9162,#9169,#9167,.F.) ;
#9177=EDGE_CURVE('',#9169,#9176,#9174,.F.) ;
#9184=EDGE_CURVE('',#9176,#9183,#9181,.F.) ;
#9191=EDGE_CURVE('',#9183,#9190,#9188,.F.) ;
#9198=EDGE_CURVE('',#9190,#9197,#9195,.F.) ;
#9205=EDGE_CURVE('',#9197,#9204,#9202,.F.) ;
#9210=EDGE_CURVE('',#9204,#8390,#9209,.F.) ;
#9348=EDGE_CURVE('',#1834,#8392,#9347,.T.) ;
#9353=EDGE_CURVE('',#1841,#8390,#9352,.T.) ;
#9377=EDGE_CURVE('',#1827,#8399,#9376,.T.) ;
#9401=EDGE_CURVE('',#1820,#8406,#9400,.T.) ;
#9425=EDGE_CURVE('',#1813,#8413,#9424,.T.) ;
#9449=EDGE_CURVE('',#1806,#8420,#9448,.T.) ;
#9473=EDGE_CURVE('',#1799,#8427,#9472,.T.) ;
#9497=EDGE_CURVE('',#1792,#8434,#9496,.T.) ;
#9521=EDGE_CURVE('',#1785,#8441,#9520,.T.) ;
#9545=EDGE_CURVE('',#1778,#8448,#9544,.T.) ;
#9569=EDGE_CURVE('',#1771,#8455,#9568,.T.) ;
#9593=EDGE_CURVE('',#1764,#8462,#9592,.T.) ;
#9617=EDGE_CURVE('',#1757,#8469,#9616,.T.) ;
#9641=EDGE_CURVE('',#1750,#8476,#9640,.T.) ;
#9665=EDGE_CURVE('',#1743,#8483,#9664,.T.) ;
#9689=EDGE_CURVE('',#1736,#8490,#9688,.T.) ;
#9713=EDGE_CURVE('',#1729,#8497,#9712,.T.) ;
#9737=EDGE_CURVE('',#1722,#8504,#9736,.T.) ;
#9761=EDGE_CURVE('',#1715,#8511,#9760,.T.) ;
#9785=EDGE_CURVE('',#1708,#8518,#9784,.T.) ;
#9809=EDGE_CURVE('',#1701,#8525,#9808,.T.) ;
#9833=EDGE_CURVE('',#1694,#8532,#9832,.T.) ;
#9857=EDGE_CURVE('',#1687,#8539,#9856,.T.) ;
#9881=EDGE_CURVE('',#1680,#8546,#9880,.T.) ;
#9905=EDGE_CURVE('',#1673,#8553,#9904,.T.) ;
#9929=EDGE_CURVE('',#1666,#8560,#9928,.T.) ;
#9953=EDGE_CURVE('',#1659,#8567,#9952,.T.) ;
#9977=EDGE_CURVE('',#1652,#8574,#9976,.T.) ;
#10001=EDGE_CURVE('',#1645,#8581,#10000,.T.) ;
#10025=EDGE_CURVE('',#1638,#8588,#10024,.T.) ;
#10049=EDGE_CURVE('',#1631,#8595,#10048,.T.) ;
#10073=EDGE_CURVE('',#1624,#8602,#10072,.T.) ;
#10097=EDGE_CURVE('',#1617,#8609,#10096,.T.) ;
#10121=EDGE_CURVE('',#1610,#8616,#10120,.T.) ;
#10145=EDGE_CURVE('',#1603,#8623,#10144,.T.) ;
#10169=EDGE_CURVE('',#1596,#8630,#10168,.T.) ;
#10193=EDGE_CURVE('',#1589,#8637,#10192,.T.) ;
#10217=EDGE_CURVE('',#1582,#8644,#10216,.T.) ;
#10241=EDGE_CURVE('',#1575,#8651,#10240,.T.) ;
#10265=EDGE_CURVE('',#1568,#8658,#10264,.T.) ;
#10289=EDGE_CURVE('',#1561,#8665,#10288,.T.) ;
#10313=EDGE_CURVE('',#1554,#8672,#10312,.T.) ;
#10337=EDGE_CURVE('',#1547,#8679,#10336,.T.) ;
#10361=EDGE_CURVE('',#1540,#8686,#10360,.T.) ;
#10385=EDGE_CURVE('',#1533,#8693,#10384,.T.) ;
#10409=EDGE_CURVE('',#1526,#8700,#10408,.T.) ;
#10433=EDGE_CURVE('',#1519,#8707,#10432,.T.) ;
#10457=EDGE_CURVE('',#1512,#8714,#10456,.T.) ;
#10481=EDGE_CURVE('',#1505,#8721,#10480,.T.) ;
#10505=EDGE_CURVE('',#1498,#8728,#10504,.T.) ;
#10529=EDGE_CURVE('',#1491,#8735,#10528,.T.) ;
#10553=EDGE_CURVE('',#1484,#8742,#10552,.T.) ;
#10577=EDGE_CURVE('',#1477,#8749,#10576,.T.) ;
#10601=EDGE_CURVE('',#1470,#8756,#10600,.T.) ;
#10625=EDGE_CURVE('',#1463,#8763,#10624,.T.) ;
#10649=EDGE_CURVE('',#1456,#8770,#10648,.T.) ;
#10673=EDGE_CURVE('',#1449,#8777,#10672,.T.) ;
#10697=EDGE_CURVE('',#1442,#8784,#10696,.T.) ;
#10721=EDGE_CURVE('',#1435,#8791,#10720,.T.) ;
#10745=EDGE_CURVE('',#1428,#8798,#10744,.T.) ;
#10769=EDGE_CURVE('',#1421,#8805,#10768,.T.) ;
#10793=EDGE_CURVE('',#1414,#8812,#10792,.T.) ;
#10817=EDGE_CURVE('',#1407,#8819,#10816,.T.) ;
#10841=EDGE_CURVE('',#1400,#8826,#10840,.T.) ;
#10865=EDGE_CURVE('',#1393,#8833,#10864,.T.) ;
#10889=EDGE_CURVE('',#1386,#8840,#10888,.T.) ;
#10913=EDGE_CURVE('',#1379,#8847,#10912,.T.) ;
#10937=EDGE_CURVE('',#1372,#8854,#10936,.T.) ;
#10961=EDGE_CURVE('',#1365,#8861,#10960,.T.) ;
#10985=EDGE_CURVE('',#1358,#8868,#10984,.T.) ;
#11009=EDGE_CURVE('',#1351,#8875,#11008,.T.) ;
#11033=EDGE_CURVE('',#1344,#8882,#11032,.T.) ;
#11057=EDGE_CURVE('',#1337,#8889,#11056,.T.) ;
#11081=EDGE_CURVE('',#1330,#8896,#11080,.T.) ;
#11105=EDGE_CURVE('',#1323,#8903,#11104,.T.) ;
#11129=EDGE_CURVE('',#1316,#8910,#11128,.T.) ;
#11153=EDGE_CURVE('',#1309,#8917,#11152,.T.) ;
#11177=EDGE_CURVE('',#1302,#8924,#11176,.T.) ;
#11201=EDGE_CURVE('',#1295,#8931,#11200,.T.) ;
#11225=EDGE_CURVE('',#1288,#8938,#11224,.T.) ;
#11249=EDGE_CURVE('',#1281,#8945,#11248,.T.) ;
#11273=EDGE_CURVE('',#1274,#8952,#11272,.T.) ;
#11297=EDGE_CURVE('',#1267,#8959,#11296,.T.) ;
#11321=EDGE_CURVE('',#1260,#8966,#11320,.T.) ;
#11345=EDGE_CURVE('',#1253,#8973,#11344,.T.) ;
#11369=EDGE_CURVE('',#1246,#8980,#11368,.T.) ;
#11393=EDGE_CURVE('',#1239,#8987,#11392,.T.) ;
#11417=EDGE_CURVE('',#1232,#8994,#11416,.T.) ;
#11441=EDGE_CURVE('',#1225,#9001,#11440,.T.) ;
#11465=EDGE_CURVE('',#1218,#9008,#11464,.T.) ;
#11489=EDGE_CURVE('',#1211,#9015,#11488,.T.) ;
#11513=EDGE_CURVE('',#1204,#9022,#11512,.T.) ;
#11537=EDGE_CURVE('',#1197,#9029,#11536,.T.) ;
#11561=EDGE_CURVE('',#1190,#9036,#11560,.T.) ;
#11585=EDGE_CURVE('',#1183,#9043,#11584,.T.) ;
#11609=EDGE_CURVE('',#1176,#9050,#11608,.T.) ;
#11633=EDGE_CURVE('',#1169,#9057,#11632,.T.) ;
#11657=EDGE_CURVE('',#1162,#9064,#11656,.T.) ;
#11681=EDGE_CURVE('',#1155,#9071,#11680,.T.) ;
#11705=EDGE_CURVE('',#1148,#9078,#11704,.T.) ;
#11729=EDGE_CURVE('',#1141,#9085,#11728,.T.) ;
#11753=EDGE_CURVE('',#1134,#9092,#11752,.T.) ;
#11777=EDGE_CURVE('',#1127,#9099,#11776,.T.) ;
#11801=EDGE_CURVE('',#1120,#9106,#11800,.T.) ;
#11825=EDGE_CURVE('',#1113,#9113,#11824,.T.) ;
#11849=EDGE_CURVE('',#1106,#9120,#11848,.T.) ;
#11873=EDGE_CURVE('',#1099,#9127,#11872,.T.) ;
#11897=EDGE_CURVE('',#1092,#9134,#11896,.T.) ;
#11921=EDGE_CURVE('',#1085,#9141,#11920,.T.) ;
#11945=EDGE_CURVE('',#1078,#9148,#11944,.T.) ;
#11969=EDGE_CURVE('',#1071,#9155,#11968,.T.) ;
#11993=EDGE_CURVE('',#1064,#9162,#11992,.T.) ;
#12017=EDGE_CURVE('',#1057,#9169,#12016,.T.) ;
#12041=EDGE_CURVE('',#1050,#9176,#12040,.T.) ;
#12065=EDGE_CURVE('',#1043,#9183,#12064,.T.) ;
#12089=EDGE_CURVE('',#1036,#9190,#12088,.T.) ;
#12113=EDGE_CURVE('',#1029,#9197,#12112,.T.) ;
#12137=EDGE_CURVE('',#1027,#9204,#12136,.T.) ;
#12179=EDGE_CURVE('',#12176,#12178,#12174,.F.) ;
#12186=EDGE_CURVE('',#12178,#12185,#12183,.F.) ;
#12193=EDGE_CURVE('',#12185,#12192,#12190,.F.) ;
#12198=EDGE_CURVE('',#12192,#12176,#12197,.F.) ;
#12222=EDGE_CURVE('',#3718,#12178,#12221,.T.) ;
#12227=EDGE_CURVE('',#3725,#12176,#12226,.T.) ;
#12251=EDGE_CURVE('',#3711,#12185,#12250,.T.) ;
#12275=EDGE_CURVE('',#3709,#12192,#12274,.T.) ;
#12317=EDGE_CURVE('',#12314,#12316,#12312,.F.) ;
#12324=EDGE_CURVE('',#12316,#12323,#12321,.F.) ;
#12331=EDGE_CURVE('',#12323,#12330,#12328,.F.) ;
#12338=EDGE_CURVE('',#12330,#12337,#12335,.F.) ;
#12345=EDGE_CURVE('',#12337,#12344,#12342,.F.) ;
#12352=EDGE_CURVE('',#12344,#12351,#12349,.F.) ;
#12359=EDGE_CURVE('',#12351,#12358,#12356,.F.) ;
#12366=EDGE_CURVE('',#12358,#12365,#12363,.F.) ;
#12373=EDGE_CURVE('',#12365,#12372,#12370,.F.) ;
#12380=EDGE_CURVE('',#12372,#12379,#12377,.F.) ;
#12387=EDGE_CURVE('',#12379,#12386,#12384,.F.) ;
#12394=EDGE_CURVE('',#12386,#12393,#12391,.F.) ;
#12401=EDGE_CURVE('',#12393,#12400,#12398,.F.) ;
#12408=EDGE_CURVE('',#12400,#12407,#12405,.F.) ;
#12415=EDGE_CURVE('',#12407,#12414,#12412,.F.) ;
#12422=EDGE_CURVE('',#12414,#12421,#12419,.F.) ;
#12429=EDGE_CURVE('',#12421,#12428,#12426,.F.) ;
#12436=EDGE_CURVE('',#12428,#12435,#12433,.F.) ;
#12443=EDGE_CURVE('',#12435,#12442,#12440,.F.) ;
#12450=EDGE_CURVE('',#12442,#12449,#12447,.F.) ;
#12457=EDGE_CURVE('',#12449,#12456,#12454,.F.) ;
#12462=EDGE_CURVE('',#12456,#12314,#12461,.F.) ;
#12504=EDGE_CURVE('',#2108,#12316,#12503,.T.) ;
#12509=EDGE_CURVE('',#2115,#12314,#12508,.T.) ;
#12533=EDGE_CURVE('',#2101,#12323,#12532,.T.) ;
#12557=EDGE_CURVE('',#2094,#12330,#12556,.T.) ;
#12581=EDGE_CURVE('',#2087,#12337,#12580,.T.) ;
#12605=EDGE_CURVE('',#2080,#12344,#12604,.T.) ;
#12629=EDGE_CURVE('',#2073,#12351,#12628,.T.) ;
#12653=EDGE_CURVE('',#2066,#12358,#12652,.T.) ;
#12677=EDGE_CURVE('',#2059,#12365,#12676,.T.) ;
#12701=EDGE_CURVE('',#2052,#12372,#12700,.T.) ;
#12725=EDGE_CURVE('',#2045,#12379,#12724,.T.) ;
#12749=EDGE_CURVE('',#2038,#12386,#12748,.T.) ;
#12773=EDGE_CURVE('',#2031,#12393,#12772,.T.) ;
#12797=EDGE_CURVE('',#2024,#12400,#12796,.T.) ;
#12821=EDGE_CURVE('',#2017,#12407,#12820,.T.) ;
#12845=EDGE_CURVE('',#2010,#12414,#12844,.T.) ;
#12869=EDGE_CURVE('',#2003,#12421,#12868,.T.) ;
#12893=EDGE_CURVE('',#1996,#12428,#12892,.T.) ;
#12917=EDGE_CURVE('',#1989,#12435,#12916,.T.) ;
#12941=EDGE_CURVE('',#1982,#12442,#12940,.T.) ;
#12965=EDGE_CURVE('',#1975,#12449,#12964,.T.) ;
#12989=EDGE_CURVE('',#1973,#12456,#12988,.T.) ;
#13031=EDGE_CURVE('',#13028,#13030,#13026,.F.) ;
#13038=EDGE_CURVE('',#13030,#13037,#13035,.F.) ;
#13045=EDGE_CURVE('',#13037,#13044,#13042,.F.) ;
#13052=EDGE_CURVE('',#13044,#13051,#13049,.F.) ;
#13059=EDGE_CURVE('',#13051,#13058,#13056,.F.) ;
#13066=EDGE_CURVE('',#13058,#13065,#13063,.F.) ;
#13073=EDGE_CURVE('',#13065,#13072,#13070,.F.) ;
#13080=EDGE_CURVE('',#13072,#13079,#13077,.F.) ;
#13087=EDGE_CURVE('',#13079,#13086,#13084,.F.) ;
#13094=EDGE_CURVE('',#13086,#13093,#13091,.F.) ;
#13101=EDGE_CURVE('',#13093,#13100,#13098,.F.) ;
#13108=EDGE_CURVE('',#13100,#13107,#13105,.F.) ;
#13115=EDGE_CURVE('',#13107,#13114,#13112,.F.) ;
#13122=EDGE_CURVE('',#13114,#13121,#13119,.F.) ;
#13129=EDGE_CURVE('',#13121,#13128,#13126,.F.) ;
#13136=EDGE_CURVE('',#13128,#13135,#13133,.F.) ;
#13143=EDGE_CURVE('',#13135,#13142,#13140,.F.) ;
#13150=EDGE_CURVE('',#13142,#13149,#13147,.F.) ;
#13157=EDGE_CURVE('',#13149,#13156,#13154,.F.) ;
#13164=EDGE_CURVE('',#13156,#13163,#13161,.F.) ;
#13171=EDGE_CURVE('',#13163,#13170,#13168,.F.) ;
#13176=EDGE_CURVE('',#13170,#13028,#13175,.F.) ;
#13218=EDGE_CURVE('',#3666,#13030,#13217,.T.) ;
#13223=EDGE_CURVE('',#3673,#13028,#13222,.T.) ;
#13247=EDGE_CURVE('',#3659,#13037,#13246,.T.) ;
#13271=EDGE_CURVE('',#3652,#13044,#13270,.T.) ;
#13295=EDGE_CURVE('',#3645,#13051,#13294,.T.) ;
#13319=EDGE_CURVE('',#3638,#13058,#13318,.T.) ;
#13343=EDGE_CURVE('',#3631,#13065,#13342,.T.) ;
#13367=EDGE_CURVE('',#3624,#13072,#13366,.T.) ;
#13391=EDGE_CURVE('',#3617,#13079,#13390,.T.) ;
#13415=EDGE_CURVE('',#3610,#13086,#13414,.T.) ;
#13439=EDGE_CURVE('',#3603,#13093,#13438,.T.) ;
#13463=EDGE_CURVE('',#3596,#13100,#13462,.T.) ;
#13487=EDGE_CURVE('',#3589,#13107,#13486,.T.) ;
#13511=EDGE_CURVE('',#3582,#13114,#13510,.T.) ;
#13535=EDGE_CURVE('',#3575,#13121,#13534,.T.) ;
#13559=EDGE_CURVE('',#3568,#13128,#13558,.T.) ;
#13583=EDGE_CURVE('',#3561,#13135,#13582,.T.) ;
#13607=EDGE_CURVE('',#3554,#13142,#13606,.T.) ;
#13631=EDGE_CURVE('',#3547,#13149,#13630,.T.) ;
#13655=EDGE_CURVE('',#3540,#13156,#13654,.T.) ;
#13679=EDGE_CURVE('',#3533,#13163,#13678,.T.) ;
#13703=EDGE_CURVE('',#3531,#13170,#13702,.T.) ;
#13745=EDGE_CURVE('',#13742,#13744,#13740,.F.) ;
#13752=EDGE_CURVE('',#13744,#13751,#13749,.F.) ;
#13759=EDGE_CURVE('',#13751,#13758,#13756,.F.) ;
#13766=EDGE_CURVE('',#13758,#13765,#13763,.F.) ;
#13773=EDGE_CURVE('',#13765,#13772,#13770,.F.) ;
#13780=EDGE_CURVE('',#13772,#13779,#13777,.F.) ;
#13787=EDGE_CURVE('',#13779,#13786,#13784,.F.) ;
#13794=EDGE_CURVE('',#13786,#13793,#13791,.F.) ;
#13801=EDGE_CURVE('',#13793,#13800,#13798,.F.) ;
#13808=EDGE_CURVE('',#13800,#13807,#13805,.F.) ;
#13815=EDGE_CURVE('',#13807,#13814,#13812,.F.) ;
#13822=EDGE_CURVE('',#13814,#13821,#13819,.F.) ;
#13829=EDGE_CURVE('',#13821,#13828,#13826,.F.) ;
#13836=EDGE_CURVE('',#13828,#13835,#13833,.F.) ;
#13843=EDGE_CURVE('',#13835,#13842,#13840,.F.) ;
#13850=EDGE_CURVE('',#13842,#13849,#13847,.F.) ;
#13857=EDGE_CURVE('',#13849,#13856,#13854,.F.) ;
#13864=EDGE_CURVE('',#13856,#13863,#13861,.F.) ;
#13871=EDGE_CURVE('',#13863,#13870,#13868,.F.) ;
#13878=EDGE_CURVE('',#13870,#13877,#13875,.F.) ;
#13885=EDGE_CURVE('',#13877,#13884,#13882,.F.) ;
#13892=EDGE_CURVE('',#13884,#13891,#13889,.F.) ;
#13899=EDGE_CURVE('',#13891,#13898,#13896,.F.) ;
#13906=EDGE_CURVE('',#13898,#13905,#13903,.F.) ;
#13913=EDGE_CURVE('',#13905,#13912,#13910,.F.) ;
#13920=EDGE_CURVE('',#13912,#13919,#13917,.F.) ;
#13927=EDGE_CURVE('',#13919,#13926,#13924,.F.) ;
#13934=EDGE_CURVE('',#13926,#13933,#13931,.F.) ;
#13941=EDGE_CURVE('',#13933,#13940,#13938,.F.) ;
#13948=EDGE_CURVE('',#13940,#13947,#13945,.F.) ;
#13955=EDGE_CURVE('',#13947,#13954,#13952,.F.) ;
#13962=EDGE_CURVE('',#13954,#13961,#13959,.F.) ;
#13969=EDGE_CURVE('',#13961,#13968,#13966,.F.) ;
#13974=EDGE_CURVE('',#13968,#13742,#13973,.F.) ;
#14028=EDGE_CURVE('',#2370,#13744,#14027,.T.) ;
#14033=EDGE_CURVE('',#2377,#13742,#14032,.T.) ;
#14057=EDGE_CURVE('',#2363,#13751,#14056,.T.) ;
#14081=EDGE_CURVE('',#2356,#13758,#14080,.T.) ;
#14105=EDGE_CURVE('',#2349,#13765,#14104,.T.) ;
#14129=EDGE_CURVE('',#2342,#13772,#14128,.T.) ;
#14153=EDGE_CURVE('',#2335,#13779,#14152,.T.) ;
#14177=EDGE_CURVE('',#2328,#13786,#14176,.T.) ;
#14201=EDGE_CURVE('',#2321,#13793,#14200,.T.) ;
#14225=EDGE_CURVE('',#2314,#13800,#14224,.T.) ;
#14249=EDGE_CURVE('',#2307,#13807,#14248,.T.) ;
#14273=EDGE_CURVE('',#2300,#13814,#14272,.T.) ;
#14297=EDGE_CURVE('',#2293,#13821,#14296,.T.) ;
#14321=EDGE_CURVE('',#2286,#13828,#14320,.T.) ;
#14345=EDGE_CURVE('',#2279,#13835,#14344,.T.) ;
#14369=EDGE_CURVE('',#2272,#13842,#14368,.T.) ;
#14393=EDGE_CURVE('',#2265,#13849,#14392,.T.) ;
#14417=EDGE_CURVE('',#2258,#13856,#14416,.T.) ;
#14441=EDGE_CURVE('',#2251,#13863,#14440,.T.) ;
#14465=EDGE_CURVE('',#2244,#13870,#14464,.T.) ;
#14489=EDGE_CURVE('',#2237,#13877,#14488,.T.) ;
#14513=EDGE_CURVE('',#2230,#13884,#14512,.T.) ;
#14537=EDGE_CURVE('',#2223,#13891,#14536,.T.) ;
#14561=EDGE_CURVE('',#2216,#13898,#14560,.T.) ;
#14585=EDGE_CURVE('',#2209,#13905,#14584,.T.) ;
#14609=EDGE_CURVE('',#2202,#13912,#14608,.T.) ;
#14633=EDGE_CURVE('',#2195,#13919,#14632,.T.) ;
#14657=EDGE_CURVE('',#2188,#13926,#14656,.T.) ;
#14681=EDGE_CURVE('',#2181,#13933,#14680,.T.) ;
#14705=EDGE_CURVE('',#2174,#13940,#14704,.T.) ;
#14729=EDGE_CURVE('',#2167,#13947,#14728,.T.) ;
#14753=EDGE_CURVE('',#2160,#13954,#14752,.T.) ;
#14777=EDGE_CURVE('',#2153,#13961,#14776,.T.) ;
#14801=EDGE_CURVE('',#2151,#13968,#14800,.T.) ;
#14843=EDGE_CURVE('',#14840,#14842,#14838,.F.) ;
#14850=EDGE_CURVE('',#14842,#14849,#14847,.F.) ;
#14857=EDGE_CURVE('',#14849,#14856,#14854,.F.) ;
#14864=EDGE_CURVE('',#14856,#14863,#14861,.F.) ;
#14871=EDGE_CURVE('',#14863,#14870,#14868,.F.) ;
#14878=EDGE_CURVE('',#14870,#14877,#14875,.F.) ;
#14885=EDGE_CURVE('',#14877,#14884,#14882,.F.) ;
#14892=EDGE_CURVE('',#14884,#14891,#14889,.F.) ;
#14899=EDGE_CURVE('',#14891,#14898,#14896,.F.) ;
#14904=EDGE_CURVE('',#14898,#14840,#14903,.F.) ;
#14934=EDGE_CURVE('',#3794,#14842,#14933,.T.) ;
#14939=EDGE_CURVE('',#3801,#14840,#14938,.T.) ;
#14963=EDGE_CURVE('',#3787,#14849,#14962,.T.) ;
#14982=EDGE_CURVE('',#3780,#14856,#14981,.T.) ;
#15006=EDGE_CURVE('',#3773,#14863,#15005,.T.) ;
#15025=EDGE_CURVE('',#3766,#14870,#15024,.T.) ;
#15049=EDGE_CURVE('',#3759,#14877,#15048,.T.) ;
#15068=EDGE_CURVE('',#3752,#14884,#15067,.T.) ;
#15092=EDGE_CURVE('',#3745,#14891,#15091,.T.) ;
#15111=EDGE_CURVE('',#3743,#14898,#15110,.T.) ;
#15153=EDGE_CURVE('',#15150,#15152,#15148,.T.) ;
#15158=EDGE_CURVE('',#15152,#15150,#15157,.T.) ;
#15171=EDGE_CURVE('',#15168,#15170,#15166,.T.) ;
#15176=EDGE_CURVE('',#15170,#15168,#15175,.T.) ;
#15189=EDGE_CURVE('',#15186,#15188,#15184,.T.) ;
#15194=EDGE_CURVE('',#15188,#15186,#15193,.T.) ;
#15207=EDGE_CURVE('',#15204,#15206,#15202,.T.) ;
#15212=EDGE_CURVE('',#15206,#15204,#15211,.T.) ;
#15225=EDGE_CURVE('',#15222,#15224,#15220,.T.) ;
#15230=EDGE_CURVE('',#15224,#15222,#15229,.T.) ;
#15243=EDGE_CURVE('',#15240,#15242,#15238,.T.) ;
#15248=EDGE_CURVE('',#15242,#15240,#15247,.T.) ;
#15261=EDGE_CURVE('',#15258,#15260,#15256,.T.) ;
#15266=EDGE_CURVE('',#15260,#15258,#15265,.T.) ;
#15279=EDGE_CURVE('',#15276,#15278,#15274,.T.) ;
#15284=EDGE_CURVE('',#15278,#15276,#15283,.T.) ;
#15297=EDGE_CURVE('',#15294,#15296,#15292,.T.) ;
#15302=EDGE_CURVE('',#15296,#15294,#15301,.T.) ;
#15315=EDGE_CURVE('',#15312,#15314,#15310,.T.) ;
#15320=EDGE_CURVE('',#15314,#15312,#15319,.T.) ;
#15342=EDGE_CURVE('',#992,#15152,#15341,.F.) ;
#15347=EDGE_CURVE('',#990,#15150,#15346,.F.) ;
#15385=EDGE_CURVE('',#1011,#15168,#15384,.F.) ;
#15390=EDGE_CURVE('',#1009,#15170,#15389,.F.) ;
#15428=EDGE_CURVE('',#3828,#15186,#15427,.F.) ;
#15433=EDGE_CURVE('',#3826,#15188,#15432,.F.) ;
#15471=EDGE_CURVE('',#3847,#15204,#15470,.F.) ;
#15476=EDGE_CURVE('',#3845,#15206,#15475,.F.) ;
#15514=EDGE_CURVE('',#3866,#15222,#15513,.F.) ;
#15519=EDGE_CURVE('',#3864,#15224,#15518,.F.) ;
#15557=EDGE_CURVE('',#3885,#15240,#15556,.F.) ;
#15562=EDGE_CURVE('',#3883,#15242,#15561,.F.) ;
#15600=EDGE_CURVE('',#3904,#15258,#15599,.F.) ;
#15605=EDGE_CURVE('',#3902,#15260,#15604,.F.) ;
#15643=EDGE_CURVE('',#3923,#15276,#15642,.F.) ;
#15648=EDGE_CURVE('',#3921,#15278,#15647,.F.) ;
#15686=EDGE_CURVE('',#3942,#15294,#15685,.F.) ;
#15691=EDGE_CURVE('',#3940,#15296,#15690,.F.) ;
#15729=EDGE_CURVE('',#3961,#15312,#15728,.F.) ;
#15734=EDGE_CURVE('',#3959,#15314,#15733,.F.) ;
#68=EDGE_LOOP('',(#69,#70,#71,#72)) ;
#85=EDGE_LOOP('',(#86,#87,#88,#89)) ;
#125=EDGE_LOOP('',(#126,#127,#128,#129)) ;
#142=EDGE_LOOP('',(#143,#144,#145,#146)) ;
#182=EDGE_LOOP('',(#183,#184,#185,#186)) ;
#199=EDGE_LOOP('',(#200,#201,#202,#203)) ;
#230=EDGE_LOOP('',(#231,#232,#233,#234)) ;
#242=EDGE_LOOP('',(#243,#244,#245,#246)) ;
#280=EDGE_LOOP('',(#281,#282,#283,#284,#285)) ;
#300=EDGE_LOOP('',(#301,#302,#303,#304,#305)) ;
#332=EDGE_LOOP('',(#333,#334,#335,#336,#337)) ;
#373=EDGE_LOOP('',(#374,#375,#376,#377)) ;
#390=EDGE_LOOP('',(#391,#392,#393,#394)) ;
#416=EDGE_LOOP('',(#417,#418)) ;
#420=EDGE_LOOP('',(#421,#422)) ;
#435=EDGE_LOOP('',(#436,#437)) ;
#439=EDGE_LOOP('',(#440,#441)) ;
#444=EDGE_LOOP('',(#445,#446,#447,#448,#449)) ;
#476=EDGE_LOOP('',(#477,#478,#479,#480)) ;
#488=EDGE_LOOP('',(#489,#490,#491,#492)) ;
#500=EDGE_LOOP('',(#501,#502)) ;
#504=EDGE_LOOP('',(#505,#506)) ;
#508=EDGE_LOOP('',(#509,#510)) ;
#526=EDGE_LOOP('',(#527,#528)) ;
#544=EDGE_LOOP('',(#545,#546)) ;
#562=EDGE_LOOP('',(#563,#564)) ;
#580=EDGE_LOOP('',(#581,#582)) ;
#598=EDGE_LOOP('',(#599,#600)) ;
#616=EDGE_LOOP('',(#617,#618)) ;
#634=EDGE_LOOP('',(#635,#636)) ;
#663=EDGE_LOOP('',(#664,#665,#666,#667)) ;
#675=EDGE_LOOP('',(#676,#677,#678,#679)) ;
#706=EDGE_LOOP('',(#707,#708,#709,#710)) ;
#718=EDGE_LOOP('',(#719,#720,#721,#722)) ;
#749=EDGE_LOOP('',(#750,#751,#752,#753)) ;
#761=EDGE_LOOP('',(#762,#763,#764,#765)) ;
#792=EDGE_LOOP('',(#793,#794,#795,#796)) ;
#804=EDGE_LOOP('',(#805,#806,#807,#808)) ;
#835=EDGE_LOOP('',(#836,#837,#838,#839)) ;
#847=EDGE_LOOP('',(#848,#849,#850,#851)) ;
#878=EDGE_LOOP('',(#879,#880,#881,#882)) ;
#890=EDGE_LOOP('',(#891,#892,#893,#894)) ;
#921=EDGE_LOOP('',(#922,#923,#924,#925)) ;
#933=EDGE_LOOP('',(#934,#935,#936,#937)) ;
#945=EDGE_LOOP('',(#946,#947)) ;
#949=EDGE_LOOP('',(#950,#951)) ;
#953=EDGE_LOOP('',(#954,#955)) ;
#957=EDGE_LOOP('',(#958,#959)) ;
#961=EDGE_LOOP('',(#962,#963)) ;
#965=EDGE_LOOP('',(#966,#967)) ;
#969=EDGE_LOOP('',(#970,#971)) ;
#973=EDGE_LOOP('',(#974,#975)) ;
#977=EDGE_LOOP('',(#978,#979)) ;
#981=EDGE_LOOP('',(#982,#983)) ;
#999=EDGE_LOOP('',(#1000,#1001)) ;
#1018=EDGE_LOOP('',(#1019,#1020)) ;
#1848=EDGE_LOOP('',(#1849,#1850,#1851,#1852,#1853,#1854,#1855,#1856,#1857,#1858,#1859,#1860,#1861,#1862,#1863,#1864,#1865,#1866,#1867,#1868,#1869,#1870,#1871,#1872,#1873,#1874,#1875,#1876,#1877,#1878,#1879,#1880,#1881,#1882,#1883,#1884,#1885,#1886,#1887,#1888,#1889,#1890,#1891,#1892,#1893,#1894,#1895,#1896,#1897,#1898,#1899,#1900,#1901,#1902,#1903,#1904,#1905,#1906,#1907,#1908,#1909,#1910,#1911,#1912,#1913,#1914,#1915,#1916,#1917,#1918,#1919,#1920,#1921,#1922,#1923,#1924,#1925,#1926,#1927,#1928,#1929,#1930,#1931,#1932,#1933,#1934,#1935,#1936,#1937,#1938,#1939,#1940,#1941,#1942,#1943,#1944,#1945,#1946,#1947,#1948,#1949,#1950,#1951,#1952,#1953,#1954,#1955,#1956,#1957,#1958,#1959,#1960,#1961,#1962,#1963,#1964,#1965,#1966)) ;
#2122=EDGE_LOOP('',(#2123,#2124,#2125,#2126,#2127,#2128,#2129,#2130,#2131,#2132,#2133,#2134,#2135,#2136,#2137,#2138,#2139,#2140,#2141,#2142,#2143,#2144)) ;
#2384=EDGE_LOOP('',(#2385,#2386,#2387,#2388,#2389,#2390,#2391,#2392,#2393,#2394,#2395,#2396,#2397,#2398,#2399,#2400,#2401,#2402,#2403,#2404,#2405,#2406,#2407,#2408,#2409,#2410,#2411,#2412,#2413,#2414,#2415,#2416,#2417,#2418)) ;
#3386=EDGE_LOOP('',(#3387,#3388,#3389,#3390,#3391,#3392,#3393,#3394,#3395,#3396,#3397,#3398,#3399,#3400,#3401,#3402,#3403,#3404,#3405,#3406,#3407,#3408,#3409,#3410,#3411,#3412,#3413,#3414,#3415,#3416,#3417,#3418,#3419,#3420,#3421,#3422,#3423,#3424,#3425,#3426,#3427,#3428,#3429,#3430,#3431,#3432,#3433,#3434,#3435,#3436,#3437,#3438,#3439,#3440,#3441,#3442,#3443,#3444,#3445,#3446,#3447,#3448,#3449,#3450,#3451,#3452,#3453,#3454,#3455,#3456,#3457,#3458,#3459,#3460,#3461,#3462,#3463,#3464,#3465,#3466,#3467,#3468,#3469,#3470,#3471,#3472,#3473,#3474,#3475,#3476,#3477,#3478,#3479,#3480,#3481,#3482,#3483,#3484,#3485,#3486,#3487,#3488,#3489,#3490,#3491,#3492,#3493,#3494,#3495,#3496,#3497,#3498,#3499,#3500,#3501,#3502,#3503,#3504,#3505,#3506,#3507,#3508,#3509,#3510,#3511,#3512,#3513,#3514,#3515,#3516,#3517,#3518,#3519,#3520,#3521,#3522,#3523,#3524)) ;
#3680=EDGE_LOOP('',(#3681,#3682,#3683,#3684,#3685,#3686,#3687,#3688,#3689,#3690,#3691,#3692,#3693,#3694,#3695,#3696,#3697,#3698,#3699,#3700,#3701,#3702)) ;
#3732=EDGE_LOOP('',(#3733,#3734,#3735,#3736)) ;
#3808=EDGE_LOOP('',(#3809,#3810,#3811,#3812,#3813,#3814,#3815,#3816,#3817,#3818)) ;
#3835=EDGE_LOOP('',(#3836,#3837)) ;
#3854=EDGE_LOOP('',(#3855,#3856)) ;
#3873=EDGE_LOOP('',(#3874,#3875)) ;
#3892=EDGE_LOOP('',(#3893,#3894)) ;
#3911=EDGE_LOOP('',(#3912,#3913)) ;
#3930=EDGE_LOOP('',(#3931,#3932)) ;
#3949=EDGE_LOOP('',(#3950,#3951)) ;
#3968=EDGE_LOOP('',(#3969,#3970)) ;
#4944=EDGE_LOOP('',(#4945,#4946,#4947,#4948,#4949,#4950,#4951,#4952,#4953,#4954,#4955,#4956,#4957,#4958,#4959,#4960,#4961,#4962,#4963,#4964,#4965,#4966,#4967,#4968,#4969,#4970,#4971,#4972,#4973,#4974,#4975,#4976,#4977,#4978,#4979,#4980,#4981,#4982,#4983,#4984,#4985,#4986,#4987,#4988,#4989,#4990,#4991,#4992,#4993,#4994,#4995,#4996,#4997,#4998,#4999,#5000,#5001,#5002,#5003,#5004,#5005,#5006,#5007,#5008,#5009,#5010,#5011,#5012,#5013,#5014,#5015,#5016,#5017,#5018,#5019,#5020,#5021,#5022,#5023,#5024,#5025,#5026,#5027,#5028,#5029,#5030,#5031,#5032,#5033,#5034,#5035,#5036,#5037,#5038,#5039,#5040,#5041,#5042,#5043,#5044,#5045,#5046,#5047,#5048,#5049,#5050,#5051,#5052,#5053,#5054,#5055,#5056,#5057,#5058,#5059,#5060,#5061,#5062,#5063,#5064,#5065,#5066,#5067,#5068,#5069,#5070,#5071,#5072,#5073,#5074,#5075,#5076,#5077,#5078,#5079,#5080,#5081,#5082)) ;
#5108=EDGE_LOOP('',(#5109,#5110,#5111,#5112)) ;
#5132=EDGE_LOOP('',(#5133,#5134,#5135,#5136)) ;
#5156=EDGE_LOOP('',(#5157,#5158,#5159,#5160)) ;
#5180=EDGE_LOOP('',(#5181,#5182,#5183,#5184)) ;
#5204=EDGE_LOOP('',(#5205,#5206,#5207,#5208)) ;
#5228=EDGE_LOOP('',(#5229,#5230,#5231,#5232)) ;
#5252=EDGE_LOOP('',(#5253,#5254,#5255,#5256)) ;
#5276=EDGE_LOOP('',(#5277,#5278,#5279,#5280)) ;
#5300=EDGE_LOOP('',(#5301,#5302,#5303,#5304)) ;
#5324=EDGE_LOOP('',(#5325,#5326,#5327,#5328)) ;
#5348=EDGE_LOOP('',(#5349,#5350,#5351,#5352)) ;
#5372=EDGE_LOOP('',(#5373,#5374,#5375,#5376)) ;
#5396=EDGE_LOOP('',(#5397,#5398,#5399,#5400)) ;
#5420=EDGE_LOOP('',(#5421,#5422,#5423,#5424)) ;
#5444=EDGE_LOOP('',(#5445,#5446,#5447,#5448)) ;
#5468=EDGE_LOOP('',(#5469,#5470,#5471,#5472)) ;
#5492=EDGE_LOOP('',(#5493,#5494,#5495,#5496)) ;
#5516=EDGE_LOOP('',(#5517,#5518,#5519,#5520)) ;
#5540=EDGE_LOOP('',(#5541,#5542,#5543,#5544)) ;
#5564=EDGE_LOOP('',(#5565,#5566,#5567,#5568)) ;
#5588=EDGE_LOOP('',(#5589,#5590,#5591,#5592)) ;
#5612=EDGE_LOOP('',(#5613,#5614,#5615,#5616)) ;
#5636=EDGE_LOOP('',(#5637,#5638,#5639,#5640)) ;
#5660=EDGE_LOOP('',(#5661,#5662,#5663,#5664)) ;
#5684=EDGE_LOOP('',(#5685,#5686,#5687,#5688)) ;
#5703=EDGE_LOOP('',(#5704,#5705,#5706,#5707)) ;
#5727=EDGE_LOOP('',(#5728,#5729,#5730,#5731)) ;
#5751=EDGE_LOOP('',(#5752,#5753,#5754,#5755)) ;
#5775=EDGE_LOOP('',(#5776,#5777,#5778,#5779)) ;
#5799=EDGE_LOOP('',(#5800,#5801,#5802,#5803)) ;
#5823=EDGE_LOOP('',(#5824,#5825,#5826,#5827)) ;
#5847=EDGE_LOOP('',(#5848,#5849,#5850,#5851)) ;
#5871=EDGE_LOOP('',(#5872,#5873,#5874,#5875)) ;
#5895=EDGE_LOOP('',(#5896,#5897,#5898,#5899)) ;
#5919=EDGE_LOOP('',(#5920,#5921,#5922,#5923)) ;
#5943=EDGE_LOOP('',(#5944,#5945,#5946,#5947)) ;
#5967=EDGE_LOOP('',(#5968,#5969,#5970,#5971)) ;
#5991=EDGE_LOOP('',(#5992,#5993,#5994,#5995)) ;
#6015=EDGE_LOOP('',(#6016,#6017,#6018,#6019)) ;
#6039=EDGE_LOOP('',(#6040,#6041,#6042,#6043)) ;
#6063=EDGE_LOOP('',(#6064,#6065,#6066,#6067)) ;
#6087=EDGE_LOOP('',(#6088,#6089,#6090,#6091)) ;
#6111=EDGE_LOOP('',(#6112,#6113,#6114,#6115)) ;
#6135=EDGE_LOOP('',(#6136,#6137,#6138,#6139)) ;
#6159=EDGE_LOOP('',(#6160,#6161,#6162,#6163)) ;
#6183=EDGE_LOOP('',(#6184,#6185,#6186,#6187)) ;
#6207=EDGE_LOOP('',(#6208,#6209,#6210,#6211)) ;
#6226=EDGE_LOOP('',(#6227,#6228,#6229,#6230)) ;
#6250=EDGE_LOOP('',(#6251,#6252,#6253,#6254)) ;
#6274=EDGE_LOOP('',(#6275,#6276,#6277,#6278)) ;
#6298=EDGE_LOOP('',(#6299,#6300,#6301,#6302)) ;
#6322=EDGE_LOOP('',(#6323,#6324,#6325,#6326)) ;
#6346=EDGE_LOOP('',(#6347,#6348,#6349,#6350)) ;
#6370=EDGE_LOOP('',(#6371,#6372,#6373,#6374)) ;
#6394=EDGE_LOOP('',(#6395,#6396,#6397,#6398)) ;
#6418=EDGE_LOOP('',(#6419,#6420,#6421,#6422)) ;
#6442=EDGE_LOOP('',(#6443,#6444,#6445,#6446)) ;
#6466=EDGE_LOOP('',(#6467,#6468,#6469,#6470)) ;
#6490=EDGE_LOOP('',(#6491,#6492,#6493,#6494)) ;
#6514=EDGE_LOOP('',(#6515,#6516,#6517,#6518)) ;
#6538=EDGE_LOOP('',(#6539,#6540,#6541,#6542)) ;
#6562=EDGE_LOOP('',(#6563,#6564,#6565,#6566)) ;
#6586=EDGE_LOOP('',(#6587,#6588,#6589,#6590)) ;
#6610=EDGE_LOOP('',(#6611,#6612,#6613,#6614)) ;
#6634=EDGE_LOOP('',(#6635,#6636,#6637,#6638)) ;
#6658=EDGE_LOOP('',(#6659,#6660,#6661,#6662)) ;
#6682=EDGE_LOOP('',(#6683,#6684,#6685,#6686)) ;
#6706=EDGE_LOOP('',(#6707,#6708,#6709,#6710)) ;
#6730=EDGE_LOOP('',(#6731,#6732,#6733,#6734)) ;
#6754=EDGE_LOOP('',(#6755,#6756,#6757,#6758)) ;
#6778=EDGE_LOOP('',(#6779,#6780,#6781,#6782)) ;
#6802=EDGE_LOOP('',(#6803,#6804,#6805,#6806)) ;
#6826=EDGE_LOOP('',(#6827,#6828,#6829,#6830)) ;
#6850=EDGE_LOOP('',(#6851,#6852,#6853,#6854)) ;
#6874=EDGE_LOOP('',(#6875,#6876,#6877,#6878)) ;
#6898=EDGE_LOOP('',(#6899,#6900,#6901,#6902)) ;
#6922=EDGE_LOOP('',(#6923,#6924,#6925,#6926)) ;
#6946=EDGE_LOOP('',(#6947,#6948,#6949,#6950)) ;
#6970=EDGE_LOOP('',(#6971,#6972,#6973,#6974)) ;
#6994=EDGE_LOOP('',(#6995,#6996,#6997,#6998)) ;
#7018=EDGE_LOOP('',(#7019,#7020,#7021,#7022)) ;
#7042=EDGE_LOOP('',(#7043,#7044,#7045,#7046)) ;
#7066=EDGE_LOOP('',(#7067,#7068,#7069,#7070)) ;
#7090=EDGE_LOOP('',(#7091,#7092,#7093,#7094)) ;
#7114=EDGE_LOOP('',(#7115,#7116,#7117,#7118)) ;
#7138=EDGE_LOOP('',(#7139,#7140,#7141,#7142)) ;
#7162=EDGE_LOOP('',(#7163,#7164,#7165,#7166)) ;
#7186=EDGE_LOOP('',(#7187,#7188,#7189,#7190)) ;
#7210=EDGE_LOOP('',(#7211,#7212,#7213,#7214)) ;
#7234=EDGE_LOOP('',(#7235,#7236,#7237,#7238)) ;
#7258=EDGE_LOOP('',(#7259,#7260,#7261,#7262)) ;
#7282=EDGE_LOOP('',(#7283,#7284,#7285,#7286)) ;
#7306=EDGE_LOOP('',(#7307,#7308,#7309,#7310)) ;
#7330=EDGE_LOOP('',(#7331,#7332,#7333,#7334)) ;
#7349=EDGE_LOOP('',(#7350,#7351,#7352,#7353)) ;
#7368=EDGE_LOOP('',(#7369,#7370,#7371,#7372)) ;
#7392=EDGE_LOOP('',(#7393,#7394,#7395,#7396)) ;
#7416=EDGE_LOOP('',(#7417,#7418,#7419,#7420)) ;
#7440=EDGE_LOOP('',(#7441,#7442,#7443,#7444)) ;
#7464=EDGE_LOOP('',(#7465,#7466,#7467,#7468)) ;
#7488=EDGE_LOOP('',(#7489,#7490,#7491,#7492)) ;
#7512=EDGE_LOOP('',(#7513,#7514,#7515,#7516)) ;
#7536=EDGE_LOOP('',(#7537,#7538,#7539,#7540)) ;
#7560=EDGE_LOOP('',(#7561,#7562,#7563,#7564)) ;
#7584=EDGE_LOOP('',(#7585,#7586,#7587,#7588)) ;
#7608=EDGE_LOOP('',(#7609,#7610,#7611,#7612)) ;
#7632=EDGE_LOOP('',(#7633,#7634,#7635,#7636)) ;
#7656=EDGE_LOOP('',(#7657,#7658,#7659,#7660)) ;
#7680=EDGE_LOOP('',(#7681,#7682,#7683,#7684)) ;
#7704=EDGE_LOOP('',(#7705,#7706,#7707,#7708)) ;
#7728=EDGE_LOOP('',(#7729,#7730,#7731,#7732)) ;
#7752=EDGE_LOOP('',(#7753,#7754,#7755,#7756)) ;
#7776=EDGE_LOOP('',(#7777,#7778,#7779,#7780)) ;
#7800=EDGE_LOOP('',(#7801,#7802,#7803,#7804)) ;
#7824=EDGE_LOOP('',(#7825,#7826,#7827,#7828)) ;
#7848=EDGE_LOOP('',(#7849,#7850,#7851,#7852)) ;
#7872=EDGE_LOOP('',(#7873,#7874,#7875,#7876)) ;
#7896=EDGE_LOOP('',(#7897,#7898,#7899,#7900)) ;
#7920=EDGE_LOOP('',(#7921,#7922,#7923,#7924)) ;
#7944=EDGE_LOOP('',(#7945,#7946,#7947,#7948)) ;
#7968=EDGE_LOOP('',(#7969,#7970,#7971,#7972)) ;
#7992=EDGE_LOOP('',(#7993,#7994,#7995,#7996)) ;
#8016=EDGE_LOOP('',(#8017,#8018,#8019,#8020)) ;
#8040=EDGE_LOOP('',(#8041,#8042,#8043,#8044)) ;
#8064=EDGE_LOOP('',(#8065,#8066,#8067,#8068)) ;
#8088=EDGE_LOOP('',(#8089,#8090,#8091,#8092)) ;
#8112=EDGE_LOOP('',(#8113,#8114,#8115,#8116)) ;
#8136=EDGE_LOOP('',(#8137,#8138,#8139,#8140)) ;
#8160=EDGE_LOOP('',(#8161,#8162,#8163,#8164)) ;
#8184=EDGE_LOOP('',(#8185,#8186,#8187,#8188)) ;
#8208=EDGE_LOOP('',(#8209,#8210,#8211,#8212)) ;
#8232=EDGE_LOOP('',(#8233,#8234,#8235,#8236)) ;
#8256=EDGE_LOOP('',(#8257,#8258,#8259,#8260)) ;
#8280=EDGE_LOOP('',(#8281,#8282,#8283,#8284)) ;
#8304=EDGE_LOOP('',(#8305,#8306,#8307,#8308)) ;
#8328=EDGE_LOOP('',(#8329,#8330,#8331,#8332)) ;
#8352=EDGE_LOOP('',(#8353,#8354,#8355,#8356)) ;
#8371=EDGE_LOOP('',(#8372,#8373,#8374,#8375)) ;
#9211=EDGE_LOOP('',(#9212,#9213,#9214,#9215,#9216,#9217,#9218,#9219,#9220,#9221,#9222,#9223,#9224,#9225,#9226,#9227,#9228,#9229,#9230,#9231,#9232,#9233,#9234,#9235,#9236,#9237,#9238,#9239,#9240,#9241,#9242,#9243,#9244,#9245,#9246,#9247,#9248,#9249,#9250,#9251,#9252,#9253,#9254,#9255,#9256,#9257,#9258,#9259,#9260,#9261,#9262,#9263,#9264,#9265,#9266,#9267,#9268,#9269,#9270,#9271,#9272,#9273,#9274,#9275,#9276,#9277,#9278,#9279,#9280,#9281,#9282,#9283,#9284,#9285,#9286,#9287,#9288,#9289,#9290,#9291,#9292,#9293,#9294,#9295,#9296,#9297,#9298,#9299,#9300,#9301,#9302,#9303,#9304,#9305,#9306,#9307,#9308,#9309,#9310,#9311,#9312,#9313,#9314,#9315,#9316,#9317,#9318,#9319,#9320,#9321,#9322,#9323,#9324,#9325,#9326,#9327,#9328,#9329)) ;
#9354=EDGE_LOOP('',(#9355,#9356,#9357,#9358)) ;
#9378=EDGE_LOOP('',(#9379,#9380,#9381,#9382)) ;
#9402=EDGE_LOOP('',(#9403,#9404,#9405,#9406)) ;
#9426=EDGE_LOOP('',(#9427,#9428,#9429,#9430)) ;
#9450=EDGE_LOOP('',(#9451,#9452,#9453,#9454)) ;
#9474=EDGE_LOOP('',(#9475,#9476,#9477,#9478)) ;
#9498=EDGE_LOOP('',(#9499,#9500,#9501,#9502)) ;
#9522=EDGE_LOOP('',(#9523,#9524,#9525,#9526)) ;
#9546=EDGE_LOOP('',(#9547,#9548,#9549,#9550)) ;
#9570=EDGE_LOOP('',(#9571,#9572,#9573,#9574)) ;
#9594=EDGE_LOOP('',(#9595,#9596,#9597,#9598)) ;
#9618=EDGE_LOOP('',(#9619,#9620,#9621,#9622)) ;
#9642=EDGE_LOOP('',(#9643,#9644,#9645,#9646)) ;
#9666=EDGE_LOOP('',(#9667,#9668,#9669,#9670)) ;
#9690=EDGE_LOOP('',(#9691,#9692,#9693,#9694)) ;
#9714=EDGE_LOOP('',(#9715,#9716,#9717,#9718)) ;
#9738=EDGE_LOOP('',(#9739,#9740,#9741,#9742)) ;
#9762=EDGE_LOOP('',(#9763,#9764,#9765,#9766)) ;
#9786=EDGE_LOOP('',(#9787,#9788,#9789,#9790)) ;
#9810=EDGE_LOOP('',(#9811,#9812,#9813,#9814)) ;
#9834=EDGE_LOOP('',(#9835,#9836,#9837,#9838)) ;
#9858=EDGE_LOOP('',(#9859,#9860,#9861,#9862)) ;
#9882=EDGE_LOOP('',(#9883,#9884,#9885,#9886)) ;
#9906=EDGE_LOOP('',(#9907,#9908,#9909,#9910)) ;
#9930=EDGE_LOOP('',(#9931,#9932,#9933,#9934)) ;
#9954=EDGE_LOOP('',(#9955,#9956,#9957,#9958)) ;
#9978=EDGE_LOOP('',(#9979,#9980,#9981,#9982)) ;
#10002=EDGE_LOOP('',(#10003,#10004,#10005,#10006)) ;
#10026=EDGE_LOOP('',(#10027,#10028,#10029,#10030)) ;
#10050=EDGE_LOOP('',(#10051,#10052,#10053,#10054)) ;
#10074=EDGE_LOOP('',(#10075,#10076,#10077,#10078)) ;
#10098=EDGE_LOOP('',(#10099,#10100,#10101,#10102)) ;
#10122=EDGE_LOOP('',(#10123,#10124,#10125,#10126)) ;
#10146=EDGE_LOOP('',(#10147,#10148,#10149,#10150)) ;
#10170=EDGE_LOOP('',(#10171,#10172,#10173,#10174)) ;
#10194=EDGE_LOOP('',(#10195,#10196,#10197,#10198)) ;
#10218=EDGE_LOOP('',(#10219,#10220,#10221,#10222)) ;
#10242=EDGE_LOOP('',(#10243,#10244,#10245,#10246)) ;
#10266=EDGE_LOOP('',(#10267,#10268,#10269,#10270)) ;
#10290=EDGE_LOOP('',(#10291,#10292,#10293,#10294)) ;
#10314=EDGE_LOOP('',(#10315,#10316,#10317,#10318)) ;
#10338=EDGE_LOOP('',(#10339,#10340,#10341,#10342)) ;
#10362=EDGE_LOOP('',(#10363,#10364,#10365,#10366)) ;
#10386=EDGE_LOOP('',(#10387,#10388,#10389,#10390)) ;
#10410=EDGE_LOOP('',(#10411,#10412,#10413,#10414)) ;
#10434=EDGE_LOOP('',(#10435,#10436,#10437,#10438)) ;
#10458=EDGE_LOOP('',(#10459,#10460,#10461,#10462)) ;
#10482=EDGE_LOOP('',(#10483,#10484,#10485,#10486)) ;
#10506=EDGE_LOOP('',(#10507,#10508,#10509,#10510)) ;
#10530=EDGE_LOOP('',(#10531,#10532,#10533,#10534)) ;
#10554=EDGE_LOOP('',(#10555,#10556,#10557,#10558)) ;
#10578=EDGE_LOOP('',(#10579,#10580,#10581,#10582)) ;
#10602=EDGE_LOOP('',(#10603,#10604,#10605,#10606)) ;
#10626=EDGE_LOOP('',(#10627,#10628,#10629,#10630)) ;
#10650=EDGE_LOOP('',(#10651,#10652,#10653,#10654)) ;
#10674=EDGE_LOOP('',(#10675,#10676,#10677,#10678)) ;
#10698=EDGE_LOOP('',(#10699,#10700,#10701,#10702)) ;
#10722=EDGE_LOOP('',(#10723,#10724,#10725,#10726)) ;
#10746=EDGE_LOOP('',(#10747,#10748,#10749,#10750)) ;
#10770=EDGE_LOOP('',(#10771,#10772,#10773,#10774)) ;
#10794=EDGE_LOOP('',(#10795,#10796,#10797,#10798)) ;
#10818=EDGE_LOOP('',(#10819,#10820,#10821,#10822)) ;
#10842=EDGE_LOOP('',(#10843,#10844,#10845,#10846)) ;
#10866=EDGE_LOOP('',(#10867,#10868,#10869,#10870)) ;
#10890=EDGE_LOOP('',(#10891,#10892,#10893,#10894)) ;
#10914=EDGE_LOOP('',(#10915,#10916,#10917,#10918)) ;
#10938=EDGE_LOOP('',(#10939,#10940,#10941,#10942)) ;
#10962=EDGE_LOOP('',(#10963,#10964,#10965,#10966)) ;
#10986=EDGE_LOOP('',(#10987,#10988,#10989,#10990)) ;
#11010=EDGE_LOOP('',(#11011,#11012,#11013,#11014)) ;
#11034=EDGE_LOOP('',(#11035,#11036,#11037,#11038)) ;
#11058=EDGE_LOOP('',(#11059,#11060,#11061,#11062)) ;
#11082=EDGE_LOOP('',(#11083,#11084,#11085,#11086)) ;
#11106=EDGE_LOOP('',(#11107,#11108,#11109,#11110)) ;
#11130=EDGE_LOOP('',(#11131,#11132,#11133,#11134)) ;
#11154=EDGE_LOOP('',(#11155,#11156,#11157,#11158)) ;
#11178=EDGE_LOOP('',(#11179,#11180,#11181,#11182)) ;
#11202=EDGE_LOOP('',(#11203,#11204,#11205,#11206)) ;
#11226=EDGE_LOOP('',(#11227,#11228,#11229,#11230)) ;
#11250=EDGE_LOOP('',(#11251,#11252,#11253,#11254)) ;
#11274=EDGE_LOOP('',(#11275,#11276,#11277,#11278)) ;
#11298=EDGE_LOOP('',(#11299,#11300,#11301,#11302)) ;
#11322=EDGE_LOOP('',(#11323,#11324,#11325,#11326)) ;
#11346=EDGE_LOOP('',(#11347,#11348,#11349,#11350)) ;
#11370=EDGE_LOOP('',(#11371,#11372,#11373,#11374)) ;
#11394=EDGE_LOOP('',(#11395,#11396,#11397,#11398)) ;
#11418=EDGE_LOOP('',(#11419,#11420,#11421,#11422)) ;
#11442=EDGE_LOOP('',(#11443,#11444,#11445,#11446)) ;
#11466=EDGE_LOOP('',(#11467,#11468,#11469,#11470)) ;
#11490=EDGE_LOOP('',(#11491,#11492,#11493,#11494)) ;
#11514=EDGE_LOOP('',(#11515,#11516,#11517,#11518)) ;
#11538=EDGE_LOOP('',(#11539,#11540,#11541,#11542)) ;
#11562=EDGE_LOOP('',(#11563,#11564,#11565,#11566)) ;
#11586=EDGE_LOOP('',(#11587,#11588,#11589,#11590)) ;
#11610=EDGE_LOOP('',(#11611,#11612,#11613,#11614)) ;
#11634=EDGE_LOOP('',(#11635,#11636,#11637,#11638)) ;
#11658=EDGE_LOOP('',(#11659,#11660,#11661,#11662)) ;
#11682=EDGE_LOOP('',(#11683,#11684,#11685,#11686)) ;
#11706=EDGE_LOOP('',(#11707,#11708,#11709,#11710)) ;
#11730=EDGE_LOOP('',(#11731,#11732,#11733,#11734)) ;
#11754=EDGE_LOOP('',(#11755,#11756,#11757,#11758)) ;
#11778=EDGE_LOOP('',(#11779,#11780,#11781,#11782)) ;
#11802=EDGE_LOOP('',(#11803,#11804,#11805,#11806)) ;
#11826=EDGE_LOOP('',(#11827,#11828,#11829,#11830)) ;
#11850=EDGE_LOOP('',(#11851,#11852,#11853,#11854)) ;
#11874=EDGE_LOOP('',(#11875,#11876,#11877,#11878)) ;
#11898=EDGE_LOOP('',(#11899,#11900,#11901,#11902)) ;
#11922=EDGE_LOOP('',(#11923,#11924,#11925,#11926)) ;
#11946=EDGE_LOOP('',(#11947,#11948,#11949,#11950)) ;
#11970=EDGE_LOOP('',(#11971,#11972,#11973,#11974)) ;
#11994=EDGE_LOOP('',(#11995,#11996,#11997,#11998)) ;
#12018=EDGE_LOOP('',(#12019,#12020,#12021,#12022)) ;
#12042=EDGE_LOOP('',(#12043,#12044,#12045,#12046)) ;
#12066=EDGE_LOOP('',(#12067,#12068,#12069,#12070)) ;
#12090=EDGE_LOOP('',(#12091,#12092,#12093,#12094)) ;
#12114=EDGE_LOOP('',(#12115,#12116,#12117,#12118)) ;
#12138=EDGE_LOOP('',(#12139,#12140,#12141,#12142)) ;
#12157=EDGE_LOOP('',(#12158,#12159,#12160,#12161)) ;
#12199=EDGE_LOOP('',(#12200,#12201,#12202,#12203)) ;
#12228=EDGE_LOOP('',(#12229,#12230,#12231,#12232)) ;
#12252=EDGE_LOOP('',(#12253,#12254,#12255,#12256)) ;
#12276=EDGE_LOOP('',(#12277,#12278,#12279,#12280)) ;
#12295=EDGE_LOOP('',(#12296,#12297,#12298,#12299)) ;
#12463=EDGE_LOOP('',(#12464,#12465,#12466,#12467,#12468,#12469,#12470,#12471,#12472,#12473,#12474,#12475,#12476,#12477,#12478,#12479,#12480,#12481,#12482,#12483,#12484,#12485)) ;
#12510=EDGE_LOOP('',(#12511,#12512,#12513,#12514)) ;
#12534=EDGE_LOOP('',(#12535,#12536,#12537,#12538)) ;
#12558=EDGE_LOOP('',(#12559,#12560,#12561,#12562)) ;
#12582=EDGE_LOOP('',(#12583,#12584,#12585,#12586)) ;
#12606=EDGE_LOOP('',(#12607,#12608,#12609,#12610)) ;
#12630=EDGE_LOOP('',(#12631,#12632,#12633,#12634)) ;
#12654=EDGE_LOOP('',(#12655,#12656,#12657,#12658)) ;
#12678=EDGE_LOOP('',(#12679,#12680,#12681,#12682)) ;
#12702=EDGE_LOOP('',(#12703,#12704,#12705,#12706)) ;
#12726=EDGE_LOOP('',(#12727,#12728,#12729,#12730)) ;
#12750=EDGE_LOOP('',(#12751,#12752,#12753,#12754)) ;
#12774=EDGE_LOOP('',(#12775,#12776,#12777,#12778)) ;
#12798=EDGE_LOOP('',(#12799,#12800,#12801,#12802)) ;
#12822=EDGE_LOOP('',(#12823,#12824,#12825,#12826)) ;
#12846=EDGE_LOOP('',(#12847,#12848,#12849,#12850)) ;
#12870=EDGE_LOOP('',(#12871,#12872,#12873,#12874)) ;
#12894=EDGE_LOOP('',(#12895,#12896,#12897,#12898)) ;
#12918=EDGE_LOOP('',(#12919,#12920,#12921,#12922)) ;
#12942=EDGE_LOOP('',(#12943,#12944,#12945,#12946)) ;
#12966=EDGE_LOOP('',(#12967,#12968,#12969,#12970)) ;
#12990=EDGE_LOOP('',(#12991,#12992,#12993,#12994)) ;
#13009=EDGE_LOOP('',(#13010,#13011,#13012,#13013)) ;
#13177=EDGE_LOOP('',(#13178,#13179,#13180,#13181,#13182,#13183,#13184,#13185,#13186,#13187,#13188,#13189,#13190,#13191,#13192,#13193,#13194,#13195,#13196,#13197,#13198,#13199)) ;
#13224=EDGE_LOOP('',(#13225,#13226,#13227,#13228)) ;
#13248=EDGE_LOOP('',(#13249,#13250,#13251,#13252)) ;
#13272=EDGE_LOOP('',(#13273,#13274,#13275,#13276)) ;
#13296=EDGE_LOOP('',(#13297,#13298,#13299,#13300)) ;
#13320=EDGE_LOOP('',(#13321,#13322,#13323,#13324)) ;
#13344=EDGE_LOOP('',(#13345,#13346,#13347,#13348)) ;
#13368=EDGE_LOOP('',(#13369,#13370,#13371,#13372)) ;
#13392=EDGE_LOOP('',(#13393,#13394,#13395,#13396)) ;
#13416=EDGE_LOOP('',(#13417,#13418,#13419,#13420)) ;
#13440=EDGE_LOOP('',(#13441,#13442,#13443,#13444)) ;
#13464=EDGE_LOOP('',(#13465,#13466,#13467,#13468)) ;
#13488=EDGE_LOOP('',(#13489,#13490,#13491,#13492)) ;
#13512=EDGE_LOOP('',(#13513,#13514,#13515,#13516)) ;
#13536=EDGE_LOOP('',(#13537,#13538,#13539,#13540)) ;
#13560=EDGE_LOOP('',(#13561,#13562,#13563,#13564)) ;
#13584=EDGE_LOOP('',(#13585,#13586,#13587,#13588)) ;
#13608=EDGE_LOOP('',(#13609,#13610,#13611,#13612)) ;
#13632=EDGE_LOOP('',(#13633,#13634,#13635,#13636)) ;
#13656=EDGE_LOOP('',(#13657,#13658,#13659,#13660)) ;
#13680=EDGE_LOOP('',(#13681,#13682,#13683,#13684)) ;
#13704=EDGE_LOOP('',(#13705,#13706,#13707,#13708)) ;
#13723=EDGE_LOOP('',(#13724,#13725,#13726,#13727)) ;
#13975=EDGE_LOOP('',(#13976,#13977,#13978,#13979,#13980,#13981,#13982,#13983,#13984,#13985,#13986,#13987,#13988,#13989,#13990,#13991,#13992,#13993,#13994,#13995,#13996,#13997,#13998,#13999,#14000,#14001,#14002,#14003,#14004,#14005,#14006,#14007,#14008,#14009)) ;
#14034=EDGE_LOOP('',(#14035,#14036,#14037,#14038)) ;
#14058=EDGE_LOOP('',(#14059,#14060,#14061,#14062)) ;
#14082=EDGE_LOOP('',(#14083,#14084,#14085,#14086)) ;
#14106=EDGE_LOOP('',(#14107,#14108,#14109,#14110)) ;
#14130=EDGE_LOOP('',(#14131,#14132,#14133,#14134)) ;
#14154=EDGE_LOOP('',(#14155,#14156,#14157,#14158)) ;
#14178=EDGE_LOOP('',(#14179,#14180,#14181,#14182)) ;
#14202=EDGE_LOOP('',(#14203,#14204,#14205,#14206)) ;
#14226=EDGE_LOOP('',(#14227,#14228,#14229,#14230)) ;
#14250=EDGE_LOOP('',(#14251,#14252,#14253,#14254)) ;
#14274=EDGE_LOOP('',(#14275,#14276,#14277,#14278)) ;
#14298=EDGE_LOOP('',(#14299,#14300,#14301,#14302)) ;
#14322=EDGE_LOOP('',(#14323,#14324,#14325,#14326)) ;
#14346=EDGE_LOOP('',(#14347,#14348,#14349,#14350)) ;
#14370=EDGE_LOOP('',(#14371,#14372,#14373,#14374)) ;
#14394=EDGE_LOOP('',(#14395,#14396,#14397,#14398)) ;
#14418=EDGE_LOOP('',(#14419,#14420,#14421,#14422)) ;
#14442=EDGE_LOOP('',(#14443,#14444,#14445,#14446)) ;
#14466=EDGE_LOOP('',(#14467,#14468,#14469,#14470)) ;
#14490=EDGE_LOOP('',(#14491,#14492,#14493,#14494)) ;
#14514=EDGE_LOOP('',(#14515,#14516,#14517,#14518)) ;
#14538=EDGE_LOOP('',(#14539,#14540,#14541,#14542)) ;
#14562=EDGE_LOOP('',(#14563,#14564,#14565,#14566)) ;
#14586=EDGE_LOOP('',(#14587,#14588,#14589,#14590)) ;
#14610=EDGE_LOOP('',(#14611,#14612,#14613,#14614)) ;
#14634=EDGE_LOOP('',(#14635,#14636,#14637,#14638)) ;
#14658=EDGE_LOOP('',(#14659,#14660,#14661,#14662)) ;
#14682=EDGE_LOOP('',(#14683,#14684,#14685,#14686)) ;
#14706=EDGE_LOOP('',(#14707,#14708,#14709,#14710)) ;
#14730=EDGE_LOOP('',(#14731,#14732,#14733,#14734)) ;
#14754=EDGE_LOOP('',(#14755,#14756,#14757,#14758)) ;
#14778=EDGE_LOOP('',(#14779,#14780,#14781,#14782)) ;
#14802=EDGE_LOOP('',(#14803,#14804,#14805,#14806)) ;
#14821=EDGE_LOOP('',(#14822,#14823,#14824,#14825)) ;
#14905=EDGE_LOOP('',(#14906,#14907,#14908,#14909,#14910,#14911,#14912,#14913,#14914,#14915)) ;
#14940=EDGE_LOOP('',(#14941,#14942,#14943,#14944)) ;
#14964=EDGE_LOOP('',(#14965,#14966,#14967,#14968)) ;
#14983=EDGE_LOOP('',(#14984,#14985,#14986,#14987)) ;
#15007=EDGE_LOOP('',(#15008,#15009,#15010,#15011)) ;
#15026=EDGE_LOOP('',(#15027,#15028,#15029,#15030)) ;
#15050=EDGE_LOOP('',(#15051,#15052,#15053,#15054)) ;
#15069=EDGE_LOOP('',(#15070,#15071,#15072,#15073)) ;
#15093=EDGE_LOOP('',(#15094,#15095,#15096,#15097)) ;
#15112=EDGE_LOOP('',(#15113,#15114,#15115,#15116)) ;
#15131=EDGE_LOOP('',(#15132,#15133,#15134,#15135)) ;
#15159=EDGE_LOOP('',(#15160,#15161)) ;
#15177=EDGE_LOOP('',(#15178,#15179)) ;
#15195=EDGE_LOOP('',(#15196,#15197)) ;
#15213=EDGE_LOOP('',(#15214,#15215)) ;
#15231=EDGE_LOOP('',(#15232,#15233)) ;
#15249=EDGE_LOOP('',(#15250,#15251)) ;
#15267=EDGE_LOOP('',(#15268,#15269)) ;
#15285=EDGE_LOOP('',(#15286,#15287)) ;
#15303=EDGE_LOOP('',(#15304,#15305)) ;
#15321=EDGE_LOOP('',(#15322,#15323)) ;
#15348=EDGE_LOOP('',(#15349,#15350,#15351,#15352)) ;
#15362=EDGE_LOOP('',(#15363,#15364,#15365,#15366)) ;
#15391=EDGE_LOOP('',(#15392,#15393,#15394,#15395)) ;
#15405=EDGE_LOOP('',(#15406,#15407,#15408,#15409)) ;
#15434=EDGE_LOOP('',(#15435,#15436,#15437,#15438)) ;
#15448=EDGE_LOOP('',(#15449,#15450,#15451,#15452)) ;
#15477=EDGE_LOOP('',(#15478,#15479,#15480,#15481)) ;
#15491=EDGE_LOOP('',(#15492,#15493,#15494,#15495)) ;
#15520=EDGE_LOOP('',(#15521,#15522,#15523,#15524)) ;
#15534=EDGE_LOOP('',(#15535,#15536,#15537,#15538)) ;
#15563=EDGE_LOOP('',(#15564,#15565,#15566,#15567)) ;
#15577=EDGE_LOOP('',(#15578,#15579,#15580,#15581)) ;
#15606=EDGE_LOOP('',(#15607,#15608,#15609,#15610)) ;
#15620=EDGE_LOOP('',(#15621,#15622,#15623,#15624)) ;
#15649=EDGE_LOOP('',(#15650,#15651,#15652,#15653)) ;
#15663=EDGE_LOOP('',(#15664,#15665,#15666,#15667)) ;
#15692=EDGE_LOOP('',(#15693,#15694,#15695,#15696)) ;
#15706=EDGE_LOOP('',(#15707,#15708,#15709,#15710)) ;
#15735=EDGE_LOOP('',(#15736,#15737,#15738,#15739)) ;
#15749=EDGE_LOOP('',(#15750,#15751,#15752,#15753)) ;
#73=FACE_OUTER_BOUND('',#68,.T.) ;
#90=FACE_OUTER_BOUND('',#85,.T.) ;
#130=FACE_OUTER_BOUND('',#125,.T.) ;
#147=FACE_OUTER_BOUND('',#142,.T.) ;
#187=FACE_OUTER_BOUND('',#182,.T.) ;
#204=FACE_OUTER_BOUND('',#199,.T.) ;
#235=FACE_OUTER_BOUND('',#230,.T.) ;
#247=FACE_OUTER_BOUND('',#242,.T.) ;
#286=FACE_OUTER_BOUND('',#280,.T.) ;
#306=FACE_OUTER_BOUND('',#300,.T.) ;
#338=FACE_OUTER_BOUND('',#332,.T.) ;
#378=FACE_OUTER_BOUND('',#373,.T.) ;
#395=FACE_OUTER_BOUND('',#390,.T.) ;
#419=FACE_OUTER_BOUND('',#416,.T.) ;
#438=FACE_OUTER_BOUND('',#435,.T.) ;
#450=FACE_OUTER_BOUND('',#444,.T.) ;
#481=FACE_OUTER_BOUND('',#476,.T.) ;
#493=FACE_OUTER_BOUND('',#488,.T.) ;
#503=FACE_OUTER_BOUND('',#500,.T.) ;
#668=FACE_OUTER_BOUND('',#663,.T.) ;
#680=FACE_OUTER_BOUND('',#675,.T.) ;
#711=FACE_OUTER_BOUND('',#706,.T.) ;
#723=FACE_OUTER_BOUND('',#718,.T.) ;
#754=FACE_OUTER_BOUND('',#749,.T.) ;
#766=FACE_OUTER_BOUND('',#761,.T.) ;
#797=FACE_OUTER_BOUND('',#792,.T.) ;
#809=FACE_OUTER_BOUND('',#804,.T.) ;
#840=FACE_OUTER_BOUND('',#835,.T.) ;
#852=FACE_OUTER_BOUND('',#847,.T.) ;
#883=FACE_OUTER_BOUND('',#878,.T.) ;
#895=FACE_OUTER_BOUND('',#890,.T.) ;
#926=FACE_OUTER_BOUND('',#921,.T.) ;
#938=FACE_OUTER_BOUND('',#933,.T.) ;
#948=FACE_OUTER_BOUND('',#945,.T.) ;
#1021=FACE_OUTER_BOUND('',#1018,.T.) ;
#3838=FACE_OUTER_BOUND('',#3835,.T.) ;
#3857=FACE_OUTER_BOUND('',#3854,.T.) ;
#3876=FACE_OUTER_BOUND('',#3873,.T.) ;
#3895=FACE_OUTER_BOUND('',#3892,.T.) ;
#3914=FACE_OUTER_BOUND('',#3911,.T.) ;
#3933=FACE_OUTER_BOUND('',#3930,.T.) ;
#3952=FACE_OUTER_BOUND('',#3949,.T.) ;
#3971=FACE_OUTER_BOUND('',#3968,.T.) ;
#5083=FACE_OUTER_BOUND('',#4944,.T.) ;
#5113=FACE_OUTER_BOUND('',#5108,.T.) ;
#5137=FACE_OUTER_BOUND('',#5132,.T.) ;
#5161=FACE_OUTER_BOUND('',#5156,.T.) ;
#5185=FACE_OUTER_BOUND('',#5180,.T.) ;
#5209=FACE_OUTER_BOUND('',#5204,.T.) ;
#5233=FACE_OUTER_BOUND('',#5228,.T.) ;
#5257=FACE_OUTER_BOUND('',#5252,.T.) ;
#5281=FACE_OUTER_BOUND('',#5276,.T.) ;
#5305=FACE_OUTER_BOUND('',#5300,.T.) ;
#5329=FACE_OUTER_BOUND('',#5324,.T.) ;
#5353=FACE_OUTER_BOUND('',#5348,.T.) ;
#5377=FACE_OUTER_BOUND('',#5372,.T.) ;
#5401=FACE_OUTER_BOUND('',#5396,.T.) ;
#5425=FACE_OUTER_BOUND('',#5420,.T.) ;
#5449=FACE_OUTER_BOUND('',#5444,.T.) ;
#5473=FACE_OUTER_BOUND('',#5468,.T.) ;
#5497=FACE_OUTER_BOUND('',#5492,.T.) ;
#5521=FACE_OUTER_BOUND('',#5516,.T.) ;
#5545=FACE_OUTER_BOUND('',#5540,.T.) ;
#5569=FACE_OUTER_BOUND('',#5564,.T.) ;
#5593=FACE_OUTER_BOUND('',#5588,.T.) ;
#5617=FACE_OUTER_BOUND('',#5612,.T.) ;
#5641=FACE_OUTER_BOUND('',#5636,.T.) ;
#5665=FACE_OUTER_BOUND('',#5660,.T.) ;
#5689=FACE_OUTER_BOUND('',#5684,.T.) ;
#5708=FACE_OUTER_BOUND('',#5703,.T.) ;
#5732=FACE_OUTER_BOUND('',#5727,.T.) ;
#5756=FACE_OUTER_BOUND('',#5751,.T.) ;
#5780=FACE_OUTER_BOUND('',#5775,.T.) ;
#5804=FACE_OUTER_BOUND('',#5799,.T.) ;
#5828=FACE_OUTER_BOUND('',#5823,.T.) ;
#5852=FACE_OUTER_BOUND('',#5847,.T.) ;
#5876=FACE_OUTER_BOUND('',#5871,.T.) ;
#5900=FACE_OUTER_BOUND('',#5895,.T.) ;
#5924=FACE_OUTER_BOUND('',#5919,.T.) ;
#5948=FACE_OUTER_BOUND('',#5943,.T.) ;
#5972=FACE_OUTER_BOUND('',#5967,.T.) ;
#5996=FACE_OUTER_BOUND('',#5991,.T.) ;
#6020=FACE_OUTER_BOUND('',#6015,.T.) ;
#6044=FACE_OUTER_BOUND('',#6039,.T.) ;
#6068=FACE_OUTER_BOUND('',#6063,.T.) ;
#6092=FACE_OUTER_BOUND('',#6087,.T.) ;
#6116=FACE_OUTER_BOUND('',#6111,.T.) ;
#6140=FACE_OUTER_BOUND('',#6135,.T.) ;
#6164=FACE_OUTER_BOUND('',#6159,.T.) ;
#6188=FACE_OUTER_BOUND('',#6183,.T.) ;
#6212=FACE_OUTER_BOUND('',#6207,.T.) ;
#6231=FACE_OUTER_BOUND('',#6226,.T.) ;
#6255=FACE_OUTER_BOUND('',#6250,.T.) ;
#6279=FACE_OUTER_BOUND('',#6274,.T.) ;
#6303=FACE_OUTER_BOUND('',#6298,.T.) ;
#6327=FACE_OUTER_BOUND('',#6322,.T.) ;
#6351=FACE_OUTER_BOUND('',#6346,.T.) ;
#6375=FACE_OUTER_BOUND('',#6370,.T.) ;
#6399=FACE_OUTER_BOUND('',#6394,.T.) ;
#6423=FACE_OUTER_BOUND('',#6418,.T.) ;
#6447=FACE_OUTER_BOUND('',#6442,.T.) ;
#6471=FACE_OUTER_BOUND('',#6466,.T.) ;
#6495=FACE_OUTER_BOUND('',#6490,.T.) ;
#6519=FACE_OUTER_BOUND('',#6514,.T.) ;
#6543=FACE_OUTER_BOUND('',#6538,.T.) ;
#6567=FACE_OUTER_BOUND('',#6562,.T.) ;
#6591=FACE_OUTER_BOUND('',#6586,.T.) ;
#6615=FACE_OUTER_BOUND('',#6610,.T.) ;
#6639=FACE_OUTER_BOUND('',#6634,.T.) ;
#6663=FACE_OUTER_BOUND('',#6658,.T.) ;
#6687=FACE_OUTER_BOUND('',#6682,.T.) ;
#6711=FACE_OUTER_BOUND('',#6706,.T.) ;
#6735=FACE_OUTER_BOUND('',#6730,.T.) ;
#6759=FACE_OUTER_BOUND('',#6754,.T.) ;
#6783=FACE_OUTER_BOUND('',#6778,.T.) ;
#6807=FACE_OUTER_BOUND('',#6802,.T.) ;
#6831=FACE_OUTER_BOUND('',#6826,.T.) ;
#6855=FACE_OUTER_BOUND('',#6850,.T.) ;
#6879=FACE_OUTER_BOUND('',#6874,.T.) ;
#6903=FACE_OUTER_BOUND('',#6898,.T.) ;
#6927=FACE_OUTER_BOUND('',#6922,.T.) ;
#6951=FACE_OUTER_BOUND('',#6946,.T.) ;
#6975=FACE_OUTER_BOUND('',#6970,.T.) ;
#6999=FACE_OUTER_BOUND('',#6994,.T.) ;
#7023=FACE_OUTER_BOUND('',#7018,.T.) ;
#7047=FACE_OUTER_BOUND('',#7042,.T.) ;
#7071=FACE_OUTER_BOUND('',#7066,.T.) ;
#7095=FACE_OUTER_BOUND('',#7090,.T.) ;
#7119=FACE_OUTER_BOUND('',#7114,.T.) ;
#7143=FACE_OUTER_BOUND('',#7138,.T.) ;
#7167=FACE_OUTER_BOUND('',#7162,.T.) ;
#7191=FACE_OUTER_BOUND('',#7186,.T.) ;
#7215=FACE_OUTER_BOUND('',#7210,.T.) ;
#7239=FACE_OUTER_BOUND('',#7234,.T.) ;
#7263=FACE_OUTER_BOUND('',#7258,.T.) ;
#7287=FACE_OUTER_BOUND('',#7282,.T.) ;
#7311=FACE_OUTER_BOUND('',#7306,.T.) ;
#7335=FACE_OUTER_BOUND('',#7330,.T.) ;
#7354=FACE_OUTER_BOUND('',#7349,.T.) ;
#7373=FACE_OUTER_BOUND('',#7368,.T.) ;
#7397=FACE_OUTER_BOUND('',#7392,.T.) ;
#7421=FACE_OUTER_BOUND('',#7416,.T.) ;
#7445=FACE_OUTER_BOUND('',#7440,.T.) ;
#7469=FACE_OUTER_BOUND('',#7464,.T.) ;
#7493=FACE_OUTER_BOUND('',#7488,.T.) ;
#7517=FACE_OUTER_BOUND('',#7512,.T.) ;
#7541=FACE_OUTER_BOUND('',#7536,.T.) ;
#7565=FACE_OUTER_BOUND('',#7560,.T.) ;
#7589=FACE_OUTER_BOUND('',#7584,.T.) ;
#7613=FACE_OUTER_BOUND('',#7608,.T.) ;
#7637=FACE_OUTER_BOUND('',#7632,.T.) ;
#7661=FACE_OUTER_BOUND('',#7656,.T.) ;
#7685=FACE_OUTER_BOUND('',#7680,.T.) ;
#7709=FACE_OUTER_BOUND('',#7704,.T.) ;
#7733=FACE_OUTER_BOUND('',#7728,.T.) ;
#7757=FACE_OUTER_BOUND('',#7752,.T.) ;
#7781=FACE_OUTER_BOUND('',#7776,.T.) ;
#7805=FACE_OUTER_BOUND('',#7800,.T.) ;
#7829=FACE_OUTER_BOUND('',#7824,.T.) ;
#7853=FACE_OUTER_BOUND('',#7848,.T.) ;
#7877=FACE_OUTER_BOUND('',#7872,.T.) ;
#7901=FACE_OUTER_BOUND('',#7896,.T.) ;
#7925=FACE_OUTER_BOUND('',#7920,.T.) ;
#7949=FACE_OUTER_BOUND('',#7944,.T.) ;
#7973=FACE_OUTER_BOUND('',#7968,.T.) ;
#7997=FACE_OUTER_BOUND('',#7992,.T.) ;
#8021=FACE_OUTER_BOUND('',#8016,.T.) ;
#8045=FACE_OUTER_BOUND('',#8040,.T.) ;
#8069=FACE_OUTER_BOUND('',#8064,.T.) ;
#8093=FACE_OUTER_BOUND('',#8088,.T.) ;
#8117=FACE_OUTER_BOUND('',#8112,.T.) ;
#8141=FACE_OUTER_BOUND('',#8136,.T.) ;
#8165=FACE_OUTER_BOUND('',#8160,.T.) ;
#8189=FACE_OUTER_BOUND('',#8184,.T.) ;
#8213=FACE_OUTER_BOUND('',#8208,.T.) ;
#8237=FACE_OUTER_BOUND('',#8232,.T.) ;
#8261=FACE_OUTER_BOUND('',#8256,.T.) ;
#8285=FACE_OUTER_BOUND('',#8280,.T.) ;
#8309=FACE_OUTER_BOUND('',#8304,.T.) ;
#8333=FACE_OUTER_BOUND('',#8328,.T.) ;
#8357=FACE_OUTER_BOUND('',#8352,.T.) ;
#8376=FACE_OUTER_BOUND('',#8371,.T.) ;
#9330=FACE_OUTER_BOUND('',#9211,.T.) ;
#9359=FACE_OUTER_BOUND('',#9354,.T.) ;
#9383=FACE_OUTER_BOUND('',#9378,.T.) ;
#9407=FACE_OUTER_BOUND('',#9402,.T.) ;
#9431=FACE_OUTER_BOUND('',#9426,.T.) ;
#9455=FACE_OUTER_BOUND('',#9450,.T.) ;
#9479=FACE_OUTER_BOUND('',#9474,.T.) ;
#9503=FACE_OUTER_BOUND('',#9498,.T.) ;
#9527=FACE_OUTER_BOUND('',#9522,.T.) ;
#9551=FACE_OUTER_BOUND('',#9546,.T.) ;
#9575=FACE_OUTER_BOUND('',#9570,.T.) ;
#9599=FACE_OUTER_BOUND('',#9594,.T.) ;
#9623=FACE_OUTER_BOUND('',#9618,.T.) ;
#9647=FACE_OUTER_BOUND('',#9642,.T.) ;
#9671=FACE_OUTER_BOUND('',#9666,.T.) ;
#9695=FACE_OUTER_BOUND('',#9690,.T.) ;
#9719=FACE_OUTER_BOUND('',#9714,.T.) ;
#9743=FACE_OUTER_BOUND('',#9738,.T.) ;
#9767=FACE_OUTER_BOUND('',#9762,.T.) ;
#9791=FACE_OUTER_BOUND('',#9786,.T.) ;
#9815=FACE_OUTER_BOUND('',#9810,.T.) ;
#9839=FACE_OUTER_BOUND('',#9834,.T.) ;
#9863=FACE_OUTER_BOUND('',#9858,.T.) ;
#9887=FACE_OUTER_BOUND('',#9882,.T.) ;
#9911=FACE_OUTER_BOUND('',#9906,.T.) ;
#9935=FACE_OUTER_BOUND('',#9930,.T.) ;
#9959=FACE_OUTER_BOUND('',#9954,.T.) ;
#9983=FACE_OUTER_BOUND('',#9978,.T.) ;
#10007=FACE_OUTER_BOUND('',#10002,.T.) ;
#10031=FACE_OUTER_BOUND('',#10026,.T.) ;
#10055=FACE_OUTER_BOUND('',#10050,.T.) ;
#10079=FACE_OUTER_BOUND('',#10074,.T.) ;
#10103=FACE_OUTER_BOUND('',#10098,.T.) ;
#10127=FACE_OUTER_BOUND('',#10122,.T.) ;
#10151=FACE_OUTER_BOUND('',#10146,.T.) ;
#10175=FACE_OUTER_BOUND('',#10170,.T.) ;
#10199=FACE_OUTER_BOUND('',#10194,.T.) ;
#10223=FACE_OUTER_BOUND('',#10218,.T.) ;
#10247=FACE_OUTER_BOUND('',#10242,.T.) ;
#10271=FACE_OUTER_BOUND('',#10266,.T.) ;
#10295=FACE_OUTER_BOUND('',#10290,.T.) ;
#10319=FACE_OUTER_BOUND('',#10314,.T.) ;
#10343=FACE_OUTER_BOUND('',#10338,.T.) ;
#10367=FACE_OUTER_BOUND('',#10362,.T.) ;
#10391=FACE_OUTER_BOUND('',#10386,.T.) ;
#10415=FACE_OUTER_BOUND('',#10410,.T.) ;
#10439=FACE_OUTER_BOUND('',#10434,.T.) ;
#10463=FACE_OUTER_BOUND('',#10458,.T.) ;
#10487=FACE_OUTER_BOUND('',#10482,.T.) ;
#10511=FACE_OUTER_BOUND('',#10506,.T.) ;
#10535=FACE_OUTER_BOUND('',#10530,.T.) ;
#10559=FACE_OUTER_BOUND('',#10554,.T.) ;
#10583=FACE_OUTER_BOUND('',#10578,.T.) ;
#10607=FACE_OUTER_BOUND('',#10602,.T.) ;
#10631=FACE_OUTER_BOUND('',#10626,.T.) ;
#10655=FACE_OUTER_BOUND('',#10650,.T.) ;
#10679=FACE_OUTER_BOUND('',#10674,.T.) ;
#10703=FACE_OUTER_BOUND('',#10698,.T.) ;
#10727=FACE_OUTER_BOUND('',#10722,.T.) ;
#10751=FACE_OUTER_BOUND('',#10746,.T.) ;
#10775=FACE_OUTER_BOUND('',#10770,.T.) ;
#10799=FACE_OUTER_BOUND('',#10794,.T.) ;
#10823=FACE_OUTER_BOUND('',#10818,.T.) ;
#10847=FACE_OUTER_BOUND('',#10842,.T.) ;
#10871=FACE_OUTER_BOUND('',#10866,.T.) ;
#10895=FACE_OUTER_BOUND('',#10890,.T.) ;
#10919=FACE_OUTER_BOUND('',#10914,.T.) ;
#10943=FACE_OUTER_BOUND('',#10938,.T.) ;
#10967=FACE_OUTER_BOUND('',#10962,.T.) ;
#10991=FACE_OUTER_BOUND('',#10986,.T.) ;
#11015=FACE_OUTER_BOUND('',#11010,.T.) ;
#11039=FACE_OUTER_BOUND('',#11034,.T.) ;
#11063=FACE_OUTER_BOUND('',#11058,.T.) ;
#11087=FACE_OUTER_BOUND('',#11082,.T.) ;
#11111=FACE_OUTER_BOUND('',#11106,.T.) ;
#11135=FACE_OUTER_BOUND('',#11130,.T.) ;
#11159=FACE_OUTER_BOUND('',#11154,.T.) ;
#11183=FACE_OUTER_BOUND('',#11178,.T.) ;
#11207=FACE_OUTER_BOUND('',#11202,.T.) ;
#11231=FACE_OUTER_BOUND('',#11226,.T.) ;
#11255=FACE_OUTER_BOUND('',#11250,.T.) ;
#11279=FACE_OUTER_BOUND('',#11274,.T.) ;
#11303=FACE_OUTER_BOUND('',#11298,.T.) ;
#11327=FACE_OUTER_BOUND('',#11322,.T.) ;
#11351=FACE_OUTER_BOUND('',#11346,.T.) ;
#11375=FACE_OUTER_BOUND('',#11370,.T.) ;
#11399=FACE_OUTER_BOUND('',#11394,.T.) ;
#11423=FACE_OUTER_BOUND('',#11418,.T.) ;
#11447=FACE_OUTER_BOUND('',#11442,.T.) ;
#11471=FACE_OUTER_BOUND('',#11466,.T.) ;
#11495=FACE_OUTER_BOUND('',#11490,.T.) ;
#11519=FACE_OUTER_BOUND('',#11514,.T.) ;
#11543=FACE_OUTER_BOUND('',#11538,.T.) ;
#11567=FACE_OUTER_BOUND('',#11562,.T.) ;
#11591=FACE_OUTER_BOUND('',#11586,.T.) ;
#11615=FACE_OUTER_BOUND('',#11610,.T.) ;
#11639=FACE_OUTER_BOUND('',#11634,.T.) ;
#11663=FACE_OUTER_BOUND('',#11658,.T.) ;
#11687=FACE_OUTER_BOUND('',#11682,.T.) ;
#11711=FACE_OUTER_BOUND('',#11706,.T.) ;
#11735=FACE_OUTER_BOUND('',#11730,.T.) ;
#11759=FACE_OUTER_BOUND('',#11754,.T.) ;
#11783=FACE_OUTER_BOUND('',#11778,.T.) ;
#11807=FACE_OUTER_BOUND('',#11802,.T.) ;
#11831=FACE_OUTER_BOUND('',#11826,.T.) ;
#11855=FACE_OUTER_BOUND('',#11850,.T.) ;
#11879=FACE_OUTER_BOUND('',#11874,.T.) ;
#11903=FACE_OUTER_BOUND('',#11898,.T.) ;
#11927=FACE_OUTER_BOUND('',#11922,.T.) ;
#11951=FACE_OUTER_BOUND('',#11946,.T.) ;
#11975=FACE_OUTER_BOUND('',#11970,.T.) ;
#11999=FACE_OUTER_BOUND('',#11994,.T.) ;
#12023=FACE_OUTER_BOUND('',#12018,.T.) ;
#12047=FACE_OUTER_BOUND('',#12042,.T.) ;
#12071=FACE_OUTER_BOUND('',#12066,.T.) ;
#12095=FACE_OUTER_BOUND('',#12090,.T.) ;
#12119=FACE_OUTER_BOUND('',#12114,.T.) ;
#12143=FACE_OUTER_BOUND('',#12138,.T.) ;
#12162=FACE_OUTER_BOUND('',#12157,.T.) ;
#12204=FACE_OUTER_BOUND('',#12199,.T.) ;
#12233=FACE_OUTER_BOUND('',#12228,.T.) ;
#12257=FACE_OUTER_BOUND('',#12252,.T.) ;
#12281=FACE_OUTER_BOUND('',#12276,.T.) ;
#12300=FACE_OUTER_BOUND('',#12295,.T.) ;
#12486=FACE_OUTER_BOUND('',#12463,.T.) ;
#12515=FACE_OUTER_BOUND('',#12510,.T.) ;
#12539=FACE_OUTER_BOUND('',#12534,.T.) ;
#12563=FACE_OUTER_BOUND('',#12558,.T.) ;
#12587=FACE_OUTER_BOUND('',#12582,.T.) ;
#12611=FACE_OUTER_BOUND('',#12606,.T.) ;
#12635=FACE_OUTER_BOUND('',#12630,.T.) ;
#12659=FACE_OUTER_BOUND('',#12654,.T.) ;
#12683=FACE_OUTER_BOUND('',#12678,.T.) ;
#12707=FACE_OUTER_BOUND('',#12702,.T.) ;
#12731=FACE_OUTER_BOUND('',#12726,.T.) ;
#12755=FACE_OUTER_BOUND('',#12750,.T.) ;
#12779=FACE_OUTER_BOUND('',#12774,.T.) ;
#12803=FACE_OUTER_BOUND('',#12798,.T.) ;
#12827=FACE_OUTER_BOUND('',#12822,.T.) ;
#12851=FACE_OUTER_BOUND('',#12846,.T.) ;
#12875=FACE_OUTER_BOUND('',#12870,.T.) ;
#12899=FACE_OUTER_BOUND('',#12894,.T.) ;
#12923=FACE_OUTER_BOUND('',#12918,.T.) ;
#12947=FACE_OUTER_BOUND('',#12942,.T.) ;
#12971=FACE_OUTER_BOUND('',#12966,.T.) ;
#12995=FACE_OUTER_BOUND('',#12990,.T.) ;
#13014=FACE_OUTER_BOUND('',#13009,.T.) ;
#13200=FACE_OUTER_BOUND('',#13177,.T.) ;
#13229=FACE_OUTER_BOUND('',#13224,.T.) ;
#13253=FACE_OUTER_BOUND('',#13248,.T.) ;
#13277=FACE_OUTER_BOUND('',#13272,.T.) ;
#13301=FACE_OUTER_BOUND('',#13296,.T.) ;
#13325=FACE_OUTER_BOUND('',#13320,.T.) ;
#13349=FACE_OUTER_BOUND('',#13344,.T.) ;
#13373=FACE_OUTER_BOUND('',#13368,.T.) ;
#13397=FACE_OUTER_BOUND('',#13392,.T.) ;
#13421=FACE_OUTER_BOUND('',#13416,.T.) ;
#13445=FACE_OUTER_BOUND('',#13440,.T.) ;
#13469=FACE_OUTER_BOUND('',#13464,.T.) ;
#13493=FACE_OUTER_BOUND('',#13488,.T.) ;
#13517=FACE_OUTER_BOUND('',#13512,.T.) ;
#13541=FACE_OUTER_BOUND('',#13536,.T.) ;
#13565=FACE_OUTER_BOUND('',#13560,.T.) ;
#13589=FACE_OUTER_BOUND('',#13584,.T.) ;
#13613=FACE_OUTER_BOUND('',#13608,.T.) ;
#13637=FACE_OUTER_BOUND('',#13632,.T.) ;
#13661=FACE_OUTER_BOUND('',#13656,.T.) ;
#13685=FACE_OUTER_BOUND('',#13680,.T.) ;
#13709=FACE_OUTER_BOUND('',#13704,.T.) ;
#13728=FACE_OUTER_BOUND('',#13723,.T.) ;
#14010=FACE_OUTER_BOUND('',#13975,.T.) ;
#14039=FACE_OUTER_BOUND('',#14034,.T.) ;
#14063=FACE_OUTER_BOUND('',#14058,.T.) ;
#14087=FACE_OUTER_BOUND('',#14082,.T.) ;
#14111=FACE_OUTER_BOUND('',#14106,.T.) ;
#14135=FACE_OUTER_BOUND('',#14130,.T.) ;
#14159=FACE_OUTER_BOUND('',#14154,.T.) ;
#14183=FACE_OUTER_BOUND('',#14178,.T.) ;
#14207=FACE_OUTER_BOUND('',#14202,.T.) ;
#14231=FACE_OUTER_BOUND('',#14226,.T.) ;
#14255=FACE_OUTER_BOUND('',#14250,.T.) ;
#14279=FACE_OUTER_BOUND('',#14274,.T.) ;
#14303=FACE_OUTER_BOUND('',#14298,.T.) ;
#14327=FACE_OUTER_BOUND('',#14322,.T.) ;
#14351=FACE_OUTER_BOUND('',#14346,.T.) ;
#14375=FACE_OUTER_BOUND('',#14370,.T.) ;
#14399=FACE_OUTER_BOUND('',#14394,.T.) ;
#14423=FACE_OUTER_BOUND('',#14418,.T.) ;
#14447=FACE_OUTER_BOUND('',#14442,.T.) ;
#14471=FACE_OUTER_BOUND('',#14466,.T.) ;
#14495=FACE_OUTER_BOUND('',#14490,.T.) ;
#14519=FACE_OUTER_BOUND('',#14514,.T.) ;
#14543=FACE_OUTER_BOUND('',#14538,.T.) ;
#14567=FACE_OUTER_BOUND('',#14562,.T.) ;
#14591=FACE_OUTER_BOUND('',#14586,.T.) ;
#14615=FACE_OUTER_BOUND('',#14610,.T.) ;
#14639=FACE_OUTER_BOUND('',#14634,.T.) ;
#14663=FACE_OUTER_BOUND('',#14658,.T.) ;
#14687=FACE_OUTER_BOUND('',#14682,.T.) ;
#14711=FACE_OUTER_BOUND('',#14706,.T.) ;
#14735=FACE_OUTER_BOUND('',#14730,.T.) ;
#14759=FACE_OUTER_BOUND('',#14754,.T.) ;
#14783=FACE_OUTER_BOUND('',#14778,.T.) ;
#14807=FACE_OUTER_BOUND('',#14802,.T.) ;
#14826=FACE_OUTER_BOUND('',#14821,.T.) ;
#14916=FACE_OUTER_BOUND('',#14905,.T.) ;
#14945=FACE_OUTER_BOUND('',#14940,.T.) ;
#14969=FACE_OUTER_BOUND('',#14964,.T.) ;
#14988=FACE_OUTER_BOUND('',#14983,.T.) ;
#15012=FACE_OUTER_BOUND('',#15007,.T.) ;
#15031=FACE_OUTER_BOUND('',#15026,.T.) ;
#15055=FACE_OUTER_BOUND('',#15050,.T.) ;
#15074=FACE_OUTER_BOUND('',#15069,.T.) ;
#15098=FACE_OUTER_BOUND('',#15093,.T.) ;
#15117=FACE_OUTER_BOUND('',#15112,.T.) ;
#15136=FACE_OUTER_BOUND('',#15131,.T.) ;
#15162=FACE_OUTER_BOUND('',#15159,.T.) ;
#15353=FACE_OUTER_BOUND('',#15348,.T.) ;
#15367=FACE_OUTER_BOUND('',#15362,.T.) ;
#15396=FACE_OUTER_BOUND('',#15391,.T.) ;
#15410=FACE_OUTER_BOUND('',#15405,.T.) ;
#15439=FACE_OUTER_BOUND('',#15434,.T.) ;
#15453=FACE_OUTER_BOUND('',#15448,.T.) ;
#15482=FACE_OUTER_BOUND('',#15477,.T.) ;
#15496=FACE_OUTER_BOUND('',#15491,.T.) ;
#15525=FACE_OUTER_BOUND('',#15520,.T.) ;
#15539=FACE_OUTER_BOUND('',#15534,.T.) ;
#15568=FACE_OUTER_BOUND('',#15563,.T.) ;
#15582=FACE_OUTER_BOUND('',#15577,.T.) ;
#15611=FACE_OUTER_BOUND('',#15606,.T.) ;
#15625=FACE_OUTER_BOUND('',#15620,.T.) ;
#15654=FACE_OUTER_BOUND('',#15649,.T.) ;
#15668=FACE_OUTER_BOUND('',#15663,.T.) ;
#15697=FACE_OUTER_BOUND('',#15692,.T.) ;
#15711=FACE_OUTER_BOUND('',#15706,.T.) ;
#15740=FACE_OUTER_BOUND('',#15735,.T.) ;
#15754=FACE_OUTER_BOUND('',#15749,.T.) ;
#16=LENGTH_MEASURE_WITH_UNIT(LENGTH_MEASURE(25.4),#12) ;
#43=LINE('Line',#40,#42) ;
#59=LINE('Line',#56,#58) ;
#109=LINE('Line',#106,#108) ;
#123=LINE('Line',#120,#122) ;
#214=LINE('Line',#211,#213) ;
#228=LINE('Line',#225,#227) ;
#257=LINE('Line',#254,#256) ;
#264=LINE('Line',#261,#263) ;
#316=LINE('Line',#313,#315) ;
#330=LINE('Line',#327,#329) ;
#357=LINE('Line',#354,#356) ;
#371=LINE('Line',#368,#370) ;
#460=LINE('Line',#457,#459) ;
#474=LINE('Line',#471,#473) ;
#647=LINE('Line',#644,#646) ;
#654=LINE('Line',#651,#653) ;
#690=LINE('Line',#687,#689) ;
#697=LINE('Line',#694,#696) ;
#733=LINE('Line',#730,#732) ;
#740=LINE('Line',#737,#739) ;
#776=LINE('Line',#773,#775) ;
#783=LINE('Line',#780,#782) ;
#819=LINE('Line',#816,#818) ;
#826=LINE('Line',#823,#825) ;
#862=LINE('Line',#859,#861) ;
#869=LINE('Line',#866,#868) ;
#905=LINE('Line',#902,#904) ;
#912=LINE('Line',#909,#911) ;
#1025=LINE('Line',#1022,#1024) ;
#1034=LINE('Line',#1031,#1033) ;
#1041=LINE('Line',#1038,#1040) ;
#1048=LINE('Line',#1045,#1047) ;
#1055=LINE('Line',#1052,#1054) ;
#1062=LINE('Line',#1059,#1061) ;
#1069=LINE('Line',#1066,#1068) ;
#1076=LINE('Line',#1073,#1075) ;
#1083=LINE('Line',#1080,#1082) ;
#1090=LINE('Line',#1087,#1089) ;
#1097=LINE('Line',#1094,#1096) ;
#1104=LINE('Line',#1101,#1103) ;
#1111=LINE('Line',#1108,#1110) ;
#1118=LINE('Line',#1115,#1117) ;
#1125=LINE('Line',#1122,#1124) ;
#1132=LINE('Line',#1129,#1131) ;
#1139=LINE('Line',#1136,#1138) ;
#1146=LINE('Line',#1143,#1145) ;
#1153=LINE('Line',#1150,#1152) ;
#1160=LINE('Line',#1157,#1159) ;
#1167=LINE('Line',#1164,#1166) ;
#1174=LINE('Line',#1171,#1173) ;
#1181=LINE('Line',#1178,#1180) ;
#1188=LINE('Line',#1185,#1187) ;
#1195=LINE('Line',#1192,#1194) ;
#1202=LINE('Line',#1199,#1201) ;
#1209=LINE('Line',#1206,#1208) ;
#1216=LINE('Line',#1213,#1215) ;
#1223=LINE('Line',#1220,#1222) ;
#1230=LINE('Line',#1227,#1229) ;
#1237=LINE('Line',#1234,#1236) ;
#1244=LINE('Line',#1241,#1243) ;
#1251=LINE('Line',#1248,#1250) ;
#1258=LINE('Line',#1255,#1257) ;
#1265=LINE('Line',#1262,#1264) ;
#1272=LINE('Line',#1269,#1271) ;
#1279=LINE('Line',#1276,#1278) ;
#1286=LINE('Line',#1283,#1285) ;
#1293=LINE('Line',#1290,#1292) ;
#1300=LINE('Line',#1297,#1299) ;
#1307=LINE('Line',#1304,#1306) ;
#1314=LINE('Line',#1311,#1313) ;
#1321=LINE('Line',#1318,#1320) ;
#1328=LINE('Line',#1325,#1327) ;
#1335=LINE('Line',#1332,#1334) ;
#1342=LINE('Line',#1339,#1341) ;
#1349=LINE('Line',#1346,#1348) ;
#1356=LINE('Line',#1353,#1355) ;
#1363=LINE('Line',#1360,#1362) ;
#1370=LINE('Line',#1367,#1369) ;
#1377=LINE('Line',#1374,#1376) ;
#1384=LINE('Line',#1381,#1383) ;
#1391=LINE('Line',#1388,#1390) ;
#1398=LINE('Line',#1395,#1397) ;
#1405=LINE('Line',#1402,#1404) ;
#1412=LINE('Line',#1409,#1411) ;
#1419=LINE('Line',#1416,#1418) ;
#1426=LINE('Line',#1423,#1425) ;
#1433=LINE('Line',#1430,#1432) ;
#1440=LINE('Line',#1437,#1439) ;
#1447=LINE('Line',#1444,#1446) ;
#1454=LINE('Line',#1451,#1453) ;
#1461=LINE('Line',#1458,#1460) ;
#1468=LINE('Line',#1465,#1467) ;
#1475=LINE('Line',#1472,#1474) ;
#1482=LINE('Line',#1479,#1481) ;
#1489=LINE('Line',#1486,#1488) ;
#1496=LINE('Line',#1493,#1495) ;
#1503=LINE('Line',#1500,#1502) ;
#1510=LINE('Line',#1507,#1509) ;
#1517=LINE('Line',#1514,#1516) ;
#1524=LINE('Line',#1521,#1523) ;
#1531=LINE('Line',#1528,#1530) ;
#1538=LINE('Line',#1535,#1537) ;
#1545=LINE('Line',#1542,#1544) ;
#1552=LINE('Line',#1549,#1551) ;
#1559=LINE('Line',#1556,#1558) ;
#1566=LINE('Line',#1563,#1565) ;
#1573=LINE('Line',#1570,#1572) ;
#1580=LINE('Line',#1577,#1579) ;
#1587=LINE('Line',#1584,#1586) ;
#1594=LINE('Line',#1591,#1593) ;
#1601=LINE('Line',#1598,#1600) ;
#1608=LINE('Line',#1605,#1607) ;
#1615=LINE('Line',#1612,#1614) ;
#1622=LINE('Line',#1619,#1621) ;
#1629=LINE('Line',#1626,#1628) ;
#1636=LINE('Line',#1633,#1635) ;
#1643=LINE('Line',#1640,#1642) ;
#1650=LINE('Line',#1647,#1649) ;
#1657=LINE('Line',#1654,#1656) ;
#1664=LINE('Line',#1661,#1663) ;
#1671=LINE('Line',#1668,#1670) ;
#1678=LINE('Line',#1675,#1677) ;
#1685=LINE('Line',#1682,#1684) ;
#1692=LINE('Line',#1689,#1691) ;
#1699=LINE('Line',#1696,#1698) ;
#1706=LINE('Line',#1703,#1705) ;
#1713=LINE('Line',#1710,#1712) ;
#1720=LINE('Line',#1717,#1719) ;
#1727=LINE('Line',#1724,#1726) ;
#1734=LINE('Line',#1731,#1733) ;
#1741=LINE('Line',#1738,#1740) ;
#1748=LINE('Line',#1745,#1747) ;
#1755=LINE('Line',#1752,#1754) ;
#1762=LINE('Line',#1759,#1761) ;
#1769=LINE('Line',#1766,#1768) ;
#1776=LINE('Line',#1773,#1775) ;
#1783=LINE('Line',#1780,#1782) ;
#1790=LINE('Line',#1787,#1789) ;
#1797=LINE('Line',#1794,#1796) ;
#1804=LINE('Line',#1801,#1803) ;
#1811=LINE('Line',#1808,#1810) ;
#1818=LINE('Line',#1815,#1817) ;
#1825=LINE('Line',#1822,#1824) ;
#1832=LINE('Line',#1829,#1831) ;
#1839=LINE('Line',#1836,#1838) ;
#1846=LINE('Line',#1843,#1845) ;
#1971=LINE('Line',#1968,#1970) ;
#1980=LINE('Line',#1977,#1979) ;
#1987=LINE('Line',#1984,#1986) ;
#1994=LINE('Line',#1991,#1993) ;
#2001=LINE('Line',#1998,#2000) ;
#2008=LINE('Line',#2005,#2007) ;
#2015=LINE('Line',#2012,#2014) ;
#2022=LINE('Line',#2019,#2021) ;
#2029=LINE('Line',#2026,#2028) ;
#2036=LINE('Line',#2033,#2035) ;
#2043=LINE('Line',#2040,#2042) ;
#2050=LINE('Line',#2047,#2049) ;
#2057=LINE('Line',#2054,#2056) ;
#2064=LINE('Line',#2061,#2063) ;
#2071=LINE('Line',#2068,#2070) ;
#2078=LINE('Line',#2075,#2077) ;
#2085=LINE('Line',#2082,#2084) ;
#2092=LINE('Line',#2089,#2091) ;
#2099=LINE('Line',#2096,#2098) ;
#2106=LINE('Line',#2103,#2105) ;
#2113=LINE('Line',#2110,#2112) ;
#2120=LINE('Line',#2117,#2119) ;
#2149=LINE('Line',#2146,#2148) ;
#2158=LINE('Line',#2155,#2157) ;
#2165=LINE('Line',#2162,#2164) ;
#2172=LINE('Line',#2169,#2171) ;
#2179=LINE('Line',#2176,#2178) ;
#2186=LINE('Line',#2183,#2185) ;
#2193=LINE('Line',#2190,#2192) ;
#2200=LINE('Line',#2197,#2199) ;
#2207=LINE('Line',#2204,#2206) ;
#2214=LINE('Line',#2211,#2213) ;
#2221=LINE('Line',#2218,#2220) ;
#2228=LINE('Line',#2225,#2227) ;
#2235=LINE('Line',#2232,#2234) ;
#2242=LINE('Line',#2239,#2241) ;
#2249=LINE('Line',#2246,#2248) ;
#2256=LINE('Line',#2253,#2255) ;
#2263=LINE('Line',#2260,#2262) ;
#2270=LINE('Line',#2267,#2269) ;
#2277=LINE('Line',#2274,#2276) ;
#2284=LINE('Line',#2281,#2283) ;
#2291=LINE('Line',#2288,#2290) ;
#2298=LINE('Line',#2295,#2297) ;
#2305=LINE('Line',#2302,#2304) ;
#2312=LINE('Line',#2309,#2311) ;
#2319=LINE('Line',#2316,#2318) ;
#2326=LINE('Line',#2323,#2325) ;
#2333=LINE('Line',#2330,#2332) ;
#2340=LINE('Line',#2337,#2339) ;
#2347=LINE('Line',#2344,#2346) ;
#2354=LINE('Line',#2351,#2353) ;
#2361=LINE('Line',#2358,#2360) ;
#2368=LINE('Line',#2365,#2367) ;
#2375=LINE('Line',#2372,#2374) ;
#2382=LINE('Line',#2379,#2381) ;
#2423=LINE('Line',#2420,#2422) ;
#2432=LINE('Line',#2429,#2431) ;
#2439=LINE('Line',#2436,#2438) ;
#2446=LINE('Line',#2443,#2445) ;
#2453=LINE('Line',#2450,#2452) ;
#2460=LINE('Line',#2457,#2459) ;
#2467=LINE('Line',#2464,#2466) ;
#2474=LINE('Line',#2471,#2473) ;
#2481=LINE('Line',#2478,#2480) ;
#2488=LINE('Line',#2485,#2487) ;
#2495=LINE('Line',#2492,#2494) ;
#2502=LINE('Line',#2499,#2501) ;
#2509=LINE('Line',#2506,#2508) ;
#2516=LINE('Line',#2513,#2515) ;
#2523=LINE('Line',#2520,#2522) ;
#2530=LINE('Line',#2527,#2529) ;
#2537=LINE('Line',#2534,#2536) ;
#2544=LINE('Line',#2541,#2543) ;
#2551=LINE('Line',#2548,#2550) ;
#2558=LINE('Line',#2555,#2557) ;
#2565=LINE('Line',#2562,#2564) ;
#2572=LINE('Line',#2569,#2571) ;
#2579=LINE('Line',#2576,#2578) ;
#2586=LINE('Line',#2583,#2585) ;
#2593=LINE('Line',#2590,#2592) ;
#2600=LINE('Line',#2597,#2599) ;
#2607=LINE('Line',#2604,#2606) ;
#2614=LINE('Line',#2611,#2613) ;
#2621=LINE('Line',#2618,#2620) ;
#2628=LINE('Line',#2625,#2627) ;
#2635=LINE('Line',#2632,#2634) ;
#2642=LINE('Line',#2639,#2641) ;
#2649=LINE('Line',#2646,#2648) ;
#2656=LINE('Line',#2653,#2655) ;
#2663=LINE('Line',#2660,#2662) ;
#2670=LINE('Line',#2667,#2669) ;
#2677=LINE('Line',#2674,#2676) ;
#2684=LINE('Line',#2681,#2683) ;
#2691=LINE('Line',#2688,#2690) ;
#2698=LINE('Line',#2695,#2697) ;
#2705=LINE('Line',#2702,#2704) ;
#2712=LINE('Line',#2709,#2711) ;
#2719=LINE('Line',#2716,#2718) ;
#2726=LINE('Line',#2723,#2725) ;
#2733=LINE('Line',#2730,#2732) ;
#2740=LINE('Line',#2737,#2739) ;
#2747=LINE('Line',#2744,#2746) ;
#2754=LINE('Line',#2751,#2753) ;
#2761=LINE('Line',#2758,#2760) ;
#2768=LINE('Line',#2765,#2767) ;
#2775=LINE('Line',#2772,#2774) ;
#2782=LINE('Line',#2779,#2781) ;
#2789=LINE('Line',#2786,#2788) ;
#2796=LINE('Line',#2793,#2795) ;
#2803=LINE('Line',#2800,#2802) ;
#2810=LINE('Line',#2807,#2809) ;
#2817=LINE('Line',#2814,#2816) ;
#2824=LINE('Line',#2821,#2823) ;
#2831=LINE('Line',#2828,#2830) ;
#2838=LINE('Line',#2835,#2837) ;
#2845=LINE('Line',#2842,#2844) ;
#2852=LINE('Line',#2849,#2851) ;
#2859=LINE('Line',#2856,#2858) ;
#2866=LINE('Line',#2863,#2865) ;
#2873=LINE('Line',#2870,#2872) ;
#2880=LINE('Line',#2877,#2879) ;
#2887=LINE('Line',#2884,#2886) ;
#2894=LINE('Line',#2891,#2893) ;
#2901=LINE('Line',#2898,#2900) ;
#2908=LINE('Line',#2905,#2907) ;
#2915=LINE('Line',#2912,#2914) ;
#2922=LINE('Line',#2919,#2921) ;
#2929=LINE('Line',#2926,#2928) ;
#2936=LINE('Line',#2933,#2935) ;
#2943=LINE('Line',#2940,#2942) ;
#2950=LINE('Line',#2947,#2949) ;
#2957=LINE('Line',#2954,#2956) ;
#2964=LINE('Line',#2961,#2963) ;
#2971=LINE('Line',#2968,#2970) ;
#2978=LINE('Line',#2975,#2977) ;
#2985=LINE('Line',#2982,#2984) ;
#2992=LINE('Line',#2989,#2991) ;
#2999=LINE('Line',#2996,#2998) ;
#3006=LINE('Line',#3003,#3005) ;
#3013=LINE('Line',#3010,#3012) ;
#3020=LINE('Line',#3017,#3019) ;
#3027=LINE('Line',#3024,#3026) ;
#3034=LINE('Line',#3031,#3033) ;
#3041=LINE('Line',#3038,#3040) ;
#3048=LINE('Line',#3045,#3047) ;
#3055=LINE('Line',#3052,#3054) ;
#3062=LINE('Line',#3059,#3061) ;
#3069=LINE('Line',#3066,#3068) ;
#3076=LINE('Line',#3073,#3075) ;
#3083=LINE('Line',#3080,#3082) ;
#3090=LINE('Line',#3087,#3089) ;
#3097=LINE('Line',#3094,#3096) ;
#3104=LINE('Line',#3101,#3103) ;
#3111=LINE('Line',#3108,#3110) ;
#3118=LINE('Line',#3115,#3117) ;
#3125=LINE('Line',#3122,#3124) ;
#3132=LINE('Line',#3129,#3131) ;
#3139=LINE('Line',#3136,#3138) ;
#3146=LINE('Line',#3143,#3145) ;
#3153=LINE('Line',#3150,#3152) ;
#3160=LINE('Line',#3157,#3159) ;
#3167=LINE('Line',#3164,#3166) ;
#3174=LINE('Line',#3171,#3173) ;
#3181=LINE('Line',#3178,#3180) ;
#3188=LINE('Line',#3185,#3187) ;
#3195=LINE('Line',#3192,#3194) ;
#3202=LINE('Line',#3199,#3201) ;
#3209=LINE('Line',#3206,#3208) ;
#3216=LINE('Line',#3213,#3215) ;
#3223=LINE('Line',#3220,#3222) ;
#3230=LINE('Line',#3227,#3229) ;
#3237=LINE('Line',#3234,#3236) ;
#3244=LINE('Line',#3241,#3243) ;
#3251=LINE('Line',#3248,#3250) ;
#3258=LINE('Line',#3255,#3257) ;
#3265=LINE('Line',#3262,#3264) ;
#3272=LINE('Line',#3269,#3271) ;
#3279=LINE('Line',#3276,#3278) ;
#3286=LINE('Line',#3283,#3285) ;
#3293=LINE('Line',#3290,#3292) ;
#3300=LINE('Line',#3297,#3299) ;
#3307=LINE('Line',#3304,#3306) ;
#3314=LINE('Line',#3311,#3313) ;
#3321=LINE('Line',#3318,#3320) ;
#3328=LINE('Line',#3325,#3327) ;
#3335=LINE('Line',#3332,#3334) ;
#3342=LINE('Line',#3339,#3341) ;
#3349=LINE('Line',#3346,#3348) ;
#3356=LINE('Line',#3353,#3355) ;
#3363=LINE('Line',#3360,#3362) ;
#3370=LINE('Line',#3367,#3369) ;
#3377=LINE('Line',#3374,#3376) ;
#3384=LINE('Line',#3381,#3383) ;
#3529=LINE('Line',#3526,#3528) ;
#3538=LINE('Line',#3535,#3537) ;
#3545=LINE('Line',#3542,#3544) ;
#3552=LINE('Line',#3549,#3551) ;
#3559=LINE('Line',#3556,#3558) ;
#3566=LINE('Line',#3563,#3565) ;
#3573=LINE('Line',#3570,#3572) ;
#3580=LINE('Line',#3577,#3579) ;
#3587=LINE('Line',#3584,#3586) ;
#3594=LINE('Line',#3591,#3593) ;
#3601=LINE('Line',#3598,#3600) ;
#3608=LINE('Line',#3605,#3607) ;
#3615=LINE('Line',#3612,#3614) ;
#3622=LINE('Line',#3619,#3621) ;
#3629=LINE('Line',#3626,#3628) ;
#3636=LINE('Line',#3633,#3635) ;
#3643=LINE('Line',#3640,#3642) ;
#3650=LINE('Line',#3647,#3649) ;
#3657=LINE('Line',#3654,#3656) ;
#3664=LINE('Line',#3661,#3663) ;
#3671=LINE('Line',#3668,#3670) ;
#3678=LINE('Line',#3675,#3677) ;
#3707=LINE('Line',#3704,#3706) ;
#3716=LINE('Line',#3713,#3715) ;
#3723=LINE('Line',#3720,#3722) ;
#3730=LINE('Line',#3727,#3729) ;
#3741=LINE('Line',#3738,#3740) ;
#3750=LINE('Line',#3747,#3749) ;
#3757=LINE('Line',#3754,#3756) ;
#3764=LINE('Line',#3761,#3763) ;
#3771=LINE('Line',#3768,#3770) ;
#3778=LINE('Line',#3775,#3777) ;
#3785=LINE('Line',#3782,#3784) ;
#3792=LINE('Line',#3789,#3791) ;
#3799=LINE('Line',#3796,#3798) ;
#3806=LINE('Line',#3803,#3805) ;
#3981=LINE('Line',#3978,#3980) ;
#3990=LINE('Line',#3987,#3989) ;
#3997=LINE('Line',#3994,#3996) ;
#4004=LINE('Line',#4001,#4003) ;
#4011=LINE('Line',#4008,#4010) ;
#4018=LINE('Line',#4015,#4017) ;
#4025=LINE('Line',#4022,#4024) ;
#4032=LINE('Line',#4029,#4031) ;
#4039=LINE('Line',#4036,#4038) ;
#4046=LINE('Line',#4043,#4045) ;
#4053=LINE('Line',#4050,#4052) ;
#4060=LINE('Line',#4057,#4059) ;
#4067=LINE('Line',#4064,#4066) ;
#4074=LINE('Line',#4071,#4073) ;
#4081=LINE('Line',#4078,#4080) ;
#4088=LINE('Line',#4085,#4087) ;
#4095=LINE('Line',#4092,#4094) ;
#4102=LINE('Line',#4099,#4101) ;
#4109=LINE('Line',#4106,#4108) ;
#4116=LINE('Line',#4113,#4115) ;
#4123=LINE('Line',#4120,#4122) ;
#4130=LINE('Line',#4127,#4129) ;
#4137=LINE('Line',#4134,#4136) ;
#4144=LINE('Line',#4141,#4143) ;
#4151=LINE('Line',#4148,#4150) ;
#4158=LINE('Line',#4155,#4157) ;
#4165=LINE('Line',#4162,#4164) ;
#4172=LINE('Line',#4169,#4171) ;
#4179=LINE('Line',#4176,#4178) ;
#4186=LINE('Line',#4183,#4185) ;
#4193=LINE('Line',#4190,#4192) ;
#4200=LINE('Line',#4197,#4199) ;
#4207=LINE('Line',#4204,#4206) ;
#4214=LINE('Line',#4211,#4213) ;
#4221=LINE('Line',#4218,#4220) ;
#4228=LINE('Line',#4225,#4227) ;
#4235=LINE('Line',#4232,#4234) ;
#4242=LINE('Line',#4239,#4241) ;
#4249=LINE('Line',#4246,#4248) ;
#4256=LINE('Line',#4253,#4255) ;
#4263=LINE('Line',#4260,#4262) ;
#4270=LINE('Line',#4267,#4269) ;
#4277=LINE('Line',#4274,#4276) ;
#4284=LINE('Line',#4281,#4283) ;
#4291=LINE('Line',#4288,#4290) ;
#4298=LINE('Line',#4295,#4297) ;
#4305=LINE('Line',#4302,#4304) ;
#4312=LINE('Line',#4309,#4311) ;
#4319=LINE('Line',#4316,#4318) ;
#4326=LINE('Line',#4323,#4325) ;
#4333=LINE('Line',#4330,#4332) ;
#4340=LINE('Line',#4337,#4339) ;
#4347=LINE('Line',#4344,#4346) ;
#4354=LINE('Line',#4351,#4353) ;
#4361=LINE('Line',#4358,#4360) ;
#4368=LINE('Line',#4365,#4367) ;
#4375=LINE('Line',#4372,#4374) ;
#4382=LINE('Line',#4379,#4381) ;
#4389=LINE('Line',#4386,#4388) ;
#4396=LINE('Line',#4393,#4395) ;
#4403=LINE('Line',#4400,#4402) ;
#4410=LINE('Line',#4407,#4409) ;
#4417=LINE('Line',#4414,#4416) ;
#4424=LINE('Line',#4421,#4423) ;
#4431=LINE('Line',#4428,#4430) ;
#4438=LINE('Line',#4435,#4437) ;
#4445=LINE('Line',#4442,#4444) ;
#4452=LINE('Line',#4449,#4451) ;
#4459=LINE('Line',#4456,#4458) ;
#4466=LINE('Line',#4463,#4465) ;
#4473=LINE('Line',#4470,#4472) ;
#4480=LINE('Line',#4477,#4479) ;
#4487=LINE('Line',#4484,#4486) ;
#4494=LINE('Line',#4491,#4493) ;
#4501=LINE('Line',#4498,#4500) ;
#4508=LINE('Line',#4505,#4507) ;
#4515=LINE('Line',#4512,#4514) ;
#4522=LINE('Line',#4519,#4521) ;
#4529=LINE('Line',#4526,#4528) ;
#4536=LINE('Line',#4533,#4535) ;
#4543=LINE('Line',#4540,#4542) ;
#4550=LINE('Line',#4547,#4549) ;
#4557=LINE('Line',#4554,#4556) ;
#4564=LINE('Line',#4561,#4563) ;
#4571=LINE('Line',#4568,#4570) ;
#4578=LINE('Line',#4575,#4577) ;
#4585=LINE('Line',#4582,#4584) ;
#4592=LINE('Line',#4589,#4591) ;
#4599=LINE('Line',#4596,#4598) ;
#4606=LINE('Line',#4603,#4605) ;
#4613=LINE('Line',#4610,#4612) ;
#4620=LINE('Line',#4617,#4619) ;
#4627=LINE('Line',#4624,#4626) ;
#4634=LINE('Line',#4631,#4633) ;
#4641=LINE('Line',#4638,#4640) ;
#4648=LINE('Line',#4645,#4647) ;
#4655=LINE('Line',#4652,#4654) ;
#4662=LINE('Line',#4659,#4661) ;
#4669=LINE('Line',#4666,#4668) ;
#4676=LINE('Line',#4673,#4675) ;
#4683=LINE('Line',#4680,#4682) ;
#4690=LINE('Line',#4687,#4689) ;
#4697=LINE('Line',#4694,#4696) ;
#4704=LINE('Line',#4701,#4703) ;
#4711=LINE('Line',#4708,#4710) ;
#4718=LINE('Line',#4715,#4717) ;
#4725=LINE('Line',#4722,#4724) ;
#4732=LINE('Line',#4729,#4731) ;
#4739=LINE('Line',#4736,#4738) ;
#4746=LINE('Line',#4743,#4745) ;
#4753=LINE('Line',#4750,#4752) ;
#4760=LINE('Line',#4757,#4759) ;
#4767=LINE('Line',#4764,#4766) ;
#4774=LINE('Line',#4771,#4773) ;
#4781=LINE('Line',#4778,#4780) ;
#4788=LINE('Line',#4785,#4787) ;
#4795=LINE('Line',#4792,#4794) ;
#4802=LINE('Line',#4799,#4801) ;
#4809=LINE('Line',#4806,#4808) ;
#4816=LINE('Line',#4813,#4815) ;
#4823=LINE('Line',#4820,#4822) ;
#4830=LINE('Line',#4827,#4829) ;
#4837=LINE('Line',#4834,#4836) ;
#4844=LINE('Line',#4841,#4843) ;
#4851=LINE('Line',#4848,#4850) ;
#4858=LINE('Line',#4855,#4857) ;
#4865=LINE('Line',#4862,#4864) ;
#4872=LINE('Line',#4869,#4871) ;
#4879=LINE('Line',#4876,#4878) ;
#4886=LINE('Line',#4883,#4885) ;
#4893=LINE('Line',#4890,#4892) ;
#4900=LINE('Line',#4897,#4899) ;
#4907=LINE('Line',#4904,#4906) ;
#4914=LINE('Line',#4911,#4913) ;
#4921=LINE('Line',#4918,#4920) ;
#4928=LINE('Line',#4925,#4927) ;
#4935=LINE('Line',#4932,#4934) ;
#4942=LINE('Line',#4939,#4941) ;
#5101=LINE('Line',#5098,#5100) ;
#5106=LINE('Line',#5103,#5105) ;
#5130=LINE('Line',#5127,#5129) ;
#5154=LINE('Line',#5151,#5153) ;
#5178=LINE('Line',#5175,#5177) ;
#5202=LINE('Line',#5199,#5201) ;
#5226=LINE('Line',#5223,#5225) ;
#5250=LINE('Line',#5247,#5249) ;
#5274=LINE('Line',#5271,#5273) ;
#5298=LINE('Line',#5295,#5297) ;
#5322=LINE('Line',#5319,#5321) ;
#5346=LINE('Line',#5343,#5345) ;
#5370=LINE('Line',#5367,#5369) ;
#5394=LINE('Line',#5391,#5393) ;
#5418=LINE('Line',#5415,#5417) ;
#5442=LINE('Line',#5439,#5441) ;
#5466=LINE('Line',#5463,#5465) ;
#5490=LINE('Line',#5487,#5489) ;
#5514=LINE('Line',#5511,#5513) ;
#5538=LINE('Line',#5535,#5537) ;
#5562=LINE('Line',#5559,#5561) ;
#5586=LINE('Line',#5583,#5585) ;
#5610=LINE('Line',#5607,#5609) ;
#5634=LINE('Line',#5631,#5633) ;
#5658=LINE('Line',#5655,#5657) ;
#5682=LINE('Line',#5679,#5681) ;
#5701=LINE('Line',#5698,#5700) ;
#5725=LINE('Line',#5722,#5724) ;
#5749=LINE('Line',#5746,#5748) ;
#5773=LINE('Line',#5770,#5772) ;
#5797=LINE('Line',#5794,#5796) ;
#5821=LINE('Line',#5818,#5820) ;
#5845=LINE('Line',#5842,#5844) ;
#5869=LINE('Line',#5866,#5868) ;
#5893=LINE('Line',#5890,#5892) ;
#5917=LINE('Line',#5914,#5916) ;
#5941=LINE('Line',#5938,#5940) ;
#5965=LINE('Line',#5962,#5964) ;
#5989=LINE('Line',#5986,#5988) ;
#6013=LINE('Line',#6010,#6012) ;
#6037=LINE('Line',#6034,#6036) ;
#6061=LINE('Line',#6058,#6060) ;
#6085=LINE('Line',#6082,#6084) ;
#6109=LINE('Line',#6106,#6108) ;
#6133=LINE('Line',#6130,#6132) ;
#6157=LINE('Line',#6154,#6156) ;
#6181=LINE('Line',#6178,#6180) ;
#6205=LINE('Line',#6202,#6204) ;
#6224=LINE('Line',#6221,#6223) ;
#6248=LINE('Line',#6245,#6247) ;
#6272=LINE('Line',#6269,#6271) ;
#6296=LINE('Line',#6293,#6295) ;
#6320=LINE('Line',#6317,#6319) ;
#6344=LINE('Line',#6341,#6343) ;
#6368=LINE('Line',#6365,#6367) ;
#6392=LINE('Line',#6389,#6391) ;
#6416=LINE('Line',#6413,#6415) ;
#6440=LINE('Line',#6437,#6439) ;
#6464=LINE('Line',#6461,#6463) ;
#6488=LINE('Line',#6485,#6487) ;
#6512=LINE('Line',#6509,#6511) ;
#6536=LINE('Line',#6533,#6535) ;
#6560=LINE('Line',#6557,#6559) ;
#6584=LINE('Line',#6581,#6583) ;
#6608=LINE('Line',#6605,#6607) ;
#6632=LINE('Line',#6629,#6631) ;
#6656=LINE('Line',#6653,#6655) ;
#6680=LINE('Line',#6677,#6679) ;
#6704=LINE('Line',#6701,#6703) ;
#6728=LINE('Line',#6725,#6727) ;
#6752=LINE('Line',#6749,#6751) ;
#6776=LINE('Line',#6773,#6775) ;
#6800=LINE('Line',#6797,#6799) ;
#6824=LINE('Line',#6821,#6823) ;
#6848=LINE('Line',#6845,#6847) ;
#6872=LINE('Line',#6869,#6871) ;
#6896=LINE('Line',#6893,#6895) ;
#6920=LINE('Line',#6917,#6919) ;
#6944=LINE('Line',#6941,#6943) ;
#6968=LINE('Line',#6965,#6967) ;
#6992=LINE('Line',#6989,#6991) ;
#7016=LINE('Line',#7013,#7015) ;
#7040=LINE('Line',#7037,#7039) ;
#7064=LINE('Line',#7061,#7063) ;
#7088=LINE('Line',#7085,#7087) ;
#7112=LINE('Line',#7109,#7111) ;
#7136=LINE('Line',#7133,#7135) ;
#7160=LINE('Line',#7157,#7159) ;
#7184=LINE('Line',#7181,#7183) ;
#7208=LINE('Line',#7205,#7207) ;
#7232=LINE('Line',#7229,#7231) ;
#7256=LINE('Line',#7253,#7255) ;
#7280=LINE('Line',#7277,#7279) ;
#7304=LINE('Line',#7301,#7303) ;
#7328=LINE('Line',#7325,#7327) ;
#7347=LINE('Line',#7344,#7346) ;
#7366=LINE('Line',#7363,#7365) ;
#7390=LINE('Line',#7387,#7389) ;
#7414=LINE('Line',#7411,#7413) ;
#7438=LINE('Line',#7435,#7437) ;
#7462=LINE('Line',#7459,#7461) ;
#7486=LINE('Line',#7483,#7485) ;
#7510=LINE('Line',#7507,#7509) ;
#7534=LINE('Line',#7531,#7533) ;
#7558=LINE('Line',#7555,#7557) ;
#7582=LINE('Line',#7579,#7581) ;
#7606=LINE('Line',#7603,#7605) ;
#7630=LINE('Line',#7627,#7629) ;
#7654=LINE('Line',#7651,#7653) ;
#7678=LINE('Line',#7675,#7677) ;
#7702=LINE('Line',#7699,#7701) ;
#7726=LINE('Line',#7723,#7725) ;
#7750=LINE('Line',#7747,#7749) ;
#7774=LINE('Line',#7771,#7773) ;
#7798=LINE('Line',#7795,#7797) ;
#7822=LINE('Line',#7819,#7821) ;
#7846=LINE('Line',#7843,#7845) ;
#7870=LINE('Line',#7867,#7869) ;
#7894=LINE('Line',#7891,#7893) ;
#7918=LINE('Line',#7915,#7917) ;
#7942=LINE('Line',#7939,#7941) ;
#7966=LINE('Line',#7963,#7965) ;
#7990=LINE('Line',#7987,#7989) ;
#8014=LINE('Line',#8011,#8013) ;
#8038=LINE('Line',#8035,#8037) ;
#8062=LINE('Line',#8059,#8061) ;
#8086=LINE('Line',#8083,#8085) ;
#8110=LINE('Line',#8107,#8109) ;
#8134=LINE('Line',#8131,#8133) ;
#8158=LINE('Line',#8155,#8157) ;
#8182=LINE('Line',#8179,#8181) ;
#8206=LINE('Line',#8203,#8205) ;
#8230=LINE('Line',#8227,#8229) ;
#8254=LINE('Line',#8251,#8253) ;
#8278=LINE('Line',#8275,#8277) ;
#8302=LINE('Line',#8299,#8301) ;
#8326=LINE('Line',#8323,#8325) ;
#8350=LINE('Line',#8347,#8349) ;
#8388=LINE('Line',#8385,#8387) ;
#8397=LINE('Line',#8394,#8396) ;
#8404=LINE('Line',#8401,#8403) ;
#8411=LINE('Line',#8408,#8410) ;
#8418=LINE('Line',#8415,#8417) ;
#8425=LINE('Line',#8422,#8424) ;
#8432=LINE('Line',#8429,#8431) ;
#8439=LINE('Line',#8436,#8438) ;
#8446=LINE('Line',#8443,#8445) ;
#8453=LINE('Line',#8450,#8452) ;
#8460=LINE('Line',#8457,#8459) ;
#8467=LINE('Line',#8464,#8466) ;
#8474=LINE('Line',#8471,#8473) ;
#8481=LINE('Line',#8478,#8480) ;
#8488=LINE('Line',#8485,#8487) ;
#8495=LINE('Line',#8492,#8494) ;
#8502=LINE('Line',#8499,#8501) ;
#8509=LINE('Line',#8506,#8508) ;
#8516=LINE('Line',#8513,#8515) ;
#8523=LINE('Line',#8520,#8522) ;
#8530=LINE('Line',#8527,#8529) ;
#8537=LINE('Line',#8534,#8536) ;
#8544=LINE('Line',#8541,#8543) ;
#8551=LINE('Line',#8548,#8550) ;
#8558=LINE('Line',#8555,#8557) ;
#8565=LINE('Line',#8562,#8564) ;
#8572=LINE('Line',#8569,#8571) ;
#8579=LINE('Line',#8576,#8578) ;
#8586=LINE('Line',#8583,#8585) ;
#8593=LINE('Line',#8590,#8592) ;
#8600=LINE('Line',#8597,#8599) ;
#8607=LINE('Line',#8604,#8606) ;
#8614=LINE('Line',#8611,#8613) ;
#8621=LINE('Line',#8618,#8620) ;
#8628=LINE('Line',#8625,#8627) ;
#8635=LINE('Line',#8632,#8634) ;
#8642=LINE('Line',#8639,#8641) ;
#8649=LINE('Line',#8646,#8648) ;
#8656=LINE('Line',#8653,#8655) ;
#8663=LINE('Line',#8660,#8662) ;
#8670=LINE('Line',#8667,#8669) ;
#8677=LINE('Line',#8674,#8676) ;
#8684=LINE('Line',#8681,#8683) ;
#8691=LINE('Line',#8688,#8690) ;
#8698=LINE('Line',#8695,#8697) ;
#8705=LINE('Line',#8702,#8704) ;
#8712=LINE('Line',#8709,#8711) ;
#8719=LINE('Line',#8716,#8718) ;
#8726=LINE('Line',#8723,#8725) ;
#8733=LINE('Line',#8730,#8732) ;
#8740=LINE('Line',#8737,#8739) ;
#8747=LINE('Line',#8744,#8746) ;
#8754=LINE('Line',#8751,#8753) ;
#8761=LINE('Line',#8758,#8760) ;
#8768=LINE('Line',#8765,#8767) ;
#8775=LINE('Line',#8772,#8774) ;
#8782=LINE('Line',#8779,#8781) ;
#8789=LINE('Line',#8786,#8788) ;
#8796=LINE('Line',#8793,#8795) ;
#8803=LINE('Line',#8800,#8802) ;
#8810=LINE('Line',#8807,#8809) ;
#8817=LINE('Line',#8814,#8816) ;
#8824=LINE('Line',#8821,#8823) ;
#8831=LINE('Line',#8828,#8830) ;
#8838=LINE('Line',#8835,#8837) ;
#8845=LINE('Line',#8842,#8844) ;
#8852=LINE('Line',#8849,#8851) ;
#8859=LINE('Line',#8856,#8858) ;
#8866=LINE('Line',#8863,#8865) ;
#8873=LINE('Line',#8870,#8872) ;
#8880=LINE('Line',#8877,#8879) ;
#8887=LINE('Line',#8884,#8886) ;
#8894=LINE('Line',#8891,#8893) ;
#8901=LINE('Line',#8898,#8900) ;
#8908=LINE('Line',#8905,#8907) ;
#8915=LINE('Line',#8912,#8914) ;
#8922=LINE('Line',#8919,#8921) ;
#8929=LINE('Line',#8926,#8928) ;
#8936=LINE('Line',#8933,#8935) ;
#8943=LINE('Line',#8940,#8942) ;
#8950=LINE('Line',#8947,#8949) ;
#8957=LINE('Line',#8954,#8956) ;
#8964=LINE('Line',#8961,#8963) ;
#8971=LINE('Line',#8968,#8970) ;
#8978=LINE('Line',#8975,#8977) ;
#8985=LINE('Line',#8982,#8984) ;
#8992=LINE('Line',#8989,#8991) ;
#8999=LINE('Line',#8996,#8998) ;
#9006=LINE('Line',#9003,#9005) ;
#9013=LINE('Line',#9010,#9012) ;
#9020=LINE('Line',#9017,#9019) ;
#9027=LINE('Line',#9024,#9026) ;
#9034=LINE('Line',#9031,#9033) ;
#9041=LINE('Line',#9038,#9040) ;
#9048=LINE('Line',#9045,#9047) ;
#9055=LINE('Line',#9052,#9054) ;
#9062=LINE('Line',#9059,#9061) ;
#9069=LINE('Line',#9066,#9068) ;
#9076=LINE('Line',#9073,#9075) ;
#9083=LINE('Line',#9080,#9082) ;
#9090=LINE('Line',#9087,#9089) ;
#9097=LINE('Line',#9094,#9096) ;
#9104=LINE('Line',#9101,#9103) ;
#9111=LINE('Line',#9108,#9110) ;
#9118=LINE('Line',#9115,#9117) ;
#9125=LINE('Line',#9122,#9124) ;
#9132=LINE('Line',#9129,#9131) ;
#9139=LINE('Line',#9136,#9138) ;
#9146=LINE('Line',#9143,#9145) ;
#9153=LINE('Line',#9150,#9152) ;
#9160=LINE('Line',#9157,#9159) ;
#9167=LINE('Line',#9164,#9166) ;
#9174=LINE('Line',#9171,#9173) ;
#9181=LINE('Line',#9178,#9180) ;
#9188=LINE('Line',#9185,#9187) ;
#9195=LINE('Line',#9192,#9194) ;
#9202=LINE('Line',#9199,#9201) ;
#9209=LINE('Line',#9206,#9208) ;
#9347=LINE('Line',#9344,#9346) ;
#9352=LINE('Line',#9349,#9351) ;
#9376=LINE('Line',#9373,#9375) ;
#9400=LINE('Line',#9397,#9399) ;
#9424=LINE('Line',#9421,#9423) ;
#9448=LINE('Line',#9445,#9447) ;
#9472=LINE('Line',#9469,#9471) ;
#9496=LINE('Line',#9493,#9495) ;
#9520=LINE('Line',#9517,#9519) ;
#9544=LINE('Line',#9541,#9543) ;
#9568=LINE('Line',#9565,#9567) ;
#9592=LINE('Line',#9589,#9591) ;
#9616=LINE('Line',#9613,#9615) ;
#9640=LINE('Line',#9637,#9639) ;
#9664=LINE('Line',#9661,#9663) ;
#9688=LINE('Line',#9685,#9687) ;
#9712=LINE('Line',#9709,#9711) ;
#9736=LINE('Line',#9733,#9735) ;
#9760=LINE('Line',#9757,#9759) ;
#9784=LINE('Line',#9781,#9783) ;
#9808=LINE('Line',#9805,#9807) ;
#9832=LINE('Line',#9829,#9831) ;
#9856=LINE('Line',#9853,#9855) ;
#9880=LINE('Line',#9877,#9879) ;
#9904=LINE('Line',#9901,#9903) ;
#9928=LINE('Line',#9925,#9927) ;
#9952=LINE('Line',#9949,#9951) ;
#9976=LINE('Line',#9973,#9975) ;
#10000=LINE('Line',#9997,#9999) ;
#10024=LINE('Line',#10021,#10023) ;
#10048=LINE('Line',#10045,#10047) ;
#10072=LINE('Line',#10069,#10071) ;
#10096=LINE('Line',#10093,#10095) ;
#10120=LINE('Line',#10117,#10119) ;
#10144=LINE('Line',#10141,#10143) ;
#10168=LINE('Line',#10165,#10167) ;
#10192=LINE('Line',#10189,#10191) ;
#10216=LINE('Line',#10213,#10215) ;
#10240=LINE('Line',#10237,#10239) ;
#10264=LINE('Line',#10261,#10263) ;
#10288=LINE('Line',#10285,#10287) ;
#10312=LINE('Line',#10309,#10311) ;
#10336=LINE('Line',#10333,#10335) ;
#10360=LINE('Line',#10357,#10359) ;
#10384=LINE('Line',#10381,#10383) ;
#10408=LINE('Line',#10405,#10407) ;
#10432=LINE('Line',#10429,#10431) ;
#10456=LINE('Line',#10453,#10455) ;
#10480=LINE('Line',#10477,#10479) ;
#10504=LINE('Line',#10501,#10503) ;
#10528=LINE('Line',#10525,#10527) ;
#10552=LINE('Line',#10549,#10551) ;
#10576=LINE('Line',#10573,#10575) ;
#10600=LINE('Line',#10597,#10599) ;
#10624=LINE('Line',#10621,#10623) ;
#10648=LINE('Line',#10645,#10647) ;
#10672=LINE('Line',#10669,#10671) ;
#10696=LINE('Line',#10693,#10695) ;
#10720=LINE('Line',#10717,#10719) ;
#10744=LINE('Line',#10741,#10743) ;
#10768=LINE('Line',#10765,#10767) ;
#10792=LINE('Line',#10789,#10791) ;
#10816=LINE('Line',#10813,#10815) ;
#10840=LINE('Line',#10837,#10839) ;
#10864=LINE('Line',#10861,#10863) ;
#10888=LINE('Line',#10885,#10887) ;
#10912=LINE('Line',#10909,#10911) ;
#10936=LINE('Line',#10933,#10935) ;
#10960=LINE('Line',#10957,#10959) ;
#10984=LINE('Line',#10981,#10983) ;
#11008=LINE('Line',#11005,#11007) ;
#11032=LINE('Line',#11029,#11031) ;
#11056=LINE('Line',#11053,#11055) ;
#11080=LINE('Line',#11077,#11079) ;
#11104=LINE('Line',#11101,#11103) ;
#11128=LINE('Line',#11125,#11127) ;
#11152=LINE('Line',#11149,#11151) ;
#11176=LINE('Line',#11173,#11175) ;
#11200=LINE('Line',#11197,#11199) ;
#11224=LINE('Line',#11221,#11223) ;
#11248=LINE('Line',#11245,#11247) ;
#11272=LINE('Line',#11269,#11271) ;
#11296=LINE('Line',#11293,#11295) ;
#11320=LINE('Line',#11317,#11319) ;
#11344=LINE('Line',#11341,#11343) ;
#11368=LINE('Line',#11365,#11367) ;
#11392=LINE('Line',#11389,#11391) ;
#11416=LINE('Line',#11413,#11415) ;
#11440=LINE('Line',#11437,#11439) ;
#11464=LINE('Line',#11461,#11463) ;
#11488=LINE('Line',#11485,#11487) ;
#11512=LINE('Line',#11509,#11511) ;
#11536=LINE('Line',#11533,#11535) ;
#11560=LINE('Line',#11557,#11559) ;
#11584=LINE('Line',#11581,#11583) ;
#11608=LINE('Line',#11605,#11607) ;
#11632=LINE('Line',#11629,#11631) ;
#11656=LINE('Line',#11653,#11655) ;
#11680=LINE('Line',#11677,#11679) ;
#11704=LINE('Line',#11701,#11703) ;
#11728=LINE('Line',#11725,#11727) ;
#11752=LINE('Line',#11749,#11751) ;
#11776=LINE('Line',#11773,#11775) ;
#11800=LINE('Line',#11797,#11799) ;
#11824=LINE('Line',#11821,#11823) ;
#11848=LINE('Line',#11845,#11847) ;
#11872=LINE('Line',#11869,#11871) ;
#11896=LINE('Line',#11893,#11895) ;
#11920=LINE('Line',#11917,#11919) ;
#11944=LINE('Line',#11941,#11943) ;
#11968=LINE('Line',#11965,#11967) ;
#11992=LINE('Line',#11989,#11991) ;
#12016=LINE('Line',#12013,#12015) ;
#12040=LINE('Line',#12037,#12039) ;
#12064=LINE('Line',#12061,#12063) ;
#12088=LINE('Line',#12085,#12087) ;
#12112=LINE('Line',#12109,#12111) ;
#12136=LINE('Line',#12133,#12135) ;
#12174=LINE('Line',#12171,#12173) ;
#12183=LINE('Line',#12180,#12182) ;
#12190=LINE('Line',#12187,#12189) ;
#12197=LINE('Line',#12194,#12196) ;
#12221=LINE('Line',#12218,#12220) ;
#12226=LINE('Line',#12223,#12225) ;
#12250=LINE('Line',#12247,#12249) ;
#12274=LINE('Line',#12271,#12273) ;
#12312=LINE('Line',#12309,#12311) ;
#12321=LINE('Line',#12318,#12320) ;
#12328=LINE('Line',#12325,#12327) ;
#12335=LINE('Line',#12332,#12334) ;
#12342=LINE('Line',#12339,#12341) ;
#12349=LINE('Line',#12346,#12348) ;
#12356=LINE('Line',#12353,#12355) ;
#12363=LINE('Line',#12360,#12362) ;
#12370=LINE('Line',#12367,#12369) ;
#12377=LINE('Line',#12374,#12376) ;
#12384=LINE('Line',#12381,#12383) ;
#12391=LINE('Line',#12388,#12390) ;
#12398=LINE('Line',#12395,#12397) ;
#12405=LINE('Line',#12402,#12404) ;
#12412=LINE('Line',#12409,#12411) ;
#12419=LINE('Line',#12416,#12418) ;
#12426=LINE('Line',#12423,#12425) ;
#12433=LINE('Line',#12430,#12432) ;
#12440=LINE('Line',#12437,#12439) ;
#12447=LINE('Line',#12444,#12446) ;
#12454=LINE('Line',#12451,#12453) ;
#12461=LINE('Line',#12458,#12460) ;
#12503=LINE('Line',#12500,#12502) ;
#12508=LINE('Line',#12505,#12507) ;
#12532=LINE('Line',#12529,#12531) ;
#12556=LINE('Line',#12553,#12555) ;
#12580=LINE('Line',#12577,#12579) ;
#12604=LINE('Line',#12601,#12603) ;
#12628=LINE('Line',#12625,#12627) ;
#12652=LINE('Line',#12649,#12651) ;
#12676=LINE('Line',#12673,#12675) ;
#12700=LINE('Line',#12697,#12699) ;
#12724=LINE('Line',#12721,#12723) ;
#12748=LINE('Line',#12745,#12747) ;
#12772=LINE('Line',#12769,#12771) ;
#12796=LINE('Line',#12793,#12795) ;
#12820=LINE('Line',#12817,#12819) ;
#12844=LINE('Line',#12841,#12843) ;
#12868=LINE('Line',#12865,#12867) ;
#12892=LINE('Line',#12889,#12891) ;
#12916=LINE('Line',#12913,#12915) ;
#12940=LINE('Line',#12937,#12939) ;
#12964=LINE('Line',#12961,#12963) ;
#12988=LINE('Line',#12985,#12987) ;
#13026=LINE('Line',#13023,#13025) ;
#13035=LINE('Line',#13032,#13034) ;
#13042=LINE('Line',#13039,#13041) ;
#13049=LINE('Line',#13046,#13048) ;
#13056=LINE('Line',#13053,#13055) ;
#13063=LINE('Line',#13060,#13062) ;
#13070=LINE('Line',#13067,#13069) ;
#13077=LINE('Line',#13074,#13076) ;
#13084=LINE('Line',#13081,#13083) ;
#13091=LINE('Line',#13088,#13090) ;
#13098=LINE('Line',#13095,#13097) ;
#13105=LINE('Line',#13102,#13104) ;
#13112=LINE('Line',#13109,#13111) ;
#13119=LINE('Line',#13116,#13118) ;
#13126=LINE('Line',#13123,#13125) ;
#13133=LINE('Line',#13130,#13132) ;
#13140=LINE('Line',#13137,#13139) ;
#13147=LINE('Line',#13144,#13146) ;
#13154=LINE('Line',#13151,#13153) ;
#13161=LINE('Line',#13158,#13160) ;
#13168=LINE('Line',#13165,#13167) ;
#13175=LINE('Line',#13172,#13174) ;
#13217=LINE('Line',#13214,#13216) ;
#13222=LINE('Line',#13219,#13221) ;
#13246=LINE('Line',#13243,#13245) ;
#13270=LINE('Line',#13267,#13269) ;
#13294=LINE('Line',#13291,#13293) ;
#13318=LINE('Line',#13315,#13317) ;
#13342=LINE('Line',#13339,#13341) ;
#13366=LINE('Line',#13363,#13365) ;
#13390=LINE('Line',#13387,#13389) ;
#13414=LINE('Line',#13411,#13413) ;
#13438=LINE('Line',#13435,#13437) ;
#13462=LINE('Line',#13459,#13461) ;
#13486=LINE('Line',#13483,#13485) ;
#13510=LINE('Line',#13507,#13509) ;
#13534=LINE('Line',#13531,#13533) ;
#13558=LINE('Line',#13555,#13557) ;
#13582=LINE('Line',#13579,#13581) ;
#13606=LINE('Line',#13603,#13605) ;
#13630=LINE('Line',#13627,#13629) ;
#13654=LINE('Line',#13651,#13653) ;
#13678=LINE('Line',#13675,#13677) ;
#13702=LINE('Line',#13699,#13701) ;
#13740=LINE('Line',#13737,#13739) ;
#13749=LINE('Line',#13746,#13748) ;
#13756=LINE('Line',#13753,#13755) ;
#13763=LINE('Line',#13760,#13762) ;
#13770=LINE('Line',#13767,#13769) ;
#13777=LINE('Line',#13774,#13776) ;
#13784=LINE('Line',#13781,#13783) ;
#13791=LINE('Line',#13788,#13790) ;
#13798=LINE('Line',#13795,#13797) ;
#13805=LINE('Line',#13802,#13804) ;
#13812=LINE('Line',#13809,#13811) ;
#13819=LINE('Line',#13816,#13818) ;
#13826=LINE('Line',#13823,#13825) ;
#13833=LINE('Line',#13830,#13832) ;
#13840=LINE('Line',#13837,#13839) ;
#13847=LINE('Line',#13844,#13846) ;
#13854=LINE('Line',#13851,#13853) ;
#13861=LINE('Line',#13858,#13860) ;
#13868=LINE('Line',#13865,#13867) ;
#13875=LINE('Line',#13872,#13874) ;
#13882=LINE('Line',#13879,#13881) ;
#13889=LINE('Line',#13886,#13888) ;
#13896=LINE('Line',#13893,#13895) ;
#13903=LINE('Line',#13900,#13902) ;
#13910=LINE('Line',#13907,#13909) ;
#13917=LINE('Line',#13914,#13916) ;
#13924=LINE('Line',#13921,#13923) ;
#13931=LINE('Line',#13928,#13930) ;
#13938=LINE('Line',#13935,#13937) ;
#13945=LINE('Line',#13942,#13944) ;
#13952=LINE('Line',#13949,#13951) ;
#13959=LINE('Line',#13956,#13958) ;
#13966=LINE('Line',#13963,#13965) ;
#13973=LINE('Line',#13970,#13972) ;
#14027=LINE('Line',#14024,#14026) ;
#14032=LINE('Line',#14029,#14031) ;
#14056=LINE('Line',#14053,#14055) ;
#14080=LINE('Line',#14077,#14079) ;
#14104=LINE('Line',#14101,#14103) ;
#14128=LINE('Line',#14125,#14127) ;
#14152=LINE('Line',#14149,#14151) ;
#14176=LINE('Line',#14173,#14175) ;
#14200=LINE('Line',#14197,#14199) ;
#14224=LINE('Line',#14221,#14223) ;
#14248=LINE('Line',#14245,#14247) ;
#14272=LINE('Line',#14269,#14271) ;
#14296=LINE('Line',#14293,#14295) ;
#14320=LINE('Line',#14317,#14319) ;
#14344=LINE('Line',#14341,#14343) ;
#14368=LINE('Line',#14365,#14367) ;
#14392=LINE('Line',#14389,#14391) ;
#14416=LINE('Line',#14413,#14415) ;
#14440=LINE('Line',#14437,#14439) ;
#14464=LINE('Line',#14461,#14463) ;
#14488=LINE('Line',#14485,#14487) ;
#14512=LINE('Line',#14509,#14511) ;
#14536=LINE('Line',#14533,#14535) ;
#14560=LINE('Line',#14557,#14559) ;
#14584=LINE('Line',#14581,#14583) ;
#14608=LINE('Line',#14605,#14607) ;
#14632=LINE('Line',#14629,#14631) ;
#14656=LINE('Line',#14653,#14655) ;
#14680=LINE('Line',#14677,#14679) ;
#14704=LINE('Line',#14701,#14703) ;
#14728=LINE('Line',#14725,#14727) ;
#14752=LINE('Line',#14749,#14751) ;
#14776=LINE('Line',#14773,#14775) ;
#14800=LINE('Line',#14797,#14799) ;
#14838=LINE('Line',#14835,#14837) ;
#14847=LINE('Line',#14844,#14846) ;
#14854=LINE('Line',#14851,#14853) ;
#14861=LINE('Line',#14858,#14860) ;
#14868=LINE('Line',#14865,#14867) ;
#14875=LINE('Line',#14872,#14874) ;
#14882=LINE('Line',#14879,#14881) ;
#14889=LINE('Line',#14886,#14888) ;
#14896=LINE('Line',#14893,#14895) ;
#14903=LINE('Line',#14900,#14902) ;
#14933=LINE('Line',#14930,#14932) ;
#14938=LINE('Line',#14935,#14937) ;
#14962=LINE('Line',#14959,#14961) ;
#14981=LINE('Line',#14978,#14980) ;
#15005=LINE('Line',#15002,#15004) ;
#15024=LINE('Line',#15021,#15023) ;
#15048=LINE('Line',#15045,#15047) ;
#15067=LINE('Line',#15064,#15066) ;
#15091=LINE('Line',#15088,#15090) ;
#15110=LINE('Line',#15107,#15109) ;
#15341=LINE('Line',#15338,#15340) ;
#15346=LINE('Line',#15343,#15345) ;
#15384=LINE('Line',#15381,#15383) ;
#15389=LINE('Line',#15386,#15388) ;
#15427=LINE('Line',#15424,#15426) ;
#15432=LINE('Line',#15429,#15431) ;
#15470=LINE('Line',#15467,#15469) ;
#15475=LINE('Line',#15472,#15474) ;
#15513=LINE('Line',#15510,#15512) ;
#15518=LINE('Line',#15515,#15517) ;
#15556=LINE('Line',#15553,#15555) ;
#15561=LINE('Line',#15558,#15560) ;
#15599=LINE('Line',#15596,#15598) ;
#15604=LINE('Line',#15601,#15603) ;
#15642=LINE('Line',#15639,#15641) ;
#15647=LINE('Line',#15644,#15646) ;
#15685=LINE('Line',#15682,#15684) ;
#15690=LINE('Line',#15687,#15689) ;
#15728=LINE('Line',#15725,#15727) ;
#15733=LINE('Line',#15730,#15732) ;
#401=PLANE('',#400) ;
#429=PLANE('',#428) ;
#499=PLANE('',#498) ;
#944=PLANE('',#943) ;
#3977=PLANE('',#3976) ;
#5097=PLANE('',#5096) ;
#5126=PLANE('',#5125) ;
#5150=PLANE('',#5149) ;
#5174=PLANE('',#5173) ;
#5198=PLANE('',#5197) ;
#5222=PLANE('',#5221) ;
#5246=PLANE('',#5245) ;
#5270=PLANE('',#5269) ;
#5294=PLANE('',#5293) ;
#5318=PLANE('',#5317) ;
#5342=PLANE('',#5341) ;
#5366=PLANE('',#5365) ;
#5390=PLANE('',#5389) ;
#5414=PLANE('',#5413) ;
#5438=PLANE('',#5437) ;
#5462=PLANE('',#5461) ;
#5486=PLANE('',#5485) ;
#5510=PLANE('',#5509) ;
#5534=PLANE('',#5533) ;
#5558=PLANE('',#5557) ;
#5582=PLANE('',#5581) ;
#5606=PLANE('',#5605) ;
#5630=PLANE('',#5629) ;
#5654=PLANE('',#5653) ;
#5678=PLANE('',#5677) ;
#5721=PLANE('',#5720) ;
#5745=PLANE('',#5744) ;
#5769=PLANE('',#5768) ;
#5793=PLANE('',#5792) ;
#5817=PLANE('',#5816) ;
#5841=PLANE('',#5840) ;
#5865=PLANE('',#5864) ;
#5889=PLANE('',#5888) ;
#5913=PLANE('',#5912) ;
#5937=PLANE('',#5936) ;
#5961=PLANE('',#5960) ;
#5985=PLANE('',#5984) ;
#6009=PLANE('',#6008) ;
#6033=PLANE('',#6032) ;
#6057=PLANE('',#6056) ;
#6081=PLANE('',#6080) ;
#6105=PLANE('',#6104) ;
#6129=PLANE('',#6128) ;
#6153=PLANE('',#6152) ;
#6177=PLANE('',#6176) ;
#6201=PLANE('',#6200) ;
#6244=PLANE('',#6243) ;
#6268=PLANE('',#6267) ;
#6292=PLANE('',#6291) ;
#6316=PLANE('',#6315) ;
#6340=PLANE('',#6339) ;
#6364=PLANE('',#6363) ;
#6388=PLANE('',#6387) ;
#6412=PLANE('',#6411) ;
#6436=PLANE('',#6435) ;
#6460=PLANE('',#6459) ;
#6484=PLANE('',#6483) ;
#6508=PLANE('',#6507) ;
#6532=PLANE('',#6531) ;
#6556=PLANE('',#6555) ;
#6580=PLANE('',#6579) ;
#6604=PLANE('',#6603) ;
#6628=PLANE('',#6627) ;
#6652=PLANE('',#6651) ;
#6676=PLANE('',#6675) ;
#6700=PLANE('',#6699) ;
#6724=PLANE('',#6723) ;
#6748=PLANE('',#6747) ;
#6772=PLANE('',#6771) ;
#6796=PLANE('',#6795) ;
#6820=PLANE('',#6819) ;
#6844=PLANE('',#6843) ;
#6868=PLANE('',#6867) ;
#6892=PLANE('',#6891) ;
#6916=PLANE('',#6915) ;
#6940=PLANE('',#6939) ;
#6964=PLANE('',#6963) ;
#6988=PLANE('',#6987) ;
#7012=PLANE('',#7011) ;
#7036=PLANE('',#7035) ;
#7060=PLANE('',#7059) ;
#7084=PLANE('',#7083) ;
#7108=PLANE('',#7107) ;
#7132=PLANE('',#7131) ;
#7156=PLANE('',#7155) ;
#7180=PLANE('',#7179) ;
#7204=PLANE('',#7203) ;
#7228=PLANE('',#7227) ;
#7252=PLANE('',#7251) ;
#7276=PLANE('',#7275) ;
#7300=PLANE('',#7299) ;
#7324=PLANE('',#7323) ;
#7386=PLANE('',#7385) ;
#7410=PLANE('',#7409) ;
#7434=PLANE('',#7433) ;
#7458=PLANE('',#7457) ;
#7482=PLANE('',#7481) ;
#7506=PLANE('',#7505) ;
#7530=PLANE('',#7529) ;
#7554=PLANE('',#7553) ;
#7578=PLANE('',#7577) ;
#7602=PLANE('',#7601) ;
#7626=PLANE('',#7625) ;
#7650=PLANE('',#7649) ;
#7674=PLANE('',#7673) ;
#7698=PLANE('',#7697) ;
#7722=PLANE('',#7721) ;
#7746=PLANE('',#7745) ;
#7770=PLANE('',#7769) ;
#7794=PLANE('',#7793) ;
#7818=PLANE('',#7817) ;
#7842=PLANE('',#7841) ;
#7866=PLANE('',#7865) ;
#7890=PLANE('',#7889) ;
#7914=PLANE('',#7913) ;
#7938=PLANE('',#7937) ;
#7962=PLANE('',#7961) ;
#7986=PLANE('',#7985) ;
#8010=PLANE('',#8009) ;
#8034=PLANE('',#8033) ;
#8058=PLANE('',#8057) ;
#8082=PLANE('',#8081) ;
#8106=PLANE('',#8105) ;
#8130=PLANE('',#8129) ;
#8154=PLANE('',#8153) ;
#8178=PLANE('',#8177) ;
#8202=PLANE('',#8201) ;
#8226=PLANE('',#8225) ;
#8250=PLANE('',#8249) ;
#8274=PLANE('',#8273) ;
#8298=PLANE('',#8297) ;
#8322=PLANE('',#8321) ;
#8346=PLANE('',#8345) ;
#8370=PLANE('',#8369) ;
#9343=PLANE('',#9342) ;
#9372=PLANE('',#9371) ;
#9396=PLANE('',#9395) ;
#9420=PLANE('',#9419) ;
#9444=PLANE('',#9443) ;
#9468=PLANE('',#9467) ;
#9492=PLANE('',#9491) ;
#9516=PLANE('',#9515) ;
#9540=PLANE('',#9539) ;
#9564=PLANE('',#9563) ;
#9588=PLANE('',#9587) ;
#9612=PLANE('',#9611) ;
#9636=PLANE('',#9635) ;
#9660=PLANE('',#9659) ;
#9684=PLANE('',#9683) ;
#9708=PLANE('',#9707) ;
#9732=PLANE('',#9731) ;
#9756=PLANE('',#9755) ;
#9780=PLANE('',#9779) ;
#9804=PLANE('',#9803) ;
#9828=PLANE('',#9827) ;
#9852=PLANE('',#9851) ;
#9876=PLANE('',#9875) ;
#9900=PLANE('',#9899) ;
#9924=PLANE('',#9923) ;
#9948=PLANE('',#9947) ;
#9972=PLANE('',#9971) ;
#9996=PLANE('',#9995) ;
#10020=PLANE('',#10019) ;
#10044=PLANE('',#10043) ;
#10068=PLANE('',#10067) ;
#10092=PLANE('',#10091) ;
#10116=PLANE('',#10115) ;
#10140=PLANE('',#10139) ;
#10164=PLANE('',#10163) ;
#10188=PLANE('',#10187) ;
#10212=PLANE('',#10211) ;
#10236=PLANE('',#10235) ;
#10260=PLANE('',#10259) ;
#10284=PLANE('',#10283) ;
#10308=PLANE('',#10307) ;
#10332=PLANE('',#10331) ;
#10356=PLANE('',#10355) ;
#10380=PLANE('',#10379) ;
#10404=PLANE('',#10403) ;
#10428=PLANE('',#10427) ;
#10452=PLANE('',#10451) ;
#10476=PLANE('',#10475) ;
#10500=PLANE('',#10499) ;
#10524=PLANE('',#10523) ;
#10548=PLANE('',#10547) ;
#10572=PLANE('',#10571) ;
#10596=PLANE('',#10595) ;
#10620=PLANE('',#10619) ;
#10644=PLANE('',#10643) ;
#10668=PLANE('',#10667) ;
#10692=PLANE('',#10691) ;
#10716=PLANE('',#10715) ;
#10740=PLANE('',#10739) ;
#10764=PLANE('',#10763) ;
#10788=PLANE('',#10787) ;
#10812=PLANE('',#10811) ;
#10836=PLANE('',#10835) ;
#10860=PLANE('',#10859) ;
#10884=PLANE('',#10883) ;
#10908=PLANE('',#10907) ;
#10932=PLANE('',#10931) ;
#10956=PLANE('',#10955) ;
#10980=PLANE('',#10979) ;
#11004=PLANE('',#11003) ;
#11028=PLANE('',#11027) ;
#11052=PLANE('',#11051) ;
#11076=PLANE('',#11075) ;
#11100=PLANE('',#11099) ;
#11124=PLANE('',#11123) ;
#11148=PLANE('',#11147) ;
#11172=PLANE('',#11171) ;
#11196=PLANE('',#11195) ;
#11220=PLANE('',#11219) ;
#11244=PLANE('',#11243) ;
#11268=PLANE('',#11267) ;
#11292=PLANE('',#11291) ;
#11316=PLANE('',#11315) ;
#11340=PLANE('',#11339) ;
#11364=PLANE('',#11363) ;
#11388=PLANE('',#11387) ;
#11412=PLANE('',#11411) ;
#11436=PLANE('',#11435) ;
#11460=PLANE('',#11459) ;
#11484=PLANE('',#11483) ;
#11508=PLANE('',#11507) ;
#11532=PLANE('',#11531) ;
#11556=PLANE('',#11555) ;
#11580=PLANE('',#11579) ;
#11604=PLANE('',#11603) ;
#11628=PLANE('',#11627) ;
#11652=PLANE('',#11651) ;
#11676=PLANE('',#11675) ;
#11700=PLANE('',#11699) ;
#11724=PLANE('',#11723) ;
#11748=PLANE('',#11747) ;
#11772=PLANE('',#11771) ;
#11796=PLANE('',#11795) ;
#11820=PLANE('',#11819) ;
#11844=PLANE('',#11843) ;
#11868=PLANE('',#11867) ;
#11892=PLANE('',#11891) ;
#11916=PLANE('',#11915) ;
#11940=PLANE('',#11939) ;
#11964=PLANE('',#11963) ;
#11988=PLANE('',#11987) ;
#12012=PLANE('',#12011) ;
#12036=PLANE('',#12035) ;
#12060=PLANE('',#12059) ;
#12084=PLANE('',#12083) ;
#12108=PLANE('',#12107) ;
#12132=PLANE('',#12131) ;
#12156=PLANE('',#12155) ;
#12217=PLANE('',#12216) ;
#12246=PLANE('',#12245) ;
#12270=PLANE('',#12269) ;
#12294=PLANE('',#12293) ;
#12499=PLANE('',#12498) ;
#12528=PLANE('',#12527) ;
#12552=PLANE('',#12551) ;
#12576=PLANE('',#12575) ;
#12600=PLANE('',#12599) ;
#12624=PLANE('',#12623) ;
#12648=PLANE('',#12647) ;
#12672=PLANE('',#12671) ;
#12696=PLANE('',#12695) ;
#12720=PLANE('',#12719) ;
#12744=PLANE('',#12743) ;
#12768=PLANE('',#12767) ;
#12792=PLANE('',#12791) ;
#12816=PLANE('',#12815) ;
#12840=PLANE('',#12839) ;
#12864=PLANE('',#12863) ;
#12888=PLANE('',#12887) ;
#12912=PLANE('',#12911) ;
#12936=PLANE('',#12935) ;
#12960=PLANE('',#12959) ;
#12984=PLANE('',#12983) ;
#13008=PLANE('',#13007) ;
#13213=PLANE('',#13212) ;
#13242=PLANE('',#13241) ;
#13266=PLANE('',#13265) ;
#13290=PLANE('',#13289) ;
#13314=PLANE('',#13313) ;
#13338=PLANE('',#13337) ;
#13362=PLANE('',#13361) ;
#13386=PLANE('',#13385) ;
#13410=PLANE('',#13409) ;
#13434=PLANE('',#13433) ;
#13458=PLANE('',#13457) ;
#13482=PLANE('',#13481) ;
#13506=PLANE('',#13505) ;
#13530=PLANE('',#13529) ;
#13554=PLANE('',#13553) ;
#13578=PLANE('',#13577) ;
#13602=PLANE('',#13601) ;
#13626=PLANE('',#13625) ;
#13650=PLANE('',#13649) ;
#13674=PLANE('',#13673) ;
#13698=PLANE('',#13697) ;
#13722=PLANE('',#13721) ;
#14023=PLANE('',#14022) ;
#14052=PLANE('',#14051) ;
#14076=PLANE('',#14075) ;
#14100=PLANE('',#14099) ;
#14124=PLANE('',#14123) ;
#14148=PLANE('',#14147) ;
#14172=PLANE('',#14171) ;
#14196=PLANE('',#14195) ;
#14220=PLANE('',#14219) ;
#14244=PLANE('',#14243) ;
#14268=PLANE('',#14267) ;
#14292=PLANE('',#14291) ;
#14316=PLANE('',#14315) ;
#14340=PLANE('',#14339) ;
#14364=PLANE('',#14363) ;
#14388=PLANE('',#14387) ;
#14412=PLANE('',#14411) ;
#14436=PLANE('',#14435) ;
#14460=PLANE('',#14459) ;
#14484=PLANE('',#14483) ;
#14508=PLANE('',#14507) ;
#14532=PLANE('',#14531) ;
#14556=PLANE('',#14555) ;
#14580=PLANE('',#14579) ;
#14604=PLANE('',#14603) ;
#14628=PLANE('',#14627) ;
#14652=PLANE('',#14651) ;
#14676=PLANE('',#14675) ;
#14700=PLANE('',#14699) ;
#14724=PLANE('',#14723) ;
#14748=PLANE('',#14747) ;
#14772=PLANE('',#14771) ;
#14796=PLANE('',#14795) ;
#14820=PLANE('',#14819) ;
#14929=PLANE('',#14928) ;
#14958=PLANE('',#14957) ;
#15001=PLANE('',#15000) ;
#15044=PLANE('',#15043) ;
#15087=PLANE('',#15086) ;
#15130=PLANE('',#15129) ;
#14=PLANE_ANGLE_MEASURE_WITH_UNIT(PLANE_ANGLE_MEASURE(0.0174532925199),#13) ;
#9=PRODUCT_CATEGORY_RELATIONSHIP(' ',' ',#7,#8) ;
#6=PRODUCT_DEFINITION_FORMATION_WITH_SPECIFIED_SOURCE('-',' ',#5,.NOT_KNOWN.) ;
#24=SHAPE_DEFINITION_REPRESENTATION(#11,#23) ;
#45=VERTEX_POINT('',#44) ;
#47=VERTEX_POINT('',#46) ;
#54=VERTEX_POINT('',#53) ;
#61=VERTEX_POINT('',#60) ;
#102=VERTEX_POINT('',#101) ;
#104=VERTEX_POINT('',#103) ;
#111=VERTEX_POINT('',#110) ;
#118=VERTEX_POINT('',#117) ;
#159=VERTEX_POINT('',#158) ;
#161=VERTEX_POINT('',#160) ;
#168=VERTEX_POINT('',#167) ;
#175=VERTEX_POINT('',#174) ;
#216=VERTEX_POINT('',#215) ;
#223=VERTEX_POINT('',#222) ;
#259=VERTEX_POINT('',#258) ;
#266=VERTEX_POINT('',#265) ;
#273=VERTEX_POINT('',#272) ;
#293=VERTEX_POINT('',#292) ;
#318=VERTEX_POINT('',#317) ;
#325=VERTEX_POINT('',#324) ;
#350=VERTEX_POINT('',#349) ;
#352=VERTEX_POINT('',#351) ;
#359=VERTEX_POINT('',#358) ;
#366=VERTEX_POINT('',#365) ;
#407=VERTEX_POINT('',#406) ;
#409=VERTEX_POINT('',#408) ;
#462=VERTEX_POINT('',#461) ;
#469=VERTEX_POINT('',#468) ;
#517=VERTEX_POINT('',#516) ;
#519=VERTEX_POINT('',#518) ;
#535=VERTEX_POINT('',#534) ;
#537=VERTEX_POINT('',#536) ;
#553=VERTEX_POINT('',#552) ;
#555=VERTEX_POINT('',#554) ;
#571=VERTEX_POINT('',#570) ;
#573=VERTEX_POINT('',#572) ;
#589=VERTEX_POINT('',#588) ;
#591=VERTEX_POINT('',#590) ;
#607=VERTEX_POINT('',#606) ;
#609=VERTEX_POINT('',#608) ;
#625=VERTEX_POINT('',#624) ;
#627=VERTEX_POINT('',#626) ;
#649=VERTEX_POINT('',#648) ;
#656=VERTEX_POINT('',#655) ;
#692=VERTEX_POINT('',#691) ;
#699=VERTEX_POINT('',#698) ;
#735=VERTEX_POINT('',#734) ;
#742=VERTEX_POINT('',#741) ;
#778=VERTEX_POINT('',#777) ;
#785=VERTEX_POINT('',#784) ;
#821=VERTEX_POINT('',#820) ;
#828=VERTEX_POINT('',#827) ;
#864=VERTEX_POINT('',#863) ;
#871=VERTEX_POINT('',#870) ;
#907=VERTEX_POINT('',#906) ;
#914=VERTEX_POINT('',#913) ;
#990=VERTEX_POINT('',#989) ;
#992=VERTEX_POINT('',#991) ;
#1009=VERTEX_POINT('',#1008) ;
#1011=VERTEX_POINT('',#1010) ;
#1027=VERTEX_POINT('',#1026) ;
#1029=VERTEX_POINT('',#1028) ;
#1036=VERTEX_POINT('',#1035) ;
#1043=VERTEX_POINT('',#1042) ;
#1050=VERTEX_POINT('',#1049) ;
#1057=VERTEX_POINT('',#1056) ;
#1064=VERTEX_POINT('',#1063) ;
#1071=VERTEX_POINT('',#1070) ;
#1078=VERTEX_POINT('',#1077) ;
#1085=VERTEX_POINT('',#1084) ;
#1092=VERTEX_POINT('',#1091) ;
#1099=VERTEX_POINT('',#1098) ;
#1106=VERTEX_POINT('',#1105) ;
#1113=VERTEX_POINT('',#1112) ;
#1120=VERTEX_POINT('',#1119) ;
#1127=VERTEX_POINT('',#1126) ;
#1134=VERTEX_POINT('',#1133) ;
#1141=VERTEX_POINT('',#1140) ;
#1148=VERTEX_POINT('',#1147) ;
#1155=VERTEX_POINT('',#1154) ;
#1162=VERTEX_POINT('',#1161) ;
#1169=VERTEX_POINT('',#1168) ;
#1176=VERTEX_POINT('',#1175) ;
#1183=VERTEX_POINT('',#1182) ;
#1190=VERTEX_POINT('',#1189) ;
#1197=VERTEX_POINT('',#1196) ;
#1204=VERTEX_POINT('',#1203) ;
#1211=VERTEX_POINT('',#1210) ;
#1218=VERTEX_POINT('',#1217) ;
#1225=VERTEX_POINT('',#1224) ;
#1232=VERTEX_POINT('',#1231) ;
#1239=VERTEX_POINT('',#1238) ;
#1246=VERTEX_POINT('',#1245) ;
#1253=VERTEX_POINT('',#1252) ;
#1260=VERTEX_POINT('',#1259) ;
#1267=VERTEX_POINT('',#1266) ;
#1274=VERTEX_POINT('',#1273) ;
#1281=VERTEX_POINT('',#1280) ;
#1288=VERTEX_POINT('',#1287) ;
#1295=VERTEX_POINT('',#1294) ;
#1302=VERTEX_POINT('',#1301) ;
#1309=VERTEX_POINT('',#1308) ;
#1316=VERTEX_POINT('',#1315) ;
#1323=VERTEX_POINT('',#1322) ;
#1330=VERTEX_POINT('',#1329) ;
#1337=VERTEX_POINT('',#1336) ;
#1344=VERTEX_POINT('',#1343) ;
#1351=VERTEX_POINT('',#1350) ;
#1358=VERTEX_POINT('',#1357) ;
#1365=VERTEX_POINT('',#1364) ;
#1372=VERTEX_POINT('',#1371) ;
#1379=VERTEX_POINT('',#1378) ;
#1386=VERTEX_POINT('',#1385) ;
#1393=VERTEX_POINT('',#1392) ;
#1400=VERTEX_POINT('',#1399) ;
#1407=VERTEX_POINT('',#1406) ;
#1414=VERTEX_POINT('',#1413) ;
#1421=VERTEX_POINT('',#1420) ;
#1428=VERTEX_POINT('',#1427) ;
#1435=VERTEX_POINT('',#1434) ;
#1442=VERTEX_POINT('',#1441) ;
#1449=VERTEX_POINT('',#1448) ;
#1456=VERTEX_POINT('',#1455) ;
#1463=VERTEX_POINT('',#1462) ;
#1470=VERTEX_POINT('',#1469) ;
#1477=VERTEX_POINT('',#1476) ;
#1484=VERTEX_POINT('',#1483) ;
#1491=VERTEX_POINT('',#1490) ;
#1498=VERTEX_POINT('',#1497) ;
#1505=VERTEX_POINT('',#1504) ;
#1512=VERTEX_POINT('',#1511) ;
#1519=VERTEX_POINT('',#1518) ;
#1526=VERTEX_POINT('',#1525) ;
#1533=VERTEX_POINT('',#1532) ;
#1540=VERTEX_POINT('',#1539) ;
#1547=VERTEX_POINT('',#1546) ;
#1554=VERTEX_POINT('',#1553) ;
#1561=VERTEX_POINT('',#1560) ;
#1568=VERTEX_POINT('',#1567) ;
#1575=VERTEX_POINT('',#1574) ;
#1582=VERTEX_POINT('',#1581) ;
#1589=VERTEX_POINT('',#1588) ;
#1596=VERTEX_POINT('',#1595) ;
#1603=VERTEX_POINT('',#1602) ;
#1610=VERTEX_POINT('',#1609) ;
#1617=VERTEX_POINT('',#1616) ;
#1624=VERTEX_POINT('',#1623) ;
#1631=VERTEX_POINT('',#1630) ;
#1638=VERTEX_POINT('',#1637) ;
#1645=VERTEX_POINT('',#1644) ;
#1652=VERTEX_POINT('',#1651) ;
#1659=VERTEX_POINT('',#1658) ;
#1666=VERTEX_POINT('',#1665) ;
#1673=VERTEX_POINT('',#1672) ;
#1680=VERTEX_POINT('',#1679) ;
#1687=VERTEX_POINT('',#1686) ;
#1694=VERTEX_POINT('',#1693) ;
#1701=VERTEX_POINT('',#1700) ;
#1708=VERTEX_POINT('',#1707) ;
#1715=VERTEX_POINT('',#1714) ;
#1722=VERTEX_POINT('',#1721) ;
#1729=VERTEX_POINT('',#1728) ;
#1736=VERTEX_POINT('',#1735) ;
#1743=VERTEX_POINT('',#1742) ;
#1750=VERTEX_POINT('',#1749) ;
#1757=VERTEX_POINT('',#1756) ;
#1764=VERTEX_POINT('',#1763) ;
#1771=VERTEX_POINT('',#1770) ;
#1778=VERTEX_POINT('',#1777) ;
#1785=VERTEX_POINT('',#1784) ;
#1792=VERTEX_POINT('',#1791) ;
#1799=VERTEX_POINT('',#1798) ;
#1806=VERTEX_POINT('',#1805) ;
#1813=VERTEX_POINT('',#1812) ;
#1820=VERTEX_POINT('',#1819) ;
#1827=VERTEX_POINT('',#1826) ;
#1834=VERTEX_POINT('',#1833) ;
#1841=VERTEX_POINT('',#1840) ;
#1973=VERTEX_POINT('',#1972) ;
#1975=VERTEX_POINT('',#1974) ;
#1982=VERTEX_POINT('',#1981) ;
#1989=VERTEX_POINT('',#1988) ;
#1996=VERTEX_POINT('',#1995) ;
#2003=VERTEX_POINT('',#2002) ;
#2010=VERTEX_POINT('',#2009) ;
#2017=VERTEX_POINT('',#2016) ;
#2024=VERTEX_POINT('',#2023) ;
#2031=VERTEX_POINT('',#2030) ;
#2038=VERTEX_POINT('',#2037) ;
#2045=VERTEX_POINT('',#2044) ;
#2052=VERTEX_POINT('',#2051) ;
#2059=VERTEX_POINT('',#2058) ;
#2066=VERTEX_POINT('',#2065) ;
#2073=VERTEX_POINT('',#2072) ;
#2080=VERTEX_POINT('',#2079) ;
#2087=VERTEX_POINT('',#2086) ;
#2094=VERTEX_POINT('',#2093) ;
#2101=VERTEX_POINT('',#2100) ;
#2108=VERTEX_POINT('',#2107) ;
#2115=VERTEX_POINT('',#2114) ;
#2151=VERTEX_POINT('',#2150) ;
#2153=VERTEX_POINT('',#2152) ;
#2160=VERTEX_POINT('',#2159) ;
#2167=VERTEX_POINT('',#2166) ;
#2174=VERTEX_POINT('',#2173) ;
#2181=VERTEX_POINT('',#2180) ;
#2188=VERTEX_POINT('',#2187) ;
#2195=VERTEX_POINT('',#2194) ;
#2202=VERTEX_POINT('',#2201) ;
#2209=VERTEX_POINT('',#2208) ;
#2216=VERTEX_POINT('',#2215) ;
#2223=VERTEX_POINT('',#2222) ;
#2230=VERTEX_POINT('',#2229) ;
#2237=VERTEX_POINT('',#2236) ;
#2244=VERTEX_POINT('',#2243) ;
#2251=VERTEX_POINT('',#2250) ;
#2258=VERTEX_POINT('',#2257) ;
#2265=VERTEX_POINT('',#2264) ;
#2272=VERTEX_POINT('',#2271) ;
#2279=VERTEX_POINT('',#2278) ;
#2286=VERTEX_POINT('',#2285) ;
#2293=VERTEX_POINT('',#2292) ;
#2300=VERTEX_POINT('',#2299) ;
#2307=VERTEX_POINT('',#2306) ;
#2314=VERTEX_POINT('',#2313) ;
#2321=VERTEX_POINT('',#2320) ;
#2328=VERTEX_POINT('',#2327) ;
#2335=VERTEX_POINT('',#2334) ;
#2342=VERTEX_POINT('',#2341) ;
#2349=VERTEX_POINT('',#2348) ;
#2356=VERTEX_POINT('',#2355) ;
#2363=VERTEX_POINT('',#2362) ;
#2370=VERTEX_POINT('',#2369) ;
#2377=VERTEX_POINT('',#2376) ;
#2425=VERTEX_POINT('',#2424) ;
#2427=VERTEX_POINT('',#2426) ;
#2434=VERTEX_POINT('',#2433) ;
#2441=VERTEX_POINT('',#2440) ;
#2448=VERTEX_POINT('',#2447) ;
#2455=VERTEX_POINT('',#2454) ;
#2462=VERTEX_POINT('',#2461) ;
#2469=VERTEX_POINT('',#2468) ;
#2476=VERTEX_POINT('',#2475) ;
#2483=VERTEX_POINT('',#2482) ;
#2490=VERTEX_POINT('',#2489) ;
#2497=VERTEX_POINT('',#2496) ;
#2504=VERTEX_POINT('',#2503) ;
#2511=VERTEX_POINT('',#2510) ;
#2518=VERTEX_POINT('',#2517) ;
#2525=VERTEX_POINT('',#2524) ;
#2532=VERTEX_POINT('',#2531) ;
#2539=VERTEX_POINT('',#2538) ;
#2546=VERTEX_POINT('',#2545) ;
#2553=VERTEX_POINT('',#2552) ;
#2560=VERTEX_POINT('',#2559) ;
#2567=VERTEX_POINT('',#2566) ;
#2574=VERTEX_POINT('',#2573) ;
#2581=VERTEX_POINT('',#2580) ;
#2588=VERTEX_POINT('',#2587) ;
#2595=VERTEX_POINT('',#2594) ;
#2602=VERTEX_POINT('',#2601) ;
#2609=VERTEX_POINT('',#2608) ;
#2616=VERTEX_POINT('',#2615) ;
#2623=VERTEX_POINT('',#2622) ;
#2630=VERTEX_POINT('',#2629) ;
#2637=VERTEX_POINT('',#2636) ;
#2644=VERTEX_POINT('',#2643) ;
#2651=VERTEX_POINT('',#2650) ;
#2658=VERTEX_POINT('',#2657) ;
#2665=VERTEX_POINT('',#2664) ;
#2672=VERTEX_POINT('',#2671) ;
#2679=VERTEX_POINT('',#2678) ;
#2686=VERTEX_POINT('',#2685) ;
#2693=VERTEX_POINT('',#2692) ;
#2700=VERTEX_POINT('',#2699) ;
#2707=VERTEX_POINT('',#2706) ;
#2714=VERTEX_POINT('',#2713) ;
#2721=VERTEX_POINT('',#2720) ;
#2728=VERTEX_POINT('',#2727) ;
#2735=VERTEX_POINT('',#2734) ;
#2742=VERTEX_POINT('',#2741) ;
#2749=VERTEX_POINT('',#2748) ;
#2756=VERTEX_POINT('',#2755) ;
#2763=VERTEX_POINT('',#2762) ;
#2770=VERTEX_POINT('',#2769) ;
#2777=VERTEX_POINT('',#2776) ;
#2784=VERTEX_POINT('',#2783) ;
#2791=VERTEX_POINT('',#2790) ;
#2798=VERTEX_POINT('',#2797) ;
#2805=VERTEX_POINT('',#2804) ;
#2812=VERTEX_POINT('',#2811) ;
#2819=VERTEX_POINT('',#2818) ;
#2826=VERTEX_POINT('',#2825) ;
#2833=VERTEX_POINT('',#2832) ;
#2840=VERTEX_POINT('',#2839) ;
#2847=VERTEX_POINT('',#2846) ;
#2854=VERTEX_POINT('',#2853) ;
#2861=VERTEX_POINT('',#2860) ;
#2868=VERTEX_POINT('',#2867) ;
#2875=VERTEX_POINT('',#2874) ;
#2882=VERTEX_POINT('',#2881) ;
#2889=VERTEX_POINT('',#2888) ;
#2896=VERTEX_POINT('',#2895) ;
#2903=VERTEX_POINT('',#2902) ;
#2910=VERTEX_POINT('',#2909) ;
#2917=VERTEX_POINT('',#2916) ;
#2924=VERTEX_POINT('',#2923) ;
#2931=VERTEX_POINT('',#2930) ;
#2938=VERTEX_POINT('',#2937) ;
#2945=VERTEX_POINT('',#2944) ;
#2952=VERTEX_POINT('',#2951) ;
#2959=VERTEX_POINT('',#2958) ;
#2966=VERTEX_POINT('',#2965) ;
#2973=VERTEX_POINT('',#2972) ;
#2980=VERTEX_POINT('',#2979) ;
#2987=VERTEX_POINT('',#2986) ;
#2994=VERTEX_POINT('',#2993) ;
#3001=VERTEX_POINT('',#3000) ;
#3008=VERTEX_POINT('',#3007) ;
#3015=VERTEX_POINT('',#3014) ;
#3022=VERTEX_POINT('',#3021) ;
#3029=VERTEX_POINT('',#3028) ;
#3036=VERTEX_POINT('',#3035) ;
#3043=VERTEX_POINT('',#3042) ;
#3050=VERTEX_POINT('',#3049) ;
#3057=VERTEX_POINT('',#3056) ;
#3064=VERTEX_POINT('',#3063) ;
#3071=VERTEX_POINT('',#3070) ;
#3078=VERTEX_POINT('',#3077) ;
#3085=VERTEX_POINT('',#3084) ;
#3092=VERTEX_POINT('',#3091) ;
#3099=VERTEX_POINT('',#3098) ;
#3106=VERTEX_POINT('',#3105) ;
#3113=VERTEX_POINT('',#3112) ;
#3120=VERTEX_POINT('',#3119) ;
#3127=VERTEX_POINT('',#3126) ;
#3134=VERTEX_POINT('',#3133) ;
#3141=VERTEX_POINT('',#3140) ;
#3148=VERTEX_POINT('',#3147) ;
#3155=VERTEX_POINT('',#3154) ;
#3162=VERTEX_POINT('',#3161) ;
#3169=VERTEX_POINT('',#3168) ;
#3176=VERTEX_POINT('',#3175) ;
#3183=VERTEX_POINT('',#3182) ;
#3190=VERTEX_POINT('',#3189) ;
#3197=VERTEX_POINT('',#3196) ;
#3204=VERTEX_POINT('',#3203) ;
#3211=VERTEX_POINT('',#3210) ;
#3218=VERTEX_POINT('',#3217) ;
#3225=VERTEX_POINT('',#3224) ;
#3232=VERTEX_POINT('',#3231) ;
#3239=VERTEX_POINT('',#3238) ;
#3246=VERTEX_POINT('',#3245) ;
#3253=VERTEX_POINT('',#3252) ;
#3260=VERTEX_POINT('',#3259) ;
#3267=VERTEX_POINT('',#3266) ;
#3274=VERTEX_POINT('',#3273) ;
#3281=VERTEX_POINT('',#3280) ;
#3288=VERTEX_POINT('',#3287) ;
#3295=VERTEX_POINT('',#3294) ;
#3302=VERTEX_POINT('',#3301) ;
#3309=VERTEX_POINT('',#3308) ;
#3316=VERTEX_POINT('',#3315) ;
#3323=VERTEX_POINT('',#3322) ;
#3330=VERTEX_POINT('',#3329) ;
#3337=VERTEX_POINT('',#3336) ;
#3344=VERTEX_POINT('',#3343) ;
#3351=VERTEX_POINT('',#3350) ;
#3358=VERTEX_POINT('',#3357) ;
#3365=VERTEX_POINT('',#3364) ;
#3372=VERTEX_POINT('',#3371) ;
#3379=VERTEX_POINT('',#3378) ;
#3531=VERTEX_POINT('',#3530) ;
#3533=VERTEX_POINT('',#3532) ;
#3540=VERTEX_POINT('',#3539) ;
#3547=VERTEX_POINT('',#3546) ;
#3554=VERTEX_POINT('',#3553) ;
#3561=VERTEX_POINT('',#3560) ;
#3568=VERTEX_POINT('',#3567) ;
#3575=VERTEX_POINT('',#3574) ;
#3582=VERTEX_POINT('',#3581) ;
#3589=VERTEX_POINT('',#3588) ;
#3596=VERTEX_POINT('',#3595) ;
#3603=VERTEX_POINT('',#3602) ;
#3610=VERTEX_POINT('',#3609) ;
#3617=VERTEX_POINT('',#3616) ;
#3624=VERTEX_POINT('',#3623) ;
#3631=VERTEX_POINT('',#3630) ;
#3638=VERTEX_POINT('',#3637) ;
#3645=VERTEX_POINT('',#3644) ;
#3652=VERTEX_POINT('',#3651) ;
#3659=VERTEX_POINT('',#3658) ;
#3666=VERTEX_POINT('',#3665) ;
#3673=VERTEX_POINT('',#3672) ;
#3709=VERTEX_POINT('',#3708) ;
#3711=VERTEX_POINT('',#3710) ;
#3718=VERTEX_POINT('',#3717) ;
#3725=VERTEX_POINT('',#3724) ;
#3743=VERTEX_POINT('',#3742) ;
#3745=VERTEX_POINT('',#3744) ;
#3752=VERTEX_POINT('',#3751) ;
#3759=VERTEX_POINT('',#3758) ;
#3766=VERTEX_POINT('',#3765) ;
#3773=VERTEX_POINT('',#3772) ;
#3780=VERTEX_POINT('',#3779) ;
#3787=VERTEX_POINT('',#3786) ;
#3794=VERTEX_POINT('',#3793) ;
#3801=VERTEX_POINT('',#3800) ;
#3826=VERTEX_POINT('',#3825) ;
#3828=VERTEX_POINT('',#3827) ;
#3845=VERTEX_POINT('',#3844) ;
#3847=VERTEX_POINT('',#3846) ;
#3864=VERTEX_POINT('',#3863) ;
#3866=VERTEX_POINT('',#3865) ;
#3883=VERTEX_POINT('',#3882) ;
#3885=VERTEX_POINT('',#3884) ;
#3902=VERTEX_POINT('',#3901) ;
#3904=VERTEX_POINT('',#3903) ;
#3921=VERTEX_POINT('',#3920) ;
#3923=VERTEX_POINT('',#3922) ;
#3940=VERTEX_POINT('',#3939) ;
#3942=VERTEX_POINT('',#3941) ;
#3959=VERTEX_POINT('',#3958) ;
#3961=VERTEX_POINT('',#3960) ;
#3983=VERTEX_POINT('',#3982) ;
#3985=VERTEX_POINT('',#3984) ;
#3992=VERTEX_POINT('',#3991) ;
#3999=VERTEX_POINT('',#3998) ;
#4006=VERTEX_POINT('',#4005) ;
#4013=VERTEX_POINT('',#4012) ;
#4020=VERTEX_POINT('',#4019) ;
#4027=VERTEX_POINT('',#4026) ;
#4034=VERTEX_POINT('',#4033) ;
#4041=VERTEX_POINT('',#4040) ;
#4048=VERTEX_POINT('',#4047) ;
#4055=VERTEX_POINT('',#4054) ;
#4062=VERTEX_POINT('',#4061) ;
#4069=VERTEX_POINT('',#4068) ;
#4076=VERTEX_POINT('',#4075) ;
#4083=VERTEX_POINT('',#4082) ;
#4090=VERTEX_POINT('',#4089) ;
#4097=VERTEX_POINT('',#4096) ;
#4104=VERTEX_POINT('',#4103) ;
#4111=VERTEX_POINT('',#4110) ;
#4118=VERTEX_POINT('',#4117) ;
#4125=VERTEX_POINT('',#4124) ;
#4132=VERTEX_POINT('',#4131) ;
#4139=VERTEX_POINT('',#4138) ;
#4146=VERTEX_POINT('',#4145) ;
#4153=VERTEX_POINT('',#4152) ;
#4160=VERTEX_POINT('',#4159) ;
#4167=VERTEX_POINT('',#4166) ;
#4174=VERTEX_POINT('',#4173) ;
#4181=VERTEX_POINT('',#4180) ;
#4188=VERTEX_POINT('',#4187) ;
#4195=VERTEX_POINT('',#4194) ;
#4202=VERTEX_POINT('',#4201) ;
#4209=VERTEX_POINT('',#4208) ;
#4216=VERTEX_POINT('',#4215) ;
#4223=VERTEX_POINT('',#4222) ;
#4230=VERTEX_POINT('',#4229) ;
#4237=VERTEX_POINT('',#4236) ;
#4244=VERTEX_POINT('',#4243) ;
#4251=VERTEX_POINT('',#4250) ;
#4258=VERTEX_POINT('',#4257) ;
#4265=VERTEX_POINT('',#4264) ;
#4272=VERTEX_POINT('',#4271) ;
#4279=VERTEX_POINT('',#4278) ;
#4286=VERTEX_POINT('',#4285) ;
#4293=VERTEX_POINT('',#4292) ;
#4300=VERTEX_POINT('',#4299) ;
#4307=VERTEX_POINT('',#4306) ;
#4314=VERTEX_POINT('',#4313) ;
#4321=VERTEX_POINT('',#4320) ;
#4328=VERTEX_POINT('',#4327) ;
#4335=VERTEX_POINT('',#4334) ;
#4342=VERTEX_POINT('',#4341) ;
#4349=VERTEX_POINT('',#4348) ;
#4356=VERTEX_POINT('',#4355) ;
#4363=VERTEX_POINT('',#4362) ;
#4370=VERTEX_POINT('',#4369) ;
#4377=VERTEX_POINT('',#4376) ;
#4384=VERTEX_POINT('',#4383) ;
#4391=VERTEX_POINT('',#4390) ;
#4398=VERTEX_POINT('',#4397) ;
#4405=VERTEX_POINT('',#4404) ;
#4412=VERTEX_POINT('',#4411) ;
#4419=VERTEX_POINT('',#4418) ;
#4426=VERTEX_POINT('',#4425) ;
#4433=VERTEX_POINT('',#4432) ;
#4440=VERTEX_POINT('',#4439) ;
#4447=VERTEX_POINT('',#4446) ;
#4454=VERTEX_POINT('',#4453) ;
#4461=VERTEX_POINT('',#4460) ;
#4468=VERTEX_POINT('',#4467) ;
#4475=VERTEX_POINT('',#4474) ;
#4482=VERTEX_POINT('',#4481) ;
#4489=VERTEX_POINT('',#4488) ;
#4496=VERTEX_POINT('',#4495) ;
#4503=VERTEX_POINT('',#4502) ;
#4510=VERTEX_POINT('',#4509) ;
#4517=VERTEX_POINT('',#4516) ;
#4524=VERTEX_POINT('',#4523) ;
#4531=VERTEX_POINT('',#4530) ;
#4538=VERTEX_POINT('',#4537) ;
#4545=VERTEX_POINT('',#4544) ;
#4552=VERTEX_POINT('',#4551) ;
#4559=VERTEX_POINT('',#4558) ;
#4566=VERTEX_POINT('',#4565) ;
#4573=VERTEX_POINT('',#4572) ;
#4580=VERTEX_POINT('',#4579) ;
#4587=VERTEX_POINT('',#4586) ;
#4594=VERTEX_POINT('',#4593) ;
#4601=VERTEX_POINT('',#4600) ;
#4608=VERTEX_POINT('',#4607) ;
#4615=VERTEX_POINT('',#4614) ;
#4622=VERTEX_POINT('',#4621) ;
#4629=VERTEX_POINT('',#4628) ;
#4636=VERTEX_POINT('',#4635) ;
#4643=VERTEX_POINT('',#4642) ;
#4650=VERTEX_POINT('',#4649) ;
#4657=VERTEX_POINT('',#4656) ;
#4664=VERTEX_POINT('',#4663) ;
#4671=VERTEX_POINT('',#4670) ;
#4678=VERTEX_POINT('',#4677) ;
#4685=VERTEX_POINT('',#4684) ;
#4692=VERTEX_POINT('',#4691) ;
#4699=VERTEX_POINT('',#4698) ;
#4706=VERTEX_POINT('',#4705) ;
#4713=VERTEX_POINT('',#4712) ;
#4720=VERTEX_POINT('',#4719) ;
#4727=VERTEX_POINT('',#4726) ;
#4734=VERTEX_POINT('',#4733) ;
#4741=VERTEX_POINT('',#4740) ;
#4748=VERTEX_POINT('',#4747) ;
#4755=VERTEX_POINT('',#4754) ;
#4762=VERTEX_POINT('',#4761) ;
#4769=VERTEX_POINT('',#4768) ;
#4776=VERTEX_POINT('',#4775) ;
#4783=VERTEX_POINT('',#4782) ;
#4790=VERTEX_POINT('',#4789) ;
#4797=VERTEX_POINT('',#4796) ;
#4804=VERTEX_POINT('',#4803) ;
#4811=VERTEX_POINT('',#4810) ;
#4818=VERTEX_POINT('',#4817) ;
#4825=VERTEX_POINT('',#4824) ;
#4832=VERTEX_POINT('',#4831) ;
#4839=VERTEX_POINT('',#4838) ;
#4846=VERTEX_POINT('',#4845) ;
#4853=VERTEX_POINT('',#4852) ;
#4860=VERTEX_POINT('',#4859) ;
#4867=VERTEX_POINT('',#4866) ;
#4874=VERTEX_POINT('',#4873) ;
#4881=VERTEX_POINT('',#4880) ;
#4888=VERTEX_POINT('',#4887) ;
#4895=VERTEX_POINT('',#4894) ;
#4902=VERTEX_POINT('',#4901) ;
#4909=VERTEX_POINT('',#4908) ;
#4916=VERTEX_POINT('',#4915) ;
#4923=VERTEX_POINT('',#4922) ;
#4930=VERTEX_POINT('',#4929) ;
#4937=VERTEX_POINT('',#4936) ;
#8390=VERTEX_POINT('',#8389) ;
#8392=VERTEX_POINT('',#8391) ;
#8399=VERTEX_POINT('',#8398) ;
#8406=VERTEX_POINT('',#8405) ;
#8413=VERTEX_POINT('',#8412) ;
#8420=VERTEX_POINT('',#8419) ;
#8427=VERTEX_POINT('',#8426) ;
#8434=VERTEX_POINT('',#8433) ;
#8441=VERTEX_POINT('',#8440) ;
#8448=VERTEX_POINT('',#8447) ;
#8455=VERTEX_POINT('',#8454) ;
#8462=VERTEX_POINT('',#8461) ;
#8469=VERTEX_POINT('',#8468) ;
#8476=VERTEX_POINT('',#8475) ;
#8483=VERTEX_POINT('',#8482) ;
#8490=VERTEX_POINT('',#8489) ;
#8497=VERTEX_POINT('',#8496) ;
#8504=VERTEX_POINT('',#8503) ;
#8511=VERTEX_POINT('',#8510) ;
#8518=VERTEX_POINT('',#8517) ;
#8525=VERTEX_POINT('',#8524) ;
#8532=VERTEX_POINT('',#8531) ;
#8539=VERTEX_POINT('',#8538) ;
#8546=VERTEX_POINT('',#8545) ;
#8553=VERTEX_POINT('',#8552) ;
#8560=VERTEX_POINT('',#8559) ;
#8567=VERTEX_POINT('',#8566) ;
#8574=VERTEX_POINT('',#8573) ;
#8581=VERTEX_POINT('',#8580) ;
#8588=VERTEX_POINT('',#8587) ;
#8595=VERTEX_POINT('',#8594) ;
#8602=VERTEX_POINT('',#8601) ;
#8609=VERTEX_POINT('',#8608) ;
#8616=VERTEX_POINT('',#8615) ;
#8623=VERTEX_POINT('',#8622) ;
#8630=VERTEX_POINT('',#8629) ;
#8637=VERTEX_POINT('',#8636) ;
#8644=VERTEX_POINT('',#8643) ;
#8651=VERTEX_POINT('',#8650) ;
#8658=VERTEX_POINT('',#8657) ;
#8665=VERTEX_POINT('',#8664) ;
#8672=VERTEX_POINT('',#8671) ;
#8679=VERTEX_POINT('',#8678) ;
#8686=VERTEX_POINT('',#8685) ;
#8693=VERTEX_POINT('',#8692) ;
#8700=VERTEX_POINT('',#8699) ;
#8707=VERTEX_POINT('',#8706) ;
#8714=VERTEX_POINT('',#8713) ;
#8721=VERTEX_POINT('',#8720) ;
#8728=VERTEX_POINT('',#8727) ;
#8735=VERTEX_POINT('',#8734) ;
#8742=VERTEX_POINT('',#8741) ;
#8749=VERTEX_POINT('',#8748) ;
#8756=VERTEX_POINT('',#8755) ;
#8763=VERTEX_POINT('',#8762) ;
#8770=VERTEX_POINT('',#8769) ;
#8777=VERTEX_POINT('',#8776) ;
#8784=VERTEX_POINT('',#8783) ;
#8791=VERTEX_POINT('',#8790) ;
#8798=VERTEX_POINT('',#8797) ;
#8805=VERTEX_POINT('',#8804) ;
#8812=VERTEX_POINT('',#8811) ;
#8819=VERTEX_POINT('',#8818) ;
#8826=VERTEX_POINT('',#8825) ;
#8833=VERTEX_POINT('',#8832) ;
#8840=VERTEX_POINT('',#8839) ;
#8847=VERTEX_POINT('',#8846) ;
#8854=VERTEX_POINT('',#8853) ;
#8861=VERTEX_POINT('',#8860) ;
#8868=VERTEX_POINT('',#8867) ;
#8875=VERTEX_POINT('',#8874) ;
#8882=VERTEX_POINT('',#8881) ;
#8889=VERTEX_POINT('',#8888) ;
#8896=VERTEX_POINT('',#8895) ;
#8903=VERTEX_POINT('',#8902) ;
#8910=VERTEX_POINT('',#8909) ;
#8917=VERTEX_POINT('',#8916) ;
#8924=VERTEX_POINT('',#8923) ;
#8931=VERTEX_POINT('',#8930) ;
#8938=VERTEX_POINT('',#8937) ;
#8945=VERTEX_POINT('',#8944) ;
#8952=VERTEX_POINT('',#8951) ;
#8959=VERTEX_POINT('',#8958) ;
#8966=VERTEX_POINT('',#8965) ;
#8973=VERTEX_POINT('',#8972) ;
#8980=VERTEX_POINT('',#8979) ;
#8987=VERTEX_POINT('',#8986) ;
#8994=VERTEX_POINT('',#8993) ;
#9001=VERTEX_POINT('',#9000) ;
#9008=VERTEX_POINT('',#9007) ;
#9015=VERTEX_POINT('',#9014) ;
#9022=VERTEX_POINT('',#9021) ;
#9029=VERTEX_POINT('',#9028) ;
#9036=VERTEX_POINT('',#9035) ;
#9043=VERTEX_POINT('',#9042) ;
#9050=VERTEX_POINT('',#9049) ;
#9057=VERTEX_POINT('',#9056) ;
#9064=VERTEX_POINT('',#9063) ;
#9071=VERTEX_POINT('',#9070) ;
#9078=VERTEX_POINT('',#9077) ;
#9085=VERTEX_POINT('',#9084) ;
#9092=VERTEX_POINT('',#9091) ;
#9099=VERTEX_POINT('',#9098) ;
#9106=VERTEX_POINT('',#9105) ;
#9113=VERTEX_POINT('',#9112) ;
#9120=VERTEX_POINT('',#9119) ;
#9127=VERTEX_POINT('',#9126) ;
#9134=VERTEX_POINT('',#9133) ;
#9141=VERTEX_POINT('',#9140) ;
#9148=VERTEX_POINT('',#9147) ;
#9155=VERTEX_POINT('',#9154) ;
#9162=VERTEX_POINT('',#9161) ;
#9169=VERTEX_POINT('',#9168) ;
#9176=VERTEX_POINT('',#9175) ;
#9183=VERTEX_POINT('',#9182) ;
#9190=VERTEX_POINT('',#9189) ;
#9197=VERTEX_POINT('',#9196) ;
#9204=VERTEX_POINT('',#9203) ;
#12176=VERTEX_POINT('',#12175) ;
#12178=VERTEX_POINT('',#12177) ;
#12185=VERTEX_POINT('',#12184) ;
#12192=VERTEX_POINT('',#12191) ;
#12314=VERTEX_POINT('',#12313) ;
#12316=VERTEX_POINT('',#12315) ;
#12323=VERTEX_POINT('',#12322) ;
#12330=VERTEX_POINT('',#12329) ;
#12337=VERTEX_POINT('',#12336) ;
#12344=VERTEX_POINT('',#12343) ;
#12351=VERTEX_POINT('',#12350) ;
#12358=VERTEX_POINT('',#12357) ;
#12365=VERTEX_POINT('',#12364) ;
#12372=VERTEX_POINT('',#12371) ;
#12379=VERTEX_POINT('',#12378) ;
#12386=VERTEX_POINT('',#12385) ;
#12393=VERTEX_POINT('',#12392) ;
#12400=VERTEX_POINT('',#12399) ;
#12407=VERTEX_POINT('',#12406) ;
#12414=VERTEX_POINT('',#12413) ;
#12421=VERTEX_POINT('',#12420) ;
#12428=VERTEX_POINT('',#12427) ;
#12435=VERTEX_POINT('',#12434) ;
#12442=VERTEX_POINT('',#12441) ;
#12449=VERTEX_POINT('',#12448) ;
#12456=VERTEX_POINT('',#12455) ;
#13028=VERTEX_POINT('',#13027) ;
#13030=VERTEX_POINT('',#13029) ;
#13037=VERTEX_POINT('',#13036) ;
#13044=VERTEX_POINT('',#13043) ;
#13051=VERTEX_POINT('',#13050) ;
#13058=VERTEX_POINT('',#13057) ;
#13065=VERTEX_POINT('',#13064) ;
#13072=VERTEX_POINT('',#13071) ;
#13079=VERTEX_POINT('',#13078) ;
#13086=VERTEX_POINT('',#13085) ;
#13093=VERTEX_POINT('',#13092) ;
#13100=VERTEX_POINT('',#13099) ;
#13107=VERTEX_POINT('',#13106) ;
#13114=VERTEX_POINT('',#13113) ;
#13121=VERTEX_POINT('',#13120) ;
#13128=VERTEX_POINT('',#13127) ;
#13135=VERTEX_POINT('',#13134) ;
#13142=VERTEX_POINT('',#13141) ;
#13149=VERTEX_POINT('',#13148) ;
#13156=VERTEX_POINT('',#13155) ;
#13163=VERTEX_POINT('',#13162) ;
#13170=VERTEX_POINT('',#13169) ;
#13742=VERTEX_POINT('',#13741) ;
#13744=VERTEX_POINT('',#13743) ;
#13751=VERTEX_POINT('',#13750) ;
#13758=VERTEX_POINT('',#13757) ;
#13765=VERTEX_POINT('',#13764) ;
#13772=VERTEX_POINT('',#13771) ;
#13779=VERTEX_POINT('',#13778) ;
#13786=VERTEX_POINT('',#13785) ;
#13793=VERTEX_POINT('',#13792) ;
#13800=VERTEX_POINT('',#13799) ;
#13807=VERTEX_POINT('',#13806) ;
#13814=VERTEX_POINT('',#13813) ;
#13821=VERTEX_POINT('',#13820) ;
#13828=VERTEX_POINT('',#13827) ;
#13835=VERTEX_POINT('',#13834) ;
#13842=VERTEX_POINT('',#13841) ;
#13849=VERTEX_POINT('',#13848) ;
#13856=VERTEX_POINT('',#13855) ;
#13863=VERTEX_POINT('',#13862) ;
#13870=VERTEX_POINT('',#13869) ;
#13877=VERTEX_POINT('',#13876) ;
#13884=VERTEX_POINT('',#13883) ;
#13891=VERTEX_POINT('',#13890) ;
#13898=VERTEX_POINT('',#13897) ;
#13905=VERTEX_POINT('',#13904) ;
#13912=VERTEX_POINT('',#13911) ;
#13919=VERTEX_POINT('',#13918) ;
#13926=VERTEX_POINT('',#13925) ;
#13933=VERTEX_POINT('',#13932) ;
#13940=VERTEX_POINT('',#13939) ;
#13947=VERTEX_POINT('',#13946) ;
#13954=VERTEX_POINT('',#13953) ;
#13961=VERTEX_POINT('',#13960) ;
#13968=VERTEX_POINT('',#13967) ;
#14840=VERTEX_POINT('',#14839) ;
#14842=VERTEX_POINT('',#14841) ;
#14849=VERTEX_POINT('',#14848) ;
#14856=VERTEX_POINT('',#14855) ;
#14863=VERTEX_POINT('',#14862) ;
#14870=VERTEX_POINT('',#14869) ;
#14877=VERTEX_POINT('',#14876) ;
#14884=VERTEX_POINT('',#14883) ;
#14891=VERTEX_POINT('',#14890) ;
#14898=VERTEX_POINT('',#14897) ;
#15150=VERTEX_POINT('',#15149) ;
#15152=VERTEX_POINT('',#15151) ;
#15168=VERTEX_POINT('',#15167) ;
#15170=VERTEX_POINT('',#15169) ;
#15186=VERTEX_POINT('',#15185) ;
#15188=VERTEX_POINT('',#15187) ;
#15204=VERTEX_POINT('',#15203) ;
#15206=VERTEX_POINT('',#15205) ;
#15222=VERTEX_POINT('',#15221) ;
#15224=VERTEX_POINT('',#15223) ;
#15240=VERTEX_POINT('',#15239) ;
#15242=VERTEX_POINT('',#15241) ;
#15258=VERTEX_POINT('',#15257) ;
#15260=VERTEX_POINT('',#15259) ;
#15276=VERTEX_POINT('',#15275) ;
#15278=VERTEX_POINT('',#15277) ;
#15294=VERTEX_POINT('',#15293) ;
#15296=VERTEX_POINT('',#15295) ;
#15312=VERTEX_POINT('',#15311) ;
#15314=VERTEX_POINT('',#15313) ;
#12=(LENGTH_UNIT()NAMED_UNIT(*)SI_UNIT(.MILLI.,.METRE.)) ;
#13=(NAMED_UNIT(*)PLANE_ANGLE_UNIT()SI_UNIT($,.RADIAN.)) ;
#15=(NAMED_UNIT(*)SI_UNIT($,.STERADIAN.)SOLID_ANGLE_UNIT()) ;
#18=(CONVERSION_BASED_UNIT('INCH',#16)LENGTH_UNIT()NAMED_UNIT(#17)) ;
#20=(GEOMETRIC_REPRESENTATION_CONTEXT(3)GLOBAL_UNCERTAINTY_ASSIGNED_CONTEXT((#19))GLOBAL_UNIT_ASSIGNED_CONTEXT((#18,#13,#15))REPRESENTATION_CONTEXT(' ',' ')) ;
ENDSEC;
END-ISO-10303-21;
