  0
SECTION
  2
HEADER
  9
$ACADVER
  1
AC1009
  9
$INSUNITS
 70
     4
  9
$INSBASE
 10
0.0
 20
0.0
 30
0.0
  9
$EXTMIN
 10
-5203.200
 20
-6619.200
 30
-5000.000
  9
$EXTMAX
 10
6476.743
 20
5203.200
 30
5609.600
  0
ENDSEC
  0
SECTION
  2
TABLES
  0
TABLE
  2
LTYPE
 70
     2
  0
LTYPE
  2
CONTINUOUS
 70
     0
  3
Solid line
 72
    65
 73
     0
 40
0.0
  0
LTYPE
  2
DASHED
 70
     0
  3
Dashed line
 72
    65
 73
     2
 40
10.0
 49
6.0
 49
-4.0
  0
ENDTAB
  0
TABLE
  2
LAYER
 70
    12
  0
LAYER
  2
0
 70
     0
 62
     7
  6
CONTINUOUS
  0
LAYER
  2
ELBOW_3D
 70
     0
 62
     5
  6
CONTINUOUS
  0
LAYER
  2
CONSTRUCTION
 70
     0
 62
     1
  6
CONTINUOUS
  0
LAYER
  2
ARC
 70
     0
 62
     6
  6
CONTINUOUS
  0
LAYER
  2
CIRCLES
 70
     0
 62
     4
  6
CONTINUOUS
  0
LAYER
  2
DEV_CONTOUR
 70
     0
 62
     3
  6
CONTINUOUS
  0
LAYER
  2
DEV_GENERATRICES
 70
     0
 62
     7
  6
CONTINUOUS
  0
LAYER
  2
DEV_POINTS
 70
     0
 62
     1
  6
CONTINUOUS
  0
LAYER
  2
DEV_COTES
 70
     0
 62
     2
  6
CONTINUOUS
  0
LAYER
  2
DEV_SOUDURE
 70
     0
 62
     1
  6
CONTINUOUS
  0
LAYER
  2
DEV_TEXTE
 70
     0
 62
     4
  6
CONTINUOUS
  0
LAYER
  2
POINTS
 70
     0
 62
     1
  6
CONTINUOUS
  0
ENDTAB
  0
ENDSEC
  0
SECTION
  2
BLOCKS
  0
ENDSEC
  0
SECTION
  2
ENTITIES
  0
3DFACE
  8
ELBOW_3D
  6
CONTINUOUS
 62
     5
 10
-203.200
 20
0.000
 30
0.000
 11
-202.765
 21
13.290
 31
0.000
 12
-202.765
 22
13.290
 32
252.324
 13
-203.200
 23
0.000
 33
252.505
  0
3DFACE
  8
ELBOW_3D
  6
CONTINUOUS
 62
     5
 10
-203.200
 20
0.000
 30
252.505
 11
-202.765
 21
13.290
 31
252.324
 12
-24.345
 22
13.290
 32
430.745
 13
-24.652
 23
0.000
 33
431.052
  0
3DFACE
  8
ELBOW_3D
  6
CONTINUOUS
 62
     5
 10
-202.765
 20
13.290
 30
0.000
 11
-201.462
 21
26.523
 31
0.000
 12
-201.462
 22
26.523
 32
251.785
 13
-202.765
 23
13.290
 33
252.324
  0
3DFACE
  8
ELBOW_3D
  6
CONTINUOUS
 62
     5
 10
-202.765
 20
13.290
 30
252.324
 11
-201.462
 21
26.523
 31
251.785
 12
-23.423
 22
26.523
 32
429.823
 13
-24.345
 23
13.290
 33
430.745
  0
3DFACE
  8
ELBOW_3D
  6
CONTINUOUS
 62
     5
 10
-201.462
 20
26.523
 30
0.000
 11
-199.296
 21
39.642
 31
0.000
 12
-199.296
 22
39.642
 32
250.887
 13
-201.462
 23
26.523
 33
251.785
  0
3DFACE
  8
ELBOW_3D
  6
CONTINUOUS
 62
     5
 10
-201.462
 20
26.523
 30
251.785
 11
-199.296
 21
39.642
 31
250.887
 12
-21.891
 22
39.642
 32
428.291
 13
-23.423
 23
26.523
 33
429.823
  0
3DFACE
  8
ELBOW_3D
  6
CONTINUOUS
 62
     5
 10
-199.296
 20
39.642
 30
0.000
 11
-196.276
 21
52.592
 31
0.000
 12
-196.276
 22
52.592
 32
249.637
 13
-199.296
 23
39.642
 33
250.887
  0
3DFACE
  8
ELBOW_3D
  6
CONTINUOUS
 62
     5
 10
-199.296
 20
39.642
 30
250.887
 11
-196.276
 21
52.592
 31
249.637
 12
-19.756
 22
52.592
 32
426.156
 13
-21.891
 23
39.642
 33
428.291
  0
3DFACE
  8
ELBOW_3D
  6
CONTINUOUS
 62
     5
 10
-196.276
 20
52.592
 30
0.000
 11
-192.416
 21
65.316
 31
0.000
 12
-192.416
 22
65.316
 32
248.038
 13
-196.276
 23
52.592
 33
249.637
  0
3DFACE
  8
ELBOW_3D
  6
CONTINUOUS
 62
     5
 10
-196.276
 20
52.592
 30
249.637
 11
-192.416
 21
65.316
 31
248.038
 12
-17.027
 22
65.316
 32
423.427
 13
-19.756
 23
52.592
 33
426.156
  0
3DFACE
  8
ELBOW_3D
  6
CONTINUOUS
 62
     5
 10
-192.416
 20
65.316
 30
0.000
 11
-187.732
 21
77.761
 31
0.000
 12
-187.732
 22
77.761
 32
246.098
 13
-192.416
 23
65.316
 33
248.038
  0
3DFACE
  8
ELBOW_3D
  6
CONTINUOUS
 62
     5
 10
-192.416
 20
65.316
 30
248.038
 11
-187.732
 21
77.761
 31
246.098
 12
-13.715
 22
77.761
 32
420.115
 13
-17.027
 23
65.316
 33
423.427
  0
3DFACE
  8
ELBOW_3D
  6
CONTINUOUS
 62
     5
 10
-187.732
 20
77.761
 30
0.000
 11
-182.245
 21
89.873
 31
0.000
 12
-182.245
 22
89.873
 32
243.825
 13
-187.732
 23
77.761
 33
246.098
  0
3DFACE
  8
ELBOW_3D
  6
CONTINUOUS
 62
     5
 10
-187.732
 20
77.761
 30
246.098
 11
-182.245
 21
89.873
 31
243.825
 12
-9.835
 22
89.873
 32
416.235
 13
-13.715
 23
77.761
 33
420.115
  0
3DFACE
  8
ELBOW_3D
  6
CONTINUOUS
 62
     5
 10
-182.245
 20
89.873
 30
0.000
 11
-175.976
 21
101.600
 31
0.000
 12
-175.976
 22
101.600
 32
241.228
 13
-182.245
 23
89.873
 33
243.825
  0
3DFACE
  8
ELBOW_3D
  6
CONTINUOUS
 62
     5
 10
-182.245
 20
89.873
 30
243.825
 11
-175.976
 21
101.600
 31
241.228
 12
-5.402
 22
101.600
 32
411.802
 13
-9.835
 23
89.873
 33
416.235
  0
3DFACE
  8
ELBOW_3D
  6
CONTINUOUS
 62
     5
 10
-175.976
 20
101.600
 30
0.000
 11
-168.955
 21
112.892
 31
0.000
 12
-168.955
 22
112.892
 32
238.320
 13
-175.976
 23
101.600
 33
241.228
  0
3DFACE
  8
ELBOW_3D
  6
CONTINUOUS
 62
     5
 10
-175.976
 20
101.600
 30
241.228
 11
-168.955
 21
112.892
 31
238.320
 12
-0.437
 22
112.892
 32
406.837
 13
-5.402
 23
101.600
 33
411.802
  0
3DFACE
  8
ELBOW_3D
  6
CONTINUOUS
 62
     5
 10
-168.955
 20
112.892
 30
0.000
 11
-161.209
 21
123.700
 31
0.000
 12
-161.209
 22
123.700
 32
235.112
 13
-168.955
 23
112.892
 33
238.320
  0
3DFACE
  8
ELBOW_3D
  6
CONTINUOUS
 62
     5
 10
-168.955
 20
112.892
 30
238.320
 11
-161.209
 21
123.700
 31
235.112
 12
5.040
 22
123.700
 32
401.360
 13
-0.437
 23
112.892
 33
406.837
  0
3DFACE
  8
ELBOW_3D
  6
CONTINUOUS
 62
     5
 10
-161.209
 20
123.700
 30
0.000
 11
-152.774
 21
133.979
 31
0.000
 12
-152.774
 22
133.979
 32
231.617
 13
-161.209
 23
123.700
 33
235.112
  0
3DFACE
  8
ELBOW_3D
  6
CONTINUOUS
 62
     5
 10
-161.209
 20
123.700
 30
235.112
 11
-152.774
 21
133.979
 31
231.617
 12
11.004
 22
133.979
 32
395.396
 13
5.040
 23
123.700
 33
401.360
  0
3DFACE
  8
ELBOW_3D
  6
CONTINUOUS
 62
     5
 10
-152.774
 20
133.979
 30
0.000
 11
-143.684
 21
143.684
 31
0.000
 12
-143.684
 22
143.684
 32
227.852
 13
-152.774
 23
133.979
 33
231.617
  0
3DFACE
  8
ELBOW_3D
  6
CONTINUOUS
 62
     5
 10
-152.774
 20
133.979
 30
231.617
 11
-143.684
 21
143.684
 31
227.852
 12
17.432
 22
143.684
 32
388.968
 13
11.004
 23
133.979
 33
395.396
  0
3DFACE
  8
ELBOW_3D
  6
CONTINUOUS
 62
     5
 10
-143.684
 20
143.684
 30
0.000
 11
-133.979
 21
152.774
 31
0.000
 12
-133.979
 22
152.774
 32
223.832
 13
-143.684
 23
143.684
 33
227.852
  0
3DFACE
  8
ELBOW_3D
  6
CONTINUOUS
 62
     5
 10
-143.684
 20
143.684
 30
227.852
 11
-133.979
 21
152.774
 31
223.832
 12
24.294
 22
152.774
 32
382.106
 13
17.432
 23
143.684
 33
388.968
  0
3DFACE
  8
ELBOW_3D
  6
CONTINUOUS
 62
     5
 10
-133.979
 20
152.774
 30
0.000
 11
-123.700
 21
161.209
 31
0.000
 12
-123.700
 22
161.209
 32
219.575
 13
-133.979
 23
152.774
 33
223.832
  0
3DFACE
  8
ELBOW_3D
  6
CONTINUOUS
 62
     5
 10
-133.979
 20
152.774
 30
223.832
 11
-123.700
 21
161.209
 31
219.575
 12
31.562
 22
161.209
 32
374.838
 13
24.294
 23
152.774
 33
382.106
  0
3DFACE
  8
ELBOW_3D
  6
CONTINUOUS
 62
     5
 10
-123.700
 20
161.209
 30
0.000
 11
-112.892
 21
168.955
 31
0.000
 12
-112.892
 22
168.955
 32
215.098
 13
-123.700
 23
161.209
 33
219.575
  0
3DFACE
  8
ELBOW_3D
  6
CONTINUOUS
 62
     5
 10
-123.700
 20
161.209
 30
219.575
 11
-112.892
 21
168.955
 31
215.098
 12
39.205
 22
168.955
 32
367.195
 13
31.562
 23
161.209
 33
374.838
  0
3DFACE
  8
ELBOW_3D
  6
CONTINUOUS
 62
     5
 10
-112.892
 20
168.955
 30
0.000
 11
-101.600
 21
175.976
 31
0.000
 12
-101.600
 22
175.976
 32
210.420
 13
-112.892
 23
168.955
 33
215.098
  0
3DFACE
  8
ELBOW_3D
  6
CONTINUOUS
 62
     5
 10
-112.892
 20
168.955
 30
215.098
 11
-101.600
 21
175.976
 31
210.420
 12
47.190
 22
175.976
 32
359.210
 13
39.205
 23
168.955
 33
367.195
  0
3DFACE
  8
ELBOW_3D
  6
CONTINUOUS
 62
     5
 10
-101.600
 20
175.976
 30
0.000
 11
-89.873
 21
182.245
 31
0.000
 12
-89.873
 22
182.245
 32
205.563
 13
-101.600
 23
175.976
 33
210.420
  0
3DFACE
  8
ELBOW_3D
  6
CONTINUOUS
 62
     5
 10
-101.600
 20
175.976
 30
210.420
 11
-89.873
 21
182.245
 31
205.563
 12
55.482
 22
182.245
 32
350.918
 13
47.190
 23
175.976
 33
359.210
  0
3DFACE
  8
ELBOW_3D
  6
CONTINUOUS
 62
     5
 10
-89.873
 20
182.245
 30
0.000
 11
-77.761
 21
187.732
 31
0.000
 12
-77.761
 22
187.732
 32
200.546
 13
-89.873
 23
182.245
 33
205.563
  0
3DFACE
  8
ELBOW_3D
  6
CONTINUOUS
 62
     5
 10
-89.873
 20
182.245
 30
205.563
 11
-77.761
 21
187.732
 31
200.546
 12
64.046
 22
187.732
 32
342.354
 13
55.482
 23
182.245
 33
350.918
  0
3DFACE
  8
ELBOW_3D
  6
CONTINUOUS
 62
     5
 10
-77.761
 20
187.732
 30
0.000
 11
-65.316
 21
192.416
 31
0.000
 12
-65.316
 22
192.416
 32
195.391
 13
-77.761
 23
187.732
 33
200.546
  0
3DFACE
  8
ELBOW_3D
  6
CONTINUOUS
 62
     5
 10
-77.761
 20
187.732
 30
200.546
 11
-65.316
 21
192.416
 31
195.391
 12
72.846
 22
192.416
 32
333.554
 13
64.046
 23
187.732
 33
342.354
  0
3DFACE
  8
ELBOW_3D
  6
CONTINUOUS
 62
     5
 10
-65.316
 20
192.416
 30
0.000
 11
-52.592
 21
196.276
 31
0.000
 12
-52.592
 22
196.276
 32
190.121
 13
-65.316
 23
192.416
 33
195.391
  0
3DFACE
  8
ELBOW_3D
  6
CONTINUOUS
 62
     5
 10
-65.316
 20
192.416
 30
195.391
 11
-52.592
 21
196.276
 31
190.121
 12
81.844
 22
196.276
 32
324.556
 13
72.846
 23
192.416
 33
333.554
  0
3DFACE
  8
ELBOW_3D
  6
CONTINUOUS
 62
     5
 10
-52.592
 20
196.276
 30
0.000
 11
-39.642
 21
199.296
 31
0.000
 12
-39.642
 22
199.296
 32
184.757
 13
-52.592
 23
196.276
 33
190.121
  0
3DFACE
  8
ELBOW_3D
  6
CONTINUOUS
 62
     5
 10
-52.592
 20
196.276
 30
190.121
 11
-39.642
 21
199.296
 31
184.757
 12
91.000
 22
199.296
 32
315.400
 13
81.844
 23
196.276
 33
324.556
  0
3DFACE
  8
ELBOW_3D
  6
CONTINUOUS
 62
     5
 10
-39.642
 20
199.296
 30
0.000
 11
-26.523
 21
201.462
 31
0.000
 12
-26.523
 22
201.462
 32
179.323
 13
-39.642
 23
199.296
 33
184.757
  0
3DFACE
  8
ELBOW_3D
  6
CONTINUOUS
 62
     5
 10
-39.642
 20
199.296
 30
184.757
 11
-26.523
 21
201.462
 31
179.323
 12
100.277
 22
201.462
 32
306.123
 13
91.000
 23
199.296
 33
315.400
  0
3DFACE
  8
ELBOW_3D
  6
CONTINUOUS
 62
     5
 10
-26.523
 20
201.462
 30
0.000
 11
-13.290
 21
202.765
 31
0.000
 12
-13.290
 22
202.765
 32
173.841
 13
-26.523
 23
201.462
 33
179.323
  0
3DFACE
  8
ELBOW_3D
  6
CONTINUOUS
 62
     5
 10
-26.523
 20
201.462
 30
179.323
 11
-13.290
 21
202.765
 31
173.841
 12
109.634
 22
202.765
 32
296.766
 13
100.277
 23
201.462
 33
306.123
  0
3DFACE
  8
ELBOW_3D
  6
CONTINUOUS
 62
     5
 10
-13.290
 20
202.765
 30
0.000
 11
-0.000
 21
203.200
 31
0.000
 12
0.000
 22
203.200
 32
168.336
 13
-13.290
 23
202.765
 33
173.841
  0
3DFACE
  8
ELBOW_3D
  6
CONTINUOUS
 62
     5
 10
-13.290
 20
202.765
 30
173.841
 11
0.000
 21
203.200
 31
168.336
 12
119.032
 22
203.200
 32
287.368
 13
109.634
 23
202.765
 33
296.766
  0
3DFACE
  8
ELBOW_3D
  6
CONTINUOUS
 62
     5
 10
-0.000
 20
203.200
 30
0.000
 11
13.290
 21
202.765
 31
0.000
 12
13.290
 22
202.765
 32
162.832
 13
0.000
 23
203.200
 33
168.336
  0
3DFACE
  8
ELBOW_3D
  6
CONTINUOUS
 62
     5
 10
0.000
 20
203.200
 30
168.336
 11
13.290
 21
202.765
 31
162.832
 12
128.429
 22
202.765
 32
277.971
 13
119.032
 23
203.200
 33
287.368
  0
3DFACE
  8
ELBOW_3D
  6
CONTINUOUS
 62
     5
 10
13.290
 20
202.765
 30
0.000
 11
26.523
 21
201.462
 31
0.000
 12
26.523
 22
201.462
 32
157.350
 13
13.290
 23
202.765
 33
162.832
  0
3DFACE
  8
ELBOW_3D
  6
CONTINUOUS
 62
     5
 10
13.290
 20
202.765
 30
162.832
 11
26.523
 21
201.462
 31
157.350
 12
137.786
 22
201.462
 32
268.614
 13
128.429
 23
202.765
 33
277.971
  0
3DFACE
  8
ELBOW_3D
  6
CONTINUOUS
 62
     5
 10
26.523
 20
201.462
 30
0.000
 11
39.642
 21
199.296
 31
0.000
 12
39.642
 22
199.296
 32
151.916
 13
26.523
 23
201.462
 33
157.350
  0
3DFACE
  8
ELBOW_3D
  6
CONTINUOUS
 62
     5
 10
26.523
 20
201.462
 30
157.350
 11
39.642
 21
199.296
 31
151.916
 12
147.063
 22
199.296
 32
259.337
 13
137.786
 23
201.462
 33
268.614
  0
3DFACE
  8
ELBOW_3D
  6
CONTINUOUS
 62
     5
 10
39.642
 20
199.296
 30
0.000
 11
52.592
 21
196.276
 31
0.000
 12
52.592
 22
196.276
 32
146.552
 13
39.642
 23
199.296
 33
151.916
  0
3DFACE
  8
ELBOW_3D
  6
CONTINUOUS
 62
     5
 10
39.642
 20
199.296
 30
151.916
 11
52.592
 21
196.276
 31
146.552
 12
156.220
 22
196.276
 32
250.180
 13
147.063
 23
199.296
 33
259.337
  0
3DFACE
  8
ELBOW_3D
  6
CONTINUOUS
 62
     5
 10
52.592
 20
196.276
 30
0.000
 11
65.316
 21
192.416
 31
0.000
 12
65.316
 22
192.416
 32
141.281
 13
52.592
 23
196.276
 33
146.552
  0
3DFACE
  8
ELBOW_3D
  6
CONTINUOUS
 62
     5
 10
52.592
 20
196.276
 30
146.552
 11
65.316
 21
192.416
 31
141.281
 12
165.218
 22
192.416
 32
241.182
 13
156.220
 23
196.276
 33
250.180
  0
3DFACE
  8
ELBOW_3D
  6
CONTINUOUS
 62
     5
 10
65.316
 20
192.416
 30
0.000
 11
77.761
 21
187.732
 31
0.000
 12
77.761
 22
187.732
 32
136.127
 13
65.316
 23
192.416
 33
141.281
  0
3DFACE
  8
ELBOW_3D
  6
CONTINUOUS
 62
     5
 10
65.316
 20
192.416
 30
141.281
 11
77.761
 21
187.732
 31
136.127
 12
174.017
 22
187.732
 32
232.383
 13
165.218
 23
192.416
 33
241.182
  0
3DFACE
  8
ELBOW_3D
  6
CONTINUOUS
 62
     5
 10
77.761
 20
187.732
 30
0.000
 11
89.873
 21
182.245
 31
0.000
 12
89.873
 22
182.245
 32
131.110
 13
77.761
 23
187.732
 33
136.127
  0
3DFACE
  8
ELBOW_3D
  6
CONTINUOUS
 62
     5
 10
77.761
 20
187.732
 30
136.127
 11
89.873
 21
182.245
 31
131.110
 12
182.582
 22
182.245
 32
223.818
 13
174.017
 23
187.732
 33
232.383
  0
3DFACE
  8
ELBOW_3D
  6
CONTINUOUS
 62
     5
 10
89.873
 20
182.245
 30
0.000
 11
101.600
 21
175.976
 31
0.000
 12
101.600
 22
175.976
 32
126.252
 13
89.873
 23
182.245
 33
131.110
  0
3DFACE
  8
ELBOW_3D
  6
CONTINUOUS
 62
     5
 10
89.873
 20
182.245
 30
131.110
 11
101.600
 21
175.976
 31
126.252
 12
190.874
 22
175.976
 32
215.526
 13
182.582
 23
182.245
 33
223.818
  0
3DFACE
  8
ELBOW_3D
  6
CONTINUOUS
 62
     5
 10
101.600
 20
175.976
 30
0.000
 11
112.892
 21
168.955
 31
0.000
 12
112.892
 22
168.955
 32
121.575
 13
101.600
 23
175.976
 33
126.252
  0
3DFACE
  8
ELBOW_3D
  6
CONTINUOUS
 62
     5
 10
101.600
 20
175.976
 30
126.252
 11
112.892
 21
168.955
 31
121.575
 12
198.858
 22
168.955
 32
207.542
 13
190.874
 23
175.976
 33
215.526
  0
3DFACE
  8
ELBOW_3D
  6
CONTINUOUS
 62
     5
 10
112.892
 20
168.955
 30
0.000
 11
123.700
 21
161.209
 31
0.000
 12
123.700
 22
161.209
 32
117.098
 13
112.892
 23
168.955
 33
121.575
  0
3DFACE
  8
ELBOW_3D
  6
CONTINUOUS
 62
     5
 10
112.892
 20
168.955
 30
121.575
 11
123.700
 21
161.209
 31
117.098
 12
206.501
 22
161.209
 32
199.899
 13
198.858
 23
168.955
 33
207.542
  0
3DFACE
  8
ELBOW_3D
  6
CONTINUOUS
 62
     5
 10
123.700
 20
161.209
 30
0.000
 11
133.979
 21
152.774
 31
0.000
 12
133.979
 22
152.774
 32
112.840
 13
123.700
 23
161.209
 33
117.098
  0
3DFACE
  8
ELBOW_3D
  6
CONTINUOUS
 62
     5
 10
123.700
 20
161.209
 30
117.098
 11
133.979
 21
152.774
 31
112.840
 12
213.769
 22
152.774
 32
192.631
 13
206.501
 23
161.209
 33
199.899
  0
3DFACE
  8
ELBOW_3D
  6
CONTINUOUS
 62
     5
 10
133.979
 20
152.774
 30
0.000
 11
143.684
 21
143.684
 31
0.000
 12
143.684
 22
143.684
 32
108.820
 13
133.979
 23
152.774
 33
112.840
  0
3DFACE
  8
ELBOW_3D
  6
CONTINUOUS
 62
     5
 10
133.979
 20
152.774
 30
112.840
 11
143.684
 21
143.684
 31
108.820
 12
220.632
 22
143.684
 32
185.768
 13
213.769
 23
152.774
 33
192.631
  0
3DFACE
  8
ELBOW_3D
  6
CONTINUOUS
 62
     5
 10
143.684
 20
143.684
 30
0.000
 11
152.774
 21
133.979
 31
0.000
 12
152.774
 22
133.979
 32
105.055
 13
143.684
 23
143.684
 33
108.820
  0
3DFACE
  8
ELBOW_3D
  6
CONTINUOUS
 62
     5
 10
143.684
 20
143.684
 30
108.820
 11
152.774
 21
133.979
 31
105.055
 12
227.059
 22
133.979
 32
179.341
 13
220.632
 23
143.684
 33
185.768
  0
3DFACE
  8
ELBOW_3D
  6
CONTINUOUS
 62
     5
 10
152.774
 20
133.979
 30
0.000
 11
161.209
 21
123.700
 31
0.000
 12
161.209
 22
123.700
 32
101.561
 13
152.774
 23
133.979
 33
105.055
  0
3DFACE
  8
ELBOW_3D
  6
CONTINUOUS
 62
     5
 10
152.774
 20
133.979
 30
105.055
 11
161.209
 21
123.700
 31
101.561
 12
233.024
 22
123.700
 32
173.376
 13
227.059
 23
133.979
 33
179.341
  0
3DFACE
  8
ELBOW_3D
  6
CONTINUOUS
 62
     5
 10
161.209
 20
123.700
 30
0.000
 11
168.955
 21
112.892
 31
0.000
 12
168.955
 22
112.892
 32
98.353
 13
161.209
 23
123.700
 33
101.561
  0
3DFACE
  8
ELBOW_3D
  6
CONTINUOUS
 62
     5
 10
161.209
 20
123.700
 30
101.561
 11
168.955
 21
112.892
 31
98.353
 12
238.501
 22
112.892
 32
167.899
 13
233.024
 23
123.700
 33
173.376
  0
3DFACE
  8
ELBOW_3D
  6
CONTINUOUS
 62
     5
 10
168.955
 20
112.892
 30
0.000
 11
175.976
 21
101.600
 31
0.000
 12
175.976
 22
101.600
 32
95.445
 13
168.955
 23
112.892
 33
98.353
  0
3DFACE
  8
ELBOW_3D
  6
CONTINUOUS
 62
     5
 10
168.955
 20
112.892
 30
98.353
 11
175.976
 21
101.600
 31
95.445
 12
243.466
 22
101.600
 32
162.934
 13
238.501
 23
112.892
 33
167.899
  0
3DFACE
  8
ELBOW_3D
  6
CONTINUOUS
 62
     5
 10
175.976
 20
101.600
 30
0.000
 11
182.245
 21
89.873
 31
0.000
 12
182.245
 22
89.873
 32
92.848
 13
175.976
 23
101.600
 33
95.445
  0
3DFACE
  8
ELBOW_3D
  6
CONTINUOUS
 62
     5
 10
175.976
 20
101.600
 30
95.445
 11
182.245
 21
89.873
 31
92.848
 12
247.898
 22
89.873
 32
158.502
 13
243.466
 23
101.600
 33
162.934
  0
3DFACE
  8
ELBOW_3D
  6
CONTINUOUS
 62
     5
 10
182.245
 20
89.873
 30
0.000
 11
187.732
 21
77.761
 31
0.000
 12
187.732
 22
77.761
 32
90.575
 13
182.245
 23
89.873
 33
92.848
  0
3DFACE
  8
ELBOW_3D
  6
CONTINUOUS
 62
     5
 10
182.245
 20
89.873
 30
92.848
 11
187.732
 21
77.761
 31
90.575
 12
251.779
 22
77.761
 32
154.621
 13
247.898
 23
89.873
 33
158.502
  0
3DFACE
  8
ELBOW_3D
  6
CONTINUOUS
 62
     5
 10
187.732
 20
77.761
 30
0.000
 11
192.416
 21
65.316
 31
0.000
 12
192.416
 22
65.316
 32
88.635
 13
187.732
 23
77.761
 33
90.575
  0
3DFACE
  8
ELBOW_3D
  6
CONTINUOUS
 62
     5
 10
187.732
 20
77.761
 30
90.575
 11
192.416
 21
65.316
 31
88.635
 12
255.091
 22
65.316
 32
151.309
 13
251.779
 23
77.761
 33
154.621
  0
3DFACE
  8
ELBOW_3D
  6
CONTINUOUS
 62
     5
 10
192.416
 20
65.316
 30
0.000
 11
196.276
 21
52.592
 31
0.000
 12
196.276
 22
52.592
 32
87.036
 13
192.416
 23
65.316
 33
88.635
  0
3DFACE
  8
ELBOW_3D
  6
CONTINUOUS
 62
     5
 10
192.416
 20
65.316
 30
88.635
 11
196.276
 21
52.592
 31
87.036
 12
257.820
 22
52.592
 32
148.580
 13
255.091
 23
65.316
 33
151.309
  0
3DFACE
  8
ELBOW_3D
  6
CONTINUOUS
 62
     5
 10
196.276
 20
52.592
 30
0.000
 11
199.296
 21
39.642
 31
0.000
 12
199.296
 22
39.642
 32
85.785
 13
196.276
 23
52.592
 33
87.036
  0
3DFACE
  8
ELBOW_3D
  6
CONTINUOUS
 62
     5
 10
196.276
 20
52.592
 30
87.036
 11
199.296
 21
39.642
 31
85.785
 12
259.955
 22
39.642
 32
146.445
 13
257.820
 23
52.592
 33
148.580
  0
3DFACE
  8
ELBOW_3D
  6
CONTINUOUS
 62
     5
 10
199.296
 20
39.642
 30
0.000
 11
201.462
 21
26.523
 31
0.000
 12
201.462
 22
26.523
 32
84.888
 13
199.296
 23
39.642
 33
85.785
  0
3DFACE
  8
ELBOW_3D
  6
CONTINUOUS
 62
     5
 10
199.296
 20
39.642
 30
85.785
 11
201.462
 21
26.523
 31
84.888
 12
261.487
 22
26.523
 32
144.913
 13
259.955
 23
39.642
 33
146.445
  0
3DFACE
  8
ELBOW_3D
  6
CONTINUOUS
 62
     5
 10
201.462
 20
26.523
 30
0.000
 11
202.765
 21
13.290
 31
0.000
 12
202.765
 22
13.290
 32
84.348
 13
201.462
 23
26.523
 33
84.888
  0
3DFACE
  8
ELBOW_3D
  6
CONTINUOUS
 62
     5
 10
201.462
 20
26.523
 30
84.888
 11
202.765
 21
13.290
 31
84.348
 12
262.408
 22
13.290
 32
143.992
 13
261.487
 23
26.523
 33
144.913
  0
3DFACE
  8
ELBOW_3D
  6
CONTINUOUS
 62
     5
 10
202.765
 20
13.290
 30
0.000
 11
203.200
 21
0.000
 31
0.000
 12
203.200
 22
0.000
 32
84.168
 13
202.765
 23
13.290
 33
84.348
  0
3DFACE
  8
ELBOW_3D
  6
CONTINUOUS
 62
     5
 10
202.765
 20
13.290
 30
84.348
 11
203.200
 21
0.000
 31
84.168
 12
262.716
 22
0.000
 32
143.684
 13
262.408
 23
13.290
 33
143.992
  0
3DFACE
  8
ELBOW_3D
  6
CONTINUOUS
 62
     5
 10
203.200
 20
0.000
 30
0.000
 11
202.765
 21
-13.290
 31
0.000
 12
202.765
 22
-13.290
 32
84.348
 13
203.200
 23
0.000
 33
84.168
  0
3DFACE
  8
ELBOW_3D
  6
CONTINUOUS
 62
     5
 10
203.200
 20
0.000
 30
84.168
 11
202.765
 21
-13.290
 31
84.348
 12
262.408
 22
-13.290
 32
143.992
 13
262.716
 23
0.000
 33
143.684
  0
3DFACE
  8
ELBOW_3D
  6
CONTINUOUS
 62
     5
 10
202.765
 20
-13.290
 30
0.000
 11
201.462
 21
-26.523
 31
0.000
 12
201.462
 22
-26.523
 32
84.888
 13
202.765
 23
-13.290
 33
84.348
  0
3DFACE
  8
ELBOW_3D
  6
CONTINUOUS
 62
     5
 10
202.765
 20
-13.290
 30
84.348
 11
201.462
 21
-26.523
 31
84.888
 12
261.487
 22
-26.523
 32
144.913
 13
262.408
 23
-13.290
 33
143.992
  0
3DFACE
  8
ELBOW_3D
  6
CONTINUOUS
 62
     5
 10
201.462
 20
-26.523
 30
0.000
 11
199.296
 21
-39.642
 31
0.000
 12
199.296
 22
-39.642
 32
85.785
 13
201.462
 23
-26.523
 33
84.888
  0
3DFACE
  8
ELBOW_3D
  6
CONTINUOUS
 62
     5
 10
201.462
 20
-26.523
 30
84.888
 11
199.296
 21
-39.642
 31
85.785
 12
259.955
 22
-39.642
 32
146.445
 13
261.487
 23
-26.523
 33
144.913
  0
3DFACE
  8
ELBOW_3D
  6
CONTINUOUS
 62
     5
 10
199.296
 20
-39.642
 30
0.000
 11
196.276
 21
-52.592
 31
0.000
 12
196.276
 22
-52.592
 32
87.036
 13
199.296
 23
-39.642
 33
85.785
  0
3DFACE
  8
ELBOW_3D
  6
CONTINUOUS
 62
     5
 10
199.296
 20
-39.642
 30
85.785
 11
196.276
 21
-52.592
 31
87.036
 12
257.820
 22
-52.592
 32
148.580
 13
259.955
 23
-39.642
 33
146.445
  0
3DFACE
  8
ELBOW_3D
  6
CONTINUOUS
 62
     5
 10
196.276
 20
-52.592
 30
0.000
 11
192.416
 21
-65.316
 31
0.000
 12
192.416
 22
-65.316
 32
88.635
 13
196.276
 23
-52.592
 33
87.036
  0
3DFACE
  8
ELBOW_3D
  6
CONTINUOUS
 62
     5
 10
196.276
 20
-52.592
 30
87.036
 11
192.416
 21
-65.316
 31
88.635
 12
255.091
 22
-65.316
 32
151.309
 13
257.820
 23
-52.592
 33
148.580
  0
3DFACE
  8
ELBOW_3D
  6
CONTINUOUS
 62
     5
 10
192.416
 20
-65.316
 30
0.000
 11
187.732
 21
-77.761
 31
0.000
 12
187.732
 22
-77.761
 32
90.575
 13
192.416
 23
-65.316
 33
88.635
  0
3DFACE
  8
ELBOW_3D
  6
CONTINUOUS
 62
     5
 10
192.416
 20
-65.316
 30
88.635
 11
187.732
 21
-77.761
 31
90.575
 12
251.779
 22
-77.761
 32
154.621
 13
255.091
 23
-65.316
 33
151.309
  0
3DFACE
  8
ELBOW_3D
  6
CONTINUOUS
 62
     5
 10
187.732
 20
-77.761
 30
0.000
 11
182.245
 21
-89.873
 31
0.000
 12
182.245
 22
-89.873
 32
92.848
 13
187.732
 23
-77.761
 33
90.575
  0
3DFACE
  8
ELBOW_3D
  6
CONTINUOUS
 62
     5
 10
187.732
 20
-77.761
 30
90.575
 11
182.245
 21
-89.873
 31
92.848
 12
247.898
 22
-89.873
 32
158.502
 13
251.779
 23
-77.761
 33
154.621
  0
3DFACE
  8
ELBOW_3D
  6
CONTINUOUS
 62
     5
 10
182.245
 20
-89.873
 30
0.000
 11
175.976
 21
-101.600
 31
0.000
 12
175.976
 22
-101.600
 32
95.445
 13
182.245
 23
-89.873
 33
92.848
  0
3DFACE
  8
ELBOW_3D
  6
CONTINUOUS
 62
     5
 10
182.245
 20
-89.873
 30
92.848
 11
175.976
 21
-101.600
 31
95.445
 12
243.466
 22
-101.600
 32
162.934
 13
247.898
 23
-89.873
 33
158.502
  0
3DFACE
  8
ELBOW_3D
  6
CONTINUOUS
 62
     5
 10
175.976
 20
-101.600
 30
0.000
 11
168.955
 21
-112.892
 31
0.000
 12
168.955
 22
-112.892
 32
98.353
 13
175.976
 23
-101.600
 33
95.445
  0
3DFACE
  8
ELBOW_3D
  6
CONTINUOUS
 62
     5
 10
175.976
 20
-101.600
 30
95.445
 11
168.955
 21
-112.892
 31
98.353
 12
238.501
 22
-112.892
 32
167.899
 13
243.466
 23
-101.600
 33
162.934
  0
3DFACE
  8
ELBOW_3D
  6
CONTINUOUS
 62
     5
 10
168.955
 20
-112.892
 30
0.000
 11
161.209
 21
-123.700
 31
0.000
 12
161.209
 22
-123.700
 32
101.561
 13
168.955
 23
-112.892
 33
98.353
  0
3DFACE
  8
ELBOW_3D
  6
CONTINUOUS
 62
     5
 10
168.955
 20
-112.892
 30
98.353
 11
161.209
 21
-123.700
 31
101.561
 12
233.024
 22
-123.700
 32
173.376
 13
238.501
 23
-112.892
 33
167.899
  0
3DFACE
  8
ELBOW_3D
  6
CONTINUOUS
 62
     5
 10
161.209
 20
-123.700
 30
0.000
 11
152.774
 21
-133.979
 31
0.000
 12
152.774
 22
-133.979
 32
105.055
 13
161.209
 23
-123.700
 33
101.561
  0
3DFACE
  8
ELBOW_3D
  6
CONTINUOUS
 62
     5
 10
161.209
 20
-123.700
 30
101.561
 11
152.774
 21
-133.979
 31
105.055
 12
227.059
 22
-133.979
 32
179.341
 13
233.024
 23
-123.700
 33
173.376
  0
3DFACE
  8
ELBOW_3D
  6
CONTINUOUS
 62
     5
 10
152.774
 20
-133.979
 30
0.000
 11
143.684
 21
-143.684
 31
0.000
 12
143.684
 22
-143.684
 32
108.820
 13
152.774
 23
-133.979
 33
105.055
  0
3DFACE
  8
ELBOW_3D
  6
CONTINUOUS
 62
     5
 10
152.774
 20
-133.979
 30
105.055
 11
143.684
 21
-143.684
 31
108.820
 12
220.632
 22
-143.684
 32
185.768
 13
227.059
 23
-133.979
 33
179.341
  0
3DFACE
  8
ELBOW_3D
  6
CONTINUOUS
 62
     5
 10
143.684
 20
-143.684
 30
0.000
 11
133.979
 21
-152.774
 31
0.000
 12
133.979
 22
-152.774
 32
112.840
 13
143.684
 23
-143.684
 33
108.820
  0
3DFACE
  8
ELBOW_3D
  6
CONTINUOUS
 62
     5
 10
143.684
 20
-143.684
 30
108.820
 11
133.979
 21
-152.774
 31
112.840
 12
213.769
 22
-152.774
 32
192.631
 13
220.632
 23
-143.684
 33
185.768
  0
3DFACE
  8
ELBOW_3D
  6
CONTINUOUS
 62
     5
 10
133.979
 20
-152.774
 30
0.000
 11
123.700
 21
-161.209
 31
0.000
 12
123.700
 22
-161.209
 32
117.098
 13
133.979
 23
-152.774
 33
112.840
  0
3DFACE
  8
ELBOW_3D
  6
CONTINUOUS
 62
     5
 10
133.979
 20
-152.774
 30
112.840
 11
123.700
 21
-161.209
 31
117.098
 12
206.501
 22
-161.209
 32
199.899
 13
213.769
 23
-152.774
 33
192.631
  0
3DFACE
  8
ELBOW_3D
  6
CONTINUOUS
 62
     5
 10
123.700
 20
-161.209
 30
0.000
 11
112.892
 21
-168.955
 31
0.000
 12
112.892
 22
-168.955
 32
121.575
 13
123.700
 23
-161.209
 33
117.098
  0
3DFACE
  8
ELBOW_3D
  6
CONTINUOUS
 62
     5
 10
123.700
 20
-161.209
 30
117.098
 11
112.892
 21
-168.955
 31
121.575
 12
198.858
 22
-168.955
 32
207.542
 13
206.501
 23
-161.209
 33
199.899
  0
3DFACE
  8
ELBOW_3D
  6
CONTINUOUS
 62
     5
 10
112.892
 20
-168.955
 30
0.000
 11
101.600
 21
-175.976
 31
0.000
 12
101.600
 22
-175.976
 32
126.252
 13
112.892
 23
-168.955
 33
121.575
  0
3DFACE
  8
ELBOW_3D
  6
CONTINUOUS
 62
     5
 10
112.892
 20
-168.955
 30
121.575
 11
101.600
 21
-175.976
 31
126.252
 12
190.874
 22
-175.976
 32
215.526
 13
198.858
 23
-168.955
 33
207.542
  0
3DFACE
  8
ELBOW_3D
  6
CONTINUOUS
 62
     5
 10
101.600
 20
-175.976
 30
0.000
 11
89.873
 21
-182.245
 31
0.000
 12
89.873
 22
-182.245
 32
131.110
 13
101.600
 23
-175.976
 33
126.252
  0
3DFACE
  8
ELBOW_3D
  6
CONTINUOUS
 62
     5
 10
101.600
 20
-175.976
 30
126.252
 11
89.873
 21
-182.245
 31
131.110
 12
182.582
 22
-182.245
 32
223.818
 13
190.874
 23
-175.976
 33
215.526
  0
3DFACE
  8
ELBOW_3D
  6
CONTINUOUS
 62
     5
 10
89.873
 20
-182.245
 30
0.000
 11
77.761
 21
-187.732
 31
0.000
 12
77.761
 22
-187.732
 32
136.127
 13
89.873
 23
-182.245
 33
131.110
  0
3DFACE
  8
ELBOW_3D
  6
CONTINUOUS
 62
     5
 10
89.873
 20
-182.245
 30
131.110
 11
77.761
 21
-187.732
 31
136.127
 12
174.017
 22
-187.732
 32
232.383
 13
182.582
 23
-182.245
 33
223.818
  0
3DFACE
  8
ELBOW_3D
  6
CONTINUOUS
 62
     5
 10
77.761
 20
-187.732
 30
0.000
 11
65.316
 21
-192.416
 31
0.000
 12
65.316
 22
-192.416
 32
141.281
 13
77.761
 23
-187.732
 33
136.127
  0
3DFACE
  8
ELBOW_3D
  6
CONTINUOUS
 62
     5
 10
77.761
 20
-187.732
 30
136.127
 11
65.316
 21
-192.416
 31
141.281
 12
165.218
 22
-192.416
 32
241.182
 13
174.017
 23
-187.732
 33
232.383
  0
3DFACE
  8
ELBOW_3D
  6
CONTINUOUS
 62
     5
 10
65.316
 20
-192.416
 30
0.000
 11
52.592
 21
-196.276
 31
0.000
 12
52.592
 22
-196.276
 32
146.552
 13
65.316
 23
-192.416
 33
141.281
  0
3DFACE
  8
ELBOW_3D
  6
CONTINUOUS
 62
     5
 10
65.316
 20
-192.416
 30
141.281
 11
52.592
 21
-196.276
 31
146.552
 12
156.220
 22
-196.276
 32
250.180
 13
165.218
 23
-192.416
 33
241.182
  0
3DFACE
  8
ELBOW_3D
  6
CONTINUOUS
 62
     5
 10
52.592
 20
-196.276
 30
0.000
 11
39.642
 21
-199.296
 31
0.000
 12
39.642
 22
-199.296
 32
151.916
 13
52.592
 23
-196.276
 33
146.552
  0
3DFACE
  8
ELBOW_3D
  6
CONTINUOUS
 62
     5
 10
52.592
 20
-196.276
 30
146.552
 11
39.642
 21
-199.296
 31
151.916
 12
147.063
 22
-199.296
 32
259.337
 13
156.220
 23
-196.276
 33
250.180
  0
3DFACE
  8
ELBOW_3D
  6
CONTINUOUS
 62
     5
 10
39.642
 20
-199.296
 30
0.000
 11
26.523
 21
-201.462
 31
0.000
 12
26.523
 22
-201.462
 32
157.350
 13
39.642
 23
-199.296
 33
151.916
  0
3DFACE
  8
ELBOW_3D
  6
CONTINUOUS
 62
     5
 10
39.642
 20
-199.296
 30
151.916
 11
26.523
 21
-201.462
 31
157.350
 12
137.786
 22
-201.462
 32
268.614
 13
147.063
 23
-199.296
 33
259.337
  0
3DFACE
  8
ELBOW_3D
  6
CONTINUOUS
 62
     5
 10
26.523
 20
-201.462
 30
0.000
 11
13.290
 21
-202.765
 31
0.000
 12
13.290
 22
-202.765
 32
162.832
 13
26.523
 23
-201.462
 33
157.350
  0
3DFACE
  8
ELBOW_3D
  6
CONTINUOUS
 62
     5
 10
26.523
 20
-201.462
 30
157.350
 11
13.290
 21
-202.765
 31
162.832
 12
128.429
 22
-202.765
 32
277.971
 13
137.786
 23
-201.462
 33
268.614
  0
3DFACE
  8
ELBOW_3D
  6
CONTINUOUS
 62
     5
 10
13.290
 20
-202.765
 30
0.000
 11
0.000
 21
-203.200
 31
0.000
 12
0.000
 22
-203.200
 32
168.336
 13
13.290
 23
-202.765
 33
162.832
  0
3DFACE
  8
ELBOW_3D
  6
CONTINUOUS
 62
     5
 10
13.290
 20
-202.765
 30
162.832
 11
0.000
 21
-203.200
 31
168.336
 12
119.032
 22
-203.200
 32
287.368
 13
128.429
 23
-202.765
 33
277.971
  0
3DFACE
  8
ELBOW_3D
  6
CONTINUOUS
 62
     5
 10
0.000
 20
-203.200
 30
0.000
 11
-13.290
 21
-202.765
 31
0.000
 12
-13.290
 22
-202.765
 32
173.841
 13
0.000
 23
-203.200
 33
168.336
  0
3DFACE
  8
ELBOW_3D
  6
CONTINUOUS
 62
     5
 10
0.000
 20
-203.200
 30
168.336
 11
-13.290
 21
-202.765
 31
173.841
 12
109.634
 22
-202.765
 32
296.766
 13
119.032
 23
-203.200
 33
287.368
  0
3DFACE
  8
ELBOW_3D
  6
CONTINUOUS
 62
     5
 10
-13.290
 20
-202.765
 30
0.000
 11
-26.523
 21
-201.462
 31
0.000
 12
-26.523
 22
-201.462
 32
179.323
 13
-13.290
 23
-202.765
 33
173.841
  0
3DFACE
  8
ELBOW_3D
  6
CONTINUOUS
 62
     5
 10
-13.290
 20
-202.765
 30
173.841
 11
-26.523
 21
-201.462
 31
179.323
 12
100.277
 22
-201.462
 32
306.123
 13
109.634
 23
-202.765
 33
296.766
  0
3DFACE
  8
ELBOW_3D
  6
CONTINUOUS
 62
     5
 10
-26.523
 20
-201.462
 30
0.000
 11
-39.642
 21
-199.296
 31
0.000
 12
-39.642
 22
-199.296
 32
184.757
 13
-26.523
 23
-201.462
 33
179.323
  0
3DFACE
  8
ELBOW_3D
  6
CONTINUOUS
 62
     5
 10
-26.523
 20
-201.462
 30
179.323
 11
-39.642
 21
-199.296
 31
184.757
 12
91.000
 22
-199.296
 32
315.400
 13
100.277
 23
-201.462
 33
306.123
  0
3DFACE
  8
ELBOW_3D
  6
CONTINUOUS
 62
     5
 10
-39.642
 20
-199.296
 30
0.000
 11
-52.592
 21
-196.276
 31
0.000
 12
-52.592
 22
-196.276
 32
190.121
 13
-39.642
 23
-199.296
 33
184.757
  0
3DFACE
  8
ELBOW_3D
  6
CONTINUOUS
 62
     5
 10
-39.642
 20
-199.296
 30
184.757
 11
-52.592
 21
-196.276
 31
190.121
 12
81.844
 22
-196.276
 32
324.556
 13
91.000
 23
-199.296
 33
315.400
  0
3DFACE
  8
ELBOW_3D
  6
CONTINUOUS
 62
     5
 10
-52.592
 20
-196.276
 30
0.000
 11
-65.316
 21
-192.416
 31
0.000
 12
-65.316
 22
-192.416
 32
195.391
 13
-52.592
 23
-196.276
 33
190.121
  0
3DFACE
  8
ELBOW_3D
  6
CONTINUOUS
 62
     5
 10
-52.592
 20
-196.276
 30
190.121
 11
-65.316
 21
-192.416
 31
195.391
 12
72.846
 22
-192.416
 32
333.554
 13
81.844
 23
-196.276
 33
324.556
  0
3DFACE
  8
ELBOW_3D
  6
CONTINUOUS
 62
     5
 10
-65.316
 20
-192.416
 30
0.000
 11
-77.761
 21
-187.732
 31
0.000
 12
-77.761
 22
-187.732
 32
200.546
 13
-65.316
 23
-192.416
 33
195.391
  0
3DFACE
  8
ELBOW_3D
  6
CONTINUOUS
 62
     5
 10
-65.316
 20
-192.416
 30
195.391
 11
-77.761
 21
-187.732
 31
200.546
 12
64.046
 22
-187.732
 32
342.354
 13
72.846
 23
-192.416
 33
333.554
  0
3DFACE
  8
ELBOW_3D
  6
CONTINUOUS
 62
     5
 10
-77.761
 20
-187.732
 30
0.000
 11
-89.873
 21
-182.245
 31
0.000
 12
-89.873
 22
-182.245
 32
205.563
 13
-77.761
 23
-187.732
 33
200.546
  0
3DFACE
  8
ELBOW_3D
  6
CONTINUOUS
 62
     5
 10
-77.761
 20
-187.732
 30
200.546
 11
-89.873
 21
-182.245
 31
205.563
 12
55.482
 22
-182.245
 32
350.918
 13
64.046
 23
-187.732
 33
342.354
  0
3DFACE
  8
ELBOW_3D
  6
CONTINUOUS
 62
     5
 10
-89.873
 20
-182.245
 30
0.000
 11
-101.600
 21
-175.976
 31
0.000
 12
-101.600
 22
-175.976
 32
210.420
 13
-89.873
 23
-182.245
 33
205.563
  0
3DFACE
  8
ELBOW_3D
  6
CONTINUOUS
 62
     5
 10
-89.873
 20
-182.245
 30
205.563
 11
-101.600
 21
-175.976
 31
210.420
 12
47.190
 22
-175.976
 32
359.210
 13
55.482
 23
-182.245
 33
350.918
  0
3DFACE
  8
ELBOW_3D
  6
CONTINUOUS
 62
     5
 10
-101.600
 20
-175.976
 30
0.000
 11
-112.892
 21
-168.955
 31
0.000
 12
-112.892
 22
-168.955
 32
215.098
 13
-101.600
 23
-175.976
 33
210.420
  0
3DFACE
  8
ELBOW_3D
  6
CONTINUOUS
 62
     5
 10
-101.600
 20
-175.976
 30
210.420
 11
-112.892
 21
-168.955
 31
215.098
 12
39.205
 22
-168.955
 32
367.195
 13
47.190
 23
-175.976
 33
359.210
  0
3DFACE
  8
ELBOW_3D
  6
CONTINUOUS
 62
     5
 10
-112.892
 20
-168.955
 30
0.000
 11
-123.700
 21
-161.209
 31
0.000
 12
-123.700
 22
-161.209
 32
219.575
 13
-112.892
 23
-168.955
 33
215.098
  0
3DFACE
  8
ELBOW_3D
  6
CONTINUOUS
 62
     5
 10
-112.892
 20
-168.955
 30
215.098
 11
-123.700
 21
-161.209
 31
219.575
 12
31.562
 22
-161.209
 32
374.838
 13
39.205
 23
-168.955
 33
367.195
  0
3DFACE
  8
ELBOW_3D
  6
CONTINUOUS
 62
     5
 10
-123.700
 20
-161.209
 30
0.000
 11
-133.979
 21
-152.774
 31
0.000
 12
-133.979
 22
-152.774
 32
223.832
 13
-123.700
 23
-161.209
 33
219.575
  0
3DFACE
  8
ELBOW_3D
  6
CONTINUOUS
 62
     5
 10
-123.700
 20
-161.209
 30
219.575
 11
-133.979
 21
-152.774
 31
223.832
 12
24.294
 22
-152.774
 32
382.106
 13
31.562
 23
-161.209
 33
374.838
  0
3DFACE
  8
ELBOW_3D
  6
CONTINUOUS
 62
     5
 10
-133.979
 20
-152.774
 30
0.000
 11
-143.684
 21
-143.684
 31
0.000
 12
-143.684
 22
-143.684
 32
227.852
 13
-133.979
 23
-152.774
 33
223.832
  0
3DFACE
  8
ELBOW_3D
  6
CONTINUOUS
 62
     5
 10
-133.979
 20
-152.774
 30
223.832
 11
-143.684
 21
-143.684
 31
227.852
 12
17.432
 22
-143.684
 32
388.968
 13
24.294
 23
-152.774
 33
382.106
  0
3DFACE
  8
ELBOW_3D
  6
CONTINUOUS
 62
     5
 10
-143.684
 20
-143.684
 30
0.000
 11
-152.774
 21
-133.979
 31
0.000
 12
-152.774
 22
-133.979
 32
231.617
 13
-143.684
 23
-143.684
 33
227.852
  0
3DFACE
  8
ELBOW_3D
  6
CONTINUOUS
 62
     5
 10
-143.684
 20
-143.684
 30
227.852
 11
-152.774
 21
-133.979
 31
231.617
 12
11.004
 22
-133.979
 32
395.396
 13
17.432
 23
-143.684
 33
388.968
  0
3DFACE
  8
ELBOW_3D
  6
CONTINUOUS
 62
     5
 10
-152.774
 20
-133.979
 30
0.000
 11
-161.209
 21
-123.700
 31
0.000
 12
-161.209
 22
-123.700
 32
235.112
 13
-152.774
 23
-133.979
 33
231.617
  0
3DFACE
  8
ELBOW_3D
  6
CONTINUOUS
 62
     5
 10
-152.774
 20
-133.979
 30
231.617
 11
-161.209
 21
-123.700
 31
235.112
 12
5.040
 22
-123.700
 32
401.360
 13
11.004
 23
-133.979
 33
395.396
  0
3DFACE
  8
ELBOW_3D
  6
CONTINUOUS
 62
     5
 10
-161.209
 20
-123.700
 30
0.000
 11
-168.955
 21
-112.892
 31
0.000
 12
-168.955
 22
-112.892
 32
238.320
 13
-161.209
 23
-123.700
 33
235.112
  0
3DFACE
  8
ELBOW_3D
  6
CONTINUOUS
 62
     5
 10
-161.209
 20
-123.700
 30
235.112
 11
-168.955
 21
-112.892
 31
238.320
 12
-0.437
 22
-112.892
 32
406.837
 13
5.040
 23
-123.700
 33
401.360
  0
3DFACE
  8
ELBOW_3D
  6
CONTINUOUS
 62
     5
 10
-168.955
 20
-112.892
 30
0.000
 11
-175.976
 21
-101.600
 31
0.000
 12
-175.976
 22
-101.600
 32
241.228
 13
-168.955
 23
-112.892
 33
238.320
  0
3DFACE
  8
ELBOW_3D
  6
CONTINUOUS
 62
     5
 10
-168.955
 20
-112.892
 30
238.320
 11
-175.976
 21
-101.600
 31
241.228
 12
-5.402
 22
-101.600
 32
411.802
 13
-0.437
 23
-112.892
 33
406.837
  0
3DFACE
  8
ELBOW_3D
  6
CONTINUOUS
 62
     5
 10
-175.976
 20
-101.600
 30
0.000
 11
-182.245
 21
-89.873
 31
0.000
 12
-182.245
 22
-89.873
 32
243.825
 13
-175.976
 23
-101.600
 33
241.228
  0
3DFACE
  8
ELBOW_3D
  6
CONTINUOUS
 62
     5
 10
-175.976
 20
-101.600
 30
241.228
 11
-182.245
 21
-89.873
 31
243.825
 12
-9.835
 22
-89.873
 32
416.235
 13
-5.402
 23
-101.600
 33
411.802
  0
3DFACE
  8
ELBOW_3D
  6
CONTINUOUS
 62
     5
 10
-182.245
 20
-89.873
 30
0.000
 11
-187.732
 21
-77.761
 31
0.000
 12
-187.732
 22
-77.761
 32
246.098
 13
-182.245
 23
-89.873
 33
243.825
  0
3DFACE
  8
ELBOW_3D
  6
CONTINUOUS
 62
     5
 10
-182.245
 20
-89.873
 30
243.825
 11
-187.732
 21
-77.761
 31
246.098
 12
-13.715
 22
-77.761
 32
420.115
 13
-9.835
 23
-89.873
 33
416.235
  0
3DFACE
  8
ELBOW_3D
  6
CONTINUOUS
 62
     5
 10
-187.732
 20
-77.761
 30
0.000
 11
-192.416
 21
-65.316
 31
0.000
 12
-192.416
 22
-65.316
 32
248.038
 13
-187.732
 23
-77.761
 33
246.098
  0
3DFACE
  8
ELBOW_3D
  6
CONTINUOUS
 62
     5
 10
-187.732
 20
-77.761
 30
246.098
 11
-192.416
 21
-65.316
 31
248.038
 12
-17.027
 22
-65.316
 32
423.427
 13
-13.715
 23
-77.761
 33
420.115
  0
3DFACE
  8
ELBOW_3D
  6
CONTINUOUS
 62
     5
 10
-192.416
 20
-65.316
 30
0.000
 11
-196.276
 21
-52.592
 31
0.000
 12
-196.276
 22
-52.592
 32
249.637
 13
-192.416
 23
-65.316
 33
248.038
  0
3DFACE
  8
ELBOW_3D
  6
CONTINUOUS
 62
     5
 10
-192.416
 20
-65.316
 30
248.038
 11
-196.276
 21
-52.592
 31
249.637
 12
-19.756
 22
-52.592
 32
426.156
 13
-17.027
 23
-65.316
 33
423.427
  0
3DFACE
  8
ELBOW_3D
  6
CONTINUOUS
 62
     5
 10
-196.276
 20
-52.592
 30
0.000
 11
-199.296
 21
-39.642
 31
0.000
 12
-199.296
 22
-39.642
 32
250.887
 13
-196.276
 23
-52.592
 33
249.637
  0
3DFACE
  8
ELBOW_3D
  6
CONTINUOUS
 62
     5
 10
-196.276
 20
-52.592
 30
249.637
 11
-199.296
 21
-39.642
 31
250.887
 12
-21.891
 22
-39.642
 32
428.291
 13
-19.756
 23
-52.592
 33
426.156
  0
3DFACE
  8
ELBOW_3D
  6
CONTINUOUS
 62
     5
 10
-199.296
 20
-39.642
 30
0.000
 11
-201.462
 21
-26.523
 31
0.000
 12
-201.462
 22
-26.523
 32
251.785
 13
-199.296
 23
-39.642
 33
250.887
  0
3DFACE
  8
ELBOW_3D
  6
CONTINUOUS
 62
     5
 10
-199.296
 20
-39.642
 30
250.887
 11
-201.462
 21
-26.523
 31
251.785
 12
-23.423
 22
-26.523
 32
429.823
 13
-21.891
 23
-39.642
 33
428.291
  0
3DFACE
  8
ELBOW_3D
  6
CONTINUOUS
 62
     5
 10
-201.462
 20
-26.523
 30
0.000
 11
-202.765
 21
-13.290
 31
0.000
 12
-202.765
 22
-13.290
 32
252.324
 13
-201.462
 23
-26.523
 33
251.785
  0
3DFACE
  8
ELBOW_3D
  6
CONTINUOUS
 62
     5
 10
-201.462
 20
-26.523
 30
251.785
 11
-202.765
 21
-13.290
 31
252.324
 12
-24.345
 22
-13.290
 32
430.745
 13
-23.423
 23
-26.523
 33
429.823
  0
3DFACE
  8
ELBOW_3D
  6
CONTINUOUS
 62
     5
 10
-202.765
 20
-13.290
 30
0.000
 11
-203.200
 21
0.000
 31
0.000
 12
-203.200
 22
0.000
 32
252.505
 13
-202.765
 23
-13.290
 33
252.324
  0
3DFACE
  8
ELBOW_3D
  6
CONTINUOUS
 62
     5
 10
-202.765
 20
-13.290
 30
252.324
 11
-203.200
 21
0.000
 31
252.505
 12
-24.652
 22
0.000
 32
431.052
 13
-24.345
 23
-13.290
 33
430.745
  0
3DFACE
  8
ELBOW_3D
  6
CONTINUOUS
 62
     5
 10
-24.652
 20
0.000
 30
431.052
 11
-24.345
 21
13.290
 31
430.745
 12
154.076
 22
13.290
 32
609.165
 13
153.895
 23
0.000
 33
609.600
  0
3DFACE
  8
ELBOW_3D
  6
CONTINUOUS
 62
     5
 10
153.895
 20
0.000
 30
609.600
 11
154.076
 21
13.290
 31
609.165
 12
406.400
 22
13.290
 32
609.165
 13
406.400
 23
0.000
 33
609.600
  0
3DFACE
  8
ELBOW_3D
  6
CONTINUOUS
 62
     5
 10
-24.345
 20
13.290
 30
430.745
 11
-23.423
 21
26.523
 31
429.823
 12
154.615
 22
26.523
 32
607.862
 13
154.076
 23
13.290
 33
609.165
  0
3DFACE
  8
ELBOW_3D
  6
CONTINUOUS
 62
     5
 10
154.076
 20
13.290
 30
609.165
 11
154.615
 21
26.523
 31
607.862
 12
406.400
 22
26.523
 32
607.862
 13
406.400
 23
13.290
 33
609.165
  0
3DFACE
  8
ELBOW_3D
  6
CONTINUOUS
 62
     5
 10
-23.423
 20
26.523
 30
429.823
 11
-21.891
 21
39.642
 31
428.291
 12
155.513
 22
39.642
 32
605.696
 13
154.615
 23
26.523
 33
607.862
  0
3DFACE
  8
ELBOW_3D
  6
CONTINUOUS
 62
     5
 10
154.615
 20
26.523
 30
607.862
 11
155.513
 21
39.642
 31
605.696
 12
406.400
 22
39.642
 32
605.696
 13
406.400
 23
26.523
 33
607.862
  0
3DFACE
  8
ELBOW_3D
  6
CONTINUOUS
 62
     5
 10
-21.891
 20
39.642
 30
428.291
 11
-19.756
 21
52.592
 31
426.156
 12
156.763
 22
52.592
 32
602.676
 13
155.513
 23
39.642
 33
605.696
  0
3DFACE
  8
ELBOW_3D
  6
CONTINUOUS
 62
     5
 10
155.513
 20
39.642
 30
605.696
 11
156.763
 21
52.592
 31
602.676
 12
406.400
 22
52.592
 32
602.676
 13
406.400
 23
39.642
 33
605.696
  0
3DFACE
  8
ELBOW_3D
  6
CONTINUOUS
 62
     5
 10
-19.756
 20
52.592
 30
426.156
 11
-17.027
 21
65.316
 31
423.427
 12
158.362
 22
65.316
 32
598.816
 13
156.763
 23
52.592
 33
602.676
  0
3DFACE
  8
ELBOW_3D
  6
CONTINUOUS
 62
     5
 10
156.763
 20
52.592
 30
602.676
 11
158.362
 21
65.316
 31
598.816
 12
406.400
 22
65.316
 32
598.816
 13
406.400
 23
52.592
 33
602.676
  0
3DFACE
  8
ELBOW_3D
  6
CONTINUOUS
 62
     5
 10
-17.027
 20
65.316
 30
423.427
 11
-13.715
 21
77.761
 31
420.115
 12
160.302
 22
77.761
 32
594.132
 13
158.362
 23
65.316
 33
598.816
  0
3DFACE
  8
ELBOW_3D
  6
CONTINUOUS
 62
     5
 10
158.362
 20
65.316
 30
598.816
 11
160.302
 21
77.761
 31
594.132
 12
406.400
 22
77.761
 32
594.132
 13
406.400
 23
65.316
 33
598.816
  0
3DFACE
  8
ELBOW_3D
  6
CONTINUOUS
 62
     5
 10
-13.715
 20
77.761
 30
420.115
 11
-9.835
 21
89.873
 31
416.235
 12
162.575
 22
89.873
 32
588.645
 13
160.302
 23
77.761
 33
594.132
  0
3DFACE
  8
ELBOW_3D
  6
CONTINUOUS
 62
     5
 10
160.302
 20
77.761
 30
594.132
 11
162.575
 21
89.873
 31
588.645
 12
406.400
 22
89.873
 32
588.645
 13
406.400
 23
77.761
 33
594.132
  0
3DFACE
  8
ELBOW_3D
  6
CONTINUOUS
 62
     5
 10
-9.835
 20
89.873
 30
416.235
 11
-5.402
 21
101.600
 31
411.802
 12
165.172
 22
101.600
 32
582.376
 13
162.575
 23
89.873
 33
588.645
  0
3DFACE
  8
ELBOW_3D
  6
CONTINUOUS
 62
     5
 10
162.575
 20
89.873
 30
588.645
 11
165.172
 21
101.600
 31
582.376
 12
406.400
 22
101.600
 32
582.376
 13
406.400
 23
89.873
 33
588.645
  0
3DFACE
  8
ELBOW_3D
  6
CONTINUOUS
 62
     5
 10
-5.402
 20
101.600
 30
411.802
 11
-0.437
 21
112.892
 31
406.837
 12
168.080
 22
112.892
 32
575.355
 13
165.172
 23
101.600
 33
582.376
  0
3DFACE
  8
ELBOW_3D
  6
CONTINUOUS
 62
     5
 10
165.172
 20
101.600
 30
582.376
 11
168.080
 21
112.892
 31
575.355
 12
406.400
 22
112.892
 32
575.355
 13
406.400
 23
101.600
 33
582.376
  0
3DFACE
  8
ELBOW_3D
  6
CONTINUOUS
 62
     5
 10
-0.437
 20
112.892
 30
406.837
 11
5.040
 21
123.700
 31
401.360
 12
171.288
 22
123.700
 32
567.609
 13
168.080
 23
112.892
 33
575.355
  0
3DFACE
  8
ELBOW_3D
  6
CONTINUOUS
 62
     5
 10
168.080
 20
112.892
 30
575.355
 11
171.288
 21
123.700
 31
567.609
 12
406.400
 22
123.700
 32
567.609
 13
406.400
 23
112.892
 33
575.355
  0
3DFACE
  8
ELBOW_3D
  6
CONTINUOUS
 62
     5
 10
5.040
 20
123.700
 30
401.360
 11
11.004
 21
133.979
 31
395.396
 12
174.783
 22
133.979
 32
559.174
 13
171.288
 23
123.700
 33
567.609
  0
3DFACE
  8
ELBOW_3D
  6
CONTINUOUS
 62
     5
 10
171.288
 20
123.700
 30
567.609
 11
174.783
 21
133.979
 31
559.174
 12
406.400
 22
133.979
 32
559.174
 13
406.400
 23
123.700
 33
567.609
  0
3DFACE
  8
ELBOW_3D
  6
CONTINUOUS
 62
     5
 10
11.004
 20
133.979
 30
395.396
 11
17.432
 21
143.684
 31
388.968
 12
178.548
 22
143.684
 32
550.084
 13
174.783
 23
133.979
 33
559.174
  0
3DFACE
  8
ELBOW_3D
  6
CONTINUOUS
 62
     5
 10
174.783
 20
133.979
 30
559.174
 11
178.548
 21
143.684
 31
550.084
 12
406.400
 22
143.684
 32
550.084
 13
406.400
 23
133.979
 33
559.174
  0
3DFACE
  8
ELBOW_3D
  6
CONTINUOUS
 62
     5
 10
17.432
 20
143.684
 30
388.968
 11
24.294
 21
152.774
 31
382.106
 12
182.568
 22
152.774
 32
540.379
 13
178.548
 23
143.684
 33
550.084
  0
3DFACE
  8
ELBOW_3D
  6
CONTINUOUS
 62
     5
 10
178.548
 20
143.684
 30
550.084
 11
182.568
 21
152.774
 31
540.379
 12
406.400
 22
152.774
 32
540.379
 13
406.400
 23
143.684
 33
550.084
  0
3DFACE
  8
ELBOW_3D
  6
CONTINUOUS
 62
     5
 10
24.294
 20
152.774
 30
382.106
 11
31.562
 21
161.209
 31
374.838
 12
186.825
 22
161.209
 32
530.100
 13
182.568
 23
152.774
 33
540.379
  0
3DFACE
  8
ELBOW_3D
  6
CONTINUOUS
 62
     5
 10
182.568
 20
152.774
 30
540.379
 11
186.825
 21
161.209
 31
530.100
 12
406.400
 22
161.209
 32
530.100
 13
406.400
 23
152.774
 33
540.379
  0
3DFACE
  8
ELBOW_3D
  6
CONTINUOUS
 62
     5
 10
31.562
 20
161.209
 30
374.838
 11
39.205
 21
168.955
 31
367.195
 12
191.302
 22
168.955
 32
519.292
 13
186.825
 23
161.209
 33
530.100
  0
3DFACE
  8
ELBOW_3D
  6
CONTINUOUS
 62
     5
 10
186.825
 20
161.209
 30
530.100
 11
191.302
 21
168.955
 31
519.292
 12
406.400
 22
168.955
 32
519.292
 13
406.400
 23
161.209
 33
530.100
  0
3DFACE
  8
ELBOW_3D
  6
CONTINUOUS
 62
     5
 10
39.205
 20
168.955
 30
367.195
 11
47.190
 21
175.976
 31
359.210
 12
195.980
 22
175.976
 32
508.000
 13
191.302
 23
168.955
 33
519.292
  0
3DFACE
  8
ELBOW_3D
  6
CONTINUOUS
 62
     5
 10
191.302
 20
168.955
 30
519.292
 11
195.980
 21
175.976
 31
508.000
 12
406.400
 22
175.976
 32
508.000
 13
406.400
 23
168.955
 33
519.292
  0
3DFACE
  8
ELBOW_3D
  6
CONTINUOUS
 62
     5
 10
47.190
 20
175.976
 30
359.210
 11
55.482
 21
182.245
 31
350.918
 12
200.837
 22
182.245
 32
496.273
 13
195.980
 23
175.976
 33
508.000
  0
3DFACE
  8
ELBOW_3D
  6
CONTINUOUS
 62
     5
 10
195.980
 20
175.976
 30
508.000
 11
200.837
 21
182.245
 31
496.273
 12
406.400
 22
182.245
 32
496.273
 13
406.400
 23
175.976
 33
508.000
  0
3DFACE
  8
ELBOW_3D
  6
CONTINUOUS
 62
     5
 10
55.482
 20
182.245
 30
350.918
 11
64.046
 21
187.732
 31
342.354
 12
205.854
 22
187.732
 32
484.161
 13
200.837
 23
182.245
 33
496.273
  0
3DFACE
  8
ELBOW_3D
  6
CONTINUOUS
 62
     5
 10
200.837
 20
182.245
 30
496.273
 11
205.854
 21
187.732
 31
484.161
 12
406.400
 22
187.732
 32
484.161
 13
406.400
 23
182.245
 33
496.273
  0
3DFACE
  8
ELBOW_3D
  6
CONTINUOUS
 62
     5
 10
64.046
 20
187.732
 30
342.354
 11
72.846
 21
192.416
 31
333.554
 12
211.009
 22
192.416
 32
471.716
 13
205.854
 23
187.732
 33
484.161
  0
3DFACE
  8
ELBOW_3D
  6
CONTINUOUS
 62
     5
 10
205.854
 20
187.732
 30
484.161
 11
211.009
 21
192.416
 31
471.716
 12
406.400
 22
192.416
 32
471.716
 13
406.400
 23
187.732
 33
484.161
  0
3DFACE
  8
ELBOW_3D
  6
CONTINUOUS
 62
     5
 10
72.846
 20
192.416
 30
333.554
 11
81.844
 21
196.276
 31
324.556
 12
216.279
 22
196.276
 32
458.992
 13
211.009
 23
192.416
 33
471.716
  0
3DFACE
  8
ELBOW_3D
  6
CONTINUOUS
 62
     5
 10
211.009
 20
192.416
 30
471.716
 11
216.279
 21
196.276
 31
458.992
 12
406.400
 22
196.276
 32
458.992
 13
406.400
 23
192.416
 33
471.716
  0
3DFACE
  8
ELBOW_3D
  6
CONTINUOUS
 62
     5
 10
81.844
 20
196.276
 30
324.556
 11
91.000
 21
199.296
 31
315.400
 12
221.643
 22
199.296
 32
446.042
 13
216.279
 23
196.276
 33
458.992
  0
3DFACE
  8
ELBOW_3D
  6
CONTINUOUS
 62
     5
 10
216.279
 20
196.276
 30
458.992
 11
221.643
 21
199.296
 31
446.042
 12
406.400
 22
199.296
 32
446.042
 13
406.400
 23
196.276
 33
458.992
  0
3DFACE
  8
ELBOW_3D
  6
CONTINUOUS
 62
     5
 10
91.000
 20
199.296
 30
315.400
 11
100.277
 21
201.462
 31
306.123
 12
227.077
 22
201.462
 32
432.923
 13
221.643
 23
199.296
 33
446.042
  0
3DFACE
  8
ELBOW_3D
  6
CONTINUOUS
 62
     5
 10
221.643
 20
199.296
 30
446.042
 11
227.077
 21
201.462
 31
432.923
 12
406.400
 22
201.462
 32
432.923
 13
406.400
 23
199.296
 33
446.042
  0
3DFACE
  8
ELBOW_3D
  6
CONTINUOUS
 62
     5
 10
100.277
 20
201.462
 30
306.123
 11
109.634
 21
202.765
 31
296.766
 12
232.559
 22
202.765
 32
419.690
 13
227.077
 23
201.462
 33
432.923
  0
3DFACE
  8
ELBOW_3D
  6
CONTINUOUS
 62
     5
 10
227.077
 20
201.462
 30
432.923
 11
232.559
 21
202.765
 31
419.690
 12
406.400
 22
202.765
 32
419.690
 13
406.400
 23
201.462
 33
432.923
  0
3DFACE
  8
ELBOW_3D
  6
CONTINUOUS
 62
     5
 10
109.634
 20
202.765
 30
296.766
 11
119.032
 21
203.200
 31
287.368
 12
238.064
 22
203.200
 32
406.400
 13
232.559
 23
202.765
 33
419.690
  0
3DFACE
  8
ELBOW_3D
  6
CONTINUOUS
 62
     5
 10
232.559
 20
202.765
 30
419.690
 11
238.064
 21
203.200
 31
406.400
 12
406.400
 22
203.200
 32
406.400
 13
406.400
 23
202.765
 33
419.690
  0
3DFACE
  8
ELBOW_3D
  6
CONTINUOUS
 62
     5
 10
119.032
 20
203.200
 30
287.368
 11
128.429
 21
202.765
 31
277.971
 12
243.568
 22
202.765
 32
393.110
 13
238.064
 23
203.200
 33
406.400
  0
3DFACE
  8
ELBOW_3D
  6
CONTINUOUS
 62
     5
 10
238.064
 20
203.200
 30
406.400
 11
243.568
 21
202.765
 31
393.110
 12
406.400
 22
202.765
 32
393.110
 13
406.400
 23
203.200
 33
406.400
  0
3DFACE
  8
ELBOW_3D
  6
CONTINUOUS
 62
     5
 10
128.429
 20
202.765
 30
277.971
 11
137.786
 21
201.462
 31
268.614
 12
249.050
 22
201.462
 32
379.877
 13
243.568
 23
202.765
 33
393.110
  0
3DFACE
  8
ELBOW_3D
  6
CONTINUOUS
 62
     5
 10
243.568
 20
202.765
 30
393.110
 11
249.050
 21
201.462
 31
379.877
 12
406.400
 22
201.462
 32
379.877
 13
406.400
 23
202.765
 33
393.110
  0
3DFACE
  8
ELBOW_3D
  6
CONTINUOUS
 62
     5
 10
137.786
 20
201.462
 30
268.614
 11
147.063
 21
199.296
 31
259.337
 12
254.484
 22
199.296
 32
366.758
 13
249.050
 23
201.462
 33
379.877
  0
3DFACE
  8
ELBOW_3D
  6
CONTINUOUS
 62
     5
 10
249.050
 20
201.462
 30
379.877
 11
254.484
 21
199.296
 31
366.758
 12
406.400
 22
199.296
 32
366.758
 13
406.400
 23
201.462
 33
379.877
  0
3DFACE
  8
ELBOW_3D
  6
CONTINUOUS
 62
     5
 10
147.063
 20
199.296
 30
259.337
 11
156.220
 21
196.276
 31
250.180
 12
259.848
 22
196.276
 32
353.808
 13
254.484
 23
199.296
 33
366.758
  0
3DFACE
  8
ELBOW_3D
  6
CONTINUOUS
 62
     5
 10
254.484
 20
199.296
 30
366.758
 11
259.848
 21
196.276
 31
353.808
 12
406.400
 22
196.276
 32
353.808
 13
406.400
 23
199.296
 33
366.758
  0
3DFACE
  8
ELBOW_3D
  6
CONTINUOUS
 62
     5
 10
156.220
 20
196.276
 30
250.180
 11
165.218
 21
192.416
 31
241.182
 12
265.119
 22
192.416
 32
341.084
 13
259.848
 23
196.276
 33
353.808
  0
3DFACE
  8
ELBOW_3D
  6
CONTINUOUS
 62
     5
 10
259.848
 20
196.276
 30
353.808
 11
265.119
 21
192.416
 31
341.084
 12
406.400
 22
192.416
 32
341.084
 13
406.400
 23
196.276
 33
353.808
  0
3DFACE
  8
ELBOW_3D
  6
CONTINUOUS
 62
     5
 10
165.218
 20
192.416
 30
241.182
 11
174.017
 21
187.732
 31
232.383
 12
270.273
 22
187.732
 32
328.639
 13
265.119
 23
192.416
 33
341.084
  0
3DFACE
  8
ELBOW_3D
  6
CONTINUOUS
 62
     5
 10
265.119
 20
192.416
 30
341.084
 11
270.273
 21
187.732
 31
328.639
 12
406.400
 22
187.732
 32
328.639
 13
406.400
 23
192.416
 33
341.084
  0
3DFACE
  8
ELBOW_3D
  6
CONTINUOUS
 62
     5
 10
174.017
 20
187.732
 30
232.383
 11
182.582
 21
182.245
 31
223.818
 12
275.290
 22
182.245
 32
316.527
 13
270.273
 23
187.732
 33
328.639
  0
3DFACE
  8
ELBOW_3D
  6
CONTINUOUS
 62
     5
 10
270.273
 20
187.732
 30
328.639
 11
275.290
 21
182.245
 31
316.527
 12
406.400
 22
182.245
 32
316.527
 13
406.400
 23
187.732
 33
328.639
  0
3DFACE
  8
ELBOW_3D
  6
CONTINUOUS
 62
     5
 10
182.582
 20
182.245
 30
223.818
 11
190.874
 21
175.976
 31
215.526
 12
280.148
 22
175.976
 32
304.800
 13
275.290
 23
182.245
 33
316.527
  0
3DFACE
  8
ELBOW_3D
  6
CONTINUOUS
 62
     5
 10
275.290
 20
182.245
 30
316.527
 11
280.148
 21
175.976
 31
304.800
 12
406.400
 22
175.976
 32
304.800
 13
406.400
 23
182.245
 33
316.527
  0
3DFACE
  8
ELBOW_3D
  6
CONTINUOUS
 62
     5
 10
190.874
 20
175.976
 30
215.526
 11
198.858
 21
168.955
 31
207.542
 12
284.825
 22
168.955
 32
293.508
 13
280.148
 23
175.976
 33
304.800
  0
3DFACE
  8
ELBOW_3D
  6
CONTINUOUS
 62
     5
 10
280.148
 20
175.976
 30
304.800
 11
284.825
 21
168.955
 31
293.508
 12
406.400
 22
168.955
 32
293.508
 13
406.400
 23
175.976
 33
304.800
  0
3DFACE
  8
ELBOW_3D
  6
CONTINUOUS
 62
     5
 10
198.858
 20
168.955
 30
207.542
 11
206.501
 21
161.209
 31
199.899
 12
289.302
 22
161.209
 32
282.700
 13
284.825
 23
168.955
 33
293.508
  0
3DFACE
  8
ELBOW_3D
  6
CONTINUOUS
 62
     5
 10
284.825
 20
168.955
 30
293.508
 11
289.302
 21
161.209
 31
282.700
 12
406.400
 22
161.209
 32
282.700
 13
406.400
 23
168.955
 33
293.508
  0
3DFACE
  8
ELBOW_3D
  6
CONTINUOUS
 62
     5
 10
206.501
 20
161.209
 30
199.899
 11
213.769
 21
152.774
 31
192.631
 12
293.560
 22
152.774
 32
272.421
 13
289.302
 23
161.209
 33
282.700
  0
3DFACE
  8
ELBOW_3D
  6
CONTINUOUS
 62
     5
 10
289.302
 20
161.209
 30
282.700
 11
293.560
 21
152.774
 31
272.421
 12
406.400
 22
152.774
 32
272.421
 13
406.400
 23
161.209
 33
282.700
  0
3DFACE
  8
ELBOW_3D
  6
CONTINUOUS
 62
     5
 10
213.769
 20
152.774
 30
192.631
 11
220.632
 21
143.684
 31
185.768
 12
297.580
 22
143.684
 32
262.716
 13
293.560
 23
152.774
 33
272.421
  0
3DFACE
  8
ELBOW_3D
  6
CONTINUOUS
 62
     5
 10
293.560
 20
152.774
 30
272.421
 11
297.580
 21
143.684
 31
262.716
 12
406.400
 22
143.684
 32
262.716
 13
406.400
 23
152.774
 33
272.421
  0
3DFACE
  8
ELBOW_3D
  6
CONTINUOUS
 62
     5
 10
220.632
 20
143.684
 30
185.768
 11
227.059
 21
133.979
 31
179.341
 12
301.345
 22
133.979
 32
253.626
 13
297.580
 23
143.684
 33
262.716
  0
3DFACE
  8
ELBOW_3D
  6
CONTINUOUS
 62
     5
 10
297.580
 20
143.684
 30
262.716
 11
301.345
 21
133.979
 31
253.626
 12
406.400
 22
133.979
 32
253.626
 13
406.400
 23
143.684
 33
262.716
  0
3DFACE
  8
ELBOW_3D
  6
CONTINUOUS
 62
     5
 10
227.059
 20
133.979
 30
179.341
 11
233.024
 21
123.700
 31
173.376
 12
304.839
 22
123.700
 32
245.191
 13
301.345
 23
133.979
 33
253.626
  0
3DFACE
  8
ELBOW_3D
  6
CONTINUOUS
 62
     5
 10
301.345
 20
133.979
 30
253.626
 11
304.839
 21
123.700
 31
245.191
 12
406.400
 22
123.700
 32
245.191
 13
406.400
 23
133.979
 33
253.626
  0
3DFACE
  8
ELBOW_3D
  6
CONTINUOUS
 62
     5
 10
233.024
 20
123.700
 30
173.376
 11
238.501
 21
112.892
 31
167.899
 12
308.047
 22
112.892
 32
237.445
 13
304.839
 23
123.700
 33
245.191
  0
3DFACE
  8
ELBOW_3D
  6
CONTINUOUS
 62
     5
 10
304.839
 20
123.700
 30
245.191
 11
308.047
 21
112.892
 31
237.445
 12
406.400
 22
112.892
 32
237.445
 13
406.400
 23
123.700
 33
245.191
  0
3DFACE
  8
ELBOW_3D
  6
CONTINUOUS
 62
     5
 10
238.501
 20
112.892
 30
167.899
 11
243.466
 21
101.600
 31
162.934
 12
310.955
 22
101.600
 32
230.424
 13
308.047
 23
112.892
 33
237.445
  0
3DFACE
  8
ELBOW_3D
  6
CONTINUOUS
 62
     5
 10
308.047
 20
112.892
 30
237.445
 11
310.955
 21
101.600
 31
230.424
 12
406.400
 22
101.600
 32
230.424
 13
406.400
 23
112.892
 33
237.445
  0
3DFACE
  8
ELBOW_3D
  6
CONTINUOUS
 62
     5
 10
243.466
 20
101.600
 30
162.934
 11
247.898
 21
89.873
 31
158.502
 12
313.552
 22
89.873
 32
224.155
 13
310.955
 23
101.600
 33
230.424
  0
3DFACE
  8
ELBOW_3D
  6
CONTINUOUS
 62
     5
 10
310.955
 20
101.600
 30
230.424
 11
313.552
 21
89.873
 31
224.155
 12
406.400
 22
89.873
 32
224.155
 13
406.400
 23
101.600
 33
230.424
  0
3DFACE
  8
ELBOW_3D
  6
CONTINUOUS
 62
     5
 10
247.898
 20
89.873
 30
158.502
 11
251.779
 21
77.761
 31
154.621
 12
315.825
 22
77.761
 32
218.668
 13
313.552
 23
89.873
 33
224.155
  0
3DFACE
  8
ELBOW_3D
  6
CONTINUOUS
 62
     5
 10
313.552
 20
89.873
 30
224.155
 11
315.825
 21
77.761
 31
218.668
 12
406.400
 22
77.761
 32
218.668
 13
406.400
 23
89.873
 33
224.155
  0
3DFACE
  8
ELBOW_3D
  6
CONTINUOUS
 62
     5
 10
251.779
 20
77.761
 30
154.621
 11
255.091
 21
65.316
 31
151.309
 12
317.765
 22
65.316
 32
213.984
 13
315.825
 23
77.761
 33
218.668
  0
3DFACE
  8
ELBOW_3D
  6
CONTINUOUS
 62
     5
 10
315.825
 20
77.761
 30
218.668
 11
317.765
 21
65.316
 31
213.984
 12
406.400
 22
65.316
 32
213.984
 13
406.400
 23
77.761
 33
218.668
  0
3DFACE
  8
ELBOW_3D
  6
CONTINUOUS
 62
     5
 10
255.091
 20
65.316
 30
151.309
 11
257.820
 21
52.592
 31
148.580
 12
319.364
 22
52.592
 32
210.124
 13
317.765
 23
65.316
 33
213.984
  0
3DFACE
  8
ELBOW_3D
  6
CONTINUOUS
 62
     5
 10
317.765
 20
65.316
 30
213.984
 11
319.364
 21
52.592
 31
210.124
 12
406.400
 22
52.592
 32
210.124
 13
406.400
 23
65.316
 33
213.984
  0
3DFACE
  8
ELBOW_3D
  6
CONTINUOUS
 62
     5
 10
257.820
 20
52.592
 30
148.580
 11
259.955
 21
39.642
 31
146.445
 12
320.615
 22
39.642
 32
207.104
 13
319.364
 23
52.592
 33
210.124
  0
3DFACE
  8
ELBOW_3D
  6
CONTINUOUS
 62
     5
 10
319.364
 20
52.592
 30
210.124
 11
320.615
 21
39.642
 31
207.104
 12
406.400
 22
39.642
 32
207.104
 13
406.400
 23
52.592
 33
210.124
  0
3DFACE
  8
ELBOW_3D
  6
CONTINUOUS
 62
     5
 10
259.955
 20
39.642
 30
146.445
 11
261.487
 21
26.523
 31
144.913
 12
321.512
 22
26.523
 32
204.938
 13
320.615
 23
39.642
 33
207.104
  0
3DFACE
  8
ELBOW_3D
  6
CONTINUOUS
 62
     5
 10
320.615
 20
39.642
 30
207.104
 11
321.512
 21
26.523
 31
204.938
 12
406.400
 22
26.523
 32
204.938
 13
406.400
 23
39.642
 33
207.104
  0
3DFACE
  8
ELBOW_3D
  6
CONTINUOUS
 62
     5
 10
261.487
 20
26.523
 30
144.913
 11
262.408
 21
13.290
 31
143.992
 12
322.052
 22
13.290
 32
203.635
 13
321.512
 23
26.523
 33
204.938
  0
3DFACE
  8
ELBOW_3D
  6
CONTINUOUS
 62
     5
 10
321.512
 20
26.523
 30
204.938
 11
322.052
 21
13.290
 31
203.635
 12
406.400
 22
13.290
 32
203.635
 13
406.400
 23
26.523
 33
204.938
  0
3DFACE
  8
ELBOW_3D
  6
CONTINUOUS
 62
     5
 10
262.408
 20
13.290
 30
143.992
 11
262.716
 21
0.000
 31
143.684
 12
322.232
 22
0.000
 32
203.200
 13
322.052
 23
13.290
 33
203.635
  0
3DFACE
  8
ELBOW_3D
  6
CONTINUOUS
 62
     5
 10
322.052
 20
13.290
 30
203.635
 11
322.232
 21
0.000
 31
203.200
 12
406.400
 22
0.000
 32
203.200
 13
406.400
 23
13.290
 33
203.635
  0
3DFACE
  8
ELBOW_3D
  6
CONTINUOUS
 62
     5
 10
262.716
 20
0.000
 30
143.684
 11
262.408
 21
-13.290
 31
143.992
 12
322.052
 22
-13.290
 32
203.635
 13
322.232
 23
0.000
 33
203.200
  0
3DFACE
  8
ELBOW_3D
  6
CONTINUOUS
 62
     5
 10
322.232
 20
0.000
 30
203.200
 11
322.052
 21
-13.290
 31
203.635
 12
406.400
 22
-13.290
 32
203.635
 13
406.400
 23
0.000
 33
203.200
  0
3DFACE
  8
ELBOW_3D
  6
CONTINUOUS
 62
     5
 10
262.408
 20
-13.290
 30
143.992
 11
261.487
 21
-26.523
 31
144.913
 12
321.512
 22
-26.523
 32
204.938
 13
322.052
 23
-13.290
 33
203.635
  0
3DFACE
  8
ELBOW_3D
  6
CONTINUOUS
 62
     5
 10
322.052
 20
-13.290
 30
203.635
 11
321.512
 21
-26.523
 31
204.938
 12
406.400
 22
-26.523
 32
204.938
 13
406.400
 23
-13.290
 33
203.635
  0
3DFACE
  8
ELBOW_3D
  6
CONTINUOUS
 62
     5
 10
261.487
 20
-26.523
 30
144.913
 11
259.955
 21
-39.642
 31
146.445
 12
320.615
 22
-39.642
 32
207.104
 13
321.512
 23
-26.523
 33
204.938
  0
3DFACE
  8
ELBOW_3D
  6
CONTINUOUS
 62
     5
 10
321.512
 20
-26.523
 30
204.938
 11
320.615
 21
-39.642
 31
207.104
 12
406.400
 22
-39.642
 32
207.104
 13
406.400
 23
-26.523
 33
204.938
  0
3DFACE
  8
ELBOW_3D
  6
CONTINUOUS
 62
     5
 10
259.955
 20
-39.642
 30
146.445
 11
257.820
 21
-52.592
 31
148.580
 12
319.364
 22
-52.592
 32
210.124
 13
320.615
 23
-39.642
 33
207.104
  0
3DFACE
  8
ELBOW_3D
  6
CONTINUOUS
 62
     5
 10
320.615
 20
-39.642
 30
207.104
 11
319.364
 21
-52.592
 31
210.124
 12
406.400
 22
-52.592
 32
210.124
 13
406.400
 23
-39.642
 33
207.104
  0
3DFACE
  8
ELBOW_3D
  6
CONTINUOUS
 62
     5
 10
257.820
 20
-52.592
 30
148.580
 11
255.091
 21
-65.316
 31
151.309
 12
317.765
 22
-65.316
 32
213.984
 13
319.364
 23
-52.592
 33
210.124
  0
3DFACE
  8
ELBOW_3D
  6
CONTINUOUS
 62
     5
 10
319.364
 20
-52.592
 30
210.124
 11
317.765
 21
-65.316
 31
213.984
 12
406.400
 22
-65.316
 32
213.984
 13
406.400
 23
-52.592
 33
210.124
  0
3DFACE
  8
ELBOW_3D
  6
CONTINUOUS
 62
     5
 10
255.091
 20
-65.316
 30
151.309
 11
251.779
 21
-77.761
 31
154.621
 12
315.825
 22
-77.761
 32
218.668
 13
317.765
 23
-65.316
 33
213.984
  0
3DFACE
  8
ELBOW_3D
  6
CONTINUOUS
 62
     5
 10
317.765
 20
-65.316
 30
213.984
 11
315.825
 21
-77.761
 31
218.668
 12
406.400
 22
-77.761
 32
218.668
 13
406.400
 23
-65.316
 33
213.984
  0
3DFACE
  8
ELBOW_3D
  6
CONTINUOUS
 62
     5
 10
251.779
 20
-77.761
 30
154.621
 11
247.898
 21
-89.873
 31
158.502
 12
313.552
 22
-89.873
 32
224.155
 13
315.825
 23
-77.761
 33
218.668
  0
3DFACE
  8
ELBOW_3D
  6
CONTINUOUS
 62
     5
 10
315.825
 20
-77.761
 30
218.668
 11
313.552
 21
-89.873
 31
224.155
 12
406.400
 22
-89.873
 32
224.155
 13
406.400
 23
-77.761
 33
218.668
  0
3DFACE
  8
ELBOW_3D
  6
CONTINUOUS
 62
     5
 10
247.898
 20
-89.873
 30
158.502
 11
243.466
 21
-101.600
 31
162.934
 12
310.955
 22
-101.600
 32
230.424
 13
313.552
 23
-89.873
 33
224.155
  0
3DFACE
  8
ELBOW_3D
  6
CONTINUOUS
 62
     5
 10
313.552
 20
-89.873
 30
224.155
 11
310.955
 21
-101.600
 31
230.424
 12
406.400
 22
-101.600
 32
230.424
 13
406.400
 23
-89.873
 33
224.155
  0
3DFACE
  8
ELBOW_3D
  6
CONTINUOUS
 62
     5
 10
243.466
 20
-101.600
 30
162.934
 11
238.501
 21
-112.892
 31
167.899
 12
308.047
 22
-112.892
 32
237.445
 13
310.955
 23
-101.600
 33
230.424
  0
3DFACE
  8
ELBOW_3D
  6
CONTINUOUS
 62
     5
 10
310.955
 20
-101.600
 30
230.424
 11
308.047
 21
-112.892
 31
237.445
 12
406.400
 22
-112.892
 32
237.445
 13
406.400
 23
-101.600
 33
230.424
  0
3DFACE
  8
ELBOW_3D
  6
CONTINUOUS
 62
     5
 10
238.501
 20
-112.892
 30
167.899
 11
233.024
 21
-123.700
 31
173.376
 12
304.839
 22
-123.700
 32
245.191
 13
308.047
 23
-112.892
 33
237.445
  0
3DFACE
  8
ELBOW_3D
  6
CONTINUOUS
 62
     5
 10
308.047
 20
-112.892
 30
237.445
 11
304.839
 21
-123.700
 31
245.191
 12
406.400
 22
-123.700
 32
245.191
 13
406.400
 23
-112.892
 33
237.445
  0
3DFACE
  8
ELBOW_3D
  6
CONTINUOUS
 62
     5
 10
233.024
 20
-123.700
 30
173.376
 11
227.059
 21
-133.979
 31
179.341
 12
301.345
 22
-133.979
 32
253.626
 13
304.839
 23
-123.700
 33
245.191
  0
3DFACE
  8
ELBOW_3D
  6
CONTINUOUS
 62
     5
 10
304.839
 20
-123.700
 30
245.191
 11
301.345
 21
-133.979
 31
253.626
 12
406.400
 22
-133.979
 32
253.626
 13
406.400
 23
-123.700
 33
245.191
  0
3DFACE
  8
ELBOW_3D
  6
CONTINUOUS
 62
     5
 10
227.059
 20
-133.979
 30
179.341
 11
220.632
 21
-143.684
 31
185.768
 12
297.580
 22
-143.684
 32
262.716
 13
301.345
 23
-133.979
 33
253.626
  0
3DFACE
  8
ELBOW_3D
  6
CONTINUOUS
 62
     5
 10
301.345
 20
-133.979
 30
253.626
 11
297.580
 21
-143.684
 31
262.716
 12
406.400
 22
-143.684
 32
262.716
 13
406.400
 23
-133.979
 33
253.626
  0
3DFACE
  8
ELBOW_3D
  6
CONTINUOUS
 62
     5
 10
220.632
 20
-143.684
 30
185.768
 11
213.769
 21
-152.774
 31
192.631
 12
293.560
 22
-152.774
 32
272.421
 13
297.580
 23
-143.684
 33
262.716
  0
3DFACE
  8
ELBOW_3D
  6
CONTINUOUS
 62
     5
 10
297.580
 20
-143.684
 30
262.716
 11
293.560
 21
-152.774
 31
272.421
 12
406.400
 22
-152.774
 32
272.421
 13
406.400
 23
-143.684
 33
262.716
  0
3DFACE
  8
ELBOW_3D
  6
CONTINUOUS
 62
     5
 10
213.769
 20
-152.774
 30
192.631
 11
206.501
 21
-161.209
 31
199.899
 12
289.302
 22
-161.209
 32
282.700
 13
293.560
 23
-152.774
 33
272.421
  0
3DFACE
  8
ELBOW_3D
  6
CONTINUOUS
 62
     5
 10
293.560
 20
-152.774
 30
272.421
 11
289.302
 21
-161.209
 31
282.700
 12
406.400
 22
-161.209
 32
282.700
 13
406.400
 23
-152.774
 33
272.421
  0
3DFACE
  8
ELBOW_3D
  6
CONTINUOUS
 62
     5
 10
206.501
 20
-161.209
 30
199.899
 11
198.858
 21
-168.955
 31
207.542
 12
284.825
 22
-168.955
 32
293.508
 13
289.302
 23
-161.209
 33
282.700
  0
3DFACE
  8
ELBOW_3D
  6
CONTINUOUS
 62
     5
 10
289.302
 20
-161.209
 30
282.700
 11
284.825
 21
-168.955
 31
293.508
 12
406.400
 22
-168.955
 32
293.508
 13
406.400
 23
-161.209
 33
282.700
  0
3DFACE
  8
ELBOW_3D
  6
CONTINUOUS
 62
     5
 10
198.858
 20
-168.955
 30
207.542
 11
190.874
 21
-175.976
 31
215.526
 12
280.148
 22
-175.976
 32
304.800
 13
284.825
 23
-168.955
 33
293.508
  0
3DFACE
  8
ELBOW_3D
  6
CONTINUOUS
 62
     5
 10
284.825
 20
-168.955
 30
293.508
 11
280.148
 21
-175.976
 31
304.800
 12
406.400
 22
-175.976
 32
304.800
 13
406.400
 23
-168.955
 33
293.508
  0
3DFACE
  8
ELBOW_3D
  6
CONTINUOUS
 62
     5
 10
190.874
 20
-175.976
 30
215.526
 11
182.582
 21
-182.245
 31
223.818
 12
275.290
 22
-182.245
 32
316.527
 13
280.148
 23
-175.976
 33
304.800
  0
3DFACE
  8
ELBOW_3D
  6
CONTINUOUS
 62
     5
 10
280.148
 20
-175.976
 30
304.800
 11
275.290
 21
-182.245
 31
316.527
 12
406.400
 22
-182.245
 32
316.527
 13
406.400
 23
-175.976
 33
304.800
  0
3DFACE
  8
ELBOW_3D
  6
CONTINUOUS
 62
     5
 10
182.582
 20
-182.245
 30
223.818
 11
174.017
 21
-187.732
 31
232.383
 12
270.273
 22
-187.732
 32
328.639
 13
275.290
 23
-182.245
 33
316.527
  0
3DFACE
  8
ELBOW_3D
  6
CONTINUOUS
 62
     5
 10
275.290
 20
-182.245
 30
316.527
 11
270.273
 21
-187.732
 31
328.639
 12
406.400
 22
-187.732
 32
328.639
 13
406.400
 23
-182.245
 33
316.527
  0
3DFACE
  8
ELBOW_3D
  6
CONTINUOUS
 62
     5
 10
174.017
 20
-187.732
 30
232.383
 11
165.218
 21
-192.416
 31
241.182
 12
265.119
 22
-192.416
 32
341.084
 13
270.273
 23
-187.732
 33
328.639
  0
3DFACE
  8
ELBOW_3D
  6
CONTINUOUS
 62
     5
 10
270.273
 20
-187.732
 30
328.639
 11
265.119
 21
-192.416
 31
341.084
 12
406.400
 22
-192.416
 32
341.084
 13
406.400
 23
-187.732
 33
328.639
  0
3DFACE
  8
ELBOW_3D
  6
CONTINUOUS
 62
     5
 10
165.218
 20
-192.416
 30
241.182
 11
156.220
 21
-196.276
 31
250.180
 12
259.848
 22
-196.276
 32
353.808
 13
265.119
 23
-192.416
 33
341.084
  0
3DFACE
  8
ELBOW_3D
  6
CONTINUOUS
 62
     5
 10
265.119
 20
-192.416
 30
341.084
 11
259.848
 21
-196.276
 31
353.808
 12
406.400
 22
-196.276
 32
353.808
 13
406.400
 23
-192.416
 33
341.084
  0
3DFACE
  8
ELBOW_3D
  6
CONTINUOUS
 62
     5
 10
156.220
 20
-196.276
 30
250.180
 11
147.063
 21
-199.296
 31
259.337
 12
254.484
 22
-199.296
 32
366.758
 13
259.848
 23
-196.276
 33
353.808
  0
3DFACE
  8
ELBOW_3D
  6
CONTINUOUS
 62
     5
 10
259.848
 20
-196.276
 30
353.808
 11
254.484
 21
-199.296
 31
366.758
 12
406.400
 22
-199.296
 32
366.758
 13
406.400
 23
-196.276
 33
353.808
  0
3DFACE
  8
ELBOW_3D
  6
CONTINUOUS
 62
     5
 10
147.063
 20
-199.296
 30
259.337
 11
137.786
 21
-201.462
 31
268.614
 12
249.050
 22
-201.462
 32
379.877
 13
254.484
 23
-199.296
 33
366.758
  0
3DFACE
  8
ELBOW_3D
  6
CONTINUOUS
 62
     5
 10
254.484
 20
-199.296
 30
366.758
 11
249.050
 21
-201.462
 31
379.877
 12
406.400
 22
-201.462
 32
379.877
 13
406.400
 23
-199.296
 33
366.758
  0
3DFACE
  8
ELBOW_3D
  6
CONTINUOUS
 62
     5
 10
137.786
 20
-201.462
 30
268.614
 11
128.429
 21
-202.765
 31
277.971
 12
243.568
 22
-202.765
 32
393.110
 13
249.050
 23
-201.462
 33
379.877
  0
3DFACE
  8
ELBOW_3D
  6
CONTINUOUS
 62
     5
 10
249.050
 20
-201.462
 30
379.877
 11
243.568
 21
-202.765
 31
393.110
 12
406.400
 22
-202.765
 32
393.110
 13
406.400
 23
-201.462
 33
379.877
  0
3DFACE
  8
ELBOW_3D
  6
CONTINUOUS
 62
     5
 10
128.429
 20
-202.765
 30
277.971
 11
119.032
 21
-203.200
 31
287.368
 12
238.064
 22
-203.200
 32
406.400
 13
243.568
 23
-202.765
 33
393.110
  0
3DFACE
  8
ELBOW_3D
  6
CONTINUOUS
 62
     5
 10
243.568
 20
-202.765
 30
393.110
 11
238.064
 21
-203.200
 31
406.400
 12
406.400
 22
-203.200
 32
406.400
 13
406.400
 23
-202.765
 33
393.110
  0
3DFACE
  8
ELBOW_3D
  6
CONTINUOUS
 62
     5
 10
119.032
 20
-203.200
 30
287.368
 11
109.634
 21
-202.765
 31
296.766
 12
232.559
 22
-202.765
 32
419.690
 13
238.064
 23
-203.200
 33
406.400
  0
3DFACE
  8
ELBOW_3D
  6
CONTINUOUS
 62
     5
 10
238.064
 20
-203.200
 30
406.400
 11
232.559
 21
-202.765
 31
419.690
 12
406.400
 22
-202.765
 32
419.690
 13
406.400
 23
-203.200
 33
406.400
  0
3DFACE
  8
ELBOW_3D
  6
CONTINUOUS
 62
     5
 10
109.634
 20
-202.765
 30
296.766
 11
100.277
 21
-201.462
 31
306.123
 12
227.077
 22
-201.462
 32
432.923
 13
232.559
 23
-202.765
 33
419.690
  0
3DFACE
  8
ELBOW_3D
  6
CONTINUOUS
 62
     5
 10
232.559
 20
-202.765
 30
419.690
 11
227.077
 21
-201.462
 31
432.923
 12
406.400
 22
-201.462
 32
432.923
 13
406.400
 23
-202.765
 33
419.690
  0
3DFACE
  8
ELBOW_3D
  6
CONTINUOUS
 62
     5
 10
100.277
 20
-201.462
 30
306.123
 11
91.000
 21
-199.296
 31
315.400
 12
221.643
 22
-199.296
 32
446.042
 13
227.077
 23
-201.462
 33
432.923
  0
3DFACE
  8
ELBOW_3D
  6
CONTINUOUS
 62
     5
 10
227.077
 20
-201.462
 30
432.923
 11
221.643
 21
-199.296
 31
446.042
 12
406.400
 22
-199.296
 32
446.042
 13
406.400
 23
-201.462
 33
432.923
  0
3DFACE
  8
ELBOW_3D
  6
CONTINUOUS
 62
     5
 10
91.000
 20
-199.296
 30
315.400
 11
81.844
 21
-196.276
 31
324.556
 12
216.279
 22
-196.276
 32
458.992
 13
221.643
 23
-199.296
 33
446.042
  0
3DFACE
  8
ELBOW_3D
  6
CONTINUOUS
 62
     5
 10
221.643
 20
-199.296
 30
446.042
 11
216.279
 21
-196.276
 31
458.992
 12
406.400
 22
-196.276
 32
458.992
 13
406.400
 23
-199.296
 33
446.042
  0
3DFACE
  8
ELBOW_3D
  6
CONTINUOUS
 62
     5
 10
81.844
 20
-196.276
 30
324.556
 11
72.846
 21
-192.416
 31
333.554
 12
211.009
 22
-192.416
 32
471.716
 13
216.279
 23
-196.276
 33
458.992
  0
3DFACE
  8
ELBOW_3D
  6
CONTINUOUS
 62
     5
 10
216.279
 20
-196.276
 30
458.992
 11
211.009
 21
-192.416
 31
471.716
 12
406.400
 22
-192.416
 32
471.716
 13
406.400
 23
-196.276
 33
458.992
  0
3DFACE
  8
ELBOW_3D
  6
CONTINUOUS
 62
     5
 10
72.846
 20
-192.416
 30
333.554
 11
64.046
 21
-187.732
 31
342.354
 12
205.854
 22
-187.732
 32
484.161
 13
211.009
 23
-192.416
 33
471.716
  0
3DFACE
  8
ELBOW_3D
  6
CONTINUOUS
 62
     5
 10
211.009
 20
-192.416
 30
471.716
 11
205.854
 21
-187.732
 31
484.161
 12
406.400
 22
-187.732
 32
484.161
 13
406.400
 23
-192.416
 33
471.716
  0
3DFACE
  8
ELBOW_3D
  6
CONTINUOUS
 62
     5
 10
64.046
 20
-187.732
 30
342.354
 11
55.482
 21
-182.245
 31
350.918
 12
200.837
 22
-182.245
 32
496.273
 13
205.854
 23
-187.732
 33
484.161
  0
3DFACE
  8
ELBOW_3D
  6
CONTINUOUS
 62
     5
 10
205.854
 20
-187.732
 30
484.161
 11
200.837
 21
-182.245
 31
496.273
 12
406.400
 22
-182.245
 32
496.273
 13
406.400
 23
-187.732
 33
484.161
  0
3DFACE
  8
ELBOW_3D
  6
CONTINUOUS
 62
     5
 10
55.482
 20
-182.245
 30
350.918
 11
47.190
 21
-175.976
 31
359.210
 12
195.980
 22
-175.976
 32
508.000
 13
200.837
 23
-182.245
 33
496.273
  0
3DFACE
  8
ELBOW_3D
  6
CONTINUOUS
 62
     5
 10
200.837
 20
-182.245
 30
496.273
 11
195.980
 21
-175.976
 31
508.000
 12
406.400
 22
-175.976
 32
508.000
 13
406.400
 23
-182.245
 33
496.273
  0
3DFACE
  8
ELBOW_3D
  6
CONTINUOUS
 62
     5
 10
47.190
 20
-175.976
 30
359.210
 11
39.205
 21
-168.955
 31
367.195
 12
191.302
 22
-168.955
 32
519.292
 13
195.980
 23
-175.976
 33
508.000
  0
3DFACE
  8
ELBOW_3D
  6
CONTINUOUS
 62
     5
 10
195.980
 20
-175.976
 30
508.000
 11
191.302
 21
-168.955
 31
519.292
 12
406.400
 22
-168.955
 32
519.292
 13
406.400
 23
-175.976
 33
508.000
  0
3DFACE
  8
ELBOW_3D
  6
CONTINUOUS
 62
     5
 10
39.205
 20
-168.955
 30
367.195
 11
31.562
 21
-161.209
 31
374.838
 12
186.825
 22
-161.209
 32
530.100
 13
191.302
 23
-168.955
 33
519.292
  0
3DFACE
  8
ELBOW_3D
  6
CONTINUOUS
 62
     5
 10
191.302
 20
-168.955
 30
519.292
 11
186.825
 21
-161.209
 31
530.100
 12
406.400
 22
-161.209
 32
530.100
 13
406.400
 23
-168.955
 33
519.292
  0
3DFACE
  8
ELBOW_3D
  6
CONTINUOUS
 62
     5
 10
31.562
 20
-161.209
 30
374.838
 11
24.294
 21
-152.774
 31
382.106
 12
182.568
 22
-152.774
 32
540.379
 13
186.825
 23
-161.209
 33
530.100
  0
3DFACE
  8
ELBOW_3D
  6
CONTINUOUS
 62
     5
 10
186.825
 20
-161.209
 30
530.100
 11
182.568
 21
-152.774
 31
540.379
 12
406.400
 22
-152.774
 32
540.379
 13
406.400
 23
-161.209
 33
530.100
  0
3DFACE
  8
ELBOW_3D
  6
CONTINUOUS
 62
     5
 10
24.294
 20
-152.774
 30
382.106
 11
17.432
 21
-143.684
 31
388.968
 12
178.548
 22
-143.684
 32
550.084
 13
182.568
 23
-152.774
 33
540.379
  0
3DFACE
  8
ELBOW_3D
  6
CONTINUOUS
 62
     5
 10
182.568
 20
-152.774
 30
540.379
 11
178.548
 21
-143.684
 31
550.084
 12
406.400
 22
-143.684
 32
550.084
 13
406.400
 23
-152.774
 33
540.379
  0
3DFACE
  8
ELBOW_3D
  6
CONTINUOUS
 62
     5
 10
17.432
 20
-143.684
 30
388.968
 11
11.004
 21
-133.979
 31
395.396
 12
174.783
 22
-133.979
 32
559.174
 13
178.548
 23
-143.684
 33
550.084
  0
3DFACE
  8
ELBOW_3D
  6
CONTINUOUS
 62
     5
 10
178.548
 20
-143.684
 30
550.084
 11
174.783
 21
-133.979
 31
559.174
 12
406.400
 22
-133.979
 32
559.174
 13
406.400
 23
-143.684
 33
550.084
  0
3DFACE
  8
ELBOW_3D
  6
CONTINUOUS
 62
     5
 10
11.004
 20
-133.979
 30
395.396
 11
5.040
 21
-123.700
 31
401.360
 12
171.288
 22
-123.700
 32
567.609
 13
174.783
 23
-133.979
 33
559.174
  0
3DFACE
  8
ELBOW_3D
  6
CONTINUOUS
 62
     5
 10
174.783
 20
-133.979
 30
559.174
 11
171.288
 21
-123.700
 31
567.609
 12
406.400
 22
-123.700
 32
567.609
 13
406.400
 23
-133.979
 33
559.174
  0
3DFACE
  8
ELBOW_3D
  6
CONTINUOUS
 62
     5
 10
5.040
 20
-123.700
 30
401.360
 11
-0.437
 21
-112.892
 31
406.837
 12
168.080
 22
-112.892
 32
575.355
 13
171.288
 23
-123.700
 33
567.609
  0
3DFACE
  8
ELBOW_3D
  6
CONTINUOUS
 62
     5
 10
171.288
 20
-123.700
 30
567.609
 11
168.080
 21
-112.892
 31
575.355
 12
406.400
 22
-112.892
 32
575.355
 13
406.400
 23
-123.700
 33
567.609
  0
3DFACE
  8
ELBOW_3D
  6
CONTINUOUS
 62
     5
 10
-0.437
 20
-112.892
 30
406.837
 11
-5.402
 21
-101.600
 31
411.802
 12
165.172
 22
-101.600
 32
582.376
 13
168.080
 23
-112.892
 33
575.355
  0
3DFACE
  8
ELBOW_3D
  6
CONTINUOUS
 62
     5
 10
168.080
 20
-112.892
 30
575.355
 11
165.172
 21
-101.600
 31
582.376
 12
406.400
 22
-101.600
 32
582.376
 13
406.400
 23
-112.892
 33
575.355
  0
3DFACE
  8
ELBOW_3D
  6
CONTINUOUS
 62
     5
 10
-5.402
 20
-101.600
 30
411.802
 11
-9.835
 21
-89.873
 31
416.235
 12
162.575
 22
-89.873
 32
588.645
 13
165.172
 23
-101.600
 33
582.376
  0
3DFACE
  8
ELBOW_3D
  6
CONTINUOUS
 62
     5
 10
165.172
 20
-101.600
 30
582.376
 11
162.575
 21
-89.873
 31
588.645
 12
406.400
 22
-89.873
 32
588.645
 13
406.400
 23
-101.600
 33
582.376
  0
3DFACE
  8
ELBOW_3D
  6
CONTINUOUS
 62
     5
 10
-9.835
 20
-89.873
 30
416.235
 11
-13.715
 21
-77.761
 31
420.115
 12
160.302
 22
-77.761
 32
594.132
 13
162.575
 23
-89.873
 33
588.645
  0
3DFACE
  8
ELBOW_3D
  6
CONTINUOUS
 62
     5
 10
162.575
 20
-89.873
 30
588.645
 11
160.302
 21
-77.761
 31
594.132
 12
406.400
 22
-77.761
 32
594.132
 13
406.400
 23
-89.873
 33
588.645
  0
3DFACE
  8
ELBOW_3D
  6
CONTINUOUS
 62
     5
 10
-13.715
 20
-77.761
 30
420.115
 11
-17.027
 21
-65.316
 31
423.427
 12
158.362
 22
-65.316
 32
598.816
 13
160.302
 23
-77.761
 33
594.132
  0
3DFACE
  8
ELBOW_3D
  6
CONTINUOUS
 62
     5
 10
160.302
 20
-77.761
 30
594.132
 11
158.362
 21
-65.316
 31
598.816
 12
406.400
 22
-65.316
 32
598.816
 13
406.400
 23
-77.761
 33
594.132
  0
3DFACE
  8
ELBOW_3D
  6
CONTINUOUS
 62
     5
 10
-17.027
 20
-65.316
 30
423.427
 11
-19.756
 21
-52.592
 31
426.156
 12
156.763
 22
-52.592
 32
602.676
 13
158.362
 23
-65.316
 33
598.816
  0
3DFACE
  8
ELBOW_3D
  6
CONTINUOUS
 62
     5
 10
158.362
 20
-65.316
 30
598.816
 11
156.763
 21
-52.592
 31
602.676
 12
406.400
 22
-52.592
 32
602.676
 13
406.400
 23
-65.316
 33
598.816
  0
3DFACE
  8
ELBOW_3D
  6
CONTINUOUS
 62
     5
 10
-19.756
 20
-52.592
 30
426.156
 11
-21.891
 21
-39.642
 31
428.291
 12
155.513
 22
-39.642
 32
605.696
 13
156.763
 23
-52.592
 33
602.676
  0
3DFACE
  8
ELBOW_3D
  6
CONTINUOUS
 62
     5
 10
156.763
 20
-52.592
 30
602.676
 11
155.513
 21
-39.642
 31
605.696
 12
406.400
 22
-39.642
 32
605.696
 13
406.400
 23
-52.592
 33
602.676
  0
3DFACE
  8
ELBOW_3D
  6
CONTINUOUS
 62
     5
 10
-21.891
 20
-39.642
 30
428.291
 11
-23.423
 21
-26.523
 31
429.823
 12
154.615
 22
-26.523
 32
607.862
 13
155.513
 23
-39.642
 33
605.696
  0
3DFACE
  8
ELBOW_3D
  6
CONTINUOUS
 62
     5
 10
155.513
 20
-39.642
 30
605.696
 11
154.615
 21
-26.523
 31
607.862
 12
406.400
 22
-26.523
 32
607.862
 13
406.400
 23
-39.642
 33
605.696
  0
3DFACE
  8
ELBOW_3D
  6
CONTINUOUS
 62
     5
 10
-23.423
 20
-26.523
 30
429.823
 11
-24.345
 21
-13.290
 31
430.745
 12
154.076
 22
-13.290
 32
609.165
 13
154.615
 23
-26.523
 33
607.862
  0
3DFACE
  8
ELBOW_3D
  6
CONTINUOUS
 62
     5
 10
154.615
 20
-26.523
 30
607.862
 11
154.076
 21
-13.290
 31
609.165
 12
406.400
 22
-13.290
 32
609.165
 13
406.400
 23
-26.523
 33
607.862
  0
3DFACE
  8
ELBOW_3D
  6
CONTINUOUS
 62
     5
 10
-24.345
 20
-13.290
 30
430.745
 11
-24.652
 21
0.000
 31
431.052
 12
153.895
 22
0.000
 32
609.600
 13
154.076
 23
-13.290
 33
609.165
  0
3DFACE
  8
ELBOW_3D
  6
CONTINUOUS
 62
     5
 10
154.076
 20
-13.290
 30
609.165
 11
153.895
 21
0.000
 31
609.600
 12
406.400
 22
0.000
 32
609.600
 13
406.400
 23
-13.290
 33
609.165
  0
3DFACE
  8
ELBOW_3D
  6
CONTINUOUS
 62
     5
 10
406.400
 20
0.000
 30
609.600
 11
406.400
 21
13.290
 31
609.165
 12
658.724
 22
13.290
 32
609.165
 13
658.905
 23
0.000
 33
609.600
  0
3DFACE
  8
ELBOW_3D
  6
CONTINUOUS
 62
     5
 10
658.905
 20
0.000
 30
609.600
 11
658.724
 21
13.290
 31
609.165
 12
837.145
 22
13.290
 32
430.745
 13
837.452
 23
0.000
 33
431.052
  0
3DFACE
  8
ELBOW_3D
  6
CONTINUOUS
 62
     5
 10
406.400
 20
13.290
 30
609.165
 11
406.400
 21
26.523
 31
607.862
 12
658.185
 22
26.523
 32
607.862
 13
658.724
 23
13.290
 33
609.165
  0
3DFACE
  8
ELBOW_3D
  6
CONTINUOUS
 62
     5
 10
658.724
 20
13.290
 30
609.165
 11
658.185
 21
26.523
 31
607.862
 12
836.223
 22
26.523
 32
429.823
 13
837.145
 23
13.290
 33
430.745
  0
3DFACE
  8
ELBOW_3D
  6
CONTINUOUS
 62
     5
 10
406.400
 20
26.523
 30
607.862
 11
406.400
 21
39.642
 31
605.696
 12
657.287
 22
39.642
 32
605.696
 13
658.185
 23
26.523
 33
607.862
  0
3DFACE
  8
ELBOW_3D
  6
CONTINUOUS
 62
     5
 10
658.185
 20
26.523
 30
607.862
 11
657.287
 21
39.642
 31
605.696
 12
834.691
 22
39.642
 32
428.291
 13
836.223
 23
26.523
 33
429.823
  0
3DFACE
  8
ELBOW_3D
  6
CONTINUOUS
 62
     5
 10
406.400
 20
39.642
 30
605.696
 11
406.400
 21
52.592
 31
602.676
 12
656.037
 22
52.592
 32
602.676
 13
657.287
 23
39.642
 33
605.696
  0
3DFACE
  8
ELBOW_3D
  6
CONTINUOUS
 62
     5
 10
657.287
 20
39.642
 30
605.696
 11
656.037
 21
52.592
 31
602.676
 12
832.556
 22
52.592
 32
426.156
 13
834.691
 23
39.642
 33
428.291
  0
3DFACE
  8
ELBOW_3D
  6
CONTINUOUS
 62
     5
 10
406.400
 20
52.592
 30
602.676
 11
406.400
 21
65.316
 31
598.816
 12
654.438
 22
65.316
 32
598.816
 13
656.037
 23
52.592
 33
602.676
  0
3DFACE
  8
ELBOW_3D
  6
CONTINUOUS
 62
     5
 10
656.037
 20
52.592
 30
602.676
 11
654.438
 21
65.316
 31
598.816
 12
829.827
 22
65.316
 32
423.427
 13
832.556
 23
52.592
 33
426.156
  0
3DFACE
  8
ELBOW_3D
  6
CONTINUOUS
 62
     5
 10
406.400
 20
65.316
 30
598.816
 11
406.400
 21
77.761
 31
594.132
 12
652.498
 22
77.761
 32
594.132
 13
654.438
 23
65.316
 33
598.816
  0
3DFACE
  8
ELBOW_3D
  6
CONTINUOUS
 62
     5
 10
654.438
 20
65.316
 30
598.816
 11
652.498
 21
77.761
 31
594.132
 12
826.515
 22
77.761
 32
420.115
 13
829.827
 23
65.316
 33
423.427
  0
3DFACE
  8
ELBOW_3D
  6
CONTINUOUS
 62
     5
 10
406.400
 20
77.761
 30
594.132
 11
406.400
 21
89.873
 31
588.645
 12
650.225
 22
89.873
 32
588.645
 13
652.498
 23
77.761
 33
594.132
  0
3DFACE
  8
ELBOW_3D
  6
CONTINUOUS
 62
     5
 10
652.498
 20
77.761
 30
594.132
 11
650.225
 21
89.873
 31
588.645
 12
822.635
 22
89.873
 32
416.235
 13
826.515
 23
77.761
 33
420.115
  0
3DFACE
  8
ELBOW_3D
  6
CONTINUOUS
 62
     5
 10
406.400
 20
89.873
 30
588.645
 11
406.400
 21
101.600
 31
582.376
 12
647.628
 22
101.600
 32
582.376
 13
650.225
 23
89.873
 33
588.645
  0
3DFACE
  8
ELBOW_3D
  6
CONTINUOUS
 62
     5
 10
650.225
 20
89.873
 30
588.645
 11
647.628
 21
101.600
 31
582.376
 12
818.202
 22
101.600
 32
411.802
 13
822.635
 23
89.873
 33
416.235
  0
3DFACE
  8
ELBOW_3D
  6
CONTINUOUS
 62
     5
 10
406.400
 20
101.600
 30
582.376
 11
406.400
 21
112.892
 31
575.355
 12
644.720
 22
112.892
 32
575.355
 13
647.628
 23
101.600
 33
582.376
  0
3DFACE
  8
ELBOW_3D
  6
CONTINUOUS
 62
     5
 10
647.628
 20
101.600
 30
582.376
 11
644.720
 21
112.892
 31
575.355
 12
813.237
 22
112.892
 32
406.837
 13
818.202
 23
101.600
 33
411.802
  0
3DFACE
  8
ELBOW_3D
  6
CONTINUOUS
 62
     5
 10
406.400
 20
112.892
 30
575.355
 11
406.400
 21
123.700
 31
567.609
 12
641.512
 22
123.700
 32
567.609
 13
644.720
 23
112.892
 33
575.355
  0
3DFACE
  8
ELBOW_3D
  6
CONTINUOUS
 62
     5
 10
644.720
 20
112.892
 30
575.355
 11
641.512
 21
123.700
 31
567.609
 12
807.760
 22
123.700
 32
401.360
 13
813.237
 23
112.892
 33
406.837
  0
3DFACE
  8
ELBOW_3D
  6
CONTINUOUS
 62
     5
 10
406.400
 20
123.700
 30
567.609
 11
406.400
 21
133.979
 31
559.174
 12
638.017
 22
133.979
 32
559.174
 13
641.512
 23
123.700
 33
567.609
  0
3DFACE
  8
ELBOW_3D
  6
CONTINUOUS
 62
     5
 10
641.512
 20
123.700
 30
567.609
 11
638.017
 21
133.979
 31
559.174
 12
801.796
 22
133.979
 32
395.396
 13
807.760
 23
123.700
 33
401.360
  0
3DFACE
  8
ELBOW_3D
  6
CONTINUOUS
 62
     5
 10
406.400
 20
133.979
 30
559.174
 11
406.400
 21
143.684
 31
550.084
 12
634.252
 22
143.684
 32
550.084
 13
638.017
 23
133.979
 33
559.174
  0
3DFACE
  8
ELBOW_3D
  6
CONTINUOUS
 62
     5
 10
638.017
 20
133.979
 30
559.174
 11
634.252
 21
143.684
 31
550.084
 12
795.368
 22
143.684
 32
388.968
 13
801.796
 23
133.979
 33
395.396
  0
3DFACE
  8
ELBOW_3D
  6
CONTINUOUS
 62
     5
 10
406.400
 20
143.684
 30
550.084
 11
406.400
 21
152.774
 31
540.379
 12
630.232
 22
152.774
 32
540.379
 13
634.252
 23
143.684
 33
550.084
  0
3DFACE
  8
ELBOW_3D
  6
CONTINUOUS
 62
     5
 10
634.252
 20
143.684
 30
550.084
 11
630.232
 21
152.774
 31
540.379
 12
788.506
 22
152.774
 32
382.106
 13
795.368
 23
143.684
 33
388.968
  0
3DFACE
  8
ELBOW_3D
  6
CONTINUOUS
 62
     5
 10
406.400
 20
152.774
 30
540.379
 11
406.400
 21
161.209
 31
530.100
 12
625.975
 22
161.209
 32
530.100
 13
630.232
 23
152.774
 33
540.379
  0
3DFACE
  8
ELBOW_3D
  6
CONTINUOUS
 62
     5
 10
630.232
 20
152.774
 30
540.379
 11
625.975
 21
161.209
 31
530.100
 12
781.238
 22
161.209
 32
374.838
 13
788.506
 23
152.774
 33
382.106
  0
3DFACE
  8
ELBOW_3D
  6
CONTINUOUS
 62
     5
 10
406.400
 20
161.209
 30
530.100
 11
406.400
 21
168.955
 31
519.292
 12
621.498
 22
168.955
 32
519.292
 13
625.975
 23
161.209
 33
530.100
  0
3DFACE
  8
ELBOW_3D
  6
CONTINUOUS
 62
     5
 10
625.975
 20
161.209
 30
530.100
 11
621.498
 21
168.955
 31
519.292
 12
773.595
 22
168.955
 32
367.195
 13
781.238
 23
161.209
 33
374.838
  0
3DFACE
  8
ELBOW_3D
  6
CONTINUOUS
 62
     5
 10
406.400
 20
168.955
 30
519.292
 11
406.400
 21
175.976
 31
508.000
 12
616.820
 22
175.976
 32
508.000
 13
621.498
 23
168.955
 33
519.292
  0
3DFACE
  8
ELBOW_3D
  6
CONTINUOUS
 62
     5
 10
621.498
 20
168.955
 30
519.292
 11
616.820
 21
175.976
 31
508.000
 12
765.610
 22
175.976
 32
359.210
 13
773.595
 23
168.955
 33
367.195
  0
3DFACE
  8
ELBOW_3D
  6
CONTINUOUS
 62
     5
 10
406.400
 20
175.976
 30
508.000
 11
406.400
 21
182.245
 31
496.273
 12
611.963
 22
182.245
 32
496.273
 13
616.820
 23
175.976
 33
508.000
  0
3DFACE
  8
ELBOW_3D
  6
CONTINUOUS
 62
     5
 10
616.820
 20
175.976
 30
508.000
 11
611.963
 21
182.245
 31
496.273
 12
757.318
 22
182.245
 32
350.918
 13
765.610
 23
175.976
 33
359.210
  0
3DFACE
  8
ELBOW_3D
  6
CONTINUOUS
 62
     5
 10
406.400
 20
182.245
 30
496.273
 11
406.400
 21
187.732
 31
484.161
 12
606.946
 22
187.732
 32
484.161
 13
611.963
 23
182.245
 33
496.273
  0
3DFACE
  8
ELBOW_3D
  6
CONTINUOUS
 62
     5
 10
611.963
 20
182.245
 30
496.273
 11
606.946
 21
187.732
 31
484.161
 12
748.754
 22
187.732
 32
342.354
 13
757.318
 23
182.245
 33
350.918
  0
3DFACE
  8
ELBOW_3D
  6
CONTINUOUS
 62
     5
 10
406.400
 20
187.732
 30
484.161
 11
406.400
 21
192.416
 31
471.716
 12
601.791
 22
192.416
 32
471.716
 13
606.946
 23
187.732
 33
484.161
  0
3DFACE
  8
ELBOW_3D
  6
CONTINUOUS
 62
     5
 10
606.946
 20
187.732
 30
484.161
 11
601.791
 21
192.416
 31
471.716
 12
739.954
 22
192.416
 32
333.554
 13
748.754
 23
187.732
 33
342.354
  0
3DFACE
  8
ELBOW_3D
  6
CONTINUOUS
 62
     5
 10
406.400
 20
192.416
 30
471.716
 11
406.400
 21
196.276
 31
458.992
 12
596.521
 22
196.276
 32
458.992
 13
601.791
 23
192.416
 33
471.716
  0
3DFACE
  8
ELBOW_3D
  6
CONTINUOUS
 62
     5
 10
601.791
 20
192.416
 30
471.716
 11
596.521
 21
196.276
 31
458.992
 12
730.956
 22
196.276
 32
324.556
 13
739.954
 23
192.416
 33
333.554
  0
3DFACE
  8
ELBOW_3D
  6
CONTINUOUS
 62
     5
 10
406.400
 20
196.276
 30
458.992
 11
406.400
 21
199.296
 31
446.042
 12
591.157
 22
199.296
 32
446.042
 13
596.521
 23
196.276
 33
458.992
  0
3DFACE
  8
ELBOW_3D
  6
CONTINUOUS
 62
     5
 10
596.521
 20
196.276
 30
458.992
 11
591.157
 21
199.296
 31
446.042
 12
721.800
 22
199.296
 32
315.400
 13
730.956
 23
196.276
 33
324.556
  0
3DFACE
  8
ELBOW_3D
  6
CONTINUOUS
 62
     5
 10
406.400
 20
199.296
 30
446.042
 11
406.400
 21
201.462
 31
432.923
 12
585.723
 22
201.462
 32
432.923
 13
591.157
 23
199.296
 33
446.042
  0
3DFACE
  8
ELBOW_3D
  6
CONTINUOUS
 62
     5
 10
591.157
 20
199.296
 30
446.042
 11
585.723
 21
201.462
 31
432.923
 12
712.523
 22
201.462
 32
306.123
 13
721.800
 23
199.296
 33
315.400
  0
3DFACE
  8
ELBOW_3D
  6
CONTINUOUS
 62
     5
 10
406.400
 20
201.462
 30
432.923
 11
406.400
 21
202.765
 31
419.690
 12
580.241
 22
202.765
 32
419.690
 13
585.723
 23
201.462
 33
432.923
  0
3DFACE
  8
ELBOW_3D
  6
CONTINUOUS
 62
     5
 10
585.723
 20
201.462
 30
432.923
 11
580.241
 21
202.765
 31
419.690
 12
703.166
 22
202.765
 32
296.766
 13
712.523
 23
201.462
 33
306.123
  0
3DFACE
  8
ELBOW_3D
  6
CONTINUOUS
 62
     5
 10
406.400
 20
202.765
 30
419.690
 11
406.400
 21
203.200
 31
406.400
 12
574.736
 22
203.200
 32
406.400
 13
580.241
 23
202.765
 33
419.690
  0
3DFACE
  8
ELBOW_3D
  6
CONTINUOUS
 62
     5
 10
580.241
 20
202.765
 30
419.690
 11
574.736
 21
203.200
 31
406.400
 12
693.768
 22
203.200
 32
287.368
 13
703.166
 23
202.765
 33
296.766
  0
3DFACE
  8
ELBOW_3D
  6
CONTINUOUS
 62
     5
 10
406.400
 20
203.200
 30
406.400
 11
406.400
 21
202.765
 31
393.110
 12
569.232
 22
202.765
 32
393.110
 13
574.736
 23
203.200
 33
406.400
  0
3DFACE
  8
ELBOW_3D
  6
CONTINUOUS
 62
     5
 10
574.736
 20
203.200
 30
406.400
 11
569.232
 21
202.765
 31
393.110
 12
684.371
 22
202.765
 32
277.971
 13
693.768
 23
203.200
 33
287.368
  0
3DFACE
  8
ELBOW_3D
  6
CONTINUOUS
 62
     5
 10
406.400
 20
202.765
 30
393.110
 11
406.400
 21
201.462
 31
379.877
 12
563.750
 22
201.462
 32
379.877
 13
569.232
 23
202.765
 33
393.110
  0
3DFACE
  8
ELBOW_3D
  6
CONTINUOUS
 62
     5
 10
569.232
 20
202.765
 30
393.110
 11
563.750
 21
201.462
 31
379.877
 12
675.014
 22
201.462
 32
268.614
 13
684.371
 23
202.765
 33
277.971
  0
3DFACE
  8
ELBOW_3D
  6
CONTINUOUS
 62
     5
 10
406.400
 20
201.462
 30
379.877
 11
406.400
 21
199.296
 31
366.758
 12
558.316
 22
199.296
 32
366.758
 13
563.750
 23
201.462
 33
379.877
  0
3DFACE
  8
ELBOW_3D
  6
CONTINUOUS
 62
     5
 10
563.750
 20
201.462
 30
379.877
 11
558.316
 21
199.296
 31
366.758
 12
665.737
 22
199.296
 32
259.337
 13
675.014
 23
201.462
 33
268.614
  0
3DFACE
  8
ELBOW_3D
  6
CONTINUOUS
 62
     5
 10
406.400
 20
199.296
 30
366.758
 11
406.400
 21
196.276
 31
353.808
 12
552.952
 22
196.276
 32
353.808
 13
558.316
 23
199.296
 33
366.758
  0
3DFACE
  8
ELBOW_3D
  6
CONTINUOUS
 62
     5
 10
558.316
 20
199.296
 30
366.758
 11
552.952
 21
196.276
 31
353.808
 12
656.580
 22
196.276
 32
250.180
 13
665.737
 23
199.296
 33
259.337
  0
3DFACE
  8
ELBOW_3D
  6
CONTINUOUS
 62
     5
 10
406.400
 20
196.276
 30
353.808
 11
406.400
 21
192.416
 31
341.084
 12
547.681
 22
192.416
 32
341.084
 13
552.952
 23
196.276
 33
353.808
  0
3DFACE
  8
ELBOW_3D
  6
CONTINUOUS
 62
     5
 10
552.952
 20
196.276
 30
353.808
 11
547.681
 21
192.416
 31
341.084
 12
647.582
 22
192.416
 32
241.182
 13
656.580
 23
196.276
 33
250.180
  0
3DFACE
  8
ELBOW_3D
  6
CONTINUOUS
 62
     5
 10
406.400
 20
192.416
 30
341.084
 11
406.400
 21
187.732
 31
328.639
 12
542.527
 22
187.732
 32
328.639
 13
547.681
 23
192.416
 33
341.084
  0
3DFACE
  8
ELBOW_3D
  6
CONTINUOUS
 62
     5
 10
547.681
 20
192.416
 30
341.084
 11
542.527
 21
187.732
 31
328.639
 12
638.783
 22
187.732
 32
232.383
 13
647.582
 23
192.416
 33
241.182
  0
3DFACE
  8
ELBOW_3D
  6
CONTINUOUS
 62
     5
 10
406.400
 20
187.732
 30
328.639
 11
406.400
 21
182.245
 31
316.527
 12
537.510
 22
182.245
 32
316.527
 13
542.527
 23
187.732
 33
328.639
  0
3DFACE
  8
ELBOW_3D
  6
CONTINUOUS
 62
     5
 10
542.527
 20
187.732
 30
328.639
 11
537.510
 21
182.245
 31
316.527
 12
630.218
 22
182.245
 32
223.818
 13
638.783
 23
187.732
 33
232.383
  0
3DFACE
  8
ELBOW_3D
  6
CONTINUOUS
 62
     5
 10
406.400
 20
182.245
 30
316.527
 11
406.400
 21
175.976
 31
304.800
 12
532.652
 22
175.976
 32
304.800
 13
537.510
 23
182.245
 33
316.527
  0
3DFACE
  8
ELBOW_3D
  6
CONTINUOUS
 62
     5
 10
537.510
 20
182.245
 30
316.527
 11
532.652
 21
175.976
 31
304.800
 12
621.926
 22
175.976
 32
215.526
 13
630.218
 23
182.245
 33
223.818
  0
3DFACE
  8
ELBOW_3D
  6
CONTINUOUS
 62
     5
 10
406.400
 20
175.976
 30
304.800
 11
406.400
 21
168.955
 31
293.508
 12
527.975
 22
168.955
 32
293.508
 13
532.652
 23
175.976
 33
304.800
  0
3DFACE
  8
ELBOW_3D
  6
CONTINUOUS
 62
     5
 10
532.652
 20
175.976
 30
304.800
 11
527.975
 21
168.955
 31
293.508
 12
613.942
 22
168.955
 32
207.542
 13
621.926
 23
175.976
 33
215.526
  0
3DFACE
  8
ELBOW_3D
  6
CONTINUOUS
 62
     5
 10
406.400
 20
168.955
 30
293.508
 11
406.400
 21
161.209
 31
282.700
 12
523.498
 22
161.209
 32
282.700
 13
527.975
 23
168.955
 33
293.508
  0
3DFACE
  8
ELBOW_3D
  6
CONTINUOUS
 62
     5
 10
527.975
 20
168.955
 30
293.508
 11
523.498
 21
161.209
 31
282.700
 12
606.299
 22
161.209
 32
199.899
 13
613.942
 23
168.955
 33
207.542
  0
3DFACE
  8
ELBOW_3D
  6
CONTINUOUS
 62
     5
 10
406.400
 20
161.209
 30
282.700
 11
406.400
 21
152.774
 31
272.421
 12
519.240
 22
152.774
 32
272.421
 13
523.498
 23
161.209
 33
282.700
  0
3DFACE
  8
ELBOW_3D
  6
CONTINUOUS
 62
     5
 10
523.498
 20
161.209
 30
282.700
 11
519.240
 21
152.774
 31
272.421
 12
599.031
 22
152.774
 32
192.631
 13
606.299
 23
161.209
 33
199.899
  0
3DFACE
  8
ELBOW_3D
  6
CONTINUOUS
 62
     5
 10
406.400
 20
152.774
 30
272.421
 11
406.400
 21
143.684
 31
262.716
 12
515.220
 22
143.684
 32
262.716
 13
519.240
 23
152.774
 33
272.421
  0
3DFACE
  8
ELBOW_3D
  6
CONTINUOUS
 62
     5
 10
519.240
 20
152.774
 30
272.421
 11
515.220
 21
143.684
 31
262.716
 12
592.168
 22
143.684
 32
185.768
 13
599.031
 23
152.774
 33
192.631
  0
3DFACE
  8
ELBOW_3D
  6
CONTINUOUS
 62
     5
 10
406.400
 20
143.684
 30
262.716
 11
406.400
 21
133.979
 31
253.626
 12
511.455
 22
133.979
 32
253.626
 13
515.220
 23
143.684
 33
262.716
  0
3DFACE
  8
ELBOW_3D
  6
CONTINUOUS
 62
     5
 10
515.220
 20
143.684
 30
262.716
 11
511.455
 21
133.979
 31
253.626
 12
585.741
 22
133.979
 32
179.341
 13
592.168
 23
143.684
 33
185.768
  0
3DFACE
  8
ELBOW_3D
  6
CONTINUOUS
 62
     5
 10
406.400
 20
133.979
 30
253.626
 11
406.400
 21
123.700
 31
245.191
 12
507.961
 22
123.700
 32
245.191
 13
511.455
 23
133.979
 33
253.626
  0
3DFACE
  8
ELBOW_3D
  6
CONTINUOUS
 62
     5
 10
511.455
 20
133.979
 30
253.626
 11
507.961
 21
123.700
 31
245.191
 12
579.776
 22
123.700
 32
173.376
 13
585.741
 23
133.979
 33
179.341
  0
3DFACE
  8
ELBOW_3D
  6
CONTINUOUS
 62
     5
 10
406.400
 20
123.700
 30
245.191
 11
406.400
 21
112.892
 31
237.445
 12
504.753
 22
112.892
 32
237.445
 13
507.961
 23
123.700
 33
245.191
  0
3DFACE
  8
ELBOW_3D
  6
CONTINUOUS
 62
     5
 10
507.961
 20
123.700
 30
245.191
 11
504.753
 21
112.892
 31
237.445
 12
574.299
 22
112.892
 32
167.899
 13
579.776
 23
123.700
 33
173.376
  0
3DFACE
  8
ELBOW_3D
  6
CONTINUOUS
 62
     5
 10
406.400
 20
112.892
 30
237.445
 11
406.400
 21
101.600
 31
230.424
 12
501.845
 22
101.600
 32
230.424
 13
504.753
 23
112.892
 33
237.445
  0
3DFACE
  8
ELBOW_3D
  6
CONTINUOUS
 62
     5
 10
504.753
 20
112.892
 30
237.445
 11
501.845
 21
101.600
 31
230.424
 12
569.334
 22
101.600
 32
162.934
 13
574.299
 23
112.892
 33
167.899
  0
3DFACE
  8
ELBOW_3D
  6
CONTINUOUS
 62
     5
 10
406.400
 20
101.600
 30
230.424
 11
406.400
 21
89.873
 31
224.155
 12
499.248
 22
89.873
 32
224.155
 13
501.845
 23
101.600
 33
230.424
  0
3DFACE
  8
ELBOW_3D
  6
CONTINUOUS
 62
     5
 10
501.845
 20
101.600
 30
230.424
 11
499.248
 21
89.873
 31
224.155
 12
564.902
 22
89.873
 32
158.502
 13
569.334
 23
101.600
 33
162.934
  0
3DFACE
  8
ELBOW_3D
  6
CONTINUOUS
 62
     5
 10
406.400
 20
89.873
 30
224.155
 11
406.400
 21
77.761
 31
218.668
 12
496.975
 22
77.761
 32
218.668
 13
499.248
 23
89.873
 33
224.155
  0
3DFACE
  8
ELBOW_3D
  6
CONTINUOUS
 62
     5
 10
499.248
 20
89.873
 30
224.155
 11
496.975
 21
77.761
 31
218.668
 12
561.021
 22
77.761
 32
154.621
 13
564.902
 23
89.873
 33
158.502
  0
3DFACE
  8
ELBOW_3D
  6
CONTINUOUS
 62
     5
 10
406.400
 20
77.761
 30
218.668
 11
406.400
 21
65.316
 31
213.984
 12
495.035
 22
65.316
 32
213.984
 13
496.975
 23
77.761
 33
218.668
  0
3DFACE
  8
ELBOW_3D
  6
CONTINUOUS
 62
     5
 10
496.975
 20
77.761
 30
218.668
 11
495.035
 21
65.316
 31
213.984
 12
557.709
 22
65.316
 32
151.309
 13
561.021
 23
77.761
 33
154.621
  0
3DFACE
  8
ELBOW_3D
  6
CONTINUOUS
 62
     5
 10
406.400
 20
65.316
 30
213.984
 11
406.400
 21
52.592
 31
210.124
 12
493.436
 22
52.592
 32
210.124
 13
495.035
 23
65.316
 33
213.984
  0
3DFACE
  8
ELBOW_3D
  6
CONTINUOUS
 62
     5
 10
495.035
 20
65.316
 30
213.984
 11
493.436
 21
52.592
 31
210.124
 12
554.980
 22
52.592
 32
148.580
 13
557.709
 23
65.316
 33
151.309
  0
3DFACE
  8
ELBOW_3D
  6
CONTINUOUS
 62
     5
 10
406.400
 20
52.592
 30
210.124
 11
406.400
 21
39.642
 31
207.104
 12
492.185
 22
39.642
 32
207.104
 13
493.436
 23
52.592
 33
210.124
  0
3DFACE
  8
ELBOW_3D
  6
CONTINUOUS
 62
     5
 10
493.436
 20
52.592
 30
210.124
 11
492.185
 21
39.642
 31
207.104
 12
552.845
 22
39.642
 32
146.445
 13
554.980
 23
52.592
 33
148.580
  0
3DFACE
  8
ELBOW_3D
  6
CONTINUOUS
 62
     5
 10
406.400
 20
39.642
 30
207.104
 11
406.400
 21
26.523
 31
204.938
 12
491.288
 22
26.523
 32
204.938
 13
492.185
 23
39.642
 33
207.104
  0
3DFACE
  8
ELBOW_3D
  6
CONTINUOUS
 62
     5
 10
492.185
 20
39.642
 30
207.104
 11
491.288
 21
26.523
 31
204.938
 12
551.313
 22
26.523
 32
144.913
 13
552.845
 23
39.642
 33
146.445
  0
3DFACE
  8
ELBOW_3D
  6
CONTINUOUS
 62
     5
 10
406.400
 20
26.523
 30
204.938
 11
406.400
 21
13.290
 31
203.635
 12
490.748
 22
13.290
 32
203.635
 13
491.288
 23
26.523
 33
204.938
  0
3DFACE
  8
ELBOW_3D
  6
CONTINUOUS
 62
     5
 10
491.288
 20
26.523
 30
204.938
 11
490.748
 21
13.290
 31
203.635
 12
550.392
 22
13.290
 32
143.992
 13
551.313
 23
26.523
 33
144.913
  0
3DFACE
  8
ELBOW_3D
  6
CONTINUOUS
 62
     5
 10
406.400
 20
13.290
 30
203.635
 11
406.400
 21
0.000
 31
203.200
 12
490.568
 22
0.000
 32
203.200
 13
490.748
 23
13.290
 33
203.635
  0
3DFACE
  8
ELBOW_3D
  6
CONTINUOUS
 62
     5
 10
490.748
 20
13.290
 30
203.635
 11
490.568
 21
0.000
 31
203.200
 12
550.084
 22
0.000
 32
143.684
 13
550.392
 23
13.290
 33
143.992
  0
3DFACE
  8
ELBOW_3D
  6
CONTINUOUS
 62
     5
 10
406.400
 20
0.000
 30
203.200
 11
406.400
 21
-13.290
 31
203.635
 12
490.748
 22
-13.290
 32
203.635
 13
490.568
 23
0.000
 33
203.200
  0
3DFACE
  8
ELBOW_3D
  6
CONTINUOUS
 62
     5
 10
490.568
 20
0.000
 30
203.200
 11
490.748
 21
-13.290
 31
203.635
 12
550.392
 22
-13.290
 32
143.992
 13
550.084
 23
0.000
 33
143.684
  0
3DFACE
  8
ELBOW_3D
  6
CONTINUOUS
 62
     5
 10
406.400
 20
-13.290
 30
203.635
 11
406.400
 21
-26.523
 31
204.938
 12
491.288
 22
-26.523
 32
204.938
 13
490.748
 23
-13.290
 33
203.635
  0
3DFACE
  8
ELBOW_3D
  6
CONTINUOUS
 62
     5
 10
490.748
 20
-13.290
 30
203.635
 11
491.288
 21
-26.523
 31
204.938
 12
551.313
 22
-26.523
 32
144.913
 13
550.392
 23
-13.290
 33
143.992
  0
3DFACE
  8
ELBOW_3D
  6
CONTINUOUS
 62
     5
 10
406.400
 20
-26.523
 30
204.938
 11
406.400
 21
-39.642
 31
207.104
 12
492.185
 22
-39.642
 32
207.104
 13
491.288
 23
-26.523
 33
204.938
  0
3DFACE
  8
ELBOW_3D
  6
CONTINUOUS
 62
     5
 10
491.288
 20
-26.523
 30
204.938
 11
492.185
 21
-39.642
 31
207.104
 12
552.845
 22
-39.642
 32
146.445
 13
551.313
 23
-26.523
 33
144.913
  0
3DFACE
  8
ELBOW_3D
  6
CONTINUOUS
 62
     5
 10
406.400
 20
-39.642
 30
207.104
 11
406.400
 21
-52.592
 31
210.124
 12
493.436
 22
-52.592
 32
210.124
 13
492.185
 23
-39.642
 33
207.104
  0
3DFACE
  8
ELBOW_3D
  6
CONTINUOUS
 62
     5
 10
492.185
 20
-39.642
 30
207.104
 11
493.436
 21
-52.592
 31
210.124
 12
554.980
 22
-52.592
 32
148.580
 13
552.845
 23
-39.642
 33
146.445
  0
3DFACE
  8
ELBOW_3D
  6
CONTINUOUS
 62
     5
 10
406.400
 20
-52.592
 30
210.124
 11
406.400
 21
-65.316
 31
213.984
 12
495.035
 22
-65.316
 32
213.984
 13
493.436
 23
-52.592
 33
210.124
  0
3DFACE
  8
ELBOW_3D
  6
CONTINUOUS
 62
     5
 10
493.436
 20
-52.592
 30
210.124
 11
495.035
 21
-65.316
 31
213.984
 12
557.709
 22
-65.316
 32
151.309
 13
554.980
 23
-52.592
 33
148.580
  0
3DFACE
  8
ELBOW_3D
  6
CONTINUOUS
 62
     5
 10
406.400
 20
-65.316
 30
213.984
 11
406.400
 21
-77.761
 31
218.668
 12
496.975
 22
-77.761
 32
218.668
 13
495.035
 23
-65.316
 33
213.984
  0
3DFACE
  8
ELBOW_3D
  6
CONTINUOUS
 62
     5
 10
495.035
 20
-65.316
 30
213.984
 11
496.975
 21
-77.761
 31
218.668
 12
561.021
 22
-77.761
 32
154.621
 13
557.709
 23
-65.316
 33
151.309
  0
3DFACE
  8
ELBOW_3D
  6
CONTINUOUS
 62
     5
 10
406.400
 20
-77.761
 30
218.668
 11
406.400
 21
-89.873
 31
224.155
 12
499.248
 22
-89.873
 32
224.155
 13
496.975
 23
-77.761
 33
218.668
  0
3DFACE
  8
ELBOW_3D
  6
CONTINUOUS
 62
     5
 10
496.975
 20
-77.761
 30
218.668
 11
499.248
 21
-89.873
 31
224.155
 12
564.902
 22
-89.873
 32
158.502
 13
561.021
 23
-77.761
 33
154.621
  0
3DFACE
  8
ELBOW_3D
  6
CONTINUOUS
 62
     5
 10
406.400
 20
-89.873
 30
224.155
 11
406.400
 21
-101.600
 31
230.424
 12
501.845
 22
-101.600
 32
230.424
 13
499.248
 23
-89.873
 33
224.155
  0
3DFACE
  8
ELBOW_3D
  6
CONTINUOUS
 62
     5
 10
499.248
 20
-89.873
 30
224.155
 11
501.845
 21
-101.600
 31
230.424
 12
569.334
 22
-101.600
 32
162.934
 13
564.902
 23
-89.873
 33
158.502
  0
3DFACE
  8
ELBOW_3D
  6
CONTINUOUS
 62
     5
 10
406.400
 20
-101.600
 30
230.424
 11
406.400
 21
-112.892
 31
237.445
 12
504.753
 22
-112.892
 32
237.445
 13
501.845
 23
-101.600
 33
230.424
  0
3DFACE
  8
ELBOW_3D
  6
CONTINUOUS
 62
     5
 10
501.845
 20
-101.600
 30
230.424
 11
504.753
 21
-112.892
 31
237.445
 12
574.299
 22
-112.892
 32
167.899
 13
569.334
 23
-101.600
 33
162.934
  0
3DFACE
  8
ELBOW_3D
  6
CONTINUOUS
 62
     5
 10
406.400
 20
-112.892
 30
237.445
 11
406.400
 21
-123.700
 31
245.191
 12
507.961
 22
-123.700
 32
245.191
 13
504.753
 23
-112.892
 33
237.445
  0
3DFACE
  8
ELBOW_3D
  6
CONTINUOUS
 62
     5
 10
504.753
 20
-112.892
 30
237.445
 11
507.961
 21
-123.700
 31
245.191
 12
579.776
 22
-123.700
 32
173.376
 13
574.299
 23
-112.892
 33
167.899
  0
3DFACE
  8
ELBOW_3D
  6
CONTINUOUS
 62
     5
 10
406.400
 20
-123.700
 30
245.191
 11
406.400
 21
-133.979
 31
253.626
 12
511.455
 22
-133.979
 32
253.626
 13
507.961
 23
-123.700
 33
245.191
  0
3DFACE
  8
ELBOW_3D
  6
CONTINUOUS
 62
     5
 10
507.961
 20
-123.700
 30
245.191
 11
511.455
 21
-133.979
 31
253.626
 12
585.741
 22
-133.979
 32
179.341
 13
579.776
 23
-123.700
 33
173.376
  0
3DFACE
  8
ELBOW_3D
  6
CONTINUOUS
 62
     5
 10
406.400
 20
-133.979
 30
253.626
 11
406.400
 21
-143.684
 31
262.716
 12
515.220
 22
-143.684
 32
262.716
 13
511.455
 23
-133.979
 33
253.626
  0
3DFACE
  8
ELBOW_3D
  6
CONTINUOUS
 62
     5
 10
511.455
 20
-133.979
 30
253.626
 11
515.220
 21
-143.684
 31
262.716
 12
592.168
 22
-143.684
 32
185.768
 13
585.741
 23
-133.979
 33
179.341
  0
3DFACE
  8
ELBOW_3D
  6
CONTINUOUS
 62
     5
 10
406.400
 20
-143.684
 30
262.716
 11
406.400
 21
-152.774
 31
272.421
 12
519.240
 22
-152.774
 32
272.421
 13
515.220
 23
-143.684
 33
262.716
  0
3DFACE
  8
ELBOW_3D
  6
CONTINUOUS
 62
     5
 10
515.220
 20
-143.684
 30
262.716
 11
519.240
 21
-152.774
 31
272.421
 12
599.031
 22
-152.774
 32
192.631
 13
592.168
 23
-143.684
 33
185.768
  0
3DFACE
  8
ELBOW_3D
  6
CONTINUOUS
 62
     5
 10
406.400
 20
-152.774
 30
272.421
 11
406.400
 21
-161.209
 31
282.700
 12
523.498
 22
-161.209
 32
282.700
 13
519.240
 23
-152.774
 33
272.421
  0
3DFACE
  8
ELBOW_3D
  6
CONTINUOUS
 62
     5
 10
519.240
 20
-152.774
 30
272.421
 11
523.498
 21
-161.209
 31
282.700
 12
606.299
 22
-161.209
 32
199.899
 13
599.031
 23
-152.774
 33
192.631
  0
3DFACE
  8
ELBOW_3D
  6
CONTINUOUS
 62
     5
 10
406.400
 20
-161.209
 30
282.700
 11
406.400
 21
-168.955
 31
293.508
 12
527.975
 22
-168.955
 32
293.508
 13
523.498
 23
-161.209
 33
282.700
  0
3DFACE
  8
ELBOW_3D
  6
CONTINUOUS
 62
     5
 10
523.498
 20
-161.209
 30
282.700
 11
527.975
 21
-168.955
 31
293.508
 12
613.942
 22
-168.955
 32
207.542
 13
606.299
 23
-161.209
 33
199.899
  0
3DFACE
  8
ELBOW_3D
  6
CONTINUOUS
 62
     5
 10
406.400
 20
-168.955
 30
293.508
 11
406.400
 21
-175.976
 31
304.800
 12
532.652
 22
-175.976
 32
304.800
 13
527.975
 23
-168.955
 33
293.508
  0
3DFACE
  8
ELBOW_3D
  6
CONTINUOUS
 62
     5
 10
527.975
 20
-168.955
 30
293.508
 11
532.652
 21
-175.976
 31
304.800
 12
621.926
 22
-175.976
 32
215.526
 13
613.942
 23
-168.955
 33
207.542
  0
3DFACE
  8
ELBOW_3D
  6
CONTINUOUS
 62
     5
 10
406.400
 20
-175.976
 30
304.800
 11
406.400
 21
-182.245
 31
316.527
 12
537.510
 22
-182.245
 32
316.527
 13
532.652
 23
-175.976
 33
304.800
  0
3DFACE
  8
ELBOW_3D
  6
CONTINUOUS
 62
     5
 10
532.652
 20
-175.976
 30
304.800
 11
537.510
 21
-182.245
 31
316.527
 12
630.218
 22
-182.245
 32
223.818
 13
621.926
 23
-175.976
 33
215.526
  0
3DFACE
  8
ELBOW_3D
  6
CONTINUOUS
 62
     5
 10
406.400
 20
-182.245
 30
316.527
 11
406.400
 21
-187.732
 31
328.639
 12
542.527
 22
-187.732
 32
328.639
 13
537.510
 23
-182.245
 33
316.527
  0
3DFACE
  8
ELBOW_3D
  6
CONTINUOUS
 62
     5
 10
537.510
 20
-182.245
 30
316.527
 11
542.527
 21
-187.732
 31
328.639
 12
638.783
 22
-187.732
 32
232.383
 13
630.218
 23
-182.245
 33
223.818
  0
3DFACE
  8
ELBOW_3D
  6
CONTINUOUS
 62
     5
 10
406.400
 20
-187.732
 30
328.639
 11
406.400
 21
-192.416
 31
341.084
 12
547.681
 22
-192.416
 32
341.084
 13
542.527
 23
-187.732
 33
328.639
  0
3DFACE
  8
ELBOW_3D
  6
CONTINUOUS
 62
     5
 10
542.527
 20
-187.732
 30
328.639
 11
547.681
 21
-192.416
 31
341.084
 12
647.582
 22
-192.416
 32
241.182
 13
638.783
 23
-187.732
 33
232.383
  0
3DFACE
  8
ELBOW_3D
  6
CONTINUOUS
 62
     5
 10
406.400
 20
-192.416
 30
341.084
 11
406.400
 21
-196.276
 31
353.808
 12
552.952
 22
-196.276
 32
353.808
 13
547.681
 23
-192.416
 33
341.084
  0
3DFACE
  8
ELBOW_3D
  6
CONTINUOUS
 62
     5
 10
547.681
 20
-192.416
 30
341.084
 11
552.952
 21
-196.276
 31
353.808
 12
656.580
 22
-196.276
 32
250.180
 13
647.582
 23
-192.416
 33
241.182
  0
3DFACE
  8
ELBOW_3D
  6
CONTINUOUS
 62
     5
 10
406.400
 20
-196.276
 30
353.808
 11
406.400
 21
-199.296
 31
366.758
 12
558.316
 22
-199.296
 32
366.758
 13
552.952
 23
-196.276
 33
353.808
  0
3DFACE
  8
ELBOW_3D
  6
CONTINUOUS
 62
     5
 10
552.952
 20
-196.276
 30
353.808
 11
558.316
 21
-199.296
 31
366.758
 12
665.737
 22
-199.296
 32
259.337
 13
656.580
 23
-196.276
 33
250.180
  0
3DFACE
  8
ELBOW_3D
  6
CONTINUOUS
 62
     5
 10
406.400
 20
-199.296
 30
366.758
 11
406.400
 21
-201.462
 31
379.877
 12
563.750
 22
-201.462
 32
379.877
 13
558.316
 23
-199.296
 33
366.758
  0
3DFACE
  8
ELBOW_3D
  6
CONTINUOUS
 62
     5
 10
558.316
 20
-199.296
 30
366.758
 11
563.750
 21
-201.462
 31
379.877
 12
675.014
 22
-201.462
 32
268.614
 13
665.737
 23
-199.296
 33
259.337
  0
3DFACE
  8
ELBOW_3D
  6
CONTINUOUS
 62
     5
 10
406.400
 20
-201.462
 30
379.877
 11
406.400
 21
-202.765
 31
393.110
 12
569.232
 22
-202.765
 32
393.110
 13
563.750
 23
-201.462
 33
379.877
  0
3DFACE
  8
ELBOW_3D
  6
CONTINUOUS
 62
     5
 10
563.750
 20
-201.462
 30
379.877
 11
569.232
 21
-202.765
 31
393.110
 12
684.371
 22
-202.765
 32
277.971
 13
675.014
 23
-201.462
 33
268.614
  0
3DFACE
  8
ELBOW_3D
  6
CONTINUOUS
 62
     5
 10
406.400
 20
-202.765
 30
393.110
 11
406.400
 21
-203.200
 31
406.400
 12
574.736
 22
-203.200
 32
406.400
 13
569.232
 23
-202.765
 33
393.110
  0
3DFACE
  8
ELBOW_3D
  6
CONTINUOUS
 62
     5
 10
569.232
 20
-202.765
 30
393.110
 11
574.736
 21
-203.200
 31
406.400
 12
693.768
 22
-203.200
 32
287.368
 13
684.371
 23
-202.765
 33
277.971
  0
3DFACE
  8
ELBOW_3D
  6
CONTINUOUS
 62
     5
 10
406.400
 20
-203.200
 30
406.400
 11
406.400
 21
-202.765
 31
419.690
 12
580.241
 22
-202.765
 32
419.690
 13
574.736
 23
-203.200
 33
406.400
  0
3DFACE
  8
ELBOW_3D
  6
CONTINUOUS
 62
     5
 10
574.736
 20
-203.200
 30
406.400
 11
580.241
 21
-202.765
 31
419.690
 12
703.166
 22
-202.765
 32
296.766
 13
693.768
 23
-203.200
 33
287.368
  0
3DFACE
  8
ELBOW_3D
  6
CONTINUOUS
 62
     5
 10
406.400
 20
-202.765
 30
419.690
 11
406.400
 21
-201.462
 31
432.923
 12
585.723
 22
-201.462
 32
432.923
 13
580.241
 23
-202.765
 33
419.690
  0
3DFACE
  8
ELBOW_3D
  6
CONTINUOUS
 62
     5
 10
580.241
 20
-202.765
 30
419.690
 11
585.723
 21
-201.462
 31
432.923
 12
712.523
 22
-201.462
 32
306.123
 13
703.166
 23
-202.765
 33
296.766
  0
3DFACE
  8
ELBOW_3D
  6
CONTINUOUS
 62
     5
 10
406.400
 20
-201.462
 30
432.923
 11
406.400
 21
-199.296
 31
446.042
 12
591.157
 22
-199.296
 32
446.042
 13
585.723
 23
-201.462
 33
432.923
  0
3DFACE
  8
ELBOW_3D
  6
CONTINUOUS
 62
     5
 10
585.723
 20
-201.462
 30
432.923
 11
591.157
 21
-199.296
 31
446.042
 12
721.800
 22
-199.296
 32
315.400
 13
712.523
 23
-201.462
 33
306.123
  0
3DFACE
  8
ELBOW_3D
  6
CONTINUOUS
 62
     5
 10
406.400
 20
-199.296
 30
446.042
 11
406.400
 21
-196.276
 31
458.992
 12
596.521
 22
-196.276
 32
458.992
 13
591.157
 23
-199.296
 33
446.042
  0
3DFACE
  8
ELBOW_3D
  6
CONTINUOUS
 62
     5
 10
591.157
 20
-199.296
 30
446.042
 11
596.521
 21
-196.276
 31
458.992
 12
730.956
 22
-196.276
 32
324.556
 13
721.800
 23
-199.296
 33
315.400
  0
3DFACE
  8
ELBOW_3D
  6
CONTINUOUS
 62
     5
 10
406.400
 20
-196.276
 30
458.992
 11
406.400
 21
-192.416
 31
471.716
 12
601.791
 22
-192.416
 32
471.716
 13
596.521
 23
-196.276
 33
458.992
  0
3DFACE
  8
ELBOW_3D
  6
CONTINUOUS
 62
     5
 10
596.521
 20
-196.276
 30
458.992
 11
601.791
 21
-192.416
 31
471.716
 12
739.954
 22
-192.416
 32
333.554
 13
730.956
 23
-196.276
 33
324.556
  0
3DFACE
  8
ELBOW_3D
  6
CONTINUOUS
 62
     5
 10
406.400
 20
-192.416
 30
471.716
 11
406.400
 21
-187.732
 31
484.161
 12
606.946
 22
-187.732
 32
484.161
 13
601.791
 23
-192.416
 33
471.716
  0
3DFACE
  8
ELBOW_3D
  6
CONTINUOUS
 62
     5
 10
601.791
 20
-192.416
 30
471.716
 11
606.946
 21
-187.732
 31
484.161
 12
748.754
 22
-187.732
 32
342.354
 13
739.954
 23
-192.416
 33
333.554
  0
3DFACE
  8
ELBOW_3D
  6
CONTINUOUS
 62
     5
 10
406.400
 20
-187.732
 30
484.161
 11
406.400
 21
-182.245
 31
496.273
 12
611.963
 22
-182.245
 32
496.273
 13
606.946
 23
-187.732
 33
484.161
  0
3DFACE
  8
ELBOW_3D
  6
CONTINUOUS
 62
     5
 10
606.946
 20
-187.732
 30
484.161
 11
611.963
 21
-182.245
 31
496.273
 12
757.318
 22
-182.245
 32
350.918
 13
748.754
 23
-187.732
 33
342.354
  0
3DFACE
  8
ELBOW_3D
  6
CONTINUOUS
 62
     5
 10
406.400
 20
-182.245
 30
496.273
 11
406.400
 21
-175.976
 31
508.000
 12
616.820
 22
-175.976
 32
508.000
 13
611.963
 23
-182.245
 33
496.273
  0
3DFACE
  8
ELBOW_3D
  6
CONTINUOUS
 62
     5
 10
611.963
 20
-182.245
 30
496.273
 11
616.820
 21
-175.976
 31
508.000
 12
765.610
 22
-175.976
 32
359.210
 13
757.318
 23
-182.245
 33
350.918
  0
3DFACE
  8
ELBOW_3D
  6
CONTINUOUS
 62
     5
 10
406.400
 20
-175.976
 30
508.000
 11
406.400
 21
-168.955
 31
519.292
 12
621.498
 22
-168.955
 32
519.292
 13
616.820
 23
-175.976
 33
508.000
  0
3DFACE
  8
ELBOW_3D
  6
CONTINUOUS
 62
     5
 10
616.820
 20
-175.976
 30
508.000
 11
621.498
 21
-168.955
 31
519.292
 12
773.595
 22
-168.955
 32
367.195
 13
765.610
 23
-175.976
 33
359.210
  0
3DFACE
  8
ELBOW_3D
  6
CONTINUOUS
 62
     5
 10
406.400
 20
-168.955
 30
519.292
 11
406.400
 21
-161.209
 31
530.100
 12
625.975
 22
-161.209
 32
530.100
 13
621.498
 23
-168.955
 33
519.292
  0
3DFACE
  8
ELBOW_3D
  6
CONTINUOUS
 62
     5
 10
621.498
 20
-168.955
 30
519.292
 11
625.975
 21
-161.209
 31
530.100
 12
781.238
 22
-161.209
 32
374.838
 13
773.595
 23
-168.955
 33
367.195
  0
3DFACE
  8
ELBOW_3D
  6
CONTINUOUS
 62
     5
 10
406.400
 20
-161.209
 30
530.100
 11
406.400
 21
-152.774
 31
540.379
 12
630.232
 22
-152.774
 32
540.379
 13
625.975
 23
-161.209
 33
530.100
  0
3DFACE
  8
ELBOW_3D
  6
CONTINUOUS
 62
     5
 10
625.975
 20
-161.209
 30
530.100
 11
630.232
 21
-152.774
 31
540.379
 12
788.506
 22
-152.774
 32
382.106
 13
781.238
 23
-161.209
 33
374.838
  0
3DFACE
  8
ELBOW_3D
  6
CONTINUOUS
 62
     5
 10
406.400
 20
-152.774
 30
540.379
 11
406.400
 21
-143.684
 31
550.084
 12
634.252
 22
-143.684
 32
550.084
 13
630.232
 23
-152.774
 33
540.379
  0
3DFACE
  8
ELBOW_3D
  6
CONTINUOUS
 62
     5
 10
630.232
 20
-152.774
 30
540.379
 11
634.252
 21
-143.684
 31
550.084
 12
795.368
 22
-143.684
 32
388.968
 13
788.506
 23
-152.774
 33
382.106
  0
3DFACE
  8
ELBOW_3D
  6
CONTINUOUS
 62
     5
 10
406.400
 20
-143.684
 30
550.084
 11
406.400
 21
-133.979
 31
559.174
 12
638.017
 22
-133.979
 32
559.174
 13
634.252
 23
-143.684
 33
550.084
  0
3DFACE
  8
ELBOW_3D
  6
CONTINUOUS
 62
     5
 10
634.252
 20
-143.684
 30
550.084
 11
638.017
 21
-133.979
 31
559.174
 12
801.796
 22
-133.979
 32
395.396
 13
795.368
 23
-143.684
 33
388.968
  0
3DFACE
  8
ELBOW_3D
  6
CONTINUOUS
 62
     5
 10
406.400
 20
-133.979
 30
559.174
 11
406.400
 21
-123.700
 31
567.609
 12
641.512
 22
-123.700
 32
567.609
 13
638.017
 23
-133.979
 33
559.174
  0
3DFACE
  8
ELBOW_3D
  6
CONTINUOUS
 62
     5
 10
638.017
 20
-133.979
 30
559.174
 11
641.512
 21
-123.700
 31
567.609
 12
807.760
 22
-123.700
 32
401.360
 13
801.796
 23
-133.979
 33
395.396
  0
3DFACE
  8
ELBOW_3D
  6
CONTINUOUS
 62
     5
 10
406.400
 20
-123.700
 30
567.609
 11
406.400
 21
-112.892
 31
575.355
 12
644.720
 22
-112.892
 32
575.355
 13
641.512
 23
-123.700
 33
567.609
  0
3DFACE
  8
ELBOW_3D
  6
CONTINUOUS
 62
     5
 10
641.512
 20
-123.700
 30
567.609
 11
644.720
 21
-112.892
 31
575.355
 12
813.237
 22
-112.892
 32
406.837
 13
807.760
 23
-123.700
 33
401.360
  0
3DFACE
  8
ELBOW_3D
  6
CONTINUOUS
 62
     5
 10
406.400
 20
-112.892
 30
575.355
 11
406.400
 21
-101.600
 31
582.376
 12
647.628
 22
-101.600
 32
582.376
 13
644.720
 23
-112.892
 33
575.355
  0
3DFACE
  8
ELBOW_3D
  6
CONTINUOUS
 62
     5
 10
644.720
 20
-112.892
 30
575.355
 11
647.628
 21
-101.600
 31
582.376
 12
818.202
 22
-101.600
 32
411.802
 13
813.237
 23
-112.892
 33
406.837
  0
3DFACE
  8
ELBOW_3D
  6
CONTINUOUS
 62
     5
 10
406.400
 20
-101.600
 30
582.376
 11
406.400
 21
-89.873
 31
588.645
 12
650.225
 22
-89.873
 32
588.645
 13
647.628
 23
-101.600
 33
582.376
  0
3DFACE
  8
ELBOW_3D
  6
CONTINUOUS
 62
     5
 10
647.628
 20
-101.600
 30
582.376
 11
650.225
 21
-89.873
 31
588.645
 12
822.635
 22
-89.873
 32
416.235
 13
818.202
 23
-101.600
 33
411.802
  0
3DFACE
  8
ELBOW_3D
  6
CONTINUOUS
 62
     5
 10
406.400
 20
-89.873
 30
588.645
 11
406.400
 21
-77.761
 31
594.132
 12
652.498
 22
-77.761
 32
594.132
 13
650.225
 23
-89.873
 33
588.645
  0
3DFACE
  8
ELBOW_3D
  6
CONTINUOUS
 62
     5
 10
650.225
 20
-89.873
 30
588.645
 11
652.498
 21
-77.761
 31
594.132
 12
826.515
 22
-77.761
 32
420.115
 13
822.635
 23
-89.873
 33
416.235
  0
3DFACE
  8
ELBOW_3D
  6
CONTINUOUS
 62
     5
 10
406.400
 20
-77.761
 30
594.132
 11
406.400
 21
-65.316
 31
598.816
 12
654.438
 22
-65.316
 32
598.816
 13
652.498
 23
-77.761
 33
594.132
  0
3DFACE
  8
ELBOW_3D
  6
CONTINUOUS
 62
     5
 10
652.498
 20
-77.761
 30
594.132
 11
654.438
 21
-65.316
 31
598.816
 12
829.827
 22
-65.316
 32
423.427
 13
826.515
 23
-77.761
 33
420.115
  0
3DFACE
  8
ELBOW_3D
  6
CONTINUOUS
 62
     5
 10
406.400
 20
-65.316
 30
598.816
 11
406.400
 21
-52.592
 31
602.676
 12
656.037
 22
-52.592
 32
602.676
 13
654.438
 23
-65.316
 33
598.816
  0
3DFACE
  8
ELBOW_3D
  6
CONTINUOUS
 62
     5
 10
654.438
 20
-65.316
 30
598.816
 11
656.037
 21
-52.592
 31
602.676
 12
832.556
 22
-52.592
 32
426.156
 13
829.827
 23
-65.316
 33
423.427
  0
3DFACE
  8
ELBOW_3D
  6
CONTINUOUS
 62
     5
 10
406.400
 20
-52.592
 30
602.676
 11
406.400
 21
-39.642
 31
605.696
 12
657.287
 22
-39.642
 32
605.696
 13
656.037
 23
-52.592
 33
602.676
  0
3DFACE
  8
ELBOW_3D
  6
CONTINUOUS
 62
     5
 10
656.037
 20
-52.592
 30
602.676
 11
657.287
 21
-39.642
 31
605.696
 12
834.691
 22
-39.642
 32
428.291
 13
832.556
 23
-52.592
 33
426.156
  0
3DFACE
  8
ELBOW_3D
  6
CONTINUOUS
 62
     5
 10
406.400
 20
-39.642
 30
605.696
 11
406.400
 21
-26.523
 31
607.862
 12
658.185
 22
-26.523
 32
607.862
 13
657.287
 23
-39.642
 33
605.696
  0
3DFACE
  8
ELBOW_3D
  6
CONTINUOUS
 62
     5
 10
657.287
 20
-39.642
 30
605.696
 11
658.185
 21
-26.523
 31
607.862
 12
836.223
 22
-26.523
 32
429.823
 13
834.691
 23
-39.642
 33
428.291
  0
3DFACE
  8
ELBOW_3D
  6
CONTINUOUS
 62
     5
 10
406.400
 20
-26.523
 30
607.862
 11
406.400
 21
-13.290
 31
609.165
 12
658.724
 22
-13.290
 32
609.165
 13
658.185
 23
-26.523
 33
607.862
  0
3DFACE
  8
ELBOW_3D
  6
CONTINUOUS
 62
     5
 10
658.185
 20
-26.523
 30
607.862
 11
658.724
 21
-13.290
 31
609.165
 12
837.145
 22
-13.290
 32
430.745
 13
836.223
 23
-26.523
 33
429.823
  0
3DFACE
  8
ELBOW_3D
  6
CONTINUOUS
 62
     5
 10
406.400
 20
-13.290
 30
609.165
 11
406.400
 21
0.000
 31
609.600
 12
658.905
 22
0.000
 32
609.600
 13
658.724
 23
-13.290
 33
609.165
  0
3DFACE
  8
ELBOW_3D
  6
CONTINUOUS
 62
     5
 10
658.724
 20
-13.290
 30
609.165
 11
658.905
 21
0.000
 31
609.600
 12
837.452
 22
0.000
 32
431.052
 13
837.145
 23
-13.290
 33
430.745
  0
3DFACE
  8
ELBOW_3D
  6
CONTINUOUS
 62
     5
 10
837.452
 20
0.000
 30
431.052
 11
837.145
 21
13.290
 31
430.745
 12
1015.565
 22
13.290
 32
252.324
 13
1016.000
 23
0.000
 33
252.505
  0
3DFACE
  8
ELBOW_3D
  6
CONTINUOUS
 62
     5
 10
1016.000
 20
0.000
 30
252.505
 11
1015.565
 21
13.290
 31
252.324
 12
1015.565
 22
13.290
 32
0.000
 13
1016.000
 23
0.000
 33
0.000
  0
3DFACE
  8
ELBOW_3D
  6
CONTINUOUS
 62
     5
 10
837.145
 20
13.290
 30
430.745
 11
836.223
 21
26.523
 31
429.823
 12
1014.262
 22
26.523
 32
251.785
 13
1015.565
 23
13.290
 33
252.324
  0
3DFACE
  8
ELBOW_3D
  6
CONTINUOUS
 62
     5
 10
1015.565
 20
13.290
 30
252.324
 11
1014.262
 21
26.523
 31
251.785
 12
1014.262
 22
26.523
 32
0.000
 13
1015.565
 23
13.290
 33
0.000
  0
3DFACE
  8
ELBOW_3D
  6
CONTINUOUS
 62
     5
 10
836.223
 20
26.523
 30
429.823
 11
834.691
 21
39.642
 31
428.291
 12
1012.096
 22
39.642
 32
250.887
 13
1014.262
 23
26.523
 33
251.785
  0
3DFACE
  8
ELBOW_3D
  6
CONTINUOUS
 62
     5
 10
1014.262
 20
26.523
 30
251.785
 11
1012.096
 21
39.642
 31
250.887
 12
1012.096
 22
39.642
 32
0.000
 13
1014.262
 23
26.523
 33
0.000
  0
3DFACE
  8
ELBOW_3D
  6
CONTINUOUS
 62
     5
 10
834.691
 20
39.642
 30
428.291
 11
832.556
 21
52.592
 31
426.156
 12
1009.076
 22
52.592
 32
249.637
 13
1012.096
 23
39.642
 33
250.887
  0
3DFACE
  8
ELBOW_3D
  6
CONTINUOUS
 62
     5
 10
1012.096
 20
39.642
 30
250.887
 11
1009.076
 21
52.592
 31
249.637
 12
1009.076
 22
52.592
 32
0.000
 13
1012.096
 23
39.642
 33
0.000
  0
3DFACE
  8
ELBOW_3D
  6
CONTINUOUS
 62
     5
 10
832.556
 20
52.592
 30
426.156
 11
829.827
 21
65.316
 31
423.427
 12
1005.216
 22
65.316
 32
248.038
 13
1009.076
 23
52.592
 33
249.637
  0
3DFACE
  8
ELBOW_3D
  6
CONTINUOUS
 62
     5
 10
1009.076
 20
52.592
 30
249.637
 11
1005.216
 21
65.316
 31
248.038
 12
1005.216
 22
65.316
 32
0.000
 13
1009.076
 23
52.592
 33
0.000
  0
3DFACE
  8
ELBOW_3D
  6
CONTINUOUS
 62
     5
 10
829.827
 20
65.316
 30
423.427
 11
826.515
 21
77.761
 31
420.115
 12
1000.532
 22
77.761
 32
246.098
 13
1005.216
 23
65.316
 33
248.038
  0
3DFACE
  8
ELBOW_3D
  6
CONTINUOUS
 62
     5
 10
1005.216
 20
65.316
 30
248.038
 11
1000.532
 21
77.761
 31
246.098
 12
1000.532
 22
77.761
 32
0.000
 13
1005.216
 23
65.316
 33
0.000
  0
3DFACE
  8
ELBOW_3D
  6
CONTINUOUS
 62
     5
 10
826.515
 20
77.761
 30
420.115
 11
822.635
 21
89.873
 31
416.235
 12
995.045
 22
89.873
 32
243.825
 13
1000.532
 23
77.761
 33
246.098
  0
3DFACE
  8
ELBOW_3D
  6
CONTINUOUS
 62
     5
 10
1000.532
 20
77.761
 30
246.098
 11
995.045
 21
89.873
 31
243.825
 12
995.045
 22
89.873
 32
0.000
 13
1000.532
 23
77.761
 33
0.000
  0
3DFACE
  8
ELBOW_3D
  6
CONTINUOUS
 62
     5
 10
822.635
 20
89.873
 30
416.235
 11
818.202
 21
101.600
 31
411.802
 12
988.776
 22
101.600
 32
241.228
 13
995.045
 23
89.873
 33
243.825
  0
3DFACE
  8
ELBOW_3D
  6
CONTINUOUS
 62
     5
 10
995.045
 20
89.873
 30
243.825
 11
988.776
 21
101.600
 31
241.228
 12
988.776
 22
101.600
 32
0.000
 13
995.045
 23
89.873
 33
0.000
  0
3DFACE
  8
ELBOW_3D
  6
CONTINUOUS
 62
     5
 10
818.202
 20
101.600
 30
411.802
 11
813.237
 21
112.892
 31
406.837
 12
981.755
 22
112.892
 32
238.320
 13
988.776
 23
101.600
 33
241.228
  0
3DFACE
  8
ELBOW_3D
  6
CONTINUOUS
 62
     5
 10
988.776
 20
101.600
 30
241.228
 11
981.755
 21
112.892
 31
238.320
 12
981.755
 22
112.892
 32
0.000
 13
988.776
 23
101.600
 33
0.000
  0
3DFACE
  8
ELBOW_3D
  6
CONTINUOUS
 62
     5
 10
813.237
 20
112.892
 30
406.837
 11
807.760
 21
123.700
 31
401.360
 12
974.009
 22
123.700
 32
235.112
 13
981.755
 23
112.892
 33
238.320
  0
3DFACE
  8
ELBOW_3D
  6
CONTINUOUS
 62
     5
 10
981.755
 20
112.892
 30
238.320
 11
974.009
 21
123.700
 31
235.112
 12
974.009
 22
123.700
 32
0.000
 13
981.755
 23
112.892
 33
0.000
  0
3DFACE
  8
ELBOW_3D
  6
CONTINUOUS
 62
     5
 10
807.760
 20
123.700
 30
401.360
 11
801.796
 21
133.979
 31
395.396
 12
965.574
 22
133.979
 32
231.617
 13
974.009
 23
123.700
 33
235.112
  0
3DFACE
  8
ELBOW_3D
  6
CONTINUOUS
 62
     5
 10
974.009
 20
123.700
 30
235.112
 11
965.574
 21
133.979
 31
231.617
 12
965.574
 22
133.979
 32
0.000
 13
974.009
 23
123.700
 33
0.000
  0
3DFACE
  8
ELBOW_3D
  6
CONTINUOUS
 62
     5
 10
801.796
 20
133.979
 30
395.396
 11
795.368
 21
143.684
 31
388.968
 12
956.484
 22
143.684
 32
227.852
 13
965.574
 23
133.979
 33
231.617
  0
3DFACE
  8
ELBOW_3D
  6
CONTINUOUS
 62
     5
 10
965.574
 20
133.979
 30
231.617
 11
956.484
 21
143.684
 31
227.852
 12
956.484
 22
143.684
 32
0.000
 13
965.574
 23
133.979
 33
0.000
  0
3DFACE
  8
ELBOW_3D
  6
CONTINUOUS
 62
     5
 10
795.368
 20
143.684
 30
388.968
 11
788.506
 21
152.774
 31
382.106
 12
946.779
 22
152.774
 32
223.832
 13
956.484
 23
143.684
 33
227.852
  0
3DFACE
  8
ELBOW_3D
  6
CONTINUOUS
 62
     5
 10
956.484
 20
143.684
 30
227.852
 11
946.779
 21
152.774
 31
223.832
 12
946.779
 22
152.774
 32
0.000
 13
956.484
 23
143.684
 33
0.000
  0
3DFACE
  8
ELBOW_3D
  6
CONTINUOUS
 62
     5
 10
788.506
 20
152.774
 30
382.106
 11
781.238
 21
161.209
 31
374.838
 12
936.500
 22
161.209
 32
219.575
 13
946.779
 23
152.774
 33
223.832
  0
3DFACE
  8
ELBOW_3D
  6
CONTINUOUS
 62
     5
 10
946.779
 20
152.774
 30
223.832
 11
936.500
 21
161.209
 31
219.575
 12
936.500
 22
161.209
 32
0.000
 13
946.779
 23
152.774
 33
0.000
  0
3DFACE
  8
ELBOW_3D
  6
CONTINUOUS
 62
     5
 10
781.238
 20
161.209
 30
374.838
 11
773.595
 21
168.955
 31
367.195
 12
925.692
 22
168.955
 32
215.098
 13
936.500
 23
161.209
 33
219.575
  0
3DFACE
  8
ELBOW_3D
  6
CONTINUOUS
 62
     5
 10
936.500
 20
161.209
 30
219.575
 11
925.692
 21
168.955
 31
215.098
 12
925.692
 22
168.955
 32
0.000
 13
936.500
 23
161.209
 33
0.000
  0
3DFACE
  8
ELBOW_3D
  6
CONTINUOUS
 62
     5
 10
773.595
 20
168.955
 30
367.195
 11
765.610
 21
175.976
 31
359.210
 12
914.400
 22
175.976
 32
210.420
 13
925.692
 23
168.955
 33
215.098
  0
3DFACE
  8
ELBOW_3D
  6
CONTINUOUS
 62
     5
 10
925.692
 20
168.955
 30
215.098
 11
914.400
 21
175.976
 31
210.420
 12
914.400
 22
175.976
 32
0.000
 13
925.692
 23
168.955
 33
0.000
  0
3DFACE
  8
ELBOW_3D
  6
CONTINUOUS
 62
     5
 10
765.610
 20
175.976
 30
359.210
 11
757.318
 21
182.245
 31
350.918
 12
902.673
 22
182.245
 32
205.563
 13
914.400
 23
175.976
 33
210.420
  0
3DFACE
  8
ELBOW_3D
  6
CONTINUOUS
 62
     5
 10
914.400
 20
175.976
 30
210.420
 11
902.673
 21
182.245
 31
205.563
 12
902.673
 22
182.245
 32
0.000
 13
914.400
 23
175.976
 33
0.000
  0
3DFACE
  8
ELBOW_3D
  6
CONTINUOUS
 62
     5
 10
757.318
 20
182.245
 30
350.918
 11
748.754
 21
187.732
 31
342.354
 12
890.561
 22
187.732
 32
200.546
 13
902.673
 23
182.245
 33
205.563
  0
3DFACE
  8
ELBOW_3D
  6
CONTINUOUS
 62
     5
 10
902.673
 20
182.245
 30
205.563
 11
890.561
 21
187.732
 31
200.546
 12
890.561
 22
187.732
 32
0.000
 13
902.673
 23
182.245
 33
0.000
  0
3DFACE
  8
ELBOW_3D
  6
CONTINUOUS
 62
     5
 10
748.754
 20
187.732
 30
342.354
 11
739.954
 21
192.416
 31
333.554
 12
878.116
 22
192.416
 32
195.391
 13
890.561
 23
187.732
 33
200.546
  0
3DFACE
  8
ELBOW_3D
  6
CONTINUOUS
 62
     5
 10
890.561
 20
187.732
 30
200.546
 11
878.116
 21
192.416
 31
195.391
 12
878.116
 22
192.416
 32
0.000
 13
890.561
 23
187.732
 33
0.000
  0
3DFACE
  8
ELBOW_3D
  6
CONTINUOUS
 62
     5
 10
739.954
 20
192.416
 30
333.554
 11
730.956
 21
196.276
 31
324.556
 12
865.392
 22
196.276
 32
190.121
 13
878.116
 23
192.416
 33
195.391
  0
3DFACE
  8
ELBOW_3D
  6
CONTINUOUS
 62
     5
 10
878.116
 20
192.416
 30
195.391
 11
865.392
 21
196.276
 31
190.121
 12
865.392
 22
196.276
 32
0.000
 13
878.116
 23
192.416
 33
0.000
  0
3DFACE
  8
ELBOW_3D
  6
CONTINUOUS
 62
     5
 10
730.956
 20
196.276
 30
324.556
 11
721.800
 21
199.296
 31
315.400
 12
852.442
 22
199.296
 32
184.757
 13
865.392
 23
196.276
 33
190.121
  0
3DFACE
  8
ELBOW_3D
  6
CONTINUOUS
 62
     5
 10
865.392
 20
196.276
 30
190.121
 11
852.442
 21
199.296
 31
184.757
 12
852.442
 22
199.296
 32
0.000
 13
865.392
 23
196.276
 33
0.000
  0
3DFACE
  8
ELBOW_3D
  6
CONTINUOUS
 62
     5
 10
721.800
 20
199.296
 30
315.400
 11
712.523
 21
201.462
 31
306.123
 12
839.323
 22
201.462
 32
179.323
 13
852.442
 23
199.296
 33
184.757
  0
3DFACE
  8
ELBOW_3D
  6
CONTINUOUS
 62
     5
 10
852.442
 20
199.296
 30
184.757
 11
839.323
 21
201.462
 31
179.323
 12
839.323
 22
201.462
 32
0.000
 13
852.442
 23
199.296
 33
0.000
  0
3DFACE
  8
ELBOW_3D
  6
CONTINUOUS
 62
     5
 10
712.523
 20
201.462
 30
306.123
 11
703.166
 21
202.765
 31
296.766
 12
826.090
 22
202.765
 32
173.841
 13
839.323
 23
201.462
 33
179.323
  0
3DFACE
  8
ELBOW_3D
  6
CONTINUOUS
 62
     5
 10
839.323
 20
201.462
 30
179.323
 11
826.090
 21
202.765
 31
173.841
 12
826.090
 22
202.765
 32
0.000
 13
839.323
 23
201.462
 33
0.000
  0
3DFACE
  8
ELBOW_3D
  6
CONTINUOUS
 62
     5
 10
703.166
 20
202.765
 30
296.766
 11
693.768
 21
203.200
 31
287.368
 12
812.800
 22
203.200
 32
168.336
 13
826.090
 23
202.765
 33
173.841
  0
3DFACE
  8
ELBOW_3D
  6
CONTINUOUS
 62
     5
 10
826.090
 20
202.765
 30
173.841
 11
812.800
 21
203.200
 31
168.336
 12
812.800
 22
203.200
 32
0.000
 13
826.090
 23
202.765
 33
0.000
  0
3DFACE
  8
ELBOW_3D
  6
CONTINUOUS
 62
     5
 10
693.768
 20
203.200
 30
287.368
 11
684.371
 21
202.765
 31
277.971
 12
799.510
 22
202.765
 32
162.832
 13
812.800
 23
203.200
 33
168.336
  0
3DFACE
  8
ELBOW_3D
  6
CONTINUOUS
 62
     5
 10
812.800
 20
203.200
 30
168.336
 11
799.510
 21
202.765
 31
162.832
 12
799.510
 22
202.765
 32
0.000
 13
812.800
 23
203.200
 33
0.000
  0
3DFACE
  8
ELBOW_3D
  6
CONTINUOUS
 62
     5
 10
684.371
 20
202.765
 30
277.971
 11
675.014
 21
201.462
 31
268.614
 12
786.277
 22
201.462
 32
157.350
 13
799.510
 23
202.765
 33
162.832
  0
3DFACE
  8
ELBOW_3D
  6
CONTINUOUS
 62
     5
 10
799.510
 20
202.765
 30
162.832
 11
786.277
 21
201.462
 31
157.350
 12
786.277
 22
201.462
 32
0.000
 13
799.510
 23
202.765
 33
0.000
  0
3DFACE
  8
ELBOW_3D
  6
CONTINUOUS
 62
     5
 10
675.014
 20
201.462
 30
268.614
 11
665.737
 21
199.296
 31
259.337
 12
773.158
 22
199.296
 32
151.916
 13
786.277
 23
201.462
 33
157.350
  0
3DFACE
  8
ELBOW_3D
  6
CONTINUOUS
 62
     5
 10
786.277
 20
201.462
 30
157.350
 11
773.158
 21
199.296
 31
151.916
 12
773.158
 22
199.296
 32
0.000
 13
786.277
 23
201.462
 33
0.000
  0
3DFACE
  8
ELBOW_3D
  6
CONTINUOUS
 62
     5
 10
665.737
 20
199.296
 30
259.337
 11
656.580
 21
196.276
 31
250.180
 12
760.208
 22
196.276
 32
146.552
 13
773.158
 23
199.296
 33
151.916
  0
3DFACE
  8
ELBOW_3D
  6
CONTINUOUS
 62
     5
 10
773.158
 20
199.296
 30
151.916
 11
760.208
 21
196.276
 31
146.552
 12
760.208
 22
196.276
 32
0.000
 13
773.158
 23
199.296
 33
0.000
  0
3DFACE
  8
ELBOW_3D
  6
CONTINUOUS
 62
     5
 10
656.580
 20
196.276
 30
250.180
 11
647.582
 21
192.416
 31
241.182
 12
747.484
 22
192.416
 32
141.281
 13
760.208
 23
196.276
 33
146.552
  0
3DFACE
  8
ELBOW_3D
  6
CONTINUOUS
 62
     5
 10
760.208
 20
196.276
 30
146.552
 11
747.484
 21
192.416
 31
141.281
 12
747.484
 22
192.416
 32
0.000
 13
760.208
 23
196.276
 33
0.000
  0
3DFACE
  8
ELBOW_3D
  6
CONTINUOUS
 62
     5
 10
647.582
 20
192.416
 30
241.182
 11
638.783
 21
187.732
 31
232.383
 12
735.039
 22
187.732
 32
136.127
 13
747.484
 23
192.416
 33
141.281
  0
3DFACE
  8
ELBOW_3D
  6
CONTINUOUS
 62
     5
 10
747.484
 20
192.416
 30
141.281
 11
735.039
 21
187.732
 31
136.127
 12
735.039
 22
187.732
 32
0.000
 13
747.484
 23
192.416
 33
0.000
  0
3DFACE
  8
ELBOW_3D
  6
CONTINUOUS
 62
     5
 10
638.783
 20
187.732
 30
232.383
 11
630.218
 21
182.245
 31
223.818
 12
722.927
 22
182.245
 32
131.110
 13
735.039
 23
187.732
 33
136.127
  0
3DFACE
  8
ELBOW_3D
  6
CONTINUOUS
 62
     5
 10
735.039
 20
187.732
 30
136.127
 11
722.927
 21
182.245
 31
131.110
 12
722.927
 22
182.245
 32
0.000
 13
735.039
 23
187.732
 33
0.000
  0
3DFACE
  8
ELBOW_3D
  6
CONTINUOUS
 62
     5
 10
630.218
 20
182.245
 30
223.818
 11
621.926
 21
175.976
 31
215.526
 12
711.200
 22
175.976
 32
126.252
 13
722.927
 23
182.245
 33
131.110
  0
3DFACE
  8
ELBOW_3D
  6
CONTINUOUS
 62
     5
 10
722.927
 20
182.245
 30
131.110
 11
711.200
 21
175.976
 31
126.252
 12
711.200
 22
175.976
 32
0.000
 13
722.927
 23
182.245
 33
0.000
  0
3DFACE
  8
ELBOW_3D
  6
CONTINUOUS
 62
     5
 10
621.926
 20
175.976
 30
215.526
 11
613.942
 21
168.955
 31
207.542
 12
699.908
 22
168.955
 32
121.575
 13
711.200
 23
175.976
 33
126.252
  0
3DFACE
  8
ELBOW_3D
  6
CONTINUOUS
 62
     5
 10
711.200
 20
175.976
 30
126.252
 11
699.908
 21
168.955
 31
121.575
 12
699.908
 22
168.955
 32
0.000
 13
711.200
 23
175.976
 33
0.000
  0
3DFACE
  8
ELBOW_3D
  6
CONTINUOUS
 62
     5
 10
613.942
 20
168.955
 30
207.542
 11
606.299
 21
161.209
 31
199.899
 12
689.100
 22
161.209
 32
117.098
 13
699.908
 23
168.955
 33
121.575
  0
3DFACE
  8
ELBOW_3D
  6
CONTINUOUS
 62
     5
 10
699.908
 20
168.955
 30
121.575
 11
689.100
 21
161.209
 31
117.098
 12
689.100
 22
161.209
 32
0.000
 13
699.908
 23
168.955
 33
0.000
  0
3DFACE
  8
ELBOW_3D
  6
CONTINUOUS
 62
     5
 10
606.299
 20
161.209
 30
199.899
 11
599.031
 21
152.774
 31
192.631
 12
678.821
 22
152.774
 32
112.840
 13
689.100
 23
161.209
 33
117.098
  0
3DFACE
  8
ELBOW_3D
  6
CONTINUOUS
 62
     5
 10
689.100
 20
161.209
 30
117.098
 11
678.821
 21
152.774
 31
112.840
 12
678.821
 22
152.774
 32
0.000
 13
689.100
 23
161.209
 33
0.000
  0
3DFACE
  8
ELBOW_3D
  6
CONTINUOUS
 62
     5
 10
599.031
 20
152.774
 30
192.631
 11
592.168
 21
143.684
 31
185.768
 12
669.116
 22
143.684
 32
108.820
 13
678.821
 23
152.774
 33
112.840
  0
3DFACE
  8
ELBOW_3D
  6
CONTINUOUS
 62
     5
 10
678.821
 20
152.774
 30
112.840
 11
669.116
 21
143.684
 31
108.820
 12
669.116
 22
143.684
 32
0.000
 13
678.821
 23
152.774
 33
0.000
  0
3DFACE
  8
ELBOW_3D
  6
CONTINUOUS
 62
     5
 10
592.168
 20
143.684
 30
185.768
 11
585.741
 21
133.979
 31
179.341
 12
660.026
 22
133.979
 32
105.055
 13
669.116
 23
143.684
 33
108.820
  0
3DFACE
  8
ELBOW_3D
  6
CONTINUOUS
 62
     5
 10
669.116
 20
143.684
 30
108.820
 11
660.026
 21
133.979
 31
105.055
 12
660.026
 22
133.979
 32
0.000
 13
669.116
 23
143.684
 33
0.000
  0
3DFACE
  8
ELBOW_3D
  6
CONTINUOUS
 62
     5
 10
585.741
 20
133.979
 30
179.341
 11
579.776
 21
123.700
 31
173.376
 12
651.591
 22
123.700
 32
101.561
 13
660.026
 23
133.979
 33
105.055
  0
3DFACE
  8
ELBOW_3D
  6
CONTINUOUS
 62
     5
 10
660.026
 20
133.979
 30
105.055
 11
651.591
 21
123.700
 31
101.561
 12
651.591
 22
123.700
 32
0.000
 13
660.026
 23
133.979
 33
0.000
  0
3DFACE
  8
ELBOW_3D
  6
CONTINUOUS
 62
     5
 10
579.776
 20
123.700
 30
173.376
 11
574.299
 21
112.892
 31
167.899
 12
643.845
 22
112.892
 32
98.353
 13
651.591
 23
123.700
 33
101.561
  0
3DFACE
  8
ELBOW_3D
  6
CONTINUOUS
 62
     5
 10
651.591
 20
123.700
 30
101.561
 11
643.845
 21
112.892
 31
98.353
 12
643.845
 22
112.892
 32
0.000
 13
651.591
 23
123.700
 33
0.000
  0
3DFACE
  8
ELBOW_3D
  6
CONTINUOUS
 62
     5
 10
574.299
 20
112.892
 30
167.899
 11
569.334
 21
101.600
 31
162.934
 12
636.824
 22
101.600
 32
95.445
 13
643.845
 23
112.892
 33
98.353
  0
3DFACE
  8
ELBOW_3D
  6
CONTINUOUS
 62
     5
 10
643.845
 20
112.892
 30
98.353
 11
636.824
 21
101.600
 31
95.445
 12
636.824
 22
101.600
 32
0.000
 13
643.845
 23
112.892
 33
0.000
  0
3DFACE
  8
ELBOW_3D
  6
CONTINUOUS
 62
     5
 10
569.334
 20
101.600
 30
162.934
 11
564.902
 21
89.873
 31
158.502
 12
630.555
 22
89.873
 32
92.848
 13
636.824
 23
101.600
 33
95.445
  0
3DFACE
  8
ELBOW_3D
  6
CONTINUOUS
 62
     5
 10
636.824
 20
101.600
 30
95.445
 11
630.555
 21
89.873
 31
92.848
 12
630.555
 22
89.873
 32
0.000
 13
636.824
 23
101.600
 33
0.000
  0
3DFACE
  8
ELBOW_3D
  6
CONTINUOUS
 62
     5
 10
564.902
 20
89.873
 30
158.502
 11
561.021
 21
77.761
 31
154.621
 12
625.068
 22
77.761
 32
90.575
 13
630.555
 23
89.873
 33
92.848
  0
3DFACE
  8
ELBOW_3D
  6
CONTINUOUS
 62
     5
 10
630.555
 20
89.873
 30
92.848
 11
625.068
 21
77.761
 31
90.575
 12
625.068
 22
77.761
 32
0.000
 13
630.555
 23
89.873
 33
0.000
  0
3DFACE
  8
ELBOW_3D
  6
CONTINUOUS
 62
     5
 10
561.021
 20
77.761
 30
154.621
 11
557.709
 21
65.316
 31
151.309
 12
620.384
 22
65.316
 32
88.635
 13
625.068
 23
77.761
 33
90.575
  0
3DFACE
  8
ELBOW_3D
  6
CONTINUOUS
 62
     5
 10
625.068
 20
77.761
 30
90.575
 11
620.384
 21
65.316
 31
88.635
 12
620.384
 22
65.316
 32
0.000
 13
625.068
 23
77.761
 33
0.000
  0
3DFACE
  8
ELBOW_3D
  6
CONTINUOUS
 62
     5
 10
557.709
 20
65.316
 30
151.309
 11
554.980
 21
52.592
 31
148.580
 12
616.524
 22
52.592
 32
87.036
 13
620.384
 23
65.316
 33
88.635
  0
3DFACE
  8
ELBOW_3D
  6
CONTINUOUS
 62
     5
 10
620.384
 20
65.316
 30
88.635
 11
616.524
 21
52.592
 31
87.036
 12
616.524
 22
52.592
 32
0.000
 13
620.384
 23
65.316
 33
0.000
  0
3DFACE
  8
ELBOW_3D
  6
CONTINUOUS
 62
     5
 10
554.980
 20
52.592
 30
148.580
 11
552.845
 21
39.642
 31
146.445
 12
613.504
 22
39.642
 32
85.785
 13
616.524
 23
52.592
 33
87.036
  0
3DFACE
  8
ELBOW_3D
  6
CONTINUOUS
 62
     5
 10
616.524
 20
52.592
 30
87.036
 11
613.504
 21
39.642
 31
85.785
 12
613.504
 22
39.642
 32
0.000
 13
616.524
 23
52.592
 33
0.000
  0
3DFACE
  8
ELBOW_3D
  6
CONTINUOUS
 62
     5
 10
552.845
 20
39.642
 30
146.445
 11
551.313
 21
26.523
 31
144.913
 12
611.338
 22
26.523
 32
84.888
 13
613.504
 23
39.642
 33
85.785
  0
3DFACE
  8
ELBOW_3D
  6
CONTINUOUS
 62
     5
 10
613.504
 20
39.642
 30
85.785
 11
611.338
 21
26.523
 31
84.888
 12
611.338
 22
26.523
 32
0.000
 13
613.504
 23
39.642
 33
0.000
  0
3DFACE
  8
ELBOW_3D
  6
CONTINUOUS
 62
     5
 10
551.313
 20
26.523
 30
144.913
 11
550.392
 21
13.290
 31
143.992
 12
610.035
 22
13.290
 32
84.348
 13
611.338
 23
26.523
 33
84.888
  0
3DFACE
  8
ELBOW_3D
  6
CONTINUOUS
 62
     5
 10
611.338
 20
26.523
 30
84.888
 11
610.035
 21
13.290
 31
84.348
 12
610.035
 22
13.290
 32
0.000
 13
611.338
 23
26.523
 33
0.000
  0
3DFACE
  8
ELBOW_3D
  6
CONTINUOUS
 62
     5
 10
550.392
 20
13.290
 30
143.992
 11
550.084
 21
0.000
 31
143.684
 12
609.600
 22
0.000
 32
84.168
 13
610.035
 23
13.290
 33
84.348
  0
3DFACE
  8
ELBOW_3D
  6
CONTINUOUS
 62
     5
 10
610.035
 20
13.290
 30
84.348
 11
609.600
 21
0.000
 31
84.168
 12
609.600
 22
0.000
 32
0.000
 13
610.035
 23
13.290
 33
0.000
  0
3DFACE
  8
ELBOW_3D
  6
CONTINUOUS
 62
     5
 10
550.084
 20
0.000
 30
143.684
 11
550.392
 21
-13.290
 31
143.992
 12
610.035
 22
-13.290
 32
84.348
 13
609.600
 23
0.000
 33
84.168
  0
3DFACE
  8
ELBOW_3D
  6
CONTINUOUS
 62
     5
 10
609.600
 20
0.000
 30
84.168
 11
610.035
 21
-13.290
 31
84.348
 12
610.035
 22
-13.290
 32
0.000
 13
609.600
 23
0.000
 33
0.000
  0
3DFACE
  8
ELBOW_3D
  6
CONTINUOUS
 62
     5
 10
550.392
 20
-13.290
 30
143.992
 11
551.313
 21
-26.523
 31
144.913
 12
611.338
 22
-26.523
 32
84.888
 13
610.035
 23
-13.290
 33
84.348
  0
3DFACE
  8
ELBOW_3D
  6
CONTINUOUS
 62
     5
 10
610.035
 20
-13.290
 30
84.348
 11
611.338
 21
-26.523
 31
84.888
 12
611.338
 22
-26.523
 32
0.000
 13
610.035
 23
-13.290
 33
0.000
  0
3DFACE
  8
ELBOW_3D
  6
CONTINUOUS
 62
     5
 10
551.313
 20
-26.523
 30
144.913
 11
552.845
 21
-39.642
 31
146.445
 12
613.504
 22
-39.642
 32
85.785
 13
611.338
 23
-26.523
 33
84.888
  0
3DFACE
  8
ELBOW_3D
  6
CONTINUOUS
 62
     5
 10
611.338
 20
-26.523
 30
84.888
 11
613.504
 21
-39.642
 31
85.785
 12
613.504
 22
-39.642
 32
0.000
 13
611.338
 23
-26.523
 33
0.000
  0
3DFACE
  8
ELBOW_3D
  6
CONTINUOUS
 62
     5
 10
552.845
 20
-39.642
 30
146.445
 11
554.980
 21
-52.592
 31
148.580
 12
616.524
 22
-52.592
 32
87.036
 13
613.504
 23
-39.642
 33
85.785
  0
3DFACE
  8
ELBOW_3D
  6
CONTINUOUS
 62
     5
 10
613.504
 20
-39.642
 30
85.785
 11
616.524
 21
-52.592
 31
87.036
 12
616.524
 22
-52.592
 32
0.000
 13
613.504
 23
-39.642
 33
0.000
  0
3DFACE
  8
ELBOW_3D
  6
CONTINUOUS
 62
     5
 10
554.980
 20
-52.592
 30
148.580
 11
557.709
 21
-65.316
 31
151.309
 12
620.384
 22
-65.316
 32
88.635
 13
616.524
 23
-52.592
 33
87.036
  0
3DFACE
  8
ELBOW_3D
  6
CONTINUOUS
 62
     5
 10
616.524
 20
-52.592
 30
87.036
 11
620.384
 21
-65.316
 31
88.635
 12
620.384
 22
-65.316
 32
0.000
 13
616.524
 23
-52.592
 33
0.000
  0
3DFACE
  8
ELBOW_3D
  6
CONTINUOUS
 62
     5
 10
557.709
 20
-65.316
 30
151.309
 11
561.021
 21
-77.761
 31
154.621
 12
625.068
 22
-77.761
 32
90.575
 13
620.384
 23
-65.316
 33
88.635
  0
3DFACE
  8
ELBOW_3D
  6
CONTINUOUS
 62
     5
 10
620.384
 20
-65.316
 30
88.635
 11
625.068
 21
-77.761
 31
90.575
 12
625.068
 22
-77.761
 32
0.000
 13
620.384
 23
-65.316
 33
0.000
  0
3DFACE
  8
ELBOW_3D
  6
CONTINUOUS
 62
     5
 10
561.021
 20
-77.761
 30
154.621
 11
564.902
 21
-89.873
 31
158.502
 12
630.555
 22
-89.873
 32
92.848
 13
625.068
 23
-77.761
 33
90.575
  0
3DFACE
  8
ELBOW_3D
  6
CONTINUOUS
 62
     5
 10
625.068
 20
-77.761
 30
90.575
 11
630.555
 21
-89.873
 31
92.848
 12
630.555
 22
-89.873
 32
0.000
 13
625.068
 23
-77.761
 33
0.000
  0
3DFACE
  8
ELBOW_3D
  6
CONTINUOUS
 62
     5
 10
564.902
 20
-89.873
 30
158.502
 11
569.334
 21
-101.600
 31
162.934
 12
636.824
 22
-101.600
 32
95.445
 13
630.555
 23
-89.873
 33
92.848
  0
3DFACE
  8
ELBOW_3D
  6
CONTINUOUS
 62
     5
 10
630.555
 20
-89.873
 30
92.848
 11
636.824
 21
-101.600
 31
95.445
 12
636.824
 22
-101.600
 32
0.000
 13
630.555
 23
-89.873
 33
0.000
  0
3DFACE
  8
ELBOW_3D
  6
CONTINUOUS
 62
     5
 10
569.334
 20
-101.600
 30
162.934
 11
574.299
 21
-112.892
 31
167.899
 12
643.845
 22
-112.892
 32
98.353
 13
636.824
 23
-101.600
 33
95.445
  0
3DFACE
  8
ELBOW_3D
  6
CONTINUOUS
 62
     5
 10
636.824
 20
-101.600
 30
95.445
 11
643.845
 21
-112.892
 31
98.353
 12
643.845
 22
-112.892
 32
0.000
 13
636.824
 23
-101.600
 33
0.000
  0
3DFACE
  8
ELBOW_3D
  6
CONTINUOUS
 62
     5
 10
574.299
 20
-112.892
 30
167.899
 11
579.776
 21
-123.700
 31
173.376
 12
651.591
 22
-123.700
 32
101.561
 13
643.845
 23
-112.892
 33
98.353
  0
3DFACE
  8
ELBOW_3D
  6
CONTINUOUS
 62
     5
 10
643.845
 20
-112.892
 30
98.353
 11
651.591
 21
-123.700
 31
101.561
 12
651.591
 22
-123.700
 32
0.000
 13
643.845
 23
-112.892
 33
0.000
  0
3DFACE
  8
ELBOW_3D
  6
CONTINUOUS
 62
     5
 10
579.776
 20
-123.700
 30
173.376
 11
585.741
 21
-133.979
 31
179.341
 12
660.026
 22
-133.979
 32
105.055
 13
651.591
 23
-123.700
 33
101.561
  0
3DFACE
  8
ELBOW_3D
  6
CONTINUOUS
 62
     5
 10
651.591
 20
-123.700
 30
101.561
 11
660.026
 21
-133.979
 31
105.055
 12
660.026
 22
-133.979
 32
0.000
 13
651.591
 23
-123.700
 33
0.000
  0
3DFACE
  8
ELBOW_3D
  6
CONTINUOUS
 62
     5
 10
585.741
 20
-133.979
 30
179.341
 11
592.168
 21
-143.684
 31
185.768
 12
669.116
 22
-143.684
 32
108.820
 13
660.026
 23
-133.979
 33
105.055
  0
3DFACE
  8
ELBOW_3D
  6
CONTINUOUS
 62
     5
 10
660.026
 20
-133.979
 30
105.055
 11
669.116
 21
-143.684
 31
108.820
 12
669.116
 22
-143.684
 32
0.000
 13
660.026
 23
-133.979
 33
0.000
  0
3DFACE
  8
ELBOW_3D
  6
CONTINUOUS
 62
     5
 10
592.168
 20
-143.684
 30
185.768
 11
599.031
 21
-152.774
 31
192.631
 12
678.821
 22
-152.774
 32
112.840
 13
669.116
 23
-143.684
 33
108.820
  0
3DFACE
  8
ELBOW_3D
  6
CONTINUOUS
 62
     5
 10
669.116
 20
-143.684
 30
108.820
 11
678.821
 21
-152.774
 31
112.840
 12
678.821
 22
-152.774
 32
0.000
 13
669.116
 23
-143.684
 33
0.000
  0
3DFACE
  8
ELBOW_3D
  6
CONTINUOUS
 62
     5
 10
599.031
 20
-152.774
 30
192.631
 11
606.299
 21
-161.209
 31
199.899
 12
689.100
 22
-161.209
 32
117.098
 13
678.821
 23
-152.774
 33
112.840
  0
3DFACE
  8
ELBOW_3D
  6
CONTINUOUS
 62
     5
 10
678.821
 20
-152.774
 30
112.840
 11
689.100
 21
-161.209
 31
117.098
 12
689.100
 22
-161.209
 32
0.000
 13
678.821
 23
-152.774
 33
0.000
  0
3DFACE
  8
ELBOW_3D
  6
CONTINUOUS
 62
     5
 10
606.299
 20
-161.209
 30
199.899
 11
613.942
 21
-168.955
 31
207.542
 12
699.908
 22
-168.955
 32
121.575
 13
689.100
 23
-161.209
 33
117.098
  0
3DFACE
  8
ELBOW_3D
  6
CONTINUOUS
 62
     5
 10
689.100
 20
-161.209
 30
117.098
 11
699.908
 21
-168.955
 31
121.575
 12
699.908
 22
-168.955
 32
0.000
 13
689.100
 23
-161.209
 33
0.000
  0
3DFACE
  8
ELBOW_3D
  6
CONTINUOUS
 62
     5
 10
613.942
 20
-168.955
 30
207.542
 11
621.926
 21
-175.976
 31
215.526
 12
711.200
 22
-175.976
 32
126.252
 13
699.908
 23
-168.955
 33
121.575
  0
3DFACE
  8
ELBOW_3D
  6
CONTINUOUS
 62
     5
 10
699.908
 20
-168.955
 30
121.575
 11
711.200
 21
-175.976
 31
126.252
 12
711.200
 22
-175.976
 32
0.000
 13
699.908
 23
-168.955
 33
0.000
  0
3DFACE
  8
ELBOW_3D
  6
CONTINUOUS
 62
     5
 10
621.926
 20
-175.976
 30
215.526
 11
630.218
 21
-182.245
 31
223.818
 12
722.927
 22
-182.245
 32
131.110
 13
711.200
 23
-175.976
 33
126.252
  0
3DFACE
  8
ELBOW_3D
  6
CONTINUOUS
 62
     5
 10
711.200
 20
-175.976
 30
126.252
 11
722.927
 21
-182.245
 31
131.110
 12
722.927
 22
-182.245
 32
0.000
 13
711.200
 23
-175.976
 33
0.000
  0
3DFACE
  8
ELBOW_3D
  6
CONTINUOUS
 62
     5
 10
630.218
 20
-182.245
 30
223.818
 11
638.783
 21
-187.732
 31
232.383
 12
735.039
 22
-187.732
 32
136.127
 13
722.927
 23
-182.245
 33
131.110
  0
3DFACE
  8
ELBOW_3D
  6
CONTINUOUS
 62
     5
 10
722.927
 20
-182.245
 30
131.110
 11
735.039
 21
-187.732
 31
136.127
 12
735.039
 22
-187.732
 32
0.000
 13
722.927
 23
-182.245
 33
0.000
  0
3DFACE
  8
ELBOW_3D
  6
CONTINUOUS
 62
     5
 10
638.783
 20
-187.732
 30
232.383
 11
647.582
 21
-192.416
 31
241.182
 12
747.484
 22
-192.416
 32
141.281
 13
735.039
 23
-187.732
 33
136.127
  0
3DFACE
  8
ELBOW_3D
  6
CONTINUOUS
 62
     5
 10
735.039
 20
-187.732
 30
136.127
 11
747.484
 21
-192.416
 31
141.281
 12
747.484
 22
-192.416
 32
0.000
 13
735.039
 23
-187.732
 33
0.000
  0
3DFACE
  8
ELBOW_3D
  6
CONTINUOUS
 62
     5
 10
647.582
 20
-192.416
 30
241.182
 11
656.580
 21
-196.276
 31
250.180
 12
760.208
 22
-196.276
 32
146.552
 13
747.484
 23
-192.416
 33
141.281
  0
3DFACE
  8
ELBOW_3D
  6
CONTINUOUS
 62
     5
 10
747.484
 20
-192.416
 30
141.281
 11
760.208
 21
-196.276
 31
146.552
 12
760.208
 22
-196.276
 32
0.000
 13
747.484
 23
-192.416
 33
0.000
  0
3DFACE
  8
ELBOW_3D
  6
CONTINUOUS
 62
     5
 10
656.580
 20
-196.276
 30
250.180
 11
665.737
 21
-199.296
 31
259.337
 12
773.158
 22
-199.296
 32
151.916
 13
760.208
 23
-196.276
 33
146.552
  0
3DFACE
  8
ELBOW_3D
  6
CONTINUOUS
 62
     5
 10
760.208
 20
-196.276
 30
146.552
 11
773.158
 21
-199.296
 31
151.916
 12
773.158
 22
-199.296
 32
0.000
 13
760.208
 23
-196.276
 33
0.000
  0
3DFACE
  8
ELBOW_3D
  6
CONTINUOUS
 62
     5
 10
665.737
 20
-199.296
 30
259.337
 11
675.014
 21
-201.462
 31
268.614
 12
786.277
 22
-201.462
 32
157.350
 13
773.158
 23
-199.296
 33
151.916
  0
3DFACE
  8
ELBOW_3D
  6
CONTINUOUS
 62
     5
 10
773.158
 20
-199.296
 30
151.916
 11
786.277
 21
-201.462
 31
157.350
 12
786.277
 22
-201.462
 32
0.000
 13
773.158
 23
-199.296
 33
0.000
  0
3DFACE
  8
ELBOW_3D
  6
CONTINUOUS
 62
     5
 10
675.014
 20
-201.462
 30
268.614
 11
684.371
 21
-202.765
 31
277.971
 12
799.510
 22
-202.765
 32
162.832
 13
786.277
 23
-201.462
 33
157.350
  0
3DFACE
  8
ELBOW_3D
  6
CONTINUOUS
 62
     5
 10
786.277
 20
-201.462
 30
157.350
 11
799.510
 21
-202.765
 31
162.832
 12
799.510
 22
-202.765
 32
0.000
 13
786.277
 23
-201.462
 33
0.000
  0
3DFACE
  8
ELBOW_3D
  6
CONTINUOUS
 62
     5
 10
684.371
 20
-202.765
 30
277.971
 11
693.768
 21
-203.200
 31
287.368
 12
812.800
 22
-203.200
 32
168.336
 13
799.510
 23
-202.765
 33
162.832
  0
3DFACE
  8
ELBOW_3D
  6
CONTINUOUS
 62
     5
 10
799.510
 20
-202.765
 30
162.832
 11
812.800
 21
-203.200
 31
168.336
 12
812.800
 22
-203.200
 32
0.000
 13
799.510
 23
-202.765
 33
0.000
  0
3DFACE
  8
ELBOW_3D
  6
CONTINUOUS
 62
     5
 10
693.768
 20
-203.200
 30
287.368
 11
703.166
 21
-202.765
 31
296.766
 12
826.090
 22
-202.765
 32
173.841
 13
812.800
 23
-203.200
 33
168.336
  0
3DFACE
  8
ELBOW_3D
  6
CONTINUOUS
 62
     5
 10
812.800
 20
-203.200
 30
168.336
 11
826.090
 21
-202.765
 31
173.841
 12
826.090
 22
-202.765
 32
0.000
 13
812.800
 23
-203.200
 33
0.000
  0
3DFACE
  8
ELBOW_3D
  6
CONTINUOUS
 62
     5
 10
703.166
 20
-202.765
 30
296.766
 11
712.523
 21
-201.462
 31
306.123
 12
839.323
 22
-201.462
 32
179.323
 13
826.090
 23
-202.765
 33
173.841
  0
3DFACE
  8
ELBOW_3D
  6
CONTINUOUS
 62
     5
 10
826.090
 20
-202.765
 30
173.841
 11
839.323
 21
-201.462
 31
179.323
 12
839.323
 22
-201.462
 32
0.000
 13
826.090
 23
-202.765
 33
0.000
  0
3DFACE
  8
ELBOW_3D
  6
CONTINUOUS
 62
     5
 10
712.523
 20
-201.462
 30
306.123
 11
721.800
 21
-199.296
 31
315.400
 12
852.442
 22
-199.296
 32
184.757
 13
839.323
 23
-201.462
 33
179.323
  0
3DFACE
  8
ELBOW_3D
  6
CONTINUOUS
 62
     5
 10
839.323
 20
-201.462
 30
179.323
 11
852.442
 21
-199.296
 31
184.757
 12
852.442
 22
-199.296
 32
0.000
 13
839.323
 23
-201.462
 33
0.000
  0
3DFACE
  8
ELBOW_3D
  6
CONTINUOUS
 62
     5
 10
721.800
 20
-199.296
 30
315.400
 11
730.956
 21
-196.276
 31
324.556
 12
865.392
 22
-196.276
 32
190.121
 13
852.442
 23
-199.296
 33
184.757
  0
3DFACE
  8
ELBOW_3D
  6
CONTINUOUS
 62
     5
 10
852.442
 20
-199.296
 30
184.757
 11
865.392
 21
-196.276
 31
190.121
 12
865.392
 22
-196.276
 32
0.000
 13
852.442
 23
-199.296
 33
0.000
  0
3DFACE
  8
ELBOW_3D
  6
CONTINUOUS
 62
     5
 10
730.956
 20
-196.276
 30
324.556
 11
739.954
 21
-192.416
 31
333.554
 12
878.116
 22
-192.416
 32
195.391
 13
865.392
 23
-196.276
 33
190.121
  0
3DFACE
  8
ELBOW_3D
  6
CONTINUOUS
 62
     5
 10
865.392
 20
-196.276
 30
190.121
 11
878.116
 21
-192.416
 31
195.391
 12
878.116
 22
-192.416
 32
0.000
 13
865.392
 23
-196.276
 33
0.000
  0
3DFACE
  8
ELBOW_3D
  6
CONTINUOUS
 62
     5
 10
739.954
 20
-192.416
 30
333.554
 11
748.754
 21
-187.732
 31
342.354
 12
890.561
 22
-187.732
 32
200.546
 13
878.116
 23
-192.416
 33
195.391
  0
3DFACE
  8
ELBOW_3D
  6
CONTINUOUS
 62
     5
 10
878.116
 20
-192.416
 30
195.391
 11
890.561
 21
-187.732
 31
200.546
 12
890.561
 22
-187.732
 32
0.000
 13
878.116
 23
-192.416
 33
0.000
  0
3DFACE
  8
ELBOW_3D
  6
CONTINUOUS
 62
     5
 10
748.754
 20
-187.732
 30
342.354
 11
757.318
 21
-182.245
 31
350.918
 12
902.673
 22
-182.245
 32
205.563
 13
890.561
 23
-187.732
 33
200.546
  0
3DFACE
  8
ELBOW_3D
  6
CONTINUOUS
 62
     5
 10
890.561
 20
-187.732
 30
200.546
 11
902.673
 21
-182.245
 31
205.563
 12
902.673
 22
-182.245
 32
0.000
 13
890.561
 23
-187.732
 33
0.000
  0
3DFACE
  8
ELBOW_3D
  6
CONTINUOUS
 62
     5
 10
757.318
 20
-182.245
 30
350.918
 11
765.610
 21
-175.976
 31
359.210
 12
914.400
 22
-175.976
 32
210.420
 13
902.673
 23
-182.245
 33
205.563
  0
3DFACE
  8
ELBOW_3D
  6
CONTINUOUS
 62
     5
 10
902.673
 20
-182.245
 30
205.563
 11
914.400
 21
-175.976
 31
210.420
 12
914.400
 22
-175.976
 32
0.000
 13
902.673
 23
-182.245
 33
0.000
  0
3DFACE
  8
ELBOW_3D
  6
CONTINUOUS
 62
     5
 10
765.610
 20
-175.976
 30
359.210
 11
773.595
 21
-168.955
 31
367.195
 12
925.692
 22
-168.955
 32
215.098
 13
914.400
 23
-175.976
 33
210.420
  0
3DFACE
  8
ELBOW_3D
  6
CONTINUOUS
 62
     5
 10
914.400
 20
-175.976
 30
210.420
 11
925.692
 21
-168.955
 31
215.098
 12
925.692
 22
-168.955
 32
0.000
 13
914.400
 23
-175.976
 33
0.000
  0
3DFACE
  8
ELBOW_3D
  6
CONTINUOUS
 62
     5
 10
773.595
 20
-168.955
 30
367.195
 11
781.238
 21
-161.209
 31
374.838
 12
936.500
 22
-161.209
 32
219.575
 13
925.692
 23
-168.955
 33
215.098
  0
3DFACE
  8
ELBOW_3D
  6
CONTINUOUS
 62
     5
 10
925.692
 20
-168.955
 30
215.098
 11
936.500
 21
-161.209
 31
219.575
 12
936.500
 22
-161.209
 32
0.000
 13
925.692
 23
-168.955
 33
0.000
  0
3DFACE
  8
ELBOW_3D
  6
CONTINUOUS
 62
     5
 10
781.238
 20
-161.209
 30
374.838
 11
788.506
 21
-152.774
 31
382.106
 12
946.779
 22
-152.774
 32
223.832
 13
936.500
 23
-161.209
 33
219.575
  0
3DFACE
  8
ELBOW_3D
  6
CONTINUOUS
 62
     5
 10
936.500
 20
-161.209
 30
219.575
 11
946.779
 21
-152.774
 31
223.832
 12
946.779
 22
-152.774
 32
0.000
 13
936.500
 23
-161.209
 33
0.000
  0
3DFACE
  8
ELBOW_3D
  6
CONTINUOUS
 62
     5
 10
788.506
 20
-152.774
 30
382.106
 11
795.368
 21
-143.684
 31
388.968
 12
956.484
 22
-143.684
 32
227.852
 13
946.779
 23
-152.774
 33
223.832
  0
3DFACE
  8
ELBOW_3D
  6
CONTINUOUS
 62
     5
 10
946.779
 20
-152.774
 30
223.832
 11
956.484
 21
-143.684
 31
227.852
 12
956.484
 22
-143.684
 32
0.000
 13
946.779
 23
-152.774
 33
0.000
  0
3DFACE
  8
ELBOW_3D
  6
CONTINUOUS
 62
     5
 10
795.368
 20
-143.684
 30
388.968
 11
801.796
 21
-133.979
 31
395.396
 12
965.574
 22
-133.979
 32
231.617
 13
956.484
 23
-143.684
 33
227.852
  0
3DFACE
  8
ELBOW_3D
  6
CONTINUOUS
 62
     5
 10
956.484
 20
-143.684
 30
227.852
 11
965.574
 21
-133.979
 31
231.617
 12
965.574
 22
-133.979
 32
0.000
 13
956.484
 23
-143.684
 33
0.000
  0
3DFACE
  8
ELBOW_3D
  6
CONTINUOUS
 62
     5
 10
801.796
 20
-133.979
 30
395.396
 11
807.760
 21
-123.700
 31
401.360
 12
974.009
 22
-123.700
 32
235.112
 13
965.574
 23
-133.979
 33
231.617
  0
3DFACE
  8
ELBOW_3D
  6
CONTINUOUS
 62
     5
 10
965.574
 20
-133.979
 30
231.617
 11
974.009
 21
-123.700
 31
235.112
 12
974.009
 22
-123.700
 32
0.000
 13
965.574
 23
-133.979
 33
0.000
  0
3DFACE
  8
ELBOW_3D
  6
CONTINUOUS
 62
     5
 10
807.760
 20
-123.700
 30
401.360
 11
813.237
 21
-112.892
 31
406.837
 12
981.755
 22
-112.892
 32
238.320
 13
974.009
 23
-123.700
 33
235.112
  0
3DFACE
  8
ELBOW_3D
  6
CONTINUOUS
 62
     5
 10
974.009
 20
-123.700
 30
235.112
 11
981.755
 21
-112.892
 31
238.320
 12
981.755
 22
-112.892
 32
0.000
 13
974.009
 23
-123.700
 33
0.000
  0
3DFACE
  8
ELBOW_3D
  6
CONTINUOUS
 62
     5
 10
813.237
 20
-112.892
 30
406.837
 11
818.202
 21
-101.600
 31
411.802
 12
988.776
 22
-101.600
 32
241.228
 13
981.755
 23
-112.892
 33
238.320
  0
3DFACE
  8
ELBOW_3D
  6
CONTINUOUS
 62
     5
 10
981.755
 20
-112.892
 30
238.320
 11
988.776
 21
-101.600
 31
241.228
 12
988.776
 22
-101.600
 32
0.000
 13
981.755
 23
-112.892
 33
0.000
  0
3DFACE
  8
ELBOW_3D
  6
CONTINUOUS
 62
     5
 10
818.202
 20
-101.600
 30
411.802
 11
822.635
 21
-89.873
 31
416.235
 12
995.045
 22
-89.873
 32
243.825
 13
988.776
 23
-101.600
 33
241.228
  0
3DFACE
  8
ELBOW_3D
  6
CONTINUOUS
 62
     5
 10
988.776
 20
-101.600
 30
241.228
 11
995.045
 21
-89.873
 31
243.825
 12
995.045
 22
-89.873
 32
0.000
 13
988.776
 23
-101.600
 33
0.000
  0
3DFACE
  8
ELBOW_3D
  6
CONTINUOUS
 62
     5
 10
822.635
 20
-89.873
 30
416.235
 11
826.515
 21
-77.761
 31
420.115
 12
1000.532
 22
-77.761
 32
246.098
 13
995.045
 23
-89.873
 33
243.825
  0
3DFACE
  8
ELBOW_3D
  6
CONTINUOUS
 62
     5
 10
995.045
 20
-89.873
 30
243.825
 11
1000.532
 21
-77.761
 31
246.098
 12
1000.532
 22
-77.761
 32
0.000
 13
995.045
 23
-89.873
 33
0.000
  0
3DFACE
  8
ELBOW_3D
  6
CONTINUOUS
 62
     5
 10
826.515
 20
-77.761
 30
420.115
 11
829.827
 21
-65.316
 31
423.427
 12
1005.216
 22
-65.316
 32
248.038
 13
1000.532
 23
-77.761
 33
246.098
  0
3DFACE
  8
ELBOW_3D
  6
CONTINUOUS
 62
     5
 10
1000.532
 20
-77.761
 30
246.098
 11
1005.216
 21
-65.316
 31
248.038
 12
1005.216
 22
-65.316
 32
0.000
 13
1000.532
 23
-77.761
 33
0.000
  0
3DFACE
  8
ELBOW_3D
  6
CONTINUOUS
 62
     5
 10
829.827
 20
-65.316
 30
423.427
 11
832.556
 21
-52.592
 31
426.156
 12
1009.076
 22
-52.592
 32
249.637
 13
1005.216
 23
-65.316
 33
248.038
  0
3DFACE
  8
ELBOW_3D
  6
CONTINUOUS
 62
     5
 10
1005.216
 20
-65.316
 30
248.038
 11
1009.076
 21
-52.592
 31
249.637
 12
1009.076
 22
-52.592
 32
0.000
 13
1005.216
 23
-65.316
 33
0.000
  0
3DFACE
  8
ELBOW_3D
  6
CONTINUOUS
 62
     5
 10
832.556
 20
-52.592
 30
426.156
 11
834.691
 21
-39.642
 31
428.291
 12
1012.096
 22
-39.642
 32
250.887
 13
1009.076
 23
-52.592
 33
249.637
  0
3DFACE
  8
ELBOW_3D
  6
CONTINUOUS
 62
     5
 10
1009.076
 20
-52.592
 30
249.637
 11
1012.096
 21
-39.642
 31
250.887
 12
1012.096
 22
-39.642
 32
0.000
 13
1009.076
 23
-52.592
 33
0.000
  0
3DFACE
  8
ELBOW_3D
  6
CONTINUOUS
 62
     5
 10
834.691
 20
-39.642
 30
428.291
 11
836.223
 21
-26.523
 31
429.823
 12
1014.262
 22
-26.523
 32
251.785
 13
1012.096
 23
-39.642
 33
250.887
  0
3DFACE
  8
ELBOW_3D
  6
CONTINUOUS
 62
     5
 10
1012.096
 20
-39.642
 30
250.887
 11
1014.262
 21
-26.523
 31
251.785
 12
1014.262
 22
-26.523
 32
0.000
 13
1012.096
 23
-39.642
 33
0.000
  0
3DFACE
  8
ELBOW_3D
  6
CONTINUOUS
 62
     5
 10
836.223
 20
-26.523
 30
429.823
 11
837.145
 21
-13.290
 31
430.745
 12
1015.565
 22
-13.290
 32
252.324
 13
1014.262
 23
-26.523
 33
251.785
  0
3DFACE
  8
ELBOW_3D
  6
CONTINUOUS
 62
     5
 10
1014.262
 20
-26.523
 30
251.785
 11
1015.565
 21
-13.290
 31
252.324
 12
1015.565
 22
-13.290
 32
0.000
 13
1014.262
 23
-26.523
 33
0.000
  0
3DFACE
  8
ELBOW_3D
  6
CONTINUOUS
 62
     5
 10
837.145
 20
-13.290
 30
430.745
 11
837.452
 21
0.000
 31
431.052
 12
1016.000
 22
0.000
 32
252.505
 13
1015.565
 23
-13.290
 33
252.324
  0
3DFACE
  8
ELBOW_3D
  6
CONTINUOUS
 62
     5
 10
1015.565
 20
-13.290
 30
252.324
 11
1016.000
 21
0.000
 31
252.505
 12
1016.000
 22
0.000
 32
0.000
 13
1015.565
 23
-13.290
 33
0.000
  0
LINE
  8
ARC
  6
CONTINUOUS
 62
     6
 10
0.000
 20
0.000
 30
0.000
 11
0.490
 21
0.000
 31
19.941
  0
LINE
  8
ARC
  6
CONTINUOUS
 62
     6
 10
0.490
 20
0.000
 30
19.941
 11
1.957
 21
0.000
 31
39.834
  0
LINE
  8
ARC
  6
CONTINUOUS
 62
     6
 10
1.957
 20
0.000
 30
39.834
 11
4.399
 21
0.000
 31
59.631
  0
LINE
  8
ARC
  6
CONTINUOUS
 62
     6
 10
4.399
 20
0.000
 30
59.631
 11
7.809
 21
0.000
 31
79.285
  0
LINE
  8
ARC
  6
CONTINUOUS
 62
     6
 10
7.809
 20
0.000
 30
79.285
 11
12.179
 21
0.000
 31
98.747
  0
LINE
  8
ARC
  6
CONTINUOUS
 62
     6
 10
12.179
 20
0.000
 30
98.747
 11
17.499
 21
0.000
 31
117.972
  0
LINE
  8
ARC
  6
CONTINUOUS
 62
     6
 10
17.499
 20
0.000
 30
117.972
 11
23.756
 21
0.000
 31
136.912
  0
LINE
  8
ARC
  6
CONTINUOUS
 62
     6
 10
23.756
 20
0.000
 30
136.912
 11
30.935
 21
0.000
 31
155.523
  0
LINE
  8
ARC
  6
CONTINUOUS
 62
     6
 10
30.935
 20
0.000
 30
155.523
 11
39.019
 21
0.000
 31
173.758
  0
LINE
  8
ARC
  6
CONTINUOUS
 62
     6
 10
39.019
 20
0.000
 30
173.758
 11
47.987
 21
0.000
 31
191.576
  0
LINE
  8
ARC
  6
CONTINUOUS
 62
     6
 10
47.987
 20
0.000
 30
191.576
 11
57.819
 21
0.000
 31
208.931
  0
LINE
  8
ARC
  6
CONTINUOUS
 62
     6
 10
57.819
 20
0.000
 30
208.931
 11
68.491
 21
0.000
 31
225.784
  0
LINE
  8
ARC
  6
CONTINUOUS
 62
     6
 10
68.491
 20
0.000
 30
225.784
 11
79.976
 21
0.000
 31
242.092
  0
LINE
  8
ARC
  6
CONTINUOUS
 62
     6
 10
79.976
 20
0.000
 30
242.092
 11
92.249
 21
0.000
 31
257.817
  0
LINE
  8
ARC
  6
CONTINUOUS
 62
     6
 10
92.249
 20
0.000
 30
257.817
 11
105.277
 21
0.000
 31
272.922
  0
LINE
  8
ARC
  6
CONTINUOUS
 62
     6
 10
105.277
 20
0.000
 30
272.922
 11
119.032
 21
0.000
 31
287.368
  0
LINE
  8
ARC
  6
CONTINUOUS
 62
     6
 10
119.032
 20
0.000
 30
287.368
 11
133.478
 21
0.000
 31
301.123
  0
LINE
  8
ARC
  6
CONTINUOUS
 62
     6
 10
133.478
 20
0.000
 30
301.123
 11
148.583
 21
0.000
 31
314.151
  0
LINE
  8
ARC
  6
CONTINUOUS
 62
     6
 10
148.583
 20
0.000
 30
314.151
 11
164.308
 21
0.000
 31
326.424
  0
LINE
  8
ARC
  6
CONTINUOUS
 62
     6
 10
164.308
 20
0.000
 30
326.424
 11
180.616
 21
0.000
 31
337.909
  0
LINE
  8
ARC
  6
CONTINUOUS
 62
     6
 10
180.616
 20
0.000
 30
337.909
 11
197.469
 21
0.000
 31
348.581
  0
LINE
  8
ARC
  6
CONTINUOUS
 62
     6
 10
197.469
 20
0.000
 30
348.581
 11
214.824
 21
0.000
 31
358.413
  0
LINE
  8
ARC
  6
CONTINUOUS
 62
     6
 10
214.824
 20
0.000
 30
358.413
 11
232.642
 21
0.000
 31
367.381
  0
LINE
  8
ARC
  6
CONTINUOUS
 62
     6
 10
232.642
 20
0.000
 30
367.381
 11
250.877
 21
0.000
 31
375.465
  0
LINE
  8
ARC
  6
CONTINUOUS
 62
     6
 10
250.877
 20
0.000
 30
375.465
 11
269.488
 21
0.000
 31
382.644
  0
LINE
  8
ARC
  6
CONTINUOUS
 62
     6
 10
269.488
 20
0.000
 30
382.644
 11
288.428
 21
0.000
 31
388.901
  0
LINE
  8
ARC
  6
CONTINUOUS
 62
     6
 10
288.428
 20
0.000
 30
388.901
 11
307.653
 21
0.000
 31
394.221
  0
LINE
  8
ARC
  6
CONTINUOUS
 62
     6
 10
307.653
 20
0.000
 30
394.221
 11
327.115
 21
0.000
 31
398.591
  0
LINE
  8
ARC
  6
CONTINUOUS
 62
     6
 10
327.115
 20
0.000
 30
398.591
 11
346.769
 21
0.000
 31
402.001
  0
LINE
  8
ARC
  6
CONTINUOUS
 62
     6
 10
346.769
 20
0.000
 30
402.001
 11
366.566
 21
0.000
 31
404.443
  0
LINE
  8
ARC
  6
CONTINUOUS
 62
     6
 10
366.566
 20
0.000
 30
404.443
 11
386.459
 21
0.000
 31
405.910
  0
LINE
  8
ARC
  6
CONTINUOUS
 62
     6
 10
386.459
 20
0.000
 30
405.910
 11
406.400
 21
0.000
 31
406.400
  0
LINE
  8
ARC
  6
CONTINUOUS
 62
     6
 10
406.400
 20
0.000
 30
406.400
 11
426.341
 21
0.000
 31
405.910
  0
LINE
  8
ARC
  6
CONTINUOUS
 62
     6
 10
426.341
 20
0.000
 30
405.910
 11
446.234
 21
0.000
 31
404.443
  0
LINE
  8
ARC
  6
CONTINUOUS
 62
     6
 10
446.234
 20
0.000
 30
404.443
 11
466.031
 21
0.000
 31
402.001
  0
LINE
  8
ARC
  6
CONTINUOUS
 62
     6
 10
466.031
 20
0.000
 30
402.001
 11
485.685
 21
0.000
 31
398.591
  0
LINE
  8
ARC
  6
CONTINUOUS
 62
     6
 10
485.685
 20
0.000
 30
398.591
 11
505.147
 21
0.000
 31
394.221
  0
LINE
  8
ARC
  6
CONTINUOUS
 62
     6
 10
505.147
 20
0.000
 30
394.221
 11
524.372
 21
0.000
 31
388.901
  0
LINE
  8
ARC
  6
CONTINUOUS
 62
     6
 10
524.372
 20
0.000
 30
388.901
 11
543.312
 21
0.000
 31
382.644
  0
LINE
  8
ARC
  6
CONTINUOUS
 62
     6
 10
543.312
 20
0.000
 30
382.644
 11
561.923
 21
0.000
 31
375.465
  0
LINE
  8
ARC
  6
CONTINUOUS
 62
     6
 10
561.923
 20
0.000
 30
375.465
 11
580.158
 21
0.000
 31
367.381
  0
LINE
  8
ARC
  6
CONTINUOUS
 62
     6
 10
580.158
 20
0.000
 30
367.381
 11
597.976
 21
0.000
 31
358.413
  0
LINE
  8
ARC
  6
CONTINUOUS
 62
     6
 10
597.976
 20
0.000
 30
358.413
 11
615.331
 21
0.000
 31
348.581
  0
LINE
  8
ARC
  6
CONTINUOUS
 62
     6
 10
615.331
 20
0.000
 30
348.581
 11
632.184
 21
0.000
 31
337.909
  0
LINE
  8
ARC
  6
CONTINUOUS
 62
     6
 10
632.184
 20
0.000
 30
337.909
 11
648.492
 21
0.000
 31
326.424
  0
LINE
  8
ARC
  6
CONTINUOUS
 62
     6
 10
648.492
 20
0.000
 30
326.424
 11
664.217
 21
0.000
 31
314.151
  0
LINE
  8
ARC
  6
CONTINUOUS
 62
     6
 10
664.217
 20
0.000
 30
314.151
 11
679.322
 21
0.000
 31
301.123
  0
LINE
  8
ARC
  6
CONTINUOUS
 62
     6
 10
679.322
 20
0.000
 30
301.123
 11
693.768
 21
0.000
 31
287.368
  0
LINE
  8
ARC
  6
CONTINUOUS
 62
     6
 10
693.768
 20
0.000
 30
287.368
 11
707.523
 21
0.000
 31
272.922
  0
LINE
  8
ARC
  6
CONTINUOUS
 62
     6
 10
707.523
 20
0.000
 30
272.922
 11
720.551
 21
0.000
 31
257.817
  0
LINE
  8
ARC
  6
CONTINUOUS
 62
     6
 10
720.551
 20
0.000
 30
257.817
 11
732.824
 21
0.000
 31
242.092
  0
LINE
  8
ARC
  6
CONTINUOUS
 62
     6
 10
732.824
 20
0.000
 30
242.092
 11
744.309
 21
0.000
 31
225.784
  0
LINE
  8
ARC
  6
CONTINUOUS
 62
     6
 10
744.309
 20
0.000
 30
225.784
 11
754.981
 21
0.000
 31
208.931
  0
LINE
  8
ARC
  6
CONTINUOUS
 62
     6
 10
754.981
 20
0.000
 30
208.931
 11
764.813
 21
0.000
 31
191.576
  0
LINE
  8
ARC
  6
CONTINUOUS
 62
     6
 10
764.813
 20
0.000
 30
191.576
 11
773.781
 21
0.000
 31
173.758
  0
LINE
  8
ARC
  6
CONTINUOUS
 62
     6
 10
773.781
 20
0.000
 30
173.758
 11
781.865
 21
0.000
 31
155.523
  0
LINE
  8
ARC
  6
CONTINUOUS
 62
     6
 10
781.865
 20
0.000
 30
155.523
 11
789.044
 21
0.000
 31
136.912
  0
LINE
  8
ARC
  6
CONTINUOUS
 62
     6
 10
789.044
 20
0.000
 30
136.912
 11
795.301
 21
0.000
 31
117.972
  0
LINE
  8
ARC
  6
CONTINUOUS
 62
     6
 10
795.301
 20
0.000
 30
117.972
 11
800.621
 21
0.000
 31
98.747
  0
LINE
  8
ARC
  6
CONTINUOUS
 62
     6
 10
800.621
 20
0.000
 30
98.747
 11
804.991
 21
0.000
 31
79.285
  0
LINE
  8
ARC
  6
CONTINUOUS
 62
     6
 10
804.991
 20
0.000
 30
79.285
 11
808.401
 21
0.000
 31
59.631
  0
LINE
  8
ARC
  6
CONTINUOUS
 62
     6
 10
808.401
 20
0.000
 30
59.631
 11
810.843
 21
0.000
 31
39.834
  0
LINE
  8
ARC
  6
CONTINUOUS
 62
     6
 10
810.843
 20
0.000
 30
39.834
 11
812.310
 21
0.000
 31
19.941
  0
LINE
  8
ARC
  6
CONTINUOUS
 62
     6
 10
812.310
 20
0.000
 30
19.941
 11
812.800
 21
0.000
 31
0.000
  0
CIRCLE
  8
CONSTRUCTION
 62
     1
 10
406.400
 20
0.000
 30
0.000
 40
5.000
  0
LINE
  8
CONSTRUCTION
  6
CONTINUOUS
 62
     1
 10
0.000
 20
0.000
 30
0.000
 11
406.400
 21
0.000
 31
0.000
  0
CIRCLE
  8
POINTS
 62
     6
 10
0.000
 20
0.000
 30
0.000
 40
3.000
  0
LINE
  8
CONSTRUCTION
  6
DASHED
 62
     1
 10
406.400
 20
0.000
 30
0.000
 11
0.000
 21
0.000
 31
0.000
  0
CIRCLE
  8
POINTS
 62
     6
 10
30.935
 20
0.000
 30
155.523
 40
3.000
  0
LINE
  8
CONSTRUCTION
  6
DASHED
 62
     1
 10
406.400
 20
0.000
 30
0.000
 11
30.935
 21
0.000
 31
155.523
  0
CIRCLE
  8
POINTS
 62
     6
 10
119.032
 20
0.000
 30
287.368
 40
3.000
  0
LINE
  8
CONSTRUCTION
  6
DASHED
 62
     1
 10
406.400
 20
0.000
 30
0.000
 11
119.032
 21
0.000
 31
287.368
  0
CIRCLE
  8
POINTS
 62
     6
 10
250.877
 20
0.000
 30
375.465
 40
3.000
  0
LINE
  8
CONSTRUCTION
  6
DASHED
 62
     1
 10
406.400
 20
0.000
 30
0.000
 11
250.877
 21
0.000
 31
375.465
  0
CIRCLE
  8
POINTS
 62
     6
 10
406.400
 20
0.000
 30
406.400
 40
3.000
  0
LINE
  8
CONSTRUCTION
  6
DASHED
 62
     1
 10
406.400
 20
0.000
 30
0.000
 11
406.400
 21
0.000
 31
406.400
  0
CIRCLE
  8
POINTS
 62
     6
 10
561.923
 20
0.000
 30
375.465
 40
3.000
  0
LINE
  8
CONSTRUCTION
  6
DASHED
 62
     1
 10
406.400
 20
0.000
 30
0.000
 11
561.923
 21
0.000
 31
375.465
  0
CIRCLE
  8
POINTS
 62
     6
 10
693.768
 20
0.000
 30
287.368
 40
3.000
  0
LINE
  8
CONSTRUCTION
  6
DASHED
 62
     1
 10
406.400
 20
0.000
 30
0.000
 11
693.768
 21
0.000
 31
287.368
  0
CIRCLE
  8
POINTS
 62
     6
 10
781.865
 20
0.000
 30
155.523
 40
3.000
  0
LINE
  8
CONSTRUCTION
  6
DASHED
 62
     1
 10
406.400
 20
0.000
 30
0.000
 11
781.865
 21
0.000
 31
155.523
  0
CIRCLE
  8
POINTS
 62
     6
 10
812.800
 20
0.000
 30
0.000
 40
3.000
  0
LINE
  8
CONSTRUCTION
  6
DASHED
 62
     1
 10
406.400
 20
0.000
 30
0.000
 11
812.800
 21
0.000
 31
0.000
  0
TEXT
  8
DEV_TEXTE
 62
     4
 10
0.000
 20
-50.000
 30
0.000
 40
8.000
  1
Mitered Elbow DE406.4 Rm406.4 180deg 8sect - PipeCalculators.com
  0
TEXT
  8
DEV_TEXTE
 62
     4
 10
0.000
 20
-1146.695
 30
0.000
 40
7.000
  1
Sector 1 (Circle > Ellipse)
  0
TEXT
  8
DEV_TEXTE
 62
     4
 10
0.000
 20
-1156.695
 30
0.000
 40
4.000
  1
DE=406.4mm Rm=406.4mm Angle=180deg Sect=8 Gen=12
  0
LINE
  8
DEV_CONTOUR
  6
CONTINUOUS
 62
     4
 10
0.000
 20
-1419.200
 30
0.000
 11
3.547
 21
-1419.200
 31
0.000
  0
LINE
  8
DEV_CONTOUR
  6
CONTINUOUS
 62
     4
 10
3.547
 20
-1419.200
 30
0.000
 11
7.093
 21
-1419.200
 31
0.000
  0
LINE
  8
DEV_CONTOUR
  6
CONTINUOUS
 62
     4
 10
7.093
 20
-1419.200
 30
0.000
 11
10.640
 21
-1419.200
 31
0.000
  0
LINE
  8
DEV_CONTOUR
  6
CONTINUOUS
 62
     4
 10
10.640
 20
-1419.200
 30
0.000
 11
14.186
 21
-1419.200
 31
0.000
  0
LINE
  8
DEV_CONTOUR
  6
CONTINUOUS
 62
     4
 10
14.186
 20
-1419.200
 30
0.000
 11
17.733
 21
-1419.200
 31
0.000
  0
LINE
  8
DEV_CONTOUR
  6
CONTINUOUS
 62
     4
 10
17.733
 20
-1419.200
 30
0.000
 11
21.279
 21
-1419.200
 31
0.000
  0
LINE
  8
DEV_CONTOUR
  6
CONTINUOUS
 62
     4
 10
21.279
 20
-1419.200
 30
0.000
 11
24.826
 21
-1419.200
 31
0.000
  0
LINE
  8
DEV_CONTOUR
  6
CONTINUOUS
 62
     4
 10
24.826
 20
-1419.200
 30
0.000
 11
28.372
 21
-1419.200
 31
0.000
  0
LINE
  8
DEV_CONTOUR
  6
CONTINUOUS
 62
     4
 10
28.372
 20
-1419.200
 30
0.000
 11
31.919
 21
-1419.200
 31
0.000
  0
LINE
  8
DEV_CONTOUR
  6
CONTINUOUS
 62
     4
 10
31.919
 20
-1419.200
 30
0.000
 11
35.465
 21
-1419.200
 31
0.000
  0
LINE
  8
DEV_CONTOUR
  6
CONTINUOUS
 62
     4
 10
35.465
 20
-1419.200
 30
0.000
 11
39.012
 21
-1419.200
 31
0.000
  0
LINE
  8
DEV_CONTOUR
  6
CONTINUOUS
 62
     4
 10
39.012
 20
-1419.200
 30
0.000
 11
42.558
 21
-1419.200
 31
0.000
  0
LINE
  8
DEV_CONTOUR
  6
CONTINUOUS
 62
     4
 10
42.558
 20
-1419.200
 30
0.000
 11
46.105
 21
-1419.200
 31
0.000
  0
LINE
  8
DEV_CONTOUR
  6
CONTINUOUS
 62
     4
 10
46.105
 20
-1419.200
 30
0.000
 11
49.651
 21
-1419.200
 31
0.000
  0
LINE
  8
DEV_CONTOUR
  6
CONTINUOUS
 62
     4
 10
49.651
 20
-1419.200
 30
0.000
 11
53.198
 21
-1419.200
 31
0.000
  0
LINE
  8
DEV_CONTOUR
  6
CONTINUOUS
 62
     4
 10
53.198
 20
-1419.200
 30
0.000
 11
56.744
 21
-1419.200
 31
0.000
  0
LINE
  8
DEV_CONTOUR
  6
CONTINUOUS
 62
     4
 10
56.744
 20
-1419.200
 30
0.000
 11
60.291
 21
-1419.200
 31
0.000
  0
LINE
  8
DEV_CONTOUR
  6
CONTINUOUS
 62
     4
 10
60.291
 20
-1419.200
 30
0.000
 11
63.837
 21
-1419.200
 31
0.000
  0
LINE
  8
DEV_CONTOUR
  6
CONTINUOUS
 62
     4
 10
63.837
 20
-1419.200
 30
0.000
 11
67.384
 21
-1419.200
 31
0.000
  0
LINE
  8
DEV_CONTOUR
  6
CONTINUOUS
 62
     4
 10
67.384
 20
-1419.200
 30
0.000
 11
70.930
 21
-1419.200
 31
0.000
  0
LINE
  8
DEV_CONTOUR
  6
CONTINUOUS
 62
     4
 10
70.930
 20
-1419.200
 30
0.000
 11
74.477
 21
-1419.200
 31
0.000
  0
LINE
  8
DEV_CONTOUR
  6
CONTINUOUS
 62
     4
 10
74.477
 20
-1419.200
 30
0.000
 11
78.023
 21
-1419.200
 31
0.000
  0
LINE
  8
DEV_CONTOUR
  6
CONTINUOUS
 62
     4
 10
78.023
 20
-1419.200
 30
0.000
 11
81.570
 21
-1419.200
 31
0.000
  0
LINE
  8
DEV_CONTOUR
  6
CONTINUOUS
 62
     4
 10
81.570
 20
-1419.200
 30
0.000
 11
85.116
 21
-1419.200
 31
0.000
  0
LINE
  8
DEV_CONTOUR
  6
CONTINUOUS
 62
     4
 10
85.116
 20
-1419.200
 30
0.000
 11
88.663
 21
-1419.200
 31
0.000
  0
LINE
  8
DEV_CONTOUR
  6
CONTINUOUS
 62
     4
 10
88.663
 20
-1419.200
 30
0.000
 11
92.209
 21
-1419.200
 31
0.000
  0
LINE
  8
DEV_CONTOUR
  6
CONTINUOUS
 62
     4
 10
92.209
 20
-1419.200
 30
0.000
 11
95.756
 21
-1419.200
 31
0.000
  0
LINE
  8
DEV_CONTOUR
  6
CONTINUOUS
 62
     4
 10
95.756
 20
-1419.200
 30
0.000
 11
99.302
 21
-1419.200
 31
0.000
  0
LINE
  8
DEV_CONTOUR
  6
CONTINUOUS
 62
     4
 10
99.302
 20
-1419.200
 30
0.000
 11
102.849
 21
-1419.200
 31
0.000
  0
LINE
  8
DEV_CONTOUR
  6
CONTINUOUS
 62
     4
 10
102.849
 20
-1419.200
 30
0.000
 11
106.395
 21
-1419.200
 31
0.000
  0
LINE
  8
DEV_CONTOUR
  6
CONTINUOUS
 62
     4
 10
106.395
 20
-1419.200
 30
0.000
 11
109.942
 21
-1419.200
 31
0.000
  0
LINE
  8
DEV_CONTOUR
  6
CONTINUOUS
 62
     4
 10
109.942
 20
-1419.200
 30
0.000
 11
113.488
 21
-1419.200
 31
0.000
  0
LINE
  8
DEV_CONTOUR
  6
CONTINUOUS
 62
     4
 10
113.488
 20
-1419.200
 30
0.000
 11
117.035
 21
-1419.200
 31
0.000
  0
LINE
  8
DEV_CONTOUR
  6
CONTINUOUS
 62
     4
 10
117.035
 20
-1419.200
 30
0.000
 11
120.581
 21
-1419.200
 31
0.000
  0
LINE
  8
DEV_CONTOUR
  6
CONTINUOUS
 62
     4
 10
120.581
 20
-1419.200
 30
0.000
 11
124.128
 21
-1419.200
 31
0.000
  0
LINE
  8
DEV_CONTOUR
  6
CONTINUOUS
 62
     4
 10
124.128
 20
-1419.200
 30
0.000
 11
127.674
 21
-1419.200
 31
0.000
  0
LINE
  8
DEV_CONTOUR
  6
CONTINUOUS
 62
     4
 10
127.674
 20
-1419.200
 30
0.000
 11
131.221
 21
-1419.200
 31
0.000
  0
LINE
  8
DEV_CONTOUR
  6
CONTINUOUS
 62
     4
 10
131.221
 20
-1419.200
 30
0.000
 11
134.767
 21
-1419.200
 31
0.000
  0
LINE
  8
DEV_CONTOUR
  6
CONTINUOUS
 62
     4
 10
134.767
 20
-1419.200
 30
0.000
 11
138.314
 21
-1419.200
 31
0.000
  0
LINE
  8
DEV_CONTOUR
  6
CONTINUOUS
 62
     4
 10
138.314
 20
-1419.200
 30
0.000
 11
141.860
 21
-1419.200
 31
0.000
  0
LINE
  8
DEV_CONTOUR
  6
CONTINUOUS
 62
     4
 10
141.860
 20
-1419.200
 30
0.000
 11
145.407
 21
-1419.200
 31
0.000
  0
LINE
  8
DEV_CONTOUR
  6
CONTINUOUS
 62
     4
 10
145.407
 20
-1419.200
 30
0.000
 11
148.953
 21
-1419.200
 31
0.000
  0
LINE
  8
DEV_CONTOUR
  6
CONTINUOUS
 62
     4
 10
148.953
 20
-1419.200
 30
0.000
 11
152.500
 21
-1419.200
 31
0.000
  0
LINE
  8
DEV_CONTOUR
  6
CONTINUOUS
 62
     4
 10
152.500
 20
-1419.200
 30
0.000
 11
156.046
 21
-1419.200
 31
0.000
  0
LINE
  8
DEV_CONTOUR
  6
CONTINUOUS
 62
     4
 10
156.046
 20
-1419.200
 30
0.000
 11
159.593
 21
-1419.200
 31
0.000
  0
LINE
  8
DEV_CONTOUR
  6
CONTINUOUS
 62
     4
 10
159.593
 20
-1419.200
 30
0.000
 11
163.139
 21
-1419.200
 31
0.000
  0
LINE
  8
DEV_CONTOUR
  6
CONTINUOUS
 62
     4
 10
163.139
 20
-1419.200
 30
0.000
 11
166.686
 21
-1419.200
 31
0.000
  0
LINE
  8
DEV_CONTOUR
  6
CONTINUOUS
 62
     4
 10
166.686
 20
-1419.200
 30
0.000
 11
170.232
 21
-1419.200
 31
0.000
  0
LINE
  8
DEV_CONTOUR
  6
CONTINUOUS
 62
     4
 10
170.232
 20
-1419.200
 30
0.000
 11
173.779
 21
-1419.200
 31
0.000
  0
LINE
  8
DEV_CONTOUR
  6
CONTINUOUS
 62
     4
 10
173.779
 20
-1419.200
 30
0.000
 11
177.325
 21
-1419.200
 31
0.000
  0
LINE
  8
DEV_CONTOUR
  6
CONTINUOUS
 62
     4
 10
177.325
 20
-1419.200
 30
0.000
 11
180.872
 21
-1419.200
 31
0.000
  0
LINE
  8
DEV_CONTOUR
  6
CONTINUOUS
 62
     4
 10
180.872
 20
-1419.200
 30
0.000
 11
184.418
 21
-1419.200
 31
0.000
  0
LINE
  8
DEV_CONTOUR
  6
CONTINUOUS
 62
     4
 10
184.418
 20
-1419.200
 30
0.000
 11
187.965
 21
-1419.200
 31
0.000
  0
LINE
  8
DEV_CONTOUR
  6
CONTINUOUS
 62
     4
 10
187.965
 20
-1419.200
 30
0.000
 11
191.511
 21
-1419.200
 31
0.000
  0
LINE
  8
DEV_CONTOUR
  6
CONTINUOUS
 62
     4
 10
191.511
 20
-1419.200
 30
0.000
 11
195.058
 21
-1419.200
 31
0.000
  0
LINE
  8
DEV_CONTOUR
  6
CONTINUOUS
 62
     4
 10
195.058
 20
-1419.200
 30
0.000
 11
198.605
 21
-1419.200
 31
0.000
  0
LINE
  8
DEV_CONTOUR
  6
CONTINUOUS
 62
     4
 10
198.605
 20
-1419.200
 30
0.000
 11
202.151
 21
-1419.200
 31
0.000
  0
LINE
  8
DEV_CONTOUR
  6
CONTINUOUS
 62
     4
 10
202.151
 20
-1419.200
 30
0.000
 11
205.698
 21
-1419.200
 31
0.000
  0
LINE
  8
DEV_CONTOUR
  6
CONTINUOUS
 62
     4
 10
205.698
 20
-1419.200
 30
0.000
 11
209.244
 21
-1419.200
 31
0.000
  0
LINE
  8
DEV_CONTOUR
  6
CONTINUOUS
 62
     4
 10
209.244
 20
-1419.200
 30
0.000
 11
212.791
 21
-1419.200
 31
0.000
  0
LINE
  8
DEV_CONTOUR
  6
CONTINUOUS
 62
     4
 10
212.791
 20
-1419.200
 30
0.000
 11
216.337
 21
-1419.200
 31
0.000
  0
LINE
  8
DEV_CONTOUR
  6
CONTINUOUS
 62
     4
 10
216.337
 20
-1419.200
 30
0.000
 11
219.884
 21
-1419.200
 31
0.000
  0
LINE
  8
DEV_CONTOUR
  6
CONTINUOUS
 62
     4
 10
219.884
 20
-1419.200
 30
0.000
 11
223.430
 21
-1419.200
 31
0.000
  0
LINE
  8
DEV_CONTOUR
  6
CONTINUOUS
 62
     4
 10
223.430
 20
-1419.200
 30
0.000
 11
226.977
 21
-1419.200
 31
0.000
  0
LINE
  8
DEV_CONTOUR
  6
CONTINUOUS
 62
     4
 10
226.977
 20
-1419.200
 30
0.000
 11
230.523
 21
-1419.200
 31
0.000
  0
LINE
  8
DEV_CONTOUR
  6
CONTINUOUS
 62
     4
 10
230.523
 20
-1419.200
 30
0.000
 11
234.070
 21
-1419.200
 31
0.000
  0
LINE
  8
DEV_CONTOUR
  6
CONTINUOUS
 62
     4
 10
234.070
 20
-1419.200
 30
0.000
 11
237.616
 21
-1419.200
 31
0.000
  0
LINE
  8
DEV_CONTOUR
  6
CONTINUOUS
 62
     4
 10
237.616
 20
-1419.200
 30
0.000
 11
241.163
 21
-1419.200
 31
0.000
  0
LINE
  8
DEV_CONTOUR
  6
CONTINUOUS
 62
     4
 10
241.163
 20
-1419.200
 30
0.000
 11
244.709
 21
-1419.200
 31
0.000
  0
LINE
  8
DEV_CONTOUR
  6
CONTINUOUS
 62
     4
 10
244.709
 20
-1419.200
 30
0.000
 11
248.256
 21
-1419.200
 31
0.000
  0
LINE
  8
DEV_CONTOUR
  6
CONTINUOUS
 62
     4
 10
248.256
 20
-1419.200
 30
0.000
 11
251.802
 21
-1419.200
 31
0.000
  0
LINE
  8
DEV_CONTOUR
  6
CONTINUOUS
 62
     4
 10
251.802
 20
-1419.200
 30
0.000
 11
255.349
 21
-1419.200
 31
0.000
  0
LINE
  8
DEV_CONTOUR
  6
CONTINUOUS
 62
     4
 10
255.349
 20
-1419.200
 30
0.000
 11
258.895
 21
-1419.200
 31
0.000
  0
LINE
  8
DEV_CONTOUR
  6
CONTINUOUS
 62
     4
 10
258.895
 20
-1419.200
 30
0.000
 11
262.442
 21
-1419.200
 31
0.000
  0
LINE
  8
DEV_CONTOUR
  6
CONTINUOUS
 62
     4
 10
262.442
 20
-1419.200
 30
0.000
 11
265.988
 21
-1419.200
 31
0.000
  0
LINE
  8
DEV_CONTOUR
  6
CONTINUOUS
 62
     4
 10
265.988
 20
-1419.200
 30
0.000
 11
269.535
 21
-1419.200
 31
0.000
  0
LINE
  8
DEV_CONTOUR
  6
CONTINUOUS
 62
     4
 10
269.535
 20
-1419.200
 30
0.000
 11
273.081
 21
-1419.200
 31
0.000
  0
LINE
  8
DEV_CONTOUR
  6
CONTINUOUS
 62
     4
 10
273.081
 20
-1419.200
 30
0.000
 11
276.628
 21
-1419.200
 31
0.000
  0
LINE
  8
DEV_CONTOUR
  6
CONTINUOUS
 62
     4
 10
276.628
 20
-1419.200
 30
0.000
 11
280.174
 21
-1419.200
 31
0.000
  0
LINE
  8
DEV_CONTOUR
  6
CONTINUOUS
 62
     4
 10
280.174
 20
-1419.200
 30
0.000
 11
283.721
 21
-1419.200
 31
0.000
  0
LINE
  8
DEV_CONTOUR
  6
CONTINUOUS
 62
     4
 10
283.721
 20
-1419.200
 30
0.000
 11
287.267
 21
-1419.200
 31
0.000
  0
LINE
  8
DEV_CONTOUR
  6
CONTINUOUS
 62
     4
 10
287.267
 20
-1419.200
 30
0.000
 11
290.814
 21
-1419.200
 31
0.000
  0
LINE
  8
DEV_CONTOUR
  6
CONTINUOUS
 62
     4
 10
290.814
 20
-1419.200
 30
0.000
 11
294.360
 21
-1419.200
 31
0.000
  0
LINE
  8
DEV_CONTOUR
  6
CONTINUOUS
 62
     4
 10
294.360
 20
-1419.200
 30
0.000
 11
297.907
 21
-1419.200
 31
0.000
  0
LINE
  8
DEV_CONTOUR
  6
CONTINUOUS
 62
     4
 10
297.907
 20
-1419.200
 30
0.000
 11
301.453
 21
-1419.200
 31
0.000
  0
LINE
  8
DEV_CONTOUR
  6
CONTINUOUS
 62
     4
 10
301.453
 20
-1419.200
 30
0.000
 11
305.000
 21
-1419.200
 31
0.000
  0
LINE
  8
DEV_CONTOUR
  6
CONTINUOUS
 62
     4
 10
305.000
 20
-1419.200
 30
0.000
 11
308.546
 21
-1419.200
 31
0.000
  0
LINE
  8
DEV_CONTOUR
  6
CONTINUOUS
 62
     4
 10
308.546
 20
-1419.200
 30
0.000
 11
312.093
 21
-1419.200
 31
0.000
  0
LINE
  8
DEV_CONTOUR
  6
CONTINUOUS
 62
     4
 10
312.093
 20
-1419.200
 30
0.000
 11
315.639
 21
-1419.200
 31
0.000
  0
LINE
  8
DEV_CONTOUR
  6
CONTINUOUS
 62
     4
 10
315.639
 20
-1419.200
 30
0.000
 11
319.186
 21
-1419.200
 31
0.000
  0
LINE
  8
DEV_CONTOUR
  6
CONTINUOUS
 62
     4
 10
319.186
 20
-1419.200
 30
0.000
 11
322.732
 21
-1419.200
 31
0.000
  0
LINE
  8
DEV_CONTOUR
  6
CONTINUOUS
 62
     4
 10
322.732
 20
-1419.200
 30
0.000
 11
326.279
 21
-1419.200
 31
0.000
  0
LINE
  8
DEV_CONTOUR
  6
CONTINUOUS
 62
     4
 10
326.279
 20
-1419.200
 30
0.000
 11
329.825
 21
-1419.200
 31
0.000
  0
LINE
  8
DEV_CONTOUR
  6
CONTINUOUS
 62
     4
 10
329.825
 20
-1419.200
 30
0.000
 11
333.372
 21
-1419.200
 31
0.000
  0
LINE
  8
DEV_CONTOUR
  6
CONTINUOUS
 62
     4
 10
333.372
 20
-1419.200
 30
0.000
 11
336.918
 21
-1419.200
 31
0.000
  0
LINE
  8
DEV_CONTOUR
  6
CONTINUOUS
 62
     4
 10
336.918
 20
-1419.200
 30
0.000
 11
340.465
 21
-1419.200
 31
0.000
  0
LINE
  8
DEV_CONTOUR
  6
CONTINUOUS
 62
     4
 10
340.465
 20
-1419.200
 30
0.000
 11
344.011
 21
-1419.200
 31
0.000
  0
LINE
  8
DEV_CONTOUR
  6
CONTINUOUS
 62
     4
 10
344.011
 20
-1419.200
 30
0.000
 11
347.558
 21
-1419.200
 31
0.000
  0
LINE
  8
DEV_CONTOUR
  6
CONTINUOUS
 62
     4
 10
347.558
 20
-1419.200
 30
0.000
 11
351.104
 21
-1419.200
 31
0.000
  0
LINE
  8
DEV_CONTOUR
  6
CONTINUOUS
 62
     4
 10
351.104
 20
-1419.200
 30
0.000
 11
354.651
 21
-1419.200
 31
0.000
  0
LINE
  8
DEV_CONTOUR
  6
CONTINUOUS
 62
     4
 10
354.651
 20
-1419.200
 30
0.000
 11
358.197
 21
-1419.200
 31
0.000
  0
LINE
  8
DEV_CONTOUR
  6
CONTINUOUS
 62
     4
 10
358.197
 20
-1419.200
 30
0.000
 11
361.744
 21
-1419.200
 31
0.000
  0
LINE
  8
DEV_CONTOUR
  6
CONTINUOUS
 62
     4
 10
361.744
 20
-1419.200
 30
0.000
 11
365.290
 21
-1419.200
 31
0.000
  0
LINE
  8
DEV_CONTOUR
  6
CONTINUOUS
 62
     4
 10
365.290
 20
-1419.200
 30
0.000
 11
368.837
 21
-1419.200
 31
0.000
  0
LINE
  8
DEV_CONTOUR
  6
CONTINUOUS
 62
     4
 10
368.837
 20
-1419.200
 30
0.000
 11
372.383
 21
-1419.200
 31
0.000
  0
LINE
  8
DEV_CONTOUR
  6
CONTINUOUS
 62
     4
 10
372.383
 20
-1419.200
 30
0.000
 11
375.930
 21
-1419.200
 31
0.000
  0
LINE
  8
DEV_CONTOUR
  6
CONTINUOUS
 62
     4
 10
375.930
 20
-1419.200
 30
0.000
 11
379.476
 21
-1419.200
 31
0.000
  0
LINE
  8
DEV_CONTOUR
  6
CONTINUOUS
 62
     4
 10
379.476
 20
-1419.200
 30
0.000
 11
383.023
 21
-1419.200
 31
0.000
  0
LINE
  8
DEV_CONTOUR
  6
CONTINUOUS
 62
     4
 10
383.023
 20
-1419.200
 30
0.000
 11
386.569
 21
-1419.200
 31
0.000
  0
LINE
  8
DEV_CONTOUR
  6
CONTINUOUS
 62
     4
 10
386.569
 20
-1419.200
 30
0.000
 11
390.116
 21
-1419.200
 31
0.000
  0
LINE
  8
DEV_CONTOUR
  6
CONTINUOUS
 62
     4
 10
390.116
 20
-1419.200
 30
0.000
 11
393.663
 21
-1419.200
 31
0.000
  0
LINE
  8
DEV_CONTOUR
  6
CONTINUOUS
 62
     4
 10
393.663
 20
-1419.200
 30
0.000
 11
397.209
 21
-1419.200
 31
0.000
  0
LINE
  8
DEV_CONTOUR
  6
CONTINUOUS
 62
     4
 10
397.209
 20
-1419.200
 30
0.000
 11
400.756
 21
-1419.200
 31
0.000
  0
LINE
  8
DEV_CONTOUR
  6
CONTINUOUS
 62
     4
 10
400.756
 20
-1419.200
 30
0.000
 11
404.302
 21
-1419.200
 31
0.000
  0
LINE
  8
DEV_CONTOUR
  6
CONTINUOUS
 62
     4
 10
404.302
 20
-1419.200
 30
0.000
 11
407.849
 21
-1419.200
 31
0.000
  0
LINE
  8
DEV_CONTOUR
  6
CONTINUOUS
 62
     4
 10
407.849
 20
-1419.200
 30
0.000
 11
411.395
 21
-1419.200
 31
0.000
  0
LINE
  8
DEV_CONTOUR
  6
CONTINUOUS
 62
     4
 10
411.395
 20
-1419.200
 30
0.000
 11
414.942
 21
-1419.200
 31
0.000
  0
LINE
  8
DEV_CONTOUR
  6
CONTINUOUS
 62
     4
 10
414.942
 20
-1419.200
 30
0.000
 11
418.488
 21
-1419.200
 31
0.000
  0
LINE
  8
DEV_CONTOUR
  6
CONTINUOUS
 62
     4
 10
418.488
 20
-1419.200
 30
0.000
 11
422.035
 21
-1419.200
 31
0.000
  0
LINE
  8
DEV_CONTOUR
  6
CONTINUOUS
 62
     4
 10
422.035
 20
-1419.200
 30
0.000
 11
425.581
 21
-1419.200
 31
0.000
  0
LINE
  8
DEV_CONTOUR
  6
CONTINUOUS
 62
     4
 10
425.581
 20
-1419.200
 30
0.000
 11
429.128
 21
-1419.200
 31
0.000
  0
LINE
  8
DEV_CONTOUR
  6
CONTINUOUS
 62
     4
 10
429.128
 20
-1419.200
 30
0.000
 11
432.674
 21
-1419.200
 31
0.000
  0
LINE
  8
DEV_CONTOUR
  6
CONTINUOUS
 62
     4
 10
432.674
 20
-1419.200
 30
0.000
 11
436.221
 21
-1419.200
 31
0.000
  0
LINE
  8
DEV_CONTOUR
  6
CONTINUOUS
 62
     4
 10
436.221
 20
-1419.200
 30
0.000
 11
439.767
 21
-1419.200
 31
0.000
  0
LINE
  8
DEV_CONTOUR
  6
CONTINUOUS
 62
     4
 10
439.767
 20
-1419.200
 30
0.000
 11
443.314
 21
-1419.200
 31
0.000
  0
LINE
  8
DEV_CONTOUR
  6
CONTINUOUS
 62
     4
 10
443.314
 20
-1419.200
 30
0.000
 11
446.860
 21
-1419.200
 31
0.000
  0
LINE
  8
DEV_CONTOUR
  6
CONTINUOUS
 62
     4
 10
446.860
 20
-1419.200
 30
0.000
 11
450.407
 21
-1419.200
 31
0.000
  0
LINE
  8
DEV_CONTOUR
  6
CONTINUOUS
 62
     4
 10
450.407
 20
-1419.200
 30
0.000
 11
453.953
 21
-1419.200
 31
0.000
  0
LINE
  8
DEV_CONTOUR
  6
CONTINUOUS
 62
     4
 10
453.953
 20
-1419.200
 30
0.000
 11
457.500
 21
-1419.200
 31
0.000
  0
LINE
  8
DEV_CONTOUR
  6
CONTINUOUS
 62
     4
 10
457.500
 20
-1419.200
 30
0.000
 11
461.046
 21
-1419.200
 31
0.000
  0
LINE
  8
DEV_CONTOUR
  6
CONTINUOUS
 62
     4
 10
461.046
 20
-1419.200
 30
0.000
 11
464.593
 21
-1419.200
 31
0.000
  0
LINE
  8
DEV_CONTOUR
  6
CONTINUOUS
 62
     4
 10
464.593
 20
-1419.200
 30
0.000
 11
468.139
 21
-1419.200
 31
0.000
  0
LINE
  8
DEV_CONTOUR
  6
CONTINUOUS
 62
     4
 10
468.139
 20
-1419.200
 30
0.000
 11
471.686
 21
-1419.200
 31
0.000
  0
LINE
  8
DEV_CONTOUR
  6
CONTINUOUS
 62
     4
 10
471.686
 20
-1419.200
 30
0.000
 11
475.232
 21
-1419.200
 31
0.000
  0
LINE
  8
DEV_CONTOUR
  6
CONTINUOUS
 62
     4
 10
475.232
 20
-1419.200
 30
0.000
 11
478.779
 21
-1419.200
 31
0.000
  0
LINE
  8
DEV_CONTOUR
  6
CONTINUOUS
 62
     4
 10
478.779
 20
-1419.200
 30
0.000
 11
482.325
 21
-1419.200
 31
0.000
  0
LINE
  8
DEV_CONTOUR
  6
CONTINUOUS
 62
     4
 10
482.325
 20
-1419.200
 30
0.000
 11
485.872
 21
-1419.200
 31
0.000
  0
LINE
  8
DEV_CONTOUR
  6
CONTINUOUS
 62
     4
 10
485.872
 20
-1419.200
 30
0.000
 11
489.418
 21
-1419.200
 31
0.000
  0
LINE
  8
DEV_CONTOUR
  6
CONTINUOUS
 62
     4
 10
489.418
 20
-1419.200
 30
0.000
 11
492.965
 21
-1419.200
 31
0.000
  0
LINE
  8
DEV_CONTOUR
  6
CONTINUOUS
 62
     4
 10
492.965
 20
-1419.200
 30
0.000
 11
496.511
 21
-1419.200
 31
0.000
  0
LINE
  8
DEV_CONTOUR
  6
CONTINUOUS
 62
     4
 10
496.511
 20
-1419.200
 30
0.000
 11
500.058
 21
-1419.200
 31
0.000
  0
LINE
  8
DEV_CONTOUR
  6
CONTINUOUS
 62
     4
 10
500.058
 20
-1419.200
 30
0.000
 11
503.604
 21
-1419.200
 31
0.000
  0
LINE
  8
DEV_CONTOUR
  6
CONTINUOUS
 62
     4
 10
503.604
 20
-1419.200
 30
0.000
 11
507.151
 21
-1419.200
 31
0.000
  0
LINE
  8
DEV_CONTOUR
  6
CONTINUOUS
 62
     4
 10
507.151
 20
-1419.200
 30
0.000
 11
510.697
 21
-1419.200
 31
0.000
  0
LINE
  8
DEV_CONTOUR
  6
CONTINUOUS
 62
     4
 10
510.697
 20
-1419.200
 30
0.000
 11
514.244
 21
-1419.200
 31
0.000
  0
LINE
  8
DEV_CONTOUR
  6
CONTINUOUS
 62
     4
 10
514.244
 20
-1419.200
 30
0.000
 11
517.790
 21
-1419.200
 31
0.000
  0
LINE
  8
DEV_CONTOUR
  6
CONTINUOUS
 62
     4
 10
517.790
 20
-1419.200
 30
0.000
 11
521.337
 21
-1419.200
 31
0.000
  0
LINE
  8
DEV_CONTOUR
  6
CONTINUOUS
 62
     4
 10
521.337
 20
-1419.200
 30
0.000
 11
524.883
 21
-1419.200
 31
0.000
  0
LINE
  8
DEV_CONTOUR
  6
CONTINUOUS
 62
     4
 10
524.883
 20
-1419.200
 30
0.000
 11
528.430
 21
-1419.200
 31
0.000
  0
LINE
  8
DEV_CONTOUR
  6
CONTINUOUS
 62
     4
 10
528.430
 20
-1419.200
 30
0.000
 11
531.976
 21
-1419.200
 31
0.000
  0
LINE
  8
DEV_CONTOUR
  6
CONTINUOUS
 62
     4
 10
531.976
 20
-1419.200
 30
0.000
 11
535.523
 21
-1419.200
 31
0.000
  0
LINE
  8
DEV_CONTOUR
  6
CONTINUOUS
 62
     4
 10
535.523
 20
-1419.200
 30
0.000
 11
539.069
 21
-1419.200
 31
0.000
  0
LINE
  8
DEV_CONTOUR
  6
CONTINUOUS
 62
     4
 10
539.069
 20
-1419.200
 30
0.000
 11
542.616
 21
-1419.200
 31
0.000
  0
LINE
  8
DEV_CONTOUR
  6
CONTINUOUS
 62
     4
 10
542.616
 20
-1419.200
 30
0.000
 11
546.162
 21
-1419.200
 31
0.000
  0
LINE
  8
DEV_CONTOUR
  6
CONTINUOUS
 62
     4
 10
546.162
 20
-1419.200
 30
0.000
 11
549.709
 21
-1419.200
 31
0.000
  0
LINE
  8
DEV_CONTOUR
  6
CONTINUOUS
 62
     4
 10
549.709
 20
-1419.200
 30
0.000
 11
553.255
 21
-1419.200
 31
0.000
  0
LINE
  8
DEV_CONTOUR
  6
CONTINUOUS
 62
     4
 10
553.255
 20
-1419.200
 30
0.000
 11
556.802
 21
-1419.200
 31
0.000
  0
LINE
  8
DEV_CONTOUR
  6
CONTINUOUS
 62
     4
 10
556.802
 20
-1419.200
 30
0.000
 11
560.348
 21
-1419.200
 31
0.000
  0
LINE
  8
DEV_CONTOUR
  6
CONTINUOUS
 62
     4
 10
560.348
 20
-1419.200
 30
0.000
 11
563.895
 21
-1419.200
 31
0.000
  0
LINE
  8
DEV_CONTOUR
  6
CONTINUOUS
 62
     4
 10
563.895
 20
-1419.200
 30
0.000
 11
567.441
 21
-1419.200
 31
0.000
  0
LINE
  8
DEV_CONTOUR
  6
CONTINUOUS
 62
     4
 10
567.441
 20
-1419.200
 30
0.000
 11
570.988
 21
-1419.200
 31
0.000
  0
LINE
  8
DEV_CONTOUR
  6
CONTINUOUS
 62
     4
 10
570.988
 20
-1419.200
 30
0.000
 11
574.534
 21
-1419.200
 31
0.000
  0
LINE
  8
DEV_CONTOUR
  6
CONTINUOUS
 62
     4
 10
574.534
 20
-1419.200
 30
0.000
 11
578.081
 21
-1419.200
 31
0.000
  0
LINE
  8
DEV_CONTOUR
  6
CONTINUOUS
 62
     4
 10
578.081
 20
-1419.200
 30
0.000
 11
581.627
 21
-1419.200
 31
0.000
  0
LINE
  8
DEV_CONTOUR
  6
CONTINUOUS
 62
     4
 10
581.627
 20
-1419.200
 30
0.000
 11
585.174
 21
-1419.200
 31
0.000
  0
LINE
  8
DEV_CONTOUR
  6
CONTINUOUS
 62
     4
 10
585.174
 20
-1419.200
 30
0.000
 11
588.721
 21
-1419.200
 31
0.000
  0
LINE
  8
DEV_CONTOUR
  6
CONTINUOUS
 62
     4
 10
588.721
 20
-1419.200
 30
0.000
 11
592.267
 21
-1419.200
 31
0.000
  0
LINE
  8
DEV_CONTOUR
  6
CONTINUOUS
 62
     4
 10
592.267
 20
-1419.200
 30
0.000
 11
595.814
 21
-1419.200
 31
0.000
  0
LINE
  8
DEV_CONTOUR
  6
CONTINUOUS
 62
     4
 10
595.814
 20
-1419.200
 30
0.000
 11
599.360
 21
-1419.200
 31
0.000
  0
LINE
  8
DEV_CONTOUR
  6
CONTINUOUS
 62
     4
 10
599.360
 20
-1419.200
 30
0.000
 11
602.907
 21
-1419.200
 31
0.000
  0
LINE
  8
DEV_CONTOUR
  6
CONTINUOUS
 62
     4
 10
602.907
 20
-1419.200
 30
0.000
 11
606.453
 21
-1419.200
 31
0.000
  0
LINE
  8
DEV_CONTOUR
  6
CONTINUOUS
 62
     4
 10
606.453
 20
-1419.200
 30
0.000
 11
610.000
 21
-1419.200
 31
0.000
  0
LINE
  8
DEV_CONTOUR
  6
CONTINUOUS
 62
     4
 10
610.000
 20
-1419.200
 30
0.000
 11
613.546
 21
-1419.200
 31
0.000
  0
LINE
  8
DEV_CONTOUR
  6
CONTINUOUS
 62
     4
 10
613.546
 20
-1419.200
 30
0.000
 11
617.093
 21
-1419.200
 31
0.000
  0
LINE
  8
DEV_CONTOUR
  6
CONTINUOUS
 62
     4
 10
617.093
 20
-1419.200
 30
0.000
 11
620.639
 21
-1419.200
 31
0.000
  0
LINE
  8
DEV_CONTOUR
  6
CONTINUOUS
 62
     4
 10
620.639
 20
-1419.200
 30
0.000
 11
624.186
 21
-1419.200
 31
0.000
  0
LINE
  8
DEV_CONTOUR
  6
CONTINUOUS
 62
     4
 10
624.186
 20
-1419.200
 30
0.000
 11
627.732
 21
-1419.200
 31
0.000
  0
LINE
  8
DEV_CONTOUR
  6
CONTINUOUS
 62
     4
 10
627.732
 20
-1419.200
 30
0.000
 11
631.279
 21
-1419.200
 31
0.000
  0
LINE
  8
DEV_CONTOUR
  6
CONTINUOUS
 62
     4
 10
631.279
 20
-1419.200
 30
0.000
 11
634.825
 21
-1419.200
 31
0.000
  0
LINE
  8
DEV_CONTOUR
  6
CONTINUOUS
 62
     4
 10
634.825
 20
-1419.200
 30
0.000
 11
638.372
 21
-1419.200
 31
0.000
  0
LINE
  8
DEV_CONTOUR
  6
CONTINUOUS
 62
     4
 10
638.372
 20
-1419.200
 30
0.000
 11
641.918
 21
-1419.200
 31
0.000
  0
LINE
  8
DEV_CONTOUR
  6
CONTINUOUS
 62
     4
 10
641.918
 20
-1419.200
 30
0.000
 11
645.465
 21
-1419.200
 31
0.000
  0
LINE
  8
DEV_CONTOUR
  6
CONTINUOUS
 62
     4
 10
645.465
 20
-1419.200
 30
0.000
 11
649.011
 21
-1419.200
 31
0.000
  0
LINE
  8
DEV_CONTOUR
  6
CONTINUOUS
 62
     4
 10
649.011
 20
-1419.200
 30
0.000
 11
652.558
 21
-1419.200
 31
0.000
  0
LINE
  8
DEV_CONTOUR
  6
CONTINUOUS
 62
     4
 10
652.558
 20
-1419.200
 30
0.000
 11
656.104
 21
-1419.200
 31
0.000
  0
LINE
  8
DEV_CONTOUR
  6
CONTINUOUS
 62
     4
 10
656.104
 20
-1419.200
 30
0.000
 11
659.651
 21
-1419.200
 31
0.000
  0
LINE
  8
DEV_CONTOUR
  6
CONTINUOUS
 62
     4
 10
659.651
 20
-1419.200
 30
0.000
 11
663.197
 21
-1419.200
 31
0.000
  0
LINE
  8
DEV_CONTOUR
  6
CONTINUOUS
 62
     4
 10
663.197
 20
-1419.200
 30
0.000
 11
666.744
 21
-1419.200
 31
0.000
  0
LINE
  8
DEV_CONTOUR
  6
CONTINUOUS
 62
     4
 10
666.744
 20
-1419.200
 30
0.000
 11
670.290
 21
-1419.200
 31
0.000
  0
LINE
  8
DEV_CONTOUR
  6
CONTINUOUS
 62
     4
 10
670.290
 20
-1419.200
 30
0.000
 11
673.837
 21
-1419.200
 31
0.000
  0
LINE
  8
DEV_CONTOUR
  6
CONTINUOUS
 62
     4
 10
673.837
 20
-1419.200
 30
0.000
 11
677.383
 21
-1419.200
 31
0.000
  0
LINE
  8
DEV_CONTOUR
  6
CONTINUOUS
 62
     4
 10
677.383
 20
-1419.200
 30
0.000
 11
680.930
 21
-1419.200
 31
0.000
  0
LINE
  8
DEV_CONTOUR
  6
CONTINUOUS
 62
     4
 10
680.930
 20
-1419.200
 30
0.000
 11
684.476
 21
-1419.200
 31
0.000
  0
LINE
  8
DEV_CONTOUR
  6
CONTINUOUS
 62
     4
 10
684.476
 20
-1419.200
 30
0.000
 11
688.023
 21
-1419.200
 31
0.000
  0
LINE
  8
DEV_CONTOUR
  6
CONTINUOUS
 62
     4
 10
688.023
 20
-1419.200
 30
0.000
 11
691.569
 21
-1419.200
 31
0.000
  0
LINE
  8
DEV_CONTOUR
  6
CONTINUOUS
 62
     4
 10
691.569
 20
-1419.200
 30
0.000
 11
695.116
 21
-1419.200
 31
0.000
  0
LINE
  8
DEV_CONTOUR
  6
CONTINUOUS
 62
     4
 10
695.116
 20
-1419.200
 30
0.000
 11
698.662
 21
-1419.200
 31
0.000
  0
LINE
  8
DEV_CONTOUR
  6
CONTINUOUS
 62
     4
 10
698.662
 20
-1419.200
 30
0.000
 11
702.209
 21
-1419.200
 31
0.000
  0
LINE
  8
DEV_CONTOUR
  6
CONTINUOUS
 62
     4
 10
702.209
 20
-1419.200
 30
0.000
 11
705.755
 21
-1419.200
 31
0.000
  0
LINE
  8
DEV_CONTOUR
  6
CONTINUOUS
 62
     4
 10
705.755
 20
-1419.200
 30
0.000
 11
709.302
 21
-1419.200
 31
0.000
  0
LINE
  8
DEV_CONTOUR
  6
CONTINUOUS
 62
     4
 10
709.302
 20
-1419.200
 30
0.000
 11
712.848
 21
-1419.200
 31
0.000
  0
LINE
  8
DEV_CONTOUR
  6
CONTINUOUS
 62
     4
 10
712.848
 20
-1419.200
 30
0.000
 11
716.395
 21
-1419.200
 31
0.000
  0
LINE
  8
DEV_CONTOUR
  6
CONTINUOUS
 62
     4
 10
716.395
 20
-1419.200
 30
0.000
 11
719.941
 21
-1419.200
 31
0.000
  0
LINE
  8
DEV_CONTOUR
  6
CONTINUOUS
 62
     4
 10
719.941
 20
-1419.200
 30
0.000
 11
723.488
 21
-1419.200
 31
0.000
  0
LINE
  8
DEV_CONTOUR
  6
CONTINUOUS
 62
     4
 10
723.488
 20
-1419.200
 30
0.000
 11
727.034
 21
-1419.200
 31
0.000
  0
LINE
  8
DEV_CONTOUR
  6
CONTINUOUS
 62
     4
 10
727.034
 20
-1419.200
 30
0.000
 11
730.581
 21
-1419.200
 31
0.000
  0
LINE
  8
DEV_CONTOUR
  6
CONTINUOUS
 62
     4
 10
730.581
 20
-1419.200
 30
0.000
 11
734.127
 21
-1419.200
 31
0.000
  0
LINE
  8
DEV_CONTOUR
  6
CONTINUOUS
 62
     4
 10
734.127
 20
-1419.200
 30
0.000
 11
737.674
 21
-1419.200
 31
0.000
  0
LINE
  8
DEV_CONTOUR
  6
CONTINUOUS
 62
     4
 10
737.674
 20
-1419.200
 30
0.000
 11
741.220
 21
-1419.200
 31
0.000
  0
LINE
  8
DEV_CONTOUR
  6
CONTINUOUS
 62
     4
 10
741.220
 20
-1419.200
 30
0.000
 11
744.767
 21
-1419.200
 31
0.000
  0
LINE
  8
DEV_CONTOUR
  6
CONTINUOUS
 62
     4
 10
744.767
 20
-1419.200
 30
0.000
 11
748.313
 21
-1419.200
 31
0.000
  0
LINE
  8
DEV_CONTOUR
  6
CONTINUOUS
 62
     4
 10
748.313
 20
-1419.200
 30
0.000
 11
751.860
 21
-1419.200
 31
0.000
  0
LINE
  8
DEV_CONTOUR
  6
CONTINUOUS
 62
     4
 10
751.860
 20
-1419.200
 30
0.000
 11
755.406
 21
-1419.200
 31
0.000
  0
LINE
  8
DEV_CONTOUR
  6
CONTINUOUS
 62
     4
 10
755.406
 20
-1419.200
 30
0.000
 11
758.953
 21
-1419.200
 31
0.000
  0
LINE
  8
DEV_CONTOUR
  6
CONTINUOUS
 62
     4
 10
758.953
 20
-1419.200
 30
0.000
 11
762.499
 21
-1419.200
 31
0.000
  0
LINE
  8
DEV_CONTOUR
  6
CONTINUOUS
 62
     4
 10
762.499
 20
-1419.200
 30
0.000
 11
766.046
 21
-1419.200
 31
0.000
  0
LINE
  8
DEV_CONTOUR
  6
CONTINUOUS
 62
     4
 10
766.046
 20
-1419.200
 30
0.000
 11
769.592
 21
-1419.200
 31
0.000
  0
LINE
  8
DEV_CONTOUR
  6
CONTINUOUS
 62
     4
 10
769.592
 20
-1419.200
 30
0.000
 11
773.139
 21
-1419.200
 31
0.000
  0
LINE
  8
DEV_CONTOUR
  6
CONTINUOUS
 62
     4
 10
773.139
 20
-1419.200
 30
0.000
 11
776.685
 21
-1419.200
 31
0.000
  0
LINE
  8
DEV_CONTOUR
  6
CONTINUOUS
 62
     4
 10
776.685
 20
-1419.200
 30
0.000
 11
780.232
 21
-1419.200
 31
0.000
  0
LINE
  8
DEV_CONTOUR
  6
CONTINUOUS
 62
     4
 10
780.232
 20
-1419.200
 30
0.000
 11
783.778
 21
-1419.200
 31
0.000
  0
LINE
  8
DEV_CONTOUR
  6
CONTINUOUS
 62
     4
 10
783.778
 20
-1419.200
 30
0.000
 11
787.325
 21
-1419.200
 31
0.000
  0
LINE
  8
DEV_CONTOUR
  6
CONTINUOUS
 62
     4
 10
787.325
 20
-1419.200
 30
0.000
 11
790.872
 21
-1419.200
 31
0.000
  0
LINE
  8
DEV_CONTOUR
  6
CONTINUOUS
 62
     4
 10
790.872
 20
-1419.200
 30
0.000
 11
794.418
 21
-1419.200
 31
0.000
  0
LINE
  8
DEV_CONTOUR
  6
CONTINUOUS
 62
     4
 10
794.418
 20
-1419.200
 30
0.000
 11
797.965
 21
-1419.200
 31
0.000
  0
LINE
  8
DEV_CONTOUR
  6
CONTINUOUS
 62
     4
 10
797.965
 20
-1419.200
 30
0.000
 11
801.511
 21
-1419.200
 31
0.000
  0
LINE
  8
DEV_CONTOUR
  6
CONTINUOUS
 62
     4
 10
801.511
 20
-1419.200
 30
0.000
 11
805.058
 21
-1419.200
 31
0.000
  0
LINE
  8
DEV_CONTOUR
  6
CONTINUOUS
 62
     4
 10
805.058
 20
-1419.200
 30
0.000
 11
808.604
 21
-1419.200
 31
0.000
  0
LINE
  8
DEV_CONTOUR
  6
CONTINUOUS
 62
     4
 10
808.604
 20
-1419.200
 30
0.000
 11
812.151
 21
-1419.200
 31
0.000
  0
LINE
  8
DEV_CONTOUR
  6
CONTINUOUS
 62
     4
 10
812.151
 20
-1419.200
 30
0.000
 11
815.697
 21
-1419.200
 31
0.000
  0
LINE
  8
DEV_CONTOUR
  6
CONTINUOUS
 62
     4
 10
815.697
 20
-1419.200
 30
0.000
 11
819.244
 21
-1419.200
 31
0.000
  0
LINE
  8
DEV_CONTOUR
  6
CONTINUOUS
 62
     4
 10
819.244
 20
-1419.200
 30
0.000
 11
822.790
 21
-1419.200
 31
0.000
  0
LINE
  8
DEV_CONTOUR
  6
CONTINUOUS
 62
     4
 10
822.790
 20
-1419.200
 30
0.000
 11
826.337
 21
-1419.200
 31
0.000
  0
LINE
  8
DEV_CONTOUR
  6
CONTINUOUS
 62
     4
 10
826.337
 20
-1419.200
 30
0.000
 11
829.883
 21
-1419.200
 31
0.000
  0
LINE
  8
DEV_CONTOUR
  6
CONTINUOUS
 62
     4
 10
829.883
 20
-1419.200
 30
0.000
 11
833.430
 21
-1419.200
 31
0.000
  0
LINE
  8
DEV_CONTOUR
  6
CONTINUOUS
 62
     4
 10
833.430
 20
-1419.200
 30
0.000
 11
836.976
 21
-1419.200
 31
0.000
  0
LINE
  8
DEV_CONTOUR
  6
CONTINUOUS
 62
     4
 10
836.976
 20
-1419.200
 30
0.000
 11
840.523
 21
-1419.200
 31
0.000
  0
LINE
  8
DEV_CONTOUR
  6
CONTINUOUS
 62
     4
 10
840.523
 20
-1419.200
 30
0.000
 11
844.069
 21
-1419.200
 31
0.000
  0
LINE
  8
DEV_CONTOUR
  6
CONTINUOUS
 62
     4
 10
844.069
 20
-1419.200
 30
0.000
 11
847.616
 21
-1419.200
 31
0.000
  0
LINE
  8
DEV_CONTOUR
  6
CONTINUOUS
 62
     4
 10
847.616
 20
-1419.200
 30
0.000
 11
851.162
 21
-1419.200
 31
0.000
  0
LINE
  8
DEV_CONTOUR
  6
CONTINUOUS
 62
     4
 10
851.162
 20
-1419.200
 30
0.000
 11
854.709
 21
-1419.200
 31
0.000
  0
LINE
  8
DEV_CONTOUR
  6
CONTINUOUS
 62
     4
 10
854.709
 20
-1419.200
 30
0.000
 11
858.255
 21
-1419.200
 31
0.000
  0
LINE
  8
DEV_CONTOUR
  6
CONTINUOUS
 62
     4
 10
858.255
 20
-1419.200
 30
0.000
 11
861.802
 21
-1419.200
 31
0.000
  0
LINE
  8
DEV_CONTOUR
  6
CONTINUOUS
 62
     4
 10
861.802
 20
-1419.200
 30
0.000
 11
865.348
 21
-1419.200
 31
0.000
  0
LINE
  8
DEV_CONTOUR
  6
CONTINUOUS
 62
     4
 10
865.348
 20
-1419.200
 30
0.000
 11
868.895
 21
-1419.200
 31
0.000
  0
LINE
  8
DEV_CONTOUR
  6
CONTINUOUS
 62
     4
 10
868.895
 20
-1419.200
 30
0.000
 11
872.441
 21
-1419.200
 31
0.000
  0
LINE
  8
DEV_CONTOUR
  6
CONTINUOUS
 62
     4
 10
872.441
 20
-1419.200
 30
0.000
 11
875.988
 21
-1419.200
 31
0.000
  0
LINE
  8
DEV_CONTOUR
  6
CONTINUOUS
 62
     4
 10
875.988
 20
-1419.200
 30
0.000
 11
879.534
 21
-1419.200
 31
0.000
  0
LINE
  8
DEV_CONTOUR
  6
CONTINUOUS
 62
     4
 10
879.534
 20
-1419.200
 30
0.000
 11
883.081
 21
-1419.200
 31
0.000
  0
LINE
  8
DEV_CONTOUR
  6
CONTINUOUS
 62
     4
 10
883.081
 20
-1419.200
 30
0.000
 11
886.627
 21
-1419.200
 31
0.000
  0
LINE
  8
DEV_CONTOUR
  6
CONTINUOUS
 62
     4
 10
886.627
 20
-1419.200
 30
0.000
 11
890.174
 21
-1419.200
 31
0.000
  0
LINE
  8
DEV_CONTOUR
  6
CONTINUOUS
 62
     4
 10
890.174
 20
-1419.200
 30
0.000
 11
893.720
 21
-1419.200
 31
0.000
  0
LINE
  8
DEV_CONTOUR
  6
CONTINUOUS
 62
     4
 10
893.720
 20
-1419.200
 30
0.000
 11
897.267
 21
-1419.200
 31
0.000
  0
LINE
  8
DEV_CONTOUR
  6
CONTINUOUS
 62
     4
 10
897.267
 20
-1419.200
 30
0.000
 11
900.813
 21
-1419.200
 31
0.000
  0
LINE
  8
DEV_CONTOUR
  6
CONTINUOUS
 62
     4
 10
900.813
 20
-1419.200
 30
0.000
 11
904.360
 21
-1419.200
 31
0.000
  0
LINE
  8
DEV_CONTOUR
  6
CONTINUOUS
 62
     4
 10
904.360
 20
-1419.200
 30
0.000
 11
907.906
 21
-1419.200
 31
0.000
  0
LINE
  8
DEV_CONTOUR
  6
CONTINUOUS
 62
     4
 10
907.906
 20
-1419.200
 30
0.000
 11
911.453
 21
-1419.200
 31
0.000
  0
LINE
  8
DEV_CONTOUR
  6
CONTINUOUS
 62
     4
 10
911.453
 20
-1419.200
 30
0.000
 11
914.999
 21
-1419.200
 31
0.000
  0
LINE
  8
DEV_CONTOUR
  6
CONTINUOUS
 62
     4
 10
914.999
 20
-1419.200
 30
0.000
 11
918.546
 21
-1419.200
 31
0.000
  0
LINE
  8
DEV_CONTOUR
  6
CONTINUOUS
 62
     4
 10
918.546
 20
-1419.200
 30
0.000
 11
922.092
 21
-1419.200
 31
0.000
  0
LINE
  8
DEV_CONTOUR
  6
CONTINUOUS
 62
     4
 10
922.092
 20
-1419.200
 30
0.000
 11
925.639
 21
-1419.200
 31
0.000
  0
LINE
  8
DEV_CONTOUR
  6
CONTINUOUS
 62
     4
 10
925.639
 20
-1419.200
 30
0.000
 11
929.185
 21
-1419.200
 31
0.000
  0
LINE
  8
DEV_CONTOUR
  6
CONTINUOUS
 62
     4
 10
929.185
 20
-1419.200
 30
0.000
 11
932.732
 21
-1419.200
 31
0.000
  0
LINE
  8
DEV_CONTOUR
  6
CONTINUOUS
 62
     4
 10
932.732
 20
-1419.200
 30
0.000
 11
936.278
 21
-1419.200
 31
0.000
  0
LINE
  8
DEV_CONTOUR
  6
CONTINUOUS
 62
     4
 10
936.278
 20
-1419.200
 30
0.000
 11
939.825
 21
-1419.200
 31
0.000
  0
LINE
  8
DEV_CONTOUR
  6
CONTINUOUS
 62
     4
 10
939.825
 20
-1419.200
 30
0.000
 11
943.371
 21
-1419.200
 31
0.000
  0
LINE
  8
DEV_CONTOUR
  6
CONTINUOUS
 62
     4
 10
943.371
 20
-1419.200
 30
0.000
 11
946.918
 21
-1419.200
 31
0.000
  0
LINE
  8
DEV_CONTOUR
  6
CONTINUOUS
 62
     4
 10
946.918
 20
-1419.200
 30
0.000
 11
950.464
 21
-1419.200
 31
0.000
  0
LINE
  8
DEV_CONTOUR
  6
CONTINUOUS
 62
     4
 10
950.464
 20
-1419.200
 30
0.000
 11
954.011
 21
-1419.200
 31
0.000
  0
LINE
  8
DEV_CONTOUR
  6
CONTINUOUS
 62
     4
 10
954.011
 20
-1419.200
 30
0.000
 11
957.557
 21
-1419.200
 31
0.000
  0
LINE
  8
DEV_CONTOUR
  6
CONTINUOUS
 62
     4
 10
957.557
 20
-1419.200
 30
0.000
 11
961.104
 21
-1419.200
 31
0.000
  0
LINE
  8
DEV_CONTOUR
  6
CONTINUOUS
 62
     4
 10
961.104
 20
-1419.200
 30
0.000
 11
964.650
 21
-1419.200
 31
0.000
  0
LINE
  8
DEV_CONTOUR
  6
CONTINUOUS
 62
     4
 10
964.650
 20
-1419.200
 30
0.000
 11
968.197
 21
-1419.200
 31
0.000
  0
LINE
  8
DEV_CONTOUR
  6
CONTINUOUS
 62
     4
 10
968.197
 20
-1419.200
 30
0.000
 11
971.743
 21
-1419.200
 31
0.000
  0
LINE
  8
DEV_CONTOUR
  6
CONTINUOUS
 62
     4
 10
971.743
 20
-1419.200
 30
0.000
 11
975.290
 21
-1419.200
 31
0.000
  0
LINE
  8
DEV_CONTOUR
  6
CONTINUOUS
 62
     4
 10
975.290
 20
-1419.200
 30
0.000
 11
978.836
 21
-1419.200
 31
0.000
  0
LINE
  8
DEV_CONTOUR
  6
CONTINUOUS
 62
     4
 10
978.836
 20
-1419.200
 30
0.000
 11
982.383
 21
-1419.200
 31
0.000
  0
LINE
  8
DEV_CONTOUR
  6
CONTINUOUS
 62
     4
 10
982.383
 20
-1419.200
 30
0.000
 11
985.930
 21
-1419.200
 31
0.000
  0
LINE
  8
DEV_CONTOUR
  6
CONTINUOUS
 62
     4
 10
985.930
 20
-1419.200
 30
0.000
 11
989.476
 21
-1419.200
 31
0.000
  0
LINE
  8
DEV_CONTOUR
  6
CONTINUOUS
 62
     4
 10
989.476
 20
-1419.200
 30
0.000
 11
993.023
 21
-1419.200
 31
0.000
  0
LINE
  8
DEV_CONTOUR
  6
CONTINUOUS
 62
     4
 10
993.023
 20
-1419.200
 30
0.000
 11
996.569
 21
-1419.200
 31
0.000
  0
LINE
  8
DEV_CONTOUR
  6
CONTINUOUS
 62
     4
 10
996.569
 20
-1419.200
 30
0.000
 11
1000.116
 21
-1419.200
 31
0.000
  0
LINE
  8
DEV_CONTOUR
  6
CONTINUOUS
 62
     4
 10
1000.116
 20
-1419.200
 30
0.000
 11
1003.662
 21
-1419.200
 31
0.000
  0
LINE
  8
DEV_CONTOUR
  6
CONTINUOUS
 62
     4
 10
1003.662
 20
-1419.200
 30
0.000
 11
1007.209
 21
-1419.200
 31
0.000
  0
LINE
  8
DEV_CONTOUR
  6
CONTINUOUS
 62
     4
 10
1007.209
 20
-1419.200
 30
0.000
 11
1010.755
 21
-1419.200
 31
0.000
  0
LINE
  8
DEV_CONTOUR
  6
CONTINUOUS
 62
     4
 10
1010.755
 20
-1419.200
 30
0.000
 11
1014.302
 21
-1419.200
 31
0.000
  0
LINE
  8
DEV_CONTOUR
  6
CONTINUOUS
 62
     4
 10
1014.302
 20
-1419.200
 30
0.000
 11
1017.848
 21
-1419.200
 31
0.000
  0
LINE
  8
DEV_CONTOUR
  6
CONTINUOUS
 62
     4
 10
1017.848
 20
-1419.200
 30
0.000
 11
1021.395
 21
-1419.200
 31
0.000
  0
LINE
  8
DEV_CONTOUR
  6
CONTINUOUS
 62
     4
 10
1021.395
 20
-1419.200
 30
0.000
 11
1024.941
 21
-1419.200
 31
0.000
  0
LINE
  8
DEV_CONTOUR
  6
CONTINUOUS
 62
     4
 10
1024.941
 20
-1419.200
 30
0.000
 11
1028.488
 21
-1419.200
 31
0.000
  0
LINE
  8
DEV_CONTOUR
  6
CONTINUOUS
 62
     4
 10
1028.488
 20
-1419.200
 30
0.000
 11
1032.034
 21
-1419.200
 31
0.000
  0
LINE
  8
DEV_CONTOUR
  6
CONTINUOUS
 62
     4
 10
1032.034
 20
-1419.200
 30
0.000
 11
1035.581
 21
-1419.200
 31
0.000
  0
LINE
  8
DEV_CONTOUR
  6
CONTINUOUS
 62
     4
 10
1035.581
 20
-1419.200
 30
0.000
 11
1039.127
 21
-1419.200
 31
0.000
  0
LINE
  8
DEV_CONTOUR
  6
CONTINUOUS
 62
     4
 10
1039.127
 20
-1419.200
 30
0.000
 11
1042.674
 21
-1419.200
 31
0.000
  0
LINE
  8
DEV_CONTOUR
  6
CONTINUOUS
 62
     4
 10
1042.674
 20
-1419.200
 30
0.000
 11
1046.220
 21
-1419.200
 31
0.000
  0
LINE
  8
DEV_CONTOUR
  6
CONTINUOUS
 62
     4
 10
1046.220
 20
-1419.200
 30
0.000
 11
1049.767
 21
-1419.200
 31
0.000
  0
LINE
  8
DEV_CONTOUR
  6
CONTINUOUS
 62
     4
 10
1049.767
 20
-1419.200
 30
0.000
 11
1053.313
 21
-1419.200
 31
0.000
  0
LINE
  8
DEV_CONTOUR
  6
CONTINUOUS
 62
     4
 10
1053.313
 20
-1419.200
 30
0.000
 11
1056.860
 21
-1419.200
 31
0.000
  0
LINE
  8
DEV_CONTOUR
  6
CONTINUOUS
 62
     4
 10
1056.860
 20
-1419.200
 30
0.000
 11
1060.406
 21
-1419.200
 31
0.000
  0
LINE
  8
DEV_CONTOUR
  6
CONTINUOUS
 62
     4
 10
1060.406
 20
-1419.200
 30
0.000
 11
1063.953
 21
-1419.200
 31
0.000
  0
LINE
  8
DEV_CONTOUR
  6
CONTINUOUS
 62
     4
 10
1063.953
 20
-1419.200
 30
0.000
 11
1067.499
 21
-1419.200
 31
0.000
  0
LINE
  8
DEV_CONTOUR
  6
CONTINUOUS
 62
     4
 10
1067.499
 20
-1419.200
 30
0.000
 11
1071.046
 21
-1419.200
 31
0.000
  0
LINE
  8
DEV_CONTOUR
  6
CONTINUOUS
 62
     4
 10
1071.046
 20
-1419.200
 30
0.000
 11
1074.592
 21
-1419.200
 31
0.000
  0
LINE
  8
DEV_CONTOUR
  6
CONTINUOUS
 62
     4
 10
1074.592
 20
-1419.200
 30
0.000
 11
1078.139
 21
-1419.200
 31
0.000
  0
LINE
  8
DEV_CONTOUR
  6
CONTINUOUS
 62
     4
 10
1078.139
 20
-1419.200
 30
0.000
 11
1081.685
 21
-1419.200
 31
0.000
  0
LINE
  8
DEV_CONTOUR
  6
CONTINUOUS
 62
     4
 10
1081.685
 20
-1419.200
 30
0.000
 11
1085.232
 21
-1419.200
 31
0.000
  0
LINE
  8
DEV_CONTOUR
  6
CONTINUOUS
 62
     4
 10
1085.232
 20
-1419.200
 30
0.000
 11
1088.778
 21
-1419.200
 31
0.000
  0
LINE
  8
DEV_CONTOUR
  6
CONTINUOUS
 62
     4
 10
1088.778
 20
-1419.200
 30
0.000
 11
1092.325
 21
-1419.200
 31
0.000
  0
LINE
  8
DEV_CONTOUR
  6
CONTINUOUS
 62
     4
 10
1092.325
 20
-1419.200
 30
0.000
 11
1095.871
 21
-1419.200
 31
0.000
  0
LINE
  8
DEV_CONTOUR
  6
CONTINUOUS
 62
     4
 10
1095.871
 20
-1419.200
 30
0.000
 11
1099.418
 21
-1419.200
 31
0.000
  0
LINE
  8
DEV_CONTOUR
  6
CONTINUOUS
 62
     4
 10
1099.418
 20
-1419.200
 30
0.000
 11
1102.964
 21
-1419.200
 31
0.000
  0
LINE
  8
DEV_CONTOUR
  6
CONTINUOUS
 62
     4
 10
1102.964
 20
-1419.200
 30
0.000
 11
1106.511
 21
-1419.200
 31
0.000
  0
LINE
  8
DEV_CONTOUR
  6
CONTINUOUS
 62
     4
 10
1106.511
 20
-1419.200
 30
0.000
 11
1110.057
 21
-1419.200
 31
0.000
  0
LINE
  8
DEV_CONTOUR
  6
CONTINUOUS
 62
     4
 10
1110.057
 20
-1419.200
 30
0.000
 11
1113.604
 21
-1419.200
 31
0.000
  0
LINE
  8
DEV_CONTOUR
  6
CONTINUOUS
 62
     4
 10
1113.604
 20
-1419.200
 30
0.000
 11
1117.150
 21
-1419.200
 31
0.000
  0
LINE
  8
DEV_CONTOUR
  6
CONTINUOUS
 62
     4
 10
1117.150
 20
-1419.200
 30
0.000
 11
1120.697
 21
-1419.200
 31
0.000
  0
LINE
  8
DEV_CONTOUR
  6
CONTINUOUS
 62
     4
 10
1120.697
 20
-1419.200
 30
0.000
 11
1124.243
 21
-1419.200
 31
0.000
  0
LINE
  8
DEV_CONTOUR
  6
CONTINUOUS
 62
     4
 10
1124.243
 20
-1419.200
 30
0.000
 11
1127.790
 21
-1419.200
 31
0.000
  0
LINE
  8
DEV_CONTOUR
  6
CONTINUOUS
 62
     4
 10
1127.790
 20
-1419.200
 30
0.000
 11
1131.336
 21
-1419.200
 31
0.000
  0
LINE
  8
DEV_CONTOUR
  6
CONTINUOUS
 62
     4
 10
1131.336
 20
-1419.200
 30
0.000
 11
1134.883
 21
-1419.200
 31
0.000
  0
LINE
  8
DEV_CONTOUR
  6
CONTINUOUS
 62
     4
 10
1134.883
 20
-1419.200
 30
0.000
 11
1138.429
 21
-1419.200
 31
0.000
  0
LINE
  8
DEV_CONTOUR
  6
CONTINUOUS
 62
     4
 10
1138.429
 20
-1419.200
 30
0.000
 11
1141.976
 21
-1419.200
 31
0.000
  0
LINE
  8
DEV_CONTOUR
  6
CONTINUOUS
 62
     4
 10
1141.976
 20
-1419.200
 30
0.000
 11
1145.522
 21
-1419.200
 31
0.000
  0
LINE
  8
DEV_CONTOUR
  6
CONTINUOUS
 62
     4
 10
1145.522
 20
-1419.200
 30
0.000
 11
1149.069
 21
-1419.200
 31
0.000
  0
LINE
  8
DEV_CONTOUR
  6
CONTINUOUS
 62
     4
 10
1149.069
 20
-1419.200
 30
0.000
 11
1152.615
 21
-1419.200
 31
0.000
  0
LINE
  8
DEV_CONTOUR
  6
CONTINUOUS
 62
     4
 10
1152.615
 20
-1419.200
 30
0.000
 11
1156.162
 21
-1419.200
 31
0.000
  0
LINE
  8
DEV_CONTOUR
  6
CONTINUOUS
 62
     4
 10
1156.162
 20
-1419.200
 30
0.000
 11
1159.708
 21
-1419.200
 31
0.000
  0
LINE
  8
DEV_CONTOUR
  6
CONTINUOUS
 62
     4
 10
1159.708
 20
-1419.200
 30
0.000
 11
1163.255
 21
-1419.200
 31
0.000
  0
LINE
  8
DEV_CONTOUR
  6
CONTINUOUS
 62
     4
 10
1163.255
 20
-1419.200
 30
0.000
 11
1166.801
 21
-1419.200
 31
0.000
  0
LINE
  8
DEV_CONTOUR
  6
CONTINUOUS
 62
     4
 10
1166.801
 20
-1419.200
 30
0.000
 11
1170.348
 21
-1419.200
 31
0.000
  0
LINE
  8
DEV_CONTOUR
  6
CONTINUOUS
 62
     4
 10
1170.348
 20
-1419.200
 30
0.000
 11
1173.894
 21
-1419.200
 31
0.000
  0
LINE
  8
DEV_CONTOUR
  6
CONTINUOUS
 62
     4
 10
1173.894
 20
-1419.200
 30
0.000
 11
1177.441
 21
-1419.200
 31
0.000
  0
LINE
  8
DEV_CONTOUR
  6
CONTINUOUS
 62
     4
 10
1177.441
 20
-1419.200
 30
0.000
 11
1180.988
 21
-1419.200
 31
0.000
  0
LINE
  8
DEV_CONTOUR
  6
CONTINUOUS
 62
     4
 10
1180.988
 20
-1419.200
 30
0.000
 11
1184.534
 21
-1419.200
 31
0.000
  0
LINE
  8
DEV_CONTOUR
  6
CONTINUOUS
 62
     4
 10
1184.534
 20
-1419.200
 30
0.000
 11
1188.081
 21
-1419.200
 31
0.000
  0
LINE
  8
DEV_CONTOUR
  6
CONTINUOUS
 62
     4
 10
1188.081
 20
-1419.200
 30
0.000
 11
1191.627
 21
-1419.200
 31
0.000
  0
LINE
  8
DEV_CONTOUR
  6
CONTINUOUS
 62
     4
 10
1191.627
 20
-1419.200
 30
0.000
 11
1195.174
 21
-1419.200
 31
0.000
  0
LINE
  8
DEV_CONTOUR
  6
CONTINUOUS
 62
     4
 10
1195.174
 20
-1419.200
 30
0.000
 11
1198.720
 21
-1419.200
 31
0.000
  0
LINE
  8
DEV_CONTOUR
  6
CONTINUOUS
 62
     4
 10
1198.720
 20
-1419.200
 30
0.000
 11
1202.267
 21
-1419.200
 31
0.000
  0
LINE
  8
DEV_CONTOUR
  6
CONTINUOUS
 62
     4
 10
1202.267
 20
-1419.200
 30
0.000
 11
1205.813
 21
-1419.200
 31
0.000
  0
LINE
  8
DEV_CONTOUR
  6
CONTINUOUS
 62
     4
 10
1205.813
 20
-1419.200
 30
0.000
 11
1209.360
 21
-1419.200
 31
0.000
  0
LINE
  8
DEV_CONTOUR
  6
CONTINUOUS
 62
     4
 10
1209.360
 20
-1419.200
 30
0.000
 11
1212.906
 21
-1419.200
 31
0.000
  0
LINE
  8
DEV_CONTOUR
  6
CONTINUOUS
 62
     4
 10
1212.906
 20
-1419.200
 30
0.000
 11
1216.453
 21
-1419.200
 31
0.000
  0
LINE
  8
DEV_CONTOUR
  6
CONTINUOUS
 62
     4
 10
1216.453
 20
-1419.200
 30
0.000
 11
1219.999
 21
-1419.200
 31
0.000
  0
LINE
  8
DEV_CONTOUR
  6
CONTINUOUS
 62
     4
 10
1219.999
 20
-1419.200
 30
0.000
 11
1223.546
 21
-1419.200
 31
0.000
  0
LINE
  8
DEV_CONTOUR
  6
CONTINUOUS
 62
     4
 10
1223.546
 20
-1419.200
 30
0.000
 11
1227.092
 21
-1419.200
 31
0.000
  0
LINE
  8
DEV_CONTOUR
  6
CONTINUOUS
 62
     4
 10
1227.092
 20
-1419.200
 30
0.000
 11
1230.639
 21
-1419.200
 31
0.000
  0
LINE
  8
DEV_CONTOUR
  6
CONTINUOUS
 62
     4
 10
1230.639
 20
-1419.200
 30
0.000
 11
1234.185
 21
-1419.200
 31
0.000
  0
LINE
  8
DEV_CONTOUR
  6
CONTINUOUS
 62
     4
 10
1234.185
 20
-1419.200
 30
0.000
 11
1237.732
 21
-1419.200
 31
0.000
  0
LINE
  8
DEV_CONTOUR
  6
CONTINUOUS
 62
     4
 10
1237.732
 20
-1419.200
 30
0.000
 11
1241.278
 21
-1419.200
 31
0.000
  0
LINE
  8
DEV_CONTOUR
  6
CONTINUOUS
 62
     4
 10
1241.278
 20
-1419.200
 30
0.000
 11
1244.825
 21
-1419.200
 31
0.000
  0
LINE
  8
DEV_CONTOUR
  6
CONTINUOUS
 62
     4
 10
1244.825
 20
-1419.200
 30
0.000
 11
1248.371
 21
-1419.200
 31
0.000
  0
LINE
  8
DEV_CONTOUR
  6
CONTINUOUS
 62
     4
 10
1248.371
 20
-1419.200
 30
0.000
 11
1251.918
 21
-1419.200
 31
0.000
  0
LINE
  8
DEV_CONTOUR
  6
CONTINUOUS
 62
     4
 10
1251.918
 20
-1419.200
 30
0.000
 11
1255.464
 21
-1419.200
 31
0.000
  0
LINE
  8
DEV_CONTOUR
  6
CONTINUOUS
 62
     4
 10
1255.464
 20
-1419.200
 30
0.000
 11
1259.011
 21
-1419.200
 31
0.000
  0
LINE
  8
DEV_CONTOUR
  6
CONTINUOUS
 62
     4
 10
1259.011
 20
-1419.200
 30
0.000
 11
1262.557
 21
-1419.200
 31
0.000
  0
LINE
  8
DEV_CONTOUR
  6
CONTINUOUS
 62
     4
 10
1262.557
 20
-1419.200
 30
0.000
 11
1266.104
 21
-1419.200
 31
0.000
  0
LINE
  8
DEV_CONTOUR
  6
CONTINUOUS
 62
     4
 10
1266.104
 20
-1419.200
 30
0.000
 11
1269.650
 21
-1419.200
 31
0.000
  0
LINE
  8
DEV_CONTOUR
  6
CONTINUOUS
 62
     4
 10
1269.650
 20
-1419.200
 30
0.000
 11
1273.197
 21
-1419.200
 31
0.000
  0
LINE
  8
DEV_CONTOUR
  6
CONTINUOUS
 62
     4
 10
1273.197
 20
-1419.200
 30
0.000
 11
1276.743
 21
-1419.200
 31
0.000
  0
LINE
  8
DEV_CONTOUR
  6
CONTINUOUS
 62
     3
 10
0.000
 20
-1335.032
 30
0.000
 11
3.547
 21
-1335.019
 31
0.000
  0
LINE
  8
DEV_CONTOUR
  6
CONTINUOUS
 62
     3
 10
3.547
 20
-1335.019
 30
0.000
 11
7.093
 21
-1334.981
 31
0.000
  0
LINE
  8
DEV_CONTOUR
  6
CONTINUOUS
 62
     3
 10
7.093
 20
-1334.981
 30
0.000
 11
10.640
 21
-1334.916
 31
0.000
  0
LINE
  8
DEV_CONTOUR
  6
CONTINUOUS
 62
     3
 10
10.640
 20
-1334.916
 30
0.000
 11
14.186
 21
-1334.827
 31
0.000
  0
LINE
  8
DEV_CONTOUR
  6
CONTINUOUS
 62
     3
 10
14.186
 20
-1334.827
 30
0.000
 11
17.733
 21
-1334.712
 31
0.000
  0
LINE
  8
DEV_CONTOUR
  6
CONTINUOUS
 62
     3
 10
17.733
 20
-1334.712
 30
0.000
 11
21.279
 21
-1334.571
 31
0.000
  0
LINE
  8
DEV_CONTOUR
  6
CONTINUOUS
 62
     3
 10
21.279
 20
-1334.571
 30
0.000
 11
24.826
 21
-1334.404
 31
0.000
  0
LINE
  8
DEV_CONTOUR
  6
CONTINUOUS
 62
     3
 10
24.826
 20
-1334.404
 30
0.000
 11
28.372
 21
-1334.213
 31
0.000
  0
LINE
  8
DEV_CONTOUR
  6
CONTINUOUS
 62
     3
 10
28.372
 20
-1334.213
 30
0.000
 11
31.919
 21
-1333.996
 31
0.000
  0
LINE
  8
DEV_CONTOUR
  6
CONTINUOUS
 62
     3
 10
31.919
 20
-1333.996
 30
0.000
 11
35.465
 21
-1333.753
 31
0.000
  0
LINE
  8
DEV_CONTOUR
  6
CONTINUOUS
 62
     3
 10
35.465
 20
-1333.753
 30
0.000
 11
39.012
 21
-1333.485
 31
0.000
  0
LINE
  8
DEV_CONTOUR
  6
CONTINUOUS
 62
     3
 10
39.012
 20
-1333.485
 30
0.000
 11
42.558
 21
-1333.193
 31
0.000
  0
LINE
  8
DEV_CONTOUR
  6
CONTINUOUS
 62
     3
 10
42.558
 20
-1333.193
 30
0.000
 11
46.105
 21
-1332.875
 31
0.000
  0
LINE
  8
DEV_CONTOUR
  6
CONTINUOUS
 62
     3
 10
46.105
 20
-1332.875
 30
0.000
 11
49.651
 21
-1332.532
 31
0.000
  0
LINE
  8
DEV_CONTOUR
  6
CONTINUOUS
 62
     3
 10
49.651
 20
-1332.532
 30
0.000
 11
53.198
 21
-1332.164
 31
0.000
  0
LINE
  8
DEV_CONTOUR
  6
CONTINUOUS
 62
     3
 10
53.198
 20
-1332.164
 30
0.000
 11
56.744
 21
-1331.771
 31
0.000
  0
LINE
  8
DEV_CONTOUR
  6
CONTINUOUS
 62
     3
 10
56.744
 20
-1331.771
 30
0.000
 11
60.291
 21
-1331.354
 31
0.000
  0
LINE
  8
DEV_CONTOUR
  6
CONTINUOUS
 62
     3
 10
60.291
 20
-1331.354
 30
0.000
 11
63.837
 21
-1330.912
 31
0.000
  0
LINE
  8
DEV_CONTOUR
  6
CONTINUOUS
 62
     3
 10
63.837
 20
-1330.912
 30
0.000
 11
67.384
 21
-1330.446
 31
0.000
  0
LINE
  8
DEV_CONTOUR
  6
CONTINUOUS
 62
     3
 10
67.384
 20
-1330.446
 30
0.000
 11
70.930
 21
-1329.956
 31
0.000
  0
LINE
  8
DEV_CONTOUR
  6
CONTINUOUS
 62
     3
 10
70.930
 20
-1329.956
 30
0.000
 11
74.477
 21
-1329.441
 31
0.000
  0
LINE
  8
DEV_CONTOUR
  6
CONTINUOUS
 62
     3
 10
74.477
 20
-1329.441
 30
0.000
 11
78.023
 21
-1328.903
 31
0.000
  0
LINE
  8
DEV_CONTOUR
  6
CONTINUOUS
 62
     3
 10
78.023
 20
-1328.903
 30
0.000
 11
81.570
 21
-1328.341
 31
0.000
  0
LINE
  8
DEV_CONTOUR
  6
CONTINUOUS
 62
     3
 10
81.570
 20
-1328.341
 30
0.000
 11
85.116
 21
-1327.755
 31
0.000
  0
LINE
  8
DEV_CONTOUR
  6
CONTINUOUS
 62
     3
 10
85.116
 20
-1327.755
 30
0.000
 11
88.663
 21
-1327.146
 31
0.000
  0
LINE
  8
DEV_CONTOUR
  6
CONTINUOUS
 62
     3
 10
88.663
 20
-1327.146
 30
0.000
 11
92.209
 21
-1326.513
 31
0.000
  0
LINE
  8
DEV_CONTOUR
  6
CONTINUOUS
 62
     3
 10
92.209
 20
-1326.513
 30
0.000
 11
95.756
 21
-1325.858
 31
0.000
  0
LINE
  8
DEV_CONTOUR
  6
CONTINUOUS
 62
     3
 10
95.756
 20
-1325.858
 30
0.000
 11
99.302
 21
-1325.180
 31
0.000
  0
LINE
  8
DEV_CONTOUR
  6
CONTINUOUS
 62
     3
 10
99.302
 20
-1325.180
 30
0.000
 11
102.849
 21
-1324.479
 31
0.000
  0
LINE
  8
DEV_CONTOUR
  6
CONTINUOUS
 62
     3
 10
102.849
 20
-1324.479
 30
0.000
 11
106.395
 21
-1323.755
 31
0.000
  0
LINE
  8
DEV_CONTOUR
  6
CONTINUOUS
 62
     3
 10
106.395
 20
-1323.755
 30
0.000
 11
109.942
 21
-1323.010
 31
0.000
  0
LINE
  8
DEV_CONTOUR
  6
CONTINUOUS
 62
     3
 10
109.942
 20
-1323.010
 30
0.000
 11
113.488
 21
-1322.242
 31
0.000
  0
LINE
  8
DEV_CONTOUR
  6
CONTINUOUS
 62
     3
 10
113.488
 20
-1322.242
 30
0.000
 11
117.035
 21
-1321.453
 31
0.000
  0
LINE
  8
DEV_CONTOUR
  6
CONTINUOUS
 62
     3
 10
117.035
 20
-1321.453
 30
0.000
 11
120.581
 21
-1320.642
 31
0.000
  0
LINE
  8
DEV_CONTOUR
  6
CONTINUOUS
 62
     3
 10
120.581
 20
-1320.642
 30
0.000
 11
124.128
 21
-1319.810
 31
0.000
  0
LINE
  8
DEV_CONTOUR
  6
CONTINUOUS
 62
     3
 10
124.128
 20
-1319.810
 30
0.000
 11
127.674
 21
-1318.957
 31
0.000
  0
LINE
  8
DEV_CONTOUR
  6
CONTINUOUS
 62
     3
 10
127.674
 20
-1318.957
 30
0.000
 11
131.221
 21
-1318.083
 31
0.000
  0
LINE
  8
DEV_CONTOUR
  6
CONTINUOUS
 62
     3
 10
131.221
 20
-1318.083
 30
0.000
 11
134.767
 21
-1317.189
 31
0.000
  0
LINE
  8
DEV_CONTOUR
  6
CONTINUOUS
 62
     3
 10
134.767
 20
-1317.189
 30
0.000
 11
138.314
 21
-1316.275
 31
0.000
  0
LINE
  8
DEV_CONTOUR
  6
CONTINUOUS
 62
     3
 10
138.314
 20
-1316.275
 30
0.000
 11
141.860
 21
-1315.340
 31
0.000
  0
LINE
  8
DEV_CONTOUR
  6
CONTINUOUS
 62
     3
 10
141.860
 20
-1315.340
 30
0.000
 11
145.407
 21
-1314.386
 31
0.000
  0
LINE
  8
DEV_CONTOUR
  6
CONTINUOUS
 62
     3
 10
145.407
 20
-1314.386
 30
0.000
 11
148.953
 21
-1313.413
 31
0.000
  0
LINE
  8
DEV_CONTOUR
  6
CONTINUOUS
 62
     3
 10
148.953
 20
-1313.413
 30
0.000
 11
152.500
 21
-1312.420
 31
0.000
  0
LINE
  8
DEV_CONTOUR
  6
CONTINUOUS
 62
     3
 10
152.500
 20
-1312.420
 30
0.000
 11
156.046
 21
-1311.409
 31
0.000
  0
LINE
  8
DEV_CONTOUR
  6
CONTINUOUS
 62
     3
 10
156.046
 20
-1311.409
 30
0.000
 11
159.593
 21
-1310.380
 31
0.000
  0
LINE
  8
DEV_CONTOUR
  6
CONTINUOUS
 62
     3
 10
159.593
 20
-1310.380
 30
0.000
 11
163.139
 21
-1309.332
 31
0.000
  0
LINE
  8
DEV_CONTOUR
  6
CONTINUOUS
 62
     3
 10
163.139
 20
-1309.332
 30
0.000
 11
166.686
 21
-1308.266
 31
0.000
  0
LINE
  8
DEV_CONTOUR
  6
CONTINUOUS
 62
     3
 10
166.686
 20
-1308.266
 30
0.000
 11
170.232
 21
-1307.183
 31
0.000
  0
LINE
  8
DEV_CONTOUR
  6
CONTINUOUS
 62
     3
 10
170.232
 20
-1307.183
 30
0.000
 11
173.779
 21
-1306.083
 31
0.000
  0
LINE
  8
DEV_CONTOUR
  6
CONTINUOUS
 62
     3
 10
173.779
 20
-1306.083
 30
0.000
 11
177.325
 21
-1304.966
 31
0.000
  0
LINE
  8
DEV_CONTOUR
  6
CONTINUOUS
 62
     3
 10
177.325
 20
-1304.966
 30
0.000
 11
180.872
 21
-1303.832
 31
0.000
  0
LINE
  8
DEV_CONTOUR
  6
CONTINUOUS
 62
     3
 10
180.872
 20
-1303.832
 30
0.000
 11
184.418
 21
-1302.683
 31
0.000
  0
LINE
  8
DEV_CONTOUR
  6
CONTINUOUS
 62
     3
 10
184.418
 20
-1302.683
 30
0.000
 11
187.965
 21
-1301.517
 31
0.000
  0
LINE
  8
DEV_CONTOUR
  6
CONTINUOUS
 62
     3
 10
187.965
 20
-1301.517
 30
0.000
 11
191.511
 21
-1300.336
 31
0.000
  0
LINE
  8
DEV_CONTOUR
  6
CONTINUOUS
 62
     3
 10
191.511
 20
-1300.336
 30
0.000
 11
195.058
 21
-1299.141
 31
0.000
  0
LINE
  8
DEV_CONTOUR
  6
CONTINUOUS
 62
     3
 10
195.058
 20
-1299.141
 30
0.000
 11
198.605
 21
-1297.930
 31
0.000
  0
LINE
  8
DEV_CONTOUR
  6
CONTINUOUS
 62
     3
 10
198.605
 20
-1297.930
 30
0.000
 11
202.151
 21
-1296.705
 31
0.000
  0
LINE
  8
DEV_CONTOUR
  6
CONTINUOUS
 62
     3
 10
202.151
 20
-1296.705
 30
0.000
 11
205.698
 21
-1295.466
 31
0.000
  0
LINE
  8
DEV_CONTOUR
  6
CONTINUOUS
 62
     3
 10
205.698
 20
-1295.466
 30
0.000
 11
209.244
 21
-1294.213
 31
0.000
  0
LINE
  8
DEV_CONTOUR
  6
CONTINUOUS
 62
     3
 10
209.244
 20
-1294.213
 30
0.000
 11
212.791
 21
-1292.948
 31
0.000
  0
LINE
  8
DEV_CONTOUR
  6
CONTINUOUS
 62
     3
 10
212.791
 20
-1292.948
 30
0.000
 11
216.337
 21
-1291.669
 31
0.000
  0
LINE
  8
DEV_CONTOUR
  6
CONTINUOUS
 62
     3
 10
216.337
 20
-1291.669
 30
0.000
 11
219.884
 21
-1290.378
 31
0.000
  0
LINE
  8
DEV_CONTOUR
  6
CONTINUOUS
 62
     3
 10
219.884
 20
-1290.378
 30
0.000
 11
223.430
 21
-1289.075
 31
0.000
  0
LINE
  8
DEV_CONTOUR
  6
CONTINUOUS
 62
     3
 10
223.430
 20
-1289.075
 30
0.000
 11
226.977
 21
-1287.761
 31
0.000
  0
LINE
  8
DEV_CONTOUR
  6
CONTINUOUS
 62
     3
 10
226.977
 20
-1287.761
 30
0.000
 11
230.523
 21
-1286.435
 31
0.000
  0
LINE
  8
DEV_CONTOUR
  6
CONTINUOUS
 62
     3
 10
230.523
 20
-1286.435
 30
0.000
 11
234.070
 21
-1285.098
 31
0.000
  0
LINE
  8
DEV_CONTOUR
  6
CONTINUOUS
 62
     3
 10
234.070
 20
-1285.098
 30
0.000
 11
237.616
 21
-1283.751
 31
0.000
  0
LINE
  8
DEV_CONTOUR
  6
CONTINUOUS
 62
     3
 10
237.616
 20
-1283.751
 30
0.000
 11
241.163
 21
-1282.394
 31
0.000
  0
LINE
  8
DEV_CONTOUR
  6
CONTINUOUS
 62
     3
 10
241.163
 20
-1282.394
 30
0.000
 11
244.709
 21
-1281.027
 31
0.000
  0
LINE
  8
DEV_CONTOUR
  6
CONTINUOUS
 62
     3
 10
244.709
 20
-1281.027
 30
0.000
 11
248.256
 21
-1279.651
 31
0.000
  0
LINE
  8
DEV_CONTOUR
  6
CONTINUOUS
 62
     3
 10
248.256
 20
-1279.651
 30
0.000
 11
251.802
 21
-1278.266
 31
0.000
  0
LINE
  8
DEV_CONTOUR
  6
CONTINUOUS
 62
     3
 10
251.802
 20
-1278.266
 30
0.000
 11
255.349
 21
-1276.873
 31
0.000
  0
LINE
  8
DEV_CONTOUR
  6
CONTINUOUS
 62
     3
 10
255.349
 20
-1276.873
 30
0.000
 11
258.895
 21
-1275.472
 31
0.000
  0
LINE
  8
DEV_CONTOUR
  6
CONTINUOUS
 62
     3
 10
258.895
 20
-1275.472
 30
0.000
 11
262.442
 21
-1274.064
 31
0.000
  0
LINE
  8
DEV_CONTOUR
  6
CONTINUOUS
 62
     3
 10
262.442
 20
-1274.064
 30
0.000
 11
265.988
 21
-1272.648
 31
0.000
  0
LINE
  8
DEV_CONTOUR
  6
CONTINUOUS
 62
     3
 10
265.988
 20
-1272.648
 30
0.000
 11
269.535
 21
-1271.226
 31
0.000
  0
LINE
  8
DEV_CONTOUR
  6
CONTINUOUS
 62
     3
 10
269.535
 20
-1271.226
 30
0.000
 11
273.081
 21
-1269.797
 31
0.000
  0
LINE
  8
DEV_CONTOUR
  6
CONTINUOUS
 62
     3
 10
273.081
 20
-1269.797
 30
0.000
 11
276.628
 21
-1268.363
 31
0.000
  0
LINE
  8
DEV_CONTOUR
  6
CONTINUOUS
 62
     3
 10
276.628
 20
-1268.363
 30
0.000
 11
280.174
 21
-1266.924
 31
0.000
  0
LINE
  8
DEV_CONTOUR
  6
CONTINUOUS
 62
     3
 10
280.174
 20
-1266.924
 30
0.000
 11
283.721
 21
-1265.479
 31
0.000
  0
LINE
  8
DEV_CONTOUR
  6
CONTINUOUS
 62
     3
 10
283.721
 20
-1265.479
 30
0.000
 11
287.267
 21
-1264.030
 31
0.000
  0
LINE
  8
DEV_CONTOUR
  6
CONTINUOUS
 62
     3
 10
287.267
 20
-1264.030
 30
0.000
 11
290.814
 21
-1262.578
 31
0.000
  0
LINE
  8
DEV_CONTOUR
  6
CONTINUOUS
 62
     3
 10
290.814
 20
-1262.578
 30
0.000
 11
294.360
 21
-1261.121
 31
0.000
  0
LINE
  8
DEV_CONTOUR
  6
CONTINUOUS
 62
     3
 10
294.360
 20
-1261.121
 30
0.000
 11
297.907
 21
-1259.662
 31
0.000
  0
LINE
  8
DEV_CONTOUR
  6
CONTINUOUS
 62
     3
 10
297.907
 20
-1259.662
 30
0.000
 11
301.453
 21
-1258.199
 31
0.000
  0
LINE
  8
DEV_CONTOUR
  6
CONTINUOUS
 62
     3
 10
301.453
 20
-1258.199
 30
0.000
 11
305.000
 21
-1256.735
 31
0.000
  0
LINE
  8
DEV_CONTOUR
  6
CONTINUOUS
 62
     3
 10
305.000
 20
-1256.735
 30
0.000
 11
308.546
 21
-1255.269
 31
0.000
  0
LINE
  8
DEV_CONTOUR
  6
CONTINUOUS
 62
     3
 10
308.546
 20
-1255.269
 30
0.000
 11
312.093
 21
-1253.801
 31
0.000
  0
LINE
  8
DEV_CONTOUR
  6
CONTINUOUS
 62
     3
 10
312.093
 20
-1253.801
 30
0.000
 11
315.639
 21
-1252.333
 31
0.000
  0
LINE
  8
DEV_CONTOUR
  6
CONTINUOUS
 62
     3
 10
315.639
 20
-1252.333
 30
0.000
 11
319.186
 21
-1250.864
 31
0.000
  0
LINE
  8
DEV_CONTOUR
  6
CONTINUOUS
 62
     3
 10
319.186
 20
-1250.864
 30
0.000
 11
322.732
 21
-1249.395
 31
0.000
  0
LINE
  8
DEV_CONTOUR
  6
CONTINUOUS
 62
     3
 10
322.732
 20
-1249.395
 30
0.000
 11
326.279
 21
-1247.926
 31
0.000
  0
LINE
  8
DEV_CONTOUR
  6
CONTINUOUS
 62
     3
 10
326.279
 20
-1247.926
 30
0.000
 11
329.825
 21
-1246.459
 31
0.000
  0
LINE
  8
DEV_CONTOUR
  6
CONTINUOUS
 62
     3
 10
329.825
 20
-1246.459
 30
0.000
 11
333.372
 21
-1244.992
 31
0.000
  0
LINE
  8
DEV_CONTOUR
  6
CONTINUOUS
 62
     3
 10
333.372
 20
-1244.992
 30
0.000
 11
336.918
 21
-1243.528
 31
0.000
  0
LINE
  8
DEV_CONTOUR
  6
CONTINUOUS
 62
     3
 10
336.918
 20
-1243.528
 30
0.000
 11
340.465
 21
-1242.066
 31
0.000
  0
LINE
  8
DEV_CONTOUR
  6
CONTINUOUS
 62
     3
 10
340.465
 20
-1242.066
 30
0.000
 11
344.011
 21
-1240.606
 31
0.000
  0
LINE
  8
DEV_CONTOUR
  6
CONTINUOUS
 62
     3
 10
344.011
 20
-1240.606
 30
0.000
 11
347.558
 21
-1239.150
 31
0.000
  0
LINE
  8
DEV_CONTOUR
  6
CONTINUOUS
 62
     3
 10
347.558
 20
-1239.150
 30
0.000
 11
351.104
 21
-1237.697
 31
0.000
  0
LINE
  8
DEV_CONTOUR
  6
CONTINUOUS
 62
     3
 10
351.104
 20
-1237.697
 30
0.000
 11
354.651
 21
-1236.248
 31
0.000
  0
LINE
  8
DEV_CONTOUR
  6
CONTINUOUS
 62
     3
 10
354.651
 20
-1236.248
 30
0.000
 11
358.197
 21
-1234.804
 31
0.000
  0
LINE
  8
DEV_CONTOUR
  6
CONTINUOUS
 62
     3
 10
358.197
 20
-1234.804
 30
0.000
 11
361.744
 21
-1233.364
 31
0.000
  0
LINE
  8
DEV_CONTOUR
  6
CONTINUOUS
 62
     3
 10
361.744
 20
-1233.364
 30
0.000
 11
365.290
 21
-1231.930
 31
0.000
  0
LINE
  8
DEV_CONTOUR
  6
CONTINUOUS
 62
     3
 10
365.290
 20
-1231.930
 30
0.000
 11
368.837
 21
-1230.501
 31
0.000
  0
LINE
  8
DEV_CONTOUR
  6
CONTINUOUS
 62
     3
 10
368.837
 20
-1230.501
 30
0.000
 11
372.383
 21
-1229.079
 31
0.000
  0
LINE
  8
DEV_CONTOUR
  6
CONTINUOUS
 62
     3
 10
372.383
 20
-1229.079
 30
0.000
 11
375.930
 21
-1227.664
 31
0.000
  0
LINE
  8
DEV_CONTOUR
  6
CONTINUOUS
 62
     3
 10
375.930
 20
-1227.664
 30
0.000
 11
379.476
 21
-1226.255
 31
0.000
  0
LINE
  8
DEV_CONTOUR
  6
CONTINUOUS
 62
     3
 10
379.476
 20
-1226.255
 30
0.000
 11
383.023
 21
-1224.854
 31
0.000
  0
LINE
  8
DEV_CONTOUR
  6
CONTINUOUS
 62
     3
 10
383.023
 20
-1224.854
 30
0.000
 11
386.569
 21
-1223.461
 31
0.000
  0
LINE
  8
DEV_CONTOUR
  6
CONTINUOUS
 62
     3
 10
386.569
 20
-1223.461
 30
0.000
 11
390.116
 21
-1222.076
 31
0.000
  0
LINE
  8
DEV_CONTOUR
  6
CONTINUOUS
 62
     3
 10
390.116
 20
-1222.076
 30
0.000
 11
393.663
 21
-1220.700
 31
0.000
  0
LINE
  8
DEV_CONTOUR
  6
CONTINUOUS
 62
     3
 10
393.663
 20
-1220.700
 30
0.000
 11
397.209
 21
-1219.334
 31
0.000
  0
LINE
  8
DEV_CONTOUR
  6
CONTINUOUS
 62
     3
 10
397.209
 20
-1219.334
 30
0.000
 11
400.756
 21
-1217.976
 31
0.000
  0
LINE
  8
DEV_CONTOUR
  6
CONTINUOUS
 62
     3
 10
400.756
 20
-1217.976
 30
0.000
 11
404.302
 21
-1216.629
 31
0.000
  0
LINE
  8
DEV_CONTOUR
  6
CONTINUOUS
 62
     3
 10
404.302
 20
-1216.629
 30
0.000
 11
407.849
 21
-1215.293
 31
0.000
  0
LINE
  8
DEV_CONTOUR
  6
CONTINUOUS
 62
     3
 10
407.849
 20
-1215.293
 30
0.000
 11
411.395
 21
-1213.967
 31
0.000
  0
LINE
  8
DEV_CONTOUR
  6
CONTINUOUS
 62
     3
 10
411.395
 20
-1213.967
 30
0.000
 11
414.942
 21
-1212.652
 31
0.000
  0
LINE
  8
DEV_CONTOUR
  6
CONTINUOUS
 62
     3
 10
414.942
 20
-1212.652
 30
0.000
 11
418.488
 21
-1211.349
 31
0.000
  0
LINE
  8
DEV_CONTOUR
  6
CONTINUOUS
 62
     3
 10
418.488
 20
-1211.349
 30
0.000
 11
422.035
 21
-1210.058
 31
0.000
  0
LINE
  8
DEV_CONTOUR
  6
CONTINUOUS
 62
     3
 10
422.035
 20
-1210.058
 30
0.000
 11
425.581
 21
-1208.780
 31
0.000
  0
LINE
  8
DEV_CONTOUR
  6
CONTINUOUS
 62
     3
 10
425.581
 20
-1208.780
 30
0.000
 11
429.128
 21
-1207.514
 31
0.000
  0
LINE
  8
DEV_CONTOUR
  6
CONTINUOUS
 62
     3
 10
429.128
 20
-1207.514
 30
0.000
 11
432.674
 21
-1206.261
 31
0.000
  0
LINE
  8
DEV_CONTOUR
  6
CONTINUOUS
 62
     3
 10
432.674
 20
-1206.261
 30
0.000
 11
436.221
 21
-1205.022
 31
0.000
  0
LINE
  8
DEV_CONTOUR
  6
CONTINUOUS
 62
     3
 10
436.221
 20
-1205.022
 30
0.000
 11
439.767
 21
-1203.797
 31
0.000
  0
LINE
  8
DEV_CONTOUR
  6
CONTINUOUS
 62
     3
 10
439.767
 20
-1203.797
 30
0.000
 11
443.314
 21
-1202.587
 31
0.000
  0
LINE
  8
DEV_CONTOUR
  6
CONTINUOUS
 62
     3
 10
443.314
 20
-1202.587
 30
0.000
 11
446.860
 21
-1201.391
 31
0.000
  0
LINE
  8
DEV_CONTOUR
  6
CONTINUOUS
 62
     3
 10
446.860
 20
-1201.391
 30
0.000
 11
450.407
 21
-1200.210
 31
0.000
  0
LINE
  8
DEV_CONTOUR
  6
CONTINUOUS
 62
     3
 10
450.407
 20
-1200.210
 30
0.000
 11
453.953
 21
-1199.044
 31
0.000
  0
LINE
  8
DEV_CONTOUR
  6
CONTINUOUS
 62
     3
 10
453.953
 20
-1199.044
 30
0.000
 11
457.500
 21
-1197.895
 31
0.000
  0
LINE
  8
DEV_CONTOUR
  6
CONTINUOUS
 62
     3
 10
457.500
 20
-1197.895
 30
0.000
 11
461.046
 21
-1196.761
 31
0.000
  0
LINE
  8
DEV_CONTOUR
  6
CONTINUOUS
 62
     3
 10
461.046
 20
-1196.761
 30
0.000
 11
464.593
 21
-1195.644
 31
0.000
  0
LINE
  8
DEV_CONTOUR
  6
CONTINUOUS
 62
     3
 10
464.593
 20
-1195.644
 30
0.000
 11
468.139
 21
-1194.544
 31
0.000
  0
LINE
  8
DEV_CONTOUR
  6
CONTINUOUS
 62
     3
 10
468.139
 20
-1194.544
 30
0.000
 11
471.686
 21
-1193.461
 31
0.000
  0
LINE
  8
DEV_CONTOUR
  6
CONTINUOUS
 62
     3
 10
471.686
 20
-1193.461
 30
0.000
 11
475.232
 21
-1192.395
 31
0.000
  0
LINE
  8
DEV_CONTOUR
  6
CONTINUOUS
 62
     3
 10
475.232
 20
-1192.395
 30
0.000
 11
478.779
 21
-1191.348
 31
0.000
  0
LINE
  8
DEV_CONTOUR
  6
CONTINUOUS
 62
     3
 10
478.779
 20
-1191.348
 30
0.000
 11
482.325
 21
-1190.318
 31
0.000
  0
LINE
  8
DEV_CONTOUR
  6
CONTINUOUS
 62
     3
 10
482.325
 20
-1190.318
 30
0.000
 11
485.872
 21
-1189.307
 31
0.000
  0
LINE
  8
DEV_CONTOUR
  6
CONTINUOUS
 62
     3
 10
485.872
 20
-1189.307
 30
0.000
 11
489.418
 21
-1188.314
 31
0.000
  0
LINE
  8
DEV_CONTOUR
  6
CONTINUOUS
 62
     3
 10
489.418
 20
-1188.314
 30
0.000
 11
492.965
 21
-1187.341
 31
0.000
  0
LINE
  8
DEV_CONTOUR
  6
CONTINUOUS
 62
     3
 10
492.965
 20
-1187.341
 30
0.000
 11
496.511
 21
-1186.387
 31
0.000
  0
LINE
  8
DEV_CONTOUR
  6
CONTINUOUS
 62
     3
 10
496.511
 20
-1186.387
 30
0.000
 11
500.058
 21
-1185.453
 31
0.000
  0
LINE
  8
DEV_CONTOUR
  6
CONTINUOUS
 62
     3
 10
500.058
 20
-1185.453
 30
0.000
 11
503.604
 21
-1184.538
 31
0.000
  0
LINE
  8
DEV_CONTOUR
  6
CONTINUOUS
 62
     3
 10
503.604
 20
-1184.538
 30
0.000
 11
507.151
 21
-1183.644
 31
0.000
  0
LINE
  8
DEV_CONTOUR
  6
CONTINUOUS
 62
     3
 10
507.151
 20
-1183.644
 30
0.000
 11
510.697
 21
-1182.770
 31
0.000
  0
LINE
  8
DEV_CONTOUR
  6
CONTINUOUS
 62
     3
 10
510.697
 20
-1182.770
 30
0.000
 11
514.244
 21
-1181.917
 31
0.000
  0
LINE
  8
DEV_CONTOUR
  6
CONTINUOUS
 62
     3
 10
514.244
 20
-1181.917
 30
0.000
 11
517.790
 21
-1181.085
 31
0.000
  0
LINE
  8
DEV_CONTOUR
  6
CONTINUOUS
 62
     3
 10
517.790
 20
-1181.085
 30
0.000
 11
521.337
 21
-1180.274
 31
0.000
  0
LINE
  8
DEV_CONTOUR
  6
CONTINUOUS
 62
     3
 10
521.337
 20
-1180.274
 30
0.000
 11
524.883
 21
-1179.485
 31
0.000
  0
LINE
  8
DEV_CONTOUR
  6
CONTINUOUS
 62
     3
 10
524.883
 20
-1179.485
 30
0.000
 11
528.430
 21
-1178.717
 31
0.000
  0
LINE
  8
DEV_CONTOUR
  6
CONTINUOUS
 62
     3
 10
528.430
 20
-1178.717
 30
0.000
 11
531.976
 21
-1177.972
 31
0.000
  0
LINE
  8
DEV_CONTOUR
  6
CONTINUOUS
 62
     3
 10
531.976
 20
-1177.972
 30
0.000
 11
535.523
 21
-1177.248
 31
0.000
  0
LINE
  8
DEV_CONTOUR
  6
CONTINUOUS
 62
     3
 10
535.523
 20
-1177.248
 30
0.000
 11
539.069
 21
-1176.548
 31
0.000
  0
LINE
  8
DEV_CONTOUR
  6
CONTINUOUS
 62
     3
 10
539.069
 20
-1176.548
 30
0.000
 11
542.616
 21
-1175.869
 31
0.000
  0
LINE
  8
DEV_CONTOUR
  6
CONTINUOUS
 62
     3
 10
542.616
 20
-1175.869
 30
0.000
 11
546.162
 21
-1175.214
 31
0.000
  0
LINE
  8
DEV_CONTOUR
  6
CONTINUOUS
 62
     3
 10
546.162
 20
-1175.214
 30
0.000
 11
549.709
 21
-1174.581
 31
0.000
  0
LINE
  8
DEV_CONTOUR
  6
CONTINUOUS
 62
     3
 10
549.709
 20
-1174.581
 30
0.000
 11
553.255
 21
-1173.972
 31
0.000
  0
LINE
  8
DEV_CONTOUR
  6
CONTINUOUS
 62
     3
 10
553.255
 20
-1173.972
 30
0.000
 11
556.802
 21
-1173.386
 31
0.000
  0
LINE
  8
DEV_CONTOUR
  6
CONTINUOUS
 62
     3
 10
556.802
 20
-1173.386
 30
0.000
 11
560.348
 21
-1172.824
 31
0.000
  0
LINE
  8
DEV_CONTOUR
  6
CONTINUOUS
 62
     3
 10
560.348
 20
-1172.824
 30
0.000
 11
563.895
 21
-1172.286
 31
0.000
  0
LINE
  8
DEV_CONTOUR
  6
CONTINUOUS
 62
     3
 10
563.895
 20
-1172.286
 30
0.000
 11
567.441
 21
-1171.771
 31
0.000
  0
LINE
  8
DEV_CONTOUR
  6
CONTINUOUS
 62
     3
 10
567.441
 20
-1171.771
 30
0.000
 11
570.988
 21
-1171.281
 31
0.000
  0
LINE
  8
DEV_CONTOUR
  6
CONTINUOUS
 62
     3
 10
570.988
 20
-1171.281
 30
0.000
 11
574.534
 21
-1170.815
 31
0.000
  0
LINE
  8
DEV_CONTOUR
  6
CONTINUOUS
 62
     3
 10
574.534
 20
-1170.815
 30
0.000
 11
578.081
 21
-1170.373
 31
0.000
  0
LINE
  8
DEV_CONTOUR
  6
CONTINUOUS
 62
     3
 10
578.081
 20
-1170.373
 30
0.000
 11
581.627
 21
-1169.956
 31
0.000
  0
LINE
  8
DEV_CONTOUR
  6
CONTINUOUS
 62
     3
 10
581.627
 20
-1169.956
 30
0.000
 11
585.174
 21
-1169.563
 31
0.000
  0
LINE
  8
DEV_CONTOUR
  6
CONTINUOUS
 62
     3
 10
585.174
 20
-1169.563
 30
0.000
 11
588.721
 21
-1169.196
 31
0.000
  0
LINE
  8
DEV_CONTOUR
  6
CONTINUOUS
 62
     3
 10
588.721
 20
-1169.196
 30
0.000
 11
592.267
 21
-1168.853
 31
0.000
  0
LINE
  8
DEV_CONTOUR
  6
CONTINUOUS
 62
     3
 10
592.267
 20
-1168.853
 30
0.000
 11
595.814
 21
-1168.535
 31
0.000
  0
LINE
  8
DEV_CONTOUR
  6
CONTINUOUS
 62
     3
 10
595.814
 20
-1168.535
 30
0.000
 11
599.360
 21
-1168.242
 31
0.000
  0
LINE
  8
DEV_CONTOUR
  6
CONTINUOUS
 62
     3
 10
599.360
 20
-1168.242
 30
0.000
 11
602.907
 21
-1167.974
 31
0.000
  0
LINE
  8
DEV_CONTOUR
  6
CONTINUOUS
 62
     3
 10
602.907
 20
-1167.974
 30
0.000
 11
606.453
 21
-1167.732
 31
0.000
  0
LINE
  8
DEV_CONTOUR
  6
CONTINUOUS
 62
     3
 10
606.453
 20
-1167.732
 30
0.000
 11
610.000
 21
-1167.515
 31
0.000
  0
LINE
  8
DEV_CONTOUR
  6
CONTINUOUS
 62
     3
 10
610.000
 20
-1167.515
 30
0.000
 11
613.546
 21
-1167.323
 31
0.000
  0
LINE
  8
DEV_CONTOUR
  6
CONTINUOUS
 62
     3
 10
613.546
 20
-1167.323
 30
0.000
 11
617.093
 21
-1167.156
 31
0.000
  0
LINE
  8
DEV_CONTOUR
  6
CONTINUOUS
 62
     3
 10
617.093
 20
-1167.156
 30
0.000
 11
620.639
 21
-1167.016
 31
0.000
  0
LINE
  8
DEV_CONTOUR
  6
CONTINUOUS
 62
     3
 10
620.639
 20
-1167.016
 30
0.000
 11
624.186
 21
-1166.900
 31
0.000
  0
LINE
  8
DEV_CONTOUR
  6
CONTINUOUS
 62
     3
 10
624.186
 20
-1166.900
 30
0.000
 11
627.732
 21
-1166.811
 31
0.000
  0
LINE
  8
DEV_CONTOUR
  6
CONTINUOUS
 62
     3
 10
627.732
 20
-1166.811
 30
0.000
 11
631.279
 21
-1166.747
 31
0.000
  0
LINE
  8
DEV_CONTOUR
  6
CONTINUOUS
 62
     3
 10
631.279
 20
-1166.747
 30
0.000
 11
634.825
 21
-1166.708
 31
0.000
  0
LINE
  8
DEV_CONTOUR
  6
CONTINUOUS
 62
     3
 10
634.825
 20
-1166.708
 30
0.000
 11
638.372
 21
-1166.695
 31
0.000
  0
LINE
  8
DEV_CONTOUR
  6
CONTINUOUS
 62
     3
 10
638.372
 20
-1166.695
 30
0.000
 11
641.918
 21
-1166.708
 31
0.000
  0
LINE
  8
DEV_CONTOUR
  6
CONTINUOUS
 62
     3
 10
641.918
 20
-1166.708
 30
0.000
 11
645.465
 21
-1166.747
 31
0.000
  0
LINE
  8
DEV_CONTOUR
  6
CONTINUOUS
 62
     3
 10
645.465
 20
-1166.747
 30
0.000
 11
649.011
 21
-1166.811
 31
0.000
  0
LINE
  8
DEV_CONTOUR
  6
CONTINUOUS
 62
     3
 10
649.011
 20
-1166.811
 30
0.000
 11
652.558
 21
-1166.900
 31
0.000
  0
LINE
  8
DEV_CONTOUR
  6
CONTINUOUS
 62
     3
 10
652.558
 20
-1166.900
 30
0.000
 11
656.104
 21
-1167.016
 31
0.000
  0
LINE
  8
DEV_CONTOUR
  6
CONTINUOUS
 62
     3
 10
656.104
 20
-1167.016
 30
0.000
 11
659.651
 21
-1167.156
 31
0.000
  0
LINE
  8
DEV_CONTOUR
  6
CONTINUOUS
 62
     3
 10
659.651
 20
-1167.156
 30
0.000
 11
663.197
 21
-1167.323
 31
0.000
  0
LINE
  8
DEV_CONTOUR
  6
CONTINUOUS
 62
     3
 10
663.197
 20
-1167.323
 30
0.000
 11
666.744
 21
-1167.515
 31
0.000
  0
LINE
  8
DEV_CONTOUR
  6
CONTINUOUS
 62
     3
 10
666.744
 20
-1167.515
 30
0.000
 11
670.290
 21
-1167.732
 31
0.000
  0
LINE
  8
DEV_CONTOUR
  6
CONTINUOUS
 62
     3
 10
670.290
 20
-1167.732
 30
0.000
 11
673.837
 21
-1167.974
 31
0.000
  0
LINE
  8
DEV_CONTOUR
  6
CONTINUOUS
 62
     3
 10
673.837
 20
-1167.974
 30
0.000
 11
677.383
 21
-1168.242
 31
0.000
  0
LINE
  8
DEV_CONTOUR
  6
CONTINUOUS
 62
     3
 10
677.383
 20
-1168.242
 30
0.000
 11
680.930
 21
-1168.535
 31
0.000
  0
LINE
  8
DEV_CONTOUR
  6
CONTINUOUS
 62
     3
 10
680.930
 20
-1168.535
 30
0.000
 11
684.476
 21
-1168.853
 31
0.000
  0
LINE
  8
DEV_CONTOUR
  6
CONTINUOUS
 62
     3
 10
684.476
 20
-1168.853
 30
0.000
 11
688.023
 21
-1169.196
 31
0.000
  0
LINE
  8
DEV_CONTOUR
  6
CONTINUOUS
 62
     3
 10
688.023
 20
-1169.196
 30
0.000
 11
691.569
 21
-1169.563
 31
0.000
  0
LINE
  8
DEV_CONTOUR
  6
CONTINUOUS
 62
     3
 10
691.569
 20
-1169.563
 30
0.000
 11
695.116
 21
-1169.956
 31
0.000
  0
LINE
  8
DEV_CONTOUR
  6
CONTINUOUS
 62
     3
 10
695.116
 20
-1169.956
 30
0.000
 11
698.662
 21
-1170.373
 31
0.000
  0
LINE
  8
DEV_CONTOUR
  6
CONTINUOUS
 62
     3
 10
698.662
 20
-1170.373
 30
0.000
 11
702.209
 21
-1170.815
 31
0.000
  0
LINE
  8
DEV_CONTOUR
  6
CONTINUOUS
 62
     3
 10
702.209
 20
-1170.815
 30
0.000
 11
705.755
 21
-1171.281
 31
0.000
  0
LINE
  8
DEV_CONTOUR
  6
CONTINUOUS
 62
     3
 10
705.755
 20
-1171.281
 30
0.000
 11
709.302
 21
-1171.771
 31
0.000
  0
LINE
  8
DEV_CONTOUR
  6
CONTINUOUS
 62
     3
 10
709.302
 20
-1171.771
 30
0.000
 11
712.848
 21
-1172.286
 31
0.000
  0
LINE
  8
DEV_CONTOUR
  6
CONTINUOUS
 62
     3
 10
712.848
 20
-1172.286
 30
0.000
 11
716.395
 21
-1172.824
 31
0.000
  0
LINE
  8
DEV_CONTOUR
  6
CONTINUOUS
 62
     3
 10
716.395
 20
-1172.824
 30
0.000
 11
719.941
 21
-1173.386
 31
0.000
  0
LINE
  8
DEV_CONTOUR
  6
CONTINUOUS
 62
     3
 10
719.941
 20
-1173.386
 30
0.000
 11
723.488
 21
-1173.972
 31
0.000
  0
LINE
  8
DEV_CONTOUR
  6
CONTINUOUS
 62
     3
 10
723.488
 20
-1173.972
 30
0.000
 11
727.034
 21
-1174.581
 31
0.000
  0
LINE
  8
DEV_CONTOUR
  6
CONTINUOUS
 62
     3
 10
727.034
 20
-1174.581
 30
0.000
 11
730.581
 21
-1175.214
 31
0.000
  0
LINE
  8
DEV_CONTOUR
  6
CONTINUOUS
 62
     3
 10
730.581
 20
-1175.214
 30
0.000
 11
734.127
 21
-1175.869
 31
0.000
  0
LINE
  8
DEV_CONTOUR
  6
CONTINUOUS
 62
     3
 10
734.127
 20
-1175.869
 30
0.000
 11
737.674
 21
-1176.548
 31
0.000
  0
LINE
  8
DEV_CONTOUR
  6
CONTINUOUS
 62
     3
 10
737.674
 20
-1176.548
 30
0.000
 11
741.220
 21
-1177.248
 31
0.000
  0
LINE
  8
DEV_CONTOUR
  6
CONTINUOUS
 62
     3
 10
741.220
 20
-1177.248
 30
0.000
 11
744.767
 21
-1177.972
 31
0.000
  0
LINE
  8
DEV_CONTOUR
  6
CONTINUOUS
 62
     3
 10
744.767
 20
-1177.972
 30
0.000
 11
748.313
 21
-1178.717
 31
0.000
  0
LINE
  8
DEV_CONTOUR
  6
CONTINUOUS
 62
     3
 10
748.313
 20
-1178.717
 30
0.000
 11
751.860
 21
-1179.485
 31
0.000
  0
LINE
  8
DEV_CONTOUR
  6
CONTINUOUS
 62
     3
 10
751.860
 20
-1179.485
 30
0.000
 11
755.406
 21
-1180.274
 31
0.000
  0
LINE
  8
DEV_CONTOUR
  6
CONTINUOUS
 62
     3
 10
755.406
 20
-1180.274
 30
0.000
 11
758.953
 21
-1181.085
 31
0.000
  0
LINE
  8
DEV_CONTOUR
  6
CONTINUOUS
 62
     3
 10
758.953
 20
-1181.085
 30
0.000
 11
762.499
 21
-1181.917
 31
0.000
  0
LINE
  8
DEV_CONTOUR
  6
CONTINUOUS
 62
     3
 10
762.499
 20
-1181.917
 30
0.000
 11
766.046
 21
-1182.770
 31
0.000
  0
LINE
  8
DEV_CONTOUR
  6
CONTINUOUS
 62
     3
 10
766.046
 20
-1182.770
 30
0.000
 11
769.592
 21
-1183.644
 31
0.000
  0
LINE
  8
DEV_CONTOUR
  6
CONTINUOUS
 62
     3
 10
769.592
 20
-1183.644
 30
0.000
 11
773.139
 21
-1184.538
 31
0.000
  0
LINE
  8
DEV_CONTOUR
  6
CONTINUOUS
 62
     3
 10
773.139
 20
-1184.538
 30
0.000
 11
776.685
 21
-1185.453
 31
0.000
  0
LINE
  8
DEV_CONTOUR
  6
CONTINUOUS
 62
     3
 10
776.685
 20
-1185.453
 30
0.000
 11
780.232
 21
-1186.387
 31
0.000
  0
LINE
  8
DEV_CONTOUR
  6
CONTINUOUS
 62
     3
 10
780.232
 20
-1186.387
 30
0.000
 11
783.778
 21
-1187.341
 31
0.000
  0
LINE
  8
DEV_CONTOUR
  6
CONTINUOUS
 62
     3
 10
783.778
 20
-1187.341
 30
0.000
 11
787.325
 21
-1188.314
 31
0.000
  0
LINE
  8
DEV_CONTOUR
  6
CONTINUOUS
 62
     3
 10
787.325
 20
-1188.314
 30
0.000
 11
790.872
 21
-1189.307
 31
0.000
  0
LINE
  8
DEV_CONTOUR
  6
CONTINUOUS
 62
     3
 10
790.872
 20
-1189.307
 30
0.000
 11
794.418
 21
-1190.318
 31
0.000
  0
LINE
  8
DEV_CONTOUR
  6
CONTINUOUS
 62
     3
 10
794.418
 20
-1190.318
 30
0.000
 11
797.965
 21
-1191.348
 31
0.000
  0
LINE
  8
DEV_CONTOUR
  6
CONTINUOUS
 62
     3
 10
797.965
 20
-1191.348
 30
0.000
 11
801.511
 21
-1192.395
 31
0.000
  0
LINE
  8
DEV_CONTOUR
  6
CONTINUOUS
 62
     3
 10
801.511
 20
-1192.395
 30
0.000
 11
805.058
 21
-1193.461
 31
0.000
  0
LINE
  8
DEV_CONTOUR
  6
CONTINUOUS
 62
     3
 10
805.058
 20
-1193.461
 30
0.000
 11
808.604
 21
-1194.544
 31
0.000
  0
LINE
  8
DEV_CONTOUR
  6
CONTINUOUS
 62
     3
 10
808.604
 20
-1194.544
 30
0.000
 11
812.151
 21
-1195.644
 31
0.000
  0
LINE
  8
DEV_CONTOUR
  6
CONTINUOUS
 62
     3
 10
812.151
 20
-1195.644
 30
0.000
 11
815.697
 21
-1196.761
 31
0.000
  0
LINE
  8
DEV_CONTOUR
  6
CONTINUOUS
 62
     3
 10
815.697
 20
-1196.761
 30
0.000
 11
819.244
 21
-1197.895
 31
0.000
  0
LINE
  8
DEV_CONTOUR
  6
CONTINUOUS
 62
     3
 10
819.244
 20
-1197.895
 30
0.000
 11
822.790
 21
-1199.044
 31
0.000
  0
LINE
  8
DEV_CONTOUR
  6
CONTINUOUS
 62
     3
 10
822.790
 20
-1199.044
 30
0.000
 11
826.337
 21
-1200.210
 31
0.000
  0
LINE
  8
DEV_CONTOUR
  6
CONTINUOUS
 62
     3
 10
826.337
 20
-1200.210
 30
0.000
 11
829.883
 21
-1201.391
 31
0.000
  0
LINE
  8
DEV_CONTOUR
  6
CONTINUOUS
 62
     3
 10
829.883
 20
-1201.391
 30
0.000
 11
833.430
 21
-1202.587
 31
0.000
  0
LINE
  8
DEV_CONTOUR
  6
CONTINUOUS
 62
     3
 10
833.430
 20
-1202.587
 30
0.000
 11
836.976
 21
-1203.797
 31
0.000
  0
LINE
  8
DEV_CONTOUR
  6
CONTINUOUS
 62
     3
 10
836.976
 20
-1203.797
 30
0.000
 11
840.523
 21
-1205.022
 31
0.000
  0
LINE
  8
DEV_CONTOUR
  6
CONTINUOUS
 62
     3
 10
840.523
 20
-1205.022
 30
0.000
 11
844.069
 21
-1206.261
 31
0.000
  0
LINE
  8
DEV_CONTOUR
  6
CONTINUOUS
 62
     3
 10
844.069
 20
-1206.261
 30
0.000
 11
847.616
 21
-1207.514
 31
0.000
  0
LINE
  8
DEV_CONTOUR
  6
CONTINUOUS
 62
     3
 10
847.616
 20
-1207.514
 30
0.000
 11
851.162
 21
-1208.780
 31
0.000
  0
LINE
  8
DEV_CONTOUR
  6
CONTINUOUS
 62
     3
 10
851.162
 20
-1208.780
 30
0.000
 11
854.709
 21
-1210.058
 31
0.000
  0
LINE
  8
DEV_CONTOUR
  6
CONTINUOUS
 62
     3
 10
854.709
 20
-1210.058
 30
0.000
 11
858.255
 21
-1211.349
 31
0.000
  0
LINE
  8
DEV_CONTOUR
  6
CONTINUOUS
 62
     3
 10
858.255
 20
-1211.349
 30
0.000
 11
861.802
 21
-1212.652
 31
0.000
  0
LINE
  8
DEV_CONTOUR
  6
CONTINUOUS
 62
     3
 10
861.802
 20
-1212.652
 30
0.000
 11
865.348
 21
-1213.967
 31
0.000
  0
LINE
  8
DEV_CONTOUR
  6
CONTINUOUS
 62
     3
 10
865.348
 20
-1213.967
 30
0.000
 11
868.895
 21
-1215.293
 31
0.000
  0
LINE
  8
DEV_CONTOUR
  6
CONTINUOUS
 62
     3
 10
868.895
 20
-1215.293
 30
0.000
 11
872.441
 21
-1216.629
 31
0.000
  0
LINE
  8
DEV_CONTOUR
  6
CONTINUOUS
 62
     3
 10
872.441
 20
-1216.629
 30
0.000
 11
875.988
 21
-1217.976
 31
0.000
  0
LINE
  8
DEV_CONTOUR
  6
CONTINUOUS
 62
     3
 10
875.988
 20
-1217.976
 30
0.000
 11
879.534
 21
-1219.334
 31
0.000
  0
LINE
  8
DEV_CONTOUR
  6
CONTINUOUS
 62
     3
 10
879.534
 20
-1219.334
 30
0.000
 11
883.081
 21
-1220.700
 31
0.000
  0
LINE
  8
DEV_CONTOUR
  6
CONTINUOUS
 62
     3
 10
883.081
 20
-1220.700
 30
0.000
 11
886.627
 21
-1222.076
 31
0.000
  0
LINE
  8
DEV_CONTOUR
  6
CONTINUOUS
 62
     3
 10
886.627
 20
-1222.076
 30
0.000
 11
890.174
 21
-1223.461
 31
0.000
  0
LINE
  8
DEV_CONTOUR
  6
CONTINUOUS
 62
     3
 10
890.174
 20
-1223.461
 30
0.000
 11
893.720
 21
-1224.854
 31
0.000
  0
LINE
  8
DEV_CONTOUR
  6
CONTINUOUS
 62
     3
 10
893.720
 20
-1224.854
 30
0.000
 11
897.267
 21
-1226.255
 31
0.000
  0
LINE
  8
DEV_CONTOUR
  6
CONTINUOUS
 62
     3
 10
897.267
 20
-1226.255
 30
0.000
 11
900.813
 21
-1227.664
 31
0.000
  0
LINE
  8
DEV_CONTOUR
  6
CONTINUOUS
 62
     3
 10
900.813
 20
-1227.664
 30
0.000
 11
904.360
 21
-1229.079
 31
0.000
  0
LINE
  8
DEV_CONTOUR
  6
CONTINUOUS
 62
     3
 10
904.360
 20
-1229.079
 30
0.000
 11
907.906
 21
-1230.501
 31
0.000
  0
LINE
  8
DEV_CONTOUR
  6
CONTINUOUS
 62
     3
 10
907.906
 20
-1230.501
 30
0.000
 11
911.453
 21
-1231.930
 31
0.000
  0
LINE
  8
DEV_CONTOUR
  6
CONTINUOUS
 62
     3
 10
911.453
 20
-1231.930
 30
0.000
 11
914.999
 21
-1233.364
 31
0.000
  0
LINE
  8
DEV_CONTOUR
  6
CONTINUOUS
 62
     3
 10
914.999
 20
-1233.364
 30
0.000
 11
918.546
 21
-1234.804
 31
0.000
  0
LINE
  8
DEV_CONTOUR
  6
CONTINUOUS
 62
     3
 10
918.546
 20
-1234.804
 30
0.000
 11
922.092
 21
-1236.248
 31
0.000
  0
LINE
  8
DEV_CONTOUR
  6
CONTINUOUS
 62
     3
 10
922.092
 20
-1236.248
 30
0.000
 11
925.639
 21
-1237.697
 31
0.000
  0
LINE
  8
DEV_CONTOUR
  6
CONTINUOUS
 62
     3
 10
925.639
 20
-1237.697
 30
0.000
 11
929.185
 21
-1239.150
 31
0.000
  0
LINE
  8
DEV_CONTOUR
  6
CONTINUOUS
 62
     3
 10
929.185
 20
-1239.150
 30
0.000
 11
932.732
 21
-1240.606
 31
0.000
  0
LINE
  8
DEV_CONTOUR
  6
CONTINUOUS
 62
     3
 10
932.732
 20
-1240.606
 30
0.000
 11
936.278
 21
-1242.066
 31
0.000
  0
LINE
  8
DEV_CONTOUR
  6
CONTINUOUS
 62
     3
 10
936.278
 20
-1242.066
 30
0.000
 11
939.825
 21
-1243.528
 31
0.000
  0
LINE
  8
DEV_CONTOUR
  6
CONTINUOUS
 62
     3
 10
939.825
 20
-1243.528
 30
0.000
 11
943.371
 21
-1244.992
 31
0.000
  0
LINE
  8
DEV_CONTOUR
  6
CONTINUOUS
 62
     3
 10
943.371
 20
-1244.992
 30
0.000
 11
946.918
 21
-1246.459
 31
0.000
  0
LINE
  8
DEV_CONTOUR
  6
CONTINUOUS
 62
     3
 10
946.918
 20
-1246.459
 30
0.000
 11
950.464
 21
-1247.926
 31
0.000
  0
LINE
  8
DEV_CONTOUR
  6
CONTINUOUS
 62
     3
 10
950.464
 20
-1247.926
 30
0.000
 11
954.011
 21
-1249.395
 31
0.000
  0
LINE
  8
DEV_CONTOUR
  6
CONTINUOUS
 62
     3
 10
954.011
 20
-1249.395
 30
0.000
 11
957.557
 21
-1250.864
 31
0.000
  0
LINE
  8
DEV_CONTOUR
  6
CONTINUOUS
 62
     3
 10
957.557
 20
-1250.864
 30
0.000
 11
961.104
 21
-1252.333
 31
0.000
  0
LINE
  8
DEV_CONTOUR
  6
CONTINUOUS
 62
     3
 10
961.104
 20
-1252.333
 30
0.000
 11
964.650
 21
-1253.801
 31
0.000
  0
LINE
  8
DEV_CONTOUR
  6
CONTINUOUS
 62
     3
 10
964.650
 20
-1253.801
 30
0.000
 11
968.197
 21
-1255.269
 31
0.000
  0
LINE
  8
DEV_CONTOUR
  6
CONTINUOUS
 62
     3
 10
968.197
 20
-1255.269
 30
0.000
 11
971.743
 21
-1256.735
 31
0.000
  0
LINE
  8
DEV_CONTOUR
  6
CONTINUOUS
 62
     3
 10
971.743
 20
-1256.735
 30
0.000
 11
975.290
 21
-1258.199
 31
0.000
  0
LINE
  8
DEV_CONTOUR
  6
CONTINUOUS
 62
     3
 10
975.290
 20
-1258.199
 30
0.000
 11
978.836
 21
-1259.662
 31
0.000
  0
LINE
  8
DEV_CONTOUR
  6
CONTINUOUS
 62
     3
 10
978.836
 20
-1259.662
 30
0.000
 11
982.383
 21
-1261.121
 31
0.000
  0
LINE
  8
DEV_CONTOUR
  6
CONTINUOUS
 62
     3
 10
982.383
 20
-1261.121
 30
0.000
 11
985.930
 21
-1262.578
 31
0.000
  0
LINE
  8
DEV_CONTOUR
  6
CONTINUOUS
 62
     3
 10
985.930
 20
-1262.578
 30
0.000
 11
989.476
 21
-1264.030
 31
0.000
  0
LINE
  8
DEV_CONTOUR
  6
CONTINUOUS
 62
     3
 10
989.476
 20
-1264.030
 30
0.000
 11
993.023
 21
-1265.479
 31
0.000
  0
LINE
  8
DEV_CONTOUR
  6
CONTINUOUS
 62
     3
 10
993.023
 20
-1265.479
 30
0.000
 11
996.569
 21
-1266.924
 31
0.000
  0
LINE
  8
DEV_CONTOUR
  6
CONTINUOUS
 62
     3
 10
996.569
 20
-1266.924
 30
0.000
 11
1000.116
 21
-1268.363
 31
0.000
  0
LINE
  8
DEV_CONTOUR
  6
CONTINUOUS
 62
     3
 10
1000.116
 20
-1268.363
 30
0.000
 11
1003.662
 21
-1269.797
 31
0.000
  0
LINE
  8
DEV_CONTOUR
  6
CONTINUOUS
 62
     3
 10
1003.662
 20
-1269.797
 30
0.000
 11
1007.209
 21
-1271.226
 31
0.000
  0
LINE
  8
DEV_CONTOUR
  6
CONTINUOUS
 62
     3
 10
1007.209
 20
-1271.226
 30
0.000
 11
1010.755
 21
-1272.648
 31
0.000
  0
LINE
  8
DEV_CONTOUR
  6
CONTINUOUS
 62
     3
 10
1010.755
 20
-1272.648
 30
0.000
 11
1014.302
 21
-1274.064
 31
0.000
  0
LINE
  8
DEV_CONTOUR
  6
CONTINUOUS
 62
     3
 10
1014.302
 20
-1274.064
 30
0.000
 11
1017.848
 21
-1275.472
 31
0.000
  0
LINE
  8
DEV_CONTOUR
  6
CONTINUOUS
 62
     3
 10
1017.848
 20
-1275.472
 30
0.000
 11
1021.395
 21
-1276.873
 31
0.000
  0
LINE
  8
DEV_CONTOUR
  6
CONTINUOUS
 62
     3
 10
1021.395
 20
-1276.873
 30
0.000
 11
1024.941
 21
-1278.266
 31
0.000
  0
LINE
  8
DEV_CONTOUR
  6
CONTINUOUS
 62
     3
 10
1024.941
 20
-1278.266
 30
0.000
 11
1028.488
 21
-1279.651
 31
0.000
  0
LINE
  8
DEV_CONTOUR
  6
CONTINUOUS
 62
     3
 10
1028.488
 20
-1279.651
 30
0.000
 11
1032.034
 21
-1281.027
 31
0.000
  0
LINE
  8
DEV_CONTOUR
  6
CONTINUOUS
 62
     3
 10
1032.034
 20
-1281.027
 30
0.000
 11
1035.581
 21
-1282.394
 31
0.000
  0
LINE
  8
DEV_CONTOUR
  6
CONTINUOUS
 62
     3
 10
1035.581
 20
-1282.394
 30
0.000
 11
1039.127
 21
-1283.751
 31
0.000
  0
LINE
  8
DEV_CONTOUR
  6
CONTINUOUS
 62
     3
 10
1039.127
 20
-1283.751
 30
0.000
 11
1042.674
 21
-1285.098
 31
0.000
  0
LINE
  8
DEV_CONTOUR
  6
CONTINUOUS
 62
     3
 10
1042.674
 20
-1285.098
 30
0.000
 11
1046.220
 21
-1286.435
 31
0.000
  0
LINE
  8
DEV_CONTOUR
  6
CONTINUOUS
 62
     3
 10
1046.220
 20
-1286.435
 30
0.000
 11
1049.767
 21
-1287.761
 31
0.000
  0
LINE
  8
DEV_CONTOUR
  6
CONTINUOUS
 62
     3
 10
1049.767
 20
-1287.761
 30
0.000
 11
1053.313
 21
-1289.075
 31
0.000
  0
LINE
  8
DEV_CONTOUR
  6
CONTINUOUS
 62
     3
 10
1053.313
 20
-1289.075
 30
0.000
 11
1056.860
 21
-1290.378
 31
0.000
  0
LINE
  8
DEV_CONTOUR
  6
CONTINUOUS
 62
     3
 10
1056.860
 20
-1290.378
 30
0.000
 11
1060.406
 21
-1291.669
 31
0.000
  0
LINE
  8
DEV_CONTOUR
  6
CONTINUOUS
 62
     3
 10
1060.406
 20
-1291.669
 30
0.000
 11
1063.953
 21
-1292.948
 31
0.000
  0
LINE
  8
DEV_CONTOUR
  6
CONTINUOUS
 62
     3
 10
1063.953
 20
-1292.948
 30
0.000
 11
1067.499
 21
-1294.213
 31
0.000
  0
LINE
  8
DEV_CONTOUR
  6
CONTINUOUS
 62
     3
 10
1067.499
 20
-1294.213
 30
0.000
 11
1071.046
 21
-1295.466
 31
0.000
  0
LINE
  8
DEV_CONTOUR
  6
CONTINUOUS
 62
     3
 10
1071.046
 20
-1295.466
 30
0.000
 11
1074.592
 21
-1296.705
 31
0.000
  0
LINE
  8
DEV_CONTOUR
  6
CONTINUOUS
 62
     3
 10
1074.592
 20
-1296.705
 30
0.000
 11
1078.139
 21
-1297.930
 31
0.000
  0
LINE
  8
DEV_CONTOUR
  6
CONTINUOUS
 62
     3
 10
1078.139
 20
-1297.930
 30
0.000
 11
1081.685
 21
-1299.141
 31
0.000
  0
LINE
  8
DEV_CONTOUR
  6
CONTINUOUS
 62
     3
 10
1081.685
 20
-1299.141
 30
0.000
 11
1085.232
 21
-1300.336
 31
0.000
  0
LINE
  8
DEV_CONTOUR
  6
CONTINUOUS
 62
     3
 10
1085.232
 20
-1300.336
 30
0.000
 11
1088.778
 21
-1301.517
 31
0.000
  0
LINE
  8
DEV_CONTOUR
  6
CONTINUOUS
 62
     3
 10
1088.778
 20
-1301.517
 30
0.000
 11
1092.325
 21
-1302.683
 31
0.000
  0
LINE
  8
DEV_CONTOUR
  6
CONTINUOUS
 62
     3
 10
1092.325
 20
-1302.683
 30
0.000
 11
1095.871
 21
-1303.832
 31
0.000
  0
LINE
  8
DEV_CONTOUR
  6
CONTINUOUS
 62
     3
 10
1095.871
 20
-1303.832
 30
0.000
 11
1099.418
 21
-1304.966
 31
0.000
  0
LINE
  8
DEV_CONTOUR
  6
CONTINUOUS
 62
     3
 10
1099.418
 20
-1304.966
 30
0.000
 11
1102.964
 21
-1306.083
 31
0.000
  0
LINE
  8
DEV_CONTOUR
  6
CONTINUOUS
 62
     3
 10
1102.964
 20
-1306.083
 30
0.000
 11
1106.511
 21
-1307.183
 31
0.000
  0
LINE
  8
DEV_CONTOUR
  6
CONTINUOUS
 62
     3
 10
1106.511
 20
-1307.183
 30
0.000
 11
1110.057
 21
-1308.266
 31
0.000
  0
LINE
  8
DEV_CONTOUR
  6
CONTINUOUS
 62
     3
 10
1110.057
 20
-1308.266
 30
0.000
 11
1113.604
 21
-1309.332
 31
0.000
  0
LINE
  8
DEV_CONTOUR
  6
CONTINUOUS
 62
     3
 10
1113.604
 20
-1309.332
 30
0.000
 11
1117.150
 21
-1310.380
 31
0.000
  0
LINE
  8
DEV_CONTOUR
  6
CONTINUOUS
 62
     3
 10
1117.150
 20
-1310.380
 30
0.000
 11
1120.697
 21
-1311.409
 31
0.000
  0
LINE
  8
DEV_CONTOUR
  6
CONTINUOUS
 62
     3
 10
1120.697
 20
-1311.409
 30
0.000
 11
1124.243
 21
-1312.420
 31
0.000
  0
LINE
  8
DEV_CONTOUR
  6
CONTINUOUS
 62
     3
 10
1124.243
 20
-1312.420
 30
0.000
 11
1127.790
 21
-1313.413
 31
0.000
  0
LINE
  8
DEV_CONTOUR
  6
CONTINUOUS
 62
     3
 10
1127.790
 20
-1313.413
 30
0.000
 11
1131.336
 21
-1314.386
 31
0.000
  0
LINE
  8
DEV_CONTOUR
  6
CONTINUOUS
 62
     3
 10
1131.336
 20
-1314.386
 30
0.000
 11
1134.883
 21
-1315.340
 31
0.000
  0
LINE
  8
DEV_CONTOUR
  6
CONTINUOUS
 62
     3
 10
1134.883
 20
-1315.340
 30
0.000
 11
1138.429
 21
-1316.275
 31
0.000
  0
LINE
  8
DEV_CONTOUR
  6
CONTINUOUS
 62
     3
 10
1138.429
 20
-1316.275
 30
0.000
 11
1141.976
 21
-1317.189
 31
0.000
  0
LINE
  8
DEV_CONTOUR
  6
CONTINUOUS
 62
     3
 10
1141.976
 20
-1317.189
 30
0.000
 11
1145.522
 21
-1318.083
 31
0.000
  0
LINE
  8
DEV_CONTOUR
  6
CONTINUOUS
 62
     3
 10
1145.522
 20
-1318.083
 30
0.000
 11
1149.069
 21
-1318.957
 31
0.000
  0
LINE
  8
DEV_CONTOUR
  6
CONTINUOUS
 62
     3
 10
1149.069
 20
-1318.957
 30
0.000
 11
1152.615
 21
-1319.810
 31
0.000
  0
LINE
  8
DEV_CONTOUR
  6
CONTINUOUS
 62
     3
 10
1152.615
 20
-1319.810
 30
0.000
 11
1156.162
 21
-1320.642
 31
0.000
  0
LINE
  8
DEV_CONTOUR
  6
CONTINUOUS
 62
     3
 10
1156.162
 20
-1320.642
 30
0.000
 11
1159.708
 21
-1321.453
 31
0.000
  0
LINE
  8
DEV_CONTOUR
  6
CONTINUOUS
 62
     3
 10
1159.708
 20
-1321.453
 30
0.000
 11
1163.255
 21
-1322.242
 31
0.000
  0
LINE
  8
DEV_CONTOUR
  6
CONTINUOUS
 62
     3
 10
1163.255
 20
-1322.242
 30
0.000
 11
1166.801
 21
-1323.010
 31
0.000
  0
LINE
  8
DEV_CONTOUR
  6
CONTINUOUS
 62
     3
 10
1166.801
 20
-1323.010
 30
0.000
 11
1170.348
 21
-1323.755
 31
0.000
  0
LINE
  8
DEV_CONTOUR
  6
CONTINUOUS
 62
     3
 10
1170.348
 20
-1323.755
 30
0.000
 11
1173.894
 21
-1324.479
 31
0.000
  0
LINE
  8
DEV_CONTOUR
  6
CONTINUOUS
 62
     3
 10
1173.894
 20
-1324.479
 30
0.000
 11
1177.441
 21
-1325.180
 31
0.000
  0
LINE
  8
DEV_CONTOUR
  6
CONTINUOUS
 62
     3
 10
1177.441
 20
-1325.180
 30
0.000
 11
1180.988
 21
-1325.858
 31
0.000
  0
LINE
  8
DEV_CONTOUR
  6
CONTINUOUS
 62
     3
 10
1180.988
 20
-1325.858
 30
0.000
 11
1184.534
 21
-1326.513
 31
0.000
  0
LINE
  8
DEV_CONTOUR
  6
CONTINUOUS
 62
     3
 10
1184.534
 20
-1326.513
 30
0.000
 11
1188.081
 21
-1327.146
 31
0.000
  0
LINE
  8
DEV_CONTOUR
  6
CONTINUOUS
 62
     3
 10
1188.081
 20
-1327.146
 30
0.000
 11
1191.627
 21
-1327.755
 31
0.000
  0
LINE
  8
DEV_CONTOUR
  6
CONTINUOUS
 62
     3
 10
1191.627
 20
-1327.755
 30
0.000
 11
1195.174
 21
-1328.341
 31
0.000
  0
LINE
  8
DEV_CONTOUR
  6
CONTINUOUS
 62
     3
 10
1195.174
 20
-1328.341
 30
0.000
 11
1198.720
 21
-1328.903
 31
0.000
  0
LINE
  8
DEV_CONTOUR
  6
CONTINUOUS
 62
     3
 10
1198.720
 20
-1328.903
 30
0.000
 11
1202.267
 21
-1329.441
 31
0.000
  0
LINE
  8
DEV_CONTOUR
  6
CONTINUOUS
 62
     3
 10
1202.267
 20
-1329.441
 30
0.000
 11
1205.813
 21
-1329.956
 31
0.000
  0
LINE
  8
DEV_CONTOUR
  6
CONTINUOUS
 62
     3
 10
1205.813
 20
-1329.956
 30
0.000
 11
1209.360
 21
-1330.446
 31
0.000
  0
LINE
  8
DEV_CONTOUR
  6
CONTINUOUS
 62
     3
 10
1209.360
 20
-1330.446
 30
0.000
 11
1212.906
 21
-1330.912
 31
0.000
  0
LINE
  8
DEV_CONTOUR
  6
CONTINUOUS
 62
     3
 10
1212.906
 20
-1330.912
 30
0.000
 11
1216.453
 21
-1331.354
 31
0.000
  0
LINE
  8
DEV_CONTOUR
  6
CONTINUOUS
 62
     3
 10
1216.453
 20
-1331.354
 30
0.000
 11
1219.999
 21
-1331.771
 31
0.000
  0
LINE
  8
DEV_CONTOUR
  6
CONTINUOUS
 62
     3
 10
1219.999
 20
-1331.771
 30
0.000
 11
1223.546
 21
-1332.164
 31
0.000
  0
LINE
  8
DEV_CONTOUR
  6
CONTINUOUS
 62
     3
 10
1223.546
 20
-1332.164
 30
0.000
 11
1227.092
 21
-1332.532
 31
0.000
  0
LINE
  8
DEV_CONTOUR
  6
CONTINUOUS
 62
     3
 10
1227.092
 20
-1332.532
 30
0.000
 11
1230.639
 21
-1332.875
 31
0.000
  0
LINE
  8
DEV_CONTOUR
  6
CONTINUOUS
 62
     3
 10
1230.639
 20
-1332.875
 30
0.000
 11
1234.185
 21
-1333.193
 31
0.000
  0
LINE
  8
DEV_CONTOUR
  6
CONTINUOUS
 62
     3
 10
1234.185
 20
-1333.193
 30
0.000
 11
1237.732
 21
-1333.485
 31
0.000
  0
LINE
  8
DEV_CONTOUR
  6
CONTINUOUS
 62
     3
 10
1237.732
 20
-1333.485
 30
0.000
 11
1241.278
 21
-1333.753
 31
0.000
  0
LINE
  8
DEV_CONTOUR
  6
CONTINUOUS
 62
     3
 10
1241.278
 20
-1333.753
 30
0.000
 11
1244.825
 21
-1333.996
 31
0.000
  0
LINE
  8
DEV_CONTOUR
  6
CONTINUOUS
 62
     3
 10
1244.825
 20
-1333.996
 30
0.000
 11
1248.371
 21
-1334.213
 31
0.000
  0
LINE
  8
DEV_CONTOUR
  6
CONTINUOUS
 62
     3
 10
1248.371
 20
-1334.213
 30
0.000
 11
1251.918
 21
-1334.404
 31
0.000
  0
LINE
  8
DEV_CONTOUR
  6
CONTINUOUS
 62
     3
 10
1251.918
 20
-1334.404
 30
0.000
 11
1255.464
 21
-1334.571
 31
0.000
  0
LINE
  8
DEV_CONTOUR
  6
CONTINUOUS
 62
     3
 10
1255.464
 20
-1334.571
 30
0.000
 11
1259.011
 21
-1334.712
 31
0.000
  0
LINE
  8
DEV_CONTOUR
  6
CONTINUOUS
 62
     3
 10
1259.011
 20
-1334.712
 30
0.000
 11
1262.557
 21
-1334.827
 31
0.000
  0
LINE
  8
DEV_CONTOUR
  6
CONTINUOUS
 62
     3
 10
1262.557
 20
-1334.827
 30
0.000
 11
1266.104
 21
-1334.916
 31
0.000
  0
LINE
  8
DEV_CONTOUR
  6
CONTINUOUS
 62
     3
 10
1266.104
 20
-1334.916
 30
0.000
 11
1269.650
 21
-1334.981
 31
0.000
  0
LINE
  8
DEV_CONTOUR
  6
CONTINUOUS
 62
     3
 10
1269.650
 20
-1334.981
 30
0.000
 11
1273.197
 21
-1335.019
 31
0.000
  0
LINE
  8
DEV_CONTOUR
  6
CONTINUOUS
 62
     3
 10
1273.197
 20
-1335.019
 30
0.000
 11
1276.743
 21
-1335.032
 31
0.000
  0
LINE
  8
DEV_SOUDURE
  6
CONTINUOUS
 62
     1
 10
0.000
 20
-1419.200
 30
0.000
 11
0.000
 21
-1335.032
 31
0.000
  0
LINE
  8
DEV_SOUDURE
  6
CONTINUOUS
 62
     1
 10
1276.743
 20
-1419.200
 30
0.000
 11
1276.743
 21
-1335.032
 31
0.000
  0
LINE
  8
DEV_GENERATRICES
  6
CONTINUOUS
 62
     7
 10
0.000
 20
-1419.200
 30
0.000
 11
0.000
 21
-1335.032
 31
0.000
  0
CIRCLE
  8
DEV_POINTS
 62
     4
 10
0.000
 20
-1419.200
 30
0.000
 40
1.000
  0
CIRCLE
  8
DEV_POINTS
 62
     3
 10
0.000
 20
-1335.032
 30
0.000
 40
1.500
  0
TEXT
  8
DEV_TEXTE
 62
     7
 10
0.000
 20
-1427.200
 30
0.000
 40
3.500
  1
0
  0
TEXT
  8
DEV_COTES
 62
     2
 10
2.000
 20
-1377.116
 30
0.000
 40
3.000
  1
84.2
  0
LINE
  8
DEV_GENERATRICES
  6
CONTINUOUS
 62
     7
 10
106.395
 20
-1419.200
 30
0.000
 11
106.395
 21
-1323.755
 31
0.000
  0
CIRCLE
  8
DEV_POINTS
 62
     4
 10
106.395
 20
-1419.200
 30
0.000
 40
1.000
  0
CIRCLE
  8
DEV_POINTS
 62
     3
 10
106.395
 20
-1323.755
 30
0.000
 40
1.500
  0
TEXT
  8
DEV_TEXTE
 62
     7
 10
106.395
 20
-1427.200
 30
0.000
 40
3.500
  1
1
  0
TEXT
  8
DEV_COTES
 62
     2
 10
108.395
 20
-1371.478
 30
0.000
 40
3.000
  1
95.4
  0
LINE
  8
DEV_GENERATRICES
  6
CONTINUOUS
 62
     7
 10
212.791
 20
-1419.200
 30
0.000
 11
212.791
 21
-1292.948
 31
0.000
  0
CIRCLE
  8
DEV_POINTS
 62
     4
 10
212.791
 20
-1419.200
 30
0.000
 40
1.000
  0
CIRCLE
  8
DEV_POINTS
 62
     3
 10
212.791
 20
-1292.948
 30
0.000
 40
1.500
  0
TEXT
  8
DEV_TEXTE
 62
     7
 10
212.791
 20
-1427.200
 30
0.000
 40
3.500
  1
2
  0
TEXT
  8
DEV_COTES
 62
     2
 10
214.791
 20
-1356.074
 30
0.000
 40
3.000
  1
126.3
  0
LINE
  8
DEV_GENERATRICES
  6
CONTINUOUS
 62
     7
 10
319.186
 20
-1419.200
 30
0.000
 11
319.186
 21
-1250.864
 31
0.000
  0
CIRCLE
  8
DEV_POINTS
 62
     4
 10
319.186
 20
-1419.200
 30
0.000
 40
1.000
  0
CIRCLE
  8
DEV_POINTS
 62
     3
 10
319.186
 20
-1250.864
 30
0.000
 40
1.500
  0
TEXT
  8
DEV_TEXTE
 62
     7
 10
319.186
 20
-1427.200
 30
0.000
 40
3.500
  1
3
  0
TEXT
  8
DEV_COTES
 62
     2
 10
321.186
 20
-1335.032
 30
0.000
 40
3.000
  1
168.3
  0
LINE
  8
DEV_GENERATRICES
  6
CONTINUOUS
 62
     7
 10
425.581
 20
-1419.200
 30
0.000
 11
425.581
 21
-1208.780
 31
0.000
  0
CIRCLE
  8
DEV_POINTS
 62
     4
 10
425.581
 20
-1419.200
 30
0.000
 40
1.000
  0
CIRCLE
  8
DEV_POINTS
 62
     3
 10
425.581
 20
-1208.780
 30
0.000
 40
1.500
  0
TEXT
  8
DEV_TEXTE
 62
     7
 10
425.581
 20
-1427.200
 30
0.000
 40
3.500
  1
4
  0
TEXT
  8
DEV_COTES
 62
     2
 10
427.581
 20
-1313.990
 30
0.000
 40
3.000
  1
210.4
  0
LINE
  8
DEV_GENERATRICES
  6
CONTINUOUS
 62
     7
 10
531.976
 20
-1419.200
 30
0.000
 11
531.976
 21
-1177.972
 31
0.000
  0
CIRCLE
  8
DEV_POINTS
 62
     4
 10
531.976
 20
-1419.200
 30
0.000
 40
1.000
  0
CIRCLE
  8
DEV_POINTS
 62
     3
 10
531.976
 20
-1177.972
 30
0.000
 40
1.500
  0
TEXT
  8
DEV_TEXTE
 62
     7
 10
531.976
 20
-1427.200
 30
0.000
 40
3.500
  1
5
  0
TEXT
  8
DEV_COTES
 62
     2
 10
533.976
 20
-1298.586
 30
0.000
 40
3.000
  1
241.2
  0
LINE
  8
DEV_GENERATRICES
  6
CONTINUOUS
 62
     7
 10
638.372
 20
-1419.200
 30
0.000
 11
638.372
 21
-1166.695
 31
0.000
  0
CIRCLE
  8
DEV_POINTS
 62
     4
 10
638.372
 20
-1419.200
 30
0.000
 40
1.000
  0
CIRCLE
  8
DEV_POINTS
 62
     3
 10
638.372
 20
-1166.695
 30
0.000
 40
1.500
  0
TEXT
  8
DEV_TEXTE
 62
     7
 10
638.372
 20
-1427.200
 30
0.000
 40
3.500
  1
6
  0
TEXT
  8
DEV_COTES
 62
     2
 10
640.372
 20
-1292.948
 30
0.000
 40
3.000
  1
252.5
  0
LINE
  8
DEV_GENERATRICES
  6
CONTINUOUS
 62
     7
 10
744.767
 20
-1419.200
 30
0.000
 11
744.767
 21
-1177.972
 31
0.000
  0
CIRCLE
  8
DEV_POINTS
 62
     4
 10
744.767
 20
-1419.200
 30
0.000
 40
1.000
  0
CIRCLE
  8
DEV_POINTS
 62
     3
 10
744.767
 20
-1177.972
 30
0.000
 40
1.500
  0
TEXT
  8
DEV_TEXTE
 62
     7
 10
744.767
 20
-1427.200
 30
0.000
 40
3.500
  1
7
  0
TEXT
  8
DEV_COTES
 62
     2
 10
746.767
 20
-1298.586
 30
0.000
 40
3.000
  1
241.2
  0
LINE
  8
DEV_GENERATRICES
  6
CONTINUOUS
 62
     7
 10
851.162
 20
-1419.200
 30
0.000
 11
851.162
 21
-1208.780
 31
0.000
  0
CIRCLE
  8
DEV_POINTS
 62
     4
 10
851.162
 20
-1419.200
 30
0.000
 40
1.000
  0
CIRCLE
  8
DEV_POINTS
 62
     3
 10
851.162
 20
-1208.780
 30
0.000
 40
1.500
  0
TEXT
  8
DEV_TEXTE
 62
     7
 10
851.162
 20
-1427.200
 30
0.000
 40
3.500
  1
8
  0
TEXT
  8
DEV_COTES
 62
     2
 10
853.162
 20
-1313.990
 30
0.000
 40
3.000
  1
210.4
  0
LINE
  8
DEV_GENERATRICES
  6
CONTINUOUS
 62
     7
 10
957.557
 20
-1419.200
 30
0.000
 11
957.557
 21
-1250.864
 31
0.000
  0
CIRCLE
  8
DEV_POINTS
 62
     4
 10
957.557
 20
-1419.200
 30
0.000
 40
1.000
  0
CIRCLE
  8
DEV_POINTS
 62
     3
 10
957.557
 20
-1250.864
 30
0.000
 40
1.500
  0
TEXT
  8
DEV_TEXTE
 62
     7
 10
957.557
 20
-1427.200
 30
0.000
 40
3.500
  1
9
  0
TEXT
  8
DEV_COTES
 62
     2
 10
959.557
 20
-1335.032
 30
0.000
 40
3.000
  1
168.3
  0
LINE
  8
DEV_GENERATRICES
  6
CONTINUOUS
 62
     7
 10
1063.953
 20
-1419.200
 30
0.000
 11
1063.953
 21
-1292.948
 31
0.000
  0
CIRCLE
  8
DEV_POINTS
 62
     4
 10
1063.953
 20
-1419.200
 30
0.000
 40
1.000
  0
CIRCLE
  8
DEV_POINTS
 62
     3
 10
1063.953
 20
-1292.948
 30
0.000
 40
1.500
  0
TEXT
  8
DEV_TEXTE
 62
     7
 10
1063.953
 20
-1427.200
 30
0.000
 40
3.500
  1
10
  0
TEXT
  8
DEV_COTES
 62
     2
 10
1065.953
 20
-1356.074
 30
0.000
 40
3.000
  1
126.3
  0
LINE
  8
DEV_GENERATRICES
  6
CONTINUOUS
 62
     7
 10
1170.348
 20
-1419.200
 30
0.000
 11
1170.348
 21
-1323.755
 31
0.000
  0
CIRCLE
  8
DEV_POINTS
 62
     4
 10
1170.348
 20
-1419.200
 30
0.000
 40
1.000
  0
CIRCLE
  8
DEV_POINTS
 62
     3
 10
1170.348
 20
-1323.755
 30
0.000
 40
1.500
  0
TEXT
  8
DEV_TEXTE
 62
     7
 10
1170.348
 20
-1427.200
 30
0.000
 40
3.500
  1
11
  0
TEXT
  8
DEV_COTES
 62
     2
 10
1172.348
 20
-1371.478
 30
0.000
 40
3.000
  1
95.4
  0
LINE
  8
DEV_GENERATRICES
  6
CONTINUOUS
 62
     7
 10
1276.743
 20
-1419.200
 30
0.000
 11
1276.743
 21
-1335.032
 31
0.000
  0
CIRCLE
  8
DEV_POINTS
 62
     4
 10
1276.743
 20
-1419.200
 30
0.000
 40
1.000
  0
CIRCLE
  8
DEV_POINTS
 62
     3
 10
1276.743
 20
-1335.032
 30
0.000
 40
1.500
  0
TEXT
  8
DEV_TEXTE
 62
     7
 10
1276.743
 20
-1427.200
 30
0.000
 40
3.500
  1
12
  0
TEXT
  8
DEV_COTES
 62
     2
 10
1278.743
 20
-1377.116
 30
0.000
 40
3.000
  1
84.2
  0
LINE
  8
DEV_COTES
  6
CONTINUOUS
 62
     2
 10
0.000
 20
-1439.200
 30
0.000
 11
1276.743
 21
-1439.200
 31
0.000
  0
LINE
  8
DEV_COTES
  6
CONTINUOUS
 62
     2
 10
0.000
 20
-1442.200
 30
0.000
 11
0.000
 21
-1436.200
 31
0.000
  0
LINE
  8
DEV_COTES
  6
CONTINUOUS
 62
     2
 10
1276.743
 20
-1442.200
 30
0.000
 11
1276.743
 21
-1436.200
 31
0.000
  0
LINE
  8
DEV_COTES
  6
CONTINUOUS
 62
     2
 10
0.000
 20
-1419.200
 30
0.000
 11
0.000
 21
-1442.200
 31
0.000
  0
LINE
  8
DEV_COTES
  6
CONTINUOUS
 62
     2
 10
1276.743
 20
-1419.200
 30
0.000
 11
1276.743
 21
-1442.200
 31
0.000
  0
TEXT
  8
DEV_COTES
 62
     2
 10
618.372
 20
-1447.200
 30
0.000
 40
4.000
  1
Circ=1276.7mm
  0
LINE
  8
DEV_COTES
  6
CONTINUOUS
 62
     2
 10
0.000
 20
-1457.200
 30
0.000
 11
106.395
 21
-1457.200
 31
0.000
  0
LINE
  8
DEV_COTES
  6
CONTINUOUS
 62
     2
 10
0.000
 20
-1460.200
 30
0.000
 11
0.000
 21
-1454.200
 31
0.000
  0
LINE
  8
DEV_COTES
  6
CONTINUOUS
 62
     2
 10
106.395
 20
-1460.200
 30
0.000
 11
106.395
 21
-1454.200
 31
0.000
  0
TEXT
  8
DEV_COTES
 62
     2
 10
43.198
 20
-1465.200
 30
0.000
 40
3.500
  1
Step=106.4mm
  0
TEXT
  8
DEV_TEXTE
 62
     4
 10
0.000
 20
-972.191
 30
0.000
 40
7.000
  1
Sector 2 (Ellipse <> Ellipse)
  0
TEXT
  8
DEV_TEXTE
 62
     4
 10
0.000
 20
-982.191
 30
0.000
 40
4.000
  1
DE=406.4mm Rm=406.4mm Angle=180deg Sect=8 Gen=12
  0
LINE
  8
DEV_CONTOUR
  6
CONTINUOUS
 62
     6
 10
0.000
 20
-1328.864
 30
0.000
 11
3.547
 21
-1328.876
 31
0.000
  0
LINE
  8
DEV_CONTOUR
  6
CONTINUOUS
 62
     6
 10
3.547
 20
-1328.876
 30
0.000
 11
7.093
 21
-1328.915
 31
0.000
  0
LINE
  8
DEV_CONTOUR
  6
CONTINUOUS
 62
     6
 10
7.093
 20
-1328.915
 30
0.000
 11
10.640
 21
-1328.979
 31
0.000
  0
LINE
  8
DEV_CONTOUR
  6
CONTINUOUS
 62
     6
 10
10.640
 20
-1328.979
 30
0.000
 11
14.186
 21
-1329.069
 31
0.000
  0
LINE
  8
DEV_CONTOUR
  6
CONTINUOUS
 62
     6
 10
14.186
 20
-1329.069
 30
0.000
 11
17.733
 21
-1329.184
 31
0.000
  0
LINE
  8
DEV_CONTOUR
  6
CONTINUOUS
 62
     6
 10
17.733
 20
-1329.184
 30
0.000
 11
21.279
 21
-1329.325
 31
0.000
  0
LINE
  8
DEV_CONTOUR
  6
CONTINUOUS
 62
     6
 10
21.279
 20
-1329.325
 30
0.000
 11
24.826
 21
-1329.491
 31
0.000
  0
LINE
  8
DEV_CONTOUR
  6
CONTINUOUS
 62
     6
 10
24.826
 20
-1329.491
 30
0.000
 11
28.372
 21
-1329.683
 31
0.000
  0
LINE
  8
DEV_CONTOUR
  6
CONTINUOUS
 62
     6
 10
28.372
 20
-1329.683
 30
0.000
 11
31.919
 21
-1329.900
 31
0.000
  0
LINE
  8
DEV_CONTOUR
  6
CONTINUOUS
 62
     6
 10
31.919
 20
-1329.900
 30
0.000
 11
35.465
 21
-1330.142
 31
0.000
  0
LINE
  8
DEV_CONTOUR
  6
CONTINUOUS
 62
     6
 10
35.465
 20
-1330.142
 30
0.000
 11
39.012
 21
-1330.410
 31
0.000
  0
LINE
  8
DEV_CONTOUR
  6
CONTINUOUS
 62
     6
 10
39.012
 20
-1330.410
 30
0.000
 11
42.558
 21
-1330.703
 31
0.000
  0
LINE
  8
DEV_CONTOUR
  6
CONTINUOUS
 62
     6
 10
42.558
 20
-1330.703
 30
0.000
 11
46.105
 21
-1331.021
 31
0.000
  0
LINE
  8
DEV_CONTOUR
  6
CONTINUOUS
 62
     6
 10
46.105
 20
-1331.021
 30
0.000
 11
49.651
 21
-1331.364
 31
0.000
  0
LINE
  8
DEV_CONTOUR
  6
CONTINUOUS
 62
     6
 10
49.651
 20
-1331.364
 30
0.000
 11
53.198
 21
-1331.732
 31
0.000
  0
LINE
  8
DEV_CONTOUR
  6
CONTINUOUS
 62
     6
 10
53.198
 20
-1331.732
 30
0.000
 11
56.744
 21
-1332.124
 31
0.000
  0
LINE
  8
DEV_CONTOUR
  6
CONTINUOUS
 62
     6
 10
56.744
 20
-1332.124
 30
0.000
 11
60.291
 21
-1332.541
 31
0.000
  0
LINE
  8
DEV_CONTOUR
  6
CONTINUOUS
 62
     6
 10
60.291
 20
-1332.541
 30
0.000
 11
63.837
 21
-1332.983
 31
0.000
  0
LINE
  8
DEV_CONTOUR
  6
CONTINUOUS
 62
     6
 10
63.837
 20
-1332.983
 30
0.000
 11
67.384
 21
-1333.449
 31
0.000
  0
LINE
  8
DEV_CONTOUR
  6
CONTINUOUS
 62
     6
 10
67.384
 20
-1333.449
 30
0.000
 11
70.930
 21
-1333.940
 31
0.000
  0
LINE
  8
DEV_CONTOUR
  6
CONTINUOUS
 62
     6
 10
70.930
 20
-1333.940
 30
0.000
 11
74.477
 21
-1334.454
 31
0.000
  0
LINE
  8
DEV_CONTOUR
  6
CONTINUOUS
 62
     6
 10
74.477
 20
-1334.454
 30
0.000
 11
78.023
 21
-1334.992
 31
0.000
  0
LINE
  8
DEV_CONTOUR
  6
CONTINUOUS
 62
     6
 10
78.023
 20
-1334.992
 30
0.000
 11
81.570
 21
-1335.555
 31
0.000
  0
LINE
  8
DEV_CONTOUR
  6
CONTINUOUS
 62
     6
 10
81.570
 20
-1335.555
 30
0.000
 11
85.116
 21
-1336.140
 31
0.000
  0
LINE
  8
DEV_CONTOUR
  6
CONTINUOUS
 62
     6
 10
85.116
 20
-1336.140
 30
0.000
 11
88.663
 21
-1336.750
 31
0.000
  0
LINE
  8
DEV_CONTOUR
  6
CONTINUOUS
 62
     6
 10
88.663
 20
-1336.750
 30
0.000
 11
92.209
 21
-1337.382
 31
0.000
  0
LINE
  8
DEV_CONTOUR
  6
CONTINUOUS
 62
     6
 10
92.209
 20
-1337.382
 30
0.000
 11
95.756
 21
-1338.037
 31
0.000
  0
LINE
  8
DEV_CONTOUR
  6
CONTINUOUS
 62
     6
 10
95.756
 20
-1338.037
 30
0.000
 11
99.302
 21
-1338.716
 31
0.000
  0
LINE
  8
DEV_CONTOUR
  6
CONTINUOUS
 62
     6
 10
99.302
 20
-1338.716
 30
0.000
 11
102.849
 21
-1339.417
 31
0.000
  0
LINE
  8
DEV_CONTOUR
  6
CONTINUOUS
 62
     6
 10
102.849
 20
-1339.417
 30
0.000
 11
106.395
 21
-1340.140
 31
0.000
  0
LINE
  8
DEV_CONTOUR
  6
CONTINUOUS
 62
     6
 10
106.395
 20
-1340.140
 30
0.000
 11
109.942
 21
-1340.886
 31
0.000
  0
LINE
  8
DEV_CONTOUR
  6
CONTINUOUS
 62
     6
 10
109.942
 20
-1340.886
 30
0.000
 11
113.488
 21
-1341.653
 31
0.000
  0
LINE
  8
DEV_CONTOUR
  6
CONTINUOUS
 62
     6
 10
113.488
 20
-1341.653
 30
0.000
 11
117.035
 21
-1342.442
 31
0.000
  0
LINE
  8
DEV_CONTOUR
  6
CONTINUOUS
 62
     6
 10
117.035
 20
-1342.442
 30
0.000
 11
120.581
 21
-1343.253
 31
0.000
  0
LINE
  8
DEV_CONTOUR
  6
CONTINUOUS
 62
     6
 10
120.581
 20
-1343.253
 30
0.000
 11
124.128
 21
-1344.085
 31
0.000
  0
LINE
  8
DEV_CONTOUR
  6
CONTINUOUS
 62
     6
 10
124.128
 20
-1344.085
 30
0.000
 11
127.674
 21
-1344.938
 31
0.000
  0
LINE
  8
DEV_CONTOUR
  6
CONTINUOUS
 62
     6
 10
127.674
 20
-1344.938
 30
0.000
 11
131.221
 21
-1345.812
 31
0.000
  0
LINE
  8
DEV_CONTOUR
  6
CONTINUOUS
 62
     6
 10
131.221
 20
-1345.812
 30
0.000
 11
134.767
 21
-1346.706
 31
0.000
  0
LINE
  8
DEV_CONTOUR
  6
CONTINUOUS
 62
     6
 10
134.767
 20
-1346.706
 30
0.000
 11
138.314
 21
-1347.621
 31
0.000
  0
LINE
  8
DEV_CONTOUR
  6
CONTINUOUS
 62
     6
 10
138.314
 20
-1347.621
 30
0.000
 11
141.860
 21
-1348.555
 31
0.000
  0
LINE
  8
DEV_CONTOUR
  6
CONTINUOUS
 62
     6
 10
141.860
 20
-1348.555
 30
0.000
 11
145.407
 21
-1349.509
 31
0.000
  0
LINE
  8
DEV_CONTOUR
  6
CONTINUOUS
 62
     6
 10
145.407
 20
-1349.509
 30
0.000
 11
148.953
 21
-1350.483
 31
0.000
  0
LINE
  8
DEV_CONTOUR
  6
CONTINUOUS
 62
     6
 10
148.953
 20
-1350.483
 30
0.000
 11
152.500
 21
-1351.475
 31
0.000
  0
LINE
  8
DEV_CONTOUR
  6
CONTINUOUS
 62
     6
 10
152.500
 20
-1351.475
 30
0.000
 11
156.046
 21
-1352.486
 31
0.000
  0
LINE
  8
DEV_CONTOUR
  6
CONTINUOUS
 62
     6
 10
156.046
 20
-1352.486
 30
0.000
 11
159.593
 21
-1353.516
 31
0.000
  0
LINE
  8
DEV_CONTOUR
  6
CONTINUOUS
 62
     6
 10
159.593
 20
-1353.516
 30
0.000
 11
163.139
 21
-1354.564
 31
0.000
  0
LINE
  8
DEV_CONTOUR
  6
CONTINUOUS
 62
     6
 10
163.139
 20
-1354.564
 30
0.000
 11
166.686
 21
-1355.629
 31
0.000
  0
LINE
  8
DEV_CONTOUR
  6
CONTINUOUS
 62
     6
 10
166.686
 20
-1355.629
 30
0.000
 11
170.232
 21
-1356.712
 31
0.000
  0
LINE
  8
DEV_CONTOUR
  6
CONTINUOUS
 62
     6
 10
170.232
 20
-1356.712
 30
0.000
 11
173.779
 21
-1357.812
 31
0.000
  0
LINE
  8
DEV_CONTOUR
  6
CONTINUOUS
 62
     6
 10
173.779
 20
-1357.812
 30
0.000
 11
177.325
 21
-1358.930
 31
0.000
  0
LINE
  8
DEV_CONTOUR
  6
CONTINUOUS
 62
     6
 10
177.325
 20
-1358.930
 30
0.000
 11
180.872
 21
-1360.063
 31
0.000
  0
LINE
  8
DEV_CONTOUR
  6
CONTINUOUS
 62
     6
 10
180.872
 20
-1360.063
 30
0.000
 11
184.418
 21
-1361.213
 31
0.000
  0
LINE
  8
DEV_CONTOUR
  6
CONTINUOUS
 62
     6
 10
184.418
 20
-1361.213
 30
0.000
 11
187.965
 21
-1362.378
 31
0.000
  0
LINE
  8
DEV_CONTOUR
  6
CONTINUOUS
 62
     6
 10
187.965
 20
-1362.378
 30
0.000
 11
191.511
 21
-1363.559
 31
0.000
  0
LINE
  8
DEV_CONTOUR
  6
CONTINUOUS
 62
     6
 10
191.511
 20
-1363.559
 30
0.000
 11
195.058
 21
-1364.755
 31
0.000
  0
LINE
  8
DEV_CONTOUR
  6
CONTINUOUS
 62
     6
 10
195.058
 20
-1364.755
 30
0.000
 11
198.605
 21
-1365.966
 31
0.000
  0
LINE
  8
DEV_CONTOUR
  6
CONTINUOUS
 62
     6
 10
198.605
 20
-1365.966
 30
0.000
 11
202.151
 21
-1367.191
 31
0.000
  0
LINE
  8
DEV_CONTOUR
  6
CONTINUOUS
 62
     6
 10
202.151
 20
-1367.191
 30
0.000
 11
205.698
 21
-1368.429
 31
0.000
  0
LINE
  8
DEV_CONTOUR
  6
CONTINUOUS
 62
     6
 10
205.698
 20
-1368.429
 30
0.000
 11
209.244
 21
-1369.682
 31
0.000
  0
LINE
  8
DEV_CONTOUR
  6
CONTINUOUS
 62
     6
 10
209.244
 20
-1369.682
 30
0.000
 11
212.791
 21
-1370.948
 31
0.000
  0
LINE
  8
DEV_CONTOUR
  6
CONTINUOUS
 62
     6
 10
212.791
 20
-1370.948
 30
0.000
 11
216.337
 21
-1372.226
 31
0.000
  0
LINE
  8
DEV_CONTOUR
  6
CONTINUOUS
 62
     6
 10
216.337
 20
-1372.226
 30
0.000
 11
219.884
 21
-1373.517
 31
0.000
  0
LINE
  8
DEV_CONTOUR
  6
CONTINUOUS
 62
     6
 10
219.884
 20
-1373.517
 30
0.000
 11
223.430
 21
-1374.820
 31
0.000
  0
LINE
  8
DEV_CONTOUR
  6
CONTINUOUS
 62
     6
 10
223.430
 20
-1374.820
 30
0.000
 11
226.977
 21
-1376.135
 31
0.000
  0
LINE
  8
DEV_CONTOUR
  6
CONTINUOUS
 62
     6
 10
226.977
 20
-1376.135
 30
0.000
 11
230.523
 21
-1377.461
 31
0.000
  0
LINE
  8
DEV_CONTOUR
  6
CONTINUOUS
 62
     6
 10
230.523
 20
-1377.461
 30
0.000
 11
234.070
 21
-1378.798
 31
0.000
  0
LINE
  8
DEV_CONTOUR
  6
CONTINUOUS
 62
     6
 10
234.070
 20
-1378.798
 30
0.000
 11
237.616
 21
-1380.145
 31
0.000
  0
LINE
  8
DEV_CONTOUR
  6
CONTINUOUS
 62
     6
 10
237.616
 20
-1380.145
 30
0.000
 11
241.163
 21
-1381.502
 31
0.000
  0
LINE
  8
DEV_CONTOUR
  6
CONTINUOUS
 62
     6
 10
241.163
 20
-1381.502
 30
0.000
 11
244.709
 21
-1382.869
 31
0.000
  0
LINE
  8
DEV_CONTOUR
  6
CONTINUOUS
 62
     6
 10
244.709
 20
-1382.869
 30
0.000
 11
248.256
 21
-1384.245
 31
0.000
  0
LINE
  8
DEV_CONTOUR
  6
CONTINUOUS
 62
     6
 10
248.256
 20
-1384.245
 30
0.000
 11
251.802
 21
-1385.629
 31
0.000
  0
LINE
  8
DEV_CONTOUR
  6
CONTINUOUS
 62
     6
 10
251.802
 20
-1385.629
 30
0.000
 11
255.349
 21
-1387.022
 31
0.000
  0
LINE
  8
DEV_CONTOUR
  6
CONTINUOUS
 62
     6
 10
255.349
 20
-1387.022
 30
0.000
 11
258.895
 21
-1388.423
 31
0.000
  0
LINE
  8
DEV_CONTOUR
  6
CONTINUOUS
 62
     6
 10
258.895
 20
-1388.423
 30
0.000
 11
262.442
 21
-1389.832
 31
0.000
  0
LINE
  8
DEV_CONTOUR
  6
CONTINUOUS
 62
     6
 10
262.442
 20
-1389.832
 30
0.000
 11
265.988
 21
-1391.247
 31
0.000
  0
LINE
  8
DEV_CONTOUR
  6
CONTINUOUS
 62
     6
 10
265.988
 20
-1391.247
 30
0.000
 11
269.535
 21
-1392.670
 31
0.000
  0
LINE
  8
DEV_CONTOUR
  6
CONTINUOUS
 62
     6
 10
269.535
 20
-1392.670
 30
0.000
 11
273.081
 21
-1394.098
 31
0.000
  0
LINE
  8
DEV_CONTOUR
  6
CONTINUOUS
 62
     6
 10
273.081
 20
-1394.098
 30
0.000
 11
276.628
 21
-1395.532
 31
0.000
  0
LINE
  8
DEV_CONTOUR
  6
CONTINUOUS
 62
     6
 10
276.628
 20
-1395.532
 30
0.000
 11
280.174
 21
-1396.972
 31
0.000
  0
LINE
  8
DEV_CONTOUR
  6
CONTINUOUS
 62
     6
 10
280.174
 20
-1396.972
 30
0.000
 11
283.721
 21
-1398.416
 31
0.000
  0
LINE
  8
DEV_CONTOUR
  6
CONTINUOUS
 62
     6
 10
283.721
 20
-1398.416
 30
0.000
 11
287.267
 21
-1399.865
 31
0.000
  0
LINE
  8
DEV_CONTOUR
  6
CONTINUOUS
 62
     6
 10
287.267
 20
-1399.865
 30
0.000
 11
290.814
 21
-1401.318
 31
0.000
  0
LINE
  8
DEV_CONTOUR
  6
CONTINUOUS
 62
     6
 10
290.814
 20
-1401.318
 30
0.000
 11
294.360
 21
-1402.774
 31
0.000
  0
LINE
  8
DEV_CONTOUR
  6
CONTINUOUS
 62
     6
 10
294.360
 20
-1402.774
 30
0.000
 11
297.907
 21
-1404.234
 31
0.000
  0
LINE
  8
DEV_CONTOUR
  6
CONTINUOUS
 62
     6
 10
297.907
 20
-1404.234
 30
0.000
 11
301.453
 21
-1405.696
 31
0.000
  0
LINE
  8
DEV_CONTOUR
  6
CONTINUOUS
 62
     6
 10
301.453
 20
-1405.696
 30
0.000
 11
305.000
 21
-1407.161
 31
0.000
  0
LINE
  8
DEV_CONTOUR
  6
CONTINUOUS
 62
     6
 10
305.000
 20
-1407.161
 30
0.000
 11
308.546
 21
-1408.627
 31
0.000
  0
LINE
  8
DEV_CONTOUR
  6
CONTINUOUS
 62
     6
 10
308.546
 20
-1408.627
 30
0.000
 11
312.093
 21
-1410.094
 31
0.000
  0
LINE
  8
DEV_CONTOUR
  6
CONTINUOUS
 62
     6
 10
312.093
 20
-1410.094
 30
0.000
 11
315.639
 21
-1411.563
 31
0.000
  0
LINE
  8
DEV_CONTOUR
  6
CONTINUOUS
 62
     6
 10
315.639
 20
-1411.563
 30
0.000
 11
319.186
 21
-1413.032
 31
0.000
  0
LINE
  8
DEV_CONTOUR
  6
CONTINUOUS
 62
     6
 10
319.186
 20
-1413.032
 30
0.000
 11
322.732
 21
-1414.501
 31
0.000
  0
LINE
  8
DEV_CONTOUR
  6
CONTINUOUS
 62
     6
 10
322.732
 20
-1414.501
 30
0.000
 11
326.279
 21
-1415.969
 31
0.000
  0
LINE
  8
DEV_CONTOUR
  6
CONTINUOUS
 62
     6
 10
326.279
 20
-1415.969
 30
0.000
 11
329.825
 21
-1417.437
 31
0.000
  0
LINE
  8
DEV_CONTOUR
  6
CONTINUOUS
 62
     6
 10
329.825
 20
-1417.437
 30
0.000
 11
333.372
 21
-1418.903
 31
0.000
  0
LINE
  8
DEV_CONTOUR
  6
CONTINUOUS
 62
     6
 10
333.372
 20
-1418.903
 30
0.000
 11
336.918
 21
-1420.368
 31
0.000
  0
LINE
  8
DEV_CONTOUR
  6
CONTINUOUS
 62
     6
 10
336.918
 20
-1420.368
 30
0.000
 11
340.465
 21
-1421.830
 31
0.000
  0
LINE
  8
DEV_CONTOUR
  6
CONTINUOUS
 62
     6
 10
340.465
 20
-1421.830
 30
0.000
 11
344.011
 21
-1423.289
 31
0.000
  0
LINE
  8
DEV_CONTOUR
  6
CONTINUOUS
 62
     6
 10
344.011
 20
-1423.289
 30
0.000
 11
347.558
 21
-1424.746
 31
0.000
  0
LINE
  8
DEV_CONTOUR
  6
CONTINUOUS
 62
     6
 10
347.558
 20
-1424.746
 30
0.000
 11
351.104
 21
-1426.199
 31
0.000
  0
LINE
  8
DEV_CONTOUR
  6
CONTINUOUS
 62
     6
 10
351.104
 20
-1426.199
 30
0.000
 11
354.651
 21
-1427.647
 31
0.000
  0
LINE
  8
DEV_CONTOUR
  6
CONTINUOUS
 62
     6
 10
354.651
 20
-1427.647
 30
0.000
 11
358.197
 21
-1429.092
 31
0.000
  0
LINE
  8
DEV_CONTOUR
  6
CONTINUOUS
 62
     6
 10
358.197
 20
-1429.092
 30
0.000
 11
361.744
 21
-1430.531
 31
0.000
  0
LINE
  8
DEV_CONTOUR
  6
CONTINUOUS
 62
     6
 10
361.744
 20
-1430.531
 30
0.000
 11
365.290
 21
-1431.966
 31
0.000
  0
LINE
  8
DEV_CONTOUR
  6
CONTINUOUS
 62
     6
 10
365.290
 20
-1431.966
 30
0.000
 11
368.837
 21
-1433.394
 31
0.000
  0
LINE
  8
DEV_CONTOUR
  6
CONTINUOUS
 62
     6
 10
368.837
 20
-1433.394
 30
0.000
 11
372.383
 21
-1434.816
 31
0.000
  0
LINE
  8
DEV_CONTOUR
  6
CONTINUOUS
 62
     6
 10
372.383
 20
-1434.816
 30
0.000
 11
375.930
 21
-1436.232
 31
0.000
  0
LINE
  8
DEV_CONTOUR
  6
CONTINUOUS
 62
     6
 10
375.930
 20
-1436.232
 30
0.000
 11
379.476
 21
-1437.640
 31
0.000
  0
LINE
  8
DEV_CONTOUR
  6
CONTINUOUS
 62
     6
 10
379.476
 20
-1437.640
 30
0.000
 11
383.023
 21
-1439.041
 31
0.000
  0
LINE
  8
DEV_CONTOUR
  6
CONTINUOUS
 62
     6
 10
383.023
 20
-1439.041
 30
0.000
 11
386.569
 21
-1440.434
 31
0.000
  0
LINE
  8
DEV_CONTOUR
  6
CONTINUOUS
 62
     6
 10
386.569
 20
-1440.434
 30
0.000
 11
390.116
 21
-1441.819
 31
0.000
  0
LINE
  8
DEV_CONTOUR
  6
CONTINUOUS
 62
     6
 10
390.116
 20
-1441.819
 30
0.000
 11
393.663
 21
-1443.195
 31
0.000
  0
LINE
  8
DEV_CONTOUR
  6
CONTINUOUS
 62
     6
 10
393.663
 20
-1443.195
 30
0.000
 11
397.209
 21
-1444.562
 31
0.000
  0
LINE
  8
DEV_CONTOUR
  6
CONTINUOUS
 62
     6
 10
397.209
 20
-1444.562
 30
0.000
 11
400.756
 21
-1445.919
 31
0.000
  0
LINE
  8
DEV_CONTOUR
  6
CONTINUOUS
 62
     6
 10
400.756
 20
-1445.919
 30
0.000
 11
404.302
 21
-1447.266
 31
0.000
  0
LINE
  8
DEV_CONTOUR
  6
CONTINUOUS
 62
     6
 10
404.302
 20
-1447.266
 30
0.000
 11
407.849
 21
-1448.603
 31
0.000
  0
LINE
  8
DEV_CONTOUR
  6
CONTINUOUS
 62
     6
 10
407.849
 20
-1448.603
 30
0.000
 11
411.395
 21
-1449.929
 31
0.000
  0
LINE
  8
DEV_CONTOUR
  6
CONTINUOUS
 62
     6
 10
411.395
 20
-1449.929
 30
0.000
 11
414.942
 21
-1451.243
 31
0.000
  0
LINE
  8
DEV_CONTOUR
  6
CONTINUOUS
 62
     6
 10
414.942
 20
-1451.243
 30
0.000
 11
418.488
 21
-1452.546
 31
0.000
  0
LINE
  8
DEV_CONTOUR
  6
CONTINUOUS
 62
     6
 10
418.488
 20
-1452.546
 30
0.000
 11
422.035
 21
-1453.837
 31
0.000
  0
LINE
  8
DEV_CONTOUR
  6
CONTINUOUS
 62
     6
 10
422.035
 20
-1453.837
 30
0.000
 11
425.581
 21
-1455.116
 31
0.000
  0
LINE
  8
DEV_CONTOUR
  6
CONTINUOUS
 62
     6
 10
425.581
 20
-1455.116
 30
0.000
 11
429.128
 21
-1456.382
 31
0.000
  0
LINE
  8
DEV_CONTOUR
  6
CONTINUOUS
 62
     6
 10
429.128
 20
-1456.382
 30
0.000
 11
432.674
 21
-1457.634
 31
0.000
  0
LINE
  8
DEV_CONTOUR
  6
CONTINUOUS
 62
     6
 10
432.674
 20
-1457.634
 30
0.000
 11
436.221
 21
-1458.873
 31
0.000
  0
LINE
  8
DEV_CONTOUR
  6
CONTINUOUS
 62
     6
 10
436.221
 20
-1458.873
 30
0.000
 11
439.767
 21
-1460.098
 31
0.000
  0
LINE
  8
DEV_CONTOUR
  6
CONTINUOUS
 62
     6
 10
439.767
 20
-1460.098
 30
0.000
 11
443.314
 21
-1461.309
 31
0.000
  0
LINE
  8
DEV_CONTOUR
  6
CONTINUOUS
 62
     6
 10
443.314
 20
-1461.309
 30
0.000
 11
446.860
 21
-1462.505
 31
0.000
  0
LINE
  8
DEV_CONTOUR
  6
CONTINUOUS
 62
     6
 10
446.860
 20
-1462.505
 30
0.000
 11
450.407
 21
-1463.685
 31
0.000
  0
LINE
  8
DEV_CONTOUR
  6
CONTINUOUS
 62
     6
 10
450.407
 20
-1463.685
 30
0.000
 11
453.953
 21
-1464.851
 31
0.000
  0
LINE
  8
DEV_CONTOUR
  6
CONTINUOUS
 62
     6
 10
453.953
 20
-1464.851
 30
0.000
 11
457.500
 21
-1466.001
 31
0.000
  0
LINE
  8
DEV_CONTOUR
  6
CONTINUOUS
 62
     6
 10
457.500
 20
-1466.001
 30
0.000
 11
461.046
 21
-1467.134
 31
0.000
  0
LINE
  8
DEV_CONTOUR
  6
CONTINUOUS
 62
     6
 10
461.046
 20
-1467.134
 30
0.000
 11
464.593
 21
-1468.251
 31
0.000
  0
LINE
  8
DEV_CONTOUR
  6
CONTINUOUS
 62
     6
 10
464.593
 20
-1468.251
 30
0.000
 11
468.139
 21
-1469.351
 31
0.000
  0
LINE
  8
DEV_CONTOUR
  6
CONTINUOUS
 62
     6
 10
468.139
 20
-1469.351
 30
0.000
 11
471.686
 21
-1470.434
 31
0.000
  0
LINE
  8
DEV_CONTOUR
  6
CONTINUOUS
 62
     6
 10
471.686
 20
-1470.434
 30
0.000
 11
475.232
 21
-1471.500
 31
0.000
  0
LINE
  8
DEV_CONTOUR
  6
CONTINUOUS
 62
     6
 10
475.232
 20
-1471.500
 30
0.000
 11
478.779
 21
-1472.548
 31
0.000
  0
LINE
  8
DEV_CONTOUR
  6
CONTINUOUS
 62
     6
 10
478.779
 20
-1472.548
 30
0.000
 11
482.325
 21
-1473.577
 31
0.000
  0
LINE
  8
DEV_CONTOUR
  6
CONTINUOUS
 62
     6
 10
482.325
 20
-1473.577
 30
0.000
 11
485.872
 21
-1474.589
 31
0.000
  0
LINE
  8
DEV_CONTOUR
  6
CONTINUOUS
 62
     6
 10
485.872
 20
-1474.589
 30
0.000
 11
489.418
 21
-1475.581
 31
0.000
  0
LINE
  8
DEV_CONTOUR
  6
CONTINUOUS
 62
     6
 10
489.418
 20
-1475.581
 30
0.000
 11
492.965
 21
-1476.554
 31
0.000
  0
LINE
  8
DEV_CONTOUR
  6
CONTINUOUS
 62
     6
 10
492.965
 20
-1476.554
 30
0.000
 11
496.511
 21
-1477.508
 31
0.000
  0
LINE
  8
DEV_CONTOUR
  6
CONTINUOUS
 62
     6
 10
496.511
 20
-1477.508
 30
0.000
 11
500.058
 21
-1478.443
 31
0.000
  0
LINE
  8
DEV_CONTOUR
  6
CONTINUOUS
 62
     6
 10
500.058
 20
-1478.443
 30
0.000
 11
503.604
 21
-1479.357
 31
0.000
  0
LINE
  8
DEV_CONTOUR
  6
CONTINUOUS
 62
     6
 10
503.604
 20
-1479.357
 30
0.000
 11
507.151
 21
-1480.252
 31
0.000
  0
LINE
  8
DEV_CONTOUR
  6
CONTINUOUS
 62
     6
 10
507.151
 20
-1480.252
 30
0.000
 11
510.697
 21
-1481.125
 31
0.000
  0
LINE
  8
DEV_CONTOUR
  6
CONTINUOUS
 62
     6
 10
510.697
 20
-1481.125
 30
0.000
 11
514.244
 21
-1481.978
 31
0.000
  0
LINE
  8
DEV_CONTOUR
  6
CONTINUOUS
 62
     6
 10
514.244
 20
-1481.978
 30
0.000
 11
517.790
 21
-1482.810
 31
0.000
  0
LINE
  8
DEV_CONTOUR
  6
CONTINUOUS
 62
     6
 10
517.790
 20
-1482.810
 30
0.000
 11
521.337
 21
-1483.621
 31
0.000
  0
LINE
  8
DEV_CONTOUR
  6
CONTINUOUS
 62
     6
 10
521.337
 20
-1483.621
 30
0.000
 11
524.883
 21
-1484.410
 31
0.000
  0
LINE
  8
DEV_CONTOUR
  6
CONTINUOUS
 62
     6
 10
524.883
 20
-1484.410
 30
0.000
 11
528.430
 21
-1485.178
 31
0.000
  0
LINE
  8
DEV_CONTOUR
  6
CONTINUOUS
 62
     6
 10
528.430
 20
-1485.178
 30
0.000
 11
531.976
 21
-1485.924
 31
0.000
  0
LINE
  8
DEV_CONTOUR
  6
CONTINUOUS
 62
     6
 10
531.976
 20
-1485.924
 30
0.000
 11
535.523
 21
-1486.647
 31
0.000
  0
LINE
  8
DEV_CONTOUR
  6
CONTINUOUS
 62
     6
 10
535.523
 20
-1486.647
 30
0.000
 11
539.069
 21
-1487.348
 31
0.000
  0
LINE
  8
DEV_CONTOUR
  6
CONTINUOUS
 62
     6
 10
539.069
 20
-1487.348
 30
0.000
 11
542.616
 21
-1488.026
 31
0.000
  0
LINE
  8
DEV_CONTOUR
  6
CONTINUOUS
 62
     6
 10
542.616
 20
-1488.026
 30
0.000
 11
546.162
 21
-1488.682
 31
0.000
  0
LINE
  8
DEV_CONTOUR
  6
CONTINUOUS
 62
     6
 10
546.162
 20
-1488.682
 30
0.000
 11
549.709
 21
-1489.314
 31
0.000
  0
LINE
  8
DEV_CONTOUR
  6
CONTINUOUS
 62
     6
 10
549.709
 20
-1489.314
 30
0.000
 11
553.255
 21
-1489.923
 31
0.000
  0
LINE
  8
DEV_CONTOUR
  6
CONTINUOUS
 62
     6
 10
553.255
 20
-1489.923
 30
0.000
 11
556.802
 21
-1490.509
 31
0.000
  0
LINE
  8
DEV_CONTOUR
  6
CONTINUOUS
 62
     6
 10
556.802
 20
-1490.509
 30
0.000
 11
560.348
 21
-1491.071
 31
0.000
  0
LINE
  8
DEV_CONTOUR
  6
CONTINUOUS
 62
     6
 10
560.348
 20
-1491.071
 30
0.000
 11
563.895
 21
-1491.610
 31
0.000
  0
LINE
  8
DEV_CONTOUR
  6
CONTINUOUS
 62
     6
 10
563.895
 20
-1491.610
 30
0.000
 11
567.441
 21
-1492.124
 31
0.000
  0
LINE
  8
DEV_CONTOUR
  6
CONTINUOUS
 62
     6
 10
567.441
 20
-1492.124
 30
0.000
 11
570.988
 21
-1492.614
 31
0.000
  0
LINE
  8
DEV_CONTOUR
  6
CONTINUOUS
 62
     6
 10
570.988
 20
-1492.614
 30
0.000
 11
574.534
 21
-1493.081
 31
0.000
  0
LINE
  8
DEV_CONTOUR
  6
CONTINUOUS
 62
     6
 10
574.534
 20
-1493.081
 30
0.000
 11
578.081
 21
-1493.522
 31
0.000
  0
LINE
  8
DEV_CONTOUR
  6
CONTINUOUS
 62
     6
 10
578.081
 20
-1493.522
 30
0.000
 11
581.627
 21
-1493.939
 31
0.000
  0
LINE
  8
DEV_CONTOUR
  6
CONTINUOUS
 62
     6
 10
581.627
 20
-1493.939
 30
0.000
 11
585.174
 21
-1494.332
 31
0.000
  0
LINE
  8
DEV_CONTOUR
  6
CONTINUOUS
 62
     6
 10
585.174
 20
-1494.332
 30
0.000
 11
588.721
 21
-1494.700
 31
0.000
  0
LINE
  8
DEV_CONTOUR
  6
CONTINUOUS
 62
     6
 10
588.721
 20
-1494.700
 30
0.000
 11
592.267
 21
-1495.043
 31
0.000
  0
LINE
  8
DEV_CONTOUR
  6
CONTINUOUS
 62
     6
 10
592.267
 20
-1495.043
 30
0.000
 11
595.814
 21
-1495.361
 31
0.000
  0
LINE
  8
DEV_CONTOUR
  6
CONTINUOUS
 62
     6
 10
595.814
 20
-1495.361
 30
0.000
 11
599.360
 21
-1495.654
 31
0.000
  0
LINE
  8
DEV_CONTOUR
  6
CONTINUOUS
 62
     6
 10
599.360
 20
-1495.654
 30
0.000
 11
602.907
 21
-1495.921
 31
0.000
  0
LINE
  8
DEV_CONTOUR
  6
CONTINUOUS
 62
     6
 10
602.907
 20
-1495.921
 30
0.000
 11
606.453
 21
-1496.164
 31
0.000
  0
LINE
  8
DEV_CONTOUR
  6
CONTINUOUS
 62
     6
 10
606.453
 20
-1496.164
 30
0.000
 11
610.000
 21
-1496.381
 31
0.000
  0
LINE
  8
DEV_CONTOUR
  6
CONTINUOUS
 62
     6
 10
610.000
 20
-1496.381
 30
0.000
 11
613.546
 21
-1496.573
 31
0.000
  0
LINE
  8
DEV_CONTOUR
  6
CONTINUOUS
 62
     6
 10
613.546
 20
-1496.573
 30
0.000
 11
617.093
 21
-1496.739
 31
0.000
  0
LINE
  8
DEV_CONTOUR
  6
CONTINUOUS
 62
     6
 10
617.093
 20
-1496.739
 30
0.000
 11
620.639
 21
-1496.880
 31
0.000
  0
LINE
  8
DEV_CONTOUR
  6
CONTINUOUS
 62
     6
 10
620.639
 20
-1496.880
 30
0.000
 11
624.186
 21
-1496.995
 31
0.000
  0
LINE
  8
DEV_CONTOUR
  6
CONTINUOUS
 62
     6
 10
624.186
 20
-1496.995
 30
0.000
 11
627.732
 21
-1497.085
 31
0.000
  0
LINE
  8
DEV_CONTOUR
  6
CONTINUOUS
 62
     6
 10
627.732
 20
-1497.085
 30
0.000
 11
631.279
 21
-1497.149
 31
0.000
  0
LINE
  8
DEV_CONTOUR
  6
CONTINUOUS
 62
     6
 10
631.279
 20
-1497.149
 30
0.000
 11
634.825
 21
-1497.187
 31
0.000
  0
LINE
  8
DEV_CONTOUR
  6
CONTINUOUS
 62
     6
 10
634.825
 20
-1497.187
 30
0.000
 11
638.372
 21
-1497.200
 31
0.000
  0
LINE
  8
DEV_CONTOUR
  6
CONTINUOUS
 62
     6
 10
638.372
 20
-1497.200
 30
0.000
 11
641.918
 21
-1497.187
 31
0.000
  0
LINE
  8
DEV_CONTOUR
  6
CONTINUOUS
 62
     6
 10
641.918
 20
-1497.187
 30
0.000
 11
645.465
 21
-1497.149
 31
0.000
  0
LINE
  8
DEV_CONTOUR
  6
CONTINUOUS
 62
     6
 10
645.465
 20
-1497.149
 30
0.000
 11
649.011
 21
-1497.085
 31
0.000
  0
LINE
  8
DEV_CONTOUR
  6
CONTINUOUS
 62
     6
 10
649.011
 20
-1497.085
 30
0.000
 11
652.558
 21
-1496.995
 31
0.000
  0
LINE
  8
DEV_CONTOUR
  6
CONTINUOUS
 62
     6
 10
652.558
 20
-1496.995
 30
0.000
 11
656.104
 21
-1496.880
 31
0.000
  0
LINE
  8
DEV_CONTOUR
  6
CONTINUOUS
 62
     6
 10
656.104
 20
-1496.880
 30
0.000
 11
659.651
 21
-1496.739
 31
0.000
  0
LINE
  8
DEV_CONTOUR
  6
CONTINUOUS
 62
     6
 10
659.651
 20
-1496.739
 30
0.000
 11
663.197
 21
-1496.573
 31
0.000
  0
LINE
  8
DEV_CONTOUR
  6
CONTINUOUS
 62
     6
 10
663.197
 20
-1496.573
 30
0.000
 11
666.744
 21
-1496.381
 31
0.000
  0
LINE
  8
DEV_CONTOUR
  6
CONTINUOUS
 62
     6
 10
666.744
 20
-1496.381
 30
0.000
 11
670.290
 21
-1496.164
 31
0.000
  0
LINE
  8
DEV_CONTOUR
  6
CONTINUOUS
 62
     6
 10
670.290
 20
-1496.164
 30
0.000
 11
673.837
 21
-1495.921
 31
0.000
  0
LINE
  8
DEV_CONTOUR
  6
CONTINUOUS
 62
     6
 10
673.837
 20
-1495.921
 30
0.000
 11
677.383
 21
-1495.654
 31
0.000
  0
LINE
  8
DEV_CONTOUR
  6
CONTINUOUS
 62
     6
 10
677.383
 20
-1495.654
 30
0.000
 11
680.930
 21
-1495.361
 31
0.000
  0
LINE
  8
DEV_CONTOUR
  6
CONTINUOUS
 62
     6
 10
680.930
 20
-1495.361
 30
0.000
 11
684.476
 21
-1495.043
 31
0.000
  0
LINE
  8
DEV_CONTOUR
  6
CONTINUOUS
 62
     6
 10
684.476
 20
-1495.043
 30
0.000
 11
688.023
 21
-1494.700
 31
0.000
  0
LINE
  8
DEV_CONTOUR
  6
CONTINUOUS
 62
     6
 10
688.023
 20
-1494.700
 30
0.000
 11
691.569
 21
-1494.332
 31
0.000
  0
LINE
  8
DEV_CONTOUR
  6
CONTINUOUS
 62
     6
 10
691.569
 20
-1494.332
 30
0.000
 11
695.116
 21
-1493.939
 31
0.000
  0
LINE
  8
DEV_CONTOUR
  6
CONTINUOUS
 62
     6
 10
695.116
 20
-1493.939
 30
0.000
 11
698.662
 21
-1493.522
 31
0.000
  0
LINE
  8
DEV_CONTOUR
  6
CONTINUOUS
 62
     6
 10
698.662
 20
-1493.522
 30
0.000
 11
702.209
 21
-1493.081
 31
0.000
  0
LINE
  8
DEV_CONTOUR
  6
CONTINUOUS
 62
     6
 10
702.209
 20
-1493.081
 30
0.000
 11
705.755
 21
-1492.614
 31
0.000
  0
LINE
  8
DEV_CONTOUR
  6
CONTINUOUS
 62
     6
 10
705.755
 20
-1492.614
 30
0.000
 11
709.302
 21
-1492.124
 31
0.000
  0
LINE
  8
DEV_CONTOUR
  6
CONTINUOUS
 62
     6
 10
709.302
 20
-1492.124
 30
0.000
 11
712.848
 21
-1491.610
 31
0.000
  0
LINE
  8
DEV_CONTOUR
  6
CONTINUOUS
 62
     6
 10
712.848
 20
-1491.610
 30
0.000
 11
716.395
 21
-1491.071
 31
0.000
  0
LINE
  8
DEV_CONTOUR
  6
CONTINUOUS
 62
     6
 10
716.395
 20
-1491.071
 30
0.000
 11
719.941
 21
-1490.509
 31
0.000
  0
LINE
  8
DEV_CONTOUR
  6
CONTINUOUS
 62
     6
 10
719.941
 20
-1490.509
 30
0.000
 11
723.488
 21
-1489.923
 31
0.000
  0
LINE
  8
DEV_CONTOUR
  6
CONTINUOUS
 62
     6
 10
723.488
 20
-1489.923
 30
0.000
 11
727.034
 21
-1489.314
 31
0.000
  0
LINE
  8
DEV_CONTOUR
  6
CONTINUOUS
 62
     6
 10
727.034
 20
-1489.314
 30
0.000
 11
730.581
 21
-1488.682
 31
0.000
  0
LINE
  8
DEV_CONTOUR
  6
CONTINUOUS
 62
     6
 10
730.581
 20
-1488.682
 30
0.000
 11
734.127
 21
-1488.026
 31
0.000
  0
LINE
  8
DEV_CONTOUR
  6
CONTINUOUS
 62
     6
 10
734.127
 20
-1488.026
 30
0.000
 11
737.674
 21
-1487.348
 31
0.000
  0
LINE
  8
DEV_CONTOUR
  6
CONTINUOUS
 62
     6
 10
737.674
 20
-1487.348
 30
0.000
 11
741.220
 21
-1486.647
 31
0.000
  0
LINE
  8
DEV_CONTOUR
  6
CONTINUOUS
 62
     6
 10
741.220
 20
-1486.647
 30
0.000
 11
744.767
 21
-1485.924
 31
0.000
  0
LINE
  8
DEV_CONTOUR
  6
CONTINUOUS
 62
     6
 10
744.767
 20
-1485.924
 30
0.000
 11
748.313
 21
-1485.178
 31
0.000
  0
LINE
  8
DEV_CONTOUR
  6
CONTINUOUS
 62
     6
 10
748.313
 20
-1485.178
 30
0.000
 11
751.860
 21
-1484.410
 31
0.000
  0
LINE
  8
DEV_CONTOUR
  6
CONTINUOUS
 62
     6
 10
751.860
 20
-1484.410
 30
0.000
 11
755.406
 21
-1483.621
 31
0.000
  0
LINE
  8
DEV_CONTOUR
  6
CONTINUOUS
 62
     6
 10
755.406
 20
-1483.621
 30
0.000
 11
758.953
 21
-1482.810
 31
0.000
  0
LINE
  8
DEV_CONTOUR
  6
CONTINUOUS
 62
     6
 10
758.953
 20
-1482.810
 30
0.000
 11
762.499
 21
-1481.978
 31
0.000
  0
LINE
  8
DEV_CONTOUR
  6
CONTINUOUS
 62
     6
 10
762.499
 20
-1481.978
 30
0.000
 11
766.046
 21
-1481.125
 31
0.000
  0
LINE
  8
DEV_CONTOUR
  6
CONTINUOUS
 62
     6
 10
766.046
 20
-1481.125
 30
0.000
 11
769.592
 21
-1480.252
 31
0.000
  0
LINE
  8
DEV_CONTOUR
  6
CONTINUOUS
 62
     6
 10
769.592
 20
-1480.252
 30
0.000
 11
773.139
 21
-1479.357
 31
0.000
  0
LINE
  8
DEV_CONTOUR
  6
CONTINUOUS
 62
     6
 10
773.139
 20
-1479.357
 30
0.000
 11
776.685
 21
-1478.443
 31
0.000
  0
LINE
  8
DEV_CONTOUR
  6
CONTINUOUS
 62
     6
 10
776.685
 20
-1478.443
 30
0.000
 11
780.232
 21
-1477.508
 31
0.000
  0
LINE
  8
DEV_CONTOUR
  6
CONTINUOUS
 62
     6
 10
780.232
 20
-1477.508
 30
0.000
 11
783.778
 21
-1476.554
 31
0.000
  0
LINE
  8
DEV_CONTOUR
  6
CONTINUOUS
 62
     6
 10
783.778
 20
-1476.554
 30
0.000
 11
787.325
 21
-1475.581
 31
0.000
  0
LINE
  8
DEV_CONTOUR
  6
CONTINUOUS
 62
     6
 10
787.325
 20
-1475.581
 30
0.000
 11
790.872
 21
-1474.589
 31
0.000
  0
LINE
  8
DEV_CONTOUR
  6
CONTINUOUS
 62
     6
 10
790.872
 20
-1474.589
 30
0.000
 11
794.418
 21
-1473.577
 31
0.000
  0
LINE
  8
DEV_CONTOUR
  6
CONTINUOUS
 62
     6
 10
794.418
 20
-1473.577
 30
0.000
 11
797.965
 21
-1472.548
 31
0.000
  0
LINE
  8
DEV_CONTOUR
  6
CONTINUOUS
 62
     6
 10
797.965
 20
-1472.548
 30
0.000
 11
801.511
 21
-1471.500
 31
0.000
  0
LINE
  8
DEV_CONTOUR
  6
CONTINUOUS
 62
     6
 10
801.511
 20
-1471.500
 30
0.000
 11
805.058
 21
-1470.434
 31
0.000
  0
LINE
  8
DEV_CONTOUR
  6
CONTINUOUS
 62
     6
 10
805.058
 20
-1470.434
 30
0.000
 11
808.604
 21
-1469.351
 31
0.000
  0
LINE
  8
DEV_CONTOUR
  6
CONTINUOUS
 62
     6
 10
808.604
 20
-1469.351
 30
0.000
 11
812.151
 21
-1468.251
 31
0.000
  0
LINE
  8
DEV_CONTOUR
  6
CONTINUOUS
 62
     6
 10
812.151
 20
-1468.251
 30
0.000
 11
815.697
 21
-1467.134
 31
0.000
  0
LINE
  8
DEV_CONTOUR
  6
CONTINUOUS
 62
     6
 10
815.697
 20
-1467.134
 30
0.000
 11
819.244
 21
-1466.001
 31
0.000
  0
LINE
  8
DEV_CONTOUR
  6
CONTINUOUS
 62
     6
 10
819.244
 20
-1466.001
 30
0.000
 11
822.790
 21
-1464.851
 31
0.000
  0
LINE
  8
DEV_CONTOUR
  6
CONTINUOUS
 62
     6
 10
822.790
 20
-1464.851
 30
0.000
 11
826.337
 21
-1463.685
 31
0.000
  0
LINE
  8
DEV_CONTOUR
  6
CONTINUOUS
 62
     6
 10
826.337
 20
-1463.685
 30
0.000
 11
829.883
 21
-1462.505
 31
0.000
  0
LINE
  8
DEV_CONTOUR
  6
CONTINUOUS
 62
     6
 10
829.883
 20
-1462.505
 30
0.000
 11
833.430
 21
-1461.309
 31
0.000
  0
LINE
  8
DEV_CONTOUR
  6
CONTINUOUS
 62
     6
 10
833.430
 20
-1461.309
 30
0.000
 11
836.976
 21
-1460.098
 31
0.000
  0
LINE
  8
DEV_CONTOUR
  6
CONTINUOUS
 62
     6
 10
836.976
 20
-1460.098
 30
0.000
 11
840.523
 21
-1458.873
 31
0.000
  0
LINE
  8
DEV_CONTOUR
  6
CONTINUOUS
 62
     6
 10
840.523
 20
-1458.873
 30
0.000
 11
844.069
 21
-1457.634
 31
0.000
  0
LINE
  8
DEV_CONTOUR
  6
CONTINUOUS
 62
     6
 10
844.069
 20
-1457.634
 30
0.000
 11
847.616
 21
-1456.382
 31
0.000
  0
LINE
  8
DEV_CONTOUR
  6
CONTINUOUS
 62
     6
 10
847.616
 20
-1456.382
 30
0.000
 11
851.162
 21
-1455.116
 31
0.000
  0
LINE
  8
DEV_CONTOUR
  6
CONTINUOUS
 62
     6
 10
851.162
 20
-1455.116
 30
0.000
 11
854.709
 21
-1453.837
 31
0.000
  0
LINE
  8
DEV_CONTOUR
  6
CONTINUOUS
 62
     6
 10
854.709
 20
-1453.837
 30
0.000
 11
858.255
 21
-1452.546
 31
0.000
  0
LINE
  8
DEV_CONTOUR
  6
CONTINUOUS
 62
     6
 10
858.255
 20
-1452.546
 30
0.000
 11
861.802
 21
-1451.243
 31
0.000
  0
LINE
  8
DEV_CONTOUR
  6
CONTINUOUS
 62
     6
 10
861.802
 20
-1451.243
 30
0.000
 11
865.348
 21
-1449.929
 31
0.000
  0
LINE
  8
DEV_CONTOUR
  6
CONTINUOUS
 62
     6
 10
865.348
 20
-1449.929
 30
0.000
 11
868.895
 21
-1448.603
 31
0.000
  0
LINE
  8
DEV_CONTOUR
  6
CONTINUOUS
 62
     6
 10
868.895
 20
-1448.603
 30
0.000
 11
872.441
 21
-1447.266
 31
0.000
  0
LINE
  8
DEV_CONTOUR
  6
CONTINUOUS
 62
     6
 10
872.441
 20
-1447.266
 30
0.000
 11
875.988
 21
-1445.919
 31
0.000
  0
LINE
  8
DEV_CONTOUR
  6
CONTINUOUS
 62
     6
 10
875.988
 20
-1445.919
 30
0.000
 11
879.534
 21
-1444.562
 31
0.000
  0
LINE
  8
DEV_CONTOUR
  6
CONTINUOUS
 62
     6
 10
879.534
 20
-1444.562
 30
0.000
 11
883.081
 21
-1443.195
 31
0.000
  0
LINE
  8
DEV_CONTOUR
  6
CONTINUOUS
 62
     6
 10
883.081
 20
-1443.195
 30
0.000
 11
886.627
 21
-1441.819
 31
0.000
  0
LINE
  8
DEV_CONTOUR
  6
CONTINUOUS
 62
     6
 10
886.627
 20
-1441.819
 30
0.000
 11
890.174
 21
-1440.434
 31
0.000
  0
LINE
  8
DEV_CONTOUR
  6
CONTINUOUS
 62
     6
 10
890.174
 20
-1440.434
 30
0.000
 11
893.720
 21
-1439.041
 31
0.000
  0
LINE
  8
DEV_CONTOUR
  6
CONTINUOUS
 62
     6
 10
893.720
 20
-1439.041
 30
0.000
 11
897.267
 21
-1437.640
 31
0.000
  0
LINE
  8
DEV_CONTOUR
  6
CONTINUOUS
 62
     6
 10
897.267
 20
-1437.640
 30
0.000
 11
900.813
 21
-1436.232
 31
0.000
  0
LINE
  8
DEV_CONTOUR
  6
CONTINUOUS
 62
     6
 10
900.813
 20
-1436.232
 30
0.000
 11
904.360
 21
-1434.816
 31
0.000
  0
LINE
  8
DEV_CONTOUR
  6
CONTINUOUS
 62
     6
 10
904.360
 20
-1434.816
 30
0.000
 11
907.906
 21
-1433.394
 31
0.000
  0
LINE
  8
DEV_CONTOUR
  6
CONTINUOUS
 62
     6
 10
907.906
 20
-1433.394
 30
0.000
 11
911.453
 21
-1431.966
 31
0.000
  0
LINE
  8
DEV_CONTOUR
  6
CONTINUOUS
 62
     6
 10
911.453
 20
-1431.966
 30
0.000
 11
914.999
 21
-1430.531
 31
0.000
  0
LINE
  8
DEV_CONTOUR
  6
CONTINUOUS
 62
     6
 10
914.999
 20
-1430.531
 30
0.000
 11
918.546
 21
-1429.092
 31
0.000
  0
LINE
  8
DEV_CONTOUR
  6
CONTINUOUS
 62
     6
 10
918.546
 20
-1429.092
 30
0.000
 11
922.092
 21
-1427.647
 31
0.000
  0
LINE
  8
DEV_CONTOUR
  6
CONTINUOUS
 62
     6
 10
922.092
 20
-1427.647
 30
0.000
 11
925.639
 21
-1426.199
 31
0.000
  0
LINE
  8
DEV_CONTOUR
  6
CONTINUOUS
 62
     6
 10
925.639
 20
-1426.199
 30
0.000
 11
929.185
 21
-1424.746
 31
0.000
  0
LINE
  8
DEV_CONTOUR
  6
CONTINUOUS
 62
     6
 10
929.185
 20
-1424.746
 30
0.000
 11
932.732
 21
-1423.289
 31
0.000
  0
LINE
  8
DEV_CONTOUR
  6
CONTINUOUS
 62
     6
 10
932.732
 20
-1423.289
 30
0.000
 11
936.278
 21
-1421.830
 31
0.000
  0
LINE
  8
DEV_CONTOUR
  6
CONTINUOUS
 62
     6
 10
936.278
 20
-1421.830
 30
0.000
 11
939.825
 21
-1420.368
 31
0.000
  0
LINE
  8
DEV_CONTOUR
  6
CONTINUOUS
 62
     6
 10
939.825
 20
-1420.368
 30
0.000
 11
943.371
 21
-1418.903
 31
0.000
  0
LINE
  8
DEV_CONTOUR
  6
CONTINUOUS
 62
     6
 10
943.371
 20
-1418.903
 30
0.000
 11
946.918
 21
-1417.437
 31
0.000
  0
LINE
  8
DEV_CONTOUR
  6
CONTINUOUS
 62
     6
 10
946.918
 20
-1417.437
 30
0.000
 11
950.464
 21
-1415.969
 31
0.000
  0
LINE
  8
DEV_CONTOUR
  6
CONTINUOUS
 62
     6
 10
950.464
 20
-1415.969
 30
0.000
 11
954.011
 21
-1414.501
 31
0.000
  0
LINE
  8
DEV_CONTOUR
  6
CONTINUOUS
 62
     6
 10
954.011
 20
-1414.501
 30
0.000
 11
957.557
 21
-1413.032
 31
0.000
  0
LINE
  8
DEV_CONTOUR
  6
CONTINUOUS
 62
     6
 10
957.557
 20
-1413.032
 30
0.000
 11
961.104
 21
-1411.563
 31
0.000
  0
LINE
  8
DEV_CONTOUR
  6
CONTINUOUS
 62
     6
 10
961.104
 20
-1411.563
 30
0.000
 11
964.650
 21
-1410.094
 31
0.000
  0
LINE
  8
DEV_CONTOUR
  6
CONTINUOUS
 62
     6
 10
964.650
 20
-1410.094
 30
0.000
 11
968.197
 21
-1408.627
 31
0.000
  0
LINE
  8
DEV_CONTOUR
  6
CONTINUOUS
 62
     6
 10
968.197
 20
-1408.627
 30
0.000
 11
971.743
 21
-1407.161
 31
0.000
  0
LINE
  8
DEV_CONTOUR
  6
CONTINUOUS
 62
     6
 10
971.743
 20
-1407.161
 30
0.000
 11
975.290
 21
-1405.696
 31
0.000
  0
LINE
  8
DEV_CONTOUR
  6
CONTINUOUS
 62
     6
 10
975.290
 20
-1405.696
 30
0.000
 11
978.836
 21
-1404.234
 31
0.000
  0
LINE
  8
DEV_CONTOUR
  6
CONTINUOUS
 62
     6
 10
978.836
 20
-1404.234
 30
0.000
 11
982.383
 21
-1402.774
 31
0.000
  0
LINE
  8
DEV_CONTOUR
  6
CONTINUOUS
 62
     6
 10
982.383
 20
-1402.774
 30
0.000
 11
985.930
 21
-1401.318
 31
0.000
  0
LINE
  8
DEV_CONTOUR
  6
CONTINUOUS
 62
     6
 10
985.930
 20
-1401.318
 30
0.000
 11
989.476
 21
-1399.865
 31
0.000
  0
LINE
  8
DEV_CONTOUR
  6
CONTINUOUS
 62
     6
 10
989.476
 20
-1399.865
 30
0.000
 11
993.023
 21
-1398.416
 31
0.000
  0
LINE
  8
DEV_CONTOUR
  6
CONTINUOUS
 62
     6
 10
993.023
 20
-1398.416
 30
0.000
 11
996.569
 21
-1396.972
 31
0.000
  0
LINE
  8
DEV_CONTOUR
  6
CONTINUOUS
 62
     6
 10
996.569
 20
-1396.972
 30
0.000
 11
1000.116
 21
-1395.532
 31
0.000
  0
LINE
  8
DEV_CONTOUR
  6
CONTINUOUS
 62
     6
 10
1000.116
 20
-1395.532
 30
0.000
 11
1003.662
 21
-1394.098
 31
0.000
  0
LINE
  8
DEV_CONTOUR
  6
CONTINUOUS
 62
     6
 10
1003.662
 20
-1394.098
 30
0.000
 11
1007.209
 21
-1392.670
 31
0.000
  0
LINE
  8
DEV_CONTOUR
  6
CONTINUOUS
 62
     6
 10
1007.209
 20
-1392.670
 30
0.000
 11
1010.755
 21
-1391.247
 31
0.000
  0
LINE
  8
DEV_CONTOUR
  6
CONTINUOUS
 62
     6
 10
1010.755
 20
-1391.247
 30
0.000
 11
1014.302
 21
-1389.832
 31
0.000
  0
LINE
  8
DEV_CONTOUR
  6
CONTINUOUS
 62
     6
 10
1014.302
 20
-1389.832
 30
0.000
 11
1017.848
 21
-1388.423
 31
0.000
  0
LINE
  8
DEV_CONTOUR
  6
CONTINUOUS
 62
     6
 10
1017.848
 20
-1388.423
 30
0.000
 11
1021.395
 21
-1387.022
 31
0.000
  0
LINE
  8
DEV_CONTOUR
  6
CONTINUOUS
 62
     6
 10
1021.395
 20
-1387.022
 30
0.000
 11
1024.941
 21
-1385.629
 31
0.000
  0
LINE
  8
DEV_CONTOUR
  6
CONTINUOUS
 62
     6
 10
1024.941
 20
-1385.629
 30
0.000
 11
1028.488
 21
-1384.245
 31
0.000
  0
LINE
  8
DEV_CONTOUR
  6
CONTINUOUS
 62
     6
 10
1028.488
 20
-1384.245
 30
0.000
 11
1032.034
 21
-1382.869
 31
0.000
  0
LINE
  8
DEV_CONTOUR
  6
CONTINUOUS
 62
     6
 10
1032.034
 20
-1382.869
 30
0.000
 11
1035.581
 21
-1381.502
 31
0.000
  0
LINE
  8
DEV_CONTOUR
  6
CONTINUOUS
 62
     6
 10
1035.581
 20
-1381.502
 30
0.000
 11
1039.127
 21
-1380.145
 31
0.000
  0
LINE
  8
DEV_CONTOUR
  6
CONTINUOUS
 62
     6
 10
1039.127
 20
-1380.145
 30
0.000
 11
1042.674
 21
-1378.798
 31
0.000
  0
LINE
  8
DEV_CONTOUR
  6
CONTINUOUS
 62
     6
 10
1042.674
 20
-1378.798
 30
0.000
 11
1046.220
 21
-1377.461
 31
0.000
  0
LINE
  8
DEV_CONTOUR
  6
CONTINUOUS
 62
     6
 10
1046.220
 20
-1377.461
 30
0.000
 11
1049.767
 21
-1376.135
 31
0.000
  0
LINE
  8
DEV_CONTOUR
  6
CONTINUOUS
 62
     6
 10
1049.767
 20
-1376.135
 30
0.000
 11
1053.313
 21
-1374.820
 31
0.000
  0
LINE
  8
DEV_CONTOUR
  6
CONTINUOUS
 62
     6
 10
1053.313
 20
-1374.820
 30
0.000
 11
1056.860
 21
-1373.517
 31
0.000
  0
LINE
  8
DEV_CONTOUR
  6
CONTINUOUS
 62
     6
 10
1056.860
 20
-1373.517
 30
0.000
 11
1060.406
 21
-1372.226
 31
0.000
  0
LINE
  8
DEV_CONTOUR
  6
CONTINUOUS
 62
     6
 10
1060.406
 20
-1372.226
 30
0.000
 11
1063.953
 21
-1370.948
 31
0.000
  0
LINE
  8
DEV_CONTOUR
  6
CONTINUOUS
 62
     6
 10
1063.953
 20
-1370.948
 30
0.000
 11
1067.499
 21
-1369.682
 31
0.000
  0
LINE
  8
DEV_CONTOUR
  6
CONTINUOUS
 62
     6
 10
1067.499
 20
-1369.682
 30
0.000
 11
1071.046
 21
-1368.429
 31
0.000
  0
LINE
  8
DEV_CONTOUR
  6
CONTINUOUS
 62
     6
 10
1071.046
 20
-1368.429
 30
0.000
 11
1074.592
 21
-1367.191
 31
0.000
  0
LINE
  8
DEV_CONTOUR
  6
CONTINUOUS
 62
     6
 10
1074.592
 20
-1367.191
 30
0.000
 11
1078.139
 21
-1365.966
 31
0.000
  0
LINE
  8
DEV_CONTOUR
  6
CONTINUOUS
 62
     6
 10
1078.139
 20
-1365.966
 30
0.000
 11
1081.685
 21
-1364.755
 31
0.000
  0
LINE
  8
DEV_CONTOUR
  6
CONTINUOUS
 62
     6
 10
1081.685
 20
-1364.755
 30
0.000
 11
1085.232
 21
-1363.559
 31
0.000
  0
LINE
  8
DEV_CONTOUR
  6
CONTINUOUS
 62
     6
 10
1085.232
 20
-1363.559
 30
0.000
 11
1088.778
 21
-1362.378
 31
0.000
  0
LINE
  8
DEV_CONTOUR
  6
CONTINUOUS
 62
     6
 10
1088.778
 20
-1362.378
 30
0.000
 11
1092.325
 21
-1361.213
 31
0.000
  0
LINE
  8
DEV_CONTOUR
  6
CONTINUOUS
 62
     6
 10
1092.325
 20
-1361.213
 30
0.000
 11
1095.871
 21
-1360.063
 31
0.000
  0
LINE
  8
DEV_CONTOUR
  6
CONTINUOUS
 62
     6
 10
1095.871
 20
-1360.063
 30
0.000
 11
1099.418
 21
-1358.930
 31
0.000
  0
LINE
  8
DEV_CONTOUR
  6
CONTINUOUS
 62
     6
 10
1099.418
 20
-1358.930
 30
0.000
 11
1102.964
 21
-1357.812
 31
0.000
  0
LINE
  8
DEV_CONTOUR
  6
CONTINUOUS
 62
     6
 10
1102.964
 20
-1357.812
 30
0.000
 11
1106.511
 21
-1356.712
 31
0.000
  0
LINE
  8
DEV_CONTOUR
  6
CONTINUOUS
 62
     6
 10
1106.511
 20
-1356.712
 30
0.000
 11
1110.057
 21
-1355.629
 31
0.000
  0
LINE
  8
DEV_CONTOUR
  6
CONTINUOUS
 62
     6
 10
1110.057
 20
-1355.629
 30
0.000
 11
1113.604
 21
-1354.564
 31
0.000
  0
LINE
  8
DEV_CONTOUR
  6
CONTINUOUS
 62
     6
 10
1113.604
 20
-1354.564
 30
0.000
 11
1117.150
 21
-1353.516
 31
0.000
  0
LINE
  8
DEV_CONTOUR
  6
CONTINUOUS
 62
     6
 10
1117.150
 20
-1353.516
 30
0.000
 11
1120.697
 21
-1352.486
 31
0.000
  0
LINE
  8
DEV_CONTOUR
  6
CONTINUOUS
 62
     6
 10
1120.697
 20
-1352.486
 30
0.000
 11
1124.243
 21
-1351.475
 31
0.000
  0
LINE
  8
DEV_CONTOUR
  6
CONTINUOUS
 62
     6
 10
1124.243
 20
-1351.475
 30
0.000
 11
1127.790
 21
-1350.483
 31
0.000
  0
LINE
  8
DEV_CONTOUR
  6
CONTINUOUS
 62
     6
 10
1127.790
 20
-1350.483
 30
0.000
 11
1131.336
 21
-1349.509
 31
0.000
  0
LINE
  8
DEV_CONTOUR
  6
CONTINUOUS
 62
     6
 10
1131.336
 20
-1349.509
 30
0.000
 11
1134.883
 21
-1348.555
 31
0.000
  0
LINE
  8
DEV_CONTOUR
  6
CONTINUOUS
 62
     6
 10
1134.883
 20
-1348.555
 30
0.000
 11
1138.429
 21
-1347.621
 31
0.000
  0
LINE
  8
DEV_CONTOUR
  6
CONTINUOUS
 62
     6
 10
1138.429
 20
-1347.621
 30
0.000
 11
1141.976
 21
-1346.706
 31
0.000
  0
LINE
  8
DEV_CONTOUR
  6
CONTINUOUS
 62
     6
 10
1141.976
 20
-1346.706
 30
0.000
 11
1145.522
 21
-1345.812
 31
0.000
  0
LINE
  8
DEV_CONTOUR
  6
CONTINUOUS
 62
     6
 10
1145.522
 20
-1345.812
 30
0.000
 11
1149.069
 21
-1344.938
 31
0.000
  0
LINE
  8
DEV_CONTOUR
  6
CONTINUOUS
 62
     6
 10
1149.069
 20
-1344.938
 30
0.000
 11
1152.615
 21
-1344.085
 31
0.000
  0
LINE
  8
DEV_CONTOUR
  6
CONTINUOUS
 62
     6
 10
1152.615
 20
-1344.085
 30
0.000
 11
1156.162
 21
-1343.253
 31
0.000
  0
LINE
  8
DEV_CONTOUR
  6
CONTINUOUS
 62
     6
 10
1156.162
 20
-1343.253
 30
0.000
 11
1159.708
 21
-1342.442
 31
0.000
  0
LINE
  8
DEV_CONTOUR
  6
CONTINUOUS
 62
     6
 10
1159.708
 20
-1342.442
 30
0.000
 11
1163.255
 21
-1341.653
 31
0.000
  0
LINE
  8
DEV_CONTOUR
  6
CONTINUOUS
 62
     6
 10
1163.255
 20
-1341.653
 30
0.000
 11
1166.801
 21
-1340.886
 31
0.000
  0
LINE
  8
DEV_CONTOUR
  6
CONTINUOUS
 62
     6
 10
1166.801
 20
-1340.886
 30
0.000
 11
1170.348
 21
-1340.140
 31
0.000
  0
LINE
  8
DEV_CONTOUR
  6
CONTINUOUS
 62
     6
 10
1170.348
 20
-1340.140
 30
0.000
 11
1173.894
 21
-1339.417
 31
0.000
  0
LINE
  8
DEV_CONTOUR
  6
CONTINUOUS
 62
     6
 10
1173.894
 20
-1339.417
 30
0.000
 11
1177.441
 21
-1338.716
 31
0.000
  0
LINE
  8
DEV_CONTOUR
  6
CONTINUOUS
 62
     6
 10
1177.441
 20
-1338.716
 30
0.000
 11
1180.988
 21
-1338.037
 31
0.000
  0
LINE
  8
DEV_CONTOUR
  6
CONTINUOUS
 62
     6
 10
1180.988
 20
-1338.037
 30
0.000
 11
1184.534
 21
-1337.382
 31
0.000
  0
LINE
  8
DEV_CONTOUR
  6
CONTINUOUS
 62
     6
 10
1184.534
 20
-1337.382
 30
0.000
 11
1188.081
 21
-1336.750
 31
0.000
  0
LINE
  8
DEV_CONTOUR
  6
CONTINUOUS
 62
     6
 10
1188.081
 20
-1336.750
 30
0.000
 11
1191.627
 21
-1336.140
 31
0.000
  0
LINE
  8
DEV_CONTOUR
  6
CONTINUOUS
 62
     6
 10
1191.627
 20
-1336.140
 30
0.000
 11
1195.174
 21
-1335.555
 31
0.000
  0
LINE
  8
DEV_CONTOUR
  6
CONTINUOUS
 62
     6
 10
1195.174
 20
-1335.555
 30
0.000
 11
1198.720
 21
-1334.992
 31
0.000
  0
LINE
  8
DEV_CONTOUR
  6
CONTINUOUS
 62
     6
 10
1198.720
 20
-1334.992
 30
0.000
 11
1202.267
 21
-1334.454
 31
0.000
  0
LINE
  8
DEV_CONTOUR
  6
CONTINUOUS
 62
     6
 10
1202.267
 20
-1334.454
 30
0.000
 11
1205.813
 21
-1333.940
 31
0.000
  0
LINE
  8
DEV_CONTOUR
  6
CONTINUOUS
 62
     6
 10
1205.813
 20
-1333.940
 30
0.000
 11
1209.360
 21
-1333.449
 31
0.000
  0
LINE
  8
DEV_CONTOUR
  6
CONTINUOUS
 62
     6
 10
1209.360
 20
-1333.449
 30
0.000
 11
1212.906
 21
-1332.983
 31
0.000
  0
LINE
  8
DEV_CONTOUR
  6
CONTINUOUS
 62
     6
 10
1212.906
 20
-1332.983
 30
0.000
 11
1216.453
 21
-1332.541
 31
0.000
  0
LINE
  8
DEV_CONTOUR
  6
CONTINUOUS
 62
     6
 10
1216.453
 20
-1332.541
 30
0.000
 11
1219.999
 21
-1332.124
 31
0.000
  0
LINE
  8
DEV_CONTOUR
  6
CONTINUOUS
 62
     6
 10
1219.999
 20
-1332.124
 30
0.000
 11
1223.546
 21
-1331.732
 31
0.000
  0
LINE
  8
DEV_CONTOUR
  6
CONTINUOUS
 62
     6
 10
1223.546
 20
-1331.732
 30
0.000
 11
1227.092
 21
-1331.364
 31
0.000
  0
LINE
  8
DEV_CONTOUR
  6
CONTINUOUS
 62
     6
 10
1227.092
 20
-1331.364
 30
0.000
 11
1230.639
 21
-1331.021
 31
0.000
  0
LINE
  8
DEV_CONTOUR
  6
CONTINUOUS
 62
     6
 10
1230.639
 20
-1331.021
 30
0.000
 11
1234.185
 21
-1330.703
 31
0.000
  0
LINE
  8
DEV_CONTOUR
  6
CONTINUOUS
 62
     6
 10
1234.185
 20
-1330.703
 30
0.000
 11
1237.732
 21
-1330.410
 31
0.000
  0
LINE
  8
DEV_CONTOUR
  6
CONTINUOUS
 62
     6
 10
1237.732
 20
-1330.410
 30
0.000
 11
1241.278
 21
-1330.142
 31
0.000
  0
LINE
  8
DEV_CONTOUR
  6
CONTINUOUS
 62
     6
 10
1241.278
 20
-1330.142
 30
0.000
 11
1244.825
 21
-1329.900
 31
0.000
  0
LINE
  8
DEV_CONTOUR
  6
CONTINUOUS
 62
     6
 10
1244.825
 20
-1329.900
 30
0.000
 11
1248.371
 21
-1329.683
 31
0.000
  0
LINE
  8
DEV_CONTOUR
  6
CONTINUOUS
 62
     6
 10
1248.371
 20
-1329.683
 30
0.000
 11
1251.918
 21
-1329.491
 31
0.000
  0
LINE
  8
DEV_CONTOUR
  6
CONTINUOUS
 62
     6
 10
1251.918
 20
-1329.491
 30
0.000
 11
1255.464
 21
-1329.325
 31
0.000
  0
LINE
  8
DEV_CONTOUR
  6
CONTINUOUS
 62
     6
 10
1255.464
 20
-1329.325
 30
0.000
 11
1259.011
 21
-1329.184
 31
0.000
  0
LINE
  8
DEV_CONTOUR
  6
CONTINUOUS
 62
     6
 10
1259.011
 20
-1329.184
 30
0.000
 11
1262.557
 21
-1329.069
 31
0.000
  0
LINE
  8
DEV_CONTOUR
  6
CONTINUOUS
 62
     6
 10
1262.557
 20
-1329.069
 30
0.000
 11
1266.104
 21
-1328.979
 31
0.000
  0
LINE
  8
DEV_CONTOUR
  6
CONTINUOUS
 62
     6
 10
1266.104
 20
-1328.979
 30
0.000
 11
1269.650
 21
-1328.915
 31
0.000
  0
LINE
  8
DEV_CONTOUR
  6
CONTINUOUS
 62
     6
 10
1269.650
 20
-1328.915
 30
0.000
 11
1273.197
 21
-1328.876
 31
0.000
  0
LINE
  8
DEV_CONTOUR
  6
CONTINUOUS
 62
     6
 10
1273.197
 20
-1328.876
 30
0.000
 11
1276.743
 21
-1328.864
 31
0.000
  0
LINE
  8
DEV_CONTOUR
  6
CONTINUOUS
 62
     3
 10
0.000
 20
-1160.527
 30
0.000
 11
3.547
 21
-1160.514
 31
0.000
  0
LINE
  8
DEV_CONTOUR
  6
CONTINUOUS
 62
     3
 10
3.547
 20
-1160.514
 30
0.000
 11
7.093
 21
-1160.476
 31
0.000
  0
LINE
  8
DEV_CONTOUR
  6
CONTINUOUS
 62
     3
 10
7.093
 20
-1160.476
 30
0.000
 11
10.640
 21
-1160.412
 31
0.000
  0
LINE
  8
DEV_CONTOUR
  6
CONTINUOUS
 62
     3
 10
10.640
 20
-1160.412
 30
0.000
 11
14.186
 21
-1160.322
 31
0.000
  0
LINE
  8
DEV_CONTOUR
  6
CONTINUOUS
 62
     3
 10
14.186
 20
-1160.322
 30
0.000
 11
17.733
 21
-1160.207
 31
0.000
  0
LINE
  8
DEV_CONTOUR
  6
CONTINUOUS
 62
     3
 10
17.733
 20
-1160.207
 30
0.000
 11
21.279
 21
-1160.066
 31
0.000
  0
LINE
  8
DEV_CONTOUR
  6
CONTINUOUS
 62
     3
 10
21.279
 20
-1160.066
 30
0.000
 11
24.826
 21
-1159.900
 31
0.000
  0
LINE
  8
DEV_CONTOUR
  6
CONTINUOUS
 62
     3
 10
24.826
 20
-1159.900
 30
0.000
 11
28.372
 21
-1159.708
 31
0.000
  0
LINE
  8
DEV_CONTOUR
  6
CONTINUOUS
 62
     3
 10
28.372
 20
-1159.708
 30
0.000
 11
31.919
 21
-1159.491
 31
0.000
  0
LINE
  8
DEV_CONTOUR
  6
CONTINUOUS
 62
     3
 10
31.919
 20
-1159.491
 30
0.000
 11
35.465
 21
-1159.249
 31
0.000
  0
LINE
  8
DEV_CONTOUR
  6
CONTINUOUS
 62
     3
 10
35.465
 20
-1159.249
 30
0.000
 11
39.012
 21
-1158.981
 31
0.000
  0
LINE
  8
DEV_CONTOUR
  6
CONTINUOUS
 62
     3
 10
39.012
 20
-1158.981
 30
0.000
 11
42.558
 21
-1158.688
 31
0.000
  0
LINE
  8
DEV_CONTOUR
  6
CONTINUOUS
 62
     3
 10
42.558
 20
-1158.688
 30
0.000
 11
46.105
 21
-1158.370
 31
0.000
  0
LINE
  8
DEV_CONTOUR
  6
CONTINUOUS
 62
     3
 10
46.105
 20
-1158.370
 30
0.000
 11
49.651
 21
-1158.027
 31
0.000
  0
LINE
  8
DEV_CONTOUR
  6
CONTINUOUS
 62
     3
 10
49.651
 20
-1158.027
 30
0.000
 11
53.198
 21
-1157.659
 31
0.000
  0
LINE
  8
DEV_CONTOUR
  6
CONTINUOUS
 62
     3
 10
53.198
 20
-1157.659
 30
0.000
 11
56.744
 21
-1157.267
 31
0.000
  0
LINE
  8
DEV_CONTOUR
  6
CONTINUOUS
 62
     3
 10
56.744
 20
-1157.267
 30
0.000
 11
60.291
 21
-1156.849
 31
0.000
  0
LINE
  8
DEV_CONTOUR
  6
CONTINUOUS
 62
     3
 10
60.291
 20
-1156.849
 30
0.000
 11
63.837
 21
-1156.408
 31
0.000
  0
LINE
  8
DEV_CONTOUR
  6
CONTINUOUS
 62
     3
 10
63.837
 20
-1156.408
 30
0.000
 11
67.384
 21
-1155.942
 31
0.000
  0
LINE
  8
DEV_CONTOUR
  6
CONTINUOUS
 62
     3
 10
67.384
 20
-1155.942
 30
0.000
 11
70.930
 21
-1155.451
 31
0.000
  0
LINE
  8
DEV_CONTOUR
  6
CONTINUOUS
 62
     3
 10
70.930
 20
-1155.451
 30
0.000
 11
74.477
 21
-1154.937
 31
0.000
  0
LINE
  8
DEV_CONTOUR
  6
CONTINUOUS
 62
     3
 10
74.477
 20
-1154.937
 30
0.000
 11
78.023
 21
-1154.398
 31
0.000
  0
LINE
  8
DEV_CONTOUR
  6
CONTINUOUS
 62
     3
 10
78.023
 20
-1154.398
 30
0.000
 11
81.570
 21
-1153.836
 31
0.000
  0
LINE
  8
DEV_CONTOUR
  6
CONTINUOUS
 62
     3
 10
81.570
 20
-1153.836
 30
0.000
 11
85.116
 21
-1153.250
 31
0.000
  0
LINE
  8
DEV_CONTOUR
  6
CONTINUOUS
 62
     3
 10
85.116
 20
-1153.250
 30
0.000
 11
88.663
 21
-1152.641
 31
0.000
  0
LINE
  8
DEV_CONTOUR
  6
CONTINUOUS
 62
     3
 10
88.663
 20
-1152.641
 30
0.000
 11
92.209
 21
-1152.009
 31
0.000
  0
LINE
  8
DEV_CONTOUR
  6
CONTINUOUS
 62
     3
 10
92.209
 20
-1152.009
 30
0.000
 11
95.756
 21
-1151.353
 31
0.000
  0
LINE
  8
DEV_CONTOUR
  6
CONTINUOUS
 62
     3
 10
95.756
 20
-1151.353
 30
0.000
 11
99.302
 21
-1150.675
 31
0.000
  0
LINE
  8
DEV_CONTOUR
  6
CONTINUOUS
 62
     3
 10
99.302
 20
-1150.675
 30
0.000
 11
102.849
 21
-1149.974
 31
0.000
  0
LINE
  8
DEV_CONTOUR
  6
CONTINUOUS
 62
     3
 10
102.849
 20
-1149.974
 30
0.000
 11
106.395
 21
-1149.251
 31
0.000
  0
LINE
  8
DEV_CONTOUR
  6
CONTINUOUS
 62
     3
 10
106.395
 20
-1149.251
 30
0.000
 11
109.942
 21
-1148.505
 31
0.000
  0
LINE
  8
DEV_CONTOUR
  6
CONTINUOUS
 62
     3
 10
109.942
 20
-1148.505
 30
0.000
 11
113.488
 21
-1147.738
 31
0.000
  0
LINE
  8
DEV_CONTOUR
  6
CONTINUOUS
 62
     3
 10
113.488
 20
-1147.738
 30
0.000
 11
117.035
 21
-1146.948
 31
0.000
  0
LINE
  8
DEV_CONTOUR
  6
CONTINUOUS
 62
     3
 10
117.035
 20
-1146.948
 30
0.000
 11
120.581
 21
-1146.138
 31
0.000
  0
LINE
  8
DEV_CONTOUR
  6
CONTINUOUS
 62
     3
 10
120.581
 20
-1146.138
 30
0.000
 11
124.128
 21
-1145.306
 31
0.000
  0
LINE
  8
DEV_CONTOUR
  6
CONTINUOUS
 62
     3
 10
124.128
 20
-1145.306
 30
0.000
 11
127.674
 21
-1144.453
 31
0.000
  0
LINE
  8
DEV_CONTOUR
  6
CONTINUOUS
 62
     3
 10
127.674
 20
-1144.453
 30
0.000
 11
131.221
 21
-1143.579
 31
0.000
  0
LINE
  8
DEV_CONTOUR
  6
CONTINUOUS
 62
     3
 10
131.221
 20
-1143.579
 30
0.000
 11
134.767
 21
-1142.684
 31
0.000
  0
LINE
  8
DEV_CONTOUR
  6
CONTINUOUS
 62
     3
 10
134.767
 20
-1142.684
 30
0.000
 11
138.314
 21
-1141.770
 31
0.000
  0
LINE
  8
DEV_CONTOUR
  6
CONTINUOUS
 62
     3
 10
138.314
 20
-1141.770
 30
0.000
 11
141.860
 21
-1140.836
 31
0.000
  0
LINE
  8
DEV_CONTOUR
  6
CONTINUOUS
 62
     3
 10
141.860
 20
-1140.836
 30
0.000
 11
145.407
 21
-1139.882
 31
0.000
  0
LINE
  8
DEV_CONTOUR
  6
CONTINUOUS
 62
     3
 10
145.407
 20
-1139.882
 30
0.000
 11
148.953
 21
-1138.908
 31
0.000
  0
LINE
  8
DEV_CONTOUR
  6
CONTINUOUS
 62
     3
 10
148.953
 20
-1138.908
 30
0.000
 11
152.500
 21
-1137.916
 31
0.000
  0
LINE
  8
DEV_CONTOUR
  6
CONTINUOUS
 62
     3
 10
152.500
 20
-1137.916
 30
0.000
 11
156.046
 21
-1136.905
 31
0.000
  0
LINE
  8
DEV_CONTOUR
  6
CONTINUOUS
 62
     3
 10
156.046
 20
-1136.905
 30
0.000
 11
159.593
 21
-1135.875
 31
0.000
  0
LINE
  8
DEV_CONTOUR
  6
CONTINUOUS
 62
     3
 10
159.593
 20
-1135.875
 30
0.000
 11
163.139
 21
-1134.827
 31
0.000
  0
LINE
  8
DEV_CONTOUR
  6
CONTINUOUS
 62
     3
 10
163.139
 20
-1134.827
 30
0.000
 11
166.686
 21
-1133.762
 31
0.000
  0
LINE
  8
DEV_CONTOUR
  6
CONTINUOUS
 62
     3
 10
166.686
 20
-1133.762
 30
0.000
 11
170.232
 21
-1132.679
 31
0.000
  0
LINE
  8
DEV_CONTOUR
  6
CONTINUOUS
 62
     3
 10
170.232
 20
-1132.679
 30
0.000
 11
173.779
 21
-1131.578
 31
0.000
  0
LINE
  8
DEV_CONTOUR
  6
CONTINUOUS
 62
     3
 10
173.779
 20
-1131.578
 30
0.000
 11
177.325
 21
-1130.461
 31
0.000
  0
LINE
  8
DEV_CONTOUR
  6
CONTINUOUS
 62
     3
 10
177.325
 20
-1130.461
 30
0.000
 11
180.872
 21
-1129.328
 31
0.000
  0
LINE
  8
DEV_CONTOUR
  6
CONTINUOUS
 62
     3
 10
180.872
 20
-1129.328
 30
0.000
 11
184.418
 21
-1128.178
 31
0.000
  0
LINE
  8
DEV_CONTOUR
  6
CONTINUOUS
 62
     3
 10
184.418
 20
-1128.178
 30
0.000
 11
187.965
 21
-1127.013
 31
0.000
  0
LINE
  8
DEV_CONTOUR
  6
CONTINUOUS
 62
     3
 10
187.965
 20
-1127.013
 30
0.000
 11
191.511
 21
-1125.832
 31
0.000
  0
LINE
  8
DEV_CONTOUR
  6
CONTINUOUS
 62
     3
 10
191.511
 20
-1125.832
 30
0.000
 11
195.058
 21
-1124.636
 31
0.000
  0
LINE
  8
DEV_CONTOUR
  6
CONTINUOUS
 62
     3
 10
195.058
 20
-1124.636
 30
0.000
 11
198.605
 21
-1123.425
 31
0.000
  0
LINE
  8
DEV_CONTOUR
  6
CONTINUOUS
 62
     3
 10
198.605
 20
-1123.425
 30
0.000
 11
202.151
 21
-1122.200
 31
0.000
  0
LINE
  8
DEV_CONTOUR
  6
CONTINUOUS
 62
     3
 10
202.151
 20
-1122.200
 30
0.000
 11
205.698
 21
-1120.961
 31
0.000
  0
LINE
  8
DEV_CONTOUR
  6
CONTINUOUS
 62
     3
 10
205.698
 20
-1120.961
 30
0.000
 11
209.244
 21
-1119.709
 31
0.000
  0
LINE
  8
DEV_CONTOUR
  6
CONTINUOUS
 62
     3
 10
209.244
 20
-1119.709
 30
0.000
 11
212.791
 21
-1118.443
 31
0.000
  0
LINE
  8
DEV_CONTOUR
  6
CONTINUOUS
 62
     3
 10
212.791
 20
-1118.443
 30
0.000
 11
216.337
 21
-1117.165
 31
0.000
  0
LINE
  8
DEV_CONTOUR
  6
CONTINUOUS
 62
     3
 10
216.337
 20
-1117.165
 30
0.000
 11
219.884
 21
-1115.874
 31
0.000
  0
LINE
  8
DEV_CONTOUR
  6
CONTINUOUS
 62
     3
 10
219.884
 20
-1115.874
 30
0.000
 11
223.430
 21
-1114.571
 31
0.000
  0
LINE
  8
DEV_CONTOUR
  6
CONTINUOUS
 62
     3
 10
223.430
 20
-1114.571
 30
0.000
 11
226.977
 21
-1113.256
 31
0.000
  0
LINE
  8
DEV_CONTOUR
  6
CONTINUOUS
 62
     3
 10
226.977
 20
-1113.256
 30
0.000
 11
230.523
 21
-1111.930
 31
0.000
  0
LINE
  8
DEV_CONTOUR
  6
CONTINUOUS
 62
     3
 10
230.523
 20
-1111.930
 30
0.000
 11
234.070
 21
-1110.593
 31
0.000
  0
LINE
  8
DEV_CONTOUR
  6
CONTINUOUS
 62
     3
 10
234.070
 20
-1110.593
 30
0.000
 11
237.616
 21
-1109.246
 31
0.000
  0
LINE
  8
DEV_CONTOUR
  6
CONTINUOUS
 62
     3
 10
237.616
 20
-1109.246
 30
0.000
 11
241.163
 21
-1107.889
 31
0.000
  0
LINE
  8
DEV_CONTOUR
  6
CONTINUOUS
 62
     3
 10
241.163
 20
-1107.889
 30
0.000
 11
244.709
 21
-1106.522
 31
0.000
  0
LINE
  8
DEV_CONTOUR
  6
CONTINUOUS
 62
     3
 10
244.709
 20
-1106.522
 30
0.000
 11
248.256
 21
-1105.146
 31
0.000
  0
LINE
  8
DEV_CONTOUR
  6
CONTINUOUS
 62
     3
 10
248.256
 20
-1105.146
 30
0.000
 11
251.802
 21
-1103.762
 31
0.000
  0
LINE
  8
DEV_CONTOUR
  6
CONTINUOUS
 62
     3
 10
251.802
 20
-1103.762
 30
0.000
 11
255.349
 21
-1102.368
 31
0.000
  0
LINE
  8
DEV_CONTOUR
  6
CONTINUOUS
 62
     3
 10
255.349
 20
-1102.368
 30
0.000
 11
258.895
 21
-1100.967
 31
0.000
  0
LINE
  8
DEV_CONTOUR
  6
CONTINUOUS
 62
     3
 10
258.895
 20
-1100.967
 30
0.000
 11
262.442
 21
-1099.559
 31
0.000
  0
LINE
  8
DEV_CONTOUR
  6
CONTINUOUS
 62
     3
 10
262.442
 20
-1099.559
 30
0.000
 11
265.988
 21
-1098.143
 31
0.000
  0
LINE
  8
DEV_CONTOUR
  6
CONTINUOUS
 62
     3
 10
265.988
 20
-1098.143
 30
0.000
 11
269.535
 21
-1096.721
 31
0.000
  0
LINE
  8
DEV_CONTOUR
  6
CONTINUOUS
 62
     3
 10
269.535
 20
-1096.721
 30
0.000
 11
273.081
 21
-1095.293
 31
0.000
  0
LINE
  8
DEV_CONTOUR
  6
CONTINUOUS
 62
     3
 10
273.081
 20
-1095.293
 30
0.000
 11
276.628
 21
-1093.859
 31
0.000
  0
LINE
  8
DEV_CONTOUR
  6
CONTINUOUS
 62
     3
 10
276.628
 20
-1093.859
 30
0.000
 11
280.174
 21
-1092.419
 31
0.000
  0
LINE
  8
DEV_CONTOUR
  6
CONTINUOUS
 62
     3
 10
280.174
 20
-1092.419
 30
0.000
 11
283.721
 21
-1090.975
 31
0.000
  0
LINE
  8
DEV_CONTOUR
  6
CONTINUOUS
 62
     3
 10
283.721
 20
-1090.975
 30
0.000
 11
287.267
 21
-1089.526
 31
0.000
  0
LINE
  8
DEV_CONTOUR
  6
CONTINUOUS
 62
     3
 10
287.267
 20
-1089.526
 30
0.000
 11
290.814
 21
-1088.073
 31
0.000
  0
LINE
  8
DEV_CONTOUR
  6
CONTINUOUS
 62
     3
 10
290.814
 20
-1088.073
 30
0.000
 11
294.360
 21
-1086.617
 31
0.000
  0
LINE
  8
DEV_CONTOUR
  6
CONTINUOUS
 62
     3
 10
294.360
 20
-1086.617
 30
0.000
 11
297.907
 21
-1085.157
 31
0.000
  0
LINE
  8
DEV_CONTOUR
  6
CONTINUOUS
 62
     3
 10
297.907
 20
-1085.157
 30
0.000
 11
301.453
 21
-1083.695
 31
0.000
  0
LINE
  8
DEV_CONTOUR
  6
CONTINUOUS
 62
     3
 10
301.453
 20
-1083.695
 30
0.000
 11
305.000
 21
-1082.230
 31
0.000
  0
LINE
  8
DEV_CONTOUR
  6
CONTINUOUS
 62
     3
 10
305.000
 20
-1082.230
 30
0.000
 11
308.546
 21
-1080.764
 31
0.000
  0
LINE
  8
DEV_CONTOUR
  6
CONTINUOUS
 62
     3
 10
308.546
 20
-1080.764
 30
0.000
 11
312.093
 21
-1079.296
 31
0.000
  0
LINE
  8
DEV_CONTOUR
  6
CONTINUOUS
 62
     3
 10
312.093
 20
-1079.296
 30
0.000
 11
315.639
 21
-1077.828
 31
0.000
  0
LINE
  8
DEV_CONTOUR
  6
CONTINUOUS
 62
     3
 10
315.639
 20
-1077.828
 30
0.000
 11
319.186
 21
-1076.359
 31
0.000
  0
LINE
  8
DEV_CONTOUR
  6
CONTINUOUS
 62
     3
 10
319.186
 20
-1076.359
 30
0.000
 11
322.732
 21
-1074.890
 31
0.000
  0
LINE
  8
DEV_CONTOUR
  6
CONTINUOUS
 62
     3
 10
322.732
 20
-1074.890
 30
0.000
 11
326.279
 21
-1073.422
 31
0.000
  0
LINE
  8
DEV_CONTOUR
  6
CONTINUOUS
 62
     3
 10
326.279
 20
-1073.422
 30
0.000
 11
329.825
 21
-1071.954
 31
0.000
  0
LINE
  8
DEV_CONTOUR
  6
CONTINUOUS
 62
     3
 10
329.825
 20
-1071.954
 30
0.000
 11
333.372
 21
-1070.488
 31
0.000
  0
LINE
  8
DEV_CONTOUR
  6
CONTINUOUS
 62
     3
 10
333.372
 20
-1070.488
 30
0.000
 11
336.918
 21
-1069.023
 31
0.000
  0
LINE
  8
DEV_CONTOUR
  6
CONTINUOUS
 62
     3
 10
336.918
 20
-1069.023
 30
0.000
 11
340.465
 21
-1067.561
 31
0.000
  0
LINE
  8
DEV_CONTOUR
  6
CONTINUOUS
 62
     3
 10
340.465
 20
-1067.561
 30
0.000
 11
344.011
 21
-1066.101
 31
0.000
  0
LINE
  8
DEV_CONTOUR
  6
CONTINUOUS
 62
     3
 10
344.011
 20
-1066.101
 30
0.000
 11
347.558
 21
-1064.645
 31
0.000
  0
LINE
  8
DEV_CONTOUR
  6
CONTINUOUS
 62
     3
 10
347.558
 20
-1064.645
 30
0.000
 11
351.104
 21
-1063.192
 31
0.000
  0
LINE
  8
DEV_CONTOUR
  6
CONTINUOUS
 62
     3
 10
351.104
 20
-1063.192
 30
0.000
 11
354.651
 21
-1061.743
 31
0.000
  0
LINE
  8
DEV_CONTOUR
  6
CONTINUOUS
 62
     3
 10
354.651
 20
-1061.743
 30
0.000
 11
358.197
 21
-1060.299
 31
0.000
  0
LINE
  8
DEV_CONTOUR
  6
CONTINUOUS
 62
     3
 10
358.197
 20
-1060.299
 30
0.000
 11
361.744
 21
-1058.859
 31
0.000
  0
LINE
  8
DEV_CONTOUR
  6
CONTINUOUS
 62
     3
 10
361.744
 20
-1058.859
 30
0.000
 11
365.290
 21
-1057.425
 31
0.000
  0
LINE
  8
DEV_CONTOUR
  6
CONTINUOUS
 62
     3
 10
365.290
 20
-1057.425
 30
0.000
 11
368.837
 21
-1055.997
 31
0.000
  0
LINE
  8
DEV_CONTOUR
  6
CONTINUOUS
 62
     3
 10
368.837
 20
-1055.997
 30
0.000
 11
372.383
 21
-1054.575
 31
0.000
  0
LINE
  8
DEV_CONTOUR
  6
CONTINUOUS
 62
     3
 10
372.383
 20
-1054.575
 30
0.000
 11
375.930
 21
-1053.159
 31
0.000
  0
LINE
  8
DEV_CONTOUR
  6
CONTINUOUS
 62
     3
 10
375.930
 20
-1053.159
 30
0.000
 11
379.476
 21
-1051.751
 31
0.000
  0
LINE
  8
DEV_CONTOUR
  6
CONTINUOUS
 62
     3
 10
379.476
 20
-1051.751
 30
0.000
 11
383.023
 21
-1050.350
 31
0.000
  0
LINE
  8
DEV_CONTOUR
  6
CONTINUOUS
 62
     3
 10
383.023
 20
-1050.350
 30
0.000
 11
386.569
 21
-1048.957
 31
0.000
  0
LINE
  8
DEV_CONTOUR
  6
CONTINUOUS
 62
     3
 10
386.569
 20
-1048.957
 30
0.000
 11
390.116
 21
-1047.572
 31
0.000
  0
LINE
  8
DEV_CONTOUR
  6
CONTINUOUS
 62
     3
 10
390.116
 20
-1047.572
 30
0.000
 11
393.663
 21
-1046.196
 31
0.000
  0
LINE
  8
DEV_CONTOUR
  6
CONTINUOUS
 62
     3
 10
393.663
 20
-1046.196
 30
0.000
 11
397.209
 21
-1044.829
 31
0.000
  0
LINE
  8
DEV_CONTOUR
  6
CONTINUOUS
 62
     3
 10
397.209
 20
-1044.829
 30
0.000
 11
400.756
 21
-1043.472
 31
0.000
  0
LINE
  8
DEV_CONTOUR
  6
CONTINUOUS
 62
     3
 10
400.756
 20
-1043.472
 30
0.000
 11
404.302
 21
-1042.125
 31
0.000
  0
LINE
  8
DEV_CONTOUR
  6
CONTINUOUS
 62
     3
 10
404.302
 20
-1042.125
 30
0.000
 11
407.849
 21
-1040.788
 31
0.000
  0
LINE
  8
DEV_CONTOUR
  6
CONTINUOUS
 62
     3
 10
407.849
 20
-1040.788
 30
0.000
 11
411.395
 21
-1039.462
 31
0.000
  0
LINE
  8
DEV_CONTOUR
  6
CONTINUOUS
 62
     3
 10
411.395
 20
-1039.462
 30
0.000
 11
414.942
 21
-1038.147
 31
0.000
  0
LINE
  8
DEV_CONTOUR
  6
CONTINUOUS
 62
     3
 10
414.942
 20
-1038.147
 30
0.000
 11
418.488
 21
-1036.844
 31
0.000
  0
LINE
  8
DEV_CONTOUR
  6
CONTINUOUS
 62
     3
 10
418.488
 20
-1036.844
 30
0.000
 11
422.035
 21
-1035.553
 31
0.000
  0
LINE
  8
DEV_CONTOUR
  6
CONTINUOUS
 62
     3
 10
422.035
 20
-1035.553
 30
0.000
 11
425.581
 21
-1034.275
 31
0.000
  0
LINE
  8
DEV_CONTOUR
  6
CONTINUOUS
 62
     3
 10
425.581
 20
-1034.275
 30
0.000
 11
429.128
 21
-1033.009
 31
0.000
  0
LINE
  8
DEV_CONTOUR
  6
CONTINUOUS
 62
     3
 10
429.128
 20
-1033.009
 30
0.000
 11
432.674
 21
-1031.757
 31
0.000
  0
LINE
  8
DEV_CONTOUR
  6
CONTINUOUS
 62
     3
 10
432.674
 20
-1031.757
 30
0.000
 11
436.221
 21
-1030.518
 31
0.000
  0
LINE
  8
DEV_CONTOUR
  6
CONTINUOUS
 62
     3
 10
436.221
 20
-1030.518
 30
0.000
 11
439.767
 21
-1029.293
 31
0.000
  0
LINE
  8
DEV_CONTOUR
  6
CONTINUOUS
 62
     3
 10
439.767
 20
-1029.293
 30
0.000
 11
443.314
 21
-1028.082
 31
0.000
  0
LINE
  8
DEV_CONTOUR
  6
CONTINUOUS
 62
     3
 10
443.314
 20
-1028.082
 30
0.000
 11
446.860
 21
-1026.886
 31
0.000
  0
LINE
  8
DEV_CONTOUR
  6
CONTINUOUS
 62
     3
 10
446.860
 20
-1026.886
 30
0.000
 11
450.407
 21
-1025.705
 31
0.000
  0
LINE
  8
DEV_CONTOUR
  6
CONTINUOUS
 62
     3
 10
450.407
 20
-1025.705
 30
0.000
 11
453.953
 21
-1024.540
 31
0.000
  0
LINE
  8
DEV_CONTOUR
  6
CONTINUOUS
 62
     3
 10
453.953
 20
-1024.540
 30
0.000
 11
457.500
 21
-1023.390
 31
0.000
  0
LINE
  8
DEV_CONTOUR
  6
CONTINUOUS
 62
     3
 10
457.500
 20
-1023.390
 30
0.000
 11
461.046
 21
-1022.257
 31
0.000
  0
LINE
  8
DEV_CONTOUR
  6
CONTINUOUS
 62
     3
 10
461.046
 20
-1022.257
 30
0.000
 11
464.593
 21
-1021.140
 31
0.000
  0
LINE
  8
DEV_CONTOUR
  6
CONTINUOUS
 62
     3
 10
464.593
 20
-1021.140
 30
0.000
 11
468.139
 21
-1020.040
 31
0.000
  0
LINE
  8
DEV_CONTOUR
  6
CONTINUOUS
 62
     3
 10
468.139
 20
-1020.040
 30
0.000
 11
471.686
 21
-1018.956
 31
0.000
  0
LINE
  8
DEV_CONTOUR
  6
CONTINUOUS
 62
     3
 10
471.686
 20
-1018.956
 30
0.000
 11
475.232
 21
-1017.891
 31
0.000
  0
LINE
  8
DEV_CONTOUR
  6
CONTINUOUS
 62
     3
 10
475.232
 20
-1017.891
 30
0.000
 11
478.779
 21
-1016.843
 31
0.000
  0
LINE
  8
DEV_CONTOUR
  6
CONTINUOUS
 62
     3
 10
478.779
 20
-1016.843
 30
0.000
 11
482.325
 21
-1015.813
 31
0.000
  0
LINE
  8
DEV_CONTOUR
  6
CONTINUOUS
 62
     3
 10
482.325
 20
-1015.813
 30
0.000
 11
485.872
 21
-1014.802
 31
0.000
  0
LINE
  8
DEV_CONTOUR
  6
CONTINUOUS
 62
     3
 10
485.872
 20
-1014.802
 30
0.000
 11
489.418
 21
-1013.810
 31
0.000
  0
LINE
  8
DEV_CONTOUR
  6
CONTINUOUS
 62
     3
 10
489.418
 20
-1013.810
 30
0.000
 11
492.965
 21
-1012.836
 31
0.000
  0
LINE
  8
DEV_CONTOUR
  6
CONTINUOUS
 62
     3
 10
492.965
 20
-1012.836
 30
0.000
 11
496.511
 21
-1011.882
 31
0.000
  0
LINE
  8
DEV_CONTOUR
  6
CONTINUOUS
 62
     3
 10
496.511
 20
-1011.882
 30
0.000
 11
500.058
 21
-1010.948
 31
0.000
  0
LINE
  8
DEV_CONTOUR
  6
CONTINUOUS
 62
     3
 10
500.058
 20
-1010.948
 30
0.000
 11
503.604
 21
-1010.034
 31
0.000
  0
LINE
  8
DEV_CONTOUR
  6
CONTINUOUS
 62
     3
 10
503.604
 20
-1010.034
 30
0.000
 11
507.151
 21
-1009.139
 31
0.000
  0
LINE
  8
DEV_CONTOUR
  6
CONTINUOUS
 62
     3
 10
507.151
 20
-1009.139
 30
0.000
 11
510.697
 21
-1008.266
 31
0.000
  0
LINE
  8
DEV_CONTOUR
  6
CONTINUOUS
 62
     3
 10
510.697
 20
-1008.266
 30
0.000
 11
514.244
 21
-1007.412
 31
0.000
  0
LINE
  8
DEV_CONTOUR
  6
CONTINUOUS
 62
     3
 10
514.244
 20
-1007.412
 30
0.000
 11
517.790
 21
-1006.580
 31
0.000
  0
LINE
  8
DEV_CONTOUR
  6
CONTINUOUS
 62
     3
 10
517.790
 20
-1006.580
 30
0.000
 11
521.337
 21
-1005.770
 31
0.000
  0
LINE
  8
DEV_CONTOUR
  6
CONTINUOUS
 62
     3
 10
521.337
 20
-1005.770
 30
0.000
 11
524.883
 21
-1004.980
 31
0.000
  0
LINE
  8
DEV_CONTOUR
  6
CONTINUOUS
 62
     3
 10
524.883
 20
-1004.980
 30
0.000
 11
528.430
 21
-1004.213
 31
0.000
  0
LINE
  8
DEV_CONTOUR
  6
CONTINUOUS
 62
     3
 10
528.430
 20
-1004.213
 30
0.000
 11
531.976
 21
-1003.467
 31
0.000
  0
LINE
  8
DEV_CONTOUR
  6
CONTINUOUS
 62
     3
 10
531.976
 20
-1003.467
 30
0.000
 11
535.523
 21
-1002.744
 31
0.000
  0
LINE
  8
DEV_CONTOUR
  6
CONTINUOUS
 62
     3
 10
535.523
 20
-1002.744
 30
0.000
 11
539.069
 21
-1002.043
 31
0.000
  0
LINE
  8
DEV_CONTOUR
  6
CONTINUOUS
 62
     3
 10
539.069
 20
-1002.043
 30
0.000
 11
542.616
 21
-1001.365
 31
0.000
  0
LINE
  8
DEV_CONTOUR
  6
CONTINUOUS
 62
     3
 10
542.616
 20
-1001.365
 30
0.000
 11
546.162
 21
-1000.709
 31
0.000
  0
LINE
  8
DEV_CONTOUR
  6
CONTINUOUS
 62
     3
 10
546.162
 20
-1000.709
 30
0.000
 11
549.709
 21
-1000.077
 31
0.000
  0
LINE
  8
DEV_CONTOUR
  6
CONTINUOUS
 62
     3
 10
549.709
 20
-1000.077
 30
0.000
 11
553.255
 21
-999.468
 31
0.000
  0
LINE
  8
DEV_CONTOUR
  6
CONTINUOUS
 62
     3
 10
553.255
 20
-999.468
 30
0.000
 11
556.802
 21
-998.882
 31
0.000
  0
LINE
  8
DEV_CONTOUR
  6
CONTINUOUS
 62
     3
 10
556.802
 20
-998.882
 30
0.000
 11
560.348
 21
-998.320
 31
0.000
  0
LINE
  8
DEV_CONTOUR
  6
CONTINUOUS
 62
     3
 10
560.348
 20
-998.320
 30
0.000
 11
563.895
 21
-997.781
 31
0.000
  0
LINE
  8
DEV_CONTOUR
  6
CONTINUOUS
 62
     3
 10
563.895
 20
-997.781
 30
0.000
 11
567.441
 21
-997.267
 31
0.000
  0
LINE
  8
DEV_CONTOUR
  6
CONTINUOUS
 62
     3
 10
567.441
 20
-997.267
 30
0.000
 11
570.988
 21
-996.776
 31
0.000
  0
LINE
  8
DEV_CONTOUR
  6
CONTINUOUS
 62
     3
 10
570.988
 20
-996.776
 30
0.000
 11
574.534
 21
-996.310
 31
0.000
  0
LINE
  8
DEV_CONTOUR
  6
CONTINUOUS
 62
     3
 10
574.534
 20
-996.310
 30
0.000
 11
578.081
 21
-995.869
 31
0.000
  0
LINE
  8
DEV_CONTOUR
  6
CONTINUOUS
 62
     3
 10
578.081
 20
-995.869
 30
0.000
 11
581.627
 21
-995.451
 31
0.000
  0
LINE
  8
DEV_CONTOUR
  6
CONTINUOUS
 62
     3
 10
581.627
 20
-995.451
 30
0.000
 11
585.174
 21
-995.059
 31
0.000
  0
LINE
  8
DEV_CONTOUR
  6
CONTINUOUS
 62
     3
 10
585.174
 20
-995.059
 30
0.000
 11
588.721
 21
-994.691
 31
0.000
  0
LINE
  8
DEV_CONTOUR
  6
CONTINUOUS
 62
     3
 10
588.721
 20
-994.691
 30
0.000
 11
592.267
 21
-994.348
 31
0.000
  0
LINE
  8
DEV_CONTOUR
  6
CONTINUOUS
 62
     3
 10
592.267
 20
-994.348
 30
0.000
 11
595.814
 21
-994.030
 31
0.000
  0
LINE
  8
DEV_CONTOUR
  6
CONTINUOUS
 62
     3
 10
595.814
 20
-994.030
 30
0.000
 11
599.360
 21
-993.737
 31
0.000
  0
LINE
  8
DEV_CONTOUR
  6
CONTINUOUS
 62
     3
 10
599.360
 20
-993.737
 30
0.000
 11
602.907
 21
-993.470
 31
0.000
  0
LINE
  8
DEV_CONTOUR
  6
CONTINUOUS
 62
     3
 10
602.907
 20
-993.470
 30
0.000
 11
606.453
 21
-993.227
 31
0.000
  0
LINE
  8
DEV_CONTOUR
  6
CONTINUOUS
 62
     3
 10
606.453
 20
-993.227
 30
0.000
 11
610.000
 21
-993.010
 31
0.000
  0
LINE
  8
DEV_CONTOUR
  6
CONTINUOUS
 62
     3
 10
610.000
 20
-993.010
 30
0.000
 11
613.546
 21
-992.818
 31
0.000
  0
LINE
  8
DEV_CONTOUR
  6
CONTINUOUS
 62
     3
 10
613.546
 20
-992.818
 30
0.000
 11
617.093
 21
-992.652
 31
0.000
  0
LINE
  8
DEV_CONTOUR
  6
CONTINUOUS
 62
     3
 10
617.093
 20
-992.652
 30
0.000
 11
620.639
 21
-992.511
 31
0.000
  0
LINE
  8
DEV_CONTOUR
  6
CONTINUOUS
 62
     3
 10
620.639
 20
-992.511
 30
0.000
 11
624.186
 21
-992.396
 31
0.000
  0
LINE
  8
DEV_CONTOUR
  6
CONTINUOUS
 62
     3
 10
624.186
 20
-992.396
 30
0.000
 11
627.732
 21
-992.306
 31
0.000
  0
LINE
  8
DEV_CONTOUR
  6
CONTINUOUS
 62
     3
 10
627.732
 20
-992.306
 30
0.000
 11
631.279
 21
-992.242
 31
0.000
  0
LINE
  8
DEV_CONTOUR
  6
CONTINUOUS
 62
     3
 10
631.279
 20
-992.242
 30
0.000
 11
634.825
 21
-992.204
 31
0.000
  0
LINE
  8
DEV_CONTOUR
  6
CONTINUOUS
 62
     3
 10
634.825
 20
-992.204
 30
0.000
 11
638.372
 21
-992.191
 31
0.000
  0
LINE
  8
DEV_CONTOUR
  6
CONTINUOUS
 62
     3
 10
638.372
 20
-992.191
 30
0.000
 11
641.918
 21
-992.204
 31
0.000
  0
LINE
  8
DEV_CONTOUR
  6
CONTINUOUS
 62
     3
 10
641.918
 20
-992.204
 30
0.000
 11
645.465
 21
-992.242
 31
0.000
  0
LINE
  8
DEV_CONTOUR
  6
CONTINUOUS
 62
     3
 10
645.465
 20
-992.242
 30
0.000
 11
649.011
 21
-992.306
 31
0.000
  0
LINE
  8
DEV_CONTOUR
  6
CONTINUOUS
 62
     3
 10
649.011
 20
-992.306
 30
0.000
 11
652.558
 21
-992.396
 31
0.000
  0
LINE
  8
DEV_CONTOUR
  6
CONTINUOUS
 62
     3
 10
652.558
 20
-992.396
 30
0.000
 11
656.104
 21
-992.511
 31
0.000
  0
LINE
  8
DEV_CONTOUR
  6
CONTINUOUS
 62
     3
 10
656.104
 20
-992.511
 30
0.000
 11
659.651
 21
-992.652
 31
0.000
  0
LINE
  8
DEV_CONTOUR
  6
CONTINUOUS
 62
     3
 10
659.651
 20
-992.652
 30
0.000
 11
663.197
 21
-992.818
 31
0.000
  0
LINE
  8
DEV_CONTOUR
  6
CONTINUOUS
 62
     3
 10
663.197
 20
-992.818
 30
0.000
 11
666.744
 21
-993.010
 31
0.000
  0
LINE
  8
DEV_CONTOUR
  6
CONTINUOUS
 62
     3
 10
666.744
 20
-993.010
 30
0.000
 11
670.290
 21
-993.227
 31
0.000
  0
LINE
  8
DEV_CONTOUR
  6
CONTINUOUS
 62
     3
 10
670.290
 20
-993.227
 30
0.000
 11
673.837
 21
-993.470
 31
0.000
  0
LINE
  8
DEV_CONTOUR
  6
CONTINUOUS
 62
     3
 10
673.837
 20
-993.470
 30
0.000
 11
677.383
 21
-993.737
 31
0.000
  0
LINE
  8
DEV_CONTOUR
  6
CONTINUOUS
 62
     3
 10
677.383
 20
-993.737
 30
0.000
 11
680.930
 21
-994.030
 31
0.000
  0
LINE
  8
DEV_CONTOUR
  6
CONTINUOUS
 62
     3
 10
680.930
 20
-994.030
 30
0.000
 11
684.476
 21
-994.348
 31
0.000
  0
LINE
  8
DEV_CONTOUR
  6
CONTINUOUS
 62
     3
 10
684.476
 20
-994.348
 30
0.000
 11
688.023
 21
-994.691
 31
0.000
  0
LINE
  8
DEV_CONTOUR
  6
CONTINUOUS
 62
     3
 10
688.023
 20
-994.691
 30
0.000
 11
691.569
 21
-995.059
 31
0.000
  0
LINE
  8
DEV_CONTOUR
  6
CONTINUOUS
 62
     3
 10
691.569
 20
-995.059
 30
0.000
 11
695.116
 21
-995.451
 31
0.000
  0
LINE
  8
DEV_CONTOUR
  6
CONTINUOUS
 62
     3
 10
695.116
 20
-995.451
 30
0.000
 11
698.662
 21
-995.869
 31
0.000
  0
LINE
  8
DEV_CONTOUR
  6
CONTINUOUS
 62
     3
 10
698.662
 20
-995.869
 30
0.000
 11
702.209
 21
-996.310
 31
0.000
  0
LINE
  8
DEV_CONTOUR
  6
CONTINUOUS
 62
     3
 10
702.209
 20
-996.310
 30
0.000
 11
705.755
 21
-996.776
 31
0.000
  0
LINE
  8
DEV_CONTOUR
  6
CONTINUOUS
 62
     3
 10
705.755
 20
-996.776
 30
0.000
 11
709.302
 21
-997.267
 31
0.000
  0
LINE
  8
DEV_CONTOUR
  6
CONTINUOUS
 62
     3
 10
709.302
 20
-997.267
 30
0.000
 11
712.848
 21
-997.781
 31
0.000
  0
LINE
  8
DEV_CONTOUR
  6
CONTINUOUS
 62
     3
 10
712.848
 20
-997.781
 30
0.000
 11
716.395
 21
-998.320
 31
0.000
  0
LINE
  8
DEV_CONTOUR
  6
CONTINUOUS
 62
     3
 10
716.395
 20
-998.320
 30
0.000
 11
719.941
 21
-998.882
 31
0.000
  0
LINE
  8
DEV_CONTOUR
  6
CONTINUOUS
 62
     3
 10
719.941
 20
-998.882
 30
0.000
 11
723.488
 21
-999.468
 31
0.000
  0
LINE
  8
DEV_CONTOUR
  6
CONTINUOUS
 62
     3
 10
723.488
 20
-999.468
 30
0.000
 11
727.034
 21
-1000.077
 31
0.000
  0
LINE
  8
DEV_CONTOUR
  6
CONTINUOUS
 62
     3
 10
727.034
 20
-1000.077
 30
0.000
 11
730.581
 21
-1000.709
 31
0.000
  0
LINE
  8
DEV_CONTOUR
  6
CONTINUOUS
 62
     3
 10
730.581
 20
-1000.709
 30
0.000
 11
734.127
 21
-1001.365
 31
0.000
  0
LINE
  8
DEV_CONTOUR
  6
CONTINUOUS
 62
     3
 10
734.127
 20
-1001.365
 30
0.000
 11
737.674
 21
-1002.043
 31
0.000
  0
LINE
  8
DEV_CONTOUR
  6
CONTINUOUS
 62
     3
 10
737.674
 20
-1002.043
 30
0.000
 11
741.220
 21
-1002.744
 31
0.000
  0
LINE
  8
DEV_CONTOUR
  6
CONTINUOUS
 62
     3
 10
741.220
 20
-1002.744
 30
0.000
 11
744.767
 21
-1003.467
 31
0.000
  0
LINE
  8
DEV_CONTOUR
  6
CONTINUOUS
 62
     3
 10
744.767
 20
-1003.467
 30
0.000
 11
748.313
 21
-1004.213
 31
0.000
  0
LINE
  8
DEV_CONTOUR
  6
CONTINUOUS
 62
     3
 10
748.313
 20
-1004.213
 30
0.000
 11
751.860
 21
-1004.980
 31
0.000
  0
LINE
  8
DEV_CONTOUR
  6
CONTINUOUS
 62
     3
 10
751.860
 20
-1004.980
 30
0.000
 11
755.406
 21
-1005.770
 31
0.000
  0
LINE
  8
DEV_CONTOUR
  6
CONTINUOUS
 62
     3
 10
755.406
 20
-1005.770
 30
0.000
 11
758.953
 21
-1006.580
 31
0.000
  0
LINE
  8
DEV_CONTOUR
  6
CONTINUOUS
 62
     3
 10
758.953
 20
-1006.580
 30
0.000
 11
762.499
 21
-1007.412
 31
0.000
  0
LINE
  8
DEV_CONTOUR
  6
CONTINUOUS
 62
     3
 10
762.499
 20
-1007.412
 30
0.000
 11
766.046
 21
-1008.266
 31
0.000
  0
LINE
  8
DEV_CONTOUR
  6
CONTINUOUS
 62
     3
 10
766.046
 20
-1008.266
 30
0.000
 11
769.592
 21
-1009.139
 31
0.000
  0
LINE
  8
DEV_CONTOUR
  6
CONTINUOUS
 62
     3
 10
769.592
 20
-1009.139
 30
0.000
 11
773.139
 21
-1010.034
 31
0.000
  0
LINE
  8
DEV_CONTOUR
  6
CONTINUOUS
 62
     3
 10
773.139
 20
-1010.034
 30
0.000
 11
776.685
 21
-1010.948
 31
0.000
  0
LINE
  8
DEV_CONTOUR
  6
CONTINUOUS
 62
     3
 10
776.685
 20
-1010.948
 30
0.000
 11
780.232
 21
-1011.882
 31
0.000
  0
LINE
  8
DEV_CONTOUR
  6
CONTINUOUS
 62
     3
 10
780.232
 20
-1011.882
 30
0.000
 11
783.778
 21
-1012.836
 31
0.000
  0
LINE
  8
DEV_CONTOUR
  6
CONTINUOUS
 62
     3
 10
783.778
 20
-1012.836
 30
0.000
 11
787.325
 21
-1013.810
 31
0.000
  0
LINE
  8
DEV_CONTOUR
  6
CONTINUOUS
 62
     3
 10
787.325
 20
-1013.810
 30
0.000
 11
790.872
 21
-1014.802
 31
0.000
  0
LINE
  8
DEV_CONTOUR
  6
CONTINUOUS
 62
     3
 10
790.872
 20
-1014.802
 30
0.000
 11
794.418
 21
-1015.813
 31
0.000
  0
LINE
  8
DEV_CONTOUR
  6
CONTINUOUS
 62
     3
 10
794.418
 20
-1015.813
 30
0.000
 11
797.965
 21
-1016.843
 31
0.000
  0
LINE
  8
DEV_CONTOUR
  6
CONTINUOUS
 62
     3
 10
797.965
 20
-1016.843
 30
0.000
 11
801.511
 21
-1017.891
 31
0.000
  0
LINE
  8
DEV_CONTOUR
  6
CONTINUOUS
 62
     3
 10
801.511
 20
-1017.891
 30
0.000
 11
805.058
 21
-1018.956
 31
0.000
  0
LINE
  8
DEV_CONTOUR
  6
CONTINUOUS
 62
     3
 10
805.058
 20
-1018.956
 30
0.000
 11
808.604
 21
-1020.040
 31
0.000
  0
LINE
  8
DEV_CONTOUR
  6
CONTINUOUS
 62
     3
 10
808.604
 20
-1020.040
 30
0.000
 11
812.151
 21
-1021.140
 31
0.000
  0
LINE
  8
DEV_CONTOUR
  6
CONTINUOUS
 62
     3
 10
812.151
 20
-1021.140
 30
0.000
 11
815.697
 21
-1022.257
 31
0.000
  0
LINE
  8
DEV_CONTOUR
  6
CONTINUOUS
 62
     3
 10
815.697
 20
-1022.257
 30
0.000
 11
819.244
 21
-1023.390
 31
0.000
  0
LINE
  8
DEV_CONTOUR
  6
CONTINUOUS
 62
     3
 10
819.244
 20
-1023.390
 30
0.000
 11
822.790
 21
-1024.540
 31
0.000
  0
LINE
  8
DEV_CONTOUR
  6
CONTINUOUS
 62
     3
 10
822.790
 20
-1024.540
 30
0.000
 11
826.337
 21
-1025.705
 31
0.000
  0
LINE
  8
DEV_CONTOUR
  6
CONTINUOUS
 62
     3
 10
826.337
 20
-1025.705
 30
0.000
 11
829.883
 21
-1026.886
 31
0.000
  0
LINE
  8
DEV_CONTOUR
  6
CONTINUOUS
 62
     3
 10
829.883
 20
-1026.886
 30
0.000
 11
833.430
 21
-1028.082
 31
0.000
  0
LINE
  8
DEV_CONTOUR
  6
CONTINUOUS
 62
     3
 10
833.430
 20
-1028.082
 30
0.000
 11
836.976
 21
-1029.293
 31
0.000
  0
LINE
  8
DEV_CONTOUR
  6
CONTINUOUS
 62
     3
 10
836.976
 20
-1029.293
 30
0.000
 11
840.523
 21
-1030.518
 31
0.000
  0
LINE
  8
DEV_CONTOUR
  6
CONTINUOUS
 62
     3
 10
840.523
 20
-1030.518
 30
0.000
 11
844.069
 21
-1031.757
 31
0.000
  0
LINE
  8
DEV_CONTOUR
  6
CONTINUOUS
 62
     3
 10
844.069
 20
-1031.757
 30
0.000
 11
847.616
 21
-1033.009
 31
0.000
  0
LINE
  8
DEV_CONTOUR
  6
CONTINUOUS
 62
     3
 10
847.616
 20
-1033.009
 30
0.000
 11
851.162
 21
-1034.275
 31
0.000
  0
LINE
  8
DEV_CONTOUR
  6
CONTINUOUS
 62
     3
 10
851.162
 20
-1034.275
 30
0.000
 11
854.709
 21
-1035.553
 31
0.000
  0
LINE
  8
DEV_CONTOUR
  6
CONTINUOUS
 62
     3
 10
854.709
 20
-1035.553
 30
0.000
 11
858.255
 21
-1036.844
 31
0.000
  0
LINE
  8
DEV_CONTOUR
  6
CONTINUOUS
 62
     3
 10
858.255
 20
-1036.844
 30
0.000
 11
861.802
 21
-1038.147
 31
0.000
  0
LINE
  8
DEV_CONTOUR
  6
CONTINUOUS
 62
     3
 10
861.802
 20
-1038.147
 30
0.000
 11
865.348
 21
-1039.462
 31
0.000
  0
LINE
  8
DEV_CONTOUR
  6
CONTINUOUS
 62
     3
 10
865.348
 20
-1039.462
 30
0.000
 11
868.895
 21
-1040.788
 31
0.000
  0
LINE
  8
DEV_CONTOUR
  6
CONTINUOUS
 62
     3
 10
868.895
 20
-1040.788
 30
0.000
 11
872.441
 21
-1042.125
 31
0.000
  0
LINE
  8
DEV_CONTOUR
  6
CONTINUOUS
 62
     3
 10
872.441
 20
-1042.125
 30
0.000
 11
875.988
 21
-1043.472
 31
0.000
  0
LINE
  8
DEV_CONTOUR
  6
CONTINUOUS
 62
     3
 10
875.988
 20
-1043.472
 30
0.000
 11
879.534
 21
-1044.829
 31
0.000
  0
LINE
  8
DEV_CONTOUR
  6
CONTINUOUS
 62
     3
 10
879.534
 20
-1044.829
 30
0.000
 11
883.081
 21
-1046.196
 31
0.000
  0
LINE
  8
DEV_CONTOUR
  6
CONTINUOUS
 62
     3
 10
883.081
 20
-1046.196
 30
0.000
 11
886.627
 21
-1047.572
 31
0.000
  0
LINE
  8
DEV_CONTOUR
  6
CONTINUOUS
 62
     3
 10
886.627
 20
-1047.572
 30
0.000
 11
890.174
 21
-1048.957
 31
0.000
  0
LINE
  8
DEV_CONTOUR
  6
CONTINUOUS
 62
     3
 10
890.174
 20
-1048.957
 30
0.000
 11
893.720
 21
-1050.350
 31
0.000
  0
LINE
  8
DEV_CONTOUR
  6
CONTINUOUS
 62
     3
 10
893.720
 20
-1050.350
 30
0.000
 11
897.267
 21
-1051.751
 31
0.000
  0
LINE
  8
DEV_CONTOUR
  6
CONTINUOUS
 62
     3
 10
897.267
 20
-1051.751
 30
0.000
 11
900.813
 21
-1053.159
 31
0.000
  0
LINE
  8
DEV_CONTOUR
  6
CONTINUOUS
 62
     3
 10
900.813
 20
-1053.159
 30
0.000
 11
904.360
 21
-1054.575
 31
0.000
  0
LINE
  8
DEV_CONTOUR
  6
CONTINUOUS
 62
     3
 10
904.360
 20
-1054.575
 30
0.000
 11
907.906
 21
-1055.997
 31
0.000
  0
LINE
  8
DEV_CONTOUR
  6
CONTINUOUS
 62
     3
 10
907.906
 20
-1055.997
 30
0.000
 11
911.453
 21
-1057.425
 31
0.000
  0
LINE
  8
DEV_CONTOUR
  6
CONTINUOUS
 62
     3
 10
911.453
 20
-1057.425
 30
0.000
 11
914.999
 21
-1058.859
 31
0.000
  0
LINE
  8
DEV_CONTOUR
  6
CONTINUOUS
 62
     3
 10
914.999
 20
-1058.859
 30
0.000
 11
918.546
 21
-1060.299
 31
0.000
  0
LINE
  8
DEV_CONTOUR
  6
CONTINUOUS
 62
     3
 10
918.546
 20
-1060.299
 30
0.000
 11
922.092
 21
-1061.743
 31
0.000
  0
LINE
  8
DEV_CONTOUR
  6
CONTINUOUS
 62
     3
 10
922.092
 20
-1061.743
 30
0.000
 11
925.639
 21
-1063.192
 31
0.000
  0
LINE
  8
DEV_CONTOUR
  6
CONTINUOUS
 62
     3
 10
925.639
 20
-1063.192
 30
0.000
 11
929.185
 21
-1064.645
 31
0.000
  0
LINE
  8
DEV_CONTOUR
  6
CONTINUOUS
 62
     3
 10
929.185
 20
-1064.645
 30
0.000
 11
932.732
 21
-1066.101
 31
0.000
  0
LINE
  8
DEV_CONTOUR
  6
CONTINUOUS
 62
     3
 10
932.732
 20
-1066.101
 30
0.000
 11
936.278
 21
-1067.561
 31
0.000
  0
LINE
  8
DEV_CONTOUR
  6
CONTINUOUS
 62
     3
 10
936.278
 20
-1067.561
 30
0.000
 11
939.825
 21
-1069.023
 31
0.000
  0
LINE
  8
DEV_CONTOUR
  6
CONTINUOUS
 62
     3
 10
939.825
 20
-1069.023
 30
0.000
 11
943.371
 21
-1070.488
 31
0.000
  0
LINE
  8
DEV_CONTOUR
  6
CONTINUOUS
 62
     3
 10
943.371
 20
-1070.488
 30
0.000
 11
946.918
 21
-1071.954
 31
0.000
  0
LINE
  8
DEV_CONTOUR
  6
CONTINUOUS
 62
     3
 10
946.918
 20
-1071.954
 30
0.000
 11
950.464
 21
-1073.422
 31
0.000
  0
LINE
  8
DEV_CONTOUR
  6
CONTINUOUS
 62
     3
 10
950.464
 20
-1073.422
 30
0.000
 11
954.011
 21
-1074.890
 31
0.000
  0
LINE
  8
DEV_CONTOUR
  6
CONTINUOUS
 62
     3
 10
954.011
 20
-1074.890
 30
0.000
 11
957.557
 21
-1076.359
 31
0.000
  0
LINE
  8
DEV_CONTOUR
  6
CONTINUOUS
 62
     3
 10
957.557
 20
-1076.359
 30
0.000
 11
961.104
 21
-1077.828
 31
0.000
  0
LINE
  8
DEV_CONTOUR
  6
CONTINUOUS
 62
     3
 10
961.104
 20
-1077.828
 30
0.000
 11
964.650
 21
-1079.296
 31
0.000
  0
LINE
  8
DEV_CONTOUR
  6
CONTINUOUS
 62
     3
 10
964.650
 20
-1079.296
 30
0.000
 11
968.197
 21
-1080.764
 31
0.000
  0
LINE
  8
DEV_CONTOUR
  6
CONTINUOUS
 62
     3
 10
968.197
 20
-1080.764
 30
0.000
 11
971.743
 21
-1082.230
 31
0.000
  0
LINE
  8
DEV_CONTOUR
  6
CONTINUOUS
 62
     3
 10
971.743
 20
-1082.230
 30
0.000
 11
975.290
 21
-1083.695
 31
0.000
  0
LINE
  8
DEV_CONTOUR
  6
CONTINUOUS
 62
     3
 10
975.290
 20
-1083.695
 30
0.000
 11
978.836
 21
-1085.157
 31
0.000
  0
LINE
  8
DEV_CONTOUR
  6
CONTINUOUS
 62
     3
 10
978.836
 20
-1085.157
 30
0.000
 11
982.383
 21
-1086.617
 31
0.000
  0
LINE
  8
DEV_CONTOUR
  6
CONTINUOUS
 62
     3
 10
982.383
 20
-1086.617
 30
0.000
 11
985.930
 21
-1088.073
 31
0.000
  0
LINE
  8
DEV_CONTOUR
  6
CONTINUOUS
 62
     3
 10
985.930
 20
-1088.073
 30
0.000
 11
989.476
 21
-1089.526
 31
0.000
  0
LINE
  8
DEV_CONTOUR
  6
CONTINUOUS
 62
     3
 10
989.476
 20
-1089.526
 30
0.000
 11
993.023
 21
-1090.975
 31
0.000
  0
LINE
  8
DEV_CONTOUR
  6
CONTINUOUS
 62
     3
 10
993.023
 20
-1090.975
 30
0.000
 11
996.569
 21
-1092.419
 31
0.000
  0
LINE
  8
DEV_CONTOUR
  6
CONTINUOUS
 62
     3
 10
996.569
 20
-1092.419
 30
0.000
 11
1000.116
 21
-1093.859
 31
0.000
  0
LINE
  8
DEV_CONTOUR
  6
CONTINUOUS
 62
     3
 10
1000.116
 20
-1093.859
 30
0.000
 11
1003.662
 21
-1095.293
 31
0.000
  0
LINE
  8
DEV_CONTOUR
  6
CONTINUOUS
 62
     3
 10
1003.662
 20
-1095.293
 30
0.000
 11
1007.209
 21
-1096.721
 31
0.000
  0
LINE
  8
DEV_CONTOUR
  6
CONTINUOUS
 62
     3
 10
1007.209
 20
-1096.721
 30
0.000
 11
1010.755
 21
-1098.143
 31
0.000
  0
LINE
  8
DEV_CONTOUR
  6
CONTINUOUS
 62
     3
 10
1010.755
 20
-1098.143
 30
0.000
 11
1014.302
 21
-1099.559
 31
0.000
  0
LINE
  8
DEV_CONTOUR
  6
CONTINUOUS
 62
     3
 10
1014.302
 20
-1099.559
 30
0.000
 11
1017.848
 21
-1100.967
 31
0.000
  0
LINE
  8
DEV_CONTOUR
  6
CONTINUOUS
 62
     3
 10
1017.848
 20
-1100.967
 30
0.000
 11
1021.395
 21
-1102.368
 31
0.000
  0
LINE
  8
DEV_CONTOUR
  6
CONTINUOUS
 62
     3
 10
1021.395
 20
-1102.368
 30
0.000
 11
1024.941
 21
-1103.762
 31
0.000
  0
LINE
  8
DEV_CONTOUR
  6
CONTINUOUS
 62
     3
 10
1024.941
 20
-1103.762
 30
0.000
 11
1028.488
 21
-1105.146
 31
0.000
  0
LINE
  8
DEV_CONTOUR
  6
CONTINUOUS
 62
     3
 10
1028.488
 20
-1105.146
 30
0.000
 11
1032.034
 21
-1106.522
 31
0.000
  0
LINE
  8
DEV_CONTOUR
  6
CONTINUOUS
 62
     3
 10
1032.034
 20
-1106.522
 30
0.000
 11
1035.581
 21
-1107.889
 31
0.000
  0
LINE
  8
DEV_CONTOUR
  6
CONTINUOUS
 62
     3
 10
1035.581
 20
-1107.889
 30
0.000
 11
1039.127
 21
-1109.246
 31
0.000
  0
LINE
  8
DEV_CONTOUR
  6
CONTINUOUS
 62
     3
 10
1039.127
 20
-1109.246
 30
0.000
 11
1042.674
 21
-1110.593
 31
0.000
  0
LINE
  8
DEV_CONTOUR
  6
CONTINUOUS
 62
     3
 10
1042.674
 20
-1110.593
 30
0.000
 11
1046.220
 21
-1111.930
 31
0.000
  0
LINE
  8
DEV_CONTOUR
  6
CONTINUOUS
 62
     3
 10
1046.220
 20
-1111.930
 30
0.000
 11
1049.767
 21
-1113.256
 31
0.000
  0
LINE
  8
DEV_CONTOUR
  6
CONTINUOUS
 62
     3
 10
1049.767
 20
-1113.256
 30
0.000
 11
1053.313
 21
-1114.571
 31
0.000
  0
LINE
  8
DEV_CONTOUR
  6
CONTINUOUS
 62
     3
 10
1053.313
 20
-1114.571
 30
0.000
 11
1056.860
 21
-1115.874
 31
0.000
  0
LINE
  8
DEV_CONTOUR
  6
CONTINUOUS
 62
     3
 10
1056.860
 20
-1115.874
 30
0.000
 11
1060.406
 21
-1117.165
 31
0.000
  0
LINE
  8
DEV_CONTOUR
  6
CONTINUOUS
 62
     3
 10
1060.406
 20
-1117.165
 30
0.000
 11
1063.953
 21
-1118.443
 31
0.000
  0
LINE
  8
DEV_CONTOUR
  6
CONTINUOUS
 62
     3
 10
1063.953
 20
-1118.443
 30
0.000
 11
1067.499
 21
-1119.709
 31
0.000
  0
LINE
  8
DEV_CONTOUR
  6
CONTINUOUS
 62
     3
 10
1067.499
 20
-1119.709
 30
0.000
 11
1071.046
 21
-1120.961
 31
0.000
  0
LINE
  8
DEV_CONTOUR
  6
CONTINUOUS
 62
     3
 10
1071.046
 20
-1120.961
 30
0.000
 11
1074.592
 21
-1122.200
 31
0.000
  0
LINE
  8
DEV_CONTOUR
  6
CONTINUOUS
 62
     3
 10
1074.592
 20
-1122.200
 30
0.000
 11
1078.139
 21
-1123.425
 31
0.000
  0
LINE
  8
DEV_CONTOUR
  6
CONTINUOUS
 62
     3
 10
1078.139
 20
-1123.425
 30
0.000
 11
1081.685
 21
-1124.636
 31
0.000
  0
LINE
  8
DEV_CONTOUR
  6
CONTINUOUS
 62
     3
 10
1081.685
 20
-1124.636
 30
0.000
 11
1085.232
 21
-1125.832
 31
0.000
  0
LINE
  8
DEV_CONTOUR
  6
CONTINUOUS
 62
     3
 10
1085.232
 20
-1125.832
 30
0.000
 11
1088.778
 21
-1127.013
 31
0.000
  0
LINE
  8
DEV_CONTOUR
  6
CONTINUOUS
 62
     3
 10
1088.778
 20
-1127.013
 30
0.000
 11
1092.325
 21
-1128.178
 31
0.000
  0
LINE
  8
DEV_CONTOUR
  6
CONTINUOUS
 62
     3
 10
1092.325
 20
-1128.178
 30
0.000
 11
1095.871
 21
-1129.328
 31
0.000
  0
LINE
  8
DEV_CONTOUR
  6
CONTINUOUS
 62
     3
 10
1095.871
 20
-1129.328
 30
0.000
 11
1099.418
 21
-1130.461
 31
0.000
  0
LINE
  8
DEV_CONTOUR
  6
CONTINUOUS
 62
     3
 10
1099.418
 20
-1130.461
 30
0.000
 11
1102.964
 21
-1131.578
 31
0.000
  0
LINE
  8
DEV_CONTOUR
  6
CONTINUOUS
 62
     3
 10
1102.964
 20
-1131.578
 30
0.000
 11
1106.511
 21
-1132.679
 31
0.000
  0
LINE
  8
DEV_CONTOUR
  6
CONTINUOUS
 62
     3
 10
1106.511
 20
-1132.679
 30
0.000
 11
1110.057
 21
-1133.762
 31
0.000
  0
LINE
  8
DEV_CONTOUR
  6
CONTINUOUS
 62
     3
 10
1110.057
 20
-1133.762
 30
0.000
 11
1113.604
 21
-1134.827
 31
0.000
  0
LINE
  8
DEV_CONTOUR
  6
CONTINUOUS
 62
     3
 10
1113.604
 20
-1134.827
 30
0.000
 11
1117.150
 21
-1135.875
 31
0.000
  0
LINE
  8
DEV_CONTOUR
  6
CONTINUOUS
 62
     3
 10
1117.150
 20
-1135.875
 30
0.000
 11
1120.697
 21
-1136.905
 31
0.000
  0
LINE
  8
DEV_CONTOUR
  6
CONTINUOUS
 62
     3
 10
1120.697
 20
-1136.905
 30
0.000
 11
1124.243
 21
-1137.916
 31
0.000
  0
LINE
  8
DEV_CONTOUR
  6
CONTINUOUS
 62
     3
 10
1124.243
 20
-1137.916
 30
0.000
 11
1127.790
 21
-1138.908
 31
0.000
  0
LINE
  8
DEV_CONTOUR
  6
CONTINUOUS
 62
     3
 10
1127.790
 20
-1138.908
 30
0.000
 11
1131.336
 21
-1139.882
 31
0.000
  0
LINE
  8
DEV_CONTOUR
  6
CONTINUOUS
 62
     3
 10
1131.336
 20
-1139.882
 30
0.000
 11
1134.883
 21
-1140.836
 31
0.000
  0
LINE
  8
DEV_CONTOUR
  6
CONTINUOUS
 62
     3
 10
1134.883
 20
-1140.836
 30
0.000
 11
1138.429
 21
-1141.770
 31
0.000
  0
LINE
  8
DEV_CONTOUR
  6
CONTINUOUS
 62
     3
 10
1138.429
 20
-1141.770
 30
0.000
 11
1141.976
 21
-1142.684
 31
0.000
  0
LINE
  8
DEV_CONTOUR
  6
CONTINUOUS
 62
     3
 10
1141.976
 20
-1142.684
 30
0.000
 11
1145.522
 21
-1143.579
 31
0.000
  0
LINE
  8
DEV_CONTOUR
  6
CONTINUOUS
 62
     3
 10
1145.522
 20
-1143.579
 30
0.000
 11
1149.069
 21
-1144.453
 31
0.000
  0
LINE
  8
DEV_CONTOUR
  6
CONTINUOUS
 62
     3
 10
1149.069
 20
-1144.453
 30
0.000
 11
1152.615
 21
-1145.306
 31
0.000
  0
LINE
  8
DEV_CONTOUR
  6
CONTINUOUS
 62
     3
 10
1152.615
 20
-1145.306
 30
0.000
 11
1156.162
 21
-1146.138
 31
0.000
  0
LINE
  8
DEV_CONTOUR
  6
CONTINUOUS
 62
     3
 10
1156.162
 20
-1146.138
 30
0.000
 11
1159.708
 21
-1146.948
 31
0.000
  0
LINE
  8
DEV_CONTOUR
  6
CONTINUOUS
 62
     3
 10
1159.708
 20
-1146.948
 30
0.000
 11
1163.255
 21
-1147.738
 31
0.000
  0
LINE
  8
DEV_CONTOUR
  6
CONTINUOUS
 62
     3
 10
1163.255
 20
-1147.738
 30
0.000
 11
1166.801
 21
-1148.505
 31
0.000
  0
LINE
  8
DEV_CONTOUR
  6
CONTINUOUS
 62
     3
 10
1166.801
 20
-1148.505
 30
0.000
 11
1170.348
 21
-1149.251
 31
0.000
  0
LINE
  8
DEV_CONTOUR
  6
CONTINUOUS
 62
     3
 10
1170.348
 20
-1149.251
 30
0.000
 11
1173.894
 21
-1149.974
 31
0.000
  0
LINE
  8
DEV_CONTOUR
  6
CONTINUOUS
 62
     3
 10
1173.894
 20
-1149.974
 30
0.000
 11
1177.441
 21
-1150.675
 31
0.000
  0
LINE
  8
DEV_CONTOUR
  6
CONTINUOUS
 62
     3
 10
1177.441
 20
-1150.675
 30
0.000
 11
1180.988
 21
-1151.353
 31
0.000
  0
LINE
  8
DEV_CONTOUR
  6
CONTINUOUS
 62
     3
 10
1180.988
 20
-1151.353
 30
0.000
 11
1184.534
 21
-1152.009
 31
0.000
  0
LINE
  8
DEV_CONTOUR
  6
CONTINUOUS
 62
     3
 10
1184.534
 20
-1152.009
 30
0.000
 11
1188.081
 21
-1152.641
 31
0.000
  0
LINE
  8
DEV_CONTOUR
  6
CONTINUOUS
 62
     3
 10
1188.081
 20
-1152.641
 30
0.000
 11
1191.627
 21
-1153.250
 31
0.000
  0
LINE
  8
DEV_CONTOUR
  6
CONTINUOUS
 62
     3
 10
1191.627
 20
-1153.250
 30
0.000
 11
1195.174
 21
-1153.836
 31
0.000
  0
LINE
  8
DEV_CONTOUR
  6
CONTINUOUS
 62
     3
 10
1195.174
 20
-1153.836
 30
0.000
 11
1198.720
 21
-1154.398
 31
0.000
  0
LINE
  8
DEV_CONTOUR
  6
CONTINUOUS
 62
     3
 10
1198.720
 20
-1154.398
 30
0.000
 11
1202.267
 21
-1154.937
 31
0.000
  0
LINE
  8
DEV_CONTOUR
  6
CONTINUOUS
 62
     3
 10
1202.267
 20
-1154.937
 30
0.000
 11
1205.813
 21
-1155.451
 31
0.000
  0
LINE
  8
DEV_CONTOUR
  6
CONTINUOUS
 62
     3
 10
1205.813
 20
-1155.451
 30
0.000
 11
1209.360
 21
-1155.942
 31
0.000
  0
LINE
  8
DEV_CONTOUR
  6
CONTINUOUS
 62
     3
 10
1209.360
 20
-1155.942
 30
0.000
 11
1212.906
 21
-1156.408
 31
0.000
  0
LINE
  8
DEV_CONTOUR
  6
CONTINUOUS
 62
     3
 10
1212.906
 20
-1156.408
 30
0.000
 11
1216.453
 21
-1156.849
 31
0.000
  0
LINE
  8
DEV_CONTOUR
  6
CONTINUOUS
 62
     3
 10
1216.453
 20
-1156.849
 30
0.000
 11
1219.999
 21
-1157.267
 31
0.000
  0
LINE
  8
DEV_CONTOUR
  6
CONTINUOUS
 62
     3
 10
1219.999
 20
-1157.267
 30
0.000
 11
1223.546
 21
-1157.659
 31
0.000
  0
LINE
  8
DEV_CONTOUR
  6
CONTINUOUS
 62
     3
 10
1223.546
 20
-1157.659
 30
0.000
 11
1227.092
 21
-1158.027
 31
0.000
  0
LINE
  8
DEV_CONTOUR
  6
CONTINUOUS
 62
     3
 10
1227.092
 20
-1158.027
 30
0.000
 11
1230.639
 21
-1158.370
 31
0.000
  0
LINE
  8
DEV_CONTOUR
  6
CONTINUOUS
 62
     3
 10
1230.639
 20
-1158.370
 30
0.000
 11
1234.185
 21
-1158.688
 31
0.000
  0
LINE
  8
DEV_CONTOUR
  6
CONTINUOUS
 62
     3
 10
1234.185
 20
-1158.688
 30
0.000
 11
1237.732
 21
-1158.981
 31
0.000
  0
LINE
  8
DEV_CONTOUR
  6
CONTINUOUS
 62
     3
 10
1237.732
 20
-1158.981
 30
0.000
 11
1241.278
 21
-1159.249
 31
0.000
  0
LINE
  8
DEV_CONTOUR
  6
CONTINUOUS
 62
     3
 10
1241.278
 20
-1159.249
 30
0.000
 11
1244.825
 21
-1159.491
 31
0.000
  0
LINE
  8
DEV_CONTOUR
  6
CONTINUOUS
 62
     3
 10
1244.825
 20
-1159.491
 30
0.000
 11
1248.371
 21
-1159.708
 31
0.000
  0
LINE
  8
DEV_CONTOUR
  6
CONTINUOUS
 62
     3
 10
1248.371
 20
-1159.708
 30
0.000
 11
1251.918
 21
-1159.900
 31
0.000
  0
LINE
  8
DEV_CONTOUR
  6
CONTINUOUS
 62
     3
 10
1251.918
 20
-1159.900
 30
0.000
 11
1255.464
 21
-1160.066
 31
0.000
  0
LINE
  8
DEV_CONTOUR
  6
CONTINUOUS
 62
     3
 10
1255.464
 20
-1160.066
 30
0.000
 11
1259.011
 21
-1160.207
 31
0.000
  0
LINE
  8
DEV_CONTOUR
  6
CONTINUOUS
 62
     3
 10
1259.011
 20
-1160.207
 30
0.000
 11
1262.557
 21
-1160.322
 31
0.000
  0
LINE
  8
DEV_CONTOUR
  6
CONTINUOUS
 62
     3
 10
1262.557
 20
-1160.322
 30
0.000
 11
1266.104
 21
-1160.412
 31
0.000
  0
LINE
  8
DEV_CONTOUR
  6
CONTINUOUS
 62
     3
 10
1266.104
 20
-1160.412
 30
0.000
 11
1269.650
 21
-1160.476
 31
0.000
  0
LINE
  8
DEV_CONTOUR
  6
CONTINUOUS
 62
     3
 10
1269.650
 20
-1160.476
 30
0.000
 11
1273.197
 21
-1160.514
 31
0.000
  0
LINE
  8
DEV_CONTOUR
  6
CONTINUOUS
 62
     3
 10
1273.197
 20
-1160.514
 30
0.000
 11
1276.743
 21
-1160.527
 31
0.000
  0
LINE
  8
DEV_SOUDURE
  6
CONTINUOUS
 62
     1
 10
0.000
 20
-1328.864
 30
0.000
 11
0.000
 21
-1160.527
 31
0.000
  0
LINE
  8
DEV_SOUDURE
  6
CONTINUOUS
 62
     1
 10
1276.743
 20
-1328.864
 30
0.000
 11
1276.743
 21
-1160.527
 31
0.000
  0
LINE
  8
DEV_CONTOUR
  6
DASHED
 62
     4
 10
0.000
 20
-1244.695
 30
0.000
 11
1276.743
 21
-1244.695
 31
0.000
  0
LINE
  8
DEV_GENERATRICES
  6
CONTINUOUS
 62
     7
 10
0.000
 20
-1328.864
 30
0.000
 11
0.000
 21
-1160.527
 31
0.000
  0
CIRCLE
  8
DEV_POINTS
 62
     6
 10
0.000
 20
-1328.864
 30
0.000
 40
1.000
  0
CIRCLE
  8
DEV_POINTS
 62
     3
 10
0.000
 20
-1160.527
 30
0.000
 40
1.500
  0
CIRCLE
  8
DEV_POINTS
 62
     4
 10
0.000
 20
-1244.695
 30
0.000
 40
1.000
  0
TEXT
  8
DEV_TEXTE
 62
     7
 10
0.000
 20
-1505.200
 30
0.000
 40
3.500
  1
0
  0
TEXT
  8
DEV_COTES
 62
     2
 10
2.000
 20
-1202.611
 30
0.000
 40
3.000
  1
84.2
  0
TEXT
  8
DEV_COTES
 62
     2
 10
2.000
 20
-1286.780
 30
0.000
 40
3.000
  1
84.2
  0
LINE
  8
DEV_GENERATRICES
  6
CONTINUOUS
 62
     7
 10
106.395
 20
-1340.140
 30
0.000
 11
106.395
 21
-1149.251
 31
0.000
  0
CIRCLE
  8
DEV_POINTS
 62
     6
 10
106.395
 20
-1340.140
 30
0.000
 40
1.000
  0
CIRCLE
  8
DEV_POINTS
 62
     3
 10
106.395
 20
-1149.251
 30
0.000
 40
1.500
  0
CIRCLE
  8
DEV_POINTS
 62
     4
 10
106.395
 20
-1244.695
 30
0.000
 40
1.000
  0
TEXT
  8
DEV_TEXTE
 62
     7
 10
106.395
 20
-1505.200
 30
0.000
 40
3.500
  1
1
  0
TEXT
  8
DEV_COTES
 62
     2
 10
108.395
 20
-1196.973
 30
0.000
 40
3.000
  1
95.4
  0
TEXT
  8
DEV_COTES
 62
     2
 10
108.395
 20
-1292.418
 30
0.000
 40
3.000
  1
95.4
  0
LINE
  8
DEV_GENERATRICES
  6
CONTINUOUS
 62
     7
 10
212.791
 20
-1370.948
 30
0.000
 11
212.791
 21
-1118.443
 31
0.000
  0
CIRCLE
  8
DEV_POINTS
 62
     6
 10
212.791
 20
-1370.948
 30
0.000
 40
1.000
  0
CIRCLE
  8
DEV_POINTS
 62
     3
 10
212.791
 20
-1118.443
 30
0.000
 40
1.500
  0
CIRCLE
  8
DEV_POINTS
 62
     4
 10
212.791
 20
-1244.695
 30
0.000
 40
1.000
  0
TEXT
  8
DEV_TEXTE
 62
     7
 10
212.791
 20
-1505.200
 30
0.000
 40
3.500
  1
2
  0
TEXT
  8
DEV_COTES
 62
     2
 10
214.791
 20
-1181.569
 30
0.000
 40
3.000
  1
126.3
  0
TEXT
  8
DEV_COTES
 62
     2
 10
214.791
 20
-1307.822
 30
0.000
 40
3.000
  1
126.3
  0
LINE
  8
DEV_GENERATRICES
  6
CONTINUOUS
 62
     7
 10
319.186
 20
-1413.032
 30
0.000
 11
319.186
 21
-1076.359
 31
0.000
  0
CIRCLE
  8
DEV_POINTS
 62
     6
 10
319.186
 20
-1413.032
 30
0.000
 40
1.000
  0
CIRCLE
  8
DEV_POINTS
 62
     3
 10
319.186
 20
-1076.359
 30
0.000
 40
1.500
  0
CIRCLE
  8
DEV_POINTS
 62
     4
 10
319.186
 20
-1244.695
 30
0.000
 40
1.000
  0
TEXT
  8
DEV_TEXTE
 62
     7
 10
319.186
 20
-1505.200
 30
0.000
 40
3.500
  1
3
  0
TEXT
  8
DEV_COTES
 62
     2
 10
321.186
 20
-1160.527
 30
0.000
 40
3.000
  1
168.3
  0
TEXT
  8
DEV_COTES
 62
     2
 10
321.186
 20
-1328.864
 30
0.000
 40
3.000
  1
168.3
  0
LINE
  8
DEV_GENERATRICES
  6
CONTINUOUS
 62
     7
 10
425.581
 20
-1455.116
 30
0.000
 11
425.581
 21
-1034.275
 31
0.000
  0
CIRCLE
  8
DEV_POINTS
 62
     6
 10
425.581
 20
-1455.116
 30
0.000
 40
1.000
  0
CIRCLE
  8
DEV_POINTS
 62
     3
 10
425.581
 20
-1034.275
 30
0.000
 40
1.500
  0
CIRCLE
  8
DEV_POINTS
 62
     4
 10
425.581
 20
-1244.695
 30
0.000
 40
1.000
  0
TEXT
  8
DEV_TEXTE
 62
     7
 10
425.581
 20
-1505.200
 30
0.000
 40
3.500
  1
4
  0
TEXT
  8
DEV_COTES
 62
     2
 10
427.581
 20
-1139.485
 30
0.000
 40
3.000
  1
210.4
  0
TEXT
  8
DEV_COTES
 62
     2
 10
427.581
 20
-1349.906
 30
0.000
 40
3.000
  1
210.4
  0
LINE
  8
DEV_GENERATRICES
  6
CONTINUOUS
 62
     7
 10
531.976
 20
-1485.924
 30
0.000
 11
531.976
 21
-1003.467
 31
0.000
  0
CIRCLE
  8
DEV_POINTS
 62
     6
 10
531.976
 20
-1485.924
 30
0.000
 40
1.000
  0
CIRCLE
  8
DEV_POINTS
 62
     3
 10
531.976
 20
-1003.467
 30
0.000
 40
1.500
  0
CIRCLE
  8
DEV_POINTS
 62
     4
 10
531.976
 20
-1244.695
 30
0.000
 40
1.000
  0
TEXT
  8
DEV_TEXTE
 62
     7
 10
531.976
 20
-1505.200
 30
0.000
 40
3.500
  1
5
  0
TEXT
  8
DEV_COTES
 62
     2
 10
533.976
 20
-1124.081
 30
0.000
 40
3.000
  1
241.2
  0
TEXT
  8
DEV_COTES
 62
     2
 10
533.976
 20
-1365.310
 30
0.000
 40
3.000
  1
241.2
  0
LINE
  8
DEV_GENERATRICES
  6
CONTINUOUS
 62
     7
 10
638.372
 20
-1497.200
 30
0.000
 11
638.372
 21
-992.191
 31
0.000
  0
CIRCLE
  8
DEV_POINTS
 62
     6
 10
638.372
 20
-1497.200
 30
0.000
 40
1.000
  0
CIRCLE
  8
DEV_POINTS
 62
     3
 10
638.372
 20
-992.191
 30
0.000
 40
1.500
  0
CIRCLE
  8
DEV_POINTS
 62
     4
 10
638.372
 20
-1244.695
 30
0.000
 40
1.000
  0
TEXT
  8
DEV_TEXTE
 62
     7
 10
638.372
 20
-1505.200
 30
0.000
 40
3.500
  1
6
  0
TEXT
  8
DEV_COTES
 62
     2
 10
640.372
 20
-1118.443
 30
0.000
 40
3.000
  1
252.5
  0
TEXT
  8
DEV_COTES
 62
     2
 10
640.372
 20
-1370.948
 30
0.000
 40
3.000
  1
252.5
  0
LINE
  8
DEV_GENERATRICES
  6
CONTINUOUS
 62
     7
 10
744.767
 20
-1485.924
 30
0.000
 11
744.767
 21
-1003.467
 31
0.000
  0
CIRCLE
  8
DEV_POINTS
 62
     6
 10
744.767
 20
-1485.924
 30
0.000
 40
1.000
  0
CIRCLE
  8
DEV_POINTS
 62
     3
 10
744.767
 20
-1003.467
 30
0.000
 40
1.500
  0
CIRCLE
  8
DEV_POINTS
 62
     4
 10
744.767
 20
-1244.695
 30
0.000
 40
1.000
  0
TEXT
  8
DEV_TEXTE
 62
     7
 10
744.767
 20
-1505.200
 30
0.000
 40
3.500
  1
7
  0
TEXT
  8
DEV_COTES
 62
     2
 10
746.767
 20
-1124.081
 30
0.000
 40
3.000
  1
241.2
  0
TEXT
  8
DEV_COTES
 62
     2
 10
746.767
 20
-1365.310
 30
0.000
 40
3.000
  1
241.2
  0
LINE
  8
DEV_GENERATRICES
  6
CONTINUOUS
 62
     7
 10
851.162
 20
-1455.116
 30
0.000
 11
851.162
 21
-1034.275
 31
0.000
  0
CIRCLE
  8
DEV_POINTS
 62
     6
 10
851.162
 20
-1455.116
 30
0.000
 40
1.000
  0
CIRCLE
  8
DEV_POINTS
 62
     3
 10
851.162
 20
-1034.275
 30
0.000
 40
1.500
  0
CIRCLE
  8
DEV_POINTS
 62
     4
 10
851.162
 20
-1244.695
 30
0.000
 40
1.000
  0
TEXT
  8
DEV_TEXTE
 62
     7
 10
851.162
 20
-1505.200
 30
0.000
 40
3.500
  1
8
  0
TEXT
  8
DEV_COTES
 62
     2
 10
853.162
 20
-1139.485
 30
0.000
 40
3.000
  1
210.4
  0
TEXT
  8
DEV_COTES
 62
     2
 10
853.162
 20
-1349.906
 30
0.000
 40
3.000
  1
210.4
  0
LINE
  8
DEV_GENERATRICES
  6
CONTINUOUS
 62
     7
 10
957.557
 20
-1413.032
 30
0.000
 11
957.557
 21
-1076.359
 31
0.000
  0
CIRCLE
  8
DEV_POINTS
 62
     6
 10
957.557
 20
-1413.032
 30
0.000
 40
1.000
  0
CIRCLE
  8
DEV_POINTS
 62
     3
 10
957.557
 20
-1076.359
 30
0.000
 40
1.500
  0
CIRCLE
  8
DEV_POINTS
 62
     4
 10
957.557
 20
-1244.695
 30
0.000
 40
1.000
  0
TEXT
  8
DEV_TEXTE
 62
     7
 10
957.557
 20
-1505.200
 30
0.000
 40
3.500
  1
9
  0
TEXT
  8
DEV_COTES
 62
     2
 10
959.557
 20
-1160.527
 30
0.000
 40
3.000
  1
168.3
  0
TEXT
  8
DEV_COTES
 62
     2
 10
959.557
 20
-1328.864
 30
0.000
 40
3.000
  1
168.3
  0
LINE
  8
DEV_GENERATRICES
  6
CONTINUOUS
 62
     7
 10
1063.953
 20
-1370.948
 30
0.000
 11
1063.953
 21
-1118.443
 31
0.000
  0
CIRCLE
  8
DEV_POINTS
 62
     6
 10
1063.953
 20
-1370.948
 30
0.000
 40
1.000
  0
CIRCLE
  8
DEV_POINTS
 62
     3
 10
1063.953
 20
-1118.443
 30
0.000
 40
1.500
  0
CIRCLE
  8
DEV_POINTS
 62
     4
 10
1063.953
 20
-1244.695
 30
0.000
 40
1.000
  0
TEXT
  8
DEV_TEXTE
 62
     7
 10
1063.953
 20
-1505.200
 30
0.000
 40
3.500
  1
10
  0
TEXT
  8
DEV_COTES
 62
     2
 10
1065.953
 20
-1181.569
 30
0.000
 40
3.000
  1
126.3
  0
TEXT
  8
DEV_COTES
 62
     2
 10
1065.953
 20
-1307.822
 30
0.000
 40
3.000
  1
126.3
  0
LINE
  8
DEV_GENERATRICES
  6
CONTINUOUS
 62
     7
 10
1170.348
 20
-1340.140
 30
0.000
 11
1170.348
 21
-1149.251
 31
0.000
  0
CIRCLE
  8
DEV_POINTS
 62
     6
 10
1170.348
 20
-1340.140
 30
0.000
 40
1.000
  0
CIRCLE
  8
DEV_POINTS
 62
     3
 10
1170.348
 20
-1149.251
 30
0.000
 40
1.500
  0
CIRCLE
  8
DEV_POINTS
 62
     4
 10
1170.348
 20
-1244.695
 30
0.000
 40
1.000
  0
TEXT
  8
DEV_TEXTE
 62
     7
 10
1170.348
 20
-1505.200
 30
0.000
 40
3.500
  1
11
  0
TEXT
  8
DEV_COTES
 62
     2
 10
1172.348
 20
-1196.973
 30
0.000
 40
3.000
  1
95.4
  0
TEXT
  8
DEV_COTES
 62
     2
 10
1172.348
 20
-1292.418
 30
0.000
 40
3.000
  1
95.4
  0
LINE
  8
DEV_GENERATRICES
  6
CONTINUOUS
 62
     7
 10
1276.743
 20
-1328.864
 30
0.000
 11
1276.743
 21
-1160.527
 31
0.000
  0
CIRCLE
  8
DEV_POINTS
 62
     6
 10
1276.743
 20
-1328.864
 30
0.000
 40
1.000
  0
CIRCLE
  8
DEV_POINTS
 62
     3
 10
1276.743
 20
-1160.527
 30
0.000
 40
1.500
  0
CIRCLE
  8
DEV_POINTS
 62
     4
 10
1276.743
 20
-1244.695
 30
0.000
 40
1.000
  0
TEXT
  8
DEV_TEXTE
 62
     7
 10
1276.743
 20
-1505.200
 30
0.000
 40
3.500
  1
12
  0
TEXT
  8
DEV_COTES
 62
     2
 10
1278.743
 20
-1202.611
 30
0.000
 40
3.000
  1
84.2
  0
TEXT
  8
DEV_COTES
 62
     2
 10
1278.743
 20
-1286.780
 30
0.000
 40
3.000
  1
84.2
  0
LINE
  8
DEV_COTES
  6
CONTINUOUS
 62
     2
 10
0.000
 20
-1517.200
 30
0.000
 11
1276.743
 21
-1517.200
 31
0.000
  0
LINE
  8
DEV_COTES
  6
CONTINUOUS
 62
     2
 10
0.000
 20
-1520.200
 30
0.000
 11
0.000
 21
-1514.200
 31
0.000
  0
LINE
  8
DEV_COTES
  6
CONTINUOUS
 62
     2
 10
1276.743
 20
-1520.200
 30
0.000
 11
1276.743
 21
-1514.200
 31
0.000
  0
LINE
  8
DEV_COTES
  6
CONTINUOUS
 62
     2
 10
0.000
 20
-1328.864
 30
0.000
 11
0.000
 21
-1520.200
 31
0.000
  0
LINE
  8
DEV_COTES
  6
CONTINUOUS
 62
     2
 10
1276.743
 20
-1328.864
 30
0.000
 11
1276.743
 21
-1520.200
 31
0.000
  0
TEXT
  8
DEV_COTES
 62
     2
 10
618.372
 20
-1525.200
 30
0.000
 40
4.000
  1
Circ=1276.7mm
  0
LINE
  8
DEV_COTES
  6
CONTINUOUS
 62
     2
 10
0.000
 20
-1535.200
 30
0.000
 11
106.395
 21
-1535.200
 31
0.000
  0
LINE
  8
DEV_COTES
  6
CONTINUOUS
 62
     2
 10
0.000
 20
-1538.200
 30
0.000
 11
0.000
 21
-1532.200
 31
0.000
  0
LINE
  8
DEV_COTES
  6
CONTINUOUS
 62
     2
 10
106.395
 20
-1538.200
 30
0.000
 11
106.395
 21
-1532.200
 31
0.000
  0
TEXT
  8
DEV_COTES
 62
     2
 10
43.198
 20
-1543.200
 30
0.000
 40
3.500
  1
Step=106.4mm
  0
TEXT
  8
DEV_TEXTE
 62
     4
 10
1356.743
 20
-1399.200
 30
0.000
 40
6.000
  1
GENERATOR TABLE
  0
TEXT
  8
DEV_TEXTE
 62
     7
 10
1356.743
 20
-1409.200
 30
0.000
 40
4.000
  1
Gen | X (mm) | Y (mm)
  0
LINE
  8
DEV_TEXTE
  6
CONTINUOUS
 62
     7
 10
1356.743
 20
-1411.200
 30
0.000
 11
1476.743
 21
-1411.200
 31
0.000
  0
TEXT
  8
DEV_TEXTE
 62
     7
 10
1356.743
 20
-1419.200
 30
0.000
 40
3.500
  1
0
  0
TEXT
  8
DEV_TEXTE
 62
     4
 10
1381.743
 20
-1419.200
 30
0.000
 40
3.500
  1
0.0
  0
TEXT
  8
DEV_TEXTE
 62
     2
 10
1426.743
 20
-1419.200
 30
0.000
 40
3.500
  1
84.17
  0
TEXT
  8
DEV_TEXTE
 62
     7
 10
1356.743
 20
-1426.200
 30
0.000
 40
3.500
  1
1
  0
TEXT
  8
DEV_TEXTE
 62
     4
 10
1381.743
 20
-1426.200
 30
0.000
 40
3.500
  1
106.4
  0
TEXT
  8
DEV_TEXTE
 62
     2
 10
1426.743
 20
-1426.200
 30
0.000
 40
3.500
  1
95.44
  0
TEXT
  8
DEV_TEXTE
 62
     7
 10
1356.743
 20
-1433.200
 30
0.000
 40
3.500
  1
2
  0
TEXT
  8
DEV_TEXTE
 62
     4
 10
1381.743
 20
-1433.200
 30
0.000
 40
3.500
  1
212.8
  0
TEXT
  8
DEV_TEXTE
 62
     2
 10
1426.743
 20
-1433.200
 30
0.000
 40
3.500
  1
126.25
  0
TEXT
  8
DEV_TEXTE
 62
     7
 10
1356.743
 20
-1440.200
 30
0.000
 40
3.500
  1
3
  0
TEXT
  8
DEV_TEXTE
 62
     4
 10
1381.743
 20
-1440.200
 30
0.000
 40
3.500
  1
319.2
  0
TEXT
  8
DEV_TEXTE
 62
     2
 10
1426.743
 20
-1440.200
 30
0.000
 40
3.500
  1
168.34
  0
TEXT
  8
DEV_TEXTE
 62
     7
 10
1356.743
 20
-1447.200
 30
0.000
 40
3.500
  1
4
  0
TEXT
  8
DEV_TEXTE
 62
     4
 10
1381.743
 20
-1447.200
 30
0.000
 40
3.500
  1
425.6
  0
TEXT
  8
DEV_TEXTE
 62
     2
 10
1426.743
 20
-1447.200
 30
0.000
 40
3.500
  1
210.42
  0
TEXT
  8
DEV_TEXTE
 62
     7
 10
1356.743
 20
-1454.200
 30
0.000
 40
3.500
  1
5
  0
TEXT
  8
DEV_TEXTE
 62
     4
 10
1381.743
 20
-1454.200
 30
0.000
 40
3.500
  1
532.0
  0
TEXT
  8
DEV_TEXTE
 62
     2
 10
1426.743
 20
-1454.200
 30
0.000
 40
3.500
  1
241.23
  0
TEXT
  8
DEV_TEXTE
 62
     7
 10
1356.743
 20
-1461.200
 30
0.000
 40
3.500
  1
6
  0
TEXT
  8
DEV_TEXTE
 62
     4
 10
1381.743
 20
-1461.200
 30
0.000
 40
3.500
  1
638.4
  0
TEXT
  8
DEV_TEXTE
 62
     2
 10
1426.743
 20
-1461.200
 30
0.000
 40
3.500
  1
252.50
  0
TEXT
  8
DEV_TEXTE
 62
     7
 10
1356.743
 20
-1468.200
 30
0.000
 40
3.500
  1
7
  0
TEXT
  8
DEV_TEXTE
 62
     4
 10
1381.743
 20
-1468.200
 30
0.000
 40
3.500
  1
744.8
  0
TEXT
  8
DEV_TEXTE
 62
     2
 10
1426.743
 20
-1468.200
 30
0.000
 40
3.500
  1
241.23
  0
TEXT
  8
DEV_TEXTE
 62
     7
 10
1356.743
 20
-1475.200
 30
0.000
 40
3.500
  1
8
  0
TEXT
  8
DEV_TEXTE
 62
     4
 10
1381.743
 20
-1475.200
 30
0.000
 40
3.500
  1
851.2
  0
TEXT
  8
DEV_TEXTE
 62
     2
 10
1426.743
 20
-1475.200
 30
0.000
 40
3.500
  1
210.42
  0
TEXT
  8
DEV_TEXTE
 62
     7
 10
1356.743
 20
-1482.200
 30
0.000
 40
3.500
  1
9
  0
TEXT
  8
DEV_TEXTE
 62
     4
 10
1381.743
 20
-1482.200
 30
0.000
 40
3.500
  1
957.6
  0
TEXT
  8
DEV_TEXTE
 62
     2
 10
1426.743
 20
-1482.200
 30
0.000
 40
3.500
  1
168.34
  0
TEXT
  8
DEV_TEXTE
 62
     7
 10
1356.743
 20
-1489.200
 30
0.000
 40
3.500
  1
10
  0
TEXT
  8
DEV_TEXTE
 62
     4
 10
1381.743
 20
-1489.200
 30
0.000
 40
3.500
  1
1064.0
  0
TEXT
  8
DEV_TEXTE
 62
     2
 10
1426.743
 20
-1489.200
 30
0.000
 40
3.500
  1
126.25
  0
TEXT
  8
DEV_TEXTE
 62
     7
 10
1356.743
 20
-1496.200
 30
0.000
 40
3.500
  1
11
  0
TEXT
  8
DEV_TEXTE
 62
     4
 10
1381.743
 20
-1496.200
 30
0.000
 40
3.500
  1
1170.3
  0
TEXT
  8
DEV_TEXTE
 62
     2
 10
1426.743
 20
-1496.200
 30
0.000
 40
3.500
  1
95.44
  0
TEXT
  8
DEV_TEXTE
 62
     7
 10
1356.743
 20
-1503.200
 30
0.000
 40
3.500
  1
12
  0
TEXT
  8
DEV_TEXTE
 62
     4
 10
1381.743
 20
-1503.200
 30
0.000
 40
3.500
  1
1276.7
  0
TEXT
  8
DEV_TEXTE
 62
     2
 10
1426.743
 20
-1503.200
 30
0.000
 40
3.500
  1
84.17
  0
ENDSEC
  0
EOF
